key,sport
wfs:SPORTSTAETTENOGD.16353,basketball
wfs:SPORTSTAETTENOGD.16353,volleyball
wfs:SPORTSTAETTENOGD.16354,football
wfs:SPORTSTAETTENOGD.16354,basketball
wfs:SPORTSTAETTENOGD.16354,fitness
wfs:SPORTSTAETTENOGD.16355,football
wfs:SPORTSTAETTENOGD.16357,football
wfs:SPORTSTAETTENOGD.16357,basketball
wfs:SPORTSTAETTENOGD.16358,tennis
wfs:SPORTSTAETTENOGD.16358,fitness
wfs:SPORTSTAETTENOGD.16359,tennis
wfs:SPORTSTAETTENOGD.16359,fitness
wfs:SPORTSTAETTENOGD.16361,football
wfs:SPORTSTAETTENOGD.16361,basketball
wfs:SPORTSTAETTENOGD.16362,tennis
wfs:SPORTSTAETTENOGD.16362,football
wfs:SPORTSTAETTENOGD.16362,volleyball
wfs:SPORTSTAETTENOGD.16363,tennis
wfs:SPORTSTAETTENOGD.16363,fitness
wfs:SPORTSTAETTENOGD.16365,football
wfs:SPORTSTAETTENOGD.16365,basketball
wfs:SPORTSTAETTENOGD.16366,football
wfs:SPORTSTAETTENOGD.16366,basketball
wfs:SPORTSTAETTENOGD.16367,football
wfs:SPORTSTAETTENOGD.16367,basketball
wfs:SPORTSTAETTENOGD.16368,football
wfs:SPORTSTAETTENOGD.16368,basketball
wfs:SPORTSTAETTENOGD.16369,football
wfs:SPORTSTAETTENOGD.16369,basketball
wfs:SPORTSTAETTENOGD.16370,football
wfs:SPORTSTAETTENOGD.16371,football
wfs:SPORTSTAETTENOGD.16372,football
wfs:SPORTSTAETTENOGD.16372,basketball
wfs:SPORTSTAETTENOGD.16372,volleyball
wfs:SPORTSTAETTENOGD.16372,fitness
wfs:SPORTSTAETTENOGD.16373,volleyball
wfs:SPORTSTAETTENOGD.16375,football
wfs:SPORTSTAETTENOGD.16375,basketball
wfs:SPORTSTAETTENOGD.16380,football
wfs:SPORTSTAETTENOGD.16381,football
wfs:SPORTSTAETTENOGD.16381,basketball
wfs:SPORTSTAETTENOGD.11144,tennis
wfs:SPORTSTAETTENOGD.11145,tennis
wfs:SPORTSTAETTENOGD.11145,football
wfs:SPORTSTAETTENOGD.11147,football
wfs:SPORTSTAETTENOGD.11147,basketball
wfs:SPORTSTAETTENOGD.11147,volleyball
wfs:SPORTSTAETTENOGD.11149,tennis
wfs:SPORTSTAETTENOGD.11149,football
wfs:SPORTSTAETTENOGD.11150,football
wfs:SPORTSTAETTENOGD.11150,basketball
wfs:SPORTSTAETTENOGD.11151,football
wfs:SPORTSTAETTENOGD.11151,basketball
wfs:SPORTSTAETTENOGD.11152,football
wfs:SPORTSTAETTENOGD.11152,basketball
wfs:SPORTSTAETTENOGD.11153,football
wfs:SPORTSTAETTENOGD.11153,basketball
wfs:SPORTSTAETTENOGD.11154,tennis
wfs:SPORTSTAETTENOGD.11155,football
wfs:SPORTSTAETTENOGD.11155,basketball
wfs:SPORTSTAETTENOGD.11156,football
wfs:SPORTSTAETTENOGD.11156,basketball
wfs:SPORTSTAETTENOGD.11157,football
wfs:SPORTSTAETTENOGD.11157,basketball
wfs:SPORTSTAETTENOGD.11158,football
wfs:SPORTSTAETTENOGD.11158,basketball
wfs:SPORTSTAETTENOGD.11159,tennis
wfs:SPORTSTAETTENOGD.11160,tennis
wfs:SPORTSTAETTENOGD.11160,football
wfs:SPORTSTAETTENOGD.11160,basketball
wfs:SPORTSTAETTENOGD.11161,tennis
wfs:SPORTSTAETTENOGD.11161,fitness
wfs:SPORTSTAETTENOGD.11162,football
wfs:SPORTSTAETTENOGD.11164,football
wfs:SPORTSTAETTENOGD.11164,basketball
wfs:SPORTSTAETTENOGD.11165,football
wfs:SPORTSTAETTENOGD.11165,basketball
wfs:SPORTSTAETTENOGD.11166,football
wfs:SPORTSTAETTENOGD.11166,basketball
wfs:SPORTSTAETTENOGD.11167,basketball
wfs:SPORTSTAETTENOGD.11168,football
wfs:SPORTSTAETTENOGD.11168,basketball
wfs:SPORTSTAETTENOGD.11169,football
wfs:SPORTSTAETTENOGD.11169,basketball
wfs:SPORTSTAETTENOGD.11170,fitness
wfs:SPORTSTAETTENOGD.11171,football
wfs:SPORTSTAETTENOGD.11171,basketball
wfs:SPORTSTAETTENOGD.11172,football
wfs:SPORTSTAETTENOGD.11172,basketball
wfs:SPORTSTAETTENOGD.11173,football
wfs:SPORTSTAETTENOGD.11173,basketball
wfs:SPORTSTAETTENOGD.11174,football
wfs:SPORTSTAETTENOGD.11174,basketball
wfs:SPORTSTAETTENOGD.11174,fitness
wfs:SPORTSTAETTENOGD.11175,football
wfs:SPORTSTAETTENOGD.11175,basketball
wfs:SPORTSTAETTENOGD.11175,fitness
wfs:SPORTSTAETTENOGD.11177,football
wfs:SPORTSTAETTENOGD.11177,basketball
wfs:SPORTSTAETTENOGD.11179,football
wfs:SPORTSTAETTENOGD.11179,basketball
wfs:SPORTSTAETTENOGD.11180,football
wfs:SPORTSTAETTENOGD.11180,basketball
wfs:SPORTSTAETTENOGD.11182,football
wfs:SPORTSTAETTENOGD.11182,basketball
wfs:SPORTSTAETTENOGD.11183,football
wfs:SPORTSTAETTENOGD.11183,basketball
wfs:SPORTSTAETTENOGD.11184,tennis
wfs:SPORTSTAETTENOGD.11185,football
wfs:SPORTSTAETTENOGD.11185,basketball
wfs:SPORTSTAETTENOGD.11186,tennis
wfs:SPORTSTAETTENOGD.11186,fitness
wfs:SPORTSTAETTENOGD.11187,football
wfs:SPORTSTAETTENOGD.11188,football
wfs:SPORTSTAETTENOGD.11188,basketball
wfs:SPORTSTAETTENOGD.11189,football
wfs:SPORTSTAETTENOGD.11189,basketball
wfs:SPORTSTAETTENOGD.11190,football
wfs:SPORTSTAETTENOGD.11190,basketball
wfs:SPORTSTAETTENOGD.11191,football
wfs:SPORTSTAETTENOGD.11191,basketball
wfs:SPORTSTAETTENOGD.11192,volleyball
wfs:SPORTSTAETTENOGD.11193,tennis
wfs:SPORTSTAETTENOGD.11193,fitness
wfs:SPORTSTAETTENOGD.11194,tennis
wfs:SPORTSTAETTENOGD.11195,football
wfs:SPORTSTAETTENOGD.11195,basketball
wfs:SPORTSTAETTENOGD.11196,football
wfs:SPORTSTAETTENOGD.11196,basketball
wfs:SPORTSTAETTENOGD.11197,football
wfs:SPORTSTAETTENOGD.11197,basketball
wfs:SPORTSTAETTENOGD.11198,football
wfs:SPORTSTAETTENOGD.11198,basketball
wfs:SPORTSTAETTENOGD.11199,football
wfs:SPORTSTAETTENOGD.11199,basketball
wfs:SPORTSTAETTENOGD.11200,football
wfs:SPORTSTAETTENOGD.11200,basketball
wfs:SPORTSTAETTENOGD.16002,football
wfs:SPORTSTAETTENOGD.16002,basketball
wfs:SPORTSTAETTENOGD.16003,football
wfs:SPORTSTAETTENOGD.16003,basketball
wfs:SPORTSTAETTENOGD.16007,football
wfs:SPORTSTAETTENOGD.16009,football
wfs:SPORTSTAETTENOGD.16009,basketball
wfs:SPORTSTAETTENOGD.16009,volleyball
wfs:SPORTSTAETTENOGD.16009,fitness
wfs:SPORTSTAETTENOGD.16010,football
wfs:SPORTSTAETTENOGD.16010,basketball
wfs:SPORTSTAETTENOGD.16014,football
wfs:SPORTSTAETTENOGD.16014,basketball
wfs:SPORTSTAETTENOGD.16018,tennis
wfs:SPORTSTAETTENOGD.16018,football
wfs:SPORTSTAETTENOGD.16020,football
wfs:SPORTSTAETTENOGD.16020,fitness
wfs:SPORTSTAETTENOGD.16021,football
wfs:SPORTSTAETTENOGD.16021,basketball
wfs:SPORTSTAETTENOGD.16022,football
wfs:SPORTSTAETTENOGD.16022,basketball
wfs:SPORTSTAETTENOGD.16023,tennis
wfs:SPORTSTAETTENOGD.16023,football
wfs:SPORTSTAETTENOGD.16026,football
wfs:SPORTSTAETTENOGD.16026,basketball
wfs:SPORTSTAETTENOGD.16027,football
wfs:SPORTSTAETTENOGD.16027,basketball
wfs:SPORTSTAETTENOGD.16028,football
wfs:SPORTSTAETTENOGD.16028,basketball
wfs:SPORTSTAETTENOGD.16029,tennis
wfs:SPORTSTAETTENOGD.16030,tennis
wfs:SPORTSTAETTENOGD.16030,football
wfs:SPORTSTAETTENOGD.16030,volleyball
wfs:SPORTSTAETTENOGD.16031,football
wfs:SPORTSTAETTENOGD.16032,football
wfs:SPORTSTAETTENOGD.16032,basketball
wfs:SPORTSTAETTENOGD.16033,football
wfs:SPORTSTAETTENOGD.16033,basketball
wfs:SPORTSTAETTENOGD.16034,football
wfs:SPORTSTAETTENOGD.16034,basketball
wfs:SPORTSTAETTENOGD.16035,tennis
wfs:SPORTSTAETTENOGD.16036,tennis
wfs:SPORTSTAETTENOGD.16037,tennis
wfs:SPORTSTAETTENOGD.16037,football
wfs:SPORTSTAETTENOGD.16038,tennis
wfs:SPORTSTAETTENOGD.16039,football
wfs:SPORTSTAETTENOGD.16039,basketball
wfs:SPORTSTAETTENOGD.16040,football
wfs:SPORTSTAETTENOGD.16040,basketball
wfs:SPORTSTAETTENOGD.16040,volleyball
wfs:SPORTSTAETTENOGD.16041,football
wfs:SPORTSTAETTENOGD.16043,football
wfs:SPORTSTAETTENOGD.16044,football
wfs:SPORTSTAETTENOGD.16045,football
wfs:SPORTSTAETTENOGD.16045,basketball
wfs:SPORTSTAETTENOGD.16046,fitness
wfs:SPORTSTAETTENOGD.16047,football
wfs:SPORTSTAETTENOGD.16047,basketball
wfs:SPORTSTAETTENOGD.16048,volleyball
wfs:SPORTSTAETTENOGD.16049,football
wfs:SPORTSTAETTENOGD.16049,basketball
wfs:SPORTSTAETTENOGD.16051,football
wfs:SPORTSTAETTENOGD.16051,basketball
wfs:SPORTSTAETTENOGD.16051,fitness
wfs:SPORTSTAETTENOGD.16052,football
wfs:SPORTSTAETTENOGD.16052,basketball
wfs:SPORTSTAETTENOGD.16053,football
wfs:SPORTSTAETTENOGD.16053,basketball
wfs:SPORTSTAETTENOGD.16053,fitness
wfs:SPORTSTAETTENOGD.16054,football
wfs:SPORTSTAETTENOGD.16055,football
wfs:SPORTSTAETTENOGD.16055,basketball
wfs:SPORTSTAETTENOGD.16056,football
wfs:SPORTSTAETTENOGD.16056,basketball
wfs:SPORTSTAETTENOGD.16057,football
wfs:SPORTSTAETTENOGD.16057,basketball
wfs:SPORTSTAETTENOGD.16062,football
wfs:SPORTSTAETTENOGD.16062,basketball
wfs:SPORTSTAETTENOGD.16063,football
wfs:SPORTSTAETTENOGD.16063,basketball
wfs:SPORTSTAETTENOGD.16064,football
wfs:SPORTSTAETTENOGD.16064,basketball
wfs:SPORTSTAETTENOGD.16065,football
wfs:SPORTSTAETTENOGD.16065,basketball
wfs:SPORTSTAETTENOGD.16066,football
wfs:SPORTSTAETTENOGD.16066,basketball
wfs:SPORTSTAETTENOGD.16067,basketball
wfs:SPORTSTAETTENOGD.16067,volleyball
wfs:SPORTSTAETTENOGD.16068,football
wfs:SPORTSTAETTENOGD.16068,basketball
wfs:SPORTSTAETTENOGD.16069,football
wfs:SPORTSTAETTENOGD.16070,tennis
wfs:SPORTSTAETTENOGD.16070,football
wfs:SPORTSTAETTENOGD.16071,football
wfs:SPORTSTAETTENOGD.16071,basketball
wfs:SPORTSTAETTENOGD.16071,fitness
wfs:SPORTSTAETTENOGD.16072,football
wfs:SPORTSTAETTENOGD.16073,football
wfs:SPORTSTAETTENOGD.16073,basketball
wfs:SPORTSTAETTENOGD.16074,volleyball
wfs:SPORTSTAETTENOGD.16075,tennis
wfs:SPORTSTAETTENOGD.16076,tennis
wfs:SPORTSTAETTENOGD.16077,football
wfs:SPORTSTAETTENOGD.16078,football
wfs:SPORTSTAETTENOGD.16078,basketball
wfs:SPORTSTAETTENOGD.16079,football
wfs:SPORTSTAETTENOGD.16079,basketball
wfs:SPORTSTAETTENOGD.16080,football
wfs:SPORTSTAETTENOGD.16080,basketball
wfs:SPORTSTAETTENOGD.16081,football
wfs:SPORTSTAETTENOGD.16081,basketball
wfs:SPORTSTAETTENOGD.16082,tennis
wfs:SPORTSTAETTENOGD.16083,tennis
wfs:SPORTSTAETTENOGD.16083,football
wfs:SPORTSTAETTENOGD.16084,football
wfs:SPORTSTAETTENOGD.16086,football
wfs:SPORTSTAETTENOGD.16086,basketball
wfs:SPORTSTAETTENOGD.16086,volleyball
wfs:SPORTSTAETTENOGD.16087,football
wfs:SPORTSTAETTENOGD.16088,football
wfs:SPORTSTAETTENOGD.16088,basketball
wfs:SPORTSTAETTENOGD.16088,volleyball
wfs:SPORTSTAETTENOGD.16089,football
wfs:SPORTSTAETTENOGD.16089,basketball
wfs:SPORTSTAETTENOGD.16091,football
wfs:SPORTSTAETTENOGD.16091,basketball
wfs:SPORTSTAETTENOGD.16092,football
wfs:SPORTSTAETTENOGD.16092,basketball
wfs:SPORTSTAETTENOGD.16096,football
wfs:SPORTSTAETTENOGD.16096,basketball
wfs:SPORTSTAETTENOGD.16096,fitness
wfs:SPORTSTAETTENOGD.16097,football
wfs:SPORTSTAETTENOGD.16097,basketball
wfs:SPORTSTAETTENOGD.16098,football
wfs:SPORTSTAETTENOGD.16098,fitness
wfs:SPORTSTAETTENOGD.16099,tennis
wfs:SPORTSTAETTENOGD.16099,football
wfs:SPORTSTAETTENOGD.16099,basketball
wfs:SPORTSTAETTENOGD.16100,football
wfs:SPORTSTAETTENOGD.16100,basketball
wfs:SPORTSTAETTENOGD.16101,football
wfs:SPORTSTAETTENOGD.16101,basketball
wfs:SPORTSTAETTENOGD.16102,football
wfs:SPORTSTAETTENOGD.16102,basketball
wfs:SPORTSTAETTENOGD.16103,football
wfs:SPORTSTAETTENOGD.16103,basketball
wfs:SPORTSTAETTENOGD.16104,football
wfs:SPORTSTAETTENOGD.16104,basketball
wfs:SPORTSTAETTENOGD.16104,fitness
wfs:SPORTSTAETTENOGD.16105,tennis
wfs:SPORTSTAETTENOGD.16106,tennis
wfs:SPORTSTAETTENOGD.16107,football
wfs:SPORTSTAETTENOGD.16107,basketball
wfs:SPORTSTAETTENOGD.16108,football
wfs:SPORTSTAETTENOGD.16109,tennis
wfs:SPORTSTAETTENOGD.16110,football
wfs:SPORTSTAETTENOGD.16110,basketball
wfs:SPORTSTAETTENOGD.16110,fitness
wfs:SPORTSTAETTENOGD.16111,football
wfs:SPORTSTAETTENOGD.16111,basketball
wfs:SPORTSTAETTENOGD.16112,football
wfs:SPORTSTAETTENOGD.16112,basketball
wfs:SPORTSTAETTENOGD.16113,football
wfs:SPORTSTAETTENOGD.16113,basketball
wfs:SPORTSTAETTENOGD.16114,football
wfs:SPORTSTAETTENOGD.16114,basketball
wfs:SPORTSTAETTENOGD.16115,fitness
wfs:SPORTSTAETTENOGD.16116,football
wfs:SPORTSTAETTENOGD.16116,basketball
wfs:SPORTSTAETTENOGD.16118,football
wfs:SPORTSTAETTENOGD.16118,basketball
wfs:SPORTSTAETTENOGD.16119,football
wfs:SPORTSTAETTENOGD.16119,basketball
wfs:SPORTSTAETTENOGD.16120,football
wfs:SPORTSTAETTENOGD.16120,basketball
wfs:SPORTSTAETTENOGD.16121,tennis
wfs:SPORTSTAETTENOGD.16121,football
wfs:SPORTSTAETTENOGD.16122,tennis
wfs:SPORTSTAETTENOGD.16123,tennis
wfs:SPORTSTAETTENOGD.16125,tennis
wfs:SPORTSTAETTENOGD.16126,football
wfs:SPORTSTAETTENOGD.16126,basketball
wfs:SPORTSTAETTENOGD.16126,fitness
wfs:SPORTSTAETTENOGD.16127,football
wfs:SPORTSTAETTENOGD.16127,basketball
wfs:SPORTSTAETTENOGD.16128,tennis
wfs:SPORTSTAETTENOGD.16129,football
wfs:SPORTSTAETTENOGD.16129,basketball
wfs:SPORTSTAETTENOGD.16130,tennis
wfs:SPORTSTAETTENOGD.16130,football
wfs:SPORTSTAETTENOGD.16131,football
wfs:SPORTSTAETTENOGD.16131,basketball
wfs:SPORTSTAETTENOGD.16132,football
wfs:SPORTSTAETTENOGD.16132,basketball
wfs:SPORTSTAETTENOGD.16133,football
wfs:SPORTSTAETTENOGD.16133,basketball
wfs:SPORTSTAETTENOGD.16134,football
wfs:SPORTSTAETTENOGD.16134,basketball
wfs:SPORTSTAETTENOGD.16135,football
wfs:SPORTSTAETTENOGD.16135,basketball
wfs:SPORTSTAETTENOGD.16135,fitness
wfs:SPORTSTAETTENOGD.16136,football
wfs:SPORTSTAETTENOGD.16136,basketball
wfs:SPORTSTAETTENOGD.16137,football
wfs:SPORTSTAETTENOGD.16137,basketball
wfs:SPORTSTAETTENOGD.16138,football
wfs:SPORTSTAETTENOGD.16138,basketball
wfs:SPORTSTAETTENOGD.16139,football
wfs:SPORTSTAETTENOGD.16139,basketball
wfs:SPORTSTAETTENOGD.16140,football
wfs:SPORTSTAETTENOGD.16140,basketball
wfs:SPORTSTAETTENOGD.16141,football
wfs:SPORTSTAETTENOGD.16141,basketball
wfs:SPORTSTAETTENOGD.16141,volleyball
wfs:SPORTSTAETTENOGD.16142,fitness
wfs:SPORTSTAETTENOGD.16143,football
wfs:SPORTSTAETTENOGD.16143,basketball
wfs:SPORTSTAETTENOGD.16146,football
wfs:SPORTSTAETTENOGD.16146,basketball
wfs:SPORTSTAETTENOGD.16146,volleyball
wfs:SPORTSTAETTENOGD.16147,football
wfs:SPORTSTAETTENOGD.16147,basketball
wfs:SPORTSTAETTENOGD.16148,football
wfs:SPORTSTAETTENOGD.16148,basketball
wfs:SPORTSTAETTENOGD.16149,fitness
wfs:SPORTSTAETTENOGD.16150,football
wfs:SPORTSTAETTENOGD.16150,basketball
wfs:SPORTSTAETTENOGD.16151,football
wfs:SPORTSTAETTENOGD.16151,basketball
wfs:SPORTSTAETTENOGD.16152,football
wfs:SPORTSTAETTENOGD.16152,basketball
wfs:SPORTSTAETTENOGD.16153,football
wfs:SPORTSTAETTENOGD.16153,basketball
wfs:SPORTSTAETTENOGD.16153,fitness
wfs:SPORTSTAETTENOGD.16154,football
wfs:SPORTSTAETTENOGD.16154,basketball
wfs:SPORTSTAETTENOGD.16155,football
wfs:SPORTSTAETTENOGD.16155,basketball
wfs:SPORTSTAETTENOGD.16156,football
wfs:SPORTSTAETTENOGD.16156,basketball
wfs:SPORTSTAETTENOGD.16157,football
wfs:SPORTSTAETTENOGD.16157,basketball
wfs:SPORTSTAETTENOGD.16159,tennis
wfs:SPORTSTAETTENOGD.16160,football
wfs:SPORTSTAETTENOGD.16161,football
wfs:SPORTSTAETTENOGD.16161,basketball
wfs:SPORTSTAETTENOGD.16161,volleyball
wfs:SPORTSTAETTENOGD.16163,football
wfs:SPORTSTAETTENOGD.16164,tennis
wfs:SPORTSTAETTENOGD.16164,football
wfs:SPORTSTAETTENOGD.16164,basketball
wfs:SPORTSTAETTENOGD.16164,volleyball
wfs:SPORTSTAETTENOGD.16166,football
wfs:SPORTSTAETTENOGD.16166,basketball
wfs:SPORTSTAETTENOGD.16167,football
wfs:SPORTSTAETTENOGD.16167,basketball
wfs:SPORTSTAETTENOGD.16168,football
wfs:SPORTSTAETTENOGD.16168,basketball
wfs:SPORTSTAETTENOGD.16169,fitness
wfs:SPORTSTAETTENOGD.16170,football
wfs:SPORTSTAETTENOGD.16170,basketball
wfs:SPORTSTAETTENOGD.16171,football
wfs:SPORTSTAETTENOGD.16172,tennis
wfs:SPORTSTAETTENOGD.16172,football
wfs:SPORTSTAETTENOGD.16172,basketball
wfs:SPORTSTAETTENOGD.16173,football
wfs:SPORTSTAETTENOGD.16173,basketball
wfs:SPORTSTAETTENOGD.16174,tennis
wfs:SPORTSTAETTENOGD.16176,football
wfs:SPORTSTAETTENOGD.16176,basketball
wfs:SPORTSTAETTENOGD.16177,football
wfs:SPORTSTAETTENOGD.16178,football
wfs:SPORTSTAETTENOGD.16178,basketball
wfs:SPORTSTAETTENOGD.16179,tennis
wfs:SPORTSTAETTENOGD.16180,football
wfs:SPORTSTAETTENOGD.16180,basketball
wfs:SPORTSTAETTENOGD.16181,football
wfs:SPORTSTAETTENOGD.16181,basketball
wfs:SPORTSTAETTENOGD.16181,fitness
wfs:SPORTSTAETTENOGD.16184,football
wfs:SPORTSTAETTENOGD.16184,basketball
wfs:SPORTSTAETTENOGD.16185,football
wfs:SPORTSTAETTENOGD.16186,tennis
wfs:SPORTSTAETTENOGD.16186,volleyball
wfs:SPORTSTAETTENOGD.16187,football
wfs:SPORTSTAETTENOGD.16187,basketball
wfs:SPORTSTAETTENOGD.16188,football
wfs:SPORTSTAETTENOGD.16188,basketball
wfs:SPORTSTAETTENOGD.16189,football
wfs:SPORTSTAETTENOGD.16189,basketball
wfs:SPORTSTAETTENOGD.16190,football
wfs:SPORTSTAETTENOGD.16190,basketball
wfs:SPORTSTAETTENOGD.16191,football
wfs:SPORTSTAETTENOGD.16191,basketball
wfs:SPORTSTAETTENOGD.16192,football
wfs:SPORTSTAETTENOGD.16192,volleyball
wfs:SPORTSTAETTENOGD.16192,fitness
wfs:SPORTSTAETTENOGD.16193,football
wfs:SPORTSTAETTENOGD.16193,volleyball
wfs:SPORTSTAETTENOGD.16193,fitness
wfs:SPORTSTAETTENOGD.16194,football
wfs:SPORTSTAETTENOGD.16194,basketball
wfs:SPORTSTAETTENOGD.16195,football
wfs:SPORTSTAETTENOGD.16195,basketball
wfs:SPORTSTAETTENOGD.16196,football
wfs:SPORTSTAETTENOGD.16196,basketball
wfs:SPORTSTAETTENOGD.16197,football
wfs:SPORTSTAETTENOGD.16197,basketball
wfs:SPORTSTAETTENOGD.16198,football
wfs:SPORTSTAETTENOGD.16198,basketball
wfs:SPORTSTAETTENOGD.16199,football
wfs:SPORTSTAETTENOGD.16199,basketball
wfs:SPORTSTAETTENOGD.16199,fitness
wfs:SPORTSTAETTENOGD.16200,football
wfs:SPORTSTAETTENOGD.16200,basketball
wfs:SPORTSTAETTENOGD.16201,football
wfs:SPORTSTAETTENOGD.16201,basketball
wfs:SPORTSTAETTENOGD.16202,football
wfs:SPORTSTAETTENOGD.16202,basketball
wfs:SPORTSTAETTENOGD.16203,football
wfs:SPORTSTAETTENOGD.16203,basketball
wfs:SPORTSTAETTENOGD.16204,fitness
wfs:SPORTSTAETTENOGD.16205,football
wfs:SPORTSTAETTENOGD.16206,football
wfs:SPORTSTAETTENOGD.16206,basketball
wfs:SPORTSTAETTENOGD.16207,football
wfs:SPORTSTAETTENOGD.16207,basketball
wfs:SPORTSTAETTENOGD.16208,football
wfs:SPORTSTAETTENOGD.16208,basketball
wfs:SPORTSTAETTENOGD.16209,football
wfs:SPORTSTAETTENOGD.16209,basketball
wfs:SPORTSTAETTENOGD.16210,football
wfs:SPORTSTAETTENOGD.16210,basketball
wfs:SPORTSTAETTENOGD.16211,football
wfs:SPORTSTAETTENOGD.16211,volleyball
wfs:SPORTSTAETTENOGD.16211,fitness
wfs:SPORTSTAETTENOGD.16212,football
wfs:SPORTSTAETTENOGD.16212,basketball
wfs:SPORTSTAETTENOGD.16213,football
wfs:SPORTSTAETTENOGD.16213,basketball
wfs:SPORTSTAETTENOGD.16214,football
wfs:SPORTSTAETTENOGD.16214,basketball
wfs:SPORTSTAETTENOGD.16215,football
wfs:SPORTSTAETTENOGD.16215,basketball
wfs:SPORTSTAETTENOGD.16216,football
wfs:SPORTSTAETTENOGD.16216,basketball
wfs:SPORTSTAETTENOGD.16217,football
wfs:SPORTSTAETTENOGD.16217,basketball
wfs:SPORTSTAETTENOGD.16218,football
wfs:SPORTSTAETTENOGD.16218,basketball
wfs:SPORTSTAETTENOGD.16220,football
wfs:SPORTSTAETTENOGD.16220,basketball
wfs:SPORTSTAETTENOGD.16221,football
wfs:SPORTSTAETTENOGD.16221,basketball
wfs:SPORTSTAETTENOGD.16222,football
wfs:SPORTSTAETTENOGD.16222,basketball
wfs:SPORTSTAETTENOGD.16223,football
wfs:SPORTSTAETTENOGD.16224,football
wfs:SPORTSTAETTENOGD.16225,tennis
wfs:SPORTSTAETTENOGD.16227,fitness
wfs:SPORTSTAETTENOGD.16228,football
wfs:SPORTSTAETTENOGD.16228,basketball
wfs:SPORTSTAETTENOGD.16229,football
wfs:SPORTSTAETTENOGD.16229,basketball
wfs:SPORTSTAETTENOGD.16230,tennis
wfs:SPORTSTAETTENOGD.16230,football
wfs:SPORTSTAETTENOGD.16230,basketball
wfs:SPORTSTAETTENOGD.16230,volleyball
wfs:SPORTSTAETTENOGD.16231,tennis
wfs:SPORTSTAETTENOGD.16231,football
wfs:SPORTSTAETTENOGD.16231,basketball
wfs:SPORTSTAETTENOGD.16232,football
wfs:SPORTSTAETTENOGD.16232,basketball
wfs:SPORTSTAETTENOGD.16233,tennis
wfs:SPORTSTAETTENOGD.16233,football
wfs:SPORTSTAETTENOGD.16233,volleyball
wfs:SPORTSTAETTENOGD.16234,football
wfs:SPORTSTAETTENOGD.16234,basketball
wfs:SPORTSTAETTENOGD.16236,football
wfs:SPORTSTAETTENOGD.16237,football
wfs:SPORTSTAETTENOGD.16237,basketball
wfs:SPORTSTAETTENOGD.16238,football
wfs:SPORTSTAETTENOGD.16238,basketball
wfs:SPORTSTAETTENOGD.16239,football
wfs:SPORTSTAETTENOGD.16239,basketball
wfs:SPORTSTAETTENOGD.16239,volleyball
wfs:SPORTSTAETTENOGD.16240,football
wfs:SPORTSTAETTENOGD.16240,basketball
wfs:SPORTSTAETTENOGD.16241,football
wfs:SPORTSTAETTENOGD.16241,basketball
wfs:SPORTSTAETTENOGD.16242,football
wfs:SPORTSTAETTENOGD.16242,basketball
wfs:SPORTSTAETTENOGD.16242,volleyball
wfs:SPORTSTAETTENOGD.16243,football
wfs:SPORTSTAETTENOGD.16243,basketball
wfs:SPORTSTAETTENOGD.16244,football
wfs:SPORTSTAETTENOGD.16245,football
wfs:SPORTSTAETTENOGD.16245,basketball
wfs:SPORTSTAETTENOGD.16245,volleyball
wfs:SPORTSTAETTENOGD.16247,football
wfs:SPORTSTAETTENOGD.16247,basketball
wfs:SPORTSTAETTENOGD.16248,football
wfs:SPORTSTAETTENOGD.16248,basketball
wfs:SPORTSTAETTENOGD.16249,fitness
wfs:SPORTSTAETTENOGD.16250,football
wfs:SPORTSTAETTENOGD.16250,basketball
wfs:SPORTSTAETTENOGD.16251,tennis
wfs:SPORTSTAETTENOGD.16252,football
wfs:SPORTSTAETTENOGD.16252,basketball
wfs:SPORTSTAETTENOGD.16252,volleyball
wfs:SPORTSTAETTENOGD.16253,tennis
wfs:SPORTSTAETTENOGD.16253,football
wfs:SPORTSTAETTENOGD.16255,fitness
wfs:SPORTSTAETTENOGD.16256,football
wfs:SPORTSTAETTENOGD.16256,basketball
wfs:SPORTSTAETTENOGD.16257,football
wfs:SPORTSTAETTENOGD.16257,basketball
wfs:SPORTSTAETTENOGD.16258,football
wfs:SPORTSTAETTENOGD.16258,basketball
wfs:SPORTSTAETTENOGD.16259,football
wfs:SPORTSTAETTENOGD.16259,basketball
wfs:SPORTSTAETTENOGD.16260,football
wfs:SPORTSTAETTENOGD.16260,basketball
wfs:SPORTSTAETTENOGD.16260,volleyball
wfs:SPORTSTAETTENOGD.16261,football
wfs:SPORTSTAETTENOGD.16261,basketball
wfs:SPORTSTAETTENOGD.16262,football
wfs:SPORTSTAETTENOGD.16262,basketball
wfs:SPORTSTAETTENOGD.16263,football
wfs:SPORTSTAETTENOGD.16263,basketball
wfs:SPORTSTAETTENOGD.16288,football
wfs:SPORTSTAETTENOGD.16288,basketball
wfs:SPORTSTAETTENOGD.16289,tennis
wfs:SPORTSTAETTENOGD.16290,football
wfs:SPORTSTAETTENOGD.16290,basketball
wfs:SPORTSTAETTENOGD.16291,fitness
wfs:SPORTSTAETTENOGD.16293,football
wfs:SPORTSTAETTENOGD.16293,basketball
wfs:SPORTSTAETTENOGD.16264,football
wfs:SPORTSTAETTENOGD.16264,basketball
wfs:SPORTSTAETTENOGD.16265,football
wfs:SPORTSTAETTENOGD.16265,basketball
wfs:SPORTSTAETTENOGD.16266,football
wfs:SPORTSTAETTENOGD.16266,basketball
wfs:SPORTSTAETTENOGD.16267,tennis
wfs:SPORTSTAETTENOGD.16268,basketball
wfs:SPORTSTAETTENOGD.16269,football
wfs:SPORTSTAETTENOGD.16270,football
wfs:SPORTSTAETTENOGD.16270,basketball
wfs:SPORTSTAETTENOGD.16271,football
wfs:SPORTSTAETTENOGD.16271,basketball
wfs:SPORTSTAETTENOGD.16272,football
wfs:SPORTSTAETTENOGD.16272,basketball
wfs:SPORTSTAETTENOGD.16273,football
wfs:SPORTSTAETTENOGD.16273,basketball
wfs:SPORTSTAETTENOGD.16273,fitness
wfs:SPORTSTAETTENOGD.16275,football
wfs:SPORTSTAETTENOGD.16277,tennis
wfs:SPORTSTAETTENOGD.16277,fitness
wfs:SPORTSTAETTENOGD.16278,football
wfs:SPORTSTAETTENOGD.16278,basketball
wfs:SPORTSTAETTENOGD.16278,volleyball
wfs:SPORTSTAETTENOGD.16280,football
wfs:SPORTSTAETTENOGD.16280,basketball
wfs:SPORTSTAETTENOGD.16282,tennis
wfs:SPORTSTAETTENOGD.16282,football
wfs:SPORTSTAETTENOGD.16282,basketball
wfs:SPORTSTAETTENOGD.16284,football
wfs:SPORTSTAETTENOGD.16284,basketball
wfs:SPORTSTAETTENOGD.16285,football
wfs:SPORTSTAETTENOGD.16286,football
wfs:SPORTSTAETTENOGD.16294,football
wfs:SPORTSTAETTENOGD.16294,basketball
wfs:SPORTSTAETTENOGD.16295,football
wfs:SPORTSTAETTENOGD.16295,basketball
wfs:SPORTSTAETTENOGD.16296,football
wfs:SPORTSTAETTENOGD.16296,basketball
wfs:SPORTSTAETTENOGD.16298,football
wfs:SPORTSTAETTENOGD.16299,football
wfs:SPORTSTAETTENOGD.16299,basketball
wfs:SPORTSTAETTENOGD.16300,tennis
wfs:SPORTSTAETTENOGD.16300,football
wfs:SPORTSTAETTENOGD.16301,football
wfs:SPORTSTAETTENOGD.16301,basketball
wfs:SPORTSTAETTENOGD.16302,tennis
wfs:SPORTSTAETTENOGD.16303,fitness
wfs:SPORTSTAETTENOGD.16306,tennis
wfs:SPORTSTAETTENOGD.16306,volleyball
wfs:SPORTSTAETTENOGD.16307,tennis
wfs:SPORTSTAETTENOGD.16308,tennis
wfs:SPORTSTAETTENOGD.16310,fitness
wfs:SPORTSTAETTENOGD.16311,football
wfs:SPORTSTAETTENOGD.16311,basketball
wfs:SPORTSTAETTENOGD.16312,football
wfs:SPORTSTAETTENOGD.16312,basketball
wfs:SPORTSTAETTENOGD.16313,football
wfs:SPORTSTAETTENOGD.16313,basketball
wfs:SPORTSTAETTENOGD.16314,football
wfs:SPORTSTAETTENOGD.16314,basketball
wfs:SPORTSTAETTENOGD.16315,football
wfs:SPORTSTAETTENOGD.16317,football
wfs:SPORTSTAETTENOGD.16317,basketball
wfs:SPORTSTAETTENOGD.16318,football
wfs:SPORTSTAETTENOGD.16318,basketball
wfs:SPORTSTAETTENOGD.16318,volleyball
wfs:SPORTSTAETTENOGD.16319,football
wfs:SPORTSTAETTENOGD.16319,basketball
wfs:SPORTSTAETTENOGD.16320,football
wfs:SPORTSTAETTENOGD.16320,basketball
wfs:SPORTSTAETTENOGD.16321,football
wfs:SPORTSTAETTENOGD.16322,football
wfs:SPORTSTAETTENOGD.16322,basketball
wfs:SPORTSTAETTENOGD.16322,fitness
wfs:SPORTSTAETTENOGD.16323,football
wfs:SPORTSTAETTENOGD.16323,basketball
wfs:SPORTSTAETTENOGD.16324,football
wfs:SPORTSTAETTENOGD.16324,basketball
wfs:SPORTSTAETTENOGD.16325,tennis
wfs:SPORTSTAETTENOGD.16325,fitness
wfs:SPORTSTAETTENOGD.16326,tennis
wfs:SPORTSTAETTENOGD.16327,tennis
wfs:SPORTSTAETTENOGD.16328,football
wfs:SPORTSTAETTENOGD.16329,football
wfs:SPORTSTAETTENOGD.16329,basketball
wfs:SPORTSTAETTENOGD.16329,volleyball
wfs:SPORTSTAETTENOGD.16330,tennis
wfs:SPORTSTAETTENOGD.16330,fitness
wfs:SPORTSTAETTENOGD.16331,tennis
wfs:SPORTSTAETTENOGD.16331,fitness
wfs:SPORTSTAETTENOGD.16332,football
wfs:SPORTSTAETTENOGD.16334,football
wfs:SPORTSTAETTENOGD.16334,basketball
wfs:SPORTSTAETTENOGD.16335,football
wfs:SPORTSTAETTENOGD.16336,tennis
wfs:SPORTSTAETTENOGD.16336,football
wfs:SPORTSTAETTENOGD.16336,volleyball
wfs:SPORTSTAETTENOGD.16336,fitness
wfs:SPORTSTAETTENOGD.16337,football
wfs:SPORTSTAETTENOGD.16337,basketball
wfs:SPORTSTAETTENOGD.16338,volleyball
wfs:SPORTSTAETTENOGD.16339,football
wfs:SPORTSTAETTENOGD.16339,basketball
wfs:SPORTSTAETTENOGD.16340,tennis
wfs:SPORTSTAETTENOGD.16340,football
wfs:SPORTSTAETTENOGD.16342,football
wfs:SPORTSTAETTENOGD.16343,football
wfs:SPORTSTAETTENOGD.16343,basketball
wfs:SPORTSTAETTENOGD.16344,football
wfs:SPORTSTAETTENOGD.16344,basketball
wfs:SPORTSTAETTENOGD.16345,football
wfs:SPORTSTAETTENOGD.16345,basketball
wfs:SPORTSTAETTENOGD.16346,football
wfs:SPORTSTAETTENOGD.16346,basketball
wfs:SPORTSTAETTENOGD.16347,volleyball
wfs:SPORTSTAETTENOGD.16348,football
wfs:SPORTSTAETTENOGD.16349,tennis
wfs:SPORTSTAETTENOGD.16350,football
wfs:SPORTSTAETTENOGD.16350,basketball
wfs:SPORTSTAETTENOGD.16350,volleyball
wfs:SPORTSTAETTENOGD.16351,football
wfs:SPORTSTAETTENOGD.16351,basketball
wfs:SPORTSTAETTENOGD.16841,football
wfs:SPORTSTAETTENOGD.16851,football
wfs:SPORTSTAETTENOGD.16389,tennis
wfs:SPORTSTAETTENOGD.16390,tennis
wfs:SPORTSTAETTENOGD.16390,football
wfs:SPORTSTAETTENOGD.16390,basketball
wfs:SPORTSTAETTENOGD.16391,tennis
wfs:SPORTSTAETTENOGD.16391,football
wfs:SPORTSTAETTENOGD.16391,volleyball
wfs:SPORTSTAETTENOGD.16392,tennis
wfs:SPORTSTAETTENOGD.16392,football
wfs:SPORTSTAETTENOGD.16392,volleyball
wfs:SPORTSTAETTENOGD.16394,fitness
wfs:SPORTSTAETTENOGD.16395,football
wfs:SPORTSTAETTENOGD.16396,tennis
wfs:SPORTSTAETTENOGD.16398,football
wfs:SPORTSTAETTENOGD.16398,basketball
wfs:SPORTSTAETTENOGD.16399,football
wfs:SPORTSTAETTENOGD.16399,basketball
wfs:SPORTSTAETTENOGD.16400,football
wfs:SPORTSTAETTENOGD.16400,volleyball
wfs:SPORTSTAETTENOGD.16404,tennis
wfs:SPORTSTAETTENOGD.16404,swimming
wfs:SPORTSTAETTENOGD.16406,football
wfs:SPORTSTAETTENOGD.16406,basketball
wfs:SPORTSTAETTENOGD.16407,tennis
wfs:SPORTSTAETTENOGD.16408,tennis
wfs:SPORTSTAETTENOGD.16409,tennis
wfs:SPORTSTAETTENOGD.16409,football
wfs:SPORTSTAETTENOGD.16410,football
wfs:SPORTSTAETTENOGD.16410,basketball
wfs:SPORTSTAETTENOGD.16411,football
wfs:SPORTSTAETTENOGD.16411,basketball
wfs:SPORTSTAETTENOGD.16411,volleyball
wfs:SPORTSTAETTENOGD.16412,football
wfs:SPORTSTAETTENOGD.16413,fitness
wfs:SPORTSTAETTENOGD.16422,football
wfs:SPORTSTAETTENOGD.16422,basketball
wfs:SPORTSTAETTENOGD.16422,volleyball
wfs:SPORTSTAETTENOGD.16424,tennis
wfs:SPORTSTAETTENOGD.16425,football
wfs:SPORTSTAETTENOGD.16425,basketball
wfs:SPORTSTAETTENOGD.16426,football
wfs:SPORTSTAETTENOGD.16426,basketball
wfs:SPORTSTAETTENOGD.16427,tennis
wfs:SPORTSTAETTENOGD.16428,football
wfs:SPORTSTAETTENOGD.16428,basketball
wfs:SPORTSTAETTENOGD.16429,football
wfs:SPORTSTAETTENOGD.16429,basketball
wfs:SPORTSTAETTENOGD.16431,football
wfs:SPORTSTAETTENOGD.16431,basketball
wfs:SPORTSTAETTENOGD.16431,fitness
wfs:SPORTSTAETTENOGD.16433,football
wfs:SPORTSTAETTENOGD.16433,basketball
wfs:SPORTSTAETTENOGD.16434,football
wfs:SPORTSTAETTENOGD.16434,basketball
wfs:SPORTSTAETTENOGD.16435,football
wfs:SPORTSTAETTENOGD.16435,basketball
wfs:SPORTSTAETTENOGD.16436,football
wfs:SPORTSTAETTENOGD.16436,basketball
wfs:SPORTSTAETTENOGD.16437,football
wfs:SPORTSTAETTENOGD.16437,basketball
wfs:SPORTSTAETTENOGD.16439,tennis
wfs:SPORTSTAETTENOGD.16439,football
wfs:SPORTSTAETTENOGD.16439,volleyball
wfs:SPORTSTAETTENOGD.16440,football
wfs:SPORTSTAETTENOGD.16440,basketball
wfs:SPORTSTAETTENOGD.16440,volleyball
wfs:SPORTSTAETTENOGD.16441,football
wfs:SPORTSTAETTENOGD.16441,basketball
wfs:SPORTSTAETTENOGD.16442,football
wfs:SPORTSTAETTENOGD.16442,basketball
wfs:SPORTSTAETTENOGD.16443,football
wfs:SPORTSTAETTENOGD.16443,basketball
wfs:SPORTSTAETTENOGD.16444,football
wfs:SPORTSTAETTENOGD.16444,basketball
wfs:SPORTSTAETTENOGD.16445,football
wfs:SPORTSTAETTENOGD.16446,football
wfs:SPORTSTAETTENOGD.16446,basketball
wfs:SPORTSTAETTENOGD.16447,football
wfs:SPORTSTAETTENOGD.16447,basketball
wfs:SPORTSTAETTENOGD.16448,football
wfs:SPORTSTAETTENOGD.16448,basketball
wfs:SPORTSTAETTENOGD.16449,tennis
wfs:SPORTSTAETTENOGD.16449,football
wfs:SPORTSTAETTENOGD.16450,football
wfs:SPORTSTAETTENOGD.16450,basketball
wfs:SPORTSTAETTENOGD.16451,tennis
wfs:SPORTSTAETTENOGD.16451,football
wfs:SPORTSTAETTENOGD.16454,tennis
wfs:SPORTSTAETTENOGD.16455,tennis
wfs:SPORTSTAETTENOGD.16455,volleyball
wfs:SPORTSTAETTENOGD.16456,tennis
wfs:SPORTSTAETTENOGD.16457,tennis
wfs:SPORTSTAETTENOGD.16457,football
wfs:SPORTSTAETTENOGD.16457,basketball
wfs:SPORTSTAETTENOGD.16457,fitness
wfs:SPORTSTAETTENOGD.16458,tennis
wfs:SPORTSTAETTENOGD.16458,football
wfs:SPORTSTAETTENOGD.16458,volleyball
wfs:SPORTSTAETTENOGD.16458,fitness
wfs:SPORTSTAETTENOGD.16459,tennis
wfs:SPORTSTAETTENOGD.16459,fitness
wfs:SPORTSTAETTENOGD.16460,tennis
wfs:SPORTSTAETTENOGD.16460,fitness
wfs:SPORTSTAETTENOGD.16461,football
wfs:SPORTSTAETTENOGD.16461,basketball
wfs:SPORTSTAETTENOGD.16462,fitness
wfs:SPORTSTAETTENOGD.16463,football
wfs:SPORTSTAETTENOGD.16464,football
wfs:SPORTSTAETTENOGD.16464,basketball
wfs:SPORTSTAETTENOGD.16465,volleyball
wfs:SPORTSTAETTENOGD.16466,football
wfs:SPORTSTAETTENOGD.16466,basketball
wfs:SPORTSTAETTENOGD.16467,football
wfs:SPORTSTAETTENOGD.16467,basketball
wfs:SPORTSTAETTENOGD.16469,tennis
wfs:SPORTSTAETTENOGD.16469,volleyball
wfs:SPORTSTAETTENOGD.16470,football
wfs:SPORTSTAETTENOGD.16470,basketball
wfs:SPORTSTAETTENOGD.16471,football
wfs:SPORTSTAETTENOGD.16471,basketball
wfs:SPORTSTAETTENOGD.16472,football
wfs:SPORTSTAETTENOGD.16472,basketball
wfs:SPORTSTAETTENOGD.16473,football
wfs:SPORTSTAETTENOGD.16474,volleyball
wfs:SPORTSTAETTENOGD.16475,tennis
wfs:SPORTSTAETTENOGD.16477,football
wfs:SPORTSTAETTENOGD.16477,basketball
wfs:SPORTSTAETTENOGD.16478,basketball
wfs:SPORTSTAETTENOGD.16478,volleyball
wfs:SPORTSTAETTENOGD.16479,football
wfs:SPORTSTAETTENOGD.16479,basketball
wfs:SPORTSTAETTENOGD.16481,football
wfs:SPORTSTAETTENOGD.16481,basketball
wfs:SPORTSTAETTENOGD.16482,football
wfs:SPORTSTAETTENOGD.16482,basketball
wfs:SPORTSTAETTENOGD.16483,football
wfs:SPORTSTAETTENOGD.16483,basketball
wfs:SPORTSTAETTENOGD.16483,volleyball
wfs:SPORTSTAETTENOGD.16483,fitness
wfs:SPORTSTAETTENOGD.16484,football
wfs:SPORTSTAETTENOGD.16484,basketball
wfs:SPORTSTAETTENOGD.16485,tennis
wfs:SPORTSTAETTENOGD.16485,football
wfs:SPORTSTAETTENOGD.16486,tennis
wfs:SPORTSTAETTENOGD.16487,tennis
wfs:SPORTSTAETTENOGD.16489,football
wfs:SPORTSTAETTENOGD.16490,football
wfs:SPORTSTAETTENOGD.16490,basketball
wfs:SPORTSTAETTENOGD.16491,football
wfs:SPORTSTAETTENOGD.16491,basketball
wfs:SPORTSTAETTENOGD.16491,fitness
wfs:SPORTSTAETTENOGD.16492,football
wfs:SPORTSTAETTENOGD.16492,basketball
wfs:SPORTSTAETTENOGD.16493,tennis
wfs:SPORTSTAETTENOGD.16494,tennis
wfs:SPORTSTAETTENOGD.16495,tennis
wfs:SPORTSTAETTENOGD.16496,football
wfs:SPORTSTAETTENOGD.16496,basketball
wfs:SPORTSTAETTENOGD.16497,football
wfs:SPORTSTAETTENOGD.16497,basketball
wfs:SPORTSTAETTENOGD.16497,volleyball
wfs:SPORTSTAETTENOGD.16497,fitness
wfs:SPORTSTAETTENOGD.16499,football
wfs:SPORTSTAETTENOGD.16499,basketball
wfs:SPORTSTAETTENOGD.16500,football
wfs:SPORTSTAETTENOGD.16500,basketball
wfs:SPORTSTAETTENOGD.16501,football
wfs:SPORTSTAETTENOGD.16501,basketball
wfs:SPORTSTAETTENOGD.16501,volleyball
wfs:SPORTSTAETTENOGD.16503,football
wfs:SPORTSTAETTENOGD.16503,basketball
wfs:SPORTSTAETTENOGD.16504,football
wfs:SPORTSTAETTENOGD.16504,basketball
wfs:SPORTSTAETTENOGD.16505,football
wfs:SPORTSTAETTENOGD.16505,basketball
wfs:SPORTSTAETTENOGD.16505,volleyball
wfs:SPORTSTAETTENOGD.16506,football
wfs:SPORTSTAETTENOGD.16506,basketball
wfs:SPORTSTAETTENOGD.16507,tennis
wfs:SPORTSTAETTENOGD.16508,tennis
wfs:SPORTSTAETTENOGD.16508,fitness
wfs:SPORTSTAETTENOGD.16509,football
wfs:SPORTSTAETTENOGD.16509,basketball
wfs:SPORTSTAETTENOGD.16510,football
wfs:SPORTSTAETTENOGD.16510,basketball
wfs:SPORTSTAETTENOGD.16512,football
wfs:SPORTSTAETTENOGD.16512,basketball
wfs:SPORTSTAETTENOGD.16513,basketball
wfs:SPORTSTAETTENOGD.16513,volleyball
wfs:SPORTSTAETTENOGD.16514,football
wfs:SPORTSTAETTENOGD.16514,basketball
wfs:SPORTSTAETTENOGD.16515,football
wfs:SPORTSTAETTENOGD.16515,basketball
wfs:SPORTSTAETTENOGD.16516,tennis
wfs:SPORTSTAETTENOGD.16516,football
wfs:SPORTSTAETTENOGD.16517,football
wfs:SPORTSTAETTENOGD.16518,swimming
wfs:SPORTSTAETTENOGD.16535,swimming
wfs:SPORTSTAETTENOGD.16541,tennis
wfs:SPORTSTAETTENOGD.16541,volleyball
wfs:SPORTSTAETTENOGD.16541,swimming
wfs:SPORTSTAETTENOGD.16544,tennis
wfs:SPORTSTAETTENOGD.16544,fitness
wfs:SPORTSTAETTENOGD.16546,tennis
wfs:SPORTSTAETTENOGD.16546,football
wfs:SPORTSTAETTENOGD.16547,football
wfs:SPORTSTAETTENOGD.16547,basketball
wfs:SPORTSTAETTENOGD.16549,football
wfs:SPORTSTAETTENOGD.16549,basketball
wfs:SPORTSTAETTENOGD.16550,volleyball
wfs:SPORTSTAETTENOGD.16551,football
wfs:SPORTSTAETTENOGD.16551,fitness
wfs:SPORTSTAETTENOGD.16552,football
wfs:SPORTSTAETTENOGD.16552,basketball
wfs:SPORTSTAETTENOGD.16553,tennis
wfs:SPORTSTAETTENOGD.16554,tennis
wfs:SPORTSTAETTENOGD.16554,fitness
wfs:SPORTSTAETTENOGD.16555,football
wfs:SPORTSTAETTENOGD.16555,basketball
wfs:SPORTSTAETTENOGD.16556,football
wfs:SPORTSTAETTENOGD.16556,basketball
wfs:SPORTSTAETTENOGD.16556,volleyball
wfs:SPORTSTAETTENOGD.16558,football
wfs:SPORTSTAETTENOGD.16558,basketball
wfs:SPORTSTAETTENOGD.16559,football
wfs:SPORTSTAETTENOGD.16559,basketball
wfs:SPORTSTAETTENOGD.16560,football
wfs:SPORTSTAETTENOGD.16560,basketball
wfs:SPORTSTAETTENOGD.16561,tennis
wfs:SPORTSTAETTENOGD.16561,fitness
wfs:SPORTSTAETTENOGD.16563,tennis
wfs:SPORTSTAETTENOGD.16563,football
wfs:SPORTSTAETTENOGD.16563,fitness
wfs:SPORTSTAETTENOGD.16564,football
wfs:SPORTSTAETTENOGD.16564,basketball
wfs:SPORTSTAETTENOGD.16565,football
wfs:SPORTSTAETTENOGD.16565,basketball
wfs:SPORTSTAETTENOGD.16566,football
wfs:SPORTSTAETTENOGD.16566,swimming
wfs:SPORTSTAETTENOGD.16567,football
wfs:SPORTSTAETTENOGD.16567,basketball
wfs:SPORTSTAETTENOGD.16567,volleyball
wfs:SPORTSTAETTENOGD.16567,fitness
wfs:SPORTSTAETTENOGD.16569,football
wfs:SPORTSTAETTENOGD.16569,basketball
wfs:SPORTSTAETTENOGD.16569,volleyball
wfs:SPORTSTAETTENOGD.16572,football
wfs:SPORTSTAETTENOGD.16572,basketball
wfs:SPORTSTAETTENOGD.16573,football
wfs:SPORTSTAETTENOGD.16573,basketball
wfs:SPORTSTAETTENOGD.16574,tennis
wfs:SPORTSTAETTENOGD.16576,football
wfs:SPORTSTAETTENOGD.16576,basketball
wfs:SPORTSTAETTENOGD.16576,volleyball
wfs:SPORTSTAETTENOGD.16577,football
wfs:SPORTSTAETTENOGD.16577,basketball
wfs:SPORTSTAETTENOGD.16578,football
wfs:SPORTSTAETTENOGD.16578,basketball
wfs:SPORTSTAETTENOGD.16580,tennis
wfs:SPORTSTAETTENOGD.16580,football
wfs:SPORTSTAETTENOGD.16582,football
wfs:SPORTSTAETTENOGD.16582,basketball
wfs:SPORTSTAETTENOGD.16583,tennis
wfs:SPORTSTAETTENOGD.16584,football
wfs:SPORTSTAETTENOGD.16584,basketball
wfs:SPORTSTAETTENOGD.16585,football
wfs:SPORTSTAETTENOGD.16585,basketball
wfs:SPORTSTAETTENOGD.16585,volleyball
wfs:SPORTSTAETTENOGD.16586,football
wfs:SPORTSTAETTENOGD.16587,football
wfs:SPORTSTAETTENOGD.16587,basketball
wfs:SPORTSTAETTENOGD.16587,fitness
wfs:SPORTSTAETTENOGD.16588,football
wfs:SPORTSTAETTENOGD.16588,basketball
wfs:SPORTSTAETTENOGD.16590,football
wfs:SPORTSTAETTENOGD.16590,basketball
wfs:SPORTSTAETTENOGD.16592,football
wfs:SPORTSTAETTENOGD.16592,basketball
wfs:SPORTSTAETTENOGD.16592,volleyball
wfs:SPORTSTAETTENOGD.16593,football
wfs:SPORTSTAETTENOGD.16593,basketball
wfs:SPORTSTAETTENOGD.16595,football
wfs:SPORTSTAETTENOGD.16595,basketball
wfs:SPORTSTAETTENOGD.16596,football
wfs:SPORTSTAETTENOGD.16596,basketball
wfs:SPORTSTAETTENOGD.16601,football
wfs:SPORTSTAETTENOGD.16601,volleyball
wfs:SPORTSTAETTENOGD.16601,swimming
wfs:SPORTSTAETTENOGD.16680,football
wfs:SPORTSTAETTENOGD.16681,football
wfs:SPORTSTAETTENOGD.16695,football
wfs:SPORTSTAETTENOGD.16695,basketball
wfs:SPORTSTAETTENOGD.16695,volleyball
wfs:SPORTSTAETTENOGD.16696,football
wfs:SPORTSTAETTENOGD.16734,tennis
wfs:SPORTSTAETTENOGD.16734,swimming
wfs:SPORTSTAETTENOGD.16745,football
wfs:SPORTSTAETTENOGD.16745,swimming
wfs:SPORTSTAETTENOGD.16773,volleyball
wfs:SPORTSTAETTENOGD.16785,volleyball
wfs:SPORTSTAETTENOGD.16788,football
wfs:SPORTSTAETTENOGD.16828,football
wfs:SPORTSTAETTENOGD.16833,football
wfs:SPORTSTAETTENOGD.17327,football
wfs:SPORTSTAETTENOGD.17327,basketball
wfs:SPORTSTAETTENOGD.17328,football
wfs:SPORTSTAETTENOGD.17328,basketball
wfs:SPORTSTAETTENOGD.17330,football
wfs:SPORTSTAETTENOGD.17330,basketball
wfs:SPORTSTAETTENOGD.17331,fitness
wfs:SPORTSTAETTENOGD.17332,football
wfs:SPORTSTAETTENOGD.17332,basketball
wfs:SPORTSTAETTENOGD.17333,football
wfs:SPORTSTAETTENOGD.17333,basketball
wfs:SPORTSTAETTENOGD.17334,swimming
wfs:SPORTSTAETTENOGD.17335,swimming
wfs:SPORTSTAETTENOGD.17336,swimming
wfs:SPORTSTAETTENOGD.17337,swimming
wfs:SPORTSTAETTENOGD.17338,swimming
wfs:SPORTSTAETTENOGD.17339,swimming
wfs:SPORTSTAETTENOGD.17340,swimming
wfs:SPORTSTAETTENOGD.17341,swimming
wfs:SPORTSTAETTENOGD.17342,fitness
wfs:SPORTSTAETTENOGD.17343,tennis
wfs:SPORTSTAETTENOGD.17347,swimming
wfs:SPORTSTAETTENOGD.17348,football
wfs:SPORTSTAETTENOGD.17348,basketball
wfs:SPORTSTAETTENOGD.17349,football
wfs:SPORTSTAETTENOGD.17349,basketball
wfs:SPORTSTAETTENOGD.17349,fitness
wfs:SPORTSTAETTENOGD.17350,football
wfs:SPORTSTAETTENOGD.17350,basketball
wfs:SPORTSTAETTENOGD.17352,fitness
wfs:SPORTSTAETTENOGD.17353,fitness
wfs:SPORTSTAETTENOGD.17354,football
wfs:SPORTSTAETTENOGD.17354,basketball
wfs:SPORTSTAETTENOGD.17355,football
wfs:SPORTSTAETTENOGD.17355,basketball
wfs:SPORTSTAETTENOGD.17356,football
wfs:SPORTSTAETTENOGD.17356,basketball
wfs:SPORTSTAETTENOGD.17357,football
wfs:SPORTSTAETTENOGD.17357,basketball
wfs:SPORTSTAETTENOGD.17358,football
wfs:SPORTSTAETTENOGD.17358,basketball
wfs:SPORTSTAETTENOGD.16917,tennis
wfs:SPORTSTAETTENOGD.16917,football
wfs:SPORTSTAETTENOGD.16917,volleyball
wfs:SPORTSTAETTENOGD.17026,tennis
wfs:SPORTSTAETTENOGD.17058,football
wfs:SPORTSTAETTENOGD.17064,volleyball
wfs:SPORTSTAETTENOGD.17064,swimming
wfs:SPORTSTAETTENOGD.17070,tennis
wfs:SPORTSTAETTENOGD.17071,swimming
wfs:SPORTSTAETTENOGD.17082,tennis
wfs:SPORTSTAETTENOGD.17147,football
wfs:SPORTSTAETTENOGD.17150,volleyball
wfs:SPORTSTAETTENOGD.17154,volleyball
wfs:SPORTSTAETTENOGD.17154,swimming
wfs:SPORTSTAETTENOGD.17192,football
wfs:SPORTSTAETTENOGD.17231,volleyball
wfs:SPORTSTAETTENOGD.17265,football
wfs:SPORTSTAETTENOGD.17271,basketball
wfs:SPORTSTAETTENOGD.17271,volleyball
wfs:SPORTSTAETTENOGD.17291,football
wfs:SPORTSTAETTENOGD.17305,football
wfs:SPORTSTAETTENOGD.17305,basketball
wfs:SPORTSTAETTENOGD.17306,football
wfs:SPORTSTAETTENOGD.17306,basketball
wfs:SPORTSTAETTENOGD.17307,football
wfs:SPORTSTAETTENOGD.17307,basketball
wfs:SPORTSTAETTENOGD.17309,football
wfs:SPORTSTAETTENOGD.17309,basketball
wfs:SPORTSTAETTENOGD.17309,fitness
wfs:SPORTSTAETTENOGD.17310,football
wfs:SPORTSTAETTENOGD.17310,basketball
wfs:SPORTSTAETTENOGD.17311,football
wfs:SPORTSTAETTENOGD.17311,basketball
wfs:SPORTSTAETTENOGD.17311,volleyball
wfs:SPORTSTAETTENOGD.17313,fitness
wfs:SPORTSTAETTENOGD.17314,football
wfs:SPORTSTAETTENOGD.17314,basketball
wfs:SPORTSTAETTENOGD.17315,football
wfs:SPORTSTAETTENOGD.17315,basketball
wfs:SPORTSTAETTENOGD.17316,football
wfs:SPORTSTAETTENOGD.17316,basketball
wfs:SPORTSTAETTENOGD.17317,football
wfs:SPORTSTAETTENOGD.17317,basketball
wfs:SPORTSTAETTENOGD.17318,football
wfs:SPORTSTAETTENOGD.17318,basketball
wfs:SPORTSTAETTENOGD.17319,football
wfs:SPORTSTAETTENOGD.17319,basketball
wfs:SPORTSTAETTENOGD.17319,volleyball
wfs:SPORTSTAETTENOGD.17320,fitness
wfs:SPORTSTAETTENOGD.17321,fitness
wfs:SPORTSTAETTENOGD.17323,fitness
wfs:SPORTSTAETTENOGD.17325,football
wfs:SPORTSTAETTENOGD.17325,basketball
wfs:SPORTSTAETTENOGD.17326,football
wfs:SPORTSTAETTENOGD.17326,basketball
wfs:SPORTSTAETTENOGD.17361,football
wfs:SPORTSTAETTENOGD.17361,basketball
wfs:SPORTSTAETTENOGD.17362,football
wfs:SPORTSTAETTENOGD.17362,basketball
wfs:SPORTSTAETTENOGD.17363,football
wfs:SPORTSTAETTENOGD.17363,basketball
wfs:SPORTSTAETTENOGD.17364,football
wfs:SPORTSTAETTENOGD.17364,basketball
wfs:SPORTSTAETTENOGD.17365,football
wfs:SPORTSTAETTENOGD.17365,basketball
wfs:SPORTSTAETTENOGD.17365,fitness
wfs:SPORTSTAETTENOGD.17366,football
wfs:SPORTSTAETTENOGD.17366,basketball
wfs:SPORTSTAETTENOGD.17366,fitness
wfs:SPORTSTAETTENOGD.17367,swimming
wfs:SPORTSTAETTENOGD.17368,swimming
wfs:SPORTSTAETTENOGD.17369,swimming
wfs:SPORTSTAETTENOGD.17370,volleyball
wfs:SPORTSTAETTENOGD.17401,football
wfs:SPORTSTAETTENOGD.17408,volleyball
wfs:SPORTSTAETTENOGD.17412,football
wfs:SPORTSTAETTENOGD.17417,tennis
wfs:SPORTSTAETTENOGD.17419,tennis
wfs:SPORTSTAETTENOGD.17420,tennis
wfs:SPORTSTAETTENOGD.17423,tennis
wfs:SPORTSTAETTENOGD.17424,football
wfs:SPORTSTAETTENOGD.17424,basketball
wfs:SPORTSTAETTENOGD.17425,fitness
wfs:SPORTSTAETTENOGD.17426,fitness
wfs:SPORTSTAETTENOGD.17427,fitness
wfs:SPORTSTAETTENOGD.17429,football
wfs:SPORTSTAETTENOGD.17429,basketball
wfs:SPORTSTAETTENOGD.17430,fitness
wfs:SPORTSTAETTENOGD.17431,fitness
wfs:SPORTSTAETTENOGD.17432,football
wfs:SPORTSTAETTENOGD.17432,basketball
wfs:SPORTSTAETTENOGD.17432,fitness
wfs:SPORTSTAETTENOGD.17433,fitness
wfs:SPORTSTAETTENOGD.17434,fitness
wfs:SPORTSTAETTENOGD.17435,football
wfs:SPORTSTAETTENOGD.17435,basketball
wfs:SPORTSTAETTENOGD.17435,fitness
wfs:SPORTSTAETTENOGD.17436,football
wfs:SPORTSTAETTENOGD.17436,basketball
wfs:SPORTSTAETTENOGD.17437,football
wfs:SPORTSTAETTENOGD.17437,basketball
wfs:SPORTSTAETTENOGD.17438,fitness
wfs:SPORTSTAETTENOGD.17439,fitness
wfs:SPORTSTAETTENOGD.17440,football
wfs:SPORTSTAETTENOGD.17440,basketball
wfs:SPORTSTAETTENOGD.17441,fitness
wfs:SPORTSTAETTENOGD.17442,fitness
wfs:SPORTSTAETTENOGD.17443,football
wfs:SPORTSTAETTENOGD.17443,basketball
wfs:SPORTSTAETTENOGD.17444,fitness
wfs:SPORTSTAETTENOGD.17445,football
wfs:SPORTSTAETTENOGD.17445,basketball
wfs:SPORTSTAETTENOGD.17448,swimming
wfs:SPORTSTAETTENOGD.17449,football
wfs:SPORTSTAETTENOGD.17449,volleyball
wfs:SPORTSTAETTENOGD.17449,fitness
wfs:SPORTSTAETTENOGD.17449,swimming
wfs:SPORTSTAETTENOGD.17451,volleyball
wfs:SPORTSTAETTENOGD.17451,swimming
wfs:SPORTSTAETTENOGD.17452,swimming
wfs:SPORTSTAETTENOGD.17453,volleyball
wfs:SPORTSTAETTENOGD.17453,swimming
wfs:SPORTSTAETTENOGD.17454,football
wfs:SPORTSTAETTENOGD.17454,swimming
wfs:SPORTSTAETTENOGD.17455,football
wfs:SPORTSTAETTENOGD.17455,volleyball
wfs:SPORTSTAETTENOGD.17456,swimming
wfs:SPORTSTAETTENOGD.17457,volleyball
wfs:SPORTSTAETTENOGD.17457,swimming
wfs:SPORTSTAETTENOGD.17459,volleyball
wfs:SPORTSTAETTENOGD.17459,swimming
wfs:SPORTSTAETTENOGD.17462,volleyball
wfs:SPORTSTAETTENOGD.17463,football
wfs:SPORTSTAETTENOGD.17463,volleyball
wfs:SPORTSTAETTENOGD.17463,swimming
wfs:SPORTSTAETTENOGD.17464,tennis
wfs:SPORTSTAETTENOGD.17464,football
wfs:SPORTSTAETTENOGD.17464,basketball
wfs:SPORTSTAETTENOGD.17464,volleyball
wfs:SPORTSTAETTENOGD.17464,swimming
wfs:SPORTSTAETTENOGD.17465,swimming
wfs:SPORTSTAETTENOGD.17466,basketball
wfs:SPORTSTAETTENOGD.17466,volleyball
wfs:SPORTSTAETTENOGD.17466,fitness
wfs:SPORTSTAETTENOGD.17467,swimming
wfs:SPORTSTAETTENOGD.17468,swimming
wfs:SPORTSTAETTENOGD.17469,swimming
wfs:SPORTSTAETTENOGD.17470,football
wfs:SPORTSTAETTENOGD.17470,basketball
wfs:SPORTSTAETTENOGD.17471,football
wfs:SPORTSTAETTENOGD.17471,basketball
wfs:SPORTSTAETTENOGD.17472,football
wfs:SPORTSTAETTENOGD.17472,basketball
wfs:SPORTSTAETTENOGD.17473,fitness
wfs:SPORTSTAETTENOGD.17474,football
wfs:SPORTSTAETTENOGD.17474,basketball
wfs:SPORTSTAETTENOGD.17475,fitness
wfs:SPORTSTAETTENOGD.17477,football
wfs:SPORTSTAETTENOGD.17477,basketball
wfs:SPORTSTAETTENOGD.17478,football
wfs:SPORTSTAETTENOGD.17478,basketball
wfs:SPORTSTAETTENOGD.17479,basketball
wfs:SPORTSTAETTENOGD.17479,volleyball
wfs:SPORTSTAETTENOGD.17479,swimming
wfs:SPORTSTAETTENOGD.17480,fitness
wfs:SPORTSTAETTENOGD.17480,swimming
wfs:SPORTSTAETTENOGD.17481,volleyball
wfs:SPORTSTAETTENOGD.17481,swimming
wfs:SPORTSTAETTENOGD.17482,fitness
wfs:SPORTSTAETTENOGD.17482,swimming
wfs:SPORTSTAETTENOGD.17483,football
wfs:SPORTSTAETTENOGD.17483,volleyball
wfs:SPORTSTAETTENOGD.17484,swimming
wfs:SPORTSTAETTENOGD.17485,volleyball
wfs:SPORTSTAETTENOGD.17486,volleyball
wfs:SPORTSTAETTENOGD.17486,swimming
wfs:SPIELPLATZPUNKTOGD.2967486,football
wfs:SPIELPLATZPUNKTOGD.2967486,basketball
wfs:SPIELPLATZPUNKTOGD.2967486,volleyball
wfs:SPIELPLATZPUNKTOGD.2967488,fitness
wfs:SPIELPLATZPUNKTOGD.2967489,football
wfs:SPIELPLATZPUNKTOGD.2967491,football
wfs:SPIELPLATZPUNKTOGD.2967492,football
wfs:SPIELPLATZPUNKTOGD.2967492,fitness
wfs:SPIELPLATZPUNKTOGD.2967493,football
wfs:SPIELPLATZPUNKTOGD.2967493,basketball
wfs:SPIELPLATZPUNKTOGD.2967495,football
wfs:SPIELPLATZPUNKTOGD.2967495,basketball
wfs:SPIELPLATZPUNKTOGD.2967495,fitness
wfs:SPIELPLATZPUNKTOGD.2967496,football
wfs:SPIELPLATZPUNKTOGD.2967496,basketball
wfs:SPIELPLATZPUNKTOGD.2967497,fitness
wfs:SPIELPLATZPUNKTOGD.2967499,football
wfs:SPIELPLATZPUNKTOGD.2967500,fitness
wfs:SPIELPLATZPUNKTOGD.2967501,football
wfs:SPIELPLATZPUNKTOGD.2967501,basketball
wfs:SPIELPLATZPUNKTOGD.2967501,volleyball
wfs:SPIELPLATZPUNKTOGD.2967501,fitness
wfs:SPIELPLATZPUNKTOGD.2967503,football
wfs:SPIELPLATZPUNKTOGD.2967503,basketball
wfs:SPIELPLATZPUNKTOGD.2967504,football
wfs:SPIELPLATZPUNKTOGD.2967504,basketball
wfs:SPIELPLATZPUNKTOGD.2967504,volleyball
wfs:SPIELPLATZPUNKTOGD.2967504,fitness
wfs:SPIELPLATZPUNKTOGD.2967505,football
wfs:SPIELPLATZPUNKTOGD.2967508,football
wfs:SPIELPLATZPUNKTOGD.2967508,volleyball
wfs:SPIELPLATZPUNKTOGD.2967508,fitness
wfs:SPIELPLATZPUNKTOGD.2967570,football
wfs:SPIELPLATZPUNKTOGD.2967570,basketball
wfs:SPIELPLATZPUNKTOGD.2967571,football
wfs:SPIELPLATZPUNKTOGD.2967571,basketball
wfs:SPIELPLATZPUNKTOGD.2967571,volleyball
wfs:SPIELPLATZPUNKTOGD.2967575,football
wfs:SPIELPLATZPUNKTOGD.2967575,basketball
wfs:SPIELPLATZPUNKTOGD.2967579,football
wfs:SPIELPLATZPUNKTOGD.2967581,fitness
wfs:SPIELPLATZPUNKTOGD.2967582,basketball
wfs:SPIELPLATZPUNKTOGD.2967582,fitness
wfs:SPIELPLATZPUNKTOGD.2967584,fitness
wfs:SPIELPLATZPUNKTOGD.2967587,fitness
wfs:SPIELPLATZPUNKTOGD.2967591,football
wfs:SPIELPLATZPUNKTOGD.2967591,basketball
wfs:SPIELPLATZPUNKTOGD.2967591,volleyball
wfs:SPIELPLATZPUNKTOGD.2967593,football
wfs:SPIELPLATZPUNKTOGD.2967593,basketball
wfs:SPIELPLATZPUNKTOGD.2967593,fitness
wfs:SPIELPLATZPUNKTOGD.2967596,football
wfs:SPIELPLATZPUNKTOGD.2967596,basketball
wfs:SPIELPLATZPUNKTOGD.2967598,football
wfs:SPIELPLATZPUNKTOGD.2967598,basketball
wfs:SPIELPLATZPUNKTOGD.2967600,fitness
wfs:SPIELPLATZPUNKTOGD.2967602,football
wfs:SPIELPLATZPUNKTOGD.2967602,basketball
wfs:SPIELPLATZPUNKTOGD.2967603,football
wfs:SPIELPLATZPUNKTOGD.2967603,basketball
wfs:SPIELPLATZPUNKTOGD.2967603,volleyball
wfs:SPIELPLATZPUNKTOGD.2967604,football
wfs:SPIELPLATZPUNKTOGD.2967604,basketball
wfs:SPIELPLATZPUNKTOGD.2967606,football
wfs:SPIELPLATZPUNKTOGD.2967607,football
wfs:SPIELPLATZPUNKTOGD.2967608,basketball
wfs:SPIELPLATZPUNKTOGD.2967608,fitness
wfs:SPIELPLATZPUNKTOGD.2967610,football
wfs:SPIELPLATZPUNKTOGD.2967610,basketball
wfs:SPIELPLATZPUNKTOGD.2967611,football
wfs:SPIELPLATZPUNKTOGD.2967611,basketball
wfs:SPIELPLATZPUNKTOGD.2967613,football
wfs:SPIELPLATZPUNKTOGD.2967613,basketball
wfs:SPIELPLATZPUNKTOGD.2967613,fitness
wfs:SPIELPLATZPUNKTOGD.2967616,football
wfs:SPIELPLATZPUNKTOGD.2967617,football
wfs:SPIELPLATZPUNKTOGD.2967617,basketball
wfs:SPIELPLATZPUNKTOGD.2967617,volleyball
wfs:SPIELPLATZPUNKTOGD.2967617,fitness
wfs:SPIELPLATZPUNKTOGD.2967618,volleyball
wfs:SPIELPLATZPUNKTOGD.2967619,football
wfs:SPIELPLATZPUNKTOGD.2967619,basketball
wfs:SPIELPLATZPUNKTOGD.2967620,football
wfs:SPIELPLATZPUNKTOGD.2967620,basketball
wfs:SPIELPLATZPUNKTOGD.2967621,football
wfs:SPIELPLATZPUNKTOGD.2967621,basketball
wfs:SPIELPLATZPUNKTOGD.2967625,fitness
wfs:SPIELPLATZPUNKTOGD.2967626,football
wfs:SPIELPLATZPUNKTOGD.2967626,volleyball
wfs:SPIELPLATZPUNKTOGD.2967629,football
wfs:SPIELPLATZPUNKTOGD.2967629,basketball
wfs:SPIELPLATZPUNKTOGD.2967629,volleyball
wfs:SPIELPLATZPUNKTOGD.2967630,fitness
wfs:SPIELPLATZPUNKTOGD.2967631,football
wfs:SPIELPLATZPUNKTOGD.2967631,basketball
wfs:SPIELPLATZPUNKTOGD.2967631,volleyball
wfs:SPIELPLATZPUNKTOGD.2967631,fitness
wfs:SPIELPLATZPUNKTOGD.2967632,football
wfs:SPIELPLATZPUNKTOGD.2967632,basketball
wfs:SPIELPLATZPUNKTOGD.2967633,football
wfs:SPIELPLATZPUNKTOGD.2967633,basketball
wfs:SPIELPLATZPUNKTOGD.2967633,fitness
wfs:SPIELPLATZPUNKTOGD.2967634,football
wfs:SPIELPLATZPUNKTOGD.2967634,basketball
wfs:SPIELPLATZPUNKTOGD.2967636,fitness
wfs:SPIELPLATZPUNKTOGD.2967639,football
wfs:SPIELPLATZPUNKTOGD.2967639,basketball
wfs:SPIELPLATZPUNKTOGD.2967640,football
wfs:SPIELPLATZPUNKTOGD.2967641,volleyball
wfs:SPIELPLATZPUNKTOGD.2967641,fitness
wfs:SPIELPLATZPUNKTOGD.2967643,football
wfs:SPIELPLATZPUNKTOGD.2967643,basketball
wfs:SPIELPLATZPUNKTOGD.2967645,football
wfs:SPIELPLATZPUNKTOGD.2967645,basketball
wfs:SPIELPLATZPUNKTOGD.2967645,fitness
wfs:SPIELPLATZPUNKTOGD.2967646,basketball
wfs:SPIELPLATZPUNKTOGD.2967648,football
wfs:SPIELPLATZPUNKTOGD.2967649,basketball
wfs:SPIELPLATZPUNKTOGD.2967649,volleyball
wfs:SPIELPLATZPUNKTOGD.2967649,fitness
wfs:SPIELPLATZPUNKTOGD.2967650,football
wfs:SPIELPLATZPUNKTOGD.2967653,football
wfs:SPIELPLATZPUNKTOGD.2967653,basketball
wfs:SPIELPLATZPUNKTOGD.2967653,volleyball
wfs:SPIELPLATZPUNKTOGD.2967653,fitness
wfs:SPIELPLATZPUNKTOGD.2967655,football
wfs:SPIELPLATZPUNKTOGD.2967655,basketball
wfs:SPIELPLATZPUNKTOGD.2967658,football
wfs:SPIELPLATZPUNKTOGD.2967659,football
wfs:SPIELPLATZPUNKTOGD.2967662,football
wfs:SPIELPLATZPUNKTOGD.2967662,basketball
wfs:SPIELPLATZPUNKTOGD.2967664,football
wfs:SPIELPLATZPUNKTOGD.2967666,football
wfs:SPIELPLATZPUNKTOGD.2967667,football
wfs:SPIELPLATZPUNKTOGD.2967667,basketball
wfs:SPIELPLATZPUNKTOGD.2967667,fitness
wfs:SPIELPLATZPUNKTOGD.2967668,football
wfs:SPIELPLATZPUNKTOGD.2967668,basketball
wfs:SPIELPLATZPUNKTOGD.2967669,football
wfs:SPIELPLATZPUNKTOGD.2967669,fitness
wfs:SPIELPLATZPUNKTOGD.2967670,fitness
wfs:SPIELPLATZPUNKTOGD.2967672,football
wfs:SPIELPLATZPUNKTOGD.2967672,basketball
wfs:SPIELPLATZPUNKTOGD.2967672,fitness
wfs:SPIELPLATZPUNKTOGD.2967679,fitness
wfs:SPIELPLATZPUNKTOGD.2967680,basketball
wfs:SPIELPLATZPUNKTOGD.2967681,volleyball
wfs:SPIELPLATZPUNKTOGD.2967681,fitness
wfs:SPIELPLATZPUNKTOGD.2967683,football
wfs:SPIELPLATZPUNKTOGD.2967683,basketball
wfs:SPIELPLATZPUNKTOGD.2967686,football
wfs:SPIELPLATZPUNKTOGD.2967686,basketball
wfs:SPIELPLATZPUNKTOGD.2967686,fitness
wfs:SPIELPLATZPUNKTOGD.2967688,basketball
wfs:SPIELPLATZPUNKTOGD.2967688,volleyball
wfs:SPIELPLATZPUNKTOGD.2967688,fitness
wfs:SPIELPLATZPUNKTOGD.2967689,football
wfs:SPIELPLATZPUNKTOGD.2967689,basketball
wfs:SPIELPLATZPUNKTOGD.2967695,fitness
wfs:SPIELPLATZPUNKTOGD.2967697,football
wfs:SPIELPLATZPUNKTOGD.2967697,volleyball
wfs:SPIELPLATZPUNKTOGD.2967698,football
wfs:SPIELPLATZPUNKTOGD.2967698,basketball
wfs:SPIELPLATZPUNKTOGD.2967698,volleyball
wfs:SPIELPLATZPUNKTOGD.2967700,fitness
wfs:SPIELPLATZPUNKTOGD.2967701,football
wfs:SPIELPLATZPUNKTOGD.2967701,basketball
wfs:SPIELPLATZPUNKTOGD.2967701,volleyball
wfs:SPIELPLATZPUNKTOGD.2967702,basketball
wfs:SPIELPLATZPUNKTOGD.2967702,volleyball
wfs:SPIELPLATZPUNKTOGD.2967702,fitness
wfs:SPIELPLATZPUNKTOGD.2967703,football
wfs:SPIELPLATZPUNKTOGD.2967704,basketball
wfs:SPIELPLATZPUNKTOGD.2967705,fitness
wfs:SPIELPLATZPUNKTOGD.2967706,football
wfs:SPIELPLATZPUNKTOGD.2967706,basketball
wfs:SPIELPLATZPUNKTOGD.2967710,football
wfs:SPIELPLATZPUNKTOGD.2967710,basketball
wfs:SPIELPLATZPUNKTOGD.2967712,football
wfs:SPIELPLATZPUNKTOGD.2967712,basketball
wfs:SPIELPLATZPUNKTOGD.2967712,volleyball
wfs:SPIELPLATZPUNKTOGD.2967713,basketball
wfs:SPIELPLATZPUNKTOGD.2967713,volleyball
wfs:SPIELPLATZPUNKTOGD.2967714,football
wfs:SPIELPLATZPUNKTOGD.2967714,basketball
wfs:SPIELPLATZPUNKTOGD.2967714,volleyball
wfs:SPIELPLATZPUNKTOGD.2967714,fitness
wfs:SPIELPLATZPUNKTOGD.2967715,fitness
wfs:SPIELPLATZPUNKTOGD.2967716,basketball
wfs:SPIELPLATZPUNKTOGD.2967717,basketball
wfs:SPIELPLATZPUNKTOGD.2967718,basketball
wfs:SPIELPLATZPUNKTOGD.2967718,volleyball
wfs:SPIELPLATZPUNKTOGD.2967721,basketball
wfs:SPIELPLATZPUNKTOGD.2967722,basketball
wfs:SPIELPLATZPUNKTOGD.2967722,volleyball
wfs:SPIELPLATZPUNKTOGD.2967723,football
wfs:SPIELPLATZPUNKTOGD.2967723,basketball
wfs:SPIELPLATZPUNKTOGD.2967723,fitness
wfs:SPIELPLATZPUNKTOGD.2967724,basketball
wfs:SPIELPLATZPUNKTOGD.2967725,football
wfs:SPIELPLATZPUNKTOGD.2967725,fitness
wfs:SPIELPLATZPUNKTOGD.2967729,basketball
wfs:SPIELPLATZPUNKTOGD.2967729,volleyball
wfs:SPIELPLATZPUNKTOGD.2967730,volleyball
wfs:SPIELPLATZPUNKTOGD.2967732,fitness
wfs:SPIELPLATZPUNKTOGD.2967734,football
wfs:SPIELPLATZPUNKTOGD.2967734,basketball
wfs:SPIELPLATZPUNKTOGD.2967734,volleyball
wfs:SPIELPLATZPUNKTOGD.2967734,fitness
wfs:SPIELPLATZPUNKTOGD.2967735,football
wfs:SPIELPLATZPUNKTOGD.2967735,basketball
wfs:SPIELPLATZPUNKTOGD.2967737,fitness
wfs:SPIELPLATZPUNKTOGD.2967739,football
wfs:SPIELPLATZPUNKTOGD.2967744,football
wfs:SPIELPLATZPUNKTOGD.2967746,football
wfs:SPIELPLATZPUNKTOGD.2967747,football
wfs:SPIELPLATZPUNKTOGD.2967747,volleyball
wfs:SPIELPLATZPUNKTOGD.2967512,football
wfs:SPIELPLATZPUNKTOGD.2967512,basketball
wfs:SPIELPLATZPUNKTOGD.2967512,volleyball
wfs:SPIELPLATZPUNKTOGD.2967513,fitness
wfs:SPIELPLATZPUNKTOGD.2967516,football
wfs:SPIELPLATZPUNKTOGD.2967522,fitness
wfs:SPIELPLATZPUNKTOGD.2967523,football
wfs:SPIELPLATZPUNKTOGD.2967523,volleyball
wfs:SPIELPLATZPUNKTOGD.2967527,basketball
wfs:SPIELPLATZPUNKTOGD.2967527,volleyball
wfs:SPIELPLATZPUNKTOGD.2967528,football
wfs:SPIELPLATZPUNKTOGD.2967529,fitness
wfs:SPIELPLATZPUNKTOGD.2967531,basketball
wfs:SPIELPLATZPUNKTOGD.2967531,volleyball
wfs:SPIELPLATZPUNKTOGD.2967532,basketball
wfs:SPIELPLATZPUNKTOGD.2967532,fitness
wfs:SPIELPLATZPUNKTOGD.2967534,football
wfs:SPIELPLATZPUNKTOGD.2967536,football
wfs:SPIELPLATZPUNKTOGD.2967536,fitness
wfs:SPIELPLATZPUNKTOGD.2967537,football
wfs:SPIELPLATZPUNKTOGD.2967537,basketball
wfs:SPIELPLATZPUNKTOGD.2967537,volleyball
wfs:SPIELPLATZPUNKTOGD.2967537,fitness
wfs:SPIELPLATZPUNKTOGD.2967539,football
wfs:SPIELPLATZPUNKTOGD.2967539,basketball
wfs:SPIELPLATZPUNKTOGD.2967539,fitness
wfs:SPIELPLATZPUNKTOGD.2967543,football
wfs:SPIELPLATZPUNKTOGD.2967543,basketball
wfs:SPIELPLATZPUNKTOGD.2967543,volleyball
wfs:SPIELPLATZPUNKTOGD.2967543,fitness
wfs:SPIELPLATZPUNKTOGD.2967544,football
wfs:SPIELPLATZPUNKTOGD.2967544,basketball
wfs:SPIELPLATZPUNKTOGD.2967545,volleyball
wfs:SPIELPLATZPUNKTOGD.2967545,fitness
wfs:SPIELPLATZPUNKTOGD.2967552,football
wfs:SPIELPLATZPUNKTOGD.2967552,basketball
wfs:SPIELPLATZPUNKTOGD.2967552,volleyball
wfs:SPIELPLATZPUNKTOGD.2967552,fitness
wfs:SPIELPLATZPUNKTOGD.2967553,football
wfs:SPIELPLATZPUNKTOGD.2967553,basketball
wfs:SPIELPLATZPUNKTOGD.2967553,volleyball
wfs:SPIELPLATZPUNKTOGD.2967556,football
wfs:SPIELPLATZPUNKTOGD.2967556,basketball
wfs:SPIELPLATZPUNKTOGD.2967556,volleyball
wfs:SPIELPLATZPUNKTOGD.2967556,fitness
wfs:SPIELPLATZPUNKTOGD.2967558,basketball
wfs:SPIELPLATZPUNKTOGD.2967560,football
wfs:SPIELPLATZPUNKTOGD.2967560,basketball
wfs:SPIELPLATZPUNKTOGD.2967560,fitness
wfs:SPIELPLATZPUNKTOGD.2967561,football
wfs:SPIELPLATZPUNKTOGD.2967561,basketball
wfs:SPIELPLATZPUNKTOGD.2967562,football
wfs:SPIELPLATZPUNKTOGD.2967562,basketball
wfs:SPIELPLATZPUNKTOGD.2967562,volleyball
wfs:SPIELPLATZPUNKTOGD.2967564,football
wfs:SPIELPLATZPUNKTOGD.2967564,basketball
wfs:SPIELPLATZPUNKTOGD.2967564,fitness
wfs:SPIELPLATZPUNKTOGD.2967565,football
wfs:SPIELPLATZPUNKTOGD.2967569,football
wfs:SPIELPLATZPUNKTOGD.2967569,basketball
wfs:SPIELPLATZPUNKTOGD.2967569,fitness
wfs:SPIELPLATZPUNKTOGD.2967365,basketball
wfs:SPIELPLATZPUNKTOGD.2967368,basketball
wfs:SPIELPLATZPUNKTOGD.2967369,football
wfs:SPIELPLATZPUNKTOGD.2967370,football
wfs:SPIELPLATZPUNKTOGD.2967370,basketball
wfs:SPIELPLATZPUNKTOGD.2967372,football
wfs:SPIELPLATZPUNKTOGD.2967372,basketball
wfs:SPIELPLATZPUNKTOGD.2967373,fitness
wfs:SPIELPLATZPUNKTOGD.2967375,basketball
wfs:SPIELPLATZPUNKTOGD.2967377,basketball
wfs:SPIELPLATZPUNKTOGD.2967377,fitness
wfs:SPIELPLATZPUNKTOGD.2967379,fitness
wfs:SPIELPLATZPUNKTOGD.2967380,football
wfs:SPIELPLATZPUNKTOGD.2967380,basketball
wfs:SPIELPLATZPUNKTOGD.2967380,volleyball
wfs:SPIELPLATZPUNKTOGD.2967380,fitness
wfs:SPIELPLATZPUNKTOGD.2967381,fitness
wfs:SPIELPLATZPUNKTOGD.2967383,football
wfs:SPIELPLATZPUNKTOGD.2967383,basketball
wfs:SPIELPLATZPUNKTOGD.2967383,volleyball
wfs:SPIELPLATZPUNKTOGD.2967383,fitness
wfs:SPIELPLATZPUNKTOGD.2967384,football
wfs:SPIELPLATZPUNKTOGD.2967384,basketball
wfs:SPIELPLATZPUNKTOGD.2967386,football
wfs:SPIELPLATZPUNKTOGD.2967386,basketball
wfs:SPIELPLATZPUNKTOGD.2967387,basketball
wfs:SPIELPLATZPUNKTOGD.2967388,football
wfs:SPIELPLATZPUNKTOGD.2967388,basketball
wfs:SPIELPLATZPUNKTOGD.2967388,volleyball
wfs:SPIELPLATZPUNKTOGD.2967390,football
wfs:SPIELPLATZPUNKTOGD.2967390,fitness
wfs:SPIELPLATZPUNKTOGD.2967392,football
wfs:SPIELPLATZPUNKTOGD.2967393,football
wfs:SPIELPLATZPUNKTOGD.2967393,basketball
wfs:SPIELPLATZPUNKTOGD.2967393,volleyball
wfs:SPIELPLATZPUNKTOGD.2967394,football
wfs:SPIELPLATZPUNKTOGD.2967394,basketball
wfs:SPIELPLATZPUNKTOGD.2967396,football
wfs:SPIELPLATZPUNKTOGD.2967396,basketball
wfs:SPIELPLATZPUNKTOGD.2967396,fitness
wfs:SPIELPLATZPUNKTOGD.2967397,volleyball
wfs:SPIELPLATZPUNKTOGD.2967398,football
wfs:SPIELPLATZPUNKTOGD.2967398,basketball
wfs:SPIELPLATZPUNKTOGD.2967399,football
wfs:SPIELPLATZPUNKTOGD.2967399,basketball
wfs:SPIELPLATZPUNKTOGD.2967399,volleyball
wfs:SPIELPLATZPUNKTOGD.2967400,football
wfs:SPIELPLATZPUNKTOGD.2967401,football
wfs:SPIELPLATZPUNKTOGD.2967401,basketball
wfs:SPIELPLATZPUNKTOGD.2967411,fitness
wfs:SPIELPLATZPUNKTOGD.2967414,football
wfs:SPIELPLATZPUNKTOGD.2967414,basketball
wfs:SPIELPLATZPUNKTOGD.2967416,football
wfs:SPIELPLATZPUNKTOGD.2967416,basketball
wfs:SPIELPLATZPUNKTOGD.2967417,basketball
wfs:SPIELPLATZPUNKTOGD.2967417,fitness
wfs:SPIELPLATZPUNKTOGD.2967424,football
wfs:SPIELPLATZPUNKTOGD.2967424,basketball
wfs:SPIELPLATZPUNKTOGD.2967424,fitness
wfs:SPIELPLATZPUNKTOGD.2967425,fitness
wfs:SPIELPLATZPUNKTOGD.2967426,football
wfs:SPIELPLATZPUNKTOGD.2967431,football
wfs:SPIELPLATZPUNKTOGD.2967431,basketball
wfs:SPIELPLATZPUNKTOGD.2967432,football
wfs:SPIELPLATZPUNKTOGD.2967435,fitness
wfs:SPIELPLATZPUNKTOGD.2967436,fitness
wfs:SPIELPLATZPUNKTOGD.2967437,fitness
wfs:SPIELPLATZPUNKTOGD.2967439,basketball
wfs:SPIELPLATZPUNKTOGD.2967439,fitness
wfs:SPIELPLATZPUNKTOGD.2967440,football
wfs:SPIELPLATZPUNKTOGD.2967443,volleyball
wfs:SPIELPLATZPUNKTOGD.2967443,fitness
wfs:SPIELPLATZPUNKTOGD.2967444,basketball
wfs:SPIELPLATZPUNKTOGD.2967444,volleyball
wfs:SPIELPLATZPUNKTOGD.2967449,football
wfs:SPIELPLATZPUNKTOGD.2967449,basketball
wfs:SPIELPLATZPUNKTOGD.2967450,fitness
wfs:SPIELPLATZPUNKTOGD.2967453,football
wfs:SPIELPLATZPUNKTOGD.2967453,fitness
wfs:SPIELPLATZPUNKTOGD.2967455,fitness
wfs:SPIELPLATZPUNKTOGD.2967458,football
wfs:SPIELPLATZPUNKTOGD.2967458,basketball
wfs:SPIELPLATZPUNKTOGD.2967459,football
wfs:SPIELPLATZPUNKTOGD.2967459,basketball
wfs:SPIELPLATZPUNKTOGD.2967460,fitness
wfs:SPIELPLATZPUNKTOGD.2967464,fitness
wfs:SPIELPLATZPUNKTOGD.2967466,football
wfs:SPIELPLATZPUNKTOGD.2967466,basketball
wfs:SPIELPLATZPUNKTOGD.2967466,fitness
wfs:SPIELPLATZPUNKTOGD.2967468,football
wfs:SPIELPLATZPUNKTOGD.2967468,basketball
wfs:SPIELPLATZPUNKTOGD.2967468,fitness
wfs:SPIELPLATZPUNKTOGD.2967469,fitness
wfs:SPIELPLATZPUNKTOGD.2967470,basketball
wfs:SPIELPLATZPUNKTOGD.2967470,volleyball
wfs:SPIELPLATZPUNKTOGD.2967471,football
wfs:SPIELPLATZPUNKTOGD.2967471,basketball
wfs:SPIELPLATZPUNKTOGD.2967471,volleyball
wfs:SPIELPLATZPUNKTOGD.2967472,basketball
wfs:SPIELPLATZPUNKTOGD.2967473,football
wfs:SPIELPLATZPUNKTOGD.2967473,basketball
wfs:SPIELPLATZPUNKTOGD.2967473,fitness
wfs:SPIELPLATZPUNKTOGD.2967474,football
wfs:SPIELPLATZPUNKTOGD.2967474,basketball
wfs:SPIELPLATZPUNKTOGD.2967474,volleyball
wfs:SPIELPLATZPUNKTOGD.2967475,basketball
wfs:SPIELPLATZPUNKTOGD.2967476,football
wfs:SPIELPLATZPUNKTOGD.2967476,basketball
wfs:SPIELPLATZPUNKTOGD.2967477,fitness
wfs:SPIELPLATZPUNKTOGD.2967478,basketball
wfs:SPIELPLATZPUNKTOGD.2967480,football
wfs:SPIELPLATZPUNKTOGD.2967480,basketball
wfs:SPIELPLATZPUNKTOGD.2967480,volleyball
wfs:SPIELPLATZPUNKTOGD.2967480,fitness
wfs:SPIELPLATZPUNKTOGD.2967877,football
wfs:SPIELPLATZPUNKTOGD.2967877,basketball
wfs:SPIELPLATZPUNKTOGD.2967878,football
wfs:SPIELPLATZPUNKTOGD.2967878,basketball
wfs:SPIELPLATZPUNKTOGD.2967881,fitness
wfs:SPIELPLATZPUNKTOGD.2967883,basketball
wfs:SPIELPLATZPUNKTOGD.2967883,fitness
wfs:SPIELPLATZPUNKTOGD.2967886,fitness
wfs:SPIELPLATZPUNKTOGD.2967887,basketball
wfs:SPIELPLATZPUNKTOGD.2967887,fitness
wfs:SPIELPLATZPUNKTOGD.2967888,football
wfs:SPIELPLATZPUNKTOGD.2967888,basketball
wfs:SPIELPLATZPUNKTOGD.2967889,basketball
wfs:SPIELPLATZPUNKTOGD.2967891,football
wfs:SPIELPLATZPUNKTOGD.2967891,basketball
wfs:SPIELPLATZPUNKTOGD.2967891,volleyball
wfs:SPIELPLATZPUNKTOGD.2967891,fitness
wfs:SPIELPLATZPUNKTOGD.2967894,football
wfs:SPIELPLATZPUNKTOGD.2967895,football
wfs:SPIELPLATZPUNKTOGD.2967897,football
wfs:SPIELPLATZPUNKTOGD.2967897,basketball
wfs:SPIELPLATZPUNKTOGD.2967897,volleyball
wfs:SPIELPLATZPUNKTOGD.2967898,football
wfs:SPIELPLATZPUNKTOGD.2967898,basketball
wfs:SPIELPLATZPUNKTOGD.2967898,fitness
wfs:SPIELPLATZPUNKTOGD.2967899,football
wfs:SPIELPLATZPUNKTOGD.2967900,football
wfs:SPIELPLATZPUNKTOGD.2967901,football
wfs:SPIELPLATZPUNKTOGD.2967901,basketball
wfs:SPIELPLATZPUNKTOGD.2967965,football
wfs:SPIELPLATZPUNKTOGD.2967966,football
wfs:SPIELPLATZPUNKTOGD.2967966,basketball
wfs:SPIELPLATZPUNKTOGD.2967966,volleyball
wfs:SPIELPLATZPUNKTOGD.2967967,football
wfs:SPIELPLATZPUNKTOGD.2967967,basketball
wfs:SPIELPLATZPUNKTOGD.2967972,fitness
wfs:SPIELPLATZPUNKTOGD.2967974,football
wfs:SPIELPLATZPUNKTOGD.2967974,basketball
wfs:SPIELPLATZPUNKTOGD.2967975,football
wfs:SPIELPLATZPUNKTOGD.2967975,basketball
wfs:SPIELPLATZPUNKTOGD.2967979,football
wfs:SPIELPLATZPUNKTOGD.2967979,basketball
wfs:SPIELPLATZPUNKTOGD.2967980,football
wfs:SPIELPLATZPUNKTOGD.2967980,basketball
wfs:SPIELPLATZPUNKTOGD.2967980,volleyball
wfs:SPIELPLATZPUNKTOGD.2967982,fitness
wfs:SPIELPLATZPUNKTOGD.2967983,football
wfs:SPIELPLATZPUNKTOGD.2967983,basketball
wfs:SPIELPLATZPUNKTOGD.2967986,fitness
wfs:SPIELPLATZPUNKTOGD.2967987,fitness
wfs:SPIELPLATZPUNKTOGD.2967990,football
wfs:SPIELPLATZPUNKTOGD.2967990,basketball
wfs:SPIELPLATZPUNKTOGD.2967991,football
wfs:SPIELPLATZPUNKTOGD.2967991,basketball
wfs:SPIELPLATZPUNKTOGD.2967991,volleyball
wfs:SPIELPLATZPUNKTOGD.2967992,football
wfs:SPIELPLATZPUNKTOGD.2967992,basketball
wfs:SPIELPLATZPUNKTOGD.2967992,volleyball
wfs:SPIELPLATZPUNKTOGD.2967992,fitness
wfs:SPIELPLATZPUNKTOGD.2967993,football
wfs:SPIELPLATZPUNKTOGD.2967993,basketball
wfs:SPIELPLATZPUNKTOGD.2967993,fitness
wfs:SPIELPLATZPUNKTOGD.2967994,football
wfs:SPIELPLATZPUNKTOGD.2967994,basketball
wfs:SPIELPLATZPUNKTOGD.2967996,football
wfs:SPIELPLATZPUNKTOGD.2967996,basketball
wfs:SPIELPLATZPUNKTOGD.2967996,volleyball
wfs:SPIELPLATZPUNKTOGD.2967997,football
wfs:SPIELPLATZPUNKTOGD.2968000,football
wfs:SPIELPLATZPUNKTOGD.2968000,basketball
wfs:SPIELPLATZPUNKTOGD.2968002,football
wfs:SPIELPLATZPUNKTOGD.2968002,basketball
wfs:SPIELPLATZPUNKTOGD.2968003,football
wfs:SPIELPLATZPUNKTOGD.2968004,football
wfs:SPIELPLATZPUNKTOGD.2968004,basketball
wfs:SPIELPLATZPUNKTOGD.2968004,volleyball
wfs:SPIELPLATZPUNKTOGD.2968004,fitness
wfs:SPIELPLATZPUNKTOGD.2968005,football
wfs:SPIELPLATZPUNKTOGD.2968005,basketball
wfs:SPIELPLATZPUNKTOGD.2968006,basketball
wfs:SPIELPLATZPUNKTOGD.2968007,football
wfs:SPIELPLATZPUNKTOGD.2968007,basketball
wfs:SPIELPLATZPUNKTOGD.2968008,football
wfs:SPIELPLATZPUNKTOGD.2968008,basketball
wfs:SPIELPLATZPUNKTOGD.2968012,football
wfs:SPIELPLATZPUNKTOGD.2968012,basketball
wfs:SPIELPLATZPUNKTOGD.2968012,volleyball
wfs:SPIELPLATZPUNKTOGD.2968012,fitness
wfs:SPIELPLATZPUNKTOGD.2968013,football
wfs:SPIELPLATZPUNKTOGD.2968013,basketball
wfs:SPIELPLATZPUNKTOGD.2968013,volleyball
wfs:SPIELPLATZPUNKTOGD.2968015,fitness
wfs:SPIELPLATZPUNKTOGD.2968017,basketball
wfs:SPIELPLATZPUNKTOGD.2968019,football
wfs:SPIELPLATZPUNKTOGD.2968019,basketball
wfs:SPIELPLATZPUNKTOGD.2968020,football
wfs:SPIELPLATZPUNKTOGD.2968021,fitness
wfs:SPIELPLATZPUNKTOGD.2968022,football
wfs:SPIELPLATZPUNKTOGD.2968022,basketball
wfs:SPIELPLATZPUNKTOGD.2968023,basketball
wfs:SPIELPLATZPUNKTOGD.2968024,football
wfs:SPIELPLATZPUNKTOGD.2968024,basketball
wfs:SPIELPLATZPUNKTOGD.2968024,volleyball
wfs:SPIELPLATZPUNKTOGD.2968025,fitness
wfs:SPIELPLATZPUNKTOGD.2968027,football
wfs:SPIELPLATZPUNKTOGD.2968027,basketball
wfs:SPIELPLATZPUNKTOGD.2968028,fitness
wfs:SPIELPLATZPUNKTOGD.2968034,football
wfs:SPIELPLATZPUNKTOGD.2968034,basketball
wfs:SPIELPLATZPUNKTOGD.2968034,fitness
wfs:SPIELPLATZPUNKTOGD.2968035,football
wfs:SPIELPLATZPUNKTOGD.2968035,basketball
wfs:SPIELPLATZPUNKTOGD.2968035,volleyball
wfs:SPIELPLATZPUNKTOGD.2968036,football
wfs:SPIELPLATZPUNKTOGD.2968038,football
wfs:SPIELPLATZPUNKTOGD.2968038,basketball
wfs:SPIELPLATZPUNKTOGD.2968041,football
wfs:SPIELPLATZPUNKTOGD.2968041,basketball
wfs:SPIELPLATZPUNKTOGD.2968043,football
wfs:SPIELPLATZPUNKTOGD.2968043,basketball
wfs:SPIELPLATZPUNKTOGD.2968044,football
wfs:SPIELPLATZPUNKTOGD.2968044,basketball
wfs:SPIELPLATZPUNKTOGD.2968044,volleyball
wfs:SPIELPLATZPUNKTOGD.2968046,football
wfs:SPIELPLATZPUNKTOGD.2968046,basketball
wfs:SPIELPLATZPUNKTOGD.2968046,volleyball
wfs:SPIELPLATZPUNKTOGD.2968048,football
wfs:SPIELPLATZPUNKTOGD.2968048,basketball
wfs:SPIELPLATZPUNKTOGD.2968048,volleyball
wfs:SPIELPLATZPUNKTOGD.2968050,basketball
wfs:SPIELPLATZPUNKTOGD.2968052,football
wfs:SPIELPLATZPUNKTOGD.2968052,basketball
wfs:SPIELPLATZPUNKTOGD.2968052,volleyball
wfs:SPIELPLATZPUNKTOGD.2968052,fitness
wfs:SPIELPLATZPUNKTOGD.2968054,football
wfs:SPIELPLATZPUNKTOGD.2968054,basketball
wfs:SPIELPLATZPUNKTOGD.2968054,volleyball
wfs:SPIELPLATZPUNKTOGD.2968055,fitness
wfs:SPIELPLATZPUNKTOGD.2968056,football
wfs:SPIELPLATZPUNKTOGD.2968056,basketball
wfs:SPIELPLATZPUNKTOGD.2968060,football
wfs:SPIELPLATZPUNKTOGD.2968060,basketball
wfs:SPIELPLATZPUNKTOGD.2968060,volleyball
wfs:SPIELPLATZPUNKTOGD.2968061,football
wfs:SPIELPLATZPUNKTOGD.2968061,basketball
wfs:SPIELPLATZPUNKTOGD.2968061,volleyball
wfs:SPIELPLATZPUNKTOGD.2968061,fitness
wfs:SPIELPLATZPUNKTOGD.2968064,football
wfs:SPIELPLATZPUNKTOGD.2968066,football
wfs:SPIELPLATZPUNKTOGD.2968068,football
wfs:SPIELPLATZPUNKTOGD.2968068,volleyball
wfs:SPIELPLATZPUNKTOGD.2968069,football
wfs:SPIELPLATZPUNKTOGD.2968069,basketball
wfs:SPIELPLATZPUNKTOGD.2968070,fitness
wfs:SPIELPLATZPUNKTOGD.2968072,football
wfs:SPIELPLATZPUNKTOGD.2968073,football
wfs:SPIELPLATZPUNKTOGD.2968073,basketball
wfs:SPIELPLATZPUNKTOGD.2968073,fitness
wfs:SPIELPLATZPUNKTOGD.2968076,football
wfs:SPIELPLATZPUNKTOGD.2968076,basketball
wfs:SPIELPLATZPUNKTOGD.2968076,fitness
wfs:SPIELPLATZPUNKTOGD.2968077,football
wfs:SPIELPLATZPUNKTOGD.2968077,basketball
wfs:SPIELPLATZPUNKTOGD.2968080,football
wfs:SPIELPLATZPUNKTOGD.2968080,basketball
wfs:SPIELPLATZPUNKTOGD.2968081,football
wfs:SPIELPLATZPUNKTOGD.2968081,basketball
wfs:SPIELPLATZPUNKTOGD.2968081,volleyball
wfs:SPIELPLATZPUNKTOGD.2968082,football
wfs:SPIELPLATZPUNKTOGD.2968086,football
wfs:SPIELPLATZPUNKTOGD.2968086,basketball
wfs:SPIELPLATZPUNKTOGD.2968088,fitness
wfs:SPIELPLATZPUNKTOGD.2968089,football
wfs:SPIELPLATZPUNKTOGD.2968089,volleyball
wfs:SPIELPLATZPUNKTOGD.2968090,football
wfs:SPIELPLATZPUNKTOGD.2968090,basketball
wfs:SPIELPLATZPUNKTOGD.2968090,fitness
wfs:SPIELPLATZPUNKTOGD.2968095,football
wfs:SPIELPLATZPUNKTOGD.2968095,basketball
wfs:SPIELPLATZPUNKTOGD.2968095,fitness
wfs:SPIELPLATZPUNKTOGD.2968096,football
wfs:SPIELPLATZPUNKTOGD.2968100,fitness
wfs:SPIELPLATZPUNKTOGD.2968101,football
wfs:SPIELPLATZPUNKTOGD.2968101,basketball
wfs:SPIELPLATZPUNKTOGD.2968101,fitness
wfs:SPIELPLATZPUNKTOGD.2968102,football
wfs:SPIELPLATZPUNKTOGD.2968102,basketball
wfs:SPIELPLATZPUNKTOGD.2968103,fitness
wfs:SPIELPLATZPUNKTOGD.2968104,football
wfs:SPIELPLATZPUNKTOGD.2968107,volleyball
wfs:SPIELPLATZPUNKTOGD.2968108,fitness
wfs:SPIELPLATZPUNKTOGD.2968111,football
wfs:SPIELPLATZPUNKTOGD.2968111,basketball
wfs:SPIELPLATZPUNKTOGD.2968111,fitness
wfs:SPIELPLATZPUNKTOGD.2968112,fitness
wfs:SPIELPLATZPUNKTOGD.2968113,football
wfs:SPIELPLATZPUNKTOGD.2968113,basketball
wfs:SPIELPLATZPUNKTOGD.2968113,fitness
wfs:SPIELPLATZPUNKTOGD.2968114,football
wfs:SPIELPLATZPUNKTOGD.2968117,basketball
wfs:SPIELPLATZPUNKTOGD.2968119,football
wfs:SPIELPLATZPUNKTOGD.2968119,basketball
wfs:SPIELPLATZPUNKTOGD.2968119,fitness
wfs:SPIELPLATZPUNKTOGD.2968120,football
wfs:SPIELPLATZPUNKTOGD.2968120,basketball
wfs:SPIELPLATZPUNKTOGD.2968124,fitness
wfs:SPIELPLATZPUNKTOGD.2968126,football
wfs:SPIELPLATZPUNKTOGD.2968126,basketball
wfs:SPIELPLATZPUNKTOGD.2968127,football
wfs:SPIELPLATZPUNKTOGD.2968127,basketball
wfs:SPIELPLATZPUNKTOGD.2968128,volleyball
wfs:SPIELPLATZPUNKTOGD.2968132,fitness
wfs:SPIELPLATZPUNKTOGD.2967906,basketball
wfs:SPIELPLATZPUNKTOGD.2967908,football
wfs:SPIELPLATZPUNKTOGD.2967908,volleyball
wfs:SPIELPLATZPUNKTOGD.2967912,football
wfs:SPIELPLATZPUNKTOGD.2967912,basketball
wfs:SPIELPLATZPUNKTOGD.2967912,volleyball
wfs:SPIELPLATZPUNKTOGD.2967915,fitness
wfs:SPIELPLATZPUNKTOGD.2967917,basketball
wfs:SPIELPLATZPUNKTOGD.2967920,basketball
wfs:SPIELPLATZPUNKTOGD.2967921,football
wfs:SPIELPLATZPUNKTOGD.2967921,basketball
wfs:SPIELPLATZPUNKTOGD.2967922,football
wfs:SPIELPLATZPUNKTOGD.2967925,football
wfs:SPIELPLATZPUNKTOGD.2967925,basketball
wfs:SPIELPLATZPUNKTOGD.2967925,volleyball
wfs:SPIELPLATZPUNKTOGD.2967926,volleyball
wfs:SPIELPLATZPUNKTOGD.2967926,fitness
wfs:SPIELPLATZPUNKTOGD.2967928,football
wfs:SPIELPLATZPUNKTOGD.2967928,basketball
wfs:SPIELPLATZPUNKTOGD.2967928,fitness
wfs:SPIELPLATZPUNKTOGD.2967929,football
wfs:SPIELPLATZPUNKTOGD.2967929,basketball
wfs:SPIELPLATZPUNKTOGD.2967930,fitness
wfs:SPIELPLATZPUNKTOGD.2967931,football
wfs:SPIELPLATZPUNKTOGD.2967931,basketball
wfs:SPIELPLATZPUNKTOGD.2967931,fitness
wfs:SPIELPLATZPUNKTOGD.2967934,basketball
wfs:SPIELPLATZPUNKTOGD.2967934,volleyball
wfs:SPIELPLATZPUNKTOGD.2967935,football
wfs:SPIELPLATZPUNKTOGD.2967935,basketball
wfs:SPIELPLATZPUNKTOGD.2967936,basketball
wfs:SPIELPLATZPUNKTOGD.2967938,football
wfs:SPIELPLATZPUNKTOGD.2967938,basketball
wfs:SPIELPLATZPUNKTOGD.2967939,football
wfs:SPIELPLATZPUNKTOGD.2967939,basketball
wfs:SPIELPLATZPUNKTOGD.2967939,volleyball
wfs:SPIELPLATZPUNKTOGD.2967942,football
wfs:SPIELPLATZPUNKTOGD.2967942,fitness
wfs:SPIELPLATZPUNKTOGD.2967948,football
wfs:SPIELPLATZPUNKTOGD.2967949,volleyball
wfs:SPIELPLATZPUNKTOGD.2967953,football
wfs:SPIELPLATZPUNKTOGD.2967953,basketball
wfs:SPIELPLATZPUNKTOGD.2967953,volleyball
wfs:SPIELPLATZPUNKTOGD.2967953,fitness
wfs:SPIELPLATZPUNKTOGD.2967954,basketball
wfs:SPIELPLATZPUNKTOGD.2967958,fitness
wfs:SPIELPLATZPUNKTOGD.2967960,basketball
wfs:SPIELPLATZPUNKTOGD.2967960,volleyball
wfs:SPIELPLATZPUNKTOGD.2967961,football
wfs:SPIELPLATZPUNKTOGD.2967749,football
wfs:SPIELPLATZPUNKTOGD.2967749,basketball
wfs:SPIELPLATZPUNKTOGD.2967751,football
wfs:SPIELPLATZPUNKTOGD.2967751,basketball
wfs:SPIELPLATZPUNKTOGD.2967754,football
wfs:SPIELPLATZPUNKTOGD.2967754,basketball
wfs:SPIELPLATZPUNKTOGD.2967755,fitness
wfs:SPIELPLATZPUNKTOGD.2967756,football
wfs:SPIELPLATZPUNKTOGD.2967758,football
wfs:SPIELPLATZPUNKTOGD.2967758,basketball
wfs:SPIELPLATZPUNKTOGD.2967759,football
wfs:SPIELPLATZPUNKTOGD.2967759,basketball
wfs:SPIELPLATZPUNKTOGD.2967760,fitness
wfs:SPIELPLATZPUNKTOGD.2967761,football
wfs:SPIELPLATZPUNKTOGD.2967761,volleyball
wfs:SPIELPLATZPUNKTOGD.2967762,football
wfs:SPIELPLATZPUNKTOGD.2967768,football
wfs:SPIELPLATZPUNKTOGD.2967768,basketball
wfs:SPIELPLATZPUNKTOGD.2967770,football
wfs:SPIELPLATZPUNKTOGD.2967771,fitness
wfs:SPIELPLATZPUNKTOGD.2967777,fitness
wfs:SPIELPLATZPUNKTOGD.2967778,fitness
wfs:SPIELPLATZPUNKTOGD.2967780,football
wfs:SPIELPLATZPUNKTOGD.2967786,football
wfs:SPIELPLATZPUNKTOGD.2967786,basketball
wfs:SPIELPLATZPUNKTOGD.2967786,fitness
wfs:SPIELPLATZPUNKTOGD.2967787,volleyball
wfs:SPIELPLATZPUNKTOGD.2967789,football
wfs:SPIELPLATZPUNKTOGD.2967789,fitness
wfs:SPIELPLATZPUNKTOGD.2967790,football
wfs:SPIELPLATZPUNKTOGD.2967791,football
wfs:SPIELPLATZPUNKTOGD.2967791,basketball
wfs:SPIELPLATZPUNKTOGD.2967791,fitness
wfs:SPIELPLATZPUNKTOGD.2967792,football
wfs:SPIELPLATZPUNKTOGD.2967792,fitness
wfs:SPIELPLATZPUNKTOGD.2967795,football
wfs:SPIELPLATZPUNKTOGD.2967797,football
wfs:SPIELPLATZPUNKTOGD.2967797,basketball
wfs:SPIELPLATZPUNKTOGD.2967799,basketball
wfs:SPIELPLATZPUNKTOGD.2967801,fitness
wfs:SPIELPLATZPUNKTOGD.2967804,football
wfs:SPIELPLATZPUNKTOGD.2967804,basketball
wfs:SPIELPLATZPUNKTOGD.2967804,volleyball
wfs:SPIELPLATZPUNKTOGD.2967806,football
wfs:SPIELPLATZPUNKTOGD.2967806,fitness
wfs:SPIELPLATZPUNKTOGD.2967807,football
wfs:SPIELPLATZPUNKTOGD.2967809,football
wfs:SPIELPLATZPUNKTOGD.2967809,basketball
wfs:SPIELPLATZPUNKTOGD.2967809,volleyball
wfs:SPIELPLATZPUNKTOGD.2967809,fitness
wfs:SPIELPLATZPUNKTOGD.2967811,football
wfs:SPIELPLATZPUNKTOGD.2967811,basketball
wfs:SPIELPLATZPUNKTOGD.2967812,football
wfs:SPIELPLATZPUNKTOGD.2967813,football
wfs:SPIELPLATZPUNKTOGD.2967813,basketball
wfs:SPIELPLATZPUNKTOGD.2967814,football
wfs:SPIELPLATZPUNKTOGD.2967814,basketball
wfs:SPIELPLATZPUNKTOGD.2967814,volleyball
wfs:SPIELPLATZPUNKTOGD.2967814,fitness
wfs:SPIELPLATZPUNKTOGD.2967815,football
wfs:SPIELPLATZPUNKTOGD.2967815,basketball
wfs:SPIELPLATZPUNKTOGD.2967815,fitness
wfs:SPIELPLATZPUNKTOGD.2967817,football
wfs:SPIELPLATZPUNKTOGD.2967817,basketball
wfs:SPIELPLATZPUNKTOGD.2967818,football
wfs:SPIELPLATZPUNKTOGD.2967818,basketball
wfs:SPIELPLATZPUNKTOGD.2967824,football
wfs:SPIELPLATZPUNKTOGD.2967824,basketball
wfs:SPIELPLATZPUNKTOGD.2967827,football
wfs:SPIELPLATZPUNKTOGD.2967827,basketball
wfs:SPIELPLATZPUNKTOGD.2967828,basketball
wfs:SPIELPLATZPUNKTOGD.2967829,football
wfs:SPIELPLATZPUNKTOGD.2967829,basketball
wfs:SPIELPLATZPUNKTOGD.2967831,football
wfs:SPIELPLATZPUNKTOGD.2967832,football
wfs:SPIELPLATZPUNKTOGD.2967832,basketball
wfs:SPIELPLATZPUNKTOGD.2967833,football
wfs:SPIELPLATZPUNKTOGD.2967833,basketball
wfs:SPIELPLATZPUNKTOGD.2967836,basketball
wfs:SPIELPLATZPUNKTOGD.2967836,volleyball
wfs:SPIELPLATZPUNKTOGD.2967836,fitness
wfs:SPIELPLATZPUNKTOGD.2967838,football
wfs:SPIELPLATZPUNKTOGD.2967838,basketball
wfs:SPIELPLATZPUNKTOGD.2967841,fitness
wfs:SPIELPLATZPUNKTOGD.2967844,fitness
wfs:SPIELPLATZPUNKTOGD.2967845,tennis
wfs:SPIELPLATZPUNKTOGD.2967846,basketball
wfs:SPIELPLATZPUNKTOGD.2967859,fitness
wfs:SPIELPLATZPUNKTOGD.2967860,volleyball
wfs:SPIELPLATZPUNKTOGD.2967862,football
wfs:SPIELPLATZPUNKTOGD.2967864,fitness
wfs:SPIELPLATZPUNKTOGD.2967867,football
wfs:SPIELPLATZPUNKTOGD.2967867,basketball
wfs:SPIELPLATZPUNKTOGD.2967867,volleyball
wfs:SPIELPLATZPUNKTOGD.2967867,fitness
wfs:SPIELPLATZPUNKTOGD.2967869,fitness
wfs:SPIELPLATZPUNKTOGD.2967870,football
wfs:SPIELPLATZPUNKTOGD.2967872,volleyball
wfs:SPIELPLATZPUNKTOGD.2967872,fitness
osm:node/115180054,fitness
osm:node/244496574,football
osm:node/254640433,fitness
osm:node/269542815,football
osm:node/276184676,swimming
osm:node/278113676,fitness
osm:node/306083017,football
osm:node/313010814,fitness
osm:node/323177975,football
osm:node/324479730,fitness
osm:node/336038681,fitness
osm:node/344872252,football
osm:node/356746043,football
osm:node/370358446,football
osm:node/409188525,football
osm:node/409230019,football
osm:node/410711018,football
osm:node/412345268,football
osm:node/432692936,football
osm:node/442997817,fitness
osm:node/444247110,swimming
osm:node/452658942,football
osm:node/474953068,fitness
osm:node/495681249,basketball
osm:node/527555531,football
osm:node/567066325,football
osm:node/598635594,fitness
osm:node/631489469,tennis
osm:node/659823599,football
osm:node/675546635,basketball
osm:node/767358656,football
osm:node/807587684,basketball
osm:node/810229242,tennis
osm:node/810229820,fitness
osm:node/843188907,tennis
osm:node/848000061,football
osm:node/906476449,fitness
osm:node/922847980,fitness
osm:node/1193859571,football
osm:node/1254430797,fitness
osm:node/1298221010,football
osm:node/1358151190,football
osm:node/1366488393,football
osm:node/1404600363,fitness
osm:node/1438264983,fitness
osm:node/1439050104,fitness
osm:node/1439061857,fitness
osm:node/1439072561,fitness
osm:node/1462379305,fitness
osm:node/1466949135,fitness
osm:node/1466988203,fitness
osm:node/1467014731,fitness
osm:node/1467023428,fitness
osm:node/1467159939,fitness
osm:node/1467216634,tennis
osm:node/1467290088,fitness
osm:node/1530271340,football
osm:node/1540721019,football
osm:node/1567079290,fitness
osm:node/1580828927,football
osm:node/1693452987,tennis
osm:node/1707194114,football
osm:node/1708782898,football
osm:node/1717868160,tennis
osm:node/1723344702,tennis
osm:node/1723347943,football
osm:node/1723348144,tennis
osm:node/1729255371,football
osm:node/1729271333,fitness
osm:node/1740400579,fitness
osm:node/1769270744,fitness
osm:node/1775070493,football
osm:node/1841904079,fitness
osm:node/1842335430,fitness
osm:node/1880692099,tennis
osm:node/1896102096,tennis
osm:node/1927759612,football
osm:node/1936025717,football
osm:node/1949411509,football
osm:node/1954554302,fitness
osm:node/1973677637,fitness
osm:node/2000560985,football
osm:node/2047691655,fitness
osm:node/2048199383,football
osm:node/2107053284,football
osm:node/2191044822,fitness
osm:node/2415389884,fitness
osm:node/2506291182,fitness
osm:node/2509098252,fitness
osm:node/2523333847,fitness
osm:node/2607328418,fitness
osm:node/2744327532,fitness
osm:node/3002398334,fitness
osm:node/3255811316,football
osm:node/3360763824,football
osm:node/3360770299,football
osm:node/3360829687,football
osm:node/3360863629,football
osm:node/3370159116,football
osm:node/3370643936,football
osm:node/3371230811,football
osm:node/3371258561,football
osm:node/3373656517,tennis
osm:node/3374797171,tennis
osm:node/3386759591,football
osm:node/3506970428,fitness
osm:node/3506970435,fitness
osm:node/3705384739,fitness
osm:node/3716880893,fitness
osm:node/3742539925,fitness
osm:node/3759120284,fitness
osm:node/3767115154,fitness
osm:node/3868635558,fitness
osm:node/3872986257,fitness
osm:node/3884770705,fitness
osm:node/3906099212,fitness
osm:node/3944585236,fitness
osm:node/4096953611,fitness
osm:node/4096953612,fitness
osm:node/4133419508,fitness
osm:node/4225401596,fitness
osm:node/4318425860,fitness
osm:node/4329294293,fitness
osm:node/4366156123,fitness
osm:node/4401702811,football
osm:node/4432756536,fitness
osm:node/4442712895,tennis
osm:node/4470476628,fitness
osm:node/4471382066,fitness
osm:node/4539820949,fitness
osm:node/4575940490,fitness
osm:node/4575940491,fitness
osm:node/4698302171,fitness
osm:node/4779526720,tennis
osm:node/4791847272,fitness
osm:node/4814006952,fitness
osm:node/4819520322,fitness
osm:node/4863952121,fitness
osm:node/4872001309,tennis
osm:node/4893438322,fitness
osm:node/4893438323,fitness
osm:node/4893438523,fitness
osm:node/4906680124,football
osm:node/4910167288,fitness
osm:node/4934561520,fitness
osm:node/4941106310,tennis
osm:node/4947039623,fitness
osm:node/4986399400,fitness
osm:node/4997119386,tennis
osm:node/5031629931,tennis
osm:node/5145450037,fitness
osm:node/5163787025,fitness
osm:node/5211718561,fitness
osm:node/5250893082,fitness
osm:node/5250893083,fitness
osm:node/5250893084,fitness
osm:node/5314965710,fitness
osm:node/5314965711,fitness
osm:node/5381184563,fitness
osm:node/5517324542,fitness
osm:node/5519886351,tennis
osm:node/5598723984,fitness
osm:node/5700001768,fitness
osm:node/5722234335,fitness
osm:node/5758883213,fitness
osm:node/5874097594,fitness
osm:node/5909477300,swimming
osm:node/5948107819,fitness
osm:node/5949560706,fitness
osm:node/5981218345,fitness
osm:node/6020323178,basketball
osm:node/6020323397,tennis
osm:node/6020323398,tennis
osm:node/6020323399,tennis
osm:node/6025559625,fitness
osm:node/6027654441,fitness
osm:node/6036743533,tennis
osm:node/6048952984,fitness
osm:node/6244644514,fitness
osm:node/6253910696,fitness
osm:node/6377545493,fitness
osm:node/6389496056,fitness
osm:node/6394657747,fitness
osm:node/6394657748,fitness
osm:node/6394657749,fitness
osm:node/6394657750,fitness
osm:node/6452062564,fitness
osm:node/6482929346,fitness
osm:node/6518137657,fitness
osm:node/6520476484,fitness
osm:node/6547661930,fitness
osm:node/6547802869,fitness
osm:node/6549275093,fitness
osm:node/6549287711,fitness
osm:node/6551215012,fitness
osm:node/6557473438,tennis
osm:node/6557473443,tennis
osm:node/6597334985,fitness
osm:node/6874277121,fitness
osm:node/6874328609,tennis
osm:node/6970313151,fitness
osm:node/6985749385,fitness
osm:node/7164328388,tennis
osm:node/7164529948,fitness
osm:node/7211364480,fitness
osm:node/7417915264,tennis
osm:node/7481767354,swimming
osm:node/7515403550,fitness
osm:node/7523052719,tennis
osm:node/7523076223,tennis
osm:node/7538734334,tennis
osm:node/7596566450,tennis
osm:node/7596566451,fitness
osm:node/7659388624,tennis
osm:node/7659388625,tennis
osm:node/7667949406,tennis
osm:node/7746995141,tennis
osm:node/7746995142,tennis
osm:node/7820894660,tennis
osm:node/7927336839,fitness
osm:node/8111481464,fitness
osm:node/8142869300,tennis
osm:node/8274741467,tennis
osm:node/8274763687,tennis
osm:node/8274865711,tennis
osm:node/8278051917,fitness
osm:node/8314277147,fitness
osm:node/8397306973,tennis
osm:node/8397311643,tennis
osm:node/8397320664,tennis
osm:node/8399076158,tennis
osm:node/8415995156,fitness
osm:node/8429777492,fitness
osm:node/8441616931,fitness
osm:node/8491917168,fitness
osm:node/8544123594,tennis
osm:node/8569175208,fitness
osm:node/8587220289,fitness
osm:node/8587221609,tennis
osm:node/8587244681,tennis
osm:node/8587246304,fitness
osm:node/8587249875,fitness
osm:node/8646470142,tennis
osm:node/8646470143,tennis
osm:node/8681211504,fitness
osm:node/8711343447,tennis
osm:node/8783744641,tennis
osm:node/8785163117,tennis
osm:node/8792211737,tennis
osm:node/8804683072,tennis
osm:node/8830010605,tennis
osm:node/8910895355,tennis
osm:node/8920625292,fitness
osm:node/8920983344,fitness
osm:node/8963152376,tennis
osm:node/8963152397,basketball
osm:node/8990099373,tennis
osm:node/8990131148,tennis
osm:node/9030161958,tennis
osm:node/9055771129,fitness
osm:node/9060726276,tennis
osm:node/9070307478,tennis
osm:node/9088570387,fitness
osm:node/9110869699,fitness
osm:node/9117255757,fitness
osm:node/9124614226,basketball
osm:node/9162553517,fitness
osm:node/9179880466,tennis
osm:node/9179916360,tennis
osm:node/9197563194,tennis
osm:node/9202686769,fitness
osm:node/9216224226,fitness
osm:node/9229593233,tennis
osm:node/9230389687,fitness
osm:node/9241662684,tennis
osm:node/9248407618,fitness
osm:node/9251017637,tennis
osm:node/9256276189,fitness
osm:node/9270438967,fitness
osm:node/9270438970,fitness
osm:node/9270438974,tennis
osm:node/9276187853,fitness
osm:node/9321679171,tennis
osm:node/9352205076,fitness
osm:node/9386460615,fitness
osm:node/9429062517,tennis
osm:node/9476295633,fitness
osm:node/9481486445,tennis
osm:node/9493185824,tennis
osm:node/9493185825,tennis
osm:node/9546660825,fitness
osm:node/9551525273,fitness
osm:node/9560719373,fitness
osm:node/9561377405,tennis
osm:node/9609793891,tennis
osm:node/9694807731,tennis
osm:node/9704691215,fitness
osm:node/9709046121,volleyball
osm:node/9723291986,tennis
osm:node/9724952879,tennis
osm:node/9735031317,basketball
osm:node/9741204037,basketball
osm:node/9751704466,fitness
osm:node/9784795637,tennis
osm:node/9788587611,fitness
osm:node/9791012404,tennis
osm:node/9791012405,tennis
osm:node/9791012406,tennis
osm:node/9802909517,fitness
osm:node/9804790196,fitness
osm:node/9804850091,fitness
osm:node/9804850092,tennis
osm:node/9813252017,fitness
osm:node/9823162334,fitness
osm:node/9835956863,fitness
osm:node/9855107144,tennis
osm:node/9856089369,tennis
osm:node/9869038936,fitness
osm:node/9874824982,fitness
osm:node/9937842080,fitness
osm:node/9961821667,fitness
osm:node/9981071641,fitness
osm:node/9985580535,tennis
osm:node/9985580540,basketball
osm:node/10002033891,tennis
osm:node/10002033892,tennis
osm:node/10004691122,tennis
osm:node/10009226952,fitness
osm:node/10013199537,fitness
osm:node/10013973589,basketball
osm:node/10018602854,tennis
osm:node/10030349456,tennis
osm:node/10073593101,fitness
osm:node/10084860295,tennis
osm:node/10086791622,fitness
osm:node/10093150038,fitness
osm:node/10106411108,fitness
osm:node/10109407579,fitness
osm:node/10115052835,tennis
osm:node/10117120944,tennis
osm:node/10117126308,fitness
osm:node/10119632153,tennis
osm:node/10120617080,tennis
osm:node/10120617081,basketball
osm:node/10121478309,fitness
osm:node/10133117361,fitness
osm:node/10133117367,fitness
osm:node/10135860555,fitness
osm:node/10142881426,tennis
osm:node/10142881437,tennis
osm:node/10142881445,tennis
osm:node/10143376324,tennis
osm:node/10169918780,tennis
osm:node/10171875089,fitness
osm:node/10203434475,fitness
osm:node/10217342333,tennis
osm:node/10217342334,volleyball
osm:node/10219844165,fitness
osm:node/10219952832,fitness
osm:node/10261208706,fitness
osm:node/10295550507,tennis
osm:node/10311347622,tennis
osm:node/10544409623,fitness
osm:node/10560035236,fitness
osm:node/10581901791,fitness
osm:node/10649427553,tennis
osm:node/10649427554,tennis
osm:node/10649427555,tennis
osm:node/10649427556,tennis
osm:node/10704776615,fitness
osm:node/10739590344,fitness
osm:node/10742097572,tennis
osm:node/10743732740,fitness
osm:node/10773535541,fitness
osm:node/10789911231,fitness
osm:node/10796700161,tennis
osm:node/10834158474,fitness
osm:node/10860341648,fitness
osm:node/10873111180,tennis
osm:node/10893191869,fitness
osm:node/10893247297,fitness
osm:node/10907346027,tennis
osm:node/10927957576,tennis
osm:node/10942254852,fitness
osm:node/10942254853,fitness
osm:node/10942256089,fitness
osm:node/10949467611,tennis
osm:node/10962178476,tennis
osm:node/10965553987,fitness
osm:node/10968916905,fitness
osm:node/10969213884,fitness
osm:node/10971817041,tennis
osm:node/10971817042,tennis
osm:node/10971817043,tennis
osm:node/10971817044,tennis
osm:node/11010892623,tennis
osm:node/11042190407,fitness
osm:node/11051772617,tennis
osm:node/11057360106,tennis
osm:node/11065597724,fitness
osm:node/11069851616,tennis
osm:node/11069851725,tennis
osm:node/11075063453,fitness
osm:node/11075486762,tennis
osm:node/11076912005,tennis
osm:node/11079538749,tennis
osm:node/11079545998,tennis
osm:node/11086737608,tennis
osm:node/11086737681,tennis
osm:node/11090329348,tennis
osm:node/11099357022,fitness
osm:node/11101794260,fitness
osm:node/11143687190,tennis
osm:node/11143687191,tennis
osm:node/11146728575,fitness
osm:node/11154244137,tennis
osm:node/11161549096,tennis
osm:node/11165352885,tennis
osm:node/11165400013,tennis
osm:node/11165400090,tennis
osm:node/11165400246,tennis
osm:node/11225316929,tennis
osm:node/11225316933,tennis
osm:node/11227505816,fitness
osm:node/11231212043,tennis
osm:node/11245577736,tennis
osm:node/11246059979,tennis
osm:node/11246059995,tennis
osm:node/11251726089,fitness
osm:node/11251997304,fitness
osm:node/11278360566,fitness
osm:node/11281632034,tennis
osm:node/11304911992,tennis
osm:node/11304912177,tennis
osm:node/11310580720,fitness
osm:node/11327575566,tennis
osm:node/11327602773,fitness
osm:node/11327603720,tennis
osm:node/11331414218,volleyball
osm:node/11331414219,tennis
osm:node/11331414223,football
osm:node/11333223471,tennis
osm:node/11341426097,tennis
osm:node/11342095501,tennis
osm:node/11356878125,fitness
osm:node/11360364052,fitness
osm:node/11360857306,tennis
osm:node/11365965724,fitness
osm:node/11413397028,basketball
osm:node/11415352372,fitness
osm:node/11439243459,fitness
osm:node/11488977558,fitness
osm:node/11543461918,fitness
osm:node/11611397316,football
osm:node/11622775627,tennis
osm:node/11650296428,fitness
osm:node/11650296430,fitness
osm:node/11650296431,fitness
osm:node/11650296432,fitness
osm:node/11650296434,tennis
osm:node/11650296438,fitness
osm:node/11684671763,tennis
osm:node/11684681770,tennis
osm:node/11700863532,fitness
osm:node/11725294261,fitness
osm:node/11746684501,fitness
osm:node/11766879385,tennis
osm:node/11781355103,fitness
osm:node/11795499695,fitness
osm:node/11812264949,fitness
osm:node/11833868447,tennis
osm:node/11866981823,tennis
osm:node/11866981824,tennis
osm:node/11880879452,fitness
osm:node/11880879453,fitness
osm:node/11880913957,tennis
osm:node/11880913958,fitness
osm:node/11883543994,fitness
osm:node/11887271169,fitness
osm:node/11933179425,tennis
osm:node/11953999686,fitness
osm:node/11953999687,fitness
osm:node/11958614772,fitness
osm:node/11958614773,fitness
osm:node/11958614774,fitness
osm:node/11961228892,tennis
osm:node/11961288950,fitness
osm:node/11966044480,tennis
osm:node/11966081819,tennis
osm:node/12001174242,tennis
osm:node/12020639624,fitness
osm:node/12032741868,fitness
osm:node/12034078889,fitness
osm:node/12039058269,tennis
osm:node/12039957951,fitness
osm:node/12044055760,fitness
osm:node/12046187039,fitness
osm:node/12051055916,fitness
osm:node/12066234032,tennis
osm:node/12092298834,fitness
osm:node/12111206608,fitness
osm:node/12111206609,fitness
osm:node/12128367152,fitness
osm:node/12140550653,fitness
osm:node/12160415301,fitness
osm:node/12166044117,fitness
osm:node/12271148391,fitness
osm:node/12271149548,basketball
osm:node/12278296516,tennis
osm:node/12282797829,tennis
osm:node/12282797830,tennis
osm:node/12294458413,fitness
osm:node/12318710986,tennis
osm:node/12327396366,fitness
osm:node/12329247221,fitness
osm:node/12329556724,fitness
osm:node/12372344327,fitness
osm:node/12406119081,tennis
osm:node/12462648576,fitness
osm:node/12504235424,fitness
osm:node/12504235425,fitness
osm:node/12505531731,fitness
osm:node/12509538012,fitness
osm:node/12579243645,fitness
osm:node/12579247601,fitness
osm:node/12589810791,tennis
osm:node/12589810792,tennis
osm:node/12628755473,fitness
osm:node/12656235624,tennis
osm:node/12656854236,tennis
osm:node/12656864184,tennis
osm:node/12656864185,tennis
osm:node/12656867975,tennis
osm:node/12656868366,tennis
osm:node/12670337320,tennis
osm:node/12691202411,fitness
osm:node/12705242847,fitness
osm:node/12732479403,tennis
osm:node/12736817462,fitness
osm:node/12736827891,fitness
osm:node/12736827892,fitness
osm:node/12736827893,fitness
osm:node/12748631406,tennis
osm:node/12749840242,tennis
osm:node/12754675001,fitness
osm:node/12760448299,tennis
osm:node/12790325760,fitness
osm:node/12791259160,tennis
osm:node/12791698474,tennis
osm:node/12806225660,basketball
osm:node/12840632886,fitness
osm:node/12841419375,tennis
osm:node/12841419376,tennis
osm:node/12841419377,tennis
osm:node/12843991021,fitness
osm:node/12843991023,tennis
osm:node/12843991024,tennis
osm:node/12843991025,fitness
osm:node/12847053875,fitness
osm:node/12856203627,fitness
osm:node/12858790343,fitness
osm:node/12860613737,swimming
osm:node/12877238435,fitness
osm:node/12877301260,tennis
osm:node/12877326818,fitness
osm:node/12877364871,tennis
osm:node/12878561139,fitness
osm:node/12878641901,fitness
osm:node/12879298181,tennis
osm:node/12945929501,fitness
osm:node/12955159318,basketball
osm:node/12955159318,volleyball
osm:node/12955159319,basketball
osm:node/12955159319,fitness
osm:node/12955159319,football
osm:node/12955159319,volleyball
osm:node/12955159320,basketball
osm:node/12955159320,football
osm:node/12955159320,volleyball
osm:node/12961198727,tennis
osm:node/12961283331,tennis
osm:node/12985398248,fitness
osm:node/12985398285,fitness
osm:node/12990485396,fitness
osm:node/12995723091,tennis
osm:node/12997206395,fitness
osm:node/12997206396,fitness
osm:node/13007188026,fitness
osm:node/13015382691,tennis
osm:node/13023053023,fitness
osm:node/13023070531,fitness
osm:node/13062108601,fitness
osm:node/13068128539,tennis
osm:node/13075702344,fitness
osm:node/13077952716,tennis
osm:node/13077964588,tennis
osm:node/13077993571,tennis
osm:node/13077993572,tennis
osm:node/13078492684,tennis
osm:node/13085003978,fitness
osm:node/13097600410,tennis
osm:node/13097600411,fitness
osm:node/13105704033,tennis
osm:node/13109184695,tennis
osm:node/13110200858,fitness
osm:node/13142229664,tennis
osm:node/13159563108,fitness
osm:node/13183713759,tennis
osm:node/13184401796,fitness
osm:node/13192811062,fitness
osm:node/13193094935,fitness
osm:node/13193552771,fitness
osm:node/13195680009,tennis
osm:node/13195888464,fitness
osm:node/13195888466,tennis
osm:node/13202585628,fitness
osm:node/13230703140,fitness
osm:node/13235206320,fitness
osm:node/13243071254,tennis
osm:node/13249683282,fitness
osm:node/13257352327,tennis
osm:node/13320173377,fitness
osm:node/13326169320,tennis
osm:node/13326206123,tennis
osm:node/13326206124,fitness
osm:node/13326207640,tennis
osm:node/13352757603,fitness
osm:node/13361217838,fitness
osm:node/13361217839,fitness
osm:node/13361217840,fitness
osm:node/13361217841,fitness
osm:node/13361217842,fitness
osm:node/13361217843,fitness
osm:node/13362224398,fitness
osm:node/13369059220,fitness
osm:node/13373822293,fitness
osm:node/13428325851,fitness
osm:node/13428824317,fitness
osm:node/13457555820,fitness
osm:node/13462991890,tennis
osm:node/13462991891,tennis
osm:node/13510549368,fitness
osm:node/13514450801,fitness
osm:node/13569789866,tennis
osm:node/13573878185,fitness
osm:node/13574425237,fitness
osm:node/13588053654,fitness
osm:node/13613196523,tennis
osm:node/13625394898,fitness
osm:node/13625480801,fitness
osm:node/13645685331,fitness
osm:node/13653781236,tennis
osm:node/13669278129,tennis
osm:node/13672784712,tennis
osm:node/13672784726,tennis
osm:node/13695374059,fitness
osm:node/13710784895,fitness
osm:node/13716848564,fitness
osm:node/13724826846,tennis
osm:node/13724826848,tennis
osm:node/13745002707,tennis
osm:node/13746228374,fitness
osm:node/13755079147,fitness
osm:node/13755097223,fitness
osm:node/13755113424,fitness
osm:node/13755150402,fitness
osm:node/13755161422,fitness
osm:node/13755210806,tennis
osm:node/13759587601,fitness
osm:node/13764699034,tennis
osm:node/13764699035,tennis
osm:node/13770602496,fitness
osm:node/13774385423,fitness
osm:node/13784497765,fitness
osm:node/13798558692,fitness
osm:node/13798584790,tennis
osm:node/13851573832,tennis
osm:node/13851573833,tennis
osm:node/13851573864,tennis
osm:node/13851573865,tennis
osm:node/13851573873,tennis
osm:node/13851573874,tennis
osm:node/13861107811,tennis
osm:node/13909342093,fitness
osm:node/13910246657,fitness
osm:node/13936819586,fitness
osm:node/13958613578,tennis
osm:node/13970478650,tennis
osm:node/13985203528,tennis
osm:node/13985203529,tennis
osm:node/13989520239,fitness
osm:node/13990380234,tennis
osm:node/14011233112,tennis
osm:node/14038965577,tennis
osm:node/14077510292,fitness
osm:node/14078787201,fitness
osm:node/14088428519,tennis
osm:node/14102577101,football
osm:node/14114691350,fitness
osm:node/14123183687,tennis
osm:node/14132315495,tennis
osm:node/14166983273,fitness
osm:node/14196847103,fitness
osm:node/14219038493,tennis
osm:node/14219086527,fitness
osm:way/10121567,football
osm:way/10943295,football
osm:way/10943400,football
osm:way/10945322,football
osm:way/10948396,football
osm:way/13709239,swimming
osm:way/13774222,football
osm:way/13774353,football
osm:way/13774419,volleyball
osm:way/13774783,football
osm:way/13774826,tennis
osm:way/13774861,football
osm:way/23098031,football
osm:way/23098033,football
osm:way/23329527,swimming
osm:way/23654501,tennis
osm:way/23813303,basketball
osm:way/23813303,football
osm:way/23813336,football
osm:way/24223329,swimming
osm:way/24232547,football
osm:way/24287622,swimming
osm:way/24287687,swimming
osm:way/24369373,basketball
osm:way/24369373,volleyball
osm:way/25004080,tennis
osm:way/25004081,tennis
osm:way/25580176,swimming
osm:way/26203600,swimming
osm:way/26259458,football
osm:way/26259555,football
osm:way/26300520,swimming
osm:way/26300541,swimming
osm:way/26300555,swimming
osm:way/26300572,swimming
osm:way/26345013,football
osm:way/26350801,volleyball
osm:way/26350930,football
osm:way/26391967,volleyball
osm:way/26399379,football
osm:way/26399702,football
osm:way/26399703,football
osm:way/26405754,swimming
osm:way/26406516,football
osm:way/26434870,basketball
osm:way/26434870,football
osm:way/26434870,volleyball
osm:way/26434876,basketball
osm:way/26434876,tennis
osm:way/26435077,football
osm:way/26450671,swimming
osm:way/26461111,football
osm:way/26461115,tennis
osm:way/26461119,football
osm:way/26461134,football
osm:way/26461141,volleyball
osm:way/26468447,football
osm:way/26468448,football
osm:way/26504119,football
osm:way/26505605,football
osm:way/26506166,football
osm:way/26516542,football
osm:way/26516547,football
osm:way/26581378,football
osm:way/26583717,tennis
osm:way/26584060,tennis
osm:way/26584062,tennis
osm:way/26615758,tennis
osm:way/26640698,football
osm:way/26640703,football
osm:way/26640710,football
osm:way/26640765,football
osm:way/26640813,football
osm:way/26640823,football
osm:way/26640831,football
osm:way/26640835,football
osm:way/26640840,football
osm:way/26640847,football
osm:way/26640850,football
osm:way/26640853,football
osm:way/26640864,swimming
osm:way/26640866,swimming
osm:way/26640871,swimming
osm:way/26640882,swimming
osm:way/26640912,swimming
osm:way/26640916,swimming
osm:way/26640930,swimming
osm:way/26641725,football
osm:way/26641729,football
osm:way/26641772,volleyball
osm:way/26643705,football
osm:way/26643855,football
osm:way/26667518,football
osm:way/26700028,swimming
osm:way/26763988,football
osm:way/26764002,tennis
osm:way/26764006,football
osm:way/26764011,football
osm:way/26764011,tennis
osm:way/26785511,football
osm:way/26937799,basketball
osm:way/26937799,football
osm:way/26937799,volleyball
osm:way/26960349,football
osm:way/26960522,football
osm:way/27041440,football
osm:way/27043451,football
osm:way/27043589,basketball
osm:way/27057044,basketball
osm:way/27057955,swimming
osm:way/27064638,football
osm:way/27064662,football
osm:way/27174754,football
osm:way/27210453,football
osm:way/27210457,football
osm:way/27211654,football
osm:way/27211669,football
osm:way/27211972,football
osm:way/27211975,football
osm:way/27211983,football
osm:way/27212286,football
osm:way/27212286,swimming
osm:way/27212286,tennis
osm:way/27212286,volleyball
osm:way/27452554,football
osm:way/27460687,volleyball
osm:way/27494512,football
osm:way/27500974,football
osm:way/27500996,volleyball
osm:way/27500997,football
osm:way/27501226,football
osm:way/27501230,football
osm:way/27540866,football
osm:way/27631944,tennis
osm:way/27674111,football
osm:way/27674120,football
osm:way/27674123,football
osm:way/27674129,football
osm:way/27674141,football
osm:way/27674337,football
osm:way/27674932,football
osm:way/27716367,tennis
osm:way/27893425,football
osm:way/27893440,football
osm:way/27940613,tennis
osm:way/28019006,football
osm:way/28019007,basketball
osm:way/28034626,tennis
osm:way/28159271,basketball
osm:way/28159271,football
osm:way/28214656,football
osm:way/28214675,tennis
osm:way/28279244,football
osm:way/28456480,basketball
osm:way/28456480,football
osm:way/28713228,football
osm:way/28801326,volleyball
osm:way/28801807,football
osm:way/28918592,swimming
osm:way/28918619,swimming
osm:way/28918632,swimming
osm:way/28918640,swimming
osm:way/28974899,football
osm:way/28975030,football
osm:way/28975032,football
osm:way/28975040,football
osm:way/28975062,football
osm:way/28997013,tennis
osm:way/28997023,tennis
osm:way/29072354,football
osm:way/29135446,football
osm:way/29136225,football
osm:way/29136241,football
osm:way/29139745,swimming
osm:way/29178632,swimming
osm:way/29178632,tennis
osm:way/29181647,tennis
osm:way/29201754,football
osm:way/29208590,football
osm:way/29208629,basketball
osm:way/29221264,football
osm:way/29221268,football
osm:way/29221272,volleyball
osm:way/29249875,football
osm:way/29253889,tennis
osm:way/29278132,tennis
osm:way/29281291,football
osm:way/29283916,football
osm:way/29283926,football
osm:way/29283940,football
osm:way/29283960,football
osm:way/29283966,football
osm:way/29300648,swimming
osm:way/29304078,swimming
osm:way/29319441,football
osm:way/29319509,volleyball
osm:way/29321362,football
osm:way/29321377,tennis
osm:way/29321389,football
osm:way/29395520,football
osm:way/29395522,football
osm:way/29395524,tennis
osm:way/29398106,football
osm:way/29399984,football
osm:way/29399989,football
osm:way/29435919,football
osm:way/29435928,football
osm:way/29450031,tennis
osm:way/29450052,football
osm:way/29512523,football
osm:way/29641385,football
osm:way/29641518,football
osm:way/29700237,football
osm:way/29700243,swimming
osm:way/29700246,football
osm:way/29700250,football
osm:way/29702006,tennis
osm:way/29710536,football
osm:way/29799599,football
osm:way/29799610,football
osm:way/29879928,football
osm:way/29881391,football
osm:way/30011177,swimming
osm:way/30011183,swimming
osm:way/30011186,swimming
osm:way/30199895,football
osm:way/30199900,football
osm:way/30343456,swimming
osm:way/30343689,football
osm:way/30410182,swimming
osm:way/30412244,football
osm:way/30447424,basketball
osm:way/30447424,volleyball
osm:way/30454805,football
osm:way/30796273,basketball
osm:way/30816964,tennis
osm:way/30824798,tennis
osm:way/30826247,football
osm:way/31321184,basketball
osm:way/31321185,football
osm:way/31362681,basketball
osm:way/31362681,football
osm:way/31426418,football
osm:way/31428412,tennis
osm:way/31471212,football
osm:way/31471214,basketball
osm:way/31471388,volleyball
osm:way/32113502,football
osm:way/32562632,football
osm:way/32939313,football
osm:way/32939317,tennis
osm:way/32958049,football
osm:way/32958246,football
osm:way/33100167,basketball
osm:way/33100167,football
osm:way/33362158,football
osm:way/33362550,volleyball
osm:way/33619892,football
osm:way/34155951,basketball
osm:way/34155951,football
osm:way/34291651,tennis
osm:way/34389399,basketball
osm:way/34389399,football
osm:way/35360761,volleyball
osm:way/36117693,basketball
osm:way/36191354,basketball
osm:way/36327563,football
osm:way/36327569,football
osm:way/36725226,tennis
osm:way/36769682,football
osm:way/36771241,football
osm:way/36828828,basketball
osm:way/36828828,football
osm:way/36857060,football
osm:way/36857061,basketball
osm:way/36882653,football
osm:way/36908908,football
osm:way/36940536,football
osm:way/37045430,volleyball
osm:way/38182530,tennis
osm:way/42352926,football
osm:way/43122622,football
osm:way/43328267,basketball
osm:way/43403450,football
osm:way/44384736,volleyball
osm:way/44384737,basketball
osm:way/44386366,volleyball
osm:way/44386367,tennis
osm:way/44389809,football
osm:way/44546559,football
osm:way/45760804,football
osm:way/47445447,football
osm:way/47498498,basketball
osm:way/47498504,football
osm:way/48545725,basketball
osm:way/48545725,football
osm:way/48834386,football
osm:way/49071718,swimming
osm:way/49151736,swimming
osm:way/49684521,volleyball
osm:way/50913969,basketball
osm:way/51261156,volleyball
osm:way/53445972,football
osm:way/56245817,football
osm:way/56788250,football
osm:way/59847152,tennis
osm:way/59847158,tennis
osm:way/60561336,football
osm:way/62149225,basketball
osm:way/62149465,volleyball
osm:way/64137393,football
osm:way/68314660,volleyball
osm:way/70011798,basketball
osm:way/70011798,football
osm:way/70011801,fitness
osm:way/74310447,football
osm:way/75107151,football
osm:way/75107164,football
osm:way/77703672,basketball
osm:way/77703672,football
osm:way/78872691,football
osm:way/79182469,volleyball
osm:way/80018917,basketball
osm:way/80801682,basketball
osm:way/80801682,football
osm:way/80882751,football
osm:way/80882758,basketball
osm:way/81101999,swimming
osm:way/82551346,football
osm:way/83500444,basketball
osm:way/83500445,volleyball
osm:way/83500449,basketball
osm:way/83500450,football
osm:way/83500451,basketball
osm:way/83649418,football
osm:way/83649421,football
osm:way/84467225,basketball
osm:way/84467235,volleyball
osm:way/86120700,swimming
osm:way/88142538,basketball
osm:way/88266678,football
osm:way/91614497,basketball
osm:way/91614497,football
osm:way/91614497,volleyball
osm:way/91891524,football
osm:way/91891525,football
osm:way/93107236,tennis
osm:way/93107260,tennis
osm:way/93107433,tennis
osm:way/94246035,football
osm:way/96056573,basketball
osm:way/97667638,basketball
osm:way/98281099,basketball
osm:way/98281099,football
osm:way/99618972,football
osm:way/99660200,football
osm:way/99660201,basketball
osm:way/100146630,basketball
osm:way/100461791,football
osm:way/100461793,football
osm:way/101002726,football
osm:way/101369897,football
osm:way/101740846,football
osm:way/101740849,volleyball
osm:way/102355639,tennis
osm:way/102630713,football
osm:way/104345102,football
osm:way/104516880,football
osm:way/104516882,basketball
osm:way/104516890,football
osm:way/104516893,tennis
osm:way/104984728,basketball
osm:way/104984744,football
osm:way/105033500,basketball
osm:way/105033500,football
osm:way/105033501,basketball
osm:way/105055188,football
osm:way/105055198,football
osm:way/105055214,basketball
osm:way/105079529,basketball
osm:way/105079529,football
osm:way/105208768,basketball
osm:way/105308801,basketball
osm:way/105506532,basketball
osm:way/105506532,football
osm:way/105618494,basketball
osm:way/108353942,football
osm:way/109180468,tennis
osm:way/109180473,tennis
osm:way/110311466,basketball
osm:way/110980888,basketball
osm:way/110982381,volleyball
osm:way/110982384,basketball
osm:way/117047428,basketball
osm:way/117047631,football
osm:way/117325640,tennis
osm:way/117325641,tennis
osm:way/117325642,tennis
osm:way/117744488,basketball
osm:way/117744488,football
osm:way/119397879,football
osm:way/119516797,basketball
osm:way/119516797,football
osm:way/121064660,tennis
osm:way/121956234,swimming
osm:way/123353935,fitness
osm:way/125630271,basketball
osm:way/126138839,football
osm:way/126138844,football
osm:way/126138855,volleyball
osm:way/127101482,football
osm:way/127101485,volleyball
osm:way/130630497,swimming
osm:way/130634125,basketball
osm:way/130645763,volleyball
osm:way/130645765,basketball
osm:way/130645767,football
osm:way/130737752,football
osm:way/130742991,basketball
osm:way/132527254,tennis
osm:way/132702579,swimming
osm:way/132702586,swimming
osm:way/132709647,tennis
osm:way/132789529,football
osm:way/133128089,football
osm:way/133387751,basketball
osm:way/133387752,football
osm:way/133387968,football
osm:way/133791327,basketball
osm:way/133791327,football
osm:way/133862470,basketball
osm:way/133862470,fitness
osm:way/133862470,volleyball
osm:way/136447717,football
osm:way/136447721,basketball
osm:way/136447723,football
osm:way/136656298,football
osm:way/136708679,football
osm:way/136969337,tennis
osm:way/138464343,football
osm:way/138514794,tennis
osm:way/138514795,tennis
osm:way/138963364,swimming
osm:way/138963365,swimming
osm:way/139000865,football
osm:way/139000865,volleyball
osm:way/139000866,football
osm:way/140125339,football
osm:way/140126414,football
osm:way/140311941,swimming
osm:way/140334742,tennis
osm:way/141123634,tennis
osm:way/141265145,football
osm:way/142044910,swimming
osm:way/144425639,basketball
osm:way/144425639,football
osm:way/144438170,football
osm:way/144716367,basketball
osm:way/146402728,football
osm:way/146827489,swimming
osm:way/147127056,volleyball
osm:way/147127058,football
osm:way/147127060,basketball
osm:way/150102042,football
osm:way/153530198,basketball
osm:way/153530199,basketball
osm:way/154511887,basketball
osm:way/154511890,football
osm:way/154563608,basketball
osm:way/154863142,basketball
osm:way/154863142,football
osm:way/155033501,volleyball
osm:way/155033503,basketball
osm:way/155120092,football
osm:way/155270043,football
osm:way/155364426,basketball
osm:way/157110605,basketball
osm:way/157247537,basketball
osm:way/157247537,football
osm:way/158028099,basketball
osm:way/158329822,football
osm:way/158383647,football
osm:way/158722447,basketball
osm:way/158730051,football
osm:way/158730055,basketball
osm:way/158730070,basketball
osm:way/158935686,tennis
osm:way/159160990,basketball
osm:way/159160990,football
osm:way/159246057,football
osm:way/159246058,football
osm:way/159246059,football
osm:way/159589148,football
osm:way/160577110,basketball
osm:way/160577110,football
osm:way/160577111,volleyball
osm:way/160577113,basketball
osm:way/160577114,football
osm:way/160656329,basketball
osm:way/160759665,tennis
osm:way/160892784,football
osm:way/160893216,football
osm:way/161071041,football
osm:way/161313886,football
osm:way/162147175,football
osm:way/164005019,basketball
osm:way/165346145,tennis
osm:way/165715173,football
osm:way/166029597,basketball
osm:way/166029597,football
osm:way/169082192,football
osm:way/169082193,football
osm:way/169263159,volleyball
osm:way/172049755,football
osm:way/172049756,football
osm:way/172049760,tennis
osm:way/172073178,football
osm:way/172404825,basketball
osm:way/172404825,football
osm:way/172589229,football
osm:way/172800492,tennis
osm:way/173168404,tennis
osm:way/173168406,tennis
osm:way/173168407,tennis
osm:way/173168408,tennis
osm:way/173168409,tennis
osm:way/173168410,tennis
osm:way/173168411,tennis
osm:way/173168412,tennis
osm:way/173168413,tennis
osm:way/173168414,tennis
osm:way/173168415,tennis
osm:way/173168416,tennis
osm:way/173168417,tennis
osm:way/173168419,tennis
osm:way/173168421,tennis
osm:way/173168423,tennis
osm:way/174135413,tennis
osm:way/174135414,tennis
osm:way/174135415,tennis
osm:way/174135416,volleyball
osm:way/174135417,tennis
osm:way/174135418,tennis
osm:way/174135421,tennis
osm:way/174135422,tennis
osm:way/174135423,tennis
osm:way/174135424,tennis
osm:way/174135426,tennis
osm:way/174135427,tennis
osm:way/174135428,tennis
osm:way/174135429,tennis
osm:way/174135430,tennis
osm:way/174135431,tennis
osm:way/174135432,tennis
osm:way/174135433,tennis
osm:way/174135434,tennis
osm:way/174135435,tennis
osm:way/174135437,tennis
osm:way/174135438,tennis
osm:way/174135439,tennis
osm:way/174135440,tennis
osm:way/174135441,tennis
osm:way/174135442,tennis
osm:way/174135443,tennis
osm:way/174135444,volleyball
osm:way/174135445,tennis
osm:way/174135446,volleyball
osm:way/174135447,tennis
osm:way/174516793,basketball
osm:way/174516793,football
osm:way/174790786,tennis
osm:way/174967415,football
osm:way/175029500,football
osm:way/175326971,tennis
osm:way/175484400,basketball
osm:way/175488643,football
osm:way/175507228,basketball
osm:way/175811539,basketball
osm:way/175814607,basketball
osm:way/175898587,basketball
osm:way/175898587,football
osm:way/176338503,basketball
osm:way/176338503,football
osm:way/176697635,basketball
osm:way/176697636,basketball
osm:way/176697636,football
osm:way/177390428,volleyball
osm:way/177689895,basketball
osm:way/177689895,football
osm:way/178702578,basketball
osm:way/178702578,football
osm:way/178702580,basketball
osm:way/178702580,football
osm:way/178702580,volleyball
osm:way/178849125,tennis
osm:way/178849126,tennis
osm:way/178858832,football
osm:way/179016929,football
osm:way/179183000,tennis
osm:way/179183001,tennis
osm:way/179183002,tennis
osm:way/179183003,tennis
osm:way/179341014,football
osm:way/179892558,basketball
osm:way/180390032,volleyball
osm:way/180390035,volleyball
osm:way/180711558,tennis
osm:way/181338733,basketball
osm:way/182456244,basketball
osm:way/183162129,fitness
osm:way/183169284,basketball
osm:way/183336951,basketball
osm:way/183336951,football
osm:way/183743929,basketball
osm:way/183743929,football
osm:way/183743929,volleyball
osm:way/184309619,tennis
osm:way/185474974,basketball
osm:way/186089670,volleyball
osm:way/187067142,swimming
osm:way/189054513,football
osm:way/189661553,football
osm:way/190455761,tennis
osm:way/190480602,swimming
osm:way/190583651,football
osm:way/190604549,football
osm:way/190929073,basketball
osm:way/190929073,football
osm:way/191049143,fitness
osm:way/191072131,basketball
osm:way/191146551,volleyball
osm:way/191146552,basketball
osm:way/192771125,volleyball
osm:way/194379077,tennis
osm:way/194819515,football
osm:way/194820847,football
osm:way/195001112,football
osm:way/195090115,tennis
osm:way/195090124,tennis
osm:way/195112073,football
osm:way/195351908,tennis
osm:way/196632631,volleyball
osm:way/196632632,football
osm:way/196632633,tennis
osm:way/198097829,basketball
osm:way/198097829,football
osm:way/199640912,football
osm:way/199796279,tennis
osm:way/200351713,football
osm:way/200351718,football
osm:way/200546057,football
osm:way/200546058,football
osm:way/200546060,football
osm:way/202099161,basketball
osm:way/202099166,basketball
osm:way/202099168,fitness
osm:way/202506195,basketball
osm:way/202619053,fitness
osm:way/204051908,swimming
osm:way/204051909,swimming
osm:way/204051910,swimming
osm:way/204145890,basketball
osm:way/204145890,football
osm:way/204707171,football
osm:way/204826534,football
osm:way/205325153,tennis
osm:way/207022421,basketball
osm:way/207022421,football
osm:way/207368021,basketball
osm:way/207368022,basketball
osm:way/207516805,basketball
osm:way/207528336,football
osm:way/208536554,tennis
osm:way/209873110,volleyball
osm:way/214304976,football
osm:way/214304977,football
osm:way/215830970,tennis
osm:way/217298558,basketball
osm:way/218562227,tennis
osm:way/218911981,volleyball
osm:way/220469659,tennis
osm:way/223104597,basketball
osm:way/223104597,football
osm:way/223326637,football
osm:way/223392847,football
osm:way/223392850,tennis
osm:way/224664372,basketball
osm:way/224664372,football
osm:way/225647109,tennis
osm:way/225707463,football
osm:way/225707466,basketball
osm:way/226307567,fitness
osm:way/226307567,volleyball
osm:way/226512421,football
osm:way/226558711,basketball
osm:way/226559084,volleyball
osm:way/227053075,football
osm:way/227703721,football
osm:way/228012273,volleyball
osm:way/228012274,basketball
osm:way/228012274,football
osm:way/228012274,tennis
osm:way/228626894,basketball
osm:way/228626894,football
osm:way/229258933,football
osm:way/230295846,fitness
osm:way/230487824,tennis
osm:way/231363588,football
osm:way/232312870,football
osm:way/232792449,basketball
osm:way/235998705,tennis
osm:way/236827458,basketball
osm:way/236827459,football
osm:way/237247550,basketball
osm:way/237735236,football
osm:way/237740084,volleyball
osm:way/237740087,basketball
osm:way/237767209,tennis
osm:way/237767210,tennis
osm:way/237842883,tennis
osm:way/238138020,football
osm:way/238240813,tennis
osm:way/238381739,basketball
osm:way/238381739,football
osm:way/238767980,tennis
osm:way/240877846,football
osm:way/241010325,volleyball
osm:way/241094257,tennis
osm:way/241094258,tennis
osm:way/241094259,tennis
osm:way/241094260,tennis
osm:way/241112132,tennis
osm:way/241112134,tennis
osm:way/241112136,tennis
osm:way/241112137,tennis
osm:way/241112138,tennis
osm:way/241112139,tennis
osm:way/241112141,tennis
osm:way/241112142,tennis
osm:way/241112143,tennis
osm:way/241174703,football
osm:way/241428812,football
osm:way/241428814,basketball
osm:way/241733363,basketball
osm:way/241733363,football
osm:way/242848148,fitness
osm:way/242848149,fitness
osm:way/243087159,basketball
osm:way/243637346,football
osm:way/243666187,fitness
osm:way/243993251,football
osm:way/246344314,tennis
osm:way/246629748,football
osm:way/249047455,basketball
osm:way/249047455,football
osm:way/250520215,volleyball
osm:way/250816801,football
osm:way/251554369,tennis
osm:way/251554379,football
osm:way/251554381,football
osm:way/251678547,basketball
osm:way/251678547,football
osm:way/251678547,volleyball
osm:way/252795413,football
osm:way/256584785,tennis
osm:way/256584786,tennis
osm:way/258984683,tennis
osm:way/258984684,basketball
osm:way/259610346,tennis
osm:way/259610347,football
osm:way/259610348,football
osm:way/262533037,tennis
osm:way/265411631,football
osm:way/266232634,football
osm:way/266510250,football
osm:way/267205740,football
osm:way/267205743,football
osm:way/269952707,tennis
osm:way/269952710,tennis
osm:way/269952713,tennis
osm:way/269952715,tennis
osm:way/269952718,tennis
osm:way/269952721,tennis
osm:way/275980957,volleyball
osm:way/279366946,volleyball
osm:way/281547911,basketball
osm:way/281547911,football
osm:way/283595955,football
osm:way/285013422,volleyball
osm:way/285960984,football
osm:way/290208239,basketball
osm:way/295289427,football
osm:way/296175219,football
osm:way/296627959,football
osm:way/296892712,football
osm:way/297285024,fitness
osm:way/297517675,volleyball
osm:way/297604321,volleyball
osm:way/297604322,football
osm:way/297632590,basketball
osm:way/297862988,basketball
osm:way/297863122,football
osm:way/298301577,basketball
osm:way/298854269,basketball
osm:way/299252357,football
osm:way/299618478,basketball
osm:way/299749737,fitness
osm:way/300012001,football
osm:way/300550889,football
osm:way/300745863,football
osm:way/301720641,football
osm:way/302749036,basketball
osm:way/303129853,tennis
osm:way/303129854,tennis
osm:way/303545703,tennis
osm:way/303545704,tennis
osm:way/303545705,tennis
osm:way/303545706,tennis
osm:way/303545707,tennis
osm:way/303545708,tennis
osm:way/303545709,tennis
osm:way/303545710,tennis
osm:way/303545711,tennis
osm:way/305079297,football
osm:way/305503396,basketball
osm:way/305503396,volleyball
osm:way/305610385,football
osm:way/308267595,swimming
osm:way/309455701,basketball
osm:way/309562659,tennis
osm:way/310043875,tennis
osm:way/312080859,basketball
osm:way/312080859,football
osm:way/312080861,basketball
osm:way/312080861,football
osm:way/313685638,football
osm:way/313685639,basketball
osm:way/315262133,volleyball
osm:way/315756186,football
osm:way/315756187,tennis
osm:way/315756188,tennis
osm:way/315756189,tennis
osm:way/315756190,tennis
osm:way/315756191,tennis
osm:way/315756192,tennis
osm:way/317021851,basketball
osm:way/317021851,football
osm:way/317087237,basketball
osm:way/317087241,basketball
osm:way/317131931,basketball
osm:way/318070949,basketball
osm:way/318070949,football
osm:way/318337096,tennis
osm:way/318986844,tennis
osm:way/319342061,football
osm:way/319342067,basketball
osm:way/319342071,basketball
osm:way/321015628,basketball
osm:way/321015628,volleyball
osm:way/321506797,volleyball
osm:way/324886788,tennis
osm:way/326383674,tennis
osm:way/326383675,tennis
osm:way/326383676,tennis
osm:way/326589295,football
osm:way/326589297,basketball
osm:way/327123300,basketball
osm:way/327123301,football
osm:way/330402049,basketball
osm:way/330402050,basketball
osm:way/331929580,swimming
osm:way/331929584,swimming
osm:way/335235769,tennis
osm:way/335750171,basketball
osm:way/335750171,football
osm:way/335750172,volleyball
osm:way/339564957,football
osm:way/339708993,football
osm:way/340953860,basketball
osm:way/342521386,fitness
osm:way/343166516,football
osm:way/343466822,basketball
osm:way/343466825,volleyball
osm:way/344420684,football
osm:way/345097343,fitness
osm:way/347791596,basketball
osm:way/347791598,tennis
osm:way/349660719,tennis
osm:way/350135926,basketball
osm:way/350135926,football
osm:way/350135926,volleyball
osm:way/350615257,football
osm:way/350620942,basketball
osm:way/350620942,football
osm:way/352013957,basketball
osm:way/352013957,football
osm:way/352168568,volleyball
osm:way/352168569,football
osm:way/356606877,football
osm:way/359373279,swimming
osm:way/361414984,volleyball
osm:way/361414993,swimming
osm:way/361414996,basketball
osm:way/361414998,basketball
osm:way/366303125,basketball
osm:way/366303126,football
osm:way/366337214,basketball
osm:way/374401266,tennis
osm:way/382420906,basketball
osm:way/383628785,volleyball
osm:way/383634265,basketball
osm:way/389705392,swimming
osm:way/392347130,basketball
osm:way/392347131,football
osm:way/396246145,basketball
osm:way/396425940,basketball
osm:way/396425940,football
osm:way/397822325,football
osm:way/397822327,basketball
osm:way/404050686,tennis
osm:way/404050687,tennis
osm:way/404999306,football
osm:way/406499619,football
osm:way/407746611,basketball
osm:way/407746611,football
osm:way/409055409,tennis
osm:way/409055409,volleyball
osm:way/409055410,football
osm:way/413496152,swimming
osm:way/413707798,volleyball
osm:way/414445548,basketball
osm:way/415728783,football
osm:way/422035389,football
osm:way/422130320,football
osm:way/424791617,volleyball
osm:way/424791849,basketball
osm:way/424791849,football
osm:way/428805959,fitness
osm:way/429479694,volleyball
osm:way/434892788,fitness
osm:way/448033029,football
osm:way/458549012,fitness
osm:way/458549013,fitness
osm:way/458549014,fitness
osm:way/458549015,fitness
osm:way/458549016,fitness
osm:way/458549017,fitness
osm:way/458549018,fitness
osm:way/458549020,fitness
osm:way/458549021,fitness
osm:way/458549022,fitness
osm:way/458549023,fitness
osm:way/458549026,fitness
osm:way/458549027,fitness
osm:way/458549028,fitness
osm:way/458549029,fitness
osm:way/458549030,fitness
osm:way/458549031,fitness
osm:way/458549032,fitness
osm:way/458549034,fitness
osm:way/458549035,fitness
osm:way/458549036,fitness
osm:way/459348441,tennis
osm:way/459350869,football
osm:way/460740173,football
osm:way/461223708,basketball
osm:way/461223709,football
osm:way/464500479,basketball
osm:way/466709037,football
osm:way/466709038,basketball
osm:way/475622011,tennis
osm:way/475622012,tennis
osm:way/475622013,tennis
osm:way/475622015,tennis
osm:way/475622016,tennis
osm:way/476183362,football
osm:way/478880889,football
osm:way/483018201,football
osm:way/483018202,football
osm:way/483018203,football
osm:way/489119605,basketball
osm:way/489119605,fitness
osm:way/489119605,volleyball
osm:way/489890008,basketball
osm:way/492693478,volleyball
osm:way/492693479,football
osm:way/493210676,tennis
osm:way/494251835,basketball
osm:way/498378451,tennis
osm:way/498378452,tennis
osm:way/498378453,tennis
osm:way/499387417,basketball
osm:way/502882263,football
osm:way/504260619,football
osm:way/504434955,basketball
osm:way/504434955,football
osm:way/504434956,football
osm:way/504608977,volleyball
osm:way/504608978,volleyball
osm:way/504608982,basketball
osm:way/506270748,fitness
osm:way/507857413,volleyball
osm:way/514998029,basketball
osm:way/514998029,football
osm:way/514998035,tennis
osm:way/518106868,volleyball
osm:way/520119672,volleyball
osm:way/520119673,volleyball
osm:way/520119674,volleyball
osm:way/520119675,volleyball
osm:way/520119676,volleyball
osm:way/520119677,volleyball
osm:way/520119678,volleyball
osm:way/520119679,volleyball
osm:way/520119680,volleyball
osm:way/520123826,volleyball
osm:way/521218910,basketball
osm:way/521882729,volleyball
osm:way/521882731,basketball
osm:way/521882731,football
osm:way/522244143,football
osm:way/522244144,basketball
osm:way/522244145,basketball
osm:way/522244153,football
osm:way/523339516,volleyball
osm:way/526558903,basketball
osm:way/533648108,basketball
osm:way/539026758,basketball
osm:way/539026758,football
osm:way/539493141,football
osm:way/541358689,football
osm:way/541411082,football
osm:way/541413112,volleyball
osm:way/541413113,basketball
osm:way/541906835,football
osm:way/542096622,volleyball
osm:way/542939600,basketball
osm:way/542939600,football
osm:way/544242809,volleyball
osm:way/544242810,basketball
osm:way/544412455,fitness
osm:way/544579970,basketball
osm:way/545844927,tennis
osm:way/545844930,tennis
osm:way/545844933,tennis
osm:way/545844935,tennis
osm:way/545844937,tennis
osm:way/545844939,tennis
osm:way/545844942,tennis
osm:way/545844944,tennis
osm:way/548204713,basketball
osm:way/548204713,football
osm:way/549004122,basketball
osm:way/549004123,basketball
osm:way/550281419,tennis
osm:way/551247967,tennis
osm:way/551255877,tennis
osm:way/551255878,tennis
osm:way/551255879,tennis
osm:way/555084262,basketball
osm:way/556725419,football
osm:way/563351735,basketball
osm:way/563351735,football
osm:way/568785262,football
osm:way/568785265,basketball
osm:way/568800201,football
osm:way/572701940,football
osm:way/580403521,basketball
osm:way/586719848,basketball
osm:way/586719848,football
osm:way/589694190,football
osm:way/589694258,fitness
osm:way/591400089,fitness
osm:way/597521177,basketball
osm:way/597521177,football
osm:way/601082279,football
osm:way/601082280,basketball
osm:way/604063682,volleyball
osm:way/608438197,fitness
osm:way/610305780,volleyball
osm:way/610305781,football
osm:way/610305782,fitness
osm:way/610434739,basketball
osm:way/610623255,basketball
osm:way/611790696,basketball
osm:way/611790696,football
osm:way/613141845,volleyball
osm:way/613147219,basketball
osm:way/613147219,football
osm:way/613479355,tennis
osm:way/613575379,basketball
osm:way/613575379,football
osm:way/617487441,volleyball
osm:way/622144059,tennis
osm:way/622144063,football
osm:way/622144063,tennis
osm:way/623657177,football
osm:way/626295901,football
osm:way/626363581,fitness
osm:way/631525645,fitness
osm:way/634958116,volleyball
osm:way/635418905,football
osm:way/638826729,fitness
osm:way/648740776,tennis
osm:way/648740788,basketball
osm:way/648740788,football
osm:way/655274821,tennis
osm:way/663502616,volleyball
osm:way/669100132,basketball
osm:way/675876304,volleyball
osm:way/675876305,basketball
osm:way/675876305,football
osm:way/680854821,swimming
osm:way/682727972,swimming
osm:way/684871847,basketball
osm:way/687182868,football
osm:way/687701944,basketball
osm:way/690891431,football
osm:way/693616345,football
osm:way/697491726,football
osm:way/698238898,basketball
osm:way/699964555,football
osm:way/704092299,volleyball
osm:way/704092716,fitness
osm:way/707060652,volleyball
osm:way/707060653,volleyball
osm:way/707060654,tennis
osm:way/711144244,fitness
osm:way/714022882,basketball
osm:way/714022882,football
osm:way/716897886,volleyball
osm:way/733920574,football
osm:way/734383837,football
osm:way/741334747,football
osm:way/743588504,tennis
osm:way/757939304,football
osm:way/766643757,football
osm:way/766683275,basketball
osm:way/766683275,football
osm:way/782381732,football
osm:way/782381733,football
osm:way/788508343,football
osm:way/798522547,football
osm:way/798522548,basketball
osm:way/800012784,football
osm:way/800362317,tennis
osm:way/800398856,basketball
osm:way/812578146,fitness
osm:way/817528940,fitness
osm:way/817545515,basketball
osm:way/817545515,football
osm:way/817849323,basketball
osm:way/817849324,football
osm:way/817849328,swimming
osm:way/821538128,basketball
osm:way/821538128,football
osm:way/833320508,basketball
osm:way/833320508,football
osm:way/837950180,football
osm:way/837950181,football
osm:way/844281013,football
osm:way/849474634,football
osm:way/865694194,basketball
osm:way/884295175,basketball
osm:way/888419168,basketball
osm:way/888419168,football
osm:way/890233039,football
osm:way/890507958,volleyball
osm:way/890507959,volleyball
osm:way/890507960,basketball
osm:way/890507970,tennis
osm:way/890507971,basketball
osm:way/894515992,fitness
osm:way/900497656,tennis
osm:way/900497657,tennis
osm:way/900497658,tennis
osm:way/900497659,tennis
osm:way/900497660,tennis
osm:way/905072176,volleyball
osm:way/905072177,basketball
osm:way/905956215,fitness
osm:way/906885332,basketball
osm:way/907142934,swimming
osm:way/907831051,fitness
osm:way/907850813,basketball
osm:way/907850814,football
osm:way/909136901,volleyball
osm:way/913153871,football
osm:way/913153873,basketball
osm:way/913226855,tennis
osm:way/914438838,basketball
osm:way/914438838,football
osm:way/914438852,basketball
osm:way/916575702,basketball
osm:way/916601058,basketball
osm:way/916601094,volleyball
osm:way/919238769,basketball
osm:way/920117715,volleyball
osm:way/921726509,basketball
osm:way/921726509,football
osm:way/921736655,basketball
osm:way/922502884,volleyball
osm:way/925813875,volleyball
osm:way/926273061,basketball
osm:way/926273061,football
osm:way/926718537,football
osm:way/928023650,football
osm:way/933998413,basketball
osm:way/933998413,football
osm:way/935502813,tennis
osm:way/938819323,football
osm:way/940039888,football
osm:way/945695233,volleyball
osm:way/945695234,volleyball
osm:way/945695242,swimming
osm:way/948549375,basketball
osm:way/948549376,football
osm:way/949828655,volleyball
osm:way/951514935,basketball
osm:way/952273769,tennis
osm:way/952273770,tennis
osm:way/952273771,tennis
osm:way/952273772,tennis
osm:way/952273773,tennis
osm:way/952273774,tennis
osm:way/955132407,basketball
osm:way/960610836,fitness
osm:way/972966425,volleyball
osm:way/972966426,volleyball
osm:way/977930843,football
osm:way/980533246,volleyball
osm:way/980533247,volleyball
osm:way/980533248,volleyball
osm:way/983605201,football
osm:way/985074528,football
osm:way/985502622,football
osm:way/988338591,tennis
osm:way/988338592,tennis
osm:way/988338593,tennis
osm:way/988338594,tennis
osm:way/988338595,tennis
osm:way/988338596,tennis
osm:way/988338597,football
osm:way/992410336,swimming
osm:way/992412784,swimming
osm:way/993213104,swimming
osm:way/993215351,swimming
osm:way/997443086,fitness
osm:way/997991971,tennis
osm:way/998207857,tennis
osm:way/999050272,basketball
osm:way/1000062657,volleyball
osm:way/1003256801,football
osm:way/1003562590,basketball
osm:way/1003562590,football
osm:way/1003562590,volleyball
osm:way/1004575983,basketball
osm:way/1004578747,basketball
osm:way/1004769115,football
osm:way/1005408655,basketball
osm:way/1006777543,tennis
osm:way/1006777544,tennis
osm:way/1006777545,tennis
osm:way/1006777546,tennis
osm:way/1006777547,tennis
osm:way/1006777548,tennis
osm:way/1011524418,football
osm:way/1011524419,football
osm:way/1012184595,tennis
osm:way/1012871572,football
osm:way/1013163133,football
osm:way/1015267135,basketball
osm:way/1017942750,football
osm:way/1020919990,football
osm:way/1021344022,football
osm:way/1021386843,volleyball
osm:way/1022397198,football
osm:way/1022397199,football
osm:way/1024957347,fitness
osm:way/1026505935,football
osm:way/1026518470,basketball
osm:way/1026518470,football
osm:way/1028483286,football
osm:way/1030512278,basketball
osm:way/1031827662,tennis
osm:way/1036779360,volleyball
osm:way/1038011853,volleyball
osm:way/1039176696,fitness
osm:way/1039176697,fitness
osm:way/1040944729,football
osm:way/1041434378,volleyball
osm:way/1046887156,football
osm:way/1049641048,football
osm:way/1049641075,football
osm:way/1051565434,tennis
osm:way/1053095147,football
osm:way/1056859047,fitness
osm:way/1058890818,volleyball
osm:way/1059049886,swimming
osm:way/1064987351,volleyball
osm:way/1072073388,fitness
osm:way/1078870918,basketball
osm:way/1078870918,football
osm:way/1080358674,basketball
osm:way/1089707331,football
osm:way/1089947247,swimming
osm:way/1091126635,fitness
osm:way/1092107307,football
osm:way/1092600302,football
osm:way/1098930015,volleyball
osm:way/1099699923,fitness
osm:way/1100865232,football
osm:way/1102159663,football
osm:way/1102187242,basketball
osm:way/1105343992,football
osm:way/1105343993,basketball
osm:way/1106015452,basketball
osm:way/1108630508,volleyball
osm:way/1111121114,football
osm:way/1111121119,football
osm:way/1111121120,football
osm:way/1112715337,basketball
osm:way/1119209918,fitness
osm:way/1134609793,football
osm:way/1138655194,football
osm:way/1138655197,football
osm:way/1138655213,fitness
osm:way/1148988771,basketball
osm:way/1148988771,football
osm:way/1150760231,football
osm:way/1165481434,fitness
osm:way/1166198457,fitness
osm:way/1168000927,swimming
osm:way/1168001711,football
osm:way/1169011681,football
osm:way/1169011682,basketball
osm:way/1169252343,fitness
osm:way/1171512605,volleyball
osm:way/1171512606,basketball
osm:way/1171512606,football
osm:way/1176747442,tennis
osm:way/1181153484,basketball
osm:way/1181153485,football
osm:way/1181431005,basketball
osm:way/1181431005,football
osm:way/1181437082,basketball
osm:way/1181437082,football
osm:way/1181458478,basketball
osm:way/1185355668,football
osm:way/1185355670,football
osm:way/1185355671,basketball
osm:way/1185355672,football
osm:way/1185472682,basketball
osm:way/1185472682,football
osm:way/1185472683,volleyball
osm:way/1186863319,football
osm:way/1187367129,basketball
osm:way/1190452278,fitness
osm:way/1190661581,football
osm:way/1190661584,basketball
osm:way/1190891106,basketball
osm:way/1190891119,football
osm:way/1193188770,basketball
osm:way/1193188776,fitness
osm:way/1193188785,volleyball
osm:way/1193188805,basketball
osm:way/1193325471,football
osm:way/1193325475,basketball
osm:way/1194471690,football
osm:way/1194471694,football
osm:way/1197762212,basketball
osm:way/1197762213,football
osm:way/1199514088,football
osm:way/1202586653,volleyball
osm:way/1203262850,volleyball
osm:way/1203262853,football
osm:way/1203262856,basketball
osm:way/1203262856,football
osm:way/1204253645,fitness
osm:way/1204253651,basketball
osm:way/1204253651,football
osm:way/1204253693,football
osm:way/1204720209,volleyball
osm:way/1204720215,volleyball
osm:way/1204720217,volleyball
osm:way/1204720237,volleyball
osm:way/1204720243,volleyball
osm:way/1204720247,tennis
osm:way/1204720254,volleyball
osm:way/1204720256,volleyball
osm:way/1204731258,basketball
osm:way/1204731258,football
osm:way/1204731258,tennis
osm:way/1204731258,volleyball
osm:way/1205305424,football
osm:way/1207502043,volleyball
osm:way/1209339400,volleyball
osm:way/1209339404,tennis
osm:way/1210144791,basketball
osm:way/1210144791,football
osm:way/1210144792,volleyball
osm:way/1210568299,basketball
osm:way/1210568299,football
osm:way/1211260137,fitness
osm:way/1211625419,basketball
osm:way/1211625419,football
osm:way/1212247946,basketball
osm:way/1212247959,basketball
osm:way/1212247972,football
osm:way/1212247975,fitness
osm:way/1212738989,fitness
osm:way/1214011056,fitness
osm:way/1214143973,fitness
osm:way/1217436432,volleyball
osm:way/1218549355,football
osm:way/1218761537,fitness
osm:way/1219582587,fitness
osm:way/1220057107,fitness
osm:way/1220057132,volleyball
osm:way/1220057153,fitness
osm:way/1221011173,fitness
osm:way/1221011182,football
osm:way/1221356307,basketball
osm:way/1221356307,football
osm:way/1221983081,football
osm:way/1222020477,volleyball
osm:way/1222020481,basketball
osm:way/1222020481,football
osm:way/1222020488,football
osm:way/1222020490,football
osm:way/1222755849,fitness
osm:way/1238025120,basketball
osm:way/1238958348,basketball
osm:way/1238958349,football
osm:way/1239339987,football
osm:way/1248644990,basketball
osm:way/1248644990,football
osm:way/1250083689,football
osm:way/1250342655,volleyball
osm:way/1250342661,fitness
osm:way/1250342662,fitness
osm:way/1250507730,football
osm:way/1252174369,football
osm:way/1252553335,football
osm:way/1254590940,tennis
osm:way/1255401344,basketball
osm:way/1256866536,basketball
osm:way/1256866542,football
osm:way/1256991842,football
osm:way/1257116096,volleyball
osm:way/1257116097,volleyball
osm:way/1257116098,volleyball
osm:way/1257116100,tennis
osm:way/1257116101,tennis
osm:way/1257116102,tennis
osm:way/1257116103,tennis
osm:way/1257177352,basketball
osm:way/1257177352,football
osm:way/1258746473,tennis
osm:way/1258746474,tennis
osm:way/1258746475,tennis
osm:way/1258746476,tennis
osm:way/1258746477,tennis
osm:way/1258746478,tennis
osm:way/1258746480,tennis
osm:way/1258746481,tennis
osm:way/1258746482,tennis
osm:way/1258746484,tennis
osm:way/1258746485,tennis
osm:way/1258746486,tennis
osm:way/1258746487,tennis
osm:way/1258746488,tennis
osm:way/1258746489,tennis
osm:way/1258746490,tennis
osm:way/1258746491,tennis
osm:way/1258746492,tennis
osm:way/1258746493,tennis
osm:way/1258746494,tennis
osm:way/1258746496,tennis
osm:way/1258746497,tennis
osm:way/1258746498,tennis
osm:way/1258746499,tennis
osm:way/1258746504,basketball
osm:way/1258746505,tennis
osm:way/1258746506,tennis
osm:way/1258746507,tennis
osm:way/1258746508,tennis
osm:way/1258747576,tennis
osm:way/1258747577,tennis
osm:way/1258747578,tennis
osm:way/1258747579,tennis
osm:way/1258747581,tennis
osm:way/1258747582,tennis
osm:way/1258747583,tennis
osm:way/1258817545,tennis
osm:way/1258817546,tennis
osm:way/1258817547,tennis
osm:way/1258817548,tennis
osm:way/1258817549,tennis
osm:way/1258817550,tennis
osm:way/1258817551,tennis
osm:way/1258817552,tennis
osm:way/1258817553,tennis
osm:way/1258817554,tennis
osm:way/1258817555,tennis
osm:way/1258817556,tennis
osm:way/1258817559,tennis
osm:way/1258817560,tennis
osm:way/1258817561,tennis
osm:way/1258817562,tennis
osm:way/1258817563,tennis
osm:way/1258817564,tennis
osm:way/1258817565,tennis
osm:way/1258817566,tennis
osm:way/1258817567,tennis
osm:way/1258817568,tennis
osm:way/1258824624,tennis
osm:way/1258824625,tennis
osm:way/1258824626,tennis
osm:way/1258824627,tennis
osm:way/1258824628,volleyball
osm:way/1258824629,volleyball
osm:way/1258824630,volleyball
osm:way/1258824631,volleyball
osm:way/1258824632,volleyball
osm:way/1258824633,volleyball
osm:way/1259082625,tennis
osm:way/1259082626,tennis
osm:way/1259082627,tennis
osm:way/1259082628,tennis
osm:way/1259083789,volleyball
osm:way/1259083790,volleyball
osm:way/1259083791,volleyball
osm:way/1259083792,volleyball
osm:way/1259083793,tennis
osm:way/1259083794,tennis
osm:way/1259083795,tennis
osm:way/1259083796,tennis
osm:way/1259083797,tennis
osm:way/1259083798,volleyball
osm:way/1259083799,volleyball
osm:way/1259083800,football
osm:way/1259086817,tennis
osm:way/1259086818,tennis
osm:way/1259086819,tennis
osm:way/1259086820,tennis
osm:way/1259086821,tennis
osm:way/1259086822,tennis
osm:way/1259086823,tennis
osm:way/1259086824,volleyball
osm:way/1259086825,volleyball
osm:way/1259086826,volleyball
osm:way/1259086827,basketball
osm:way/1259090453,tennis
osm:way/1259090454,tennis
osm:way/1259090455,tennis
osm:way/1259090456,tennis
osm:way/1259090457,tennis
osm:way/1259090458,tennis
osm:way/1259090459,tennis
osm:way/1259090460,tennis
osm:way/1259090461,tennis
osm:way/1259115923,basketball
osm:way/1259115928,football
osm:way/1259165108,tennis
osm:way/1259165109,tennis
osm:way/1259165110,tennis
osm:way/1259165111,tennis
osm:way/1259165112,tennis
osm:way/1259165113,tennis
osm:way/1259165114,tennis
osm:way/1259171386,tennis
osm:way/1259171387,tennis
osm:way/1259171388,tennis
osm:way/1259171389,tennis
osm:way/1259171390,tennis
osm:way/1259171391,tennis
osm:way/1259171392,tennis
osm:way/1259171394,tennis
osm:way/1259171395,tennis
osm:way/1259171396,tennis
osm:way/1259171397,tennis
osm:way/1259171398,tennis
osm:way/1259171399,tennis
osm:way/1259171400,tennis
osm:way/1259171401,tennis
osm:way/1259171402,tennis
osm:way/1259171403,tennis
osm:way/1259171404,tennis
osm:way/1259171405,tennis
osm:way/1259171406,tennis
osm:way/1259171407,tennis
osm:way/1259171408,tennis
osm:way/1259171409,tennis
osm:way/1259171410,tennis
osm:way/1259171411,tennis
osm:way/1259171412,tennis
osm:way/1259171413,tennis
osm:way/1259171415,tennis
osm:way/1259171416,tennis
osm:way/1259171417,tennis
osm:way/1259171418,tennis
osm:way/1259171419,tennis
osm:way/1259171420,tennis
osm:way/1259171421,tennis
osm:way/1259171422,tennis
osm:way/1259171423,tennis
osm:way/1259171424,tennis
osm:way/1259171425,tennis
osm:way/1259171426,tennis
osm:way/1259171427,tennis
osm:way/1259171428,tennis
osm:way/1259171429,tennis
osm:way/1259171430,tennis
osm:way/1259171431,tennis
osm:way/1259171432,tennis
osm:way/1259171433,tennis
osm:way/1259171434,tennis
osm:way/1259171435,tennis
osm:way/1259171436,tennis
osm:way/1259172955,tennis
osm:way/1259172956,tennis
osm:way/1259172957,tennis
osm:way/1260639271,tennis
osm:way/1260639272,tennis
osm:way/1260639273,tennis
osm:way/1260639274,tennis
osm:way/1260639275,tennis
osm:way/1260639276,tennis
osm:way/1260639277,tennis
osm:way/1260639278,tennis
osm:way/1260639279,tennis
osm:way/1260639280,tennis
osm:way/1260639281,tennis
osm:way/1260639282,tennis
osm:way/1260639283,tennis
osm:way/1260639284,tennis
osm:way/1260639285,tennis
osm:way/1260639286,tennis
osm:way/1260639287,tennis
osm:way/1260639288,tennis
osm:way/1260639289,tennis
osm:way/1260639290,tennis
osm:way/1260688028,tennis
osm:way/1261805929,tennis
osm:way/1261805930,tennis
osm:way/1261805931,tennis
osm:way/1261805932,tennis
osm:way/1261805933,tennis
osm:way/1261805934,tennis
osm:way/1261805935,tennis
osm:way/1261805936,tennis
osm:way/1261995039,tennis
osm:way/1261995040,tennis
osm:way/1263494653,tennis
osm:way/1263494654,tennis
osm:way/1264509277,basketball
osm:way/1264910614,tennis
osm:way/1264910615,tennis
osm:way/1264910616,tennis
osm:way/1264910617,tennis
osm:way/1264910618,tennis
osm:way/1264910619,tennis
osm:way/1264910620,tennis
osm:way/1264910621,tennis
osm:way/1264910622,tennis
osm:way/1264910623,tennis
osm:way/1264918616,tennis
osm:way/1264918617,tennis
osm:way/1264918618,tennis
osm:way/1264918619,tennis
osm:way/1264918620,tennis
osm:way/1264918621,tennis
osm:way/1264918622,basketball
osm:way/1264918623,basketball
osm:way/1265197052,tennis
osm:way/1265197053,tennis
osm:way/1265197054,tennis
osm:way/1265197055,tennis
osm:way/1265197056,tennis
osm:way/1265197057,tennis
osm:way/1265197058,volleyball
osm:way/1265869665,volleyball
osm:way/1265869666,volleyball
osm:way/1265869667,volleyball
osm:way/1265869668,volleyball
osm:way/1265869669,tennis
osm:way/1265869670,tennis
osm:way/1265869671,tennis
osm:way/1265869672,tennis
osm:way/1265871227,volleyball
osm:way/1265891115,tennis
osm:way/1265891116,tennis
osm:way/1265891117,tennis
osm:way/1265891118,tennis
osm:way/1265891119,tennis
osm:way/1265893893,football
osm:way/1266614770,tennis
osm:way/1266614771,tennis
osm:way/1266614772,tennis
osm:way/1266614773,tennis
osm:way/1266614774,tennis
osm:way/1266614775,tennis
osm:way/1266614776,tennis
osm:way/1266614777,tennis
osm:way/1266614778,tennis
osm:way/1266614779,tennis
osm:way/1266614781,tennis
osm:way/1266614783,tennis
osm:way/1266772353,basketball
osm:way/1266774107,tennis
osm:way/1266774108,tennis
osm:way/1266774109,tennis
osm:way/1266774110,tennis
osm:way/1266774112,tennis
osm:way/1266774113,tennis
osm:way/1266774114,tennis
osm:way/1269876035,tennis
osm:way/1270198984,tennis
osm:way/1270198985,tennis
osm:way/1270198986,tennis
osm:way/1270198987,tennis
osm:way/1270198988,tennis
osm:way/1270198989,tennis
osm:way/1270198990,tennis
osm:way/1270198991,tennis
osm:way/1270198992,tennis
osm:way/1270198993,tennis
osm:way/1270198994,tennis
osm:way/1270457816,volleyball
osm:way/1270592428,basketball
osm:way/1270592428,football
osm:way/1271273252,volleyball
osm:way/1271273253,volleyball
osm:way/1271273254,volleyball
osm:way/1271273255,volleyball
osm:way/1271273256,volleyball
osm:way/1271273257,volleyball
osm:way/1271273258,volleyball
osm:way/1271273259,volleyball
osm:way/1271273260,volleyball
osm:way/1271274381,tennis
osm:way/1271274382,tennis
osm:way/1271274383,tennis
osm:way/1271274384,tennis
osm:way/1271277282,tennis
osm:way/1271277283,tennis
osm:way/1271277284,tennis
osm:way/1271277611,tennis
osm:way/1271277612,tennis
osm:way/1271277613,tennis
osm:way/1271281428,tennis
osm:way/1271281429,tennis
osm:way/1271281430,tennis
osm:way/1271281431,tennis
osm:way/1271281432,tennis
osm:way/1271281433,tennis
osm:way/1271281434,tennis
osm:way/1271281435,tennis
osm:way/1271281436,tennis
osm:way/1271281437,tennis
osm:way/1271281438,tennis
osm:way/1271281439,tennis
osm:way/1271283421,tennis
osm:way/1271283422,tennis
osm:way/1271495428,tennis
osm:way/1271495429,tennis
osm:way/1271495430,tennis
osm:way/1271495431,tennis
osm:way/1271495432,tennis
osm:way/1271495433,tennis
osm:way/1271495434,tennis
osm:way/1271495435,tennis
osm:way/1271495436,tennis
osm:way/1271495796,tennis
osm:way/1271495797,tennis
osm:way/1271495798,tennis
osm:way/1271495799,tennis
osm:way/1271495800,tennis
osm:way/1271496677,tennis
osm:way/1271496678,tennis
osm:way/1271496679,tennis
osm:way/1271496680,tennis
osm:way/1271496681,tennis
osm:way/1271496682,tennis
osm:way/1271496686,tennis
osm:way/1271496687,tennis
osm:way/1271503734,tennis
osm:way/1271503735,tennis
osm:way/1271503736,tennis
osm:way/1271503737,tennis
osm:way/1271503738,tennis
osm:way/1271503739,tennis
osm:way/1271503740,tennis
osm:way/1271503741,tennis
osm:way/1271503742,tennis
osm:way/1271503743,tennis
osm:way/1271503744,tennis
osm:way/1271503745,tennis
osm:way/1271503746,tennis
osm:way/1271503747,tennis
osm:way/1271503748,tennis
osm:way/1271503749,tennis
osm:way/1271503750,tennis
osm:way/1271503751,tennis
osm:way/1271503752,tennis
osm:way/1271504643,volleyball
osm:way/1271504644,volleyball
osm:way/1272076147,volleyball
osm:way/1273541759,basketball
osm:way/1274188661,fitness
osm:way/1274512867,basketball
osm:way/1275453389,football
osm:way/1279858616,basketball
osm:way/1280244281,football
osm:way/1280244282,volleyball
osm:way/1284382889,football
osm:way/1284382890,basketball
osm:way/1285796334,basketball
osm:way/1285796335,basketball
osm:way/1285796336,basketball
osm:way/1285796337,football
osm:way/1285796338,football
osm:way/1290442547,fitness
osm:way/1290442555,football
osm:way/1290494857,volleyball
osm:way/1290495139,fitness
osm:way/1290495927,basketball
osm:way/1290496808,football
osm:way/1291006401,football
osm:way/1294762188,fitness
osm:way/1297408569,fitness
osm:way/1297408570,tennis
osm:way/1297408572,basketball
osm:way/1297408572,football
osm:way/1297682650,basketball
osm:way/1302348043,tennis
osm:way/1302348044,fitness
osm:way/1302354759,volleyball
osm:way/1305581395,football
osm:way/1307913342,basketball
osm:way/1313914162,tennis
osm:way/1313914163,tennis
osm:way/1313914164,tennis
osm:way/1313914165,tennis
osm:way/1313914166,tennis
osm:way/1313914168,tennis
osm:way/1313914169,tennis
osm:way/1313914170,volleyball
osm:way/1313914174,basketball
osm:way/1313914175,basketball
osm:way/1315363119,tennis
osm:way/1316321119,volleyball
osm:way/1318199264,fitness
osm:way/1318518245,basketball
osm:way/1318518246,volleyball
osm:way/1318518247,tennis
osm:way/1318518248,tennis
osm:way/1318518249,tennis
osm:way/1318518250,tennis
osm:way/1319699633,tennis
osm:way/1319699634,tennis
osm:way/1319699635,tennis
osm:way/1319699636,tennis
osm:way/1319699637,tennis
osm:way/1319699638,tennis
osm:way/1319699639,tennis
osm:way/1319699640,tennis
osm:way/1319699641,tennis
osm:way/1319699642,tennis
osm:way/1319699645,tennis
osm:way/1319699646,tennis
osm:way/1319699647,tennis
osm:way/1319699648,tennis
osm:way/1319699649,tennis
osm:way/1319699650,tennis
osm:way/1319699651,tennis
osm:way/1319699652,tennis
osm:way/1319699653,tennis
osm:way/1319879001,tennis
osm:way/1319879002,basketball
osm:way/1319879002,football
osm:way/1320473787,basketball
osm:way/1320473787,football
osm:way/1323215937,basketball
osm:way/1323215938,basketball
osm:way/1323219273,volleyball
osm:way/1323219274,volleyball
osm:way/1323940563,football
osm:way/1327640670,volleyball
osm:way/1327640671,football
osm:way/1327640672,basketball
osm:way/1327641800,football
osm:way/1327641801,basketball
osm:way/1327641802,volleyball
osm:way/1327641803,basketball
osm:way/1328218140,basketball
osm:way/1328218140,football
osm:way/1328343363,volleyball
osm:way/1328343365,football
osm:way/1328344600,basketball
osm:way/1328344601,basketball
osm:way/1328344602,football
osm:way/1328626033,basketball
osm:way/1328626033,football
osm:way/1329372824,football
osm:way/1329372825,football
osm:way/1329372826,football
osm:way/1329372827,football
osm:way/1329372828,football
osm:way/1329848904,volleyball
osm:way/1329848905,basketball
osm:way/1329848905,football
osm:way/1329848906,basketball
osm:way/1329848906,football
osm:way/1330250102,basketball
osm:way/1330250102,tennis
osm:way/1330758177,tennis
osm:way/1330758178,tennis
osm:way/1330758179,tennis
osm:way/1330758181,football
osm:way/1330758182,football
osm:way/1331959225,basketball
osm:way/1331959226,football
osm:way/1335376568,fitness
osm:way/1337761650,basketball
osm:way/1339041446,basketball
osm:way/1339125179,volleyball
osm:way/1339125660,basketball
osm:way/1347307285,tennis
osm:way/1347307286,tennis
osm:way/1347307287,tennis
osm:way/1347307288,tennis
osm:way/1347307289,tennis
osm:way/1347309171,tennis
osm:way/1347309172,tennis
osm:way/1347309173,tennis
osm:way/1347309174,tennis
osm:way/1347309175,tennis
osm:way/1347309176,tennis
osm:way/1347309177,tennis
osm:way/1347309178,tennis
osm:way/1347309179,tennis
osm:way/1347309180,tennis
osm:way/1347309181,tennis
osm:way/1347309182,tennis
osm:way/1347309183,tennis
osm:way/1347309184,tennis
osm:way/1352416719,football
osm:way/1354165367,tennis
osm:way/1355025777,volleyball
osm:way/1355025778,volleyball
osm:way/1359340115,football
osm:way/1360983974,tennis
osm:way/1361819140,volleyball
osm:way/1362051466,basketball
osm:way/1362051467,basketball
osm:way/1363171676,football
osm:way/1364101807,tennis
osm:way/1366042820,volleyball
osm:way/1366042821,volleyball
osm:way/1366042822,volleyball
osm:way/1366042823,volleyball
osm:way/1366042824,volleyball
osm:way/1366042825,volleyball
osm:way/1366042826,volleyball
osm:way/1366042827,football
osm:way/1368123183,tennis
osm:way/1370350265,fitness
osm:way/1371682258,football
osm:way/1373098971,football
osm:way/1375673950,tennis
osm:way/1382137725,football
osm:way/1384035897,basketball
osm:way/1384035898,football
osm:way/1384398454,football
osm:way/1388388089,volleyball
osm:way/1389944687,tennis
osm:way/1390652280,tennis
osm:way/1392149339,football
osm:way/1414249062,football
osm:way/1414249063,basketball
osm:way/1414301388,fitness
osm:way/1416705610,volleyball
osm:way/1417680697,football
osm:way/1423405199,volleyball
osm:way/1423925954,tennis
osm:way/1423925955,tennis
osm:way/1423925956,tennis
osm:way/1425677272,volleyball
osm:way/1426092409,fitness
osm:way/1426092411,basketball
osm:way/1426092411,football
osm:way/1426698778,fitness
osm:way/1427371129,football
osm:way/1428782031,basketball
osm:way/1429933783,football
osm:way/1429969822,volleyball
osm:way/1434035137,basketball
osm:way/1434035138,football
osm:way/1434684417,football
osm:way/1435756769,tennis
osm:way/1442249776,fitness
osm:way/1442249778,basketball
osm:way/1444374117,basketball
osm:way/1444780657,football
osm:way/1446364465,tennis
osm:way/1453842852,tennis
osm:way/1453849435,fitness
osm:way/1453853116,football
osm:way/1454191325,football
osm:way/1454191326,football
osm:way/1454191327,football
osm:way/1454191328,football
osm:way/1454191329,basketball
osm:way/1454191329,football
osm:way/1454191330,basketball
osm:way/1454191332,basketball
osm:way/1456980998,fitness
osm:way/1463079144,basketball
osm:way/1463079144,football
osm:way/1463084743,football
osm:way/1466093592,tennis
osm:way/1466093593,tennis
osm:way/1466093594,tennis
osm:way/1466093595,tennis
osm:way/1466093596,tennis
osm:way/1466093597,tennis
osm:way/1466093598,tennis
osm:way/1466093599,tennis
osm:way/1466561573,swimming
osm:way/1473809120,football
osm:way/1484221421,football
osm:way/1487351217,basketball
osm:way/1488502018,football
osm:way/1488502021,tennis
osm:way/1488502022,basketball
osm:way/1488873353,football
osm:way/1489278524,football
osm:way/1490319841,fitness
osm:way/1490319842,football
osm:way/1495462094,football
osm:way/1495462095,football
osm:way/1495462096,football
osm:way/1497757994,fitness
osm:way/1499019930,football
osm:way/1501287140,volleyball
osm:way/1501373773,basketball
osm:way/1503098951,fitness
osm:way/1512519106,football
osm:way/1514439698,fitness
osm:way/1514439698,football
osm:way/1514439698,tennis
osm:way/1517351064,fitness
osm:way/1518769385,football
osm:way/1518769386,basketball
osm:way/1520038747,football
osm:way/1521381753,volleyball
osm:way/1521383602,basketball
osm:way/1524764142,football
osm:way/1525873788,tennis
osm:way/1526235339,volleyball
osm:way/1530879755,football
osm:way/1531728446,fitness
osm:way/1531728449,fitness
osm:way/1531728450,fitness
osm:way/1532999125,basketball
osm:way/1533852091,tennis
osm:way/1533852092,tennis
osm:way/1533852093,tennis
osm:way/1533852094,tennis
osm:way/1535474488,football
osm:way/1535476128,football
osm:way/1535476129,volleyball
osm:way/1535476133,football
osm:way/1535587670,football
osm:way/1537486042,football
osm:way/1539739171,swimming
osm:way/1540795203,basketball
osm:way/1541133800,basketball
osm:way/1544827494,football
osm:way/1544852039,volleyball
osm:way/1544852047,basketball
osm:way/1544852054,football
osm:way/1546722272,basketball
osm:way/1546757352,fitness
osm:way/1547399589,fitness
osm:way/1548198463,tennis
osm:way/1548198464,tennis
osm:way/1549339215,basketball
osm:way/1550506526,football
osm:way/1550823661,basketball
osm:way/1550823662,volleyball
osm:way/1551742289,tennis
osm:way/1557193046,football
osm:way/1560095022,tennis
osm:way/1561391045,basketball
osm:way/1561391046,basketball
osm:way/1561679756,volleyball
osm:way/1561679757,basketball
osm:relation/2742816,basketball
osm:relation/2759243,swimming
osm:relation/10082711,football
osm:relation/17231736,tennis
osm:relation/20709928,fitness
