key_a,key_b,sport,distance_m
wfs:SPORTSTAETTENOGD.16353,osm:way/489119605,basketball,18.1
wfs:SPORTSTAETTENOGD.16357,osm:way/176697635,basketball,30.8
wfs:SPORTSTAETTENOGD.16369,wfs:SPIELPLATZPUNKTOGD.2968073,basketball,13.7
wfs:SPORTSTAETTENOGD.16375,osm:way/414445548,basketball,32.7
wfs:SPORTSTAETTENOGD.16375,wfs:SPIELPLATZPUNKTOGD.2967558,basketball,15.7
wfs:SPORTSTAETTENOGD.16381,wfs:SPIELPLATZPUNKTOGD.2967493,basketball,22.3
wfs:SPORTSTAETTENOGD.11150,wfs:SPIELPLATZPUNKTOGD.2967474,basketball,28.6
wfs:SPORTSTAETTENOGD.11150,osm:way/98281099,basketball,15.2
wfs:SPORTSTAETTENOGD.11152,wfs:SPIELPLATZPUNKTOGD.2967722,basketball,9.8
wfs:SPORTSTAETTENOGD.11152,osm:way/232792449,basketball,17.3
wfs:SPORTSTAETTENOGD.11155,osm:way/313685639,basketball,30.5
wfs:SPORTSTAETTENOGD.11155,wfs:SPIELPLATZPUNKTOGD.2967811,basketball,16.3
wfs:SPORTSTAETTENOGD.11156,wfs:SPIELPLATZPUNKTOGD.2968090,basketball,25.0
wfs:SPORTSTAETTENOGD.11156,osm:way/191072131,basketball,12.9
wfs:SPORTSTAETTENOGD.11157,wfs:SPIELPLATZPUNKTOGD.2967824,basketball,26.5
wfs:SPORTSTAETTENOGD.11160,osm:way/1264918622,basketball,14.8
wfs:SPORTSTAETTENOGD.11160,osm:way/1264918623,basketball,35.0
wfs:SPORTSTAETTENOGD.11160,osm:way/28019007,basketball,23.1
wfs:SPORTSTAETTENOGD.11164,osm:way/312080859,basketball,23.1
wfs:SPORTSTAETTENOGD.11164,wfs:SPIELPLATZPUNKTOGD.2967370,basketball,3.7
wfs:SPORTSTAETTENOGD.11165,wfs:SPIELPLATZPUNKTOGD.2967929,basketball,21.9
wfs:SPORTSTAETTENOGD.11165,osm:node/10120617081,basketball,32.8
wfs:SPORTSTAETTENOGD.11165,osm:way/1106015452,basketball,29.5
wfs:SPORTSTAETTENOGD.11167,osm:node/807587684,basketball,2.2
wfs:SPORTSTAETTENOGD.11168,osm:way/1185472682,basketball,6.7
wfs:SPORTSTAETTENOGD.11168,wfs:SPIELPLATZPUNKTOGD.2967953,basketball,10.6
wfs:SPORTSTAETTENOGD.11171,osm:way/183169284,basketball,22.9
wfs:SPORTSTAETTENOGD.11171,wfs:SPIELPLATZPUNKTOGD.2967680,basketball,28.5
wfs:SPORTSTAETTENOGD.11172,osm:way/290208239,basketball,3.8
wfs:SPORTSTAETTENOGD.11172,wfs:SPIELPLATZPUNKTOGD.2968126,basketball,24.8
wfs:SPORTSTAETTENOGD.11173,wfs:SPIELPLATZPUNKTOGD.2967706,basketball,8.1
wfs:SPORTSTAETTENOGD.11173,osm:way/117744488,basketball,3.1
wfs:SPORTSTAETTENOGD.11177,osm:way/154863142,basketball,2.0
wfs:SPORTSTAETTENOGD.11177,wfs:SPIELPLATZPUNKTOGD.2967602,basketball,9.9
wfs:SPORTSTAETTENOGD.11180,wfs:SPIELPLATZPUNKTOGD.2968077,basketball,20.7
wfs:SPORTSTAETTENOGD.11180,osm:way/1005408655,basketball,5.8
wfs:SPORTSTAETTENOGD.11185,wfs:SPIELPLATZPUNKTOGD.2967724,basketball,21.0
wfs:SPORTSTAETTENOGD.11185,osm:way/317131931,basketball,19.5
wfs:SPORTSTAETTENOGD.11189,osm:way/317021851,basketball,37.0
wfs:SPORTSTAETTENOGD.11189,wfs:SPIELPLATZPUNKTOGD.2967593,basketball,25.1
wfs:SPORTSTAETTENOGD.11190,wfs:SPIELPLATZPUNKTOGD.2967938,basketball,2.9
wfs:SPORTSTAETTENOGD.11190,osm:way/172404825,basketball,18.8
wfs:SPORTSTAETTENOGD.11196,wfs:SPIELPLATZPUNKTOGD.2967710,basketball,17.6
wfs:SPORTSTAETTENOGD.11196,osm:relation/2742816,basketball,6.4
wfs:SPORTSTAETTENOGD.11197,wfs:SPIELPLATZPUNKTOGD.2967704,basketball,4.2
wfs:SPORTSTAETTENOGD.11198,osm:way/96056573,basketball,11.1
wfs:SPORTSTAETTENOGD.11198,wfs:SPIELPLATZPUNKTOGD.2968002,basketball,24.0
wfs:SPORTSTAETTENOGD.11200,osm:way/117047428,basketball,22.9
wfs:SPORTSTAETTENOGD.11200,wfs:SPIELPLATZPUNKTOGD.2967646,basketball,16.1
wfs:SPORTSTAETTENOGD.16003,wfs:SPIELPLATZPUNKTOGD.2967735,basketball,29.4
wfs:SPORTSTAETTENOGD.16026,wfs:SPIELPLATZPUNKTOGD.2967471,basketball,17.5
wfs:SPORTSTAETTENOGD.16027,wfs:SPIELPLATZPUNKTOGD.2967387,basketball,14.4
wfs:SPORTSTAETTENOGD.16027,osm:way/1193325475,basketball,2.1
wfs:SPORTSTAETTENOGD.16028,osm:way/1193188805,basketball,11.7
wfs:SPORTSTAETTENOGD.16028,wfs:SPIELPLATZPUNKTOGD.2967537,basketball,29.5
wfs:SPORTSTAETTENOGD.16032,wfs:SPIELPLATZPUNKTOGD.2967934,basketball,26.2
wfs:SPORTSTAETTENOGD.16033,osm:way/158730055,basketball,12.1
wfs:SPORTSTAETTENOGD.16033,wfs:SPIELPLATZPUNKTOGD.2967417,basketball,3.2
wfs:SPORTSTAETTENOGD.16034,wfs:SPIELPLATZPUNKTOGD.2968005,basketball,13.7
wfs:SPORTSTAETTENOGD.16034,osm:way/1187367129,basketball,23.8
wfs:SPORTSTAETTENOGD.16039,wfs:SPIELPLATZPUNKTOGD.2967570,basketball,32.3
wfs:SPORTSTAETTENOGD.16039,osm:way/884295175,basketball,36.9
wfs:SPORTSTAETTENOGD.16040,osm:way/91614497,basketball,1.1
wfs:SPORTSTAETTENOGD.16051,wfs:SPIELPLATZPUNKTOGD.2967686,basketball,34.9
wfs:SPORTSTAETTENOGD.16051,osm:way/228626894,basketball,31.7
wfs:SPORTSTAETTENOGD.16053,osm:way/494251835,basketball,1.8
wfs:SPORTSTAETTENOGD.16057,osm:way/319342071,basketball,18.7
wfs:SPORTSTAETTENOGD.16057,wfs:SPIELPLATZPUNKTOGD.2967629,basketball,6.9
wfs:SPORTSTAETTENOGD.16057,osm:way/319342067,basketball,12.1
wfs:SPORTSTAETTENOGD.16063,osm:way/104984728,basketball,15.2
wfs:SPORTSTAETTENOGD.16066,wfs:SPIELPLATZPUNKTOGD.2967582,basketball,19.3
wfs:SPORTSTAETTENOGD.16067,osm:way/30447424,basketball,21.2
wfs:SPORTSTAETTENOGD.16071,osm:way/160656329,basketball,2.2
wfs:SPORTSTAETTENOGD.16071,wfs:SPIELPLATZPUNKTOGD.2967377,basketball,24.9
wfs:SPORTSTAETTENOGD.16073,wfs:SPIELPLATZPUNKTOGD.2967827,basketball,38.2
wfs:SPORTSTAETTENOGD.16092,osm:way/136447721,basketball,35.5
wfs:SPORTSTAETTENOGD.16096,osm:node/9741204037,basketball,21.0
wfs:SPORTSTAETTENOGD.16096,wfs:SPIELPLATZPUNKTOGD.2967608,basketball,9.2
wfs:SPORTSTAETTENOGD.16096,osm:node/9735031317,basketball,37.2
wfs:SPORTSTAETTENOGD.16101,osm:way/198097829,basketball,1.0
wfs:SPORTSTAETTENOGD.16103,wfs:SPORTSTAETTENOGD.16104,basketball,0.0
wfs:SPORTSTAETTENOGD.16103,wfs:SPIELPLATZPUNKTOGD.2967604,basketball,14.2
wfs:SPORTSTAETTENOGD.16103,osm:way/207022421,basketball,21.4
wfs:SPORTSTAETTENOGD.16104,wfs:SPIELPLATZPUNKTOGD.2967604,basketball,14.2
wfs:SPORTSTAETTENOGD.16104,osm:way/207022421,basketball,21.4
wfs:SPORTSTAETTENOGD.16107,wfs:SPIELPLATZPUNKTOGD.2967804,basketball,3.1
wfs:SPORTSTAETTENOGD.16111,osm:way/1329848906,basketball,19.7
wfs:SPORTSTAETTENOGD.16111,osm:way/1329848905,basketball,5.2
wfs:SPORTSTAETTENOGD.16111,wfs:SPIELPLATZPUNKTOGD.2967556,basketball,19.1
wfs:SPORTSTAETTENOGD.16113,wfs:SPIELPLATZPUNKTOGD.2967891,basketball,24.5
wfs:SPORTSTAETTENOGD.16113,osm:way/675876305,basketball,12.9
wfs:SPORTSTAETTENOGD.16114,wfs:SPIELPLATZPUNKTOGD.2967887,basketball,15.6
wfs:SPORTSTAETTENOGD.16118,wfs:SPIELPLATZPUNKTOGD.2968101,basketball,9.8
wfs:SPORTSTAETTENOGD.16120,wfs:SPIELPLATZPUNKTOGD.2967917,basketball,25.9
wfs:SPORTSTAETTENOGD.16132,wfs:SPIELPLATZPUNKTOGD.2967960,basketball,14.4
wfs:SPORTSTAETTENOGD.16133,wfs:SPIELPLATZPUNKTOGD.2968022,basketball,34.0
wfs:SPORTSTAETTENOGD.16134,wfs:SPIELPLATZPUNKTOGD.2967701,basketball,23.7
wfs:SPORTSTAETTENOGD.16136,osm:way/36117693,basketball,5.6
wfs:SPORTSTAETTENOGD.16136,wfs:SPIELPLATZPUNKTOGD.2967838,basketball,16.1
wfs:SPORTSTAETTENOGD.16139,osm:way/865694194,basketball,20.2
wfs:SPORTSTAETTENOGD.16139,wfs:SPIELPLATZPUNKTOGD.2967818,basketball,3.4
wfs:SPORTSTAETTENOGD.16141,osm:way/1181153484,basketball,6.9
wfs:SPORTSTAETTENOGD.16146,wfs:SPIELPLATZPUNKTOGD.2967897,basketball,22.4
wfs:SPORTSTAETTENOGD.16146,osm:way/84467225,basketball,7.0
wfs:SPORTSTAETTENOGD.16147,wfs:SPIELPLATZPUNKTOGD.2967829,basketball,12.7
wfs:SPORTSTAETTENOGD.16150,osm:way/158722447,basketball,1.6
wfs:SPORTSTAETTENOGD.16150,wfs:SPIELPLATZPUNKTOGD.2967596,basketball,23.7
wfs:SPORTSTAETTENOGD.16151,wfs:SPIELPLATZPUNKTOGD.2967689,basketball,39.5
wfs:SPORTSTAETTENOGD.16155,wfs:SPIELPLATZPUNKTOGD.2967749,basketball,5.0
wfs:SPORTSTAETTENOGD.16155,osm:way/133387751,basketball,24.5
wfs:SPORTSTAETTENOGD.16157,wfs:SPIELPLATZPUNKTOGD.2967414,basketball,7.8
wfs:SPORTSTAETTENOGD.16167,wfs:SPIELPLATZPUNKTOGD.2967966,basketball,6.7
wfs:SPORTSTAETTENOGD.16168,wfs:SPIELPLATZPUNKTOGD.2968048,basketball,14.6
wfs:SPORTSTAETTENOGD.16168,osm:way/80018917,basketball,5.7
wfs:SPORTSTAETTENOGD.16170,wfs:SPIELPLATZPUNKTOGD.2968041,basketball,11.5
wfs:SPORTSTAETTENOGD.16178,wfs:SPIELPLATZPUNKTOGD.2968013,basketball,13.8
wfs:SPORTSTAETTENOGD.16178,osm:way/335750171,basketball,25.7
wfs:SPORTSTAETTENOGD.16181,osm:way/110311466,basketball,6.2
wfs:SPORTSTAETTENOGD.16181,wfs:SPIELPLATZPUNKTOGD.2967791,basketball,25.5
wfs:SPORTSTAETTENOGD.16184,wfs:SPIELPLATZPUNKTOGD.2967683,basketball,6.3
wfs:SPORTSTAETTENOGD.16184,osm:way/1549339215,basketball,10.6
wfs:SPORTSTAETTENOGD.16187,wfs:SPIELPLATZPUNKTOGD.2968008,basketball,27.5
wfs:SPORTSTAETTENOGD.16194,osm:way/176338503,basketball,18.1
wfs:SPORTSTAETTENOGD.16194,wfs:SPIELPLATZPUNKTOGD.2967399,basketball,9.3
wfs:SPORTSTAETTENOGD.16196,wfs:SPIELPLATZPUNKTOGD.2968034,basketball,26.3
wfs:SPORTSTAETTENOGD.16196,osm:way/174516793,basketball,0.7
wfs:SPORTSTAETTENOGD.16199,wfs:SPIELPLATZPUNKTOGD.2967495,basketball,0.9
wfs:SPORTSTAETTENOGD.16199,osm:way/175898587,basketball,17.1
wfs:SPORTSTAETTENOGD.16200,osm:way/1279858616,basketball,8.3
wfs:SPORTSTAETTENOGD.16201,wfs:SPIELPLATZPUNKTOGD.2967393,basketball,25.3
wfs:SPORTSTAETTENOGD.16202,wfs:SPIELPLATZPUNKTOGD.2967928,basketball,12.1
wfs:SPORTSTAETTENOGD.16206,wfs:SPIELPLATZPUNKTOGD.2967486,basketball,25.5
wfs:SPORTSTAETTENOGD.16207,wfs:SPIELPLATZPUNKTOGD.2967925,basketball,11.7
wfs:SPORTSTAETTENOGD.16207,osm:way/154511887,basketball,3.0
wfs:SPORTSTAETTENOGD.16209,wfs:SPIELPLATZPUNKTOGD.2968019,basketball,12.9
wfs:SPORTSTAETTENOGD.16210,osm:way/544579970,basketball,33.6
wfs:SPORTSTAETTENOGD.16210,wfs:SPIELPLATZPUNKTOGD.2967564,basketball,36.5
wfs:SPORTSTAETTENOGD.16214,osm:way/181338733,basketball,5.8
wfs:SPORTSTAETTENOGD.16214,wfs:SPIELPLATZPUNKTOGD.2967613,basketball,9.9
wfs:SPORTSTAETTENOGD.16215,osm:way/951514935,basketball,8.8
wfs:SPORTSTAETTENOGD.16215,wfs:SPIELPLATZPUNKTOGD.2967512,basketball,7.0
wfs:SPORTSTAETTENOGD.16216,wfs:SPIELPLATZPUNKTOGD.2967560,basketball,4.7
wfs:SPORTSTAETTENOGD.16217,osm:way/916601058,basketball,25.0
wfs:SPORTSTAETTENOGD.16217,wfs:SPIELPLATZPUNKTOGD.2967388,basketball,5.5
wfs:SPORTSTAETTENOGD.16220,osm:way/28159271,basketball,25.3
wfs:SPORTSTAETTENOGD.16220,wfs:SPIELPLATZPUNKTOGD.2967832,basketball,5.5
wfs:SPORTSTAETTENOGD.16222,wfs:SPIELPLATZPUNKTOGD.2967888,basketball,7.9
wfs:SPORTSTAETTENOGD.16222,osm:way/302749036,basketball,22.4
wfs:SPORTSTAETTENOGD.16228,wfs:SPIELPLATZPUNKTOGD.2967931,basketball,29.6
wfs:SPORTSTAETTENOGD.16229,wfs:SPIELPLATZPUNKTOGD.2967617,basketball,3.7
wfs:SPORTSTAETTENOGD.16237,wfs:SPIELPLATZPUNKTOGD.2967458,basketball,2.1
wfs:SPORTSTAETTENOGD.16237,osm:way/28456480,basketball,11.3
wfs:SPORTSTAETTENOGD.16238,osm:way/611790696,basketball,2.1
wfs:SPORTSTAETTENOGD.16238,wfs:SPIELPLATZPUNKTOGD.2967620,basketball,12.3
wfs:SPORTSTAETTENOGD.16241,wfs:SPIELPLATZPUNKTOGD.2967889,basketball,10.4
wfs:SPORTSTAETTENOGD.16241,osm:way/223104597,basketball,1.3
wfs:SPORTSTAETTENOGD.16243,wfs:SPIELPLATZPUNKTOGD.2968120,basketball,24.1
wfs:SPORTSTAETTENOGD.16247,osm:way/1181437082,basketball,38.5
wfs:SPORTSTAETTENOGD.16247,wfs:SPIELPLATZPUNKTOGD.2967698,basketball,15.2
wfs:SPORTSTAETTENOGD.16248,osm:way/175484400,basketball,34.1
wfs:SPORTSTAETTENOGD.16248,wfs:SPIELPLATZPUNKTOGD.2967716,basketball,38.4
wfs:SPORTSTAETTENOGD.16257,osm:way/175811539,basketball,2.1
wfs:SPORTSTAETTENOGD.16257,wfs:SPIELPLATZPUNKTOGD.2967920,basketball,6.8
wfs:SPORTSTAETTENOGD.16258,osm:node/10013973589,basketball,30.7
wfs:SPORTSTAETTENOGD.16259,osm:way/217298558,basketball,3.4
wfs:SPORTSTAETTENOGD.16260,osm:way/305503396,basketball,30.0
wfs:SPORTSTAETTENOGD.16261,wfs:SPIELPLATZPUNKTOGD.2967575,basketball,33.6
wfs:SPORTSTAETTENOGD.16261,osm:way/366303125,basketball,23.9
wfs:SPORTSTAETTENOGD.16290,wfs:SPIELPLATZPUNKTOGD.2967503,basketball,20.5
wfs:SPORTSTAETTENOGD.16290,osm:way/1148988771,basketball,32.0
wfs:SPORTSTAETTENOGD.16293,wfs:SPIELPLATZPUNKTOGD.2967967,basketball,14.1
wfs:SPORTSTAETTENOGD.16293,osm:way/798522548,basketball,25.8
wfs:SPORTSTAETTENOGD.16265,wfs:SPIELPLATZPUNKTOGD.2967466,basketball,6.6
wfs:SPORTSTAETTENOGD.16266,osm:way/905072177,basketball,11.6
wfs:SPORTSTAETTENOGD.16270,wfs:SPIELPLATZPUNKTOGD.2967398,basketball,24.5
wfs:SPORTSTAETTENOGD.16270,osm:way/817545515,basketball,1.4
wfs:SPORTSTAETTENOGD.16271,wfs:SPIELPLATZPUNKTOGD.2967759,basketball,25.1
wfs:SPORTSTAETTENOGD.16272,osm:way/817849323,basketball,1.1
wfs:SPORTSTAETTENOGD.16272,wfs:SPIELPLATZPUNKTOGD.2968054,basketball,17.2
wfs:SPORTSTAETTENOGD.16273,osm:way/23813303,basketball,4.4
wfs:SPORTSTAETTENOGD.16280,wfs:SPIELPLATZPUNKTOGD.2967591,basketball,5.2
wfs:SPORTSTAETTENOGD.16284,wfs:SPIELPLATZPUNKTOGD.2968023,basketball,6.0
wfs:SPORTSTAETTENOGD.16294,wfs:SPIELPLATZPUNKTOGD.2967384,basketball,7.6
wfs:SPORTSTAETTENOGD.16299,wfs:SPIELPLATZPUNKTOGD.2967424,basketball,6.0
wfs:SPORTSTAETTENOGD.16299,osm:way/914438838,basketball,3.1
wfs:SPORTSTAETTENOGD.16311,osm:way/907850813,basketball,9.2
wfs:SPORTSTAETTENOGD.16311,wfs:SPIELPLATZPUNKTOGD.2968052,basketball,16.1
wfs:SPORTSTAETTENOGD.16314,wfs:SPIELPLATZPUNKTOGD.2967621,basketball,4.5
wfs:SPORTSTAETTENOGD.16317,wfs:SPIELPLATZPUNKTOGD.2967472,basketball,6.1
wfs:SPORTSTAETTENOGD.16318,osm:way/34155951,basketball,34.5
wfs:SPORTSTAETTENOGD.16323,wfs:SPIELPLATZPUNKTOGD.2967611,basketball,12.4
wfs:SPORTSTAETTENOGD.16324,wfs:SPIELPLATZPUNKTOGD.2967833,basketball,27.0
wfs:SPORTSTAETTENOGD.16329,osm:way/1290495927,basketball,17.7
wfs:SPORTSTAETTENOGD.16329,wfs:SPIELPLATZPUNKTOGD.2967543,basketball,23.4
wfs:SPORTSTAETTENOGD.16344,wfs:SPIELPLATZPUNKTOGD.2967721,basketball,33.1
wfs:SPORTSTAETTENOGD.16398,wfs:SPIELPLATZPUNKTOGD.2967751,basketball,1.5
wfs:SPORTSTAETTENOGD.16410,wfs:SPIELPLATZPUNKTOGD.2968102,basketball,24.8
wfs:SPORTSTAETTENOGD.16411,wfs:SPIELPLATZPUNKTOGD.2967814,basketball,22.2
wfs:SPORTSTAETTENOGD.16425,osm:way/153530199,basketball,24.9
wfs:SPORTSTAETTENOGD.16429,osm:way/396425940,basketball,0.2
wfs:SPORTSTAETTENOGD.16429,wfs:SPIELPLATZPUNKTOGD.2967386,basketball,6.4
wfs:SPORTSTAETTENOGD.16431,osm:way/105055214,basketball,27.7
wfs:SPORTSTAETTENOGD.16433,wfs:SPIELPLATZPUNKTOGD.2968095,basketball,27.8
wfs:SPORTSTAETTENOGD.16433,osm:way/70011798,basketball,19.4
wfs:SPORTSTAETTENOGD.16436,wfs:SPIELPLATZPUNKTOGD.2967394,basketball,22.4
wfs:SPORTSTAETTENOGD.16437,wfs:SPIELPLATZPUNKTOGD.2967475,basketball,20.6
wfs:SPORTSTAETTENOGD.16437,osm:way/36191354,basketball,24.0
wfs:SPORTSTAETTENOGD.16440,osm:way/24369373,basketball,28.2
wfs:SPORTSTAETTENOGD.16442,wfs:SPIELPLATZPUNKTOGD.2967444,basketball,31.7
wfs:SPORTSTAETTENOGD.16443,wfs:SPIELPLATZPUNKTOGD.2968043,basketball,34.5
wfs:SPORTSTAETTENOGD.16443,osm:way/158028099,basketball,16.1
wfs:SPORTSTAETTENOGD.16444,wfs:SPIELPLATZPUNKTOGD.2967431,basketball,29.8
wfs:SPORTSTAETTENOGD.16444,osm:way/160577110,basketball,9.7
wfs:SPORTSTAETTENOGD.16444,osm:way/105308801,basketball,14.0
wfs:SPORTSTAETTENOGD.16446,osm:way/62149225,basketball,10.7
wfs:SPORTSTAETTENOGD.16447,wfs:SPIELPLATZPUNKTOGD.2968006,basketball,10.6
wfs:SPORTSTAETTENOGD.16447,osm:way/533648108,basketball,3.1
wfs:SPORTSTAETTENOGD.16448,wfs:SPIELPLATZPUNKTOGD.2967569,basketball,8.6
wfs:SPORTSTAETTENOGD.16448,osm:way/105033500,basketball,22.2
wfs:SPORTSTAETTENOGD.16450,wfs:SPIELPLATZPUNKTOGD.2967598,basketball,29.1
wfs:SPORTSTAETTENOGD.16450,osm:way/1190661584,basketball,10.0
wfs:SPORTSTAETTENOGD.16461,wfs:SPIELPLATZPUNKTOGD.2967975,basketball,27.7
wfs:SPORTSTAETTENOGD.16466,wfs:SPIELPLATZPUNKTOGD.2967632,basketball,33.6
wfs:SPORTSTAETTENOGD.16472,wfs:SPIELPLATZPUNKTOGD.2967996,basketball,19.9
wfs:SPORTSTAETTENOGD.16477,wfs:SPIELPLATZPUNKTOGD.2967817,basketball,13.8
wfs:SPORTSTAETTENOGD.16477,osm:way/47498498,basketball,1.9
wfs:SPORTSTAETTENOGD.16478,osm:way/133862470,basketball,23.7
wfs:SPORTSTAETTENOGD.16479,osm:way/1328344601,basketball,10.0
wfs:SPORTSTAETTENOGD.16479,osm:way/1328344600,basketball,22.0
wfs:SPORTSTAETTENOGD.16481,osm:way/243087159,basketball,11.2
wfs:SPORTSTAETTENOGD.16481,wfs:SPIELPLATZPUNKTOGD.2967797,basketball,15.5
wfs:SPORTSTAETTENOGD.16484,wfs:SPIELPLATZPUNKTOGD.2967561,basketball,14.3
wfs:SPORTSTAETTENOGD.16484,osm:way/318070949,basketball,2.4
wfs:SPORTSTAETTENOGD.16491,osm:way/1015267135,basketball,33.8
wfs:SPORTSTAETTENOGD.16501,osm:node/12955159318,basketball,27.0
wfs:SPORTSTAETTENOGD.16513,osm:way/321015628,basketball,21.5
wfs:SPORTSTAETTENOGD.16547,wfs:SPIELPLATZPUNKTOGD.2968060,basketball,32.6
wfs:SPORTSTAETTENOGD.16547,osm:way/1222020481,basketball,19.7
wfs:SPORTSTAETTENOGD.16549,wfs:SPIELPLATZPUNKTOGD.2967439,basketball,15.6
wfs:SPORTSTAETTENOGD.16555,osm:way/36857061,basketball,26.3
wfs:SPORTSTAETTENOGD.16556,osm:way/26937799,basketball,1.6
wfs:SPORTSTAETTENOGD.16564,osm:way/521218910,basketball,25.7
wfs:SPORTSTAETTENOGD.16572,wfs:SPIELPLATZPUNKTOGD.2967993,basketball,17.7
wfs:SPORTSTAETTENOGD.16576,wfs:SPIELPLATZPUNKTOGD.2968044,basketball,30.9
wfs:SPORTSTAETTENOGD.16576,osm:way/1327640672,basketball,36.1
wfs:SPORTSTAETTENOGD.16578,wfs:SPIELPLATZPUNKTOGD.2967878,basketball,7.1
wfs:SPORTSTAETTENOGD.16584,wfs:SPIELPLATZPUNKTOGD.2968056,basketball,28.1
wfs:SPORTSTAETTENOGD.16584,osm:way/48545725,basketball,31.7
wfs:SPORTSTAETTENOGD.16585,osm:node/12955159320,basketball,4.4
wfs:SPORTSTAETTENOGD.16587,wfs:SPIELPLATZPUNKTOGD.2967836,basketball,28.1
wfs:SPORTSTAETTENOGD.16595,osm:way/343466822,basketball,16.9
wfs:SPORTSTAETTENOGD.16595,wfs:SPIELPLATZPUNKTOGD.2967729,basketball,19.7
wfs:SPORTSTAETTENOGD.16695,osm:way/297862988,basketball,38.7
wfs:SPORTSTAETTENOGD.17328,wfs:SPIELPLATZPUNKTOGD.2967936,basketball,1.0
wfs:SPORTSTAETTENOGD.17330,wfs:SPIELPLATZPUNKTOGD.2967939,basketball,33.8
wfs:SPORTSTAETTENOGD.17330,osm:way/586719848,basketball,1.4
wfs:SPORTSTAETTENOGD.17332,osm:way/392347130,basketball,4.9
wfs:SPORTSTAETTENOGD.17332,wfs:SPIELPLATZPUNKTOGD.2967603,basketball,3.9
wfs:SPORTSTAETTENOGD.17349,wfs:SPIELPLATZPUNKTOGD.2967396,basketball,19.7
wfs:SPORTSTAETTENOGD.17350,osm:way/504434955,basketball,4.2
wfs:SPORTSTAETTENOGD.17350,wfs:SPIELPLATZPUNKTOGD.2967571,basketball,9.2
wfs:SPORTSTAETTENOGD.17305,osm:way/1004575983,basketball,30.5
wfs:SPORTSTAETTENOGD.17305,wfs:SPIELPLATZPUNKTOGD.2968027,basketball,31.9
wfs:SPORTSTAETTENOGD.17307,osm:way/1544852047,basketball,7.2
wfs:SPORTSTAETTENOGD.17307,wfs:SPIELPLATZPUNKTOGD.2967712,basketball,15.5
wfs:SPORTSTAETTENOGD.17309,wfs:SPIELPLATZPUNKTOGD.2967992,basketball,14.6
wfs:SPORTSTAETTENOGD.17310,wfs:SPIELPLATZPUNKTOGD.2968000,basketball,13.4
wfs:SPORTSTAETTENOGD.17314,osm:way/30796273,basketball,7.1
wfs:SPORTSTAETTENOGD.17314,wfs:SPIELPLATZPUNKTOGD.2967935,basketball,15.1
wfs:SPORTSTAETTENOGD.17316,osm:node/11413397028,basketball,25.6
wfs:SPORTSTAETTENOGD.17316,wfs:SPIELPLATZPUNKTOGD.2967702,basketball,34.4
wfs:SPORTSTAETTENOGD.17319,osm:way/698238898,basketball,36.5
wfs:SPORTSTAETTENOGD.17319,wfs:SPIELPLATZPUNKTOGD.2967713,basketball,21.7
wfs:SPORTSTAETTENOGD.17325,osm:node/12806225660,basketball,0.7
wfs:SPORTSTAETTENOGD.17325,wfs:SPIELPLATZPUNKTOGD.2967799,basketball,18.4
wfs:SPORTSTAETTENOGD.17361,wfs:SPIELPLATZPUNKTOGD.2967643,basketball,23.9
wfs:SPORTSTAETTENOGD.17363,osm:way/36828828,basketball,5.2
wfs:SPORTSTAETTENOGD.17363,wfs:SPIELPLATZPUNKTOGD.2967990,basketball,4.9
wfs:SPORTSTAETTENOGD.17364,wfs:SPIELPLATZPUNKTOGD.2967921,basketball,12.2
wfs:SPORTSTAETTENOGD.17364,osm:way/43328267,basketball,1.3
wfs:SPORTSTAETTENOGD.17365,osm:way/1193188770,basketball,13.7
wfs:SPORTSTAETTENOGD.17365,wfs:SPIELPLATZPUNKTOGD.2967552,basketball,24.4
wfs:SPORTSTAETTENOGD.17366,wfs:SPIELPLATZPUNKTOGD.2967470,basketball,21.6
wfs:SPORTSTAETTENOGD.17366,osm:way/890507960,basketball,38.3
wfs:SPORTSTAETTENOGD.17424,osm:node/675546635,basketball,5.8
wfs:SPORTSTAETTENOGD.17424,wfs:SPIELPLATZPUNKTOGD.2967459,basketball,17.7
wfs:SPORTSTAETTENOGD.17429,osm:way/1004578747,basketball,7.3
wfs:SPORTSTAETTENOGD.17429,wfs:SPIELPLATZPUNKTOGD.2967532,basketball,35.5
wfs:SPORTSTAETTENOGD.17432,osm:way/499387417,basketball,0.6
wfs:SPORTSTAETTENOGD.17432,wfs:SPIELPLATZPUNKTOGD.2968119,basketball,32.1
wfs:SPORTSTAETTENOGD.17432,osm:way/1169011682,basketball,35.6
wfs:SPORTSTAETTENOGD.17437,osm:way/919238769,basketball,11.5
wfs:SPORTSTAETTENOGD.17437,wfs:SPIELPLATZPUNKTOGD.2967786,basketball,36.7
wfs:SPORTSTAETTENOGD.17445,osm:way/309455701,basketball,9.7
wfs:SPORTSTAETTENOGD.17445,wfs:SPIELPLATZPUNKTOGD.2967974,basketball,14.7
wfs:SPORTSTAETTENOGD.17466,osm:node/12955159319,basketball,20.8
wfs:SPORTSTAETTENOGD.17471,wfs:SPIELPLATZPUNKTOGD.2967527,basketball,39.5
wfs:SPORTSTAETTENOGD.17471,osm:way/610623255,basketball,1.3
wfs:SPORTSTAETTENOGD.17474,osm:way/155364426,basketball,20.5
wfs:SPORTSTAETTENOGD.17474,wfs:SPIELPLATZPUNKTOGD.2967531,basketball,5.6
wfs:SPORTSTAETTENOGD.17478,wfs:SPIELPLATZPUNKTOGD.2968111,basketball,28.0
wfs:SPIELPLATZPUNKTOGD.2967486,osm:way/326589297,basketball,23.8
wfs:SPIELPLATZPUNKTOGD.2967493,osm:way/1532999125,basketball,21.8
wfs:SPIELPLATZPUNKTOGD.2967495,osm:way/175898587,basketball,17.6
wfs:SPIELPLATZPUNKTOGD.2967503,osm:way/1148988771,basketball,12.7
wfs:SPIELPLATZPUNKTOGD.2967504,osm:way/1284382890,basketball,38.8
wfs:SPIELPLATZPUNKTOGD.2967570,osm:way/884295175,basketball,14.3
wfs:SPIELPLATZPUNKTOGD.2967571,osm:way/504434955,basketball,13.3
wfs:SPIELPLATZPUNKTOGD.2967575,osm:way/366303125,basketball,12.1
wfs:SPIELPLATZPUNKTOGD.2967596,osm:way/158722447,basketball,23.4
wfs:SPIELPLATZPUNKTOGD.2967598,osm:way/1190661584,basketball,39.1
wfs:SPIELPLATZPUNKTOGD.2967602,osm:way/154863142,basketball,11.4
wfs:SPIELPLATZPUNKTOGD.2967603,osm:way/392347130,basketball,5.0
wfs:SPIELPLATZPUNKTOGD.2967604,osm:way/207022421,basketball,7.6
wfs:SPIELPLATZPUNKTOGD.2967608,osm:node/9741204037,basketball,24.8
wfs:SPIELPLATZPUNKTOGD.2967608,osm:node/9735031317,basketball,32.0
wfs:SPIELPLATZPUNKTOGD.2967610,osm:way/298301577,basketball,0.3
wfs:SPIELPLATZPUNKTOGD.2967613,osm:way/181338733,basketball,9.5
wfs:SPIELPLATZPUNKTOGD.2967617,osm:way/833320508,basketball,38.7
wfs:SPIELPLATZPUNKTOGD.2967619,osm:way/154563608,basketball,0.0
wfs:SPIELPLATZPUNKTOGD.2967620,osm:way/611790696,basketball,10.2
wfs:SPIELPLATZPUNKTOGD.2967629,osm:way/319342071,basketball,12.1
wfs:SPIELPLATZPUNKTOGD.2967629,osm:way/319342067,basketball,10.5
wfs:SPIELPLATZPUNKTOGD.2967645,osm:way/1015267135,basketball,34.6
wfs:SPIELPLATZPUNKTOGD.2967646,osm:way/117047428,basketball,15.1
wfs:SPIELPLATZPUNKTOGD.2967653,osm:way/130645765,basketball,30.7
wfs:SPIELPLATZPUNKTOGD.2967655,osm:way/183336951,basketball,20.8
wfs:SPIELPLATZPUNKTOGD.2967667,osm:way/1414249063,basketball,7.8
wfs:SPIELPLATZPUNKTOGD.2967668,osm:way/648740788,basketball,18.5
wfs:SPIELPLATZPUNKTOGD.2967680,osm:way/183169284,basketball,21.7
wfs:SPIELPLATZPUNKTOGD.2967683,osm:way/1549339215,basketball,4.6
wfs:SPIELPLATZPUNKTOGD.2967686,osm:way/228626894,basketball,9.2
wfs:SPIELPLATZPUNKTOGD.2967689,osm:way/27043589,basketball,23.1
wfs:SPIELPLATZPUNKTOGD.2967698,osm:way/1181437082,basketball,38.9
wfs:SPIELPLATZPUNKTOGD.2967706,osm:way/117744488,basketball,5.6
wfs:SPIELPLATZPUNKTOGD.2967710,osm:relation/2742816,basketball,11.7
wfs:SPIELPLATZPUNKTOGD.2967712,osm:way/1544852047,basketball,16.5
wfs:SPIELPLATZPUNKTOGD.2967713,osm:way/698238898,basketball,15.3
wfs:SPIELPLATZPUNKTOGD.2967714,osm:way/1238958348,basketball,15.4
wfs:SPIELPLATZPUNKTOGD.2967716,osm:way/175484400,basketball,16.4
wfs:SPIELPLATZPUNKTOGD.2967717,osm:way/110980888,basketball,15.9
wfs:SPIELPLATZPUNKTOGD.2967718,osm:way/110982384,basketball,19.1
wfs:SPIELPLATZPUNKTOGD.2967722,osm:way/232792449,basketball,12.0
wfs:SPIELPLATZPUNKTOGD.2967724,osm:way/317131931,basketball,5.3
wfs:SPIELPLATZPUNKTOGD.2967729,osm:way/343466822,basketball,33.1
wfs:SPIELPLATZPUNKTOGD.2967735,osm:way/1307913342,basketball,25.4
wfs:SPIELPLATZPUNKTOGD.2967512,osm:way/951514935,basketball,4.8
wfs:SPIELPLATZPUNKTOGD.2967527,osm:way/610623255,basketball,38.4
wfs:SPIELPLATZPUNKTOGD.2967531,osm:way/155364426,basketball,14.9
wfs:SPIELPLATZPUNKTOGD.2967537,osm:way/1193188805,basketball,23.2
wfs:SPIELPLATZPUNKTOGD.2967537,osm:way/160577113,basketball,32.4
wfs:SPIELPLATZPUNKTOGD.2967539,osm:node/10013973589,basketball,37.9
wfs:SPIELPLATZPUNKTOGD.2967543,osm:way/1290495927,basketball,18.6
wfs:SPIELPLATZPUNKTOGD.2967544,osm:way/31362681,basketball,0.3
wfs:SPIELPLATZPUNKTOGD.2967552,osm:way/1193188770,basketball,36.9
wfs:SPIELPLATZPUNKTOGD.2967556,osm:way/1329848906,basketball,29.8
wfs:SPIELPLATZPUNKTOGD.2967556,osm:way/1329848905,basketball,22.2
wfs:SPIELPLATZPUNKTOGD.2967558,osm:way/414445548,basketball,19.1
wfs:SPIELPLATZPUNKTOGD.2967561,osm:way/318070949,basketball,12.0
wfs:SPIELPLATZPUNKTOGD.2967564,osm:way/544579970,basketball,11.7
wfs:SPIELPLATZPUNKTOGD.2967569,osm:way/105033500,basketball,14.3
wfs:SPIELPLATZPUNKTOGD.2967365,osm:way/298854269,basketball,10.6
wfs:SPIELPLATZPUNKTOGD.2967370,osm:way/312080859,basketball,21.8
wfs:SPIELPLATZPUNKTOGD.2967372,osm:way/1273541759,basketball,39.8
wfs:SPIELPLATZPUNKTOGD.2967375,osm:way/175814607,basketball,0.2
wfs:SPIELPLATZPUNKTOGD.2967377,osm:way/160656329,basketball,27.1
wfs:SPIELPLATZPUNKTOGD.2967380,osm:way/1003562590,basketball,28.7
wfs:SPIELPLATZPUNKTOGD.2967386,osm:way/396425940,basketball,6.3
wfs:SPIELPLATZPUNKTOGD.2967387,osm:way/1193325475,basketball,16.5
wfs:SPIELPLATZPUNKTOGD.2967388,osm:way/916601058,basketball,27.7
wfs:SPIELPLATZPUNKTOGD.2967393,osm:way/1210144791,basketball,38.8
wfs:SPIELPLATZPUNKTOGD.2967398,osm:way/817545515,basketball,24.4
wfs:SPIELPLATZPUNKTOGD.2967399,osm:way/176338503,basketball,11.7
wfs:SPIELPLATZPUNKTOGD.2967416,osm:way/158730070,basketball,9.1
wfs:SPIELPLATZPUNKTOGD.2967417,osm:way/158730055,basketball,12.5
wfs:SPIELPLATZPUNKTOGD.2967424,osm:way/914438838,basketball,4.2
wfs:SPIELPLATZPUNKTOGD.2967431,osm:way/160577110,basketball,33.1
wfs:SPIELPLATZPUNKTOGD.2967431,osm:way/105308801,basketball,28.4
wfs:SPIELPLATZPUNKTOGD.2967444,osm:way/105033501,basketball,34.0
wfs:SPIELPLATZPUNKTOGD.2967449,osm:way/241428814,basketball,23.5
wfs:SPIELPLATZPUNKTOGD.2967458,osm:way/28456480,basketball,13.2
wfs:SPIELPLATZPUNKTOGD.2967459,osm:node/675546635,basketball,14.6
wfs:SPIELPLATZPUNKTOGD.2967470,osm:way/890507960,basketball,25.2
wfs:SPIELPLATZPUNKTOGD.2967474,osm:way/98281099,basketball,13.3
wfs:SPIELPLATZPUNKTOGD.2967475,osm:way/36191354,basketball,27.8
wfs:SPIELPLATZPUNKTOGD.2967476,osm:way/800398856,basketball,12.6
wfs:SPIELPLATZPUNKTOGD.2967478,osm:way/202099161,basketball,0.4
wfs:SPIELPLATZPUNKTOGD.2967888,osm:way/302749036,basketball,24.1
wfs:SPIELPLATZPUNKTOGD.2967889,osm:way/223104597,basketball,9.6
wfs:SPIELPLATZPUNKTOGD.2967891,osm:way/675876305,basketball,13.8
wfs:SPIELPLATZPUNKTOGD.2967897,osm:way/84467225,basketball,16.4
wfs:SPIELPLATZPUNKTOGD.2967898,osm:way/31321184,basketball,5.1
wfs:SPIELPLATZPUNKTOGD.2967967,osm:way/798522548,basketball,27.1
wfs:SPIELPLATZPUNKTOGD.2967974,osm:way/309455701,basketball,5.3
wfs:SPIELPLATZPUNKTOGD.2967979,osm:way/34389399,basketball,11.4
wfs:SPIELPLATZPUNKTOGD.2967983,osm:way/249047455,basketball,0.4
wfs:SPIELPLATZPUNKTOGD.2967990,osm:way/36828828,basketball,0.4
wfs:SPIELPLATZPUNKTOGD.2967991,osm:way/1331959225,basketball,11.0
wfs:SPIELPLATZPUNKTOGD.2967994,osm:way/352013957,basketball,11.8
wfs:SPIELPLATZPUNKTOGD.2968002,osm:way/96056573,basketball,15.7
wfs:SPIELPLATZPUNKTOGD.2968005,osm:way/1187367129,basketball,13.8
wfs:SPIELPLATZPUNKTOGD.2968006,osm:way/533648108,basketball,7.7
wfs:SPIELPLATZPUNKTOGD.2968007,osm:way/27057044,basketball,9.0
wfs:SPIELPLATZPUNKTOGD.2968013,osm:way/335750171,basketball,28.8
wfs:SPIELPLATZPUNKTOGD.2968022,osm:way/514998029,basketball,31.6
wfs:SPIELPLATZPUNKTOGD.2968024,osm:way/1102187242,basketball,14.5
wfs:SPIELPLATZPUNKTOGD.2968027,osm:way/1004575983,basketball,1.4
wfs:SPIELPLATZPUNKTOGD.2968034,osm:way/174516793,basketball,25.7
wfs:SPIELPLATZPUNKTOGD.2968035,osm:way/1203262856,basketball,15.8
wfs:SPIELPLATZPUNKTOGD.2968035,osm:node/12271149548,basketball,20.1
wfs:SPIELPLATZPUNKTOGD.2968038,osm:way/580403521,basketball,23.1
wfs:SPIELPLATZPUNKTOGD.2968043,osm:way/158028099,basketball,23.0
wfs:SPIELPLATZPUNKTOGD.2968048,osm:way/80018917,basketball,10.1
wfs:SPIELPLATZPUNKTOGD.2968050,osm:way/489890008,basketball,0.3
wfs:SPIELPLATZPUNKTOGD.2968052,osm:way/907850813,basketball,22.7
wfs:SPIELPLATZPUNKTOGD.2968054,osm:way/817849323,basketball,16.8
wfs:SPIELPLATZPUNKTOGD.2968056,osm:way/48545725,basketball,3.7
wfs:SPIELPLATZPUNKTOGD.2968061,osm:way/105618494,basketball,39.5
wfs:SPIELPLATZPUNKTOGD.2968077,osm:way/1005408655,basketball,16.1
wfs:SPIELPLATZPUNKTOGD.2968080,osm:way/766683275,basketball,33.8
wfs:SPIELPLATZPUNKTOGD.2968081,osm:way/466709038,basketball,17.8
wfs:SPIELPLATZPUNKTOGD.2968086,osm:way/948549375,basketball,6.0
wfs:SPIELPLATZPUNKTOGD.2968090,osm:way/191072131,basketball,36.1
wfs:SPIELPLATZPUNKTOGD.2968095,osm:way/70011798,basketball,8.5
wfs:SPIELPLATZPUNKTOGD.2968102,osm:way/157110605,basketball,31.8
wfs:SPIELPLATZPUNKTOGD.2968117,osm:way/175507228,basketball,14.5
wfs:SPIELPLATZPUNKTOGD.2968119,osm:way/499387417,basketball,31.8
wfs:SPIELPLATZPUNKTOGD.2968119,osm:way/1169011682,basketball,3.5
wfs:SPIELPLATZPUNKTOGD.2968126,osm:way/290208239,basketball,28.6
wfs:SPIELPLATZPUNKTOGD.2968127,osm:way/164005019,basketball,4.9
wfs:SPIELPLATZPUNKTOGD.2967906,osm:node/9985580540,basketball,27.2
wfs:SPIELPLATZPUNKTOGD.2967912,osm:way/461223708,basketball,4.2
wfs:SPIELPLATZPUNKTOGD.2967917,osm:node/8963152397,basketball,23.7
wfs:SPIELPLATZPUNKTOGD.2967920,osm:way/175811539,basketball,6.1
wfs:SPIELPLATZPUNKTOGD.2967921,osm:way/43328267,basketball,12.6
wfs:SPIELPLATZPUNKTOGD.2967925,osm:way/154511887,basketball,13.8
wfs:SPIELPLATZPUNKTOGD.2967929,osm:node/10120617081,basketball,25.2
wfs:SPIELPLATZPUNKTOGD.2967929,osm:way/1106015452,basketball,17.3
wfs:SPIELPLATZPUNKTOGD.2967931,osm:way/563351735,basketball,23.8
wfs:SPIELPLATZPUNKTOGD.2967934,osm:way/544242810,basketball,16.0
wfs:SPIELPLATZPUNKTOGD.2967935,osm:way/30796273,basketball,11.0
wfs:SPIELPLATZPUNKTOGD.2967938,osm:way/172404825,basketball,16.4
wfs:SPIELPLATZPUNKTOGD.2967939,osm:way/586719848,basketball,35.1
wfs:SPIELPLATZPUNKTOGD.2967953,osm:way/1185472682,basketball,16.4
wfs:SPIELPLATZPUNKTOGD.2967749,osm:way/133387751,basketball,24.2
wfs:SPIELPLATZPUNKTOGD.2967754,osm:way/1112715337,basketball,10.1
wfs:SPIELPLATZPUNKTOGD.2967758,osm:way/1185355671,basketball,6.2
wfs:SPIELPLATZPUNKTOGD.2967768,osm:way/407746611,basketball,6.9
wfs:SPIELPLATZPUNKTOGD.2967786,osm:way/919238769,basketball,28.4
wfs:SPIELPLATZPUNKTOGD.2967791,osm:way/110311466,basketball,31.5
wfs:SPIELPLATZPUNKTOGD.2967797,osm:way/243087159,basketball,21.2
wfs:SPIELPLATZPUNKTOGD.2967799,osm:node/12806225660,basketball,19.2
wfs:SPIELPLATZPUNKTOGD.2967811,osm:way/313685639,basketball,14.4
wfs:SPIELPLATZPUNKTOGD.2967813,osm:way/1197762212,basketball,19.3
wfs:SPIELPLATZPUNKTOGD.2967814,osm:way/424791849,basketball,30.4
wfs:SPIELPLATZPUNKTOGD.2967817,osm:way/47498498,basketball,14.2
wfs:SPIELPLATZPUNKTOGD.2967818,osm:way/865694194,basketball,17.4
wfs:SPIELPLATZPUNKTOGD.2967828,osm:way/1190891106,basketball,19.2
wfs:SPIELPLATZPUNKTOGD.2967832,osm:way/28159271,basketball,20.9
wfs:SPIELPLATZPUNKTOGD.2967838,osm:way/36117693,basketball,15.6
wfs:SPIELPLATZPUNKTOGD.2967846,osm:way/105079529,basketball,24.6
osm:node/10120617081,osm:way/1106015452,basketball,8.6
osm:node/12271149548,osm:way/1203262856,basketball,4.4
osm:way/26434870,osm:way/26434876,basketball,31.5
osm:way/28019007,osm:way/1264918622,basketball,18.1
osm:way/28019007,osm:way/1264918623,basketball,16.4
osm:way/44384737,osm:way/1541133800,basketball,29.7
osm:way/83500444,osm:way/83500451,basketball,38.6
osm:way/83500444,osm:way/83500449,basketball,39.0
osm:way/105208768,osm:way/105618494,basketball,22.5
osm:way/105308801,osm:way/160577110,basketball,23.7
osm:way/153530198,osm:way/153530199,basketball,16.0
osm:way/297862988,osm:way/1259086827,basketball,28.5
osm:way/319342067,osm:way/319342071,basketball,19.1
osm:way/330402050,osm:way/1266772353,basketball,15.6
osm:way/499387417,osm:way/1169011682,basketball,35.3
osm:way/522244144,osm:way/522244145,basketball,15.3
osm:way/549004122,osm:way/549004123,basketball,25.4
osm:way/890507960,osm:way/890507971,basketball,24.6
osm:way/1264918622,osm:way/1264918623,basketball,23.0
osm:way/1285796334,osm:way/1285796335,basketball,22.1
osm:way/1285796335,osm:way/1285796336,basketball,22.1
osm:way/1313914174,osm:way/1313914175,basketball,10.3
osm:way/1323215937,osm:way/1323215938,basketball,27.3
osm:way/1328344600,osm:way/1328344601,basketball,17.8
osm:way/1329848905,osm:way/1329848906,basketball,23.9
osm:way/1362051466,osm:way/1362051467,basketball,17.1
osm:way/1454191329,osm:way/1454191330,basketball,19.5
osm:way/1454191329,osm:way/1454191332,basketball,35.6
osm:way/1454191330,osm:way/1454191332,basketball,16.1
osm:way/1561391045,osm:way/1561391046,basketball,15.1
wfs:SPORTSTAETTENOGD.16354,wfs:SPIELPLATZPUNKTOGD.2967725,fitness,14.0
wfs:SPORTSTAETTENOGD.16046,osm:node/2047691655,fitness,1.8
wfs:SPORTSTAETTENOGD.16051,wfs:SPIELPLATZPUNKTOGD.2967686,fitness,34.9
wfs:SPORTSTAETTENOGD.16071,osm:node/8429777492,fitness,9.0
wfs:SPORTSTAETTENOGD.16071,wfs:SPIELPLATZPUNKTOGD.2967377,fitness,24.9
wfs:SPORTSTAETTENOGD.16096,wfs:SPIELPLATZPUNKTOGD.2967608,fitness,9.2
wfs:SPORTSTAETTENOGD.16126,osm:way/589694258,fitness,20.7
wfs:SPORTSTAETTENOGD.16126,wfs:SPIELPLATZPUNKTOGD.2967669,fitness,27.3
wfs:SPORTSTAETTENOGD.16135,osm:way/817528940,fitness,2.7
wfs:SPORTSTAETTENOGD.16149,wfs:SPORTSTAETTENOGD.17432,fitness,35.0
wfs:SPORTSTAETTENOGD.16149,wfs:SPIELPLATZPUNKTOGD.2968119,fitness,2.9
wfs:SPORTSTAETTENOGD.16149,wfs:SPIELPLATZPUNKTOGD.2968028,fitness,16.8
wfs:SPORTSTAETTENOGD.16149,osm:node/9560719373,fitness,34.7
wfs:SPORTSTAETTENOGD.16149,osm:way/704092716,fitness,35.3
wfs:SPORTSTAETTENOGD.16181,wfs:SPIELPLATZPUNKTOGD.2967791,fitness,25.5
wfs:SPORTSTAETTENOGD.16199,osm:node/13195888464,fitness,18.4
wfs:SPORTSTAETTENOGD.16199,wfs:SPIELPLATZPUNKTOGD.2967495,fitness,0.9
wfs:SPORTSTAETTENOGD.16204,osm:node/4947039623,fitness,12.1
wfs:SPORTSTAETTENOGD.16255,osm:way/202619053,fitness,25.2
wfs:SPORTSTAETTENOGD.16483,osm:way/297285024,fitness,26.2
wfs:SPORTSTAETTENOGD.16483,osm:way/1426092409,fitness,36.6
wfs:SPORTSTAETTENOGD.16587,osm:way/1220057153,fitness,22.9
wfs:SPORTSTAETTENOGD.16587,wfs:SPIELPLATZPUNKTOGD.2967836,fitness,28.1
wfs:SPORTSTAETTENOGD.17349,wfs:SPIELPLATZPUNKTOGD.2967396,fitness,19.7
wfs:SPORTSTAETTENOGD.17352,wfs:SPIELPLATZPUNKTOGD.2967373,fitness,5.5
wfs:SPORTSTAETTENOGD.17353,osm:way/458549026,fitness,20.4
wfs:SPORTSTAETTENOGD.17353,osm:way/458549016,fitness,22.4
wfs:SPORTSTAETTENOGD.17353,osm:way/458549015,fitness,15.8
wfs:SPORTSTAETTENOGD.17353,osm:way/458549036,fitness,3.7
wfs:SPORTSTAETTENOGD.17353,osm:way/458549035,fitness,18.5
wfs:SPORTSTAETTENOGD.17353,osm:way/458549012,fitness,26.1
wfs:SPORTSTAETTENOGD.17353,osm:way/342521386,fitness,22.5
wfs:SPORTSTAETTENOGD.17353,wfs:SPIELPLATZPUNKTOGD.2967737,fitness,31.7
wfs:SPORTSTAETTENOGD.17353,osm:way/458549027,fitness,34.6
wfs:SPORTSTAETTENOGD.17353,osm:way/458549014,fitness,37.0
wfs:SPORTSTAETTENOGD.17309,wfs:SPIELPLATZPUNKTOGD.2967992,fitness,14.6
wfs:SPORTSTAETTENOGD.17365,wfs:SPIELPLATZPUNKTOGD.2967552,fitness,24.4
wfs:SPORTSTAETTENOGD.17427,wfs:SPIELPLATZPUNKTOGD.2967777,fitness,2.0
wfs:SPORTSTAETTENOGD.17431,wfs:SPIELPLATZPUNKTOGD.2967464,fitness,10.3
wfs:SPORTSTAETTENOGD.17432,wfs:SPIELPLATZPUNKTOGD.2968119,fitness,32.1
wfs:SPORTSTAETTENOGD.17432,wfs:SPIELPLATZPUNKTOGD.2968028,fitness,37.1
wfs:SPORTSTAETTENOGD.17433,osm:way/428805959,fitness,13.7
wfs:SPORTSTAETTENOGD.17435,wfs:SPIELPLATZPUNKTOGD.2967872,fitness,32.8
wfs:SPORTSTAETTENOGD.17442,wfs:SPIELPLATZPUNKTOGD.2967460,fitness,27.6
wfs:SPORTSTAETTENOGD.17444,wfs:SPIELPLATZPUNKTOGD.2967760,fitness,14.5
wfs:SPORTSTAETTENOGD.17466,osm:node/12955159319,fitness,20.8
wfs:SPORTSTAETTENOGD.17473,osm:way/544412455,fitness,39.5
wfs:SPORTSTAETTENOGD.17473,wfs:SPIELPLATZPUNKTOGD.2967869,fitness,17.4
wfs:SPIELPLATZPUNKTOGD.2967495,osm:node/13195888464,fitness,17.9
wfs:SPIELPLATZPUNKTOGD.2967497,osm:node/12985398248,fitness,30.7
wfs:SPIELPLATZPUNKTOGD.2967500,osm:way/610305782,fitness,0.2
wfs:SPIELPLATZPUNKTOGD.2967587,osm:way/907831051,fitness,1.2
wfs:SPIELPLATZPUNKTOGD.2967593,osm:way/1169252343,fitness,31.4
wfs:SPIELPLATZPUNKTOGD.2967593,osm:node/10117126308,fitness,34.2
wfs:SPIELPLATZPUNKTOGD.2967600,osm:way/631525645,fitness,2.1
wfs:SPIELPLATZPUNKTOGD.2967630,osm:node/10560035236,fitness,21.3
wfs:SPIELPLATZPUNKTOGD.2967636,osm:node/13075702344,fitness,6.6
wfs:SPIELPLATZPUNKTOGD.2967645,osm:way/1024957347,fitness,31.2
wfs:SPIELPLATZPUNKTOGD.2967667,osm:node/12997206396,fitness,13.3
wfs:SPIELPLATZPUNKTOGD.2967669,osm:way/589694258,fitness,37.9
wfs:SPIELPLATZPUNKTOGD.2967688,osm:node/3906099212,fitness,25.3
wfs:SPIELPLATZPUNKTOGD.2967695,osm:node/4986399400,fitness,25.2
wfs:SPIELPLATZPUNKTOGD.2967700,osm:node/13097600411,fitness,19.4
wfs:SPIELPLATZPUNKTOGD.2967702,osm:node/11953999686,fitness,33.6
wfs:SPIELPLATZPUNKTOGD.2967702,osm:node/11953999687,fitness,31.9
wfs:SPIELPLATZPUNKTOGD.2967723,osm:way/1212738989,fitness,6.7
wfs:SPIELPLATZPUNKTOGD.2967737,osm:way/458549036,fitness,28.8
wfs:SPIELPLATZPUNKTOGD.2967737,osm:way/458549035,fitness,19.8
wfs:SPIELPLATZPUNKTOGD.2967737,osm:way/342521386,fitness,11.7
wfs:SPIELPLATZPUNKTOGD.2967737,osm:way/458549027,fitness,19.7
wfs:SPIELPLATZPUNKTOGD.2967737,osm:way/458549014,fitness,35.7
wfs:SPIELPLATZPUNKTOGD.2967513,osm:way/1165481434,fitness,23.0
wfs:SPIELPLATZPUNKTOGD.2967532,osm:node/11958614774,fitness,23.3
wfs:SPIELPLATZPUNKTOGD.2967532,osm:node/11958614772,fitness,21.8
wfs:SPIELPLATZPUNKTOGD.2967532,osm:node/11958614773,fitness,20.3
wfs:SPIELPLATZPUNKTOGD.2967539,osm:way/242848149,fitness,25.4
wfs:SPIELPLATZPUNKTOGD.2967543,osm:way/1318199264,fitness,15.1
wfs:SPIELPLATZPUNKTOGD.2967543,osm:way/1290495139,fitness,8.8
wfs:SPIELPLATZPUNKTOGD.2967545,osm:way/1219582587,fitness,23.0
wfs:SPIELPLATZPUNKTOGD.2967545,osm:way/626363581,fitness,30.5
wfs:SPIELPLATZPUNKTOGD.2967564,osm:way/1119209918,fitness,14.8
wfs:SPIELPLATZPUNKTOGD.2967377,osm:node/8429777492,fitness,15.9
wfs:SPIELPLATZPUNKTOGD.2967379,osm:node/9202686769,fitness,28.2
wfs:SPIELPLATZPUNKTOGD.2967390,osm:way/1214011056,fitness,12.0
wfs:SPIELPLATZPUNKTOGD.2967411,osm:way/812578146,fitness,0.3
wfs:SPIELPLATZPUNKTOGD.2967417,osm:node/13755097223,fitness,21.1
wfs:SPIELPLATZPUNKTOGD.2967417,osm:way/1193188776,fitness,15.7
wfs:SPIELPLATZPUNKTOGD.2967417,osm:node/13755113424,fitness,21.6
wfs:SPIELPLATZPUNKTOGD.2967417,osm:node/13755150402,fitness,14.8
wfs:SPIELPLATZPUNKTOGD.2967417,osm:node/13755161422,fitness,13.3
wfs:SPIELPLATZPUNKTOGD.2967417,osm:node/13755079147,fitness,11.8
wfs:SPIELPLATZPUNKTOGD.2967436,osm:way/1056859047,fitness,22.6
wfs:SPIELPLATZPUNKTOGD.2967436,osm:way/608438197,fitness,29.5
wfs:SPIELPLATZPUNKTOGD.2967437,osm:node/13774385423,fitness,19.2
wfs:SPIELPLATZPUNKTOGD.2967450,osm:way/1517351064,fitness,33.4
wfs:SPIELPLATZPUNKTOGD.2967450,osm:relation/20709928,fitness,22.0
wfs:SPIELPLATZPUNKTOGD.2967455,osm:node/11650296428,fitness,4.3
wfs:SPIELPLATZPUNKTOGD.2967455,osm:node/11650296432,fitness,8.8
wfs:SPIELPLATZPUNKTOGD.2967455,osm:node/11650296431,fitness,30.8
wfs:SPIELPLATZPUNKTOGD.2967460,osm:node/9804790196,fitness,14.8
wfs:SPIELPLATZPUNKTOGD.2967466,osm:node/11880913958,fitness,35.6
wfs:SPIELPLATZPUNKTOGD.2967473,osm:node/5598723984,fitness,28.1
wfs:SPIELPLATZPUNKTOGD.2967477,osm:way/242848148,fitness,3.5
wfs:SPIELPLATZPUNKTOGD.2967886,osm:way/1204253645,fitness,36.4
wfs:SPIELPLATZPUNKTOGD.2967887,osm:node/13326206124,fitness,16.2
wfs:SPIELPLATZPUNKTOGD.2967972,osm:node/11075063453,fitness,0.5
wfs:SPIELPLATZPUNKTOGD.2967986,osm:node/11327602773,fitness,29.7
wfs:SPIELPLATZPUNKTOGD.2967992,osm:node/12843991025,fitness,34.9
wfs:SPIELPLATZPUNKTOGD.2968028,wfs:SPIELPLATZPUNKTOGD.2968119,fitness,16.5
wfs:SPIELPLATZPUNKTOGD.2968028,osm:node/9560719373,fitness,32.2
wfs:SPIELPLATZPUNKTOGD.2968034,osm:node/13249683282,fitness,29.3
wfs:SPIELPLATZPUNKTOGD.2968061,osm:node/5250893084,fitness,12.7
wfs:SPIELPLATZPUNKTOGD.2968061,osm:node/5250893083,fitness,18.2
wfs:SPIELPLATZPUNKTOGD.2968061,osm:node/6394657748,fitness,6.2
wfs:SPIELPLATZPUNKTOGD.2968061,osm:node/6394657747,fitness,4.1
wfs:SPIELPLATZPUNKTOGD.2968061,osm:node/6394657749,fitness,12.1
wfs:SPIELPLATZPUNKTOGD.2968061,osm:node/5250893082,fitness,25.4
wfs:SPIELPLATZPUNKTOGD.2968061,osm:node/6394657750,fitness,18.3
wfs:SPIELPLATZPUNKTOGD.2968070,osm:node/9216224226,fitness,7.1
wfs:SPIELPLATZPUNKTOGD.2968088,osm:node/6253910696,fitness,1.2
wfs:SPIELPLATZPUNKTOGD.2968095,osm:way/70011801,fitness,29.3
wfs:SPIELPLATZPUNKTOGD.2968103,osm:way/1547399589,fitness,16.3
wfs:SPIELPLATZPUNKTOGD.2968112,osm:node/12878641901,fitness,39.1
wfs:SPIELPLATZPUNKTOGD.2968119,osm:node/9560719373,fitness,37.2
wfs:SPIELPLATZPUNKTOGD.2968119,osm:way/704092716,fitness,38.2
wfs:SPIELPLATZPUNKTOGD.2967926,osm:node/12877238435,fitness,38.6
wfs:SPIELPLATZPUNKTOGD.2967926,osm:node/12877326818,fitness,32.9
wfs:SPIELPLATZPUNKTOGD.2967928,osm:node/8415995156,fitness,33.6
wfs:SPIELPLATZPUNKTOGD.2967928,osm:way/905956215,fitness,4.2
wfs:SPIELPLATZPUNKTOGD.2967930,osm:node/8111481464,fitness,34.9
wfs:SPIELPLATZPUNKTOGD.2967930,osm:node/12579243645,fitness,21.6
wfs:SPIELPLATZPUNKTOGD.2967930,osm:node/12579247601,fitness,21.9
wfs:SPIELPLATZPUNKTOGD.2967931,osm:node/8587246304,fitness,27.7
wfs:SPIELPLATZPUNKTOGD.2967931,osm:node/8587220289,fitness,20.2
wfs:SPIELPLATZPUNKTOGD.2967931,osm:node/8587249875,fitness,23.4
wfs:SPIELPLATZPUNKTOGD.2967942,osm:node/9804850091,fitness,33.4
wfs:SPIELPLATZPUNKTOGD.2967958,osm:way/1039176696,fitness,10.9
wfs:SPIELPLATZPUNKTOGD.2967755,osm:node/5700001768,fitness,2.8
wfs:SPIELPLATZPUNKTOGD.2967771,osm:way/1138655213,fitness,25.5
wfs:SPIELPLATZPUNKTOGD.2967814,osm:way/997443086,fitness,5.9
wfs:SPIELPLATZPUNKTOGD.2967815,osm:node/3705384739,fitness,6.9
wfs:SPIELPLATZPUNKTOGD.2967836,osm:way/1220057153,fitness,32.8
wfs:SPIELPLATZPUNKTOGD.2967836,osm:way/1220057107,fitness,36.8
wfs:SPIELPLATZPUNKTOGD.2967864,osm:way/1211260137,fitness,13.2
wfs:SPIELPLATZPUNKTOGD.2967869,osm:way/544412455,fitness,22.2
wfs:SPIELPLATZPUNKTOGD.2967872,osm:way/345097343,fitness,26.0
osm:node/1462379305,osm:node/6048952984,fitness,4.1
osm:node/1729271333,osm:node/4096953612,fitness,24.7
osm:node/4096953611,osm:node/4096953612,fitness,20.5
osm:node/4471382066,osm:node/12294458413,fitness,14.4
osm:node/4814006952,osm:node/14077510292,fitness,31.6
osm:node/5145450037,osm:node/5163787025,fitness,20.3
osm:node/5250893082,osm:node/5250893084,fitness,18.1
osm:node/5250893082,osm:node/5250893083,fitness,8.6
osm:node/5250893082,osm:node/6394657748,fitness,19.2
osm:node/5250893082,osm:node/6394657747,fitness,26.9
osm:node/5250893082,osm:node/6394657749,fitness,13.6
osm:node/5250893082,osm:node/6394657750,fitness,9.0
osm:node/5250893083,osm:node/5250893084,fitness,9.5
osm:node/5250893083,osm:node/6394657748,fitness,12.2
osm:node/5250893083,osm:node/6394657747,fitness,20.5
osm:node/5250893083,osm:node/6394657749,fitness,8.2
osm:node/5250893083,osm:node/6394657750,fitness,8.6
osm:node/5250893084,osm:node/6394657748,fitness,9.0
osm:node/5250893084,osm:node/6394657747,fitness,16.3
osm:node/5250893084,osm:node/6394657749,fitness,10.5
osm:node/5250893084,osm:node/6394657750,fitness,15.5
osm:node/5314965710,osm:node/5314965711,fitness,5.5
osm:node/5517324542,osm:way/894515992,fitness,0.4
osm:node/6027654441,osm:node/13373822293,fitness,17.5
osm:node/6394657747,osm:node/6394657748,fitness,8.4
osm:node/6394657747,osm:node/6394657749,fitness,13.3
osm:node/6394657747,osm:node/6394657750,fitness,18.9
osm:node/6394657748,osm:node/6394657749,fitness,6.0
osm:node/6394657748,osm:node/6394657750,fitness,12.5
osm:node/6394657749,osm:node/6394657750,fitness,6.5
osm:node/6452062564,osm:node/10133117361,fitness,29.8
osm:node/6547661930,osm:node/6551215012,fitness,34.6
osm:node/8314277147,osm:node/11650296431,fitness,37.4
osm:node/8314277147,osm:node/11650296430,fitness,3.5
osm:node/8415995156,osm:way/905956215,fitness,37.9
osm:node/8587220289,osm:node/8587246304,fitness,7.5
osm:node/8587220289,osm:node/8587249875,fitness,4.7
osm:node/8587246304,osm:node/8587249875,fitness,5.3
osm:node/9560719373,osm:way/704092716,fitness,16.4
osm:node/9813252017,osm:node/13588053654,fitness,20.0
osm:node/10117126308,osm:way/1169252343,fitness,2.8
osm:node/11356878125,osm:node/13573878185,fitness,32.7
osm:node/11650296428,osm:node/11650296432,fitness,11.9
osm:node/11650296428,osm:node/11650296431,fitness,33.5
osm:node/11650296430,osm:node/11650296431,fitness,34.0
osm:node/11650296431,osm:node/11650296432,fitness,22.0
osm:node/11880879452,osm:node/11880879453,fitness,2.3
osm:node/11953999686,osm:node/11953999687,fitness,4.7
osm:node/11958614772,osm:node/11958614774,fitness,1.4
osm:node/11958614772,osm:node/11958614773,fitness,1.6
osm:node/11958614773,osm:node/11958614774,fitness,3.0
osm:node/12504235424,osm:node/12504235425,fitness,8.9
osm:node/12579243645,osm:node/12579247601,fitness,34.1
osm:node/12691202411,osm:way/1370350265,fitness,0.8
osm:node/12843991021,osm:node/12843991025,fitness,14.7
osm:node/12877238435,osm:node/12877326818,fitness,5.8
osm:node/13361217838,osm:node/13361217839,fitness,0.9
osm:node/13361217838,osm:node/13361217841,fitness,3.0
osm:node/13361217838,osm:node/13361217842,fitness,3.7
osm:node/13361217838,osm:way/1453849435,fitness,3.4
osm:node/13361217838,osm:node/13361217840,fitness,5.0
osm:node/13361217838,osm:way/1456980998,fitness,10.2
osm:node/13361217838,osm:node/13361217843,fitness,10.1
osm:node/13361217838,osm:node/13362224398,fitness,21.2
osm:node/13361217839,osm:node/13361217841,fitness,2.6
osm:node/13361217839,osm:node/13361217842,fitness,3.4
osm:node/13361217839,osm:way/1453849435,fitness,3.3
osm:node/13361217839,osm:node/13361217840,fitness,5.4
osm:node/13361217839,osm:way/1456980998,fitness,10.1
osm:node/13361217839,osm:node/13361217843,fitness,10.0
osm:node/13361217839,osm:node/13362224398,fitness,21.1
osm:node/13361217840,osm:node/13361217841,fitness,4.2
osm:node/13361217840,osm:node/13361217842,fitness,3.6
osm:node/13361217840,osm:way/1453849435,fitness,3.1
osm:node/13361217840,osm:way/1456980998,fitness,6.3
osm:node/13361217840,osm:node/13361217843,fitness,6.2
osm:node/13361217840,osm:node/13362224398,fitness,16.9
osm:node/13361217841,osm:node/13361217842,fitness,1.0
osm:node/13361217841,osm:way/1453849435,fitness,1.1
osm:node/13361217841,osm:way/1456980998,fitness,7.6
osm:node/13361217841,osm:node/13361217843,fitness,7.6
osm:node/13361217841,osm:node/13362224398,fitness,18.7
osm:node/13361217842,osm:way/1453849435,fitness,0.6
osm:node/13361217842,osm:way/1456980998,fitness,6.7
osm:node/13361217842,osm:node/13361217843,fitness,6.6
osm:node/13361217842,osm:node/13362224398,fitness,17.7
osm:node/13361217843,osm:way/1453849435,fitness,6.7
osm:node/13361217843,osm:way/1456980998,fitness,0.2
osm:node/13361217843,osm:node/13362224398,fitness,11.2
osm:node/13362224398,osm:way/1453849435,fitness,17.9
osm:node/13362224398,osm:way/1456980998,fitness,11.1
osm:node/13716848564,osm:way/1497757994,fitness,2.1
osm:node/13755079147,osm:node/13755097223,fitness,12.9
osm:node/13755079147,osm:way/1193188776,fitness,6.4
osm:node/13755079147,osm:node/13755113424,fitness,12.5
osm:node/13755079147,osm:node/13755150402,fitness,3.9
osm:node/13755079147,osm:node/13755161422,fitness,2.0
osm:node/13755097223,osm:way/1193188776,fitness,6.5
osm:node/13755097223,osm:node/13755113424,fitness,1.8
osm:node/13755097223,osm:node/13755150402,fitness,9.2
osm:node/13755097223,osm:node/13755161422,fitness,11.0
osm:node/13755113424,osm:way/1193188776,fitness,6.3
osm:node/13755113424,osm:node/13755150402,fitness,8.6
osm:node/13755113424,osm:node/13755161422,fitness,10.6
osm:node/13755150402,osm:way/1193188776,fitness,2.9
osm:node/13755150402,osm:node/13755161422,fitness,2.0
osm:node/13755161422,osm:way/1193188776,fitness,4.6
osm:way/297285024,osm:way/1426092409,fitness,20.1
osm:way/342521386,osm:way/458549026,fitness,32.2
osm:way/342521386,osm:way/458549015,fitness,37.5
osm:way/342521386,osm:way/458549036,fitness,20.5
osm:way/342521386,osm:way/458549035,fitness,8.1
osm:way/342521386,osm:way/458549027,fitness,26.3
osm:way/342521386,osm:way/458549014,fitness,39.0
osm:way/458549012,osm:way/458549016,fitness,26.3
osm:way/458549012,osm:way/458549015,fitness,15.7
osm:way/458549012,osm:way/458549036,fitness,25.0
osm:way/458549012,osm:way/458549027,fitness,36.1
osm:way/458549012,osm:way/458549014,fitness,25.5
osm:way/458549013,osm:way/458549026,fitness,31.9
osm:way/458549014,osm:way/458549015,fitness,37.1
osm:way/458549014,osm:way/458549036,fitness,33.7
osm:way/458549014,osm:way/458549027,fitness,17.4
osm:way/458549014,osm:way/458549021,fitness,35.3
osm:way/458549014,osm:way/458549032,fitness,37.6
osm:way/458549015,osm:way/458549026,fitness,29.3
osm:way/458549015,osm:way/458549016,fitness,12.0
osm:way/458549015,osm:way/458549036,fitness,17.1
osm:way/458549015,osm:way/458549035,fitness,34.3
osm:way/458549016,osm:way/458549026,fitness,26.5
osm:way/458549016,osm:way/458549036,fitness,25.1
osm:way/458549016,osm:way/458549035,fitness,39.8
osm:way/458549017,osm:way/458549030,fitness,34.0
osm:way/458549017,osm:way/458549034,fitness,13.2
osm:way/458549018,osm:way/458549020,fitness,21.2
osm:way/458549018,osm:way/458549031,fitness,34.6
osm:way/458549021,osm:way/458549022,fitness,10.9
osm:way/458549021,osm:way/458549032,fitness,25.3
osm:way/458549021,osm:way/458549029,fitness,15.0
osm:way/458549022,osm:way/458549032,fitness,31.3
osm:way/458549022,osm:way/458549029,fitness,16.9
osm:way/458549023,osm:way/458549028,fitness,29.5
osm:way/458549023,osm:way/458549026,fitness,36.3
osm:way/458549023,osm:way/458549035,fitness,38.9
osm:way/458549026,osm:way/458549036,fitness,23.7
osm:way/458549026,osm:way/458549035,fitness,24.4
osm:way/458549027,osm:way/458549036,fitness,30.8
osm:way/458549027,osm:way/458549035,fitness,33.0
osm:way/458549028,osm:way/458549031,fitness,19.3
osm:way/458549029,osm:way/458549032,fitness,15.3
osm:way/458549029,osm:way/458549030,fitness,35.4
osm:way/458549029,osm:way/458549034,fitness,30.3
osm:way/458549030,osm:way/458549032,fitness,21.6
osm:way/458549030,osm:way/458549034,fitness,25.8
osm:way/458549032,osm:way/458549034,fitness,27.6
osm:way/458549035,osm:way/458549036,fitness,17.7
osm:way/608438197,osm:way/1056859047,fitness,10.1
osm:way/1039176696,osm:way/1039176697,fitness,36.6
osm:way/1072073388,osm:way/1426698778,fitness,8.6
osm:way/1290495139,osm:way/1318199264,fitness,22.6
osm:way/1453849435,osm:way/1456980998,fitness,6.8
osm:way/1517351064,osm:relation/20709928,fitness,33.9
wfs:SPORTSTAETTENOGD.16354,wfs:SPIELPLATZPUNKTOGD.2967725,football,14.0
wfs:SPORTSTAETTENOGD.16361,wfs:SPIELPLATZPUNKTOGD.2967658,football,10.9
wfs:SPORTSTAETTENOGD.16367,osm:way/33362158,football,4.8
wfs:SPORTSTAETTENOGD.16367,wfs:SPIELPLATZPUNKTOGD.2967606,football,6.7
wfs:SPORTSTAETTENOGD.16368,wfs:SPIELPLATZPUNKTOGD.2967392,football,28.6
wfs:SPORTSTAETTENOGD.16369,osm:way/190583651,football,2.0
wfs:SPORTSTAETTENOGD.16369,wfs:SPIELPLATZPUNKTOGD.2968073,football,13.7
wfs:SPORTSTAETTENOGD.16381,wfs:SPIELPLATZPUNKTOGD.2967493,football,22.3
wfs:SPORTSTAETTENOGD.16381,osm:way/240877846,football,18.1
wfs:SPORTSTAETTENOGD.11145,osm:way/133128089,football,19.2
wfs:SPORTSTAETTENOGD.11150,wfs:SPIELPLATZPUNKTOGD.2967474,football,28.6
wfs:SPORTSTAETTENOGD.11150,osm:way/98281099,football,15.2
wfs:SPORTSTAETTENOGD.11155,wfs:SPIELPLATZPUNKTOGD.2967811,football,16.3
wfs:SPORTSTAETTENOGD.11155,osm:way/313685638,football,6.8
wfs:SPORTSTAETTENOGD.11156,wfs:SPIELPLATZPUNKTOGD.2968090,football,25.0
wfs:SPORTSTAETTENOGD.11156,osm:way/27041440,football,3.8
wfs:SPORTSTAETTENOGD.11157,osm:way/693616345,football,19.1
wfs:SPORTSTAETTENOGD.11157,wfs:SPIELPLATZPUNKTOGD.2967824,football,26.5
wfs:SPORTSTAETTENOGD.11162,osm:way/91891524,football,0.4
wfs:SPORTSTAETTENOGD.11164,osm:way/312080859,football,23.1
wfs:SPORTSTAETTENOGD.11164,wfs:SPIELPLATZPUNKTOGD.2967370,football,3.7
wfs:SPORTSTAETTENOGD.11164,osm:way/119397879,football,15.3
wfs:SPORTSTAETTENOGD.11165,osm:way/117047631,football,18.6
wfs:SPORTSTAETTENOGD.11165,wfs:SPIELPLATZPUNKTOGD.2967929,football,21.9
wfs:SPORTSTAETTENOGD.11168,osm:way/1185472682,football,6.7
wfs:SPORTSTAETTENOGD.11168,wfs:SPIELPLATZPUNKTOGD.2967953,football,10.6
wfs:SPORTSTAETTENOGD.11172,wfs:SPIELPLATZPUNKTOGD.2968126,football,24.8
wfs:SPORTSTAETTENOGD.11173,wfs:SPIELPLATZPUNKTOGD.2967706,football,8.1
wfs:SPORTSTAETTENOGD.11173,osm:way/117744488,football,3.1
wfs:SPORTSTAETTENOGD.11174,wfs:SPIELPLATZPUNKTOGD.2967648,football,22.8
wfs:SPORTSTAETTENOGD.11174,osm:way/1186863319,football,16.8
wfs:SPORTSTAETTENOGD.11177,osm:way/154863142,football,2.0
wfs:SPORTSTAETTENOGD.11177,wfs:SPIELPLATZPUNKTOGD.2967602,football,9.9
wfs:SPORTSTAETTENOGD.11180,wfs:SPIELPLATZPUNKTOGD.2968077,football,20.7
wfs:SPORTSTAETTENOGD.11187,osm:way/169082193,football,2.2
wfs:SPORTSTAETTENOGD.11189,osm:way/317021851,football,37.0
wfs:SPORTSTAETTENOGD.11189,wfs:SPIELPLATZPUNKTOGD.2967593,football,25.1
wfs:SPORTSTAETTENOGD.11190,wfs:SPIELPLATZPUNKTOGD.2967938,football,2.9
wfs:SPORTSTAETTENOGD.11190,osm:way/172404825,football,18.8
wfs:SPORTSTAETTENOGD.11191,wfs:SPIELPLATZPUNKTOGD.2968003,football,12.7
wfs:SPORTSTAETTENOGD.11191,osm:way/977930843,football,23.3
wfs:SPORTSTAETTENOGD.11196,wfs:SPIELPLATZPUNKTOGD.2967710,football,17.6
wfs:SPORTSTAETTENOGD.11198,wfs:SPIELPLATZPUNKTOGD.2968002,football,24.0
wfs:SPORTSTAETTENOGD.16003,wfs:SPIELPLATZPUNKTOGD.2967735,football,29.4
wfs:SPORTSTAETTENOGD.16014,wfs:SPIELPLATZPUNKTOGD.2967900,football,11.4
wfs:SPORTSTAETTENOGD.16018,osm:node/1723347943,football,4.5
wfs:SPORTSTAETTENOGD.16022,osm:way/104345102,football,5.2
wfs:SPORTSTAETTENOGD.16022,wfs:SPIELPLATZPUNKTOGD.2967703,football,26.3
wfs:SPORTSTAETTENOGD.16026,wfs:SPIELPLATZPUNKTOGD.2967471,football,17.5
wfs:SPORTSTAETTENOGD.16028,osm:way/160577114,football,4.9
wfs:SPORTSTAETTENOGD.16028,wfs:SPIELPLATZPUNKTOGD.2967537,football,29.5
wfs:SPORTSTAETTENOGD.16034,wfs:SPIELPLATZPUNKTOGD.2968005,football,13.7
wfs:SPORTSTAETTENOGD.16034,osm:way/238138020,football,34.0
wfs:SPORTSTAETTENOGD.16039,wfs:SPIELPLATZPUNKTOGD.2967570,football,32.3
wfs:SPORTSTAETTENOGD.16040,osm:way/91614497,football,1.1
wfs:SPORTSTAETTENOGD.16043,wfs:SPORTSTAETTENOGD.16044,football,1.4
wfs:SPORTSTAETTENOGD.16051,wfs:SPIELPLATZPUNKTOGD.2967686,football,34.9
wfs:SPORTSTAETTENOGD.16051,osm:way/228626894,football,31.7
wfs:SPORTSTAETTENOGD.16057,osm:way/319342061,football,26.2
wfs:SPORTSTAETTENOGD.16057,wfs:SPIELPLATZPUNKTOGD.2967629,football,6.9
wfs:SPORTSTAETTENOGD.16063,wfs:SPIELPLATZPUNKTOGD.2967948,football,30.7
wfs:SPORTSTAETTENOGD.16063,osm:way/104984744,football,19.4
wfs:SPORTSTAETTENOGD.16070,osm:way/30343689,football,24.4
wfs:SPORTSTAETTENOGD.16072,wfs:SPIELPLATZPUNKTOGD.2968114,football,34.7
wfs:SPORTSTAETTENOGD.16073,wfs:SPIELPLATZPUNKTOGD.2967827,football,38.2
wfs:SPORTSTAETTENOGD.16073,osm:way/541411082,football,20.6
wfs:SPORTSTAETTENOGD.16079,wfs:SPIELPLATZPUNKTOGD.2967899,football,17.8
wfs:SPORTSTAETTENOGD.16081,wfs:SPIELPLATZPUNKTOGD.2967426,football,33.0
wfs:SPORTSTAETTENOGD.16087,osm:way/29799599,football,1.8
wfs:SPORTSTAETTENOGD.16089,osm:way/100461791,football,6.6
wfs:SPORTSTAETTENOGD.16092,wfs:SPIELPLATZPUNKTOGD.2967666,football,31.8
wfs:SPORTSTAETTENOGD.16097,osm:way/938819323,football,7.6
wfs:SPORTSTAETTENOGD.16098,osm:way/26504119,football,29.2
wfs:SPORTSTAETTENOGD.16098,wfs:SPORTSTAETTENOGD.16099,football,1.4
wfs:SPORTSTAETTENOGD.16099,osm:way/26504119,football,28.5
wfs:SPORTSTAETTENOGD.16101,osm:way/198097829,football,1.0
wfs:SPORTSTAETTENOGD.16102,osm:way/26785511,football,3.8
wfs:SPORTSTAETTENOGD.16103,wfs:SPORTSTAETTENOGD.16104,football,0.0
wfs:SPORTSTAETTENOGD.16103,wfs:SPIELPLATZPUNKTOGD.2967604,football,14.2
wfs:SPORTSTAETTENOGD.16103,osm:way/207022421,football,21.4
wfs:SPORTSTAETTENOGD.16104,wfs:SPIELPLATZPUNKTOGD.2967604,football,14.2
wfs:SPORTSTAETTENOGD.16104,osm:way/207022421,football,21.4
wfs:SPORTSTAETTENOGD.16107,wfs:SPIELPLATZPUNKTOGD.2967804,football,3.1
wfs:SPORTSTAETTENOGD.16107,osm:way/172049756,football,2.7
wfs:SPORTSTAETTENOGD.16111,osm:way/1329848906,football,19.7
wfs:SPORTSTAETTENOGD.16111,osm:way/1329848905,football,5.2
wfs:SPORTSTAETTENOGD.16111,wfs:SPIELPLATZPUNKTOGD.2967556,football,19.1
wfs:SPORTSTAETTENOGD.16113,wfs:SPIELPLATZPUNKTOGD.2967891,football,24.5
wfs:SPORTSTAETTENOGD.16113,osm:way/675876305,football,12.9
wfs:SPORTSTAETTENOGD.16118,wfs:SPIELPLATZPUNKTOGD.2968101,football,9.8
wfs:SPORTSTAETTENOGD.16126,osm:way/589694190,football,12.8
wfs:SPORTSTAETTENOGD.16126,wfs:SPIELPLATZPUNKTOGD.2967669,football,27.3
wfs:SPORTSTAETTENOGD.16129,osm:way/26345013,football,4.8
wfs:SPORTSTAETTENOGD.16133,wfs:SPIELPLATZPUNKTOGD.2968022,football,34.0
wfs:SPORTSTAETTENOGD.16134,wfs:SPIELPLATZPUNKTOGD.2967701,football,23.7
wfs:SPORTSTAETTENOGD.16136,osm:way/1185355670,football,15.0
wfs:SPORTSTAETTENOGD.16136,wfs:SPIELPLATZPUNKTOGD.2967838,football,16.1
wfs:SPORTSTAETTENOGD.16138,osm:way/161313886,football,1.5
wfs:SPORTSTAETTENOGD.16138,wfs:SPIELPLATZPUNKTOGD.2967942,football,30.8
wfs:SPORTSTAETTENOGD.16139,osm:way/231363588,football,32.8
wfs:SPORTSTAETTENOGD.16139,wfs:SPIELPLATZPUNKTOGD.2967818,football,3.4
wfs:SPORTSTAETTENOGD.16141,osm:way/1181153485,football,8.0
wfs:SPORTSTAETTENOGD.16143,wfs:SPIELPLATZPUNKTOGD.2967489,football,34.1
wfs:SPORTSTAETTENOGD.16146,wfs:SPIELPLATZPUNKTOGD.2967897,football,22.4
wfs:SPORTSTAETTENOGD.16146,osm:way/29398106,football,5.5
wfs:SPORTSTAETTENOGD.16147,wfs:SPIELPLATZPUNKTOGD.2967829,football,12.7
wfs:SPORTSTAETTENOGD.16150,wfs:SPIELPLATZPUNKTOGD.2967596,football,23.7
wfs:SPORTSTAETTENOGD.16151,wfs:SPIELPLATZPUNKTOGD.2967689,football,39.5
wfs:SPORTSTAETTENOGD.16151,osm:way/27043451,football,34.3
wfs:SPORTSTAETTENOGD.16155,wfs:SPIELPLATZPUNKTOGD.2967749,football,5.0
wfs:SPORTSTAETTENOGD.16155,osm:way/133387752,football,31.1
wfs:SPORTSTAETTENOGD.16156,osm:way/1352416719,football,26.7
wfs:SPORTSTAETTENOGD.16156,wfs:SPIELPLATZPUNKTOGD.2967565,football,26.9
wfs:SPORTSTAETTENOGD.16157,osm:way/1046887156,football,2.5
wfs:SPORTSTAETTENOGD.16157,wfs:SPIELPLATZPUNKTOGD.2967414,football,7.8
wfs:SPORTSTAETTENOGD.16167,wfs:SPIELPLATZPUNKTOGD.2967966,football,6.7
wfs:SPORTSTAETTENOGD.16168,wfs:SPIELPLATZPUNKTOGD.2968048,football,14.6
wfs:SPORTSTAETTENOGD.16168,osm:way/74310447,football,8.6
wfs:SPORTSTAETTENOGD.16170,wfs:SPIELPLATZPUNKTOGD.2968041,football,11.5
wfs:SPORTSTAETTENOGD.16170,osm:way/623657177,football,11.6
wfs:SPORTSTAETTENOGD.16178,wfs:SPIELPLATZPUNKTOGD.2968013,football,13.8
wfs:SPORTSTAETTENOGD.16178,osm:way/335750171,football,25.7
wfs:SPORTSTAETTENOGD.16181,wfs:SPIELPLATZPUNKTOGD.2967791,football,25.5
wfs:SPORTSTAETTENOGD.16184,wfs:SPIELPLATZPUNKTOGD.2967683,football,6.3
wfs:SPORTSTAETTENOGD.16184,osm:way/1053095147,football,4.0
wfs:SPORTSTAETTENOGD.16187,osm:way/141265145,football,3.2
wfs:SPORTSTAETTENOGD.16187,wfs:SPIELPLATZPUNKTOGD.2968008,football,27.5
wfs:SPORTSTAETTENOGD.16188,osm:way/161071041,football,5.8
wfs:SPORTSTAETTENOGD.16188,wfs:SPIELPLATZPUNKTOGD.2967505,football,5.2
wfs:SPORTSTAETTENOGD.16189,wfs:SPIELPLATZPUNKTOGD.2967908,football,15.8
wfs:SPORTSTAETTENOGD.16189,osm:way/296627959,football,1.4
wfs:SPORTSTAETTENOGD.16192,osm:way/27674932,football,21.4
wfs:SPORTSTAETTENOGD.16194,osm:way/176338503,football,18.1
wfs:SPORTSTAETTENOGD.16194,wfs:SPIELPLATZPUNKTOGD.2967399,football,9.3
wfs:SPORTSTAETTENOGD.16196,wfs:SPIELPLATZPUNKTOGD.2968034,football,26.3
wfs:SPORTSTAETTENOGD.16196,osm:way/174516793,football,0.7
wfs:SPORTSTAETTENOGD.16199,wfs:SPIELPLATZPUNKTOGD.2967495,football,0.9
wfs:SPORTSTAETTENOGD.16199,osm:way/175898587,football,17.1
wfs:SPORTSTAETTENOGD.16200,osm:way/136708679,football,4.1
wfs:SPORTSTAETTENOGD.16201,wfs:SPIELPLATZPUNKTOGD.2967393,football,25.3
wfs:SPORTSTAETTENOGD.16202,osm:way/133387968,football,8.6
wfs:SPORTSTAETTENOGD.16202,wfs:SPIELPLATZPUNKTOGD.2967928,football,12.1
wfs:SPORTSTAETTENOGD.16206,wfs:SPIELPLATZPUNKTOGD.2967486,football,25.5
wfs:SPORTSTAETTENOGD.16207,osm:way/154511890,football,11.7
wfs:SPORTSTAETTENOGD.16207,wfs:SPIELPLATZPUNKTOGD.2967925,football,11.7
wfs:SPORTSTAETTENOGD.16209,wfs:SPIELPLATZPUNKTOGD.2968019,football,12.9
wfs:SPORTSTAETTENOGD.16210,wfs:SPIELPLATZPUNKTOGD.2967564,football,36.5
wfs:SPORTSTAETTENOGD.16213,osm:way/297604322,football,21.7
wfs:SPORTSTAETTENOGD.16213,wfs:SPIELPLATZPUNKTOGD.2967761,football,4.7
wfs:SPORTSTAETTENOGD.16214,wfs:SPIELPLATZPUNKTOGD.2967613,football,9.9
wfs:SPORTSTAETTENOGD.16214,osm:way/1004769115,football,13.8
wfs:SPORTSTAETTENOGD.16215,wfs:SPIELPLATZPUNKTOGD.2967512,football,7.0
wfs:SPORTSTAETTENOGD.16215,osm:way/849474634,football,11.9
wfs:SPORTSTAETTENOGD.16216,wfs:SPIELPLATZPUNKTOGD.2967560,football,4.7
wfs:SPORTSTAETTENOGD.16216,osm:way/223326637,football,23.0
wfs:SPORTSTAETTENOGD.16217,osm:way/44546559,football,22.8
wfs:SPORTSTAETTENOGD.16217,wfs:SPIELPLATZPUNKTOGD.2967388,football,5.5
wfs:SPORTSTAETTENOGD.16220,osm:way/28159271,football,25.3
wfs:SPORTSTAETTENOGD.16220,wfs:SPIELPLATZPUNKTOGD.2967832,football,5.5
wfs:SPORTSTAETTENOGD.16222,wfs:SPIELPLATZPUNKTOGD.2967888,football,7.9
wfs:SPORTSTAETTENOGD.16222,osm:way/890233039,football,21.4
wfs:SPORTSTAETTENOGD.16228,wfs:SPIELPLATZPUNKTOGD.2967931,football,29.6
wfs:SPORTSTAETTENOGD.16229,wfs:SPIELPLATZPUNKTOGD.2967617,football,3.7
wfs:SPORTSTAETTENOGD.16230,osm:way/259610347,football,36.9
wfs:SPORTSTAETTENOGD.16236,osm:way/800012784,football,32.5
wfs:SPORTSTAETTENOGD.16237,wfs:SPIELPLATZPUNKTOGD.2967458,football,2.1
wfs:SPORTSTAETTENOGD.16237,osm:way/28456480,football,11.3
wfs:SPORTSTAETTENOGD.16238,osm:way/611790696,football,2.1
wfs:SPORTSTAETTENOGD.16238,wfs:SPIELPLATZPUNKTOGD.2967620,football,12.3
wfs:SPORTSTAETTENOGD.16240,osm:way/130737752,football,32.4
wfs:SPORTSTAETTENOGD.16241,osm:way/223104597,football,1.3
wfs:SPORTSTAETTENOGD.16243,osm:way/27540866,football,3.0
wfs:SPORTSTAETTENOGD.16243,wfs:SPIELPLATZPUNKTOGD.2968120,football,24.1
wfs:SPORTSTAETTENOGD.16244,osm:way/36771241,football,10.8
wfs:SPORTSTAETTENOGD.16247,osm:way/1181437082,football,38.5
wfs:SPORTSTAETTENOGD.16247,wfs:SPIELPLATZPUNKTOGD.2967698,football,15.2
wfs:SPORTSTAETTENOGD.16258,osm:way/243993251,football,34.5
wfs:SPORTSTAETTENOGD.16261,osm:way/366303126,football,26.7
wfs:SPORTSTAETTENOGD.16261,wfs:SPIELPLATZPUNKTOGD.2967575,football,33.6
wfs:SPORTSTAETTENOGD.16263,osm:way/189661553,football,1.4
wfs:SPORTSTAETTENOGD.16290,wfs:SPIELPLATZPUNKTOGD.2967503,football,20.5
wfs:SPORTSTAETTENOGD.16290,osm:way/1148988771,football,32.0
wfs:SPORTSTAETTENOGD.16293,wfs:SPIELPLATZPUNKTOGD.2967967,football,14.1
wfs:SPORTSTAETTENOGD.16293,osm:way/798522547,football,5.0
wfs:SPORTSTAETTENOGD.16265,osm:way/252795413,football,8.9
wfs:SPORTSTAETTENOGD.16265,wfs:SPIELPLATZPUNKTOGD.2967466,football,6.6
wfs:SPORTSTAETTENOGD.16270,wfs:SPIELPLATZPUNKTOGD.2967398,football,24.5
wfs:SPORTSTAETTENOGD.16270,osm:way/817545515,football,1.4
wfs:SPORTSTAETTENOGD.16271,wfs:SPIELPLATZPUNKTOGD.2967759,football,25.1
wfs:SPORTSTAETTENOGD.16272,osm:way/817849324,football,8.9
wfs:SPORTSTAETTENOGD.16272,wfs:SPIELPLATZPUNKTOGD.2968054,football,17.2
wfs:SPORTSTAETTENOGD.16273,osm:way/23813303,football,4.4
wfs:SPORTSTAETTENOGD.16280,osm:way/214304977,football,5.1
wfs:SPORTSTAETTENOGD.16280,wfs:SPIELPLATZPUNKTOGD.2967591,football,5.2
wfs:SPORTSTAETTENOGD.16280,osm:way/214304976,football,12.8
wfs:SPORTSTAETTENOGD.16285,osm:way/1305581395,football,30.7
wfs:SPORTSTAETTENOGD.16286,osm:way/26259458,football,23.6
wfs:SPORTSTAETTENOGD.16294,wfs:SPIELPLATZPUNKTOGD.2967384,football,7.6
wfs:SPORTSTAETTENOGD.16299,wfs:SPIELPLATZPUNKTOGD.2967424,football,6.0
wfs:SPORTSTAETTENOGD.16299,osm:way/914438838,football,3.1
wfs:SPORTSTAETTENOGD.16300,osm:way/26259555,football,26.4
wfs:SPORTSTAETTENOGD.16311,osm:way/907850814,football,5.6
wfs:SPORTSTAETTENOGD.16311,wfs:SPIELPLATZPUNKTOGD.2968052,football,16.1
wfs:SPORTSTAETTENOGD.16314,wfs:SPIELPLATZPUNKTOGD.2967621,football,4.5
wfs:SPORTSTAETTENOGD.16314,osm:way/300745863,football,12.3
wfs:SPORTSTAETTENOGD.16315,osm:way/27064638,football,1.6
wfs:SPORTSTAETTENOGD.16315,osm:way/160893216,football,14.0
wfs:SPORTSTAETTENOGD.16318,wfs:SPIELPLATZPUNKTOGD.2968089,football,27.1
wfs:SPORTSTAETTENOGD.16318,osm:way/34155951,football,34.5
wfs:SPORTSTAETTENOGD.16320,osm:way/1323940563,football,20.7
wfs:SPORTSTAETTENOGD.16320,wfs:SPIELPLATZPUNKTOGD.2967640,football,6.4
wfs:SPORTSTAETTENOGD.16323,wfs:SPIELPLATZPUNKTOGD.2967611,football,12.4
wfs:SPORTSTAETTENOGD.16324,osm:relation/10082711,football,4.1
wfs:SPORTSTAETTENOGD.16324,wfs:SPIELPLATZPUNKTOGD.2967833,football,27.0
wfs:SPORTSTAETTENOGD.16329,wfs:SPIELPLATZPUNKTOGD.2967543,football,23.4
wfs:SPORTSTAETTENOGD.16334,wfs:SPIELPLATZPUNKTOGD.2967762,football,8.7
wfs:SPORTSTAETTENOGD.16340,osm:way/32958049,football,29.1
wfs:SPORTSTAETTENOGD.16346,osm:way/1427371129,football,5.7
wfs:SPORTSTAETTENOGD.16346,wfs:SPIELPLATZPUNKTOGD.2967795,football,4.6
wfs:SPORTSTAETTENOGD.16390,osm:way/296175219,football,30.5
wfs:SPORTSTAETTENOGD.16391,wfs:SPORTSTAETTENOGD.16392,football,1.4
wfs:SPORTSTAETTENOGD.16398,wfs:SPIELPLATZPUNKTOGD.2967751,football,1.5
wfs:SPORTSTAETTENOGD.16399,wfs:SPORTSTAETTENOGD.16400,football,37.2
wfs:SPORTSTAETTENOGD.16410,wfs:SPIELPLATZPUNKTOGD.2968102,football,24.8
wfs:SPORTSTAETTENOGD.16411,wfs:SPIELPLATZPUNKTOGD.2967814,football,22.2
wfs:SPORTSTAETTENOGD.16412,osm:way/29879928,football,1.3
wfs:SPORTSTAETTENOGD.16426,osm:way/175488643,football,0.5
wfs:SPORTSTAETTENOGD.16429,osm:way/396425940,football,0.2
wfs:SPORTSTAETTENOGD.16429,wfs:SPIELPLATZPUNKTOGD.2967386,football,6.4
wfs:SPORTSTAETTENOGD.16431,osm:way/105055188,football,12.2
wfs:SPORTSTAETTENOGD.16431,osm:way/105055198,football,10.8
wfs:SPORTSTAETTENOGD.16433,wfs:SPIELPLATZPUNKTOGD.2968095,football,27.8
wfs:SPORTSTAETTENOGD.16433,osm:way/70011798,football,19.4
wfs:SPORTSTAETTENOGD.16436,wfs:SPIELPLATZPUNKTOGD.2967394,football,22.4
wfs:SPORTSTAETTENOGD.16443,wfs:SPIELPLATZPUNKTOGD.2968043,football,34.5
wfs:SPORTSTAETTENOGD.16443,osm:way/1111121114,football,15.6
wfs:SPORTSTAETTENOGD.16444,wfs:SPIELPLATZPUNKTOGD.2967431,football,29.8
wfs:SPORTSTAETTENOGD.16444,osm:way/160577110,football,9.7
wfs:SPORTSTAETTENOGD.16446,osm:way/1092107307,football,5.1
wfs:SPORTSTAETTENOGD.16448,wfs:SPIELPLATZPUNKTOGD.2967569,football,8.6
wfs:SPORTSTAETTENOGD.16448,osm:way/105033500,football,22.2
wfs:SPORTSTAETTENOGD.16450,osm:way/1190661581,football,6.9
wfs:SPORTSTAETTENOGD.16450,wfs:SPIELPLATZPUNKTOGD.2967598,football,29.1
wfs:SPORTSTAETTENOGD.16451,osm:way/988338597,football,0.9
wfs:SPORTSTAETTENOGD.16457,osm:way/10121567,football,4.7
wfs:SPORTSTAETTENOGD.16461,wfs:SPIELPLATZPUNKTOGD.2967975,football,27.7
wfs:SPORTSTAETTENOGD.16464,osm:way/241174703,football,2.6
wfs:SPORTSTAETTENOGD.16466,wfs:SPIELPLATZPUNKTOGD.2967632,football,33.6
wfs:SPORTSTAETTENOGD.16467,wfs:SPIELPLATZPUNKTOGD.2967870,football,10.3
wfs:SPORTSTAETTENOGD.16467,osm:way/1535474488,football,1.7
wfs:SPORTSTAETTENOGD.16472,wfs:SPIELPLATZPUNKTOGD.2967996,football,19.9
wfs:SPORTSTAETTENOGD.16472,osm:way/155270043,football,0.9
wfs:SPORTSTAETTENOGD.16477,wfs:SPIELPLATZPUNKTOGD.2967817,football,13.8
wfs:SPORTSTAETTENOGD.16477,osm:way/47498504,football,24.7
wfs:SPORTSTAETTENOGD.16479,osm:way/1328344602,football,19.5
wfs:SPORTSTAETTENOGD.16481,wfs:SPIELPLATZPUNKTOGD.2967797,football,15.5
wfs:SPORTSTAETTENOGD.16484,wfs:SPIELPLATZPUNKTOGD.2967561,football,14.3
wfs:SPORTSTAETTENOGD.16484,osm:way/318070949,football,2.4
wfs:SPORTSTAETTENOGD.16490,wfs:SPIELPLATZPUNKTOGD.2967492,football,28.8
wfs:SPORTSTAETTENOGD.16506,osm:way/782381732,football,19.7
wfs:SPORTSTAETTENOGD.16506,osm:way/782381733,football,17.1
wfs:SPORTSTAETTENOGD.16506,wfs:SPIELPLATZPUNKTOGD.2968072,football,13.5
wfs:SPORTSTAETTENOGD.16509,osm:way/1021344022,football,17.2
wfs:SPORTSTAETTENOGD.16512,osm:way/1168001711,football,31.0
wfs:SPORTSTAETTENOGD.16512,osm:way/26516542,football,23.5
wfs:SPORTSTAETTENOGD.16514,osm:way/741334747,football,35.1
wfs:SPORTSTAETTENOGD.16517,osm:way/26406516,football,1.8
wfs:SPORTSTAETTENOGD.16546,osm:way/26468447,football,0.8
wfs:SPORTSTAETTENOGD.16547,wfs:SPIELPLATZPUNKTOGD.2968060,football,32.6
wfs:SPORTSTAETTENOGD.16547,osm:way/1222020490,football,26.8
wfs:SPORTSTAETTENOGD.16547,osm:way/1222020481,football,19.7
wfs:SPORTSTAETTENOGD.16552,osm:way/32939313,football,8.1
wfs:SPORTSTAETTENOGD.16555,osm:way/36857060,football,17.5
wfs:SPORTSTAETTENOGD.16556,osm:way/26937799,football,1.6
wfs:SPORTSTAETTENOGD.16558,wfs:SPIELPLATZPUNKTOGD.2967523,football,15.7
wfs:SPORTSTAETTENOGD.16558,osm:way/1020919990,football,8.0
wfs:SPORTSTAETTENOGD.16565,wfs:SPIELPLATZPUNKTOGD.2967528,football,16.6
wfs:SPORTSTAETTENOGD.16566,osm:way/29700237,football,8.1
wfs:SPORTSTAETTENOGD.16572,wfs:SPIELPLATZPUNKTOGD.2967993,football,17.7
wfs:SPORTSTAETTENOGD.16576,wfs:SPIELPLATZPUNKTOGD.2968044,football,30.9
wfs:SPORTSTAETTENOGD.16576,osm:way/1327640671,football,27.8
wfs:SPORTSTAETTENOGD.16577,wfs:SPIELPLATZPUNKTOGD.2967780,football,2.3
wfs:SPORTSTAETTENOGD.16577,osm:way/404999306,football,0.7
wfs:SPORTSTAETTENOGD.16578,wfs:SPIELPLATZPUNKTOGD.2967878,football,7.1
wfs:SPORTSTAETTENOGD.16584,wfs:SPIELPLATZPUNKTOGD.2968056,football,28.1
wfs:SPORTSTAETTENOGD.16584,osm:way/48545725,football,31.7
wfs:SPORTSTAETTENOGD.16585,osm:node/12955159320,football,4.4
wfs:SPORTSTAETTENOGD.16588,osm:way/243637346,football,34.3
wfs:SPORTSTAETTENOGD.16596,wfs:SPIELPLATZPUNKTOGD.2967491,football,30.9
wfs:SPORTSTAETTENOGD.16596,osm:way/1290442555,football,30.9
wfs:SPORTSTAETTENOGD.16681,osm:way/47445447,football,27.3
wfs:SPORTSTAETTENOGD.16695,osm:way/297863122,football,26.7
wfs:SPORTSTAETTENOGD.17327,osm:way/1205305424,football,4.2
wfs:SPORTSTAETTENOGD.17327,wfs:SPIELPLATZPUNKTOGD.2967812,football,4.2
wfs:SPORTSTAETTENOGD.17330,wfs:SPIELPLATZPUNKTOGD.2967939,football,33.8
wfs:SPORTSTAETTENOGD.17330,osm:way/586719848,football,1.4
wfs:SPORTSTAETTENOGD.17332,wfs:SPIELPLATZPUNKTOGD.2967603,football,3.9
wfs:SPORTSTAETTENOGD.17332,osm:way/392347131,football,7.4
wfs:SPORTSTAETTENOGD.17348,wfs:SPIELPLATZPUNKTOGD.2967790,football,0.6
wfs:SPORTSTAETTENOGD.17349,wfs:SPIELPLATZPUNKTOGD.2967396,football,19.7
wfs:SPORTSTAETTENOGD.17350,osm:way/504434955,football,4.2
wfs:SPORTSTAETTENOGD.17350,wfs:SPIELPLATZPUNKTOGD.2967571,football,9.2
wfs:SPORTSTAETTENOGD.17350,osm:way/504434956,football,22.4
wfs:SPORTSTAETTENOGD.17354,wfs:SPIELPLATZPUNKTOGD.2967536,football,8.6
wfs:SPORTSTAETTENOGD.17356,osm:way/1520038747,football,13.8
wfs:SPORTSTAETTENOGD.17356,wfs:SPIELPLATZPUNKTOGD.2967997,football,10.4
wfs:SPORTSTAETTENOGD.17357,wfs:SPIELPLATZPUNKTOGD.2967894,football,8.2
wfs:SPORTSTAETTENOGD.17192,osm:way/1239339987,football,8.2
wfs:SPORTSTAETTENOGD.17305,osm:way/837950180,football,4.2
wfs:SPORTSTAETTENOGD.17305,wfs:SPIELPLATZPUNKTOGD.2968027,football,31.9
wfs:SPORTSTAETTENOGD.17307,wfs:SPIELPLATZPUNKTOGD.2967712,football,15.5
wfs:SPORTSTAETTENOGD.17307,osm:way/1544852054,football,9.5
wfs:SPORTSTAETTENOGD.17309,osm:way/687182868,football,2.0
wfs:SPORTSTAETTENOGD.17309,wfs:SPIELPLATZPUNKTOGD.2967992,football,14.6
wfs:SPORTSTAETTENOGD.17310,osm:way/232312870,football,0.8
wfs:SPORTSTAETTENOGD.17310,wfs:SPIELPLATZPUNKTOGD.2968000,football,13.4
wfs:SPORTSTAETTENOGD.17311,wfs:SPIELPLATZPUNKTOGD.2967747,football,1.3
wfs:SPORTSTAETTENOGD.17311,osm:way/352168569,football,11.4
wfs:SPORTSTAETTENOGD.17314,osm:way/101002726,football,9.6
wfs:SPORTSTAETTENOGD.17314,wfs:SPIELPLATZPUNKTOGD.2967935,football,15.1
wfs:SPORTSTAETTENOGD.17315,wfs:SPIELPLATZPUNKTOGD.2967807,football,1.4
wfs:SPORTSTAETTENOGD.17317,wfs:SPIELPLATZPUNKTOGD.2967369,football,13.4
wfs:SPORTSTAETTENOGD.17326,osm:way/940039888,football,4.8
wfs:SPORTSTAETTENOGD.17326,wfs:SPIELPLATZPUNKTOGD.2967616,football,4.4
wfs:SPORTSTAETTENOGD.17361,osm:way/200351713,football,1.1
wfs:SPORTSTAETTENOGD.17361,wfs:SPIELPLATZPUNKTOGD.2967643,football,23.9
wfs:SPORTSTAETTENOGD.17362,osm:way/766643757,football,6.5
wfs:SPORTSTAETTENOGD.17363,osm:way/36828828,football,5.2
wfs:SPORTSTAETTENOGD.17363,wfs:SPIELPLATZPUNKTOGD.2967990,football,4.9
wfs:SPORTSTAETTENOGD.17364,wfs:SPIELPLATZPUNKTOGD.2967921,football,12.2
wfs:SPORTSTAETTENOGD.17365,wfs:SPIELPLATZPUNKTOGD.2967552,football,24.4
wfs:SPORTSTAETTENOGD.17424,osm:way/53445972,football,3.5
wfs:SPORTSTAETTENOGD.17424,wfs:SPIELPLATZPUNKTOGD.2967459,football,17.7
wfs:SPORTSTAETTENOGD.17432,osm:way/1169011681,football,18.7
wfs:SPORTSTAETTENOGD.17432,wfs:SPIELPLATZPUNKTOGD.2968119,football,32.1
wfs:SPORTSTAETTENOGD.17437,osm:way/844281013,football,2.1
wfs:SPORTSTAETTENOGD.17437,wfs:SPIELPLATZPUNKTOGD.2967786,football,36.7
wfs:SPORTSTAETTENOGD.17443,wfs:SPIELPLATZPUNKTOGD.2967534,football,5.2
wfs:SPORTSTAETTENOGD.17445,osm:way/1203262853,football,4.7
wfs:SPORTSTAETTENOGD.17445,wfs:SPIELPLATZPUNKTOGD.2967974,football,14.7
wfs:SPORTSTAETTENOGD.17472,wfs:SPIELPLATZPUNKTOGD.2967664,football,14.4
wfs:SPORTSTAETTENOGD.17477,osm:way/190604549,football,1.4
wfs:SPORTSTAETTENOGD.17477,wfs:SPIELPLATZPUNKTOGD.2967607,football,1.8
wfs:SPORTSTAETTENOGD.17478,wfs:SPIELPLATZPUNKTOGD.2968111,football,28.0
wfs:SPIELPLATZPUNKTOGD.2967486,osm:way/326589295,football,17.1
wfs:SPIELPLATZPUNKTOGD.2967489,osm:way/27174754,football,10.8
wfs:SPIELPLATZPUNKTOGD.2967491,osm:way/1290442555,football,1.4
wfs:SPIELPLATZPUNKTOGD.2967492,osm:way/1011524419,football,21.9
wfs:SPIELPLATZPUNKTOGD.2967493,osm:way/240877846,football,17.0
wfs:SPIELPLATZPUNKTOGD.2967495,osm:way/175898587,football,17.6
wfs:SPIELPLATZPUNKTOGD.2967501,osm:way/610305781,football,31.4
wfs:SPIELPLATZPUNKTOGD.2967503,osm:way/1148988771,football,12.7
wfs:SPIELPLATZPUNKTOGD.2967505,osm:way/161071041,football,0.7
wfs:SPIELPLATZPUNKTOGD.2967571,osm:way/504434955,football,13.3
wfs:SPIELPLATZPUNKTOGD.2967571,osm:way/504434956,football,13.2
wfs:SPIELPLATZPUNKTOGD.2967575,osm:way/366303126,football,11.5
wfs:SPIELPLATZPUNKTOGD.2967579,osm:way/285960984,football,2.0
wfs:SPIELPLATZPUNKTOGD.2967591,osm:way/214304977,football,10.3
wfs:SPIELPLATZPUNKTOGD.2967591,osm:way/214304976,football,7.7
wfs:SPIELPLATZPUNKTOGD.2967598,osm:way/1190661581,football,22.2
wfs:SPIELPLATZPUNKTOGD.2967602,osm:way/154863142,football,11.4
wfs:SPIELPLATZPUNKTOGD.2967603,osm:way/392347131,football,4.9
wfs:SPIELPLATZPUNKTOGD.2967604,osm:way/207022421,football,7.6
wfs:SPIELPLATZPUNKTOGD.2967606,osm:way/33362158,football,3.5
wfs:SPIELPLATZPUNKTOGD.2967607,osm:way/190604549,football,0.4
wfs:SPIELPLATZPUNKTOGD.2967613,osm:way/1004769115,football,22.9
wfs:SPIELPLATZPUNKTOGD.2967616,osm:way/940039888,football,0.4
wfs:SPIELPLATZPUNKTOGD.2967617,osm:way/833320508,football,38.7
wfs:SPIELPLATZPUNKTOGD.2967620,osm:way/611790696,football,10.2
wfs:SPIELPLATZPUNKTOGD.2967621,osm:way/300745863,football,12.4
wfs:SPIELPLATZPUNKTOGD.2967626,osm:way/101740846,football,6.5
wfs:SPIELPLATZPUNKTOGD.2967629,osm:way/319342061,football,19.3
wfs:SPIELPLATZPUNKTOGD.2967634,osm:way/1392149339,football,25.2
wfs:SPIELPLATZPUNKTOGD.2967640,osm:way/1323940563,football,19.9
wfs:SPIELPLATZPUNKTOGD.2967643,osm:way/200351713,football,24.4
wfs:SPIELPLATZPUNKTOGD.2967648,osm:way/1186863319,football,8.1
wfs:SPIELPLATZPUNKTOGD.2967653,osm:way/305610385,football,33.0
wfs:SPIELPLATZPUNKTOGD.2967653,osm:way/130645767,football,20.2
wfs:SPIELPLATZPUNKTOGD.2967655,osm:way/183336951,football,20.8
wfs:SPIELPLATZPUNKTOGD.2967662,osm:way/199640912,football,0.8
wfs:SPIELPLATZPUNKTOGD.2967667,osm:way/1414249062,football,16.0
wfs:SPIELPLATZPUNKTOGD.2967668,osm:way/648740788,football,18.5
wfs:SPIELPLATZPUNKTOGD.2967669,osm:way/589694190,football,35.3
wfs:SPIELPLATZPUNKTOGD.2967683,osm:way/1053095147,football,8.2
wfs:SPIELPLATZPUNKTOGD.2967686,osm:way/228626894,football,9.2
wfs:SPIELPLATZPUNKTOGD.2967689,osm:way/27043451,football,38.4
wfs:SPIELPLATZPUNKTOGD.2967698,osm:way/1181437082,football,38.9
wfs:SPIELPLATZPUNKTOGD.2967703,osm:way/104345102,football,31.1
wfs:SPIELPLATZPUNKTOGD.2967706,osm:way/117744488,football,5.6
wfs:SPIELPLATZPUNKTOGD.2967712,osm:way/1544852054,football,17.0
wfs:SPIELPLATZPUNKTOGD.2967714,osm:way/1238958349,football,11.1
wfs:SPIELPLATZPUNKTOGD.2967735,osm:way/43403450,football,24.1
wfs:SPIELPLATZPUNKTOGD.2967744,osm:way/32113502,football,0.1
wfs:SPIELPLATZPUNKTOGD.2967746,osm:way/1049641075,football,0.2
wfs:SPIELPLATZPUNKTOGD.2967747,osm:way/352168569,football,12.0
wfs:SPIELPLATZPUNKTOGD.2967512,osm:way/849474634,football,16.2
wfs:SPIELPLATZPUNKTOGD.2967523,osm:way/1020919990,football,18.3
wfs:SPIELPLATZPUNKTOGD.2967537,osm:way/160577114,football,34.2
wfs:SPIELPLATZPUNKTOGD.2967539,osm:way/243993251,football,28.9
wfs:SPIELPLATZPUNKTOGD.2967544,osm:way/31362681,football,0.3
wfs:SPIELPLATZPUNKTOGD.2967556,osm:way/1329848906,football,29.8
wfs:SPIELPLATZPUNKTOGD.2967556,osm:way/1329848905,football,22.2
wfs:SPIELPLATZPUNKTOGD.2967560,osm:way/223326637,football,18.6
wfs:SPIELPLATZPUNKTOGD.2967561,osm:way/318070949,football,12.0
wfs:SPIELPLATZPUNKTOGD.2967562,osm:way/344420684,football,6.9
wfs:SPIELPLATZPUNKTOGD.2967565,osm:way/1352416719,football,0.2
wfs:SPIELPLATZPUNKTOGD.2967569,osm:way/105033500,football,14.3
wfs:SPIELPLATZPUNKTOGD.2967370,osm:way/312080859,football,21.8
wfs:SPIELPLATZPUNKTOGD.2967370,osm:way/119397879,football,12.1
wfs:SPIELPLATZPUNKTOGD.2967370,osm:way/29072354,football,38.2
wfs:SPIELPLATZPUNKTOGD.2967380,osm:way/1003562590,football,28.7
wfs:SPIELPLATZPUNKTOGD.2967386,osm:way/396425940,football,6.3
wfs:SPIELPLATZPUNKTOGD.2967388,osm:way/44546559,football,23.6
wfs:SPIELPLATZPUNKTOGD.2967393,osm:way/1210144791,football,38.8
wfs:SPIELPLATZPUNKTOGD.2967398,osm:way/817545515,football,24.4
wfs:SPIELPLATZPUNKTOGD.2967399,osm:way/176338503,football,11.7
wfs:SPIELPLATZPUNKTOGD.2967414,osm:way/1046887156,football,10.2
wfs:SPIELPLATZPUNKTOGD.2967416,osm:way/158730051,football,8.7
wfs:SPIELPLATZPUNKTOGD.2967424,osm:way/914438838,football,4.2
wfs:SPIELPLATZPUNKTOGD.2967426,osm:way/1444780657,football,30.0
wfs:SPIELPLATZPUNKTOGD.2967431,osm:way/160577110,football,33.1
wfs:SPIELPLATZPUNKTOGD.2967432,osm:way/926718537,football,9.7
wfs:SPIELPLATZPUNKTOGD.2967449,osm:way/241428812,football,32.4
wfs:SPIELPLATZPUNKTOGD.2967458,osm:way/28456480,football,13.2
wfs:SPIELPLATZPUNKTOGD.2967459,osm:way/53445972,football,16.2
wfs:SPIELPLATZPUNKTOGD.2967466,osm:way/252795413,football,11.8
wfs:SPIELPLATZPUNKTOGD.2967474,osm:way/98281099,football,13.3
wfs:SPIELPLATZPUNKTOGD.2967476,osm:way/1190891119,football,19.6
wfs:SPIELPLATZPUNKTOGD.2967480,osm:way/339708993,football,8.7
wfs:SPIELPLATZPUNKTOGD.2967878,osm:way/301720641,football,36.4
wfs:SPIELPLATZPUNKTOGD.2967888,osm:way/890233039,football,18.3
wfs:SPIELPLATZPUNKTOGD.2967891,osm:way/675876305,football,13.8
wfs:SPIELPLATZPUNKTOGD.2967897,osm:way/29398106,football,27.8
wfs:SPIELPLATZPUNKTOGD.2967898,osm:way/31321185,football,32.2
wfs:SPIELPLATZPUNKTOGD.2967965,osm:way/300012001,football,0.7
wfs:SPIELPLATZPUNKTOGD.2967967,osm:way/798522547,football,18.9
wfs:SPIELPLATZPUNKTOGD.2967974,osm:way/1203262853,football,19.4
wfs:SPIELPLATZPUNKTOGD.2967979,osm:way/34389399,football,11.4
wfs:SPIELPLATZPUNKTOGD.2967980,osm:way/1252174369,football,16.4
wfs:SPIELPLATZPUNKTOGD.2967983,osm:way/249047455,football,0.4
wfs:SPIELPLATZPUNKTOGD.2967990,osm:way/36828828,football,0.4
wfs:SPIELPLATZPUNKTOGD.2967991,osm:way/1331959226,football,16.1
wfs:SPIELPLATZPUNKTOGD.2967992,osm:way/687182868,football,12.8
wfs:SPIELPLATZPUNKTOGD.2967994,osm:way/352013957,football,11.8
wfs:SPIELPLATZPUNKTOGD.2967996,osm:way/155270043,football,19.0
wfs:SPIELPLATZPUNKTOGD.2967997,osm:way/1520038747,football,3.7
wfs:SPIELPLATZPUNKTOGD.2968000,osm:way/232312870,football,12.9
wfs:SPIELPLATZPUNKTOGD.2968003,osm:way/977930843,football,10.7
wfs:SPIELPLATZPUNKTOGD.2968005,osm:way/238138020,football,22.2
wfs:SPIELPLATZPUNKTOGD.2968007,osm:way/539493141,football,18.2
wfs:SPIELPLATZPUNKTOGD.2968008,osm:way/141265145,football,25.4
wfs:SPIELPLATZPUNKTOGD.2968012,osm:way/1185355672,football,37.0
wfs:SPIELPLATZPUNKTOGD.2968013,osm:way/335750171,football,28.8
wfs:SPIELPLATZPUNKTOGD.2968020,osm:way/172589229,football,2.3
wfs:SPIELPLATZPUNKTOGD.2968022,osm:way/514998029,football,31.6
wfs:SPIELPLATZPUNKTOGD.2968024,osm:way/64137393,football,21.8
wfs:SPIELPLATZPUNKTOGD.2968027,osm:way/837950180,football,27.7
wfs:SPIELPLATZPUNKTOGD.2968027,osm:way/837950181,football,27.4
wfs:SPIELPLATZPUNKTOGD.2968034,osm:way/174516793,football,25.7
wfs:SPIELPLATZPUNKTOGD.2968035,osm:way/1203262856,football,15.8
wfs:SPIELPLATZPUNKTOGD.2968041,osm:way/623657177,football,0.3
wfs:SPIELPLATZPUNKTOGD.2968043,osm:way/1111121114,football,21.2
wfs:SPIELPLATZPUNKTOGD.2968044,osm:way/1327640671,football,29.7
wfs:SPIELPLATZPUNKTOGD.2968048,osm:way/74310447,football,23.1
wfs:SPIELPLATZPUNKTOGD.2968052,osm:way/907850814,football,12.8
wfs:SPIELPLATZPUNKTOGD.2968054,osm:way/817849324,football,23.8
wfs:SPIELPLATZPUNKTOGD.2968056,osm:way/48545725,football,3.7
wfs:SPIELPLATZPUNKTOGD.2968060,osm:way/1222020490,football,6.9
wfs:SPIELPLATZPUNKTOGD.2968072,osm:way/782381732,football,23.8
wfs:SPIELPLATZPUNKTOGD.2968072,osm:way/782381733,football,7.3
wfs:SPIELPLATZPUNKTOGD.2968073,osm:way/190583651,football,13.8
wfs:SPIELPLATZPUNKTOGD.2968080,osm:way/766683275,football,33.8
wfs:SPIELPLATZPUNKTOGD.2968081,osm:way/466709037,football,18.9
wfs:SPIELPLATZPUNKTOGD.2968082,osm:way/572701940,football,9.8
wfs:SPIELPLATZPUNKTOGD.2968086,osm:way/948549376,football,6.6
wfs:SPIELPLATZPUNKTOGD.2968089,osm:way/34155951,football,30.1
wfs:SPIELPLATZPUNKTOGD.2968090,osm:way/27041440,football,21.9
wfs:SPIELPLATZPUNKTOGD.2968095,osm:way/70011798,football,8.5
wfs:SPIELPLATZPUNKTOGD.2968096,osm:way/1252553335,football,21.0
wfs:SPIELPLATZPUNKTOGD.2968119,osm:way/1169011681,football,13.3
wfs:SPIELPLATZPUNKTOGD.2968120,osm:way/27540866,football,23.6
wfs:SPIELPLATZPUNKTOGD.2967908,osm:way/296627959,football,17.1
wfs:SPIELPLATZPUNKTOGD.2967912,osm:way/461223709,football,5.4
wfs:SPIELPLATZPUNKTOGD.2967922,osm:way/1040944729,football,2.6
wfs:SPIELPLATZPUNKTOGD.2967925,osm:way/154511890,football,0.0
wfs:SPIELPLATZPUNKTOGD.2967928,osm:way/133387968,football,19.0
wfs:SPIELPLATZPUNKTOGD.2967929,osm:way/117047631,football,4.7
wfs:SPIELPLATZPUNKTOGD.2967931,osm:way/563351735,football,23.8
wfs:SPIELPLATZPUNKTOGD.2967935,osm:way/101002726,football,24.7
wfs:SPIELPLATZPUNKTOGD.2967938,osm:way/172404825,football,16.4
wfs:SPIELPLATZPUNKTOGD.2967939,osm:way/586719848,football,35.1
wfs:SPIELPLATZPUNKTOGD.2967942,osm:way/161313886,football,29.6
wfs:SPIELPLATZPUNKTOGD.2967948,osm:way/104984744,football,11.3
wfs:SPIELPLATZPUNKTOGD.2967953,osm:way/1185472682,football,16.4
wfs:SPIELPLATZPUNKTOGD.2967961,osm:way/75107164,football,32.9
wfs:SPIELPLATZPUNKTOGD.2967749,osm:way/133387752,football,33.7
wfs:SPIELPLATZPUNKTOGD.2967758,osm:way/343166516,football,19.9
wfs:SPIELPLATZPUNKTOGD.2967761,osm:way/297604322,football,20.2
wfs:SPIELPLATZPUNKTOGD.2967768,osm:way/407746611,football,6.9
wfs:SPIELPLATZPUNKTOGD.2967770,osm:way/1138655194,football,2.4
wfs:SPIELPLATZPUNKTOGD.2967770,osm:way/1535587670,football,25.3
wfs:SPIELPLATZPUNKTOGD.2967780,osm:way/404999306,football,1.6
wfs:SPIELPLATZPUNKTOGD.2967786,osm:way/844281013,football,38.8
wfs:SPIELPLATZPUNKTOGD.2967792,osm:way/1017942750,football,38.0
wfs:SPIELPLATZPUNKTOGD.2967795,osm:way/1427371129,football,10.0
wfs:SPIELPLATZPUNKTOGD.2967804,osm:way/172049756,football,5.6
wfs:SPIELPLATZPUNKTOGD.2967811,osm:way/313685638,football,9.5
wfs:SPIELPLATZPUNKTOGD.2967812,osm:way/1205305424,football,0.1
wfs:SPIELPLATZPUNKTOGD.2967813,osm:way/1197762213,football,19.3
wfs:SPIELPLATZPUNKTOGD.2967814,osm:way/424791849,football,30.4
wfs:SPIELPLATZPUNKTOGD.2967817,osm:way/47498504,football,14.9
wfs:SPIELPLATZPUNKTOGD.2967818,osm:way/231363588,football,29.5
wfs:SPIELPLATZPUNKTOGD.2967827,osm:way/1373098971,football,2.3
wfs:SPIELPLATZPUNKTOGD.2967827,osm:way/541411082,football,17.6
wfs:SPIELPLATZPUNKTOGD.2967831,osm:way/1193325471,football,11.0
wfs:SPIELPLATZPUNKTOGD.2967832,osm:way/28159271,football,20.9
wfs:SPIELPLATZPUNKTOGD.2967833,osm:relation/10082711,football,25.8
wfs:SPIELPLATZPUNKTOGD.2967838,osm:way/1185355670,football,24.4
wfs:SPIELPLATZPUNKTOGD.2967862,osm:node/11611397316,football,10.1
wfs:SPIELPLATZPUNKTOGD.2967867,osm:way/26399703,football,16.9
wfs:SPIELPLATZPUNKTOGD.2967870,osm:way/1535474488,football,11.5
osm:way/23098031,osm:way/23098033,football,4.4
osm:way/26259458,osm:way/1305581395,football,34.0
osm:way/26399702,osm:way/26399703,football,29.8
osm:way/26461134,osm:way/1259083800,football,28.6
osm:way/26504119,osm:way/1514439698,football,22.9
osm:way/26643705,osm:way/422035389,football,33.6
osm:way/27064638,osm:way/160893216,football,15.6
osm:way/27494512,osm:way/1221983081,football,34.3
osm:way/27674123,osm:way/160892784,football,27.9
osm:way/28974899,osm:way/483018203,football,30.5
osm:way/28974899,osm:way/1092600302,football,22.2
osm:way/28974899,osm:way/483018201,football,15.0
osm:way/29072354,osm:way/312080859,football,30.1
osm:way/29072354,osm:way/119397879,football,26.6
osm:way/29072354,osm:way/312080861,football,20.6
osm:way/36327563,osm:way/1012871572,football,22.2
osm:way/36908908,osm:way/622144063,football,32.2
osm:way/56245817,osm:way/350615257,football,5.6
osm:way/82551346,osm:way/1371682258,football,39.0
osm:way/83500450,osm:way/251678547,football,38.2
osm:way/105055188,osm:way/105055198,football,22.9
osm:way/119397879,osm:way/312080859,football,14.3
osm:way/139000865,osm:way/139000866,football,39.3
osm:way/176697636,osm:way/1544827494,football,32.5
osm:way/194820847,osm:way/195001112,football,31.1
osm:way/200546057,osm:way/200546060,football,29.3
osm:way/214304976,osm:way/214304977,football,17.8
osm:way/483018201,osm:way/483018202,football,30.5
osm:way/483018201,osm:way/483018203,football,15.4
osm:way/483018201,osm:way/1092600302,football,7.2
osm:way/483018202,osm:way/483018203,football,15.1
osm:way/483018202,osm:way/1092600302,football,23.4
osm:way/483018203,osm:way/1092600302,football,8.3
osm:way/504434955,osm:way/504434956,football,26.5
osm:way/541358689,osm:way/1489278524,football,27.3
osm:way/541411082,osm:way/1373098971,football,20.0
osm:way/782381732,osm:way/782381733,football,20.1
osm:way/1013163133,osm:way/1371682258,football,37.8
osm:way/1022397198,osm:way/1022397199,football,21.8
osm:way/1138655194,osm:way/1535587670,football,24.2
osm:way/1194471690,osm:way/1194471694,football,17.6
osm:way/1329372824,osm:way/1329372826,football,30.3
osm:way/1329372824,osm:way/1329372825,football,14.9
osm:way/1329372825,osm:way/1329372827,football,37.6
osm:way/1329372825,osm:way/1329372826,football,15.6
osm:way/1329372826,osm:way/1329372828,football,37.3
osm:way/1329372826,osm:way/1329372827,football,21.9
osm:way/1329372827,osm:way/1329372828,football,15.4
osm:way/1329848905,osm:way/1329848906,football,23.9
osm:way/1454191325,osm:way/1454191326,football,18.8
osm:way/1454191326,osm:way/1454191327,football,25.8
osm:way/1454191328,osm:way/1454191329,football,32.0
wfs:SPORTSTAETTENOGD.16518,osm:node/276184676,swimming,27.6
wfs:SPORTSTAETTENOGD.16541,osm:way/26640912,swimming,35.9
wfs:SPORTSTAETTENOGD.16541,osm:way/26640916,swimming,36.4
wfs:SPORTSTAETTENOGD.16541,osm:way/24223329,swimming,9.3
wfs:SPORTSTAETTENOGD.17334,osm:way/361414993,swimming,18.8
wfs:SPORTSTAETTENOGD.17335,osm:way/140311941,swimming,25.9
wfs:SPORTSTAETTENOGD.17336,osm:way/993213104,swimming,7.6
wfs:SPORTSTAETTENOGD.17337,osm:way/49151736,swimming,3.1
wfs:SPORTSTAETTENOGD.17338,osm:way/308267595,swimming,11.4
wfs:SPORTSTAETTENOGD.17339,osm:way/680854821,swimming,3.4
wfs:SPORTSTAETTENOGD.17340,osm:way/81101999,swimming,2.0
wfs:SPORTSTAETTENOGD.17341,osm:way/1466561573,swimming,30.1
wfs:SPORTSTAETTENOGD.17367,osm:way/992410336,swimming,10.9
wfs:SPORTSTAETTENOGD.17368,osm:way/817849328,swimming,6.6
wfs:SPORTSTAETTENOGD.17369,osm:way/993215351,swimming,4.6
wfs:SPORTSTAETTENOGD.17369,osm:way/130630497,swimming,1.5
wfs:SPORTSTAETTENOGD.17448,osm:node/444247110,swimming,33.9
wfs:SPORTSTAETTENOGD.17451,osm:way/29304078,swimming,29.4
wfs:SPORTSTAETTENOGD.17454,osm:way/26450671,swimming,32.2
wfs:SPORTSTAETTENOGD.17454,osm:way/132702586,swimming,35.4
wfs:SPORTSTAETTENOGD.17456,osm:way/30410182,swimming,21.6
wfs:SPORTSTAETTENOGD.17456,osm:way/359373279,swimming,21.6
wfs:SPORTSTAETTENOGD.17457,osm:way/26700028,swimming,11.7
wfs:SPORTSTAETTENOGD.17465,osm:way/142044910,swimming,30.9
wfs:SPORTSTAETTENOGD.17465,osm:way/121956234,swimming,31.3
wfs:SPORTSTAETTENOGD.17469,osm:way/23329527,swimming,3.8
wfs:SPORTSTAETTENOGD.17480,osm:relation/2759243,swimming,5.3
wfs:SPORTSTAETTENOGD.17481,osm:way/26300541,swimming,14.3
osm:way/24223329,osm:way/26640912,swimming,35.9
osm:way/24223329,osm:way/26640916,swimming,38.2
osm:way/26300520,osm:way/26300555,swimming,38.0
osm:way/26300555,osm:way/26300572,swimming,28.3
osm:way/26640866,osm:way/26640871,swimming,28.3
osm:way/26640871,osm:way/26640882,swimming,39.3
osm:way/26640912,osm:way/26640916,swimming,6.9
osm:way/29700243,osm:way/945695242,swimming,29.3
osm:way/30011177,osm:way/30011186,swimming,9.7
osm:way/30410182,osm:way/359373279,swimming,0.0
osm:way/121956234,osm:way/142044910,swimming,1.8
osm:way/130630497,osm:way/993215351,swimming,5.6
osm:way/138963364,osm:way/138963365,swimming,19.6
osm:way/204051908,osm:way/204051909,swimming,21.0
osm:way/204051908,osm:way/204051910,swimming,21.5
wfs:SPORTSTAETTENOGD.16362,osm:way/29253889,tennis,37.5
wfs:SPORTSTAETTENOGD.16362,osm:way/1271277611,tennis,20.6
wfs:SPORTSTAETTENOGD.16362,osm:way/1271277612,tennis,5.6
wfs:SPORTSTAETTENOGD.16362,osm:way/1271277613,tennis,14.9
wfs:SPORTSTAETTENOGD.11159,osm:way/1271503752,tennis,38.6
wfs:SPORTSTAETTENOGD.11160,osm:way/1264918619,tennis,33.0
wfs:SPORTSTAETTENOGD.11193,osm:way/218562227,tennis,27.3
wfs:SPORTSTAETTENOGD.16029,osm:way/241112143,tennis,32.7
wfs:SPORTSTAETTENOGD.16030,osm:way/900497658,tennis,36.9
wfs:SPORTSTAETTENOGD.16030,osm:way/326383674,tennis,38.0
wfs:SPORTSTAETTENOGD.16030,osm:way/326383675,tennis,35.2
wfs:SPORTSTAETTENOGD.16030,osm:way/326383676,tennis,36.9
wfs:SPORTSTAETTENOGD.16036,osm:way/1259171398,tennis,31.3
wfs:SPORTSTAETTENOGD.16038,osm:way/1259171412,tennis,36.2
wfs:SPORTSTAETTENOGD.16038,osm:way/1259171410,tennis,13.5
wfs:SPORTSTAETTENOGD.16038,osm:way/1259171411,tennis,29.1
wfs:SPORTSTAETTENOGD.16082,wfs:SPORTSTAETTENOGD.16083,tennis,1.4
wfs:SPORTSTAETTENOGD.16105,wfs:SPORTSTAETTENOGD.16106,tennis,1.4
wfs:SPORTSTAETTENOGD.16109,osm:way/269952713,tennis,38.7
wfs:SPORTSTAETTENOGD.16109,osm:way/269952707,tennis,30.1
wfs:SPORTSTAETTENOGD.16109,osm:way/269952715,tennis,29.8
wfs:SPORTSTAETTENOGD.16109,osm:way/269952718,tennis,35.1
wfs:SPORTSTAETTENOGD.16109,osm:way/269952721,tennis,32.5
wfs:SPORTSTAETTENOGD.16121,osm:way/1006777543,tennis,25.5
wfs:SPORTSTAETTENOGD.16121,osm:way/1006777544,tennis,38.1
wfs:SPORTSTAETTENOGD.16122,osm:way/1319699652,tennis,31.2
wfs:SPORTSTAETTENOGD.16122,osm:way/1319699649,tennis,39.8
wfs:SPORTSTAETTENOGD.16122,osm:way/1319699648,tennis,30.6
wfs:SPORTSTAETTENOGD.16122,osm:way/1319699647,tennis,25.5
wfs:SPORTSTAETTENOGD.16122,osm:way/404050687,tennis,25.4
wfs:SPORTSTAETTENOGD.16122,osm:way/1319699646,tennis,16.5
wfs:SPORTSTAETTENOGD.16122,osm:way/1319699645,tennis,29.5
wfs:SPORTSTAETTENOGD.16123,osm:way/1319699634,tennis,34.6
wfs:SPORTSTAETTENOGD.16123,osm:way/1319699633,tennis,19.1
wfs:SPORTSTAETTENOGD.16125,osm:way/1347307285,tennis,16.5
wfs:SPORTSTAETTENOGD.16130,osm:way/1259090456,tennis,26.0
wfs:SPORTSTAETTENOGD.16130,osm:way/1259090457,tennis,29.7
wfs:SPORTSTAETTENOGD.16159,osm:way/1271495800,tennis,37.6
wfs:SPORTSTAETTENOGD.16164,osm:way/1259086817,tennis,30.1
wfs:SPORTSTAETTENOGD.16179,osm:way/1347309175,tennis,34.8
wfs:SPORTSTAETTENOGD.16179,osm:way/1347309174,tennis,27.1
wfs:SPORTSTAETTENOGD.16186,osm:way/1266614771,tennis,11.4
wfs:SPORTSTAETTENOGD.16186,osm:way/1266614770,tennis,11.9
wfs:SPORTSTAETTENOGD.16186,osm:way/1266614772,tennis,23.7
wfs:SPORTSTAETTENOGD.16186,osm:way/1266614777,tennis,32.2
wfs:SPORTSTAETTENOGD.16186,osm:way/1266614776,tennis,31.0
wfs:SPORTSTAETTENOGD.16186,osm:way/1266614775,tennis,36.1
wfs:SPORTSTAETTENOGD.16186,osm:way/1360983974,tennis,38.0
wfs:SPORTSTAETTENOGD.16233,osm:way/174135433,tennis,38.7
wfs:SPORTSTAETTENOGD.16251,osm:way/1261805931,tennis,39.9
wfs:SPORTSTAETTENOGD.16251,osm:way/1261805930,tennis,28.7
wfs:SPORTSTAETTENOGD.16251,osm:way/1261805929,tennis,23.4
wfs:SPORTSTAETTENOGD.16282,osm:way/29450031,tennis,21.9
wfs:SPORTSTAETTENOGD.16282,osm:way/1265891119,tennis,8.1
wfs:SPORTSTAETTENOGD.16282,osm:way/1265891118,tennis,20.3
wfs:SPORTSTAETTENOGD.16282,osm:way/1265891117,tennis,34.2
wfs:SPORTSTAETTENOGD.16300,osm:way/26584060,tennis,39.9
wfs:SPORTSTAETTENOGD.16302,osm:way/303129854,tennis,14.1
wfs:SPORTSTAETTENOGD.16302,osm:way/303129853,tennis,2.4
wfs:SPORTSTAETTENOGD.16307,osm:way/59847152,tennis,7.9
wfs:SPORTSTAETTENOGD.16308,osm:way/59847152,tennis,38.1
wfs:SPORTSTAETTENOGD.16308,osm:way/59847158,tennis,3.4
wfs:SPORTSTAETTENOGD.16325,osm:way/498378452,tennis,35.6
wfs:SPORTSTAETTENOGD.16325,osm:way/622144059,tennis,26.2
wfs:SPORTSTAETTENOGD.16325,osm:way/498378451,tennis,31.0
wfs:SPORTSTAETTENOGD.16325,osm:way/93107236,tennis,33.1
wfs:SPORTSTAETTENOGD.16326,osm:way/498378452,tennis,19.8
wfs:SPORTSTAETTENOGD.16326,osm:way/622144059,tennis,18.1
wfs:SPORTSTAETTENOGD.16326,osm:way/498378451,tennis,13.3
wfs:SPORTSTAETTENOGD.16326,osm:way/93107236,tennis,20.6
wfs:SPORTSTAETTENOGD.16326,osm:way/498378453,tennis,15.4
wfs:SPORTSTAETTENOGD.16327,osm:way/1271277283,tennis,35.8
wfs:SPORTSTAETTENOGD.16327,osm:way/1271277284,tennis,20.8
wfs:SPORTSTAETTENOGD.16330,osm:way/1313914164,tennis,14.5
wfs:SPORTSTAETTENOGD.16330,osm:way/1313914163,tennis,1.2
wfs:SPORTSTAETTENOGD.16330,osm:way/1313914162,tennis,13.7
wfs:SPORTSTAETTENOGD.16331,osm:way/1313914165,tennis,37.3
wfs:SPORTSTAETTENOGD.16340,osm:way/1313914169,tennis,26.0
wfs:SPORTSTAETTENOGD.16340,osm:way/1313914168,tennis,18.4
wfs:SPORTSTAETTENOGD.16349,osm:way/1258817568,tennis,21.5
wfs:SPORTSTAETTENOGD.16389,wfs:SPORTSTAETTENOGD.16390,tennis,35.4
wfs:SPORTSTAETTENOGD.16389,osm:way/1264910617,tennis,24.1
wfs:SPORTSTAETTENOGD.16389,osm:way/1264910618,tennis,30.4
wfs:SPORTSTAETTENOGD.16389,osm:way/1264910623,tennis,16.1
wfs:SPORTSTAETTENOGD.16390,osm:way/1264910617,tennis,28.8
wfs:SPORTSTAETTENOGD.16391,wfs:SPORTSTAETTENOGD.16392,tennis,1.4
wfs:SPORTSTAETTENOGD.16396,osm:way/1258747583,tennis,16.9
wfs:SPORTSTAETTENOGD.16396,osm:way/1258747582,tennis,6.4
wfs:SPORTSTAETTENOGD.16396,osm:way/1258747581,tennis,24.5
wfs:SPORTSTAETTENOGD.16407,wfs:SPORTSTAETTENOGD.16408,tennis,38.2
wfs:SPORTSTAETTENOGD.16409,osm:way/1258746494,tennis,17.7
wfs:SPORTSTAETTENOGD.16409,osm:way/1258746493,tennis,3.4
wfs:SPORTSTAETTENOGD.16409,osm:way/1258746488,tennis,34.7
wfs:SPORTSTAETTENOGD.16409,osm:way/1258746492,tennis,15.0
wfs:SPORTSTAETTENOGD.16424,osm:way/1315363119,tennis,31.3
wfs:SPORTSTAETTENOGD.16424,osm:way/179183000,tennis,23.5
wfs:SPORTSTAETTENOGD.16424,osm:way/199796279,tennis,28.7
wfs:SPORTSTAETTENOGD.16427,osm:way/1270198992,tennis,29.0
wfs:SPORTSTAETTENOGD.16454,wfs:SPORTSTAETTENOGD.16455,tennis,1.4
wfs:SPORTSTAETTENOGD.16454,osm:way/246344314,tennis,37.5
wfs:SPORTSTAETTENOGD.16455,osm:way/246344314,tennis,36.2
wfs:SPORTSTAETTENOGD.16485,osm:way/545844935,tennis,37.8
wfs:SPORTSTAETTENOGD.16486,osm:way/1271281431,tennis,36.3
wfs:SPORTSTAETTENOGD.16486,osm:way/1271281430,tennis,38.3
wfs:SPORTSTAETTENOGD.16486,osm:way/1271281429,tennis,14.4
wfs:SPORTSTAETTENOGD.16486,osm:way/1271281428,tennis,1.3
wfs:SPORTSTAETTENOGD.16486,wfs:SPORTSTAETTENOGD.16487,tennis,33.5
wfs:SPORTSTAETTENOGD.16487,osm:way/1271281428,tennis,32.3
wfs:SPORTSTAETTENOGD.16493,osm:way/117325642,tennis,11.2
wfs:SPORTSTAETTENOGD.16494,wfs:SPORTSTAETTENOGD.16495,tennis,39.7
wfs:SPORTSTAETTENOGD.16494,osm:way/1271495429,tennis,29.2
wfs:SPORTSTAETTENOGD.16495,osm:way/1271495430,tennis,39.2
wfs:SPORTSTAETTENOGD.16495,osm:way/1271495431,tennis,38.5
wfs:SPORTSTAETTENOGD.16495,osm:way/1271495429,tennis,10.7
wfs:SPORTSTAETTENOGD.16495,osm:way/1271495428,tennis,7.8
wfs:SPORTSTAETTENOGD.16507,osm:way/1259165112,tennis,22.3
wfs:SPORTSTAETTENOGD.16507,wfs:SPORTSTAETTENOGD.16508,tennis,1.4
wfs:SPORTSTAETTENOGD.16508,osm:way/1259165113,tennis,39.4
wfs:SPORTSTAETTENOGD.16508,osm:way/1259165112,tennis,21.5
wfs:SPORTSTAETTENOGD.16563,osm:way/1265197056,tennis,34.2
wfs:SPORTSTAETTENOGD.16574,osm:way/237842883,tennis,15.3
wfs:SPORTSTAETTENOGD.16580,osm:way/215830970,tennis,28.8
wfs:SPORTSTAETTENOGD.17417,osm:way/1259082627,tennis,24.1
wfs:SPORTSTAETTENOGD.17417,osm:way/1259082626,tennis,7.8
wfs:SPORTSTAETTENOGD.17417,osm:way/1259082625,tennis,9.1
wfs:SPORTSTAETTENOGD.17423,osm:way/1466093599,tennis,21.2
wfs:SPORTSTAETTENOGD.17423,osm:way/1466093592,tennis,39.1
wfs:SPORTSTAETTENOGD.17423,osm:way/1466093598,tennis,28.2
wfs:SPORTSTAETTENOGD.17423,osm:way/1466093597,tennis,26.5
wfs:SPORTSTAETTENOGD.17423,osm:way/1466093596,tennis,33.3
wfs:SPIELPLATZPUNKTOGD.2967845,osm:way/952273770,tennis,19.0
wfs:SPIELPLATZPUNKTOGD.2967845,osm:way/952273769,tennis,33.4
wfs:SPIELPLATZPUNKTOGD.2967845,osm:way/1533852093,tennis,27.0
wfs:SPIELPLATZPUNKTOGD.2967845,osm:way/1533852092,tennis,19.6
wfs:SPIELPLATZPUNKTOGD.2967845,osm:way/952273773,tennis,26.3
wfs:SPIELPLATZPUNKTOGD.2967845,osm:way/952273772,tennis,12.4
wfs:SPIELPLATZPUNKTOGD.2967845,osm:way/30824798,tennis,4.1
wfs:SPIELPLATZPUNKTOGD.2967845,osm:way/952273771,tennis,6.6
osm:node/1717868160,osm:node/13755210806,tennis,1.5
osm:node/1723348144,osm:way/1259171389,tennis,31.4
osm:node/1723348144,osm:way/1259171388,tennis,12.7
osm:node/1880692099,osm:way/194379077,tennis,19.1
osm:node/4872001309,osm:node/9561377405,tennis,5.5
osm:node/6020323397,osm:node/6020323399,tennis,6.3
osm:node/6020323397,osm:node/6020323398,tennis,9.1
osm:node/6020323398,osm:node/6020323399,tennis,9.3
osm:node/6557473438,osm:node/6557473443,tennis,18.9
osm:node/7417915264,osm:node/11866981824,tennis,4.4
osm:node/7417915264,osm:node/11866981823,tennis,5.7
osm:node/7538734334,osm:node/13078492684,tennis,8.5
osm:node/7659388624,osm:node/12278296516,tennis,9.0
osm:node/7659388624,osm:node/7659388625,tennis,12.5
osm:node/7659388625,osm:node/12278296516,tennis,5.4
osm:node/7746995141,osm:node/7746995142,tennis,4.9
osm:node/8274763687,osm:node/8274865711,tennis,3.5
osm:node/8587221609,osm:node/8587244681,tennis,14.8
osm:node/8646470142,osm:node/8646470143,tennis,4.7
osm:node/8711343447,osm:node/8910895355,tennis,26.2
osm:node/8990099373,osm:node/11079545998,tennis,10.0
osm:node/9060726276,osm:node/11245577736,tennis,4.0
osm:node/9179880466,osm:node/10649427555,tennis,8.3
osm:node/9179880466,osm:node/10649427556,tennis,8.2
osm:node/9179880466,osm:node/10649427554,tennis,32.9
osm:node/9179880466,osm:node/9179916360,tennis,39.7
osm:node/9179916360,osm:node/10649427556,tennis,31.8
osm:node/9179916360,osm:node/10649427554,tennis,7.2
osm:node/9179916360,osm:node/10649427553,tennis,9.0
osm:node/9493185824,osm:node/9493185825,tennis,3.7
osm:node/9724952879,osm:node/11342095501,tennis,5.2
osm:node/9791012404,osm:node/9791012406,tennis,32.9
osm:node/9791012404,osm:node/9791012405,tennis,29.2
osm:node/9791012405,osm:node/9791012406,tennis,4.2
osm:node/9804850092,osm:node/10169918780,tennis,4.4
osm:node/9855107144,osm:way/1260639285,tennis,29.7
osm:node/9855107144,osm:way/1260639284,tennis,14.8
osm:node/9855107144,osm:way/1260639283,tennis,15.5
osm:node/9855107144,osm:way/1260639282,tennis,31.5
osm:node/10002033891,osm:node/10002033892,tennis,4.9
osm:node/10084860295,osm:node/12760448299,tennis,5.2
osm:node/10119632153,osm:node/10120617080,tennis,6.3
osm:node/10142881426,osm:node/10142881437,tennis,33.9
osm:node/10142881426,osm:node/10142881445,tennis,4.3
osm:node/10142881437,osm:node/10142881445,tennis,32.7
osm:node/10217342333,osm:way/997991971,tennis,9.6
osm:node/10649427553,osm:node/10649427556,tennis,36.0
osm:node/10649427553,osm:node/10649427554,tennis,14.6
osm:node/10649427554,osm:node/10649427555,tennis,37.6
osm:node/10649427554,osm:node/10649427556,tennis,25.0
osm:node/10649427555,osm:node/10649427556,tennis,15.2
osm:node/10962178476,osm:node/13105704033,tennis,3.4
osm:node/10971817041,osm:node/10971817042,tennis,6.9
osm:node/10971817043,osm:node/10971817044,tennis,28.5
osm:node/11051772617,osm:node/11622775627,tennis,8.7
osm:node/11069851616,osm:node/11069851725,tennis,8.8
osm:node/11086737608,osm:node/11086737681,tennis,12.2
osm:node/11143687190,osm:node/11143687191,tennis,3.4
osm:node/11165352885,osm:node/11165400246,tennis,4.7
osm:node/11225316929,osm:node/11225316933,tennis,5.1
osm:node/11246059979,osm:node/11246059995,tennis,11.0
osm:node/11304911992,osm:node/11304912177,tennis,12.7
osm:node/11684671763,osm:node/11684681770,tennis,5.3
osm:node/11866981823,osm:node/11866981824,tennis,10.1
osm:node/11966044480,osm:node/11966081819,tennis,10.9
osm:node/12282797829,osm:node/12282797830,tennis,4.9
osm:node/12589810791,osm:node/12589810792,tennis,6.1
osm:node/12656854236,osm:node/12656864185,tennis,5.4
osm:node/12656854236,osm:node/12656864184,tennis,10.5
osm:node/12656854236,osm:node/12656867975,tennis,17.3
osm:node/12656854236,osm:node/12656868366,tennis,23.6
osm:node/12656864184,osm:node/12656864185,tennis,5.2
osm:node/12656864184,osm:node/12656867975,tennis,6.8
osm:node/12656864184,osm:node/12656868366,tennis,13.1
osm:node/12656864185,osm:node/12656867975,tennis,12.0
osm:node/12656864185,osm:node/12656868366,tennis,18.2
osm:node/12656867975,osm:node/12656868366,tennis,6.3
osm:node/12841419375,osm:node/12841419376,tennis,8.4
osm:node/12843991023,osm:node/12843991024,tennis,27.2
osm:node/13077952716,osm:node/13077993571,tennis,9.8
osm:node/13077952716,osm:way/34291651,tennis,5.2
osm:node/13077952716,osm:node/13077964588,tennis,5.6
osm:node/13077952716,osm:node/13077993572,tennis,11.4
osm:node/13077964588,osm:node/13077993571,tennis,11.9
osm:node/13077964588,osm:way/34291651,tennis,6.0
osm:node/13077964588,osm:node/13077993572,tennis,10.6
osm:node/13077993571,osm:way/34291651,tennis,5.9
osm:node/13077993571,osm:node/13077993572,tennis,5.6
osm:node/13077993572,osm:way/34291651,tennis,6.2
osm:node/13097600410,osm:node/13243071254,tennis,5.3
osm:node/13195680009,osm:way/514998035,tennis,2.6
osm:node/13326169320,osm:node/13326207640,tennis,5.2
osm:node/13462991890,osm:node/13462991891,tennis,4.6
osm:node/13724826846,osm:node/13724826848,tennis,10.3
osm:node/13764699034,osm:node/13764699035,tennis,2.3
osm:node/13851573832,osm:node/13851573874,tennis,28.3
osm:node/13851573832,osm:node/13851573873,tennis,37.6
osm:node/13851573832,osm:node/13851573833,tennis,4.7
osm:node/13851573833,osm:node/13851573874,tennis,24.9
osm:node/13851573833,osm:node/13851573873,tennis,34.9
osm:node/13851573864,osm:node/13851573865,tennis,9.8
osm:node/13851573873,osm:node/13851573874,tennis,11.7
osm:node/13985203528,osm:node/13985203529,tennis,13.7
osm:node/13990380234,osm:way/256584786,tennis,17.7
osm:node/13990380234,osm:way/256584785,tennis,17.4
osm:way/23654501,osm:way/1271277282,tennis,15.2
osm:way/23654501,osm:way/1271277283,tennis,30.4
osm:way/26584060,osm:way/26584062,tennis,35.1
osm:way/26615758,osm:way/1266614783,tennis,29.9
osm:way/26764002,osm:way/545844933,tennis,38.3
osm:way/26764002,osm:way/545844930,tennis,34.3
osm:way/26764002,osm:way/545844927,tennis,17.0
osm:way/28997023,osm:way/195090124,tennis,18.5
osm:way/29253889,osm:way/1271277611,tennis,17.1
osm:way/29253889,osm:way/1271277612,tennis,34.2
osm:way/29278132,osm:way/1261995040,tennis,8.3
osm:way/29278132,osm:way/1261995039,tennis,7.8
osm:way/29450031,osm:way/1265891119,tennis,24.9
osm:way/29450031,osm:way/1265891118,tennis,39.3
osm:way/29702006,osm:way/1006777546,tennis,35.3
osm:way/29702006,osm:way/1006777547,tennis,32.5
osm:way/30824798,osm:way/952273770,tennis,21.5
osm:way/30824798,osm:way/952273769,tennis,36.1
osm:way/30824798,osm:way/1533852093,tennis,27.0
osm:way/30824798,osm:way/952273774,tennis,37.3
osm:way/30824798,osm:way/1533852092,tennis,22.9
osm:way/30824798,osm:way/952273773,tennis,22.8
osm:way/30824798,osm:way/952273772,tennis,8.5
osm:way/30824798,osm:way/952273771,tennis,7.2
osm:way/31428412,osm:way/172800492,tennis,18.5
osm:way/59847152,osm:way/59847158,tennis,39.7
osm:way/93107236,osm:way/498378452,tennis,30.3
osm:way/93107236,osm:way/622144059,tennis,15.5
osm:way/93107236,osm:way/498378451,tennis,15.7
osm:way/93107236,osm:way/498378453,tennis,29.2
osm:way/93107260,osm:way/241112132,tennis,39.8
osm:way/93107260,osm:way/241112139,tennis,30.8
osm:way/93107260,osm:way/241112134,tennis,15.3
osm:way/93107433,osm:way/241112138,tennis,37.3
osm:way/93107433,osm:way/241112143,tennis,30.9
osm:way/93107433,osm:way/241112136,tennis,15.5
osm:way/117325640,osm:way/117325641,tennis,36.2
osm:way/138514794,osm:way/138514795,tennis,16.0
osm:way/165346145,osm:way/1209339404,tennis,11.6
osm:way/172049760,osm:way/1330250102,tennis,15.9
osm:way/173168404,osm:way/173168413,tennis,33.1
osm:way/173168404,osm:way/173168415,tennis,16.3
osm:way/173168404,osm:way/173168416,tennis,26.2
osm:way/173168404,osm:way/173168411,tennis,38.9
osm:way/173168404,osm:way/173168407,tennis,35.1
osm:way/173168404,osm:way/173168421,tennis,36.7
osm:way/173168406,osm:way/173168419,tennis,38.1
osm:way/173168406,osm:way/173168414,tennis,35.3
osm:way/173168406,osm:way/173168411,tennis,39.6
osm:way/173168406,osm:way/173168409,tennis,14.2
osm:way/173168406,osm:way/173168410,tennis,14.4
osm:way/173168406,osm:way/173168412,tennis,28.6
osm:way/173168407,osm:way/173168415,tennis,38.4
osm:way/173168407,osm:way/173168414,tennis,33.6
osm:way/173168407,osm:way/173168411,tennis,16.4
osm:way/173168407,osm:way/173168421,tennis,26.3
osm:way/173168407,osm:way/173168412,tennis,35.6
osm:way/173168407,osm:way/173168408,tennis,35.9
osm:way/173168408,osm:way/173168410,tennis,28.7
osm:way/173168408,osm:way/173168412,tennis,14.5
osm:way/173168408,osm:way/173168423,tennis,13.8
osm:way/173168409,osm:way/173168419,tennis,35.1
osm:way/173168409,osm:way/173168414,tennis,38.4
osm:way/173168409,osm:way/173168410,tennis,28.6
osm:way/173168410,osm:way/173168414,tennis,37.6
osm:way/173168410,osm:way/173168411,tennis,35.2
osm:way/173168410,osm:way/173168412,tennis,14.2
osm:way/173168411,osm:way/173168413,tennis,38.4
osm:way/173168411,osm:way/173168415,tennis,34.9
osm:way/173168411,osm:way/173168419,tennis,33.1
osm:way/173168411,osm:way/173168414,tennis,17.2
osm:way/173168411,osm:way/173168412,tennis,36.6
osm:way/173168412,osm:way/173168423,tennis,28.3
osm:way/173168413,osm:way/173168417,tennis,16.6
osm:way/173168413,osm:way/173168415,tennis,16.8
osm:way/173168413,osm:way/173168419,tennis,38.5
osm:way/173168413,osm:way/173168414,tennis,34.6
osm:way/173168414,osm:way/173168417,tennis,37.9
osm:way/173168414,osm:way/173168415,tennis,38.9
osm:way/173168414,osm:way/173168419,tennis,15.9
osm:way/173168415,osm:way/173168417,tennis,33.4
osm:way/173168416,osm:way/173168421,tennis,35.1
osm:way/173168417,osm:way/173168419,tennis,34.6
osm:way/174135413,osm:way/174135414,tennis,36.9
osm:way/174135413,osm:way/174135430,tennis,15.7
osm:way/174135413,osm:way/174135443,tennis,32.5
osm:way/174135413,osm:way/174135421,tennis,39.8
osm:way/174135413,osm:way/174135445,tennis,36.4
osm:way/174135414,osm:way/174135432,tennis,39.6
osm:way/174135414,osm:way/174135439,tennis,36.5
osm:way/174135414,osm:way/174135433,tennis,38.4
osm:way/174135414,osm:way/174135423,tennis,30.2
osm:way/174135414,osm:way/174135441,tennis,14.5
osm:way/174135414,osm:way/174135430,tennis,39.9
osm:way/174135415,osm:way/174135442,tennis,17.6
osm:way/174135415,osm:way/174135424,tennis,34.8
osm:way/174135415,osm:way/174135434,tennis,36.1
osm:way/174135417,osm:way/174135428,tennis,17.0
osm:way/174135417,osm:way/174135447,tennis,33.7
osm:way/174135418,osm:way/174135424,tennis,36.3
osm:way/174135418,osm:way/174135438,tennis,39.5
osm:way/174135418,osm:way/174135434,tennis,35.3
osm:way/174135418,osm:way/174135422,tennis,17.6
osm:way/174135418,osm:way/174135431,tennis,17.8
osm:way/174135421,osm:way/174135430,tennis,36.1
osm:way/174135421,osm:way/174135443,tennis,38.4
osm:way/174135421,osm:way/174135445,tennis,15.5
osm:way/174135422,osm:way/174135442,tennis,36.1
osm:way/174135422,osm:way/174135424,tennis,39.9
osm:way/174135422,osm:way/174135434,tennis,17.8
osm:way/174135422,osm:way/174135431,tennis,35.4
osm:way/174135423,osm:way/174135427,tennis,39.9
osm:way/174135423,osm:way/174135437,tennis,36.6
osm:way/174135423,osm:way/174135432,tennis,39.2
osm:way/174135423,osm:way/174135435,tennis,14.0
osm:way/174135423,osm:way/174135441,tennis,15.7
osm:way/174135424,osm:way/174135442,tennis,17.3
osm:way/174135424,osm:way/174135438,tennis,17.7
osm:way/174135426,osm:way/174135428,tennis,33.9
osm:way/174135426,osm:way/174135447,tennis,17.2
osm:way/174135427,osm:way/174135437,tennis,14.8
osm:way/174135427,osm:way/174135432,tennis,29.7
osm:way/174135427,osm:way/174135435,tennis,36.3
osm:way/174135428,osm:way/174135447,tennis,16.7
osm:way/174135429,osm:way/174135440,tennis,13.3
osm:way/174135430,osm:way/174135441,tennis,37.8
osm:way/174135430,osm:way/174135445,tennis,39.0
osm:way/174135431,osm:way/174135438,tennis,36.0
osm:way/174135432,osm:way/174135437,tennis,14.8
osm:way/174135432,osm:way/174135439,tennis,14.7
osm:way/174135432,osm:way/174135433,tennis,29.0
osm:way/174135432,osm:way/174135441,tennis,36.0
osm:way/174135433,osm:way/174135439,tennis,14.3
osm:way/174135434,osm:way/174135442,tennis,39.9
osm:way/174135435,osm:way/174135437,tennis,38.6
osm:way/174135435,osm:way/174135441,tennis,29.8
osm:way/174135437,osm:way/174135439,tennis,29.5
osm:way/174135437,osm:way/174135441,tennis,39.6
osm:way/174135438,osm:way/174135442,tennis,35.0
osm:way/174135439,osm:way/174135441,tennis,38.5
osm:way/174135443,osm:way/174135445,tennis,24.0
osm:way/178849125,osm:way/178849126,tennis,16.4
osm:way/179183000,osm:way/179183002,tennis,36.4
osm:way/179183000,osm:way/179183003,tennis,27.5
osm:way/179183000,osm:way/179183001,tennis,25.6
osm:way/179183000,osm:way/1315363119,tennis,7.8
osm:way/179183000,osm:way/199796279,tennis,29.5
osm:way/179183001,osm:way/179183002,tennis,29.3
osm:way/179183001,osm:way/179183003,tennis,14.0
osm:way/179183001,osm:way/1315363119,tennis,20.4
osm:way/179183002,osm:way/179183003,tennis,15.4
osm:way/179183002,osm:way/1315363119,tennis,28.8
osm:way/179183003,osm:way/1315363119,tennis,19.8
osm:way/199796279,osm:way/1315363119,tennis,34.6
osm:way/208536554,osm:way/241094257,tennis,28.9
osm:way/208536554,osm:way/241094260,tennis,14.4
osm:way/208536554,osm:way/241094258,tennis,29.0
osm:way/220469659,osm:way/1354165367,tennis,15.7
osm:way/230487824,osm:way/1259086821,tennis,30.1
osm:way/230487824,osm:way/1259086820,tennis,14.4
osm:way/230487824,osm:way/1259086819,tennis,13.1
osm:way/230487824,osm:way/1259086818,tennis,28.7
osm:way/235998705,osm:way/303545710,tennis,32.5
osm:way/235998705,osm:way/303545711,tennis,25.7
osm:way/235998705,osm:way/1260688028,tennis,17.1
osm:way/235998705,osm:way/303545703,tennis,31.9
osm:way/237767209,osm:way/1266614783,tennis,36.4
osm:way/237767209,osm:way/237767210,tennis,38.4
osm:way/237767210,osm:way/318337096,tennis,31.8
osm:way/238240813,osm:way/743588504,tennis,9.2
osm:way/241094257,osm:way/241094259,tennis,14.5
osm:way/241094257,osm:way/241094260,tennis,26.3
osm:way/241094257,osm:way/241094258,tennis,31.2
osm:way/241094258,osm:way/241094260,tennis,14.6
osm:way/241112132,osm:way/241112137,tennis,17.0
osm:way/241112132,osm:way/241112134,tennis,38.0
osm:way/241112134,osm:way/241112137,tennis,40.0
osm:way/241112134,osm:way/241112141,tennis,30.5
osm:way/241112134,osm:way/241112139,tennis,15.4
osm:way/241112136,osm:way/241112138,tennis,39.9
osm:way/241112136,osm:way/241112142,tennis,37.3
osm:way/241112136,osm:way/241112143,tennis,15.4
osm:way/241112137,osm:way/241112139,tennis,37.7
osm:way/241112138,osm:way/241112141,tennis,37.3
osm:way/241112138,osm:way/241112142,tennis,15.6
osm:way/241112139,osm:way/241112141,tennis,15.1
osm:way/246344314,osm:way/1258817553,tennis,33.9
osm:way/246344314,osm:way/1258817554,tennis,38.2
osm:way/256584785,osm:way/256584786,tennis,5.7
osm:way/259610346,osm:way/303545705,tennis,37.4
osm:way/259610346,osm:way/303545706,tennis,27.9
osm:way/259610346,osm:way/303545707,tennis,24.0
osm:way/259610346,osm:way/303545708,tennis,28.1
osm:way/259610346,osm:way/303545709,tennis,37.9
osm:way/269952707,osm:way/269952713,tennis,15.1
osm:way/269952707,osm:way/269952715,tennis,37.8
osm:way/269952710,osm:way/269952715,tennis,33.7
osm:way/269952710,osm:way/269952718,tennis,18.0
osm:way/269952710,osm:way/269952721,tennis,32.4
osm:way/269952713,osm:way/269952715,tennis,33.8
osm:way/269952715,osm:way/269952718,tennis,31.4
osm:way/269952718,osm:way/269952721,tennis,14.9
osm:way/303129853,osm:way/303129854,tennis,13.9
osm:way/303545703,osm:way/303545710,tennis,31.9
osm:way/303545703,osm:way/303545711,tennis,16.1
osm:way/303545703,osm:way/1260688028,tennis,17.6
osm:way/303545704,osm:way/303545705,tennis,14.7
osm:way/303545704,osm:way/303545706,tennis,29.1
osm:way/303545705,osm:way/303545706,tennis,14.4
osm:way/303545705,osm:way/303545707,tennis,29.3
osm:way/303545706,osm:way/303545707,tennis,14.9
osm:way/303545706,osm:way/303545708,tennis,29.1
osm:way/303545707,osm:way/303545708,tennis,14.3
osm:way/303545707,osm:way/303545709,tennis,28.8
osm:way/303545708,osm:way/303545709,tennis,14.5
osm:way/303545709,osm:way/707060654,tennis,33.6
osm:way/303545710,osm:way/303545711,tennis,16.1
osm:way/303545710,osm:way/1260688028,tennis,34.9
osm:way/303545711,osm:way/1260688028,tennis,20.9
osm:way/315756187,osm:way/315756191,tennis,25.2
osm:way/315756187,osm:way/315756190,tennis,16.9
osm:way/315756187,osm:way/315756188,tennis,29.7
osm:way/315756188,osm:way/315756191,tennis,38.1
osm:way/315756188,osm:way/315756192,tennis,18.0
osm:way/315756189,osm:way/315756191,tennis,18.3
osm:way/315756189,osm:way/315756192,tennis,38.1
osm:way/315756190,osm:way/315756191,tennis,39.7
osm:way/324886788,osm:way/1271283421,tennis,15.7
osm:way/324886788,osm:way/1271283422,tennis,31.3
osm:way/326383674,osm:way/1260639289,tennis,24.8
osm:way/326383674,osm:way/1260639290,tennis,29.6
osm:way/326383674,osm:way/326383675,tennis,12.8
osm:way/326383674,osm:way/326383676,tennis,25.9
osm:way/326383675,osm:way/1260639289,tennis,22.3
osm:way/326383675,osm:way/1260639290,tennis,23.2
osm:way/326383675,osm:way/900497656,tennis,28.3
osm:way/326383675,osm:way/326383676,tennis,13.0
osm:way/326383676,osm:way/1260639289,tennis,26.8
osm:way/326383676,osm:way/1260639290,tennis,23.1
osm:way/326383676,osm:way/900497656,tennis,15.2
osm:way/349660719,osm:way/1271495430,tennis,38.4
osm:way/349660719,osm:way/1271495432,tennis,7.0
osm:way/349660719,osm:way/1271495433,tennis,24.4
osm:way/404050686,osm:way/1319699639,tennis,36.4
osm:way/404050686,osm:way/1319699638,tennis,21.6
osm:way/404050686,osm:way/1319699637,tennis,2.2
osm:way/404050686,osm:way/1319699636,tennis,12.9
osm:way/404050686,osm:way/1319699635,tennis,28.0
osm:way/404050687,osm:way/1319699652,tennis,33.0
osm:way/404050687,osm:way/1319699651,tennis,39.7
osm:way/404050687,osm:way/1319699650,tennis,26.7
osm:way/404050687,osm:way/1319699649,tennis,14.4
osm:way/404050687,osm:way/1319699648,tennis,9.4
osm:way/404050687,osm:way/1319699647,tennis,18.3
osm:way/404050687,osm:way/1319699646,tennis,36.6
osm:way/409055409,osm:way/1258817556,tennis,39.9
osm:way/409055409,osm:way/1258817550,tennis,39.7
osm:way/409055409,osm:way/1258817551,tennis,25.5
osm:way/409055409,osm:way/1258817559,tennis,17.0
osm:way/409055409,osm:way/1258817552,tennis,11.8
osm:way/409055409,osm:way/1258817560,tennis,29.9
osm:way/409055409,osm:way/1258817546,tennis,34.6
osm:way/409055409,osm:way/1258817561,tennis,36.2
osm:way/459348441,osm:way/1271274381,tennis,11.4
osm:way/475622011,osm:way/475622013,tennis,37.5
osm:way/475622011,osm:way/475622016,tennis,37.1
osm:way/475622011,osm:way/1514439698,tennis,36.0
osm:way/475622011,osm:way/475622012,tennis,14.3
osm:way/475622012,osm:way/475622013,tennis,37.0
osm:way/475622013,osm:way/475622015,tennis,36.2
osm:way/475622013,osm:way/475622016,tennis,12.3
osm:way/475622015,osm:way/475622016,tennis,36.3
osm:way/475622016,osm:way/1514439698,tennis,29.2
osm:way/498378451,osm:way/498378452,tennis,14.6
osm:way/498378451,osm:way/622144059,tennis,4.9
osm:way/498378451,osm:way/498378453,tennis,28.1
osm:way/498378452,osm:way/622144059,tennis,16.2
osm:way/498378452,osm:way/498378453,tennis,34.5
osm:way/498378453,osm:way/622144059,tennis,32.7
osm:way/545844927,osm:way/545844933,tennis,34.3
osm:way/545844927,osm:way/545844930,tennis,38.3
osm:way/545844930,osm:way/545844933,tennis,17.0
osm:way/545844930,osm:way/545844935,tennis,36.4
osm:way/545844933,osm:way/545844937,tennis,36.3
osm:way/545844933,osm:way/545844935,tennis,39.3
osm:way/545844935,osm:way/545844937,tennis,15.3
osm:way/545844939,osm:way/545844942,tennis,28.4
osm:way/551247967,osm:way/1260639272,tennis,36.1
osm:way/551247967,osm:way/1260639271,tennis,20.5
osm:way/551247967,osm:way/551255878,tennis,37.2
osm:way/551255877,osm:way/551255878,tennis,16.8
osm:way/551255877,osm:way/551255879,tennis,16.8
osm:way/551255878,osm:way/551255879,tennis,33.6
osm:way/900497656,osm:way/1260639289,tennis,37.4
osm:way/900497656,osm:way/1260639290,tennis,30.9
osm:way/900497657,osm:way/900497660,tennis,24.8
osm:way/900497657,osm:way/900497659,tennis,21.4
osm:way/900497657,osm:way/900497658,tennis,12.4
osm:way/900497658,osm:way/900497660,tennis,21.5
osm:way/900497658,osm:way/900497659,tennis,25.0
osm:way/900497659,osm:way/900497660,tennis,13.0
osm:way/913226855,osm:way/1266774110,tennis,30.6
osm:way/913226855,osm:way/1266774109,tennis,10.2
osm:way/913226855,osm:way/1266774107,tennis,20.7
osm:way/913226855,osm:way/1266774108,tennis,35.0
osm:way/913226855,osm:way/1266774112,tennis,39.6
osm:way/913226855,osm:way/1266774113,tennis,38.9
osm:way/935502813,osm:way/952273770,tennis,29.2
osm:way/935502813,osm:way/952273769,tennis,14.5
osm:way/935502813,osm:way/1533852091,tennis,25.9
osm:way/952273769,osm:way/952273770,tennis,14.7
osm:way/952273769,osm:way/1533852092,tennis,38.2
osm:way/952273769,osm:way/952273771,tennis,29.4
osm:way/952273769,osm:way/1533852091,tennis,25.7
osm:way/952273770,osm:way/1533852092,tennis,28.6
osm:way/952273770,osm:way/952273772,tennis,29.2
osm:way/952273770,osm:way/952273771,tennis,14.7
osm:way/952273770,osm:way/1533852091,tennis,32.8
osm:way/952273771,osm:way/1533852093,tennis,33.5
osm:way/952273771,osm:way/1533852092,tennis,24.7
osm:way/952273771,osm:way/952273773,tennis,29.2
osm:way/952273771,osm:way/952273772,tennis,14.6
osm:way/952273772,osm:way/1533852094,tennis,39.8
osm:way/952273772,osm:way/1533852093,tennis,25.8
osm:way/952273772,osm:way/952273774,tennis,29.3
osm:way/952273772,osm:way/1533852092,tennis,28.9
osm:way/952273772,osm:way/952273773,tennis,14.6
osm:way/952273773,osm:way/1533852094,tennis,29.4
osm:way/952273773,osm:way/1533852093,tennis,25.1
osm:way/952273773,osm:way/952273774,tennis,14.6
osm:way/952273773,osm:way/1533852092,tennis,38.4
osm:way/952273774,osm:way/1533852094,tennis,24.3
osm:way/952273774,osm:way/1533852093,tennis,32.1
osm:way/988338591,osm:way/988338592,tennis,14.8
osm:way/988338591,osm:way/988338593,tennis,29.7
osm:way/988338592,osm:way/988338593,tennis,14.9
osm:way/988338594,osm:way/988338595,tennis,15.8
osm:way/988338594,osm:way/988338596,tennis,31.6
osm:way/988338595,osm:way/988338596,tennis,15.8
osm:way/1006777543,osm:way/1006777544,tennis,14.9
osm:way/1006777543,osm:way/1006777545,tennis,30.0
osm:way/1006777544,osm:way/1006777545,tennis,15.1
osm:way/1006777545,osm:way/1006777546,tennis,28.0
osm:way/1006777545,osm:way/1006777547,tennis,34.3
osm:way/1006777546,osm:way/1006777547,tennis,17.2
osm:way/1006777546,osm:way/1006777548,tennis,31.8
osm:way/1006777547,osm:way/1006777548,tennis,15.3
osm:way/1204720247,osm:way/1259171399,tennis,37.8
osm:way/1204720247,osm:way/1259171400,tennis,25.9
osm:way/1204720247,osm:way/1259171401,tennis,18.2
osm:way/1204720247,osm:way/1259171402,tennis,22.8
osm:way/1257116101,osm:way/1257116102,tennis,14.4
osm:way/1257116101,osm:way/1257116103,tennis,27.7
osm:way/1257116102,osm:way/1257116103,tennis,13.3
osm:way/1258746473,osm:way/1258746478,tennis,38.3
osm:way/1258746473,osm:way/1258746477,tennis,35.8
osm:way/1258746473,osm:way/1258746476,tennis,38.3
osm:way/1258746473,osm:way/1258746474,tennis,14.0
osm:way/1258746473,osm:way/1258746475,tennis,13.8
osm:way/1258746474,osm:way/1258746478,tennis,35.6
osm:way/1258746474,osm:way/1258746477,tennis,38.4
osm:way/1258746474,osm:way/1258746475,tennis,27.9
osm:way/1258746475,osm:way/1258746477,tennis,38.3
osm:way/1258746475,osm:way/1258746476,tennis,35.7
osm:way/1258746476,osm:way/1258746478,tennis,27.9
osm:way/1258746476,osm:way/1258746477,tennis,13.7
osm:way/1258746477,osm:way/1258746478,tennis,14.2
osm:way/1258746480,osm:way/1258746481,tennis,17.7
osm:way/1258746480,osm:way/1258746482,tennis,27.9
osm:way/1258746481,osm:way/1258746482,tennis,28.2
osm:way/1258746484,osm:way/1258746490,tennis,39.4
osm:way/1258746484,osm:way/1258746491,tennis,36.6
osm:way/1258746484,osm:way/1258746486,tennis,29.2
osm:way/1258746484,osm:way/1258746485,tennis,14.6
osm:way/1258746485,osm:way/1258746489,tennis,39.4
osm:way/1258746485,osm:way/1258746490,tennis,36.6
osm:way/1258746485,osm:way/1258746491,tennis,39.3
osm:way/1258746485,osm:way/1258746486,tennis,14.6
osm:way/1258746485,osm:way/1258746487,tennis,29.4
osm:way/1258746486,osm:way/1258746489,tennis,36.6
osm:way/1258746486,osm:way/1258746488,tennis,38.3
osm:way/1258746486,osm:way/1258746490,tennis,39.3
osm:way/1258746486,osm:way/1258746487,tennis,14.8
osm:way/1258746487,osm:way/1258746489,tennis,39.6
osm:way/1258746487,osm:way/1258746488,tennis,34.7
osm:way/1258746487,osm:way/1258746492,tennis,34.4
osm:way/1258746488,osm:way/1258746494,tennis,33.4
osm:way/1258746488,osm:way/1258746493,tennis,33.5
osm:way/1258746488,osm:way/1258746489,tennis,16.6
osm:way/1258746488,osm:way/1258746490,tennis,31.1
osm:way/1258746489,osm:way/1258746490,tennis,14.5
osm:way/1258746489,osm:way/1258746491,tennis,29.2
osm:way/1258746490,osm:way/1258746491,tennis,14.6
osm:way/1258746492,osm:way/1258746494,tennis,32.6
osm:way/1258746492,osm:way/1258746493,tennis,18.3
osm:way/1258746493,osm:way/1258746494,tennis,14.3
osm:way/1258746496,osm:way/1258746497,tennis,17.9
osm:way/1258746496,osm:way/1258746499,tennis,36.7
osm:way/1258746497,osm:way/1258746498,tennis,36.3
osm:way/1258746498,osm:way/1258746499,tennis,17.9
osm:way/1258746505,osm:way/1258746506,tennis,18.2
osm:way/1258746505,osm:way/1258746508,tennis,36.5
osm:way/1258746506,osm:way/1258746507,tennis,36.8
osm:way/1258746507,osm:way/1258746508,tennis,18.3
osm:way/1258747576,osm:way/1258747578,tennis,36.6
osm:way/1258747576,osm:way/1258747577,tennis,18.2
osm:way/1258747577,osm:way/1258747579,tennis,36.6
osm:way/1258747578,osm:way/1258747579,tennis,18.0
osm:way/1258747581,osm:way/1258747582,tennis,18.1
osm:way/1258747582,osm:way/1258747583,tennis,23.2
osm:way/1258817545,osm:way/1258817550,tennis,38.6
osm:way/1258817545,osm:way/1258817551,tennis,35.7
osm:way/1258817545,osm:way/1258817552,tennis,38.1
osm:way/1258817545,osm:way/1258817548,tennis,28.3
osm:way/1258817545,osm:way/1258817547,tennis,14.3
osm:way/1258817545,osm:way/1258817546,tennis,13.9
osm:way/1258817546,osm:way/1258817551,tennis,38.4
osm:way/1258817546,osm:way/1258817552,tennis,35.6
osm:way/1258817546,osm:way/1258817547,tennis,28.2
osm:way/1258817546,osm:way/1258817561,tennis,30.5
osm:way/1258817547,osm:way/1258817549,tennis,38.4
osm:way/1258817547,osm:way/1258817550,tennis,35.6
osm:way/1258817547,osm:way/1258817551,tennis,38.2
osm:way/1258817547,osm:way/1258817548,tennis,14.0
osm:way/1258817548,osm:way/1258817549,tennis,35.6
osm:way/1258817548,osm:way/1258817550,tennis,38.2
osm:way/1258817549,osm:way/1258817553,tennis,35.3
osm:way/1258817549,osm:way/1258817554,tennis,38.0
osm:way/1258817549,osm:way/1258817550,tennis,14.0
osm:way/1258817549,osm:way/1258817551,tennis,28.3
osm:way/1258817550,osm:way/1258817553,tennis,38.0
osm:way/1258817550,osm:way/1258817554,tennis,35.3
osm:way/1258817550,osm:way/1258817555,tennis,37.9
osm:way/1258817550,osm:way/1258817551,tennis,14.3
osm:way/1258817550,osm:way/1258817552,tennis,28.2
osm:way/1258817551,osm:way/1258817554,tennis,38.2
osm:way/1258817551,osm:way/1258817555,tennis,35.3
osm:way/1258817551,osm:way/1258817556,tennis,37.9
osm:way/1258817551,osm:way/1258817552,tennis,13.9
osm:way/1258817552,osm:way/1258817555,tennis,38.0
osm:way/1258817552,osm:way/1258817556,tennis,35.3
osm:way/1258817552,osm:way/1258817559,tennis,27.2
osm:way/1258817553,osm:way/1258817554,tennis,14.0
osm:way/1258817553,osm:way/1258817555,tennis,28.3
osm:way/1258817554,osm:way/1258817555,tennis,14.3
osm:way/1258817554,osm:way/1258817556,tennis,28.2
osm:way/1258817555,osm:way/1258817556,tennis,13.9
osm:way/1258817559,osm:way/1258817560,tennis,14.5
osm:way/1258817559,osm:way/1258817561,tennis,38.0
osm:way/1258817560,osm:way/1258817561,tennis,36.3
osm:way/1258817561,osm:way/1258817562,tennis,14.1
osm:way/1258817561,osm:way/1258817563,tennis,28.3
osm:way/1258817561,osm:way/1258817566,tennis,37.9
osm:way/1258817562,osm:way/1258817563,tennis,14.3
osm:way/1258817562,osm:way/1258817564,tennis,28.7
osm:way/1258817562,osm:way/1258817566,tennis,35.0
osm:way/1258817562,osm:way/1258817565,tennis,37.8
osm:way/1258817563,osm:way/1258817564,tennis,14.4
osm:way/1258817563,osm:way/1258817566,tennis,37.7
osm:way/1258817563,osm:way/1258817565,tennis,34.9
osm:way/1258817563,osm:way/1258817567,tennis,37.7
osm:way/1258817564,osm:way/1258817565,tennis,37.8
osm:way/1258817564,osm:way/1258817567,tennis,35.0
osm:way/1258817565,osm:way/1258817566,tennis,14.2
osm:way/1258817565,osm:way/1258817567,tennis,14.1
osm:way/1258817565,osm:way/1258817568,tennis,27.3
osm:way/1258817566,osm:way/1258817567,tennis,28.3
osm:way/1258817566,osm:way/1258817568,tennis,32.4
osm:way/1258817567,osm:way/1258817568,tennis,28.9
osm:way/1258824624,osm:way/1258824625,tennis,15.6
osm:way/1258824624,osm:way/1258824626,tennis,31.0
osm:way/1258824625,osm:way/1258824626,tennis,15.4
osm:way/1258824625,osm:way/1258824627,tennis,31.1
osm:way/1258824626,osm:way/1258824627,tennis,15.7
osm:way/1259082625,osm:way/1259082627,tennis,32.9
osm:way/1259082625,osm:way/1259082626,tennis,16.4
osm:way/1259082626,osm:way/1259082628,tennis,32.9
osm:way/1259082626,osm:way/1259082627,tennis,16.5
osm:way/1259082627,osm:way/1259082628,tennis,16.4
osm:way/1259083793,osm:way/1259083795,tennis,29.8
osm:way/1259083793,osm:way/1259083794,tennis,14.8
osm:way/1259083794,osm:way/1259083796,tennis,30.0
osm:way/1259083794,osm:way/1259083795,tennis,15.0
osm:way/1259083795,osm:way/1259083797,tennis,30.0
osm:way/1259083795,osm:way/1259083796,tennis,15.0
osm:way/1259083796,osm:way/1259083797,tennis,15.0
osm:way/1259086817,osm:way/1259086819,tennis,32.4
osm:way/1259086817,osm:way/1259086818,tennis,16.0
osm:way/1259086818,osm:way/1259086819,tennis,16.4
osm:way/1259086819,osm:way/1259086820,tennis,24.7
osm:way/1259086820,osm:way/1259086822,tennis,32.6
osm:way/1259086820,osm:way/1259086821,tennis,16.4
osm:way/1259086821,osm:way/1259086823,tennis,33.7
osm:way/1259086821,osm:way/1259086822,tennis,16.2
osm:way/1259086822,osm:way/1259086823,tennis,17.5
osm:way/1259090453,osm:way/1259090454,tennis,26.2
osm:way/1259090454,osm:way/1259090455,tennis,35.0
osm:way/1259090455,osm:way/1259090456,tennis,33.8
osm:way/1259090457,osm:way/1259090458,tennis,18.3
osm:way/1259090458,osm:way/1259090459,tennis,27.6
osm:way/1259090459,osm:way/1259090460,tennis,36.4
osm:way/1259165108,osm:way/1259165109,tennis,34.2
osm:way/1259165109,osm:way/1259165111,tennis,34.5
osm:way/1259165109,osm:way/1259165110,tennis,16.9
osm:way/1259165110,osm:way/1259165111,tennis,17.6
osm:way/1259165111,osm:way/1259165114,tennis,39.2
osm:way/1259165112,osm:way/1259165113,tennis,18.1
osm:way/1259165112,osm:way/1259165114,tennis,27.8
osm:way/1259165113,osm:way/1259165114,tennis,28.1
osm:way/1259171386,osm:way/1259171387,tennis,15.9
osm:way/1259171387,osm:way/1259171388,tennis,31.6
osm:way/1259171389,osm:way/1259171391,tennis,29.9
osm:way/1259171389,osm:way/1259171390,tennis,14.9
osm:way/1259171390,osm:way/1259171392,tennis,30.1
osm:way/1259171390,osm:way/1259171391,tennis,15.0
osm:way/1259171391,osm:way/1259171392,tennis,15.1
osm:way/1259171394,osm:way/1259171396,tennis,31.1
osm:way/1259171394,osm:way/1259171395,tennis,15.7
osm:way/1259171395,osm:way/1259171397,tennis,31.1
osm:way/1259171395,osm:way/1259171396,tennis,15.4
osm:way/1259171396,osm:way/1259171397,tennis,15.7
osm:way/1259171398,osm:way/1259171399,tennis,15.5
osm:way/1259171398,osm:way/1259171400,tennis,30.0
osm:way/1259171399,osm:way/1259171400,tennis,14.6
osm:way/1259171399,osm:way/1259171401,tennis,30.0
osm:way/1259171400,osm:way/1259171401,tennis,15.5
osm:way/1259171400,osm:way/1259171402,tennis,36.2
osm:way/1259171401,osm:way/1259171402,tennis,20.8
osm:way/1259171404,osm:way/1259171411,tennis,40.0
osm:way/1259171404,osm:way/1259171405,tennis,14.0
osm:way/1259171404,osm:way/1259171406,tennis,28.1
osm:way/1259171405,osm:way/1259171406,tennis,14.2
osm:way/1259171405,osm:way/1259171407,tennis,28.1
osm:way/1259171406,osm:way/1259171407,tennis,14.0
osm:way/1259171406,osm:way/1259171408,tennis,28.0
osm:way/1259171407,osm:way/1259171408,tennis,14.1
osm:way/1259171407,osm:way/1259171409,tennis,28.1
osm:way/1259171408,osm:way/1259171409,tennis,14.0
osm:way/1259171410,osm:way/1259171412,tennis,35.5
osm:way/1259171410,osm:way/1259171413,tennis,36.9
osm:way/1259171410,osm:way/1259171411,tennis,15.6
osm:way/1259171411,osm:way/1259171413,tennis,35.2
osm:way/1259171412,osm:way/1259171413,tennis,16.0
osm:way/1259171415,osm:way/1259171416,tennis,18.1
osm:way/1259171415,osm:way/1259171417,tennis,36.1
osm:way/1259171416,osm:way/1259171417,tennis,17.9
osm:way/1259171418,osm:way/1259171424,tennis,37.7
osm:way/1259171418,osm:way/1259171419,tennis,17.8
osm:way/1259171418,osm:way/1259171420,tennis,35.3
osm:way/1259171418,osm:way/1259171426,tennis,36.6
osm:way/1259171419,osm:way/1259171424,tennis,28.8
osm:way/1259171419,osm:way/1259171420,tennis,17.6
osm:way/1259171419,osm:way/1259171421,tennis,35.1
osm:way/1259171419,osm:way/1259171426,tennis,35.1
osm:way/1259171420,osm:way/1259171424,tennis,29.5
osm:way/1259171420,osm:way/1259171421,tennis,17.6
osm:way/1259171420,osm:way/1259171430,tennis,39.5
osm:way/1259171421,osm:way/1259171424,tennis,39.2
osm:way/1259171421,osm:way/1259171422,tennis,37.6
osm:way/1259171421,osm:way/1259171430,tennis,22.0
osm:way/1259171421,osm:way/1259171428,tennis,31.5
osm:way/1259171422,osm:way/1259171424,tennis,28.1
osm:way/1259171422,osm:way/1259171423,tennis,16.4
osm:way/1259171423,osm:way/1259171433,tennis,24.2
osm:way/1259171423,osm:way/1259171434,tennis,39.8
osm:way/1259171423,osm:way/1259171430,tennis,38.8
osm:way/1259171425,osm:way/1259171426,tennis,15.7
osm:way/1259171425,osm:way/1259171427,tennis,36.4
osm:way/1259171426,osm:way/1259171427,tennis,37.1
osm:way/1259171427,osm:way/1259171428,tennis,24.9
osm:way/1259171427,osm:way/1259171429,tennis,38.0
osm:way/1259171428,osm:way/1259171430,tennis,32.7
osm:way/1259171428,osm:way/1259171429,tennis,28.2
osm:way/1259171430,osm:way/1259171431,tennis,19.2
osm:way/1259171430,osm:way/1259171432,tennis,34.8
osm:way/1259171431,osm:way/1259171432,tennis,15.6
osm:way/1259171433,osm:way/1259171436,tennis,33.9
osm:way/1259171433,osm:way/1259171434,tennis,19.8
osm:way/1259171433,osm:way/1259171435,tennis,36.4
osm:way/1259171434,osm:way/1259171436,tennis,27.9
osm:way/1259171434,osm:way/1259171435,tennis,17.1
osm:way/1259171435,osm:way/1259171436,tennis,28.1
osm:way/1259172955,osm:way/1259172957,tennis,32.0
osm:way/1259172955,osm:way/1259172956,tennis,15.9
osm:way/1259172956,osm:way/1259172957,tennis,16.0
osm:way/1260639271,osm:way/1260639274,tennis,39.7
osm:way/1260639271,osm:way/1260639273,tennis,36.5
osm:way/1260639271,osm:way/1260639272,tennis,15.5
osm:way/1260639272,osm:way/1260639274,tennis,36.5
osm:way/1260639272,osm:way/1260639273,tennis,39.5
osm:way/1260639273,osm:way/1260639275,tennis,39.9
osm:way/1260639273,osm:way/1260639276,tennis,36.8
osm:way/1260639273,osm:way/1260639274,tennis,15.3
osm:way/1260639274,osm:way/1260639275,tennis,36.8
osm:way/1260639274,osm:way/1260639276,tennis,39.8
osm:way/1260639275,osm:way/1260639277,tennis,29.9
osm:way/1260639275,osm:way/1260639276,tennis,15.4
osm:way/1260639276,osm:way/1260639277,tennis,28.5
osm:way/1260639277,osm:way/1260639278,tennis,38.0
osm:way/1260639279,osm:way/1260639281,tennis,36.5
osm:way/1260639279,osm:way/1260639280,tennis,18.2
osm:way/1260639280,osm:way/1260639281,tennis,18.3
osm:way/1260639282,osm:way/1260639283,tennis,16.0
osm:way/1260639282,osm:way/1260639286,tennis,26.5
osm:way/1260639283,osm:way/1260639284,tennis,30.2
osm:way/1260639284,osm:way/1260639285,tennis,15.0
osm:way/1260639286,osm:way/1260639288,tennis,19.2
osm:way/1260639286,osm:way/1260639287,tennis,33.7
osm:way/1260639287,osm:way/1260639288,tennis,14.7
osm:way/1260639289,osm:way/1260639290,tennis,8.6
osm:way/1261805929,osm:way/1261805931,tennis,30.9
osm:way/1261805929,osm:way/1261805930,tennis,15.3
osm:way/1261805929,osm:relation/17231736,tennis,30.4
osm:way/1261805930,osm:way/1261805931,tennis,15.5
osm:way/1261805930,osm:relation/17231736,tennis,31.6
osm:way/1261805931,osm:way/1261805932,tennis,34.5
osm:way/1261805931,osm:relation/17231736,tennis,39.2
osm:way/1261805932,osm:way/1261805933,tennis,14.0
osm:way/1261805934,osm:relation/17231736,tennis,28.6
osm:way/1261805934,osm:way/1261805935,tennis,37.2
osm:way/1261805935,osm:way/1261805936,tennis,24.2
osm:way/1261995039,osm:way/1261995040,tennis,15.0
osm:way/1263494653,osm:way/1263494654,tennis,14.5
osm:way/1264910614,osm:way/1264910616,tennis,26.4
osm:way/1264910614,osm:way/1264910615,tennis,13.3
osm:way/1264910614,osm:way/1264910618,tennis,38.0
osm:way/1264910614,osm:way/1264910619,tennis,35.5
osm:way/1264910615,osm:way/1264910616,tennis,13.1
osm:way/1264910615,osm:way/1264910617,tennis,38.1
osm:way/1264910615,osm:way/1264910618,tennis,35.4
osm:way/1264910615,osm:way/1264910619,tennis,37.8
osm:way/1264910616,osm:way/1264910620,tennis,34.8
osm:way/1264910616,osm:way/1264910617,tennis,35.5
osm:way/1264910616,osm:way/1264910618,tennis,37.6
osm:way/1264910617,osm:way/1264910618,tennis,13.5
osm:way/1264910617,osm:way/1264910619,tennis,27.2
osm:way/1264910617,osm:way/1264910623,tennis,28.9
osm:way/1264910618,osm:way/1264910619,tennis,13.7
osm:way/1264910618,osm:way/1264910623,tennis,27.6
osm:way/1264910619,osm:way/1264910623,tennis,32.3
osm:way/1264910621,osm:way/1264910622,tennis,13.1
osm:way/1264918616,osm:way/1264918617,tennis,18.2
osm:way/1264918616,osm:way/1264918618,tennis,36.4
osm:way/1264918617,osm:way/1264918618,tennis,18.2
osm:way/1264918619,osm:way/1264918620,tennis,15.8
osm:way/1264918619,osm:way/1264918621,tennis,31.1
osm:way/1264918620,osm:way/1264918621,tennis,15.3
osm:way/1265197052,osm:way/1265197053,tennis,15.3
osm:way/1265197053,osm:way/1265197055,tennis,30.5
osm:way/1265197053,osm:way/1265197054,tennis,31.2
osm:way/1265197054,osm:way/1265197055,tennis,16.9
osm:way/1265197056,osm:way/1265197057,tennis,16.8
osm:way/1265869669,osm:way/1265869670,tennis,14.8
osm:way/1265869669,osm:way/1265869671,tennis,32.6
osm:way/1265869670,osm:way/1265869671,tennis,17.7
osm:way/1265869670,osm:way/1265869672,tennis,32.8
osm:way/1265869671,osm:way/1265869672,tennis,15.1
osm:way/1265891115,osm:way/1265891117,tennis,31.7
osm:way/1265891115,osm:way/1265891116,tennis,17.4
osm:way/1265891116,osm:way/1265891118,tennis,28.7
osm:way/1265891116,osm:way/1265891117,tennis,14.4
osm:way/1265891117,osm:way/1265891119,tennis,28.8
osm:way/1265891117,osm:way/1265891118,tennis,14.3
osm:way/1265891118,osm:way/1265891119,tennis,14.5
osm:way/1266614770,osm:way/1266614773,tennis,38.3
osm:way/1266614770,osm:way/1266614774,tennis,35.1
osm:way/1266614770,osm:way/1266614771,tennis,14.5
osm:way/1266614770,osm:way/1266614772,tennis,14.3
osm:way/1266614770,osm:way/1266614776,tennis,39.9
osm:way/1266614771,osm:way/1266614773,tennis,39.3
osm:way/1266614771,osm:way/1266614772,tennis,28.8
osm:way/1266614771,osm:way/1266614777,tennis,39.9
osm:way/1266614772,osm:way/1266614774,tennis,29.2
osm:way/1266614772,osm:way/1266614775,tennis,39.5
osm:way/1266614773,osm:way/1266614781,tennis,20.9
osm:way/1266614773,osm:way/1266614774,tennis,27.6
osm:way/1266614774,osm:way/1266614781,tennis,13.6
osm:way/1266614775,osm:way/1266614777,tennis,29.1
osm:way/1266614775,osm:way/1266614776,tennis,14.4
osm:way/1266614775,osm:way/1360983974,tennis,8.2
osm:way/1266614776,osm:way/1266614777,tennis,14.7
osm:way/1266614776,osm:way/1360983974,tennis,9.5
osm:way/1266614776,osm:way/1266614778,tennis,38.7
osm:way/1266614777,osm:way/1360983974,tennis,23.3
osm:way/1266614777,osm:way/1266614779,tennis,38.6
osm:way/1266614778,osm:way/1360983974,tennis,34.4
osm:way/1266614778,osm:way/1266614779,tennis,15.6
osm:way/1266774107,osm:way/1266774109,tennis,22.8
osm:way/1266774107,osm:way/1266774108,tennis,14.8
osm:way/1266774108,osm:way/1266774109,tennis,37.5
osm:way/1266774109,osm:way/1266774110,tennis,23.5
osm:way/1266774112,osm:way/1266774114,tennis,24.5
osm:way/1266774112,osm:way/1266774113,tennis,16.1
osm:way/1266774113,osm:way/1266774114,tennis,39.5
osm:way/1270198984,osm:way/1270198985,tennis,27.5
osm:way/1270198985,osm:way/1270198987,tennis,37.2
osm:way/1270198985,osm:way/1270198986,tennis,16.2
osm:way/1270198985,osm:way/1270198994,tennis,32.9
osm:way/1270198986,osm:way/1270198988,tennis,36.8
osm:way/1270198986,osm:way/1270198987,tennis,21.0
osm:way/1270198986,osm:way/1270198994,tennis,26.2
osm:way/1270198987,osm:way/1270198989,tennis,39.5
osm:way/1270198987,osm:way/1270198988,tennis,15.8
osm:way/1270198987,osm:way/1270198993,tennis,28.6
osm:way/1270198987,osm:way/1270198994,tennis,31.4
osm:way/1270198988,osm:way/1270198990,tennis,37.4
osm:way/1270198988,osm:way/1270198989,tennis,24.0
osm:way/1270198988,osm:way/1270198993,tennis,27.3
osm:way/1270198989,osm:way/1270198990,tennis,34.0
osm:way/1270198989,osm:way/1270198993,tennis,35.6
osm:way/1270198990,osm:way/1270198992,tennis,39.2
osm:way/1270198990,osm:way/1270198991,tennis,25.2
osm:way/1270198991,osm:way/1270198992,tennis,14.1
osm:way/1270198993,osm:way/1270198994,tennis,27.8
osm:way/1271274382,osm:way/1271274384,tennis,30.0
osm:way/1271274382,osm:way/1271274383,tennis,15.1
osm:way/1271274383,osm:way/1271274384,tennis,14.9
osm:way/1271277282,osm:way/1271277283,tennis,15.2
osm:way/1271277282,osm:way/1271277284,tennis,30.5
osm:way/1271277283,osm:way/1271277284,tennis,15.3
osm:way/1271277611,osm:way/1271277612,tennis,17.1
osm:way/1271277611,osm:way/1271277613,tennis,34.2
osm:way/1271277612,osm:way/1271277613,tennis,17.1
osm:way/1271281428,osm:way/1375673950,tennis,39.7
osm:way/1271281428,osm:way/1271281431,tennis,35.9
osm:way/1271281428,osm:way/1271281430,tennis,37.5
osm:way/1271281428,osm:way/1271281429,tennis,15.6
osm:way/1271281429,osm:way/1271281431,tennis,38.7
osm:way/1271281430,osm:way/1271281435,tennis,37.4
osm:way/1271281430,osm:way/1271281434,tennis,35.4
osm:way/1271281430,osm:way/1375673950,tennis,3.7
osm:way/1271281430,osm:way/1271281431,tennis,12.4
osm:way/1271281431,osm:way/1271281435,tennis,35.3
osm:way/1271281431,osm:way/1271281434,tennis,37.9
osm:way/1271281431,osm:way/1375673950,tennis,16.0
osm:way/1271281432,osm:way/1271281437,tennis,39.6
osm:way/1271281432,osm:way/1271281434,tennis,33.8
osm:way/1271281432,osm:way/1271281433,tennis,14.8
osm:way/1271281432,osm:way/1271281436,tennis,36.6
osm:way/1271281433,osm:way/1271281437,tennis,36.6
osm:way/1271281433,osm:way/1271281435,tennis,32.3
osm:way/1271281433,osm:way/1271281434,tennis,19.0
osm:way/1271281433,osm:way/1375673950,tennis,37.4
osm:way/1271281433,osm:way/1271281436,tennis,39.4
osm:way/1271281434,osm:way/1271281439,tennis,38.2
osm:way/1271281434,osm:way/1271281438,tennis,35.7
osm:way/1271281434,osm:way/1271281435,tennis,13.3
osm:way/1271281434,osm:way/1375673950,tennis,34.4
osm:way/1271281435,osm:way/1271281439,tennis,35.5
osm:way/1271281435,osm:way/1271281438,tennis,38.5
osm:way/1271281435,osm:way/1375673950,tennis,37.7
osm:way/1271281436,osm:way/1271281438,tennis,32.4
osm:way/1271281436,osm:way/1271281437,tennis,15.0
osm:way/1271281437,osm:way/1271281439,tennis,32.4
osm:way/1271281437,osm:way/1271281438,tennis,17.4
osm:way/1271281438,osm:way/1271281439,tennis,15.0
osm:way/1271283421,osm:way/1271283422,tennis,15.5
osm:way/1271495428,osm:way/1271495429,tennis,17.4
osm:way/1271495430,osm:way/1271495431,tennis,17.4
osm:way/1271495430,osm:way/1271495432,tennis,38.8
osm:way/1271495431,osm:way/1271495433,tennis,38.8
osm:way/1271495432,osm:way/1271495433,tennis,17.4
osm:way/1271495434,osm:way/1271495435,tennis,17.4
osm:way/1271495435,osm:way/1271495436,tennis,38.2
osm:way/1271495796,osm:way/1271495797,tennis,17.8
osm:way/1271495797,osm:way/1271495799,tennis,39.6
osm:way/1271495797,osm:way/1271495798,tennis,23.6
osm:way/1271495798,osm:way/1271495800,tennis,32.0
osm:way/1271495798,osm:way/1271495799,tennis,15.9
osm:way/1271495799,osm:way/1271495800,tennis,16.0
osm:way/1271496677,osm:way/1271496678,tennis,15.6
osm:way/1271496678,osm:way/1271496679,tennis,26.2
osm:way/1271496679,osm:way/1271496680,tennis,15.1
osm:way/1271496679,osm:way/1271496686,tennis,34.2
osm:way/1271496679,osm:way/1271496681,tennis,30.2
osm:way/1271496680,osm:way/1271496686,tennis,35.2
osm:way/1271496680,osm:way/1271496682,tennis,30.2
osm:way/1271496680,osm:way/1271496681,tennis,15.1
osm:way/1271496681,osm:way/1271496687,tennis,35.2
osm:way/1271496681,osm:way/1271496682,tennis,15.1
osm:way/1271496682,osm:way/1271496687,tennis,32.8
osm:way/1271496686,osm:way/1271496687,tennis,37.9
osm:way/1271503734,osm:way/1271503736,tennis,33.7
osm:way/1271503734,osm:way/1271503737,tennis,36.2
osm:way/1271503734,osm:way/1271503735,tennis,13.2
osm:way/1271503735,osm:way/1271503736,tennis,36.2
osm:way/1271503735,osm:way/1271503737,tennis,33.7
osm:way/1271503736,osm:way/1271503751,tennis,39.3
osm:way/1271503736,osm:way/1271503737,tennis,13.2
osm:way/1271503736,osm:way/1271503738,tennis,39.1
osm:way/1271503737,osm:way/1271503739,tennis,39.1
osm:way/1271503738,osm:way/1271503749,tennis,40.0
osm:way/1271503738,osm:way/1389944687,tennis,30.0
osm:way/1271503738,osm:way/1271503740,tennis,39.6
osm:way/1271503738,osm:way/1271503739,tennis,13.2
osm:way/1271503739,osm:way/1271503741,tennis,39.6
osm:way/1271503740,osm:way/1389944687,tennis,28.6
osm:way/1271503740,osm:way/1271503741,tennis,13.2
osm:way/1271503741,osm:way/1389944687,tennis,39.5
osm:way/1271503742,osm:way/1271503747,tennis,38.4
osm:way/1271503742,osm:way/1271503744,tennis,34.3
osm:way/1271503742,osm:way/1271503745,tennis,36.7
osm:way/1271503742,osm:way/1271503743,tennis,13.2
osm:way/1271503743,osm:way/1271503744,tennis,36.8
osm:way/1271503743,osm:way/1271503745,tennis,34.3
osm:way/1271503744,osm:way/1271503745,tennis,13.2
osm:way/1271503746,osm:way/1271503752,tennis,27.7
osm:way/1271503746,osm:way/1271503747,tennis,15.8
osm:way/1271503747,osm:way/1271503752,tennis,28.2
osm:way/1271503748,osm:way/1271503749,tennis,15.8
osm:way/1271503748,osm:way/1389944687,tennis,32.7
osm:way/1271503749,osm:way/1389944687,tennis,17.8
osm:way/1271503750,osm:way/1271503751,tennis,17.3
osm:way/1313914162,osm:way/1313914166,tennis,37.1
osm:way/1313914162,osm:way/1313914165,tennis,39.8
osm:way/1313914162,osm:way/1313914164,tennis,28.1
osm:way/1313914162,osm:way/1313914163,tennis,14.2
osm:way/1313914163,osm:way/1313914166,tennis,39.5
osm:way/1313914163,osm:way/1313914164,tennis,13.9
osm:way/1313914165,osm:way/1313914166,tennis,14.0
osm:way/1313914168,osm:way/1313914169,tennis,34.7
osm:way/1318518247,osm:way/1318518248,tennis,17.5
osm:way/1318518248,osm:way/1318518249,tennis,37.5
osm:way/1318518249,osm:way/1318518250,tennis,18.2
osm:way/1319699633,osm:way/1319699635,tennis,30.8
osm:way/1319699633,osm:way/1319699634,tennis,15.5
osm:way/1319699634,osm:way/1319699636,tennis,30.4
osm:way/1319699634,osm:way/1319699635,tennis,15.3
osm:way/1319699635,osm:way/1319699637,tennis,30.3
osm:way/1319699635,osm:way/1319699636,tennis,15.1
osm:way/1319699636,osm:way/1319699638,tennis,34.6
osm:way/1319699636,osm:way/1319699637,tennis,15.2
osm:way/1319699637,osm:way/1319699639,tennis,34.1
osm:way/1319699637,osm:way/1319699638,tennis,19.4
osm:way/1319699638,osm:way/1319699640,tennis,30.4
osm:way/1319699638,osm:way/1319699639,tennis,14.8
osm:way/1319699639,osm:way/1319699640,tennis,15.6
osm:way/1319699639,osm:way/1319699641,tennis,30.9
osm:way/1319699640,osm:way/1319699642,tennis,30.1
osm:way/1319699640,osm:way/1319699641,tennis,15.2
osm:way/1319699641,osm:way/1319699642,tennis,16.3
osm:way/1319699645,osm:way/1319699652,tennis,29.9
osm:way/1319699645,osm:way/1319699647,tennis,38.1
osm:way/1319699645,osm:way/1319699646,tennis,13.5
osm:way/1319699645,osm:way/1319699653,tennis,12.4
osm:way/1319699646,osm:way/1319699652,tennis,24.2
osm:way/1319699646,osm:way/1319699648,tennis,38.2
osm:way/1319699646,osm:way/1319699647,tennis,27.5
osm:way/1319699646,osm:way/1319699653,tennis,25.9
osm:way/1319699647,osm:way/1319699652,tennis,14.9
osm:way/1319699647,osm:way/1319699649,tennis,27.0
osm:way/1319699647,osm:way/1319699648,tennis,13.6
osm:way/1319699648,osm:way/1319699652,tennis,28.2
osm:way/1319699648,osm:way/1319699650,tennis,27.2
osm:way/1319699648,osm:way/1319699649,tennis,13.5
osm:way/1319699649,osm:way/1319699651,tennis,27.4
osm:way/1319699649,osm:way/1319699650,tennis,13.8
osm:way/1319699650,osm:way/1319699651,tennis,13.6
osm:way/1319699652,osm:way/1319699653,tennis,39.0
osm:way/1330758177,osm:way/1330758179,tennis,35.3
osm:way/1330758177,osm:way/1330758178,tennis,16.8
osm:way/1330758178,osm:way/1330758179,tennis,20.2
osm:way/1347307285,osm:way/1347307288,tennis,35.7
osm:way/1347307285,osm:way/1347307287,tennis,31.2
osm:way/1347307285,osm:way/1347307286,tennis,33.0
osm:way/1347307285,osm:way/1347307289,tennis,39.0
osm:way/1347307286,osm:way/1347307288,tennis,28.8
osm:way/1347307286,osm:way/1347307287,tennis,14.3
osm:way/1347307286,osm:way/1347307289,tennis,12.3
osm:way/1347307287,osm:way/1347307288,tennis,14.4
osm:way/1347307287,osm:way/1347307289,tennis,26.6
osm:way/1347309171,osm:way/1347309173,tennis,32.3
osm:way/1347309171,osm:way/1347309172,tennis,18.2
osm:way/1347309171,osm:way/1347309175,tennis,39.7
osm:way/1347309171,osm:way/1347309174,tennis,34.8
osm:way/1347309172,osm:way/1347309173,tennis,14.1
osm:way/1347309172,osm:way/1347309176,tennis,38.5
osm:way/1347309172,osm:way/1347309175,tennis,36.5
osm:way/1347309172,osm:way/1347309174,tennis,38.0
osm:way/1347309173,osm:way/1347309184,tennis,37.3
osm:way/1347309173,osm:way/1347309177,tennis,38.5
osm:way/1347309173,osm:way/1347309176,tennis,36.2
osm:way/1347309173,osm:way/1347309175,tennis,39.9
osm:way/1347309174,osm:way/1347309176,tennis,28.6
osm:way/1347309174,osm:way/1347309175,tennis,13.2
osm:way/1347309175,osm:way/1347309177,tennis,29.2
osm:way/1347309175,osm:way/1347309176,tennis,15.5
osm:way/1347309175,osm:way/1368123183,tennis,28.3
osm:way/1347309176,osm:way/1347309178,tennis,30.6
osm:way/1347309176,osm:way/1347309177,tennis,13.7
osm:way/1347309176,osm:way/1368123183,tennis,13.3
osm:way/1347309177,osm:way/1347309179,tennis,30.1
osm:way/1347309177,osm:way/1347309178,tennis,16.9
osm:way/1347309177,osm:way/1368123183,tennis,4.5
osm:way/1347309178,osm:way/1347309184,tennis,37.1
osm:way/1347309178,osm:way/1347309180,tennis,27.8
osm:way/1347309178,osm:way/1347309179,tennis,13.2
osm:way/1347309178,osm:way/1368123183,tennis,18.7
osm:way/1347309179,osm:way/1347309183,tennis,38.6
osm:way/1347309179,osm:way/1347309184,tennis,36.7
osm:way/1347309179,osm:way/1347309181,tennis,28.1
osm:way/1347309179,osm:way/1347309180,tennis,14.7
osm:way/1347309179,osm:way/1368123183,tennis,31.6
osm:way/1347309180,osm:way/1347309182,tennis,38.1
osm:way/1347309180,osm:way/1347309183,tennis,36.5
osm:way/1347309180,osm:way/1347309181,tennis,13.5
osm:way/1347309181,osm:way/1347309182,tennis,34.8
osm:way/1347309181,osm:way/1347309183,tennis,38.3
osm:way/1347309182,osm:way/1347309183,tennis,14.0
osm:way/1347309182,osm:way/1347309184,tennis,31.9
osm:way/1347309183,osm:way/1347309184,tennis,17.9
osm:way/1423925954,osm:way/1423925956,tennis,33.8
osm:way/1423925954,osm:way/1423925955,tennis,16.6
osm:way/1423925955,osm:way/1423925956,tennis,17.2
osm:way/1466093592,osm:way/1466093599,tennis,26.7
osm:way/1466093592,osm:way/1466093593,tennis,14.8
osm:way/1466093592,osm:way/1466093595,tennis,36.2
osm:way/1466093592,osm:way/1466093594,tennis,39.3
osm:way/1466093593,osm:way/1466093595,tennis,38.9
osm:way/1466093593,osm:way/1466093594,tennis,36.2
osm:way/1466093594,osm:way/1466093596,tennis,31.7
osm:way/1466093594,osm:way/1466093595,tennis,14.8
osm:way/1466093595,osm:way/1466093597,tennis,31.7
osm:way/1466093595,osm:way/1466093596,tennis,16.9
osm:way/1466093596,osm:way/1466093598,tennis,31.9
osm:way/1466093596,osm:way/1466093597,tennis,14.8
osm:way/1466093597,osm:way/1466093598,tennis,17.1
osm:way/1533852091,osm:way/1533852092,tennis,36.0
osm:way/1533852092,osm:way/1533852093,tennis,23.2
osm:way/1533852093,osm:way/1533852094,tennis,23.2
osm:way/1548198463,osm:way/1548198464,tennis,15.4
wfs:SPORTSTAETTENOGD.16353,osm:way/489119605,volleyball,18.1
wfs:SPORTSTAETTENOGD.16373,osm:way/126138855,volleyball,36.5
wfs:SPORTSTAETTENOGD.11147,osm:way/180390035,volleyball,12.1
wfs:SPORTSTAETTENOGD.11147,osm:way/180390032,volleyball,7.0
wfs:SPORTSTAETTENOGD.11147,wfs:SPIELPLATZPUNKTOGD.2967443,volleyball,5.9
wfs:SPORTSTAETTENOGD.16040,osm:way/91614497,volleyball,1.1
wfs:SPORTSTAETTENOGD.16048,osm:way/413707798,volleyball,2.3
wfs:SPORTSTAETTENOGD.16048,wfs:SPIELPLATZPUNKTOGD.2968128,volleyball,1.7
wfs:SPORTSTAETTENOGD.16067,osm:way/30447424,volleyball,21.2
wfs:SPORTSTAETTENOGD.16141,osm:way/920117715,volleyball,24.9
wfs:SPORTSTAETTENOGD.16146,osm:way/84467235,volleyball,23.5
wfs:SPORTSTAETTENOGD.16146,wfs:SPIELPLATZPUNKTOGD.2967897,volleyball,22.4
wfs:SPORTSTAETTENOGD.16260,osm:way/305503396,volleyball,30.0
wfs:SPORTSTAETTENOGD.16318,osm:way/1271273256,volleyball,25.2
wfs:SPORTSTAETTENOGD.16318,osm:way/1271273257,volleyball,19.3
wfs:SPORTSTAETTENOGD.16318,wfs:SPIELPLATZPUNKTOGD.2968089,volleyball,27.1
wfs:SPORTSTAETTENOGD.16318,osm:way/1271273255,volleyball,35.8
wfs:SPORTSTAETTENOGD.16329,wfs:SPIELPLATZPUNKTOGD.2967543,volleyball,23.4
wfs:SPORTSTAETTENOGD.16338,osm:way/226307567,volleyball,7.1
wfs:SPORTSTAETTENOGD.16350,osm:way/1098930015,volleyball,28.5
wfs:SPORTSTAETTENOGD.16391,wfs:SPORTSTAETTENOGD.16392,volleyball,1.4
wfs:SPORTSTAETTENOGD.16411,osm:way/424791617,volleyball,10.1
wfs:SPORTSTAETTENOGD.16411,wfs:SPIELPLATZPUNKTOGD.2967814,volleyball,22.2
wfs:SPORTSTAETTENOGD.16422,osm:way/1302354759,volleyball,30.5
wfs:SPORTSTAETTENOGD.16439,osm:way/1036779360,volleyball,27.1
wfs:SPORTSTAETTENOGD.16440,osm:way/24369373,volleyball,28.2
wfs:SPORTSTAETTENOGD.16455,osm:way/26641772,volleyball,1.5
wfs:SPORTSTAETTENOGD.16465,wfs:SPIELPLATZPUNKTOGD.2967926,volleyball,7.9
wfs:SPORTSTAETTENOGD.16478,osm:way/133862470,volleyball,23.7
wfs:SPORTSTAETTENOGD.16501,osm:node/12955159318,volleyball,27.0
wfs:SPORTSTAETTENOGD.16513,osm:way/321015628,volleyball,21.5
wfs:SPORTSTAETTENOGD.16550,osm:way/250520215,volleyball,0.1
wfs:SPORTSTAETTENOGD.16550,wfs:SPIELPLATZPUNKTOGD.2968107,volleyball,7.2
wfs:SPORTSTAETTENOGD.16556,osm:way/26937799,volleyball,1.6
wfs:SPORTSTAETTENOGD.16576,wfs:SPIELPLATZPUNKTOGD.2968044,volleyball,30.9
wfs:SPORTSTAETTENOGD.16576,osm:way/1327640670,volleyball,5.5
wfs:SPORTSTAETTENOGD.16585,osm:node/12955159320,volleyball,4.4
wfs:SPORTSTAETTENOGD.16695,osm:way/1259086824,volleyball,22.9
wfs:SPORTSTAETTENOGD.16695,osm:way/1259086826,volleyball,10.1
wfs:SPORTSTAETTENOGD.16695,osm:way/1259086825,volleyball,7.7
wfs:SPORTSTAETTENOGD.16773,osm:way/980533248,volleyball,27.7
wfs:SPORTSTAETTENOGD.16773,osm:way/980533247,volleyball,1.7
wfs:SPORTSTAETTENOGD.16773,osm:way/980533246,volleyball,28.1
wfs:SPORTSTAETTENOGD.17311,osm:way/352168568,volleyball,11.4
wfs:SPORTSTAETTENOGD.17311,wfs:SPIELPLATZPUNKTOGD.2967747,volleyball,1.3
wfs:SPORTSTAETTENOGD.17319,wfs:SPIELPLATZPUNKTOGD.2967713,volleyball,21.7
wfs:SPORTSTAETTENOGD.17319,osm:way/285013422,volleyball,4.1
wfs:SPORTSTAETTENOGD.17457,osm:way/79182469,volleyball,30.0
wfs:SPORTSTAETTENOGD.17466,osm:node/12955159319,volleyball,20.8
wfs:SPIELPLATZPUNKTOGD.2967501,osm:way/610305780,volleyball,36.5
wfs:SPIELPLATZPUNKTOGD.2967617,osm:way/925813875,volleyball,27.8
wfs:SPIELPLATZPUNKTOGD.2967626,osm:way/101740849,volleyball,6.5
wfs:SPIELPLATZPUNKTOGD.2967653,osm:way/130645763,volleyball,28.4
wfs:SPIELPLATZPUNKTOGD.2967681,osm:way/1250342655,volleyball,34.1
wfs:SPIELPLATZPUNKTOGD.2967702,osm:way/604063682,volleyball,4.0
wfs:SPIELPLATZPUNKTOGD.2967712,osm:way/1544852039,volleyball,15.8
wfs:SPIELPLATZPUNKTOGD.2967713,osm:way/285013422,volleyball,25.8
wfs:SPIELPLATZPUNKTOGD.2967718,osm:way/110982381,volleyball,19.6
wfs:SPIELPLATZPUNKTOGD.2967729,osm:way/343466825,volleyball,7.0
wfs:SPIELPLATZPUNKTOGD.2967734,osm:way/315262133,volleyball,24.4
wfs:SPIELPLATZPUNKTOGD.2967747,osm:way/352168568,volleyball,10.7
wfs:SPIELPLATZPUNKTOGD.2967523,osm:way/1425677272,volleyball,24.8
wfs:SPIELPLATZPUNKTOGD.2967531,osm:way/51261156,volleyball,15.2
wfs:SPIELPLATZPUNKTOGD.2967537,osm:way/160577111,volleyball,36.8
wfs:SPIELPLATZPUNKTOGD.2967543,osm:way/1290494857,volleyball,35.7
wfs:SPIELPLATZPUNKTOGD.2967552,osm:way/1193188785,volleyball,23.8
wfs:SPIELPLATZPUNKTOGD.2967553,osm:way/1217436432,volleyball,15.5
wfs:SPIELPLATZPUNKTOGD.2967556,osm:way/1329848904,volleyball,39.0
wfs:SPIELPLATZPUNKTOGD.2967380,osm:way/1003562590,volleyball,28.7
wfs:SPIELPLATZPUNKTOGD.2967383,osm:way/920117715,volleyball,30.8
wfs:SPIELPLATZPUNKTOGD.2967388,osm:way/916601094,volleyball,22.8
wfs:SPIELPLATZPUNKTOGD.2967393,osm:way/1210144792,volleyball,25.5
wfs:SPIELPLATZPUNKTOGD.2967397,osm:way/523339516,volleyball,21.5
wfs:SPIELPLATZPUNKTOGD.2967443,osm:way/180390035,volleyball,14.6
wfs:SPIELPLATZPUNKTOGD.2967443,osm:way/180390032,volleyball,9.3
wfs:SPIELPLATZPUNKTOGD.2967470,osm:way/890507959,volleyball,21.8
wfs:SPIELPLATZPUNKTOGD.2967480,osm:way/37045430,volleyball,24.2
wfs:SPIELPLATZPUNKTOGD.2967891,osm:way/675876304,volleyball,29.1
wfs:SPIELPLATZPUNKTOGD.2967897,osm:way/84467235,volleyball,9.3
wfs:SPIELPLATZPUNKTOGD.2967991,osm:way/29221272,volleyball,15.4
wfs:SPIELPLATZPUNKTOGD.2967992,osm:way/1526235339,volleyball,35.1
wfs:SPIELPLATZPUNKTOGD.2967996,osm:way/241010325,volleyball,19.1
wfs:SPIELPLATZPUNKTOGD.2968004,osm:way/518106868,volleyball,26.5
wfs:SPIELPLATZPUNKTOGD.2968013,osm:way/335750172,volleyball,29.4
wfs:SPIELPLATZPUNKTOGD.2968035,osm:way/1203262850,volleyball,12.1
wfs:SPIELPLATZPUNKTOGD.2968044,osm:way/1327640670,volleyball,36.2
wfs:SPIELPLATZPUNKTOGD.2968068,osm:node/9709046121,volleyball,9.9
wfs:SPIELPLATZPUNKTOGD.2968089,osm:way/1271273259,volleyball,31.9
wfs:SPIELPLATZPUNKTOGD.2968089,osm:way/1271273258,volleyball,37.8
wfs:SPIELPLATZPUNKTOGD.2968089,osm:way/1271273256,volleyball,12.8
wfs:SPIELPLATZPUNKTOGD.2968089,osm:way/1271273257,volleyball,24.7
wfs:SPIELPLATZPUNKTOGD.2968089,osm:way/1271273253,volleyball,36.3
wfs:SPIELPLATZPUNKTOGD.2968089,osm:way/1271273260,volleyball,30.7
wfs:SPIELPLATZPUNKTOGD.2968089,osm:way/1271273252,volleyball,35.1
wfs:SPIELPLATZPUNKTOGD.2968089,osm:way/1207502043,volleyball,22.1
wfs:SPIELPLATZPUNKTOGD.2968089,osm:way/1271273255,volleyball,10.5
wfs:SPIELPLATZPUNKTOGD.2968107,osm:way/250520215,volleyball,7.2
wfs:SPIELPLATZPUNKTOGD.2968128,osm:way/413707798,volleyball,1.5
wfs:SPIELPLATZPUNKTOGD.2967908,osm:way/1416705610,volleyball,8.9
wfs:SPIELPLATZPUNKTOGD.2967934,osm:way/544242809,volleyball,17.0
wfs:SPIELPLATZPUNKTOGD.2967953,osm:way/1185472683,volleyball,6.6
wfs:SPIELPLATZPUNKTOGD.2967761,osm:way/297604321,volleyball,5.0
wfs:SPIELPLATZPUNKTOGD.2967804,osm:way/429479694,volleyball,27.2
wfs:SPIELPLATZPUNKTOGD.2967814,osm:way/424791617,volleyball,31.2
wfs:SPIELPLATZPUNKTOGD.2967836,osm:way/1220057132,volleyball,14.1
wfs:SPIELPLATZPUNKTOGD.2967867,osm:way/27460687,volleyball,34.1
wfs:SPIELPLATZPUNKTOGD.2967872,osm:way/949828655,volleyball,31.6
osm:way/13774419,osm:way/1366042821,volleyball,22.1
osm:way/13774419,osm:way/1366042822,volleyball,29.2
osm:way/13774419,osm:way/1366042823,volleyball,22.5
osm:way/13774419,osm:way/1366042820,volleyball,11.1
osm:way/26391967,osm:way/1323219273,volleyball,24.6
osm:way/26461141,osm:way/1258824628,volleyball,11.3
osm:way/26461141,osm:way/1258824629,volleyball,23.2
osm:way/26461141,osm:way/1258824630,volleyball,34.8
osm:way/29319509,osm:way/1265197058,volleyball,13.8
osm:way/33362550,osm:way/1355025777,volleyball,13.0
osm:way/33362550,osm:way/1355025778,volleyball,19.9
osm:way/35360761,osm:way/62149465,volleyball,21.4
osm:way/44384736,osm:way/1265869668,volleyball,20.2
osm:way/44384736,osm:way/1265869667,volleyball,10.1
osm:way/68314660,osm:way/126138855,volleyball,21.6
osm:way/174135416,osm:way/1388388089,volleyball,20.7
osm:way/174135416,osm:way/174135446,volleyball,23.3
osm:way/174135416,osm:way/174135444,volleyball,10.3
osm:way/174135444,osm:way/1388388089,volleyball,23.0
osm:way/174135444,osm:way/174135446,volleyball,20.8
osm:way/174135446,osm:way/1388388089,volleyball,10.3
osm:way/180390032,osm:way/180390035,volleyball,18.9
osm:way/279366946,osm:way/1423405199,volleyball,13.6
osm:way/492693478,osm:way/1265871227,volleyball,9.8
osm:way/504608977,osm:way/504608978,volleyball,25.1
osm:way/520119672,osm:way/520119674,volleyball,22.2
osm:way/520119672,osm:way/520119677,volleyball,32.7
osm:way/520119672,osm:way/520119673,volleyball,11.0
osm:way/520119672,osm:way/520123826,volleyball,37.0
osm:way/520119672,osm:way/520119676,volleyball,26.4
osm:way/520119672,osm:way/520119675,volleyball,24.0
osm:way/520119673,osm:way/520119674,volleyball,11.2
osm:way/520119673,osm:way/520119677,volleyball,26.5
osm:way/520119673,osm:way/520123826,volleyball,34.8
osm:way/520119673,osm:way/520119676,volleyball,24.0
osm:way/520119673,osm:way/520119675,volleyball,26.4
osm:way/520119674,osm:way/520119677,volleyball,24.0
osm:way/520119674,osm:way/520123826,volleyball,36.0
osm:way/520119674,osm:way/520119676,volleyball,26.6
osm:way/520119674,osm:way/520119675,volleyball,32.8
osm:way/520119675,osm:way/520119677,volleyball,22.2
osm:way/520119675,osm:way/520119679,volleyball,32.3
osm:way/520119675,osm:way/520123826,volleyball,16.7
osm:way/520119675,osm:way/520119676,volleyball,11.0
osm:way/520119675,osm:way/520119680,volleyball,26.0
osm:way/520119675,osm:way/520119678,volleyball,23.5
osm:way/520119676,osm:way/520119677,volleyball,11.2
osm:way/520119676,osm:way/520119679,volleyball,26.0
osm:way/520119676,osm:way/520123826,volleyball,10.9
osm:way/520119676,osm:way/520119680,volleyball,23.5
osm:way/520119676,osm:way/520119678,volleyball,26.0
osm:way/520119677,osm:way/520119679,volleyball,23.5
osm:way/520119677,osm:way/520123826,volleyball,14.3
osm:way/520119677,osm:way/520119680,volleyball,26.1
osm:way/520119677,osm:way/520119678,volleyball,32.4
osm:way/520119678,osm:way/520119679,volleyball,22.2
osm:way/520119678,osm:way/1257116098,volleyball,32.0
osm:way/520119678,osm:way/520123826,volleyball,18.1
osm:way/520119678,osm:way/520119680,volleyball,11.0
osm:way/520119678,osm:way/1257116096,volleyball,26.1
osm:way/520119678,osm:way/1257116097,volleyball,23.6
osm:way/520119679,osm:way/1257116098,volleyball,23.6
osm:way/520119679,osm:way/520123826,volleyball,15.8
osm:way/520119679,osm:way/520119680,volleyball,11.2
osm:way/520119679,osm:way/1257116096,volleyball,26.1
osm:way/520119679,osm:way/1257116097,volleyball,32.4
osm:way/520119680,osm:way/1257116098,volleyball,25.9
osm:way/520119680,osm:way/520123826,volleyball,12.9
osm:way/520119680,osm:way/1257116096,volleyball,23.6
osm:way/520119680,osm:way/1257116097,volleyball,26.0
osm:way/520123826,osm:way/1257116098,volleyball,37.4
osm:way/520123826,osm:way/1257116096,volleyball,36.4
osm:way/520123826,osm:way/1257116097,volleyball,38.5
osm:way/707060652,osm:way/707060653,volleyball,11.9
osm:way/890507958,osm:way/890507959,volleyball,25.5
osm:way/909136901,osm:way/1270457816,volleyball,13.6
osm:way/945695233,osm:way/945695234,volleyball,16.5
osm:way/972966425,osm:way/972966426,volleyball,11.8
osm:way/980533246,osm:way/980533247,volleyball,27.9
osm:way/980533247,osm:way/980533248,volleyball,27.8
osm:way/1058890818,osm:way/1265869666,volleyball,27.6
osm:way/1058890818,osm:way/1265869665,volleyball,14.3
osm:way/1204720209,osm:way/1204720243,volleyball,27.3
osm:way/1204720209,osm:way/1204720217,volleyball,23.9
osm:way/1204720209,osm:way/1204720256,volleyball,23.9
osm:way/1204720209,osm:way/1204720237,volleyball,21.0
osm:way/1204720209,osm:way/1204720215,volleyball,10.4
osm:way/1204720215,osm:way/1204720243,volleyball,28.8
osm:way/1204720215,osm:way/1204720217,volleyball,20.9
osm:way/1204720215,osm:way/1204720256,volleyball,18.3
osm:way/1204720215,osm:way/1204720237,volleyball,10.6
osm:way/1204720217,osm:way/1204720254,volleyball,30.0
osm:way/1204720217,osm:way/1204720243,volleyball,12.3
osm:way/1204720217,osm:way/1204720256,volleyball,6.2
osm:way/1204720217,osm:way/1204720237,volleyball,23.0
osm:way/1204720237,osm:way/1204720243,volleyball,33.8
osm:way/1204720237,osm:way/1204720256,volleyball,17.9
osm:way/1204720243,osm:way/1204720254,volleyball,22.9
osm:way/1204720243,osm:way/1204720256,volleyball,18.5
osm:way/1204720254,osm:way/1204720256,volleyball,35.0
osm:way/1207502043,osm:way/1271273254,volleyball,24.9
osm:way/1207502043,osm:way/1271273259,volleyball,36.7
osm:way/1207502043,osm:way/1271273256,volleyball,29.2
osm:way/1207502043,osm:way/1271273253,volleyball,21.1
osm:way/1207502043,osm:way/1271273260,volleyball,26.1
osm:way/1207502043,osm:way/1271273252,volleyball,13.8
osm:way/1207502043,osm:way/1271273255,volleyball,15.2
osm:way/1257116096,osm:way/1257116098,volleyball,10.5
osm:way/1257116096,osm:way/1257116097,volleyball,11.1
osm:way/1257116097,osm:way/1257116098,volleyball,21.6
osm:way/1258824628,osm:way/1258824629,volleyball,11.9
osm:way/1258824628,osm:way/1258824630,volleyball,23.5
osm:way/1258824629,osm:way/1258824630,volleyball,11.6
osm:way/1258824631,osm:way/1258824632,volleyball,11.1
osm:way/1258824631,osm:way/1258824633,volleyball,22.3
osm:way/1258824632,osm:way/1258824633,volleyball,11.2
osm:way/1259083789,osm:way/1259083792,volleyball,34.0
osm:way/1259083789,osm:way/1259083791,volleyball,22.4
osm:way/1259083789,osm:way/1259083790,volleyball,10.6
osm:way/1259083790,osm:way/1259083792,volleyball,23.4
osm:way/1259083790,osm:way/1259083791,volleyball,11.7
osm:way/1259083791,osm:way/1259083792,volleyball,11.7
osm:way/1259083798,osm:way/1259083799,volleyball,11.1
osm:way/1259086824,osm:way/1259086826,volleyball,30.7
osm:way/1259086824,osm:way/1259086825,volleyball,16.2
osm:way/1259086825,osm:way/1259086826,volleyball,14.5
osm:way/1265869665,osm:way/1265869666,volleyball,13.3
osm:way/1265869667,osm:way/1265869668,volleyball,10.1
osm:way/1271273252,osm:way/1271273254,volleyball,20.7
osm:way/1271273252,osm:way/1271273253,volleyball,25.3
osm:way/1271273252,osm:way/1271273260,volleyball,36.0
osm:way/1271273252,osm:way/1271273255,volleyball,29.0
osm:way/1271273253,osm:way/1271273254,volleyball,13.9
osm:way/1271273253,osm:way/1271273259,volleyball,29.8
osm:way/1271273253,osm:way/1271273256,volleyball,35.9
osm:way/1271273253,osm:way/1271273260,volleyball,15.3
osm:way/1271273253,osm:way/1271273255,volleyball,25.8
osm:way/1271273254,osm:way/1271273260,volleyball,29.2
osm:way/1271273254,osm:way/1271273255,volleyball,35.6
osm:way/1271273255,osm:way/1271273259,volleyball,25.7
osm:way/1271273255,osm:way/1271273258,volleyball,34.7
osm:way/1271273255,osm:way/1271273256,volleyball,14.0
osm:way/1271273255,osm:way/1271273257,volleyball,28.0
osm:way/1271273255,osm:way/1271273260,volleyball,21.0
osm:way/1271273256,osm:way/1271273259,volleyball,21.3
osm:way/1271273256,osm:way/1271273258,volleyball,25.2
osm:way/1271273256,osm:way/1271273257,volleyball,14.0
osm:way/1271273256,osm:way/1271273260,volleyball,25.3
osm:way/1271273257,osm:way/1271273259,volleyball,25.4
osm:way/1271273257,osm:way/1271273258,volleyball,21.5
osm:way/1271273257,osm:way/1271273260,volleyball,35.2
osm:way/1271273258,osm:way/1271273259,volleyball,12.9
osm:way/1271273258,osm:way/1271273260,volleyball,27.4
osm:way/1271273259,osm:way/1271273260,volleyball,14.6
osm:way/1323219273,osm:way/1323219274,volleyball,26.1
osm:way/1355025777,osm:way/1355025778,volleyball,20.3
osm:way/1366042820,osm:way/1366042821,volleyball,11.0
osm:way/1366042820,osm:way/1366042822,volleyball,22.7
osm:way/1366042820,osm:way/1366042823,volleyball,20.8
osm:way/1366042821,osm:way/1366042822,volleyball,20.7
osm:way/1366042821,osm:way/1366042823,volleyball,24.5
osm:way/1366042822,osm:way/1366042824,volleyball,21.5
osm:way/1366042822,osm:way/1366042826,volleyball,23.3
osm:way/1366042822,osm:way/1366042825,volleyball,29.6
osm:way/1366042822,osm:way/1366042823,volleyball,11.8
osm:way/1366042823,osm:way/1366042824,volleyball,25.3
osm:way/1366042823,osm:way/1366042826,volleyball,21.6
osm:way/1366042823,osm:way/1366042825,volleyball,23.1
osm:way/1366042824,osm:way/1366042826,volleyball,11.0
osm:way/1366042824,osm:way/1366042825,volleyball,22.1
osm:way/1366042825,osm:way/1366042826,volleyball,11.1
osm:way/1429969822,osm:way/1521381753,volleyball,23.6
