from_station,to_station,line,seconds,trips
at:43:3499,at:49:1159,25B,60,81
at:43:5133,at:49:1235,SEV BB,240,760
at:43:5133,at:49:1620,61A,60,264
at:43:5133,at:49:947,61B,60,81
at:49:1,at:49:1910,11,60,4920
at:49:1,at:49:1910,6,60,2294
at:49:1,at:49:1910,N6,60,54
at:49:1,at:49:384,11,95,4920
at:49:1,at:49:384,6,92,2294
at:49:1,at:49:384,N6,60,54
at:49:10,at:49:1815,39A,62,241
at:49:10,at:49:687,35A,60,1320
at:49:10,at:49:687,N35,60,32
at:49:10,at:49:931,35A,81,1346
at:49:10,at:49:931,43B,71,55
at:49:10,at:49:931,N35,60,32
at:49:100,at:49:111,33A,60,184
at:49:100,at:49:848,33A,120,184
at:49:1000,at:49:278,56A,60,537
at:49:1000,at:49:94,58A,60,626
at:49:1000,at:49:94,58B,59,1244
at:49:1001,at:49:1178,56A,60,4
at:49:1001,at:49:1178,58A,60,626
at:49:1001,at:49:1178,58B,65,610
at:49:1001,at:49:227,58B,87,622
at:49:1002,at:49:1440,11A,74,2908
at:49:1002,at:49:547,11A,64,2941
at:49:1004,at:49:1258,95A,117,1493
at:49:1004,at:49:1773,97A,60,6
at:49:1004,at:49:1773,N24,60,28
at:49:1004,at:49:1923,97A,60,8
at:49:1004,at:49:596,95A,61,1479
at:49:1005,at:49:1158,10,129,1385
at:49:1005,at:49:1158,46,120,15
at:49:1005,at:49:1158,49,117,162
at:49:1005,at:49:1158,52,118,1771
at:49:1005,at:49:1158,60,120,21
at:49:1005,at:49:1176,60,98,1247
at:49:1005,at:49:1846,N54,120,54
at:49:1005,at:49:67,52,173,18
at:49:1005,at:49:67,60,180,1223
at:49:1005,at:49:67,N54,60,48
at:49:1007,at:49:1235,U6,102,13372
at:49:1007,at:49:1362,N64,60,16
at:49:1007,at:49:150,61A,60,253
at:49:1007,at:49:150,64A,60,280
at:49:1007,at:49:150,N64,30,16
at:49:1007,at:49:1604,61A,60,264
at:49:1007,at:49:285,U6,101,12839
at:49:1007,at:49:796,64A,83,64
at:49:1008,at:49:109,37,102,862
at:49:1008,at:49:540,37,106,862
at:49:1009,at:49:1421,N81,30,27
at:49:1009,at:49:1892,N81,60,27
at:49:101,at:49:1461,38,60,343
at:49:101,at:49:1461,40,74,1619
at:49:101,at:49:1461,41,70,1736
at:49:101,at:49:1461,41E,180,480
at:49:101,at:49:1461,N41,60,56
at:49:101,at:49:843,38,92,343
at:49:101,at:49:843,40,103,1614
at:49:101,at:49:843,41,112,1731
at:49:101,at:49:843,41E,60,480
at:49:101,at:49:843,N41,60,60
at:49:1010,at:49:304,40A,44,1138
at:49:1012,at:49:1322,66A,74,1399
at:49:1012,at:49:1322,67A,109,231
at:49:1012,at:49:1322,N66,60,69
at:49:1012,at:49:580,16A,30,736
at:49:1012,at:49:580,66A,38,1399
at:49:1012,at:49:580,67A,47,230
at:49:1012,at:49:580,N66,30,72
at:49:1013,at:49:1664,12A,32,1189
at:49:1013,at:49:445,48A,120,2246
at:49:1014,at:49:1438,46,80,586
at:49:1014,at:49:1438,47A,60,586
at:49:1014,at:49:1438,49,83,3302
at:49:1014,at:49:1438,N49,60,100
at:49:1014,at:49:472,46,108,586
at:49:1014,at:49:472,49,95,3311
at:49:1014,at:49:472,N49,71,86
at:49:1015,at:49:1160,62A,64,669
at:49:1015,at:49:1160,BB,120,2089
at:49:1015,at:49:1262,62A,58,676
at:49:1015,at:49:1262,8A,30,542
at:49:1015,at:49:1394,U6,120,9227
at:49:1015,at:49:1477,62,120,1860
at:49:1015,at:49:1477,N8,120,16
at:49:1015,at:49:1718,9A,60,574
at:49:1015,at:49:48,U6,188,4101
at:49:1015,at:49:542,8A,95,545
at:49:1015,at:49:865,59A,60,1701
at:49:1015,at:49:865,62,88,1860
at:49:1015,at:49:865,BB,60,2089
at:49:1015,at:49:865,N8,60,16
at:49:1015,at:49:937,U6,79,13373
at:49:1016,at:49:1405,69A,60,642
at:49:1016,at:49:1912,71,60,37
at:49:1016,at:49:1912,D,64,4219
at:49:1016,at:49:84,69A,72,647
at:49:1016,at:49:905,D,72,4211
at:49:1017,at:49:1375,13A,99,2608
at:49:1017,at:49:1375,N71,120,32
at:49:1018,at:49:1085,12A,120,743
at:49:1018,at:49:1085,14A,120,1599
at:49:1018,at:49:1659,N60,120,18
at:49:1018,at:49:293,13A,143,3624
at:49:1018,at:49:293,14A,140,1599
at:49:1018,at:49:293,57A,60,298
at:49:1018,at:49:293,N71,120,48
at:49:1018,at:49:529,57A,120,301
at:49:1018,at:49:670,N60,60,20
at:49:1018,at:49:670,U4,60,5207
at:49:1018,at:49:827,U4,120,5180
at:49:1018,at:49:829,13A,60,3620
at:49:1018,at:49:829,N71,60,43
at:49:1019,at:49:1066,13A,66,3778
at:49:1019,at:49:1349,13A,120,3776
at:49:1019,at:49:1349,N66,60,27
at:49:102,at:49:1135,26,157,817
at:49:102,at:49:1135,27,170,2506
at:49:102,at:49:1135,N20,120,90
at:49:102,at:49:1495,26,65,817
at:49:102,at:49:1495,27,63,2506
at:49:102,at:49:1495,N20,60,88
at:49:1021,at:49:1242,44A,60,410
at:49:1021,at:49:514,44A,60,410
at:49:1022,at:49:457,2A,60,581
at:49:1023,at:49:138,85A,60,806
at:49:1023,at:49:1680,85A,60,816
at:49:1024,at:49:171,N91,60,16
at:49:1024,at:49:1788,93A,59,530
at:49:1024,at:49:1788,N91,60,18
at:49:1024,at:49:624,93A,88,496
at:49:1025,at:49:1173,71,60,37
at:49:1025,at:49:1173,D,69,4219
at:49:1025,at:49:446,D,82,4211
at:49:1026,at:49:1662,26A,60,2374
at:49:1026,at:49:1662,88A,60,106
at:49:1026,at:49:1662,N20,60,51
at:49:1026,at:49:281,26A,30,2374
at:49:1026,at:49:281,88A,41,106
at:49:1026,at:49:281,N20,60,47
at:49:1027,at:49:1360,N23,60,28
at:49:1027,at:49:1360,N24,120,32
at:49:1027,at:49:1751,22A,60,1929
at:49:1027,at:49:8,22A,68,1948
at:49:1027,at:49:8,N23,60,28
at:49:1028,at:49:1112,63A,92,1030
at:49:1028,at:49:1376,63A,107,1066
at:49:1028,at:49:1546,9A,79,579
at:49:1029,at:49:418,44A,60,410
at:49:103,at:49:368,18,60,21
at:49:103,at:49:368,6,60,23
at:49:103,at:49:368,62,60,1747
at:49:103,at:49:368,BB,60,1449
at:49:103,at:49:470,59A,105,1701
at:49:103,at:49:865,18,120,21
at:49:103,at:49:865,59A,116,1739
at:49:103,at:49:865,6,120,23
at:49:103,at:49:865,62,160,1747
at:49:103,at:49:865,BB,120,2089
at:49:103,at:49:865,N8,120,16
at:49:1030,at:49:109,37,92,862
at:49:1030,at:49:135,37,71,862
at:49:1031,at:49:1234,94A,60,548
at:49:1031,at:49:236,25,100,1752
at:49:1031,at:49:236,26,96,111
at:49:1031,at:49:236,26A,83,2393
at:49:1031,at:49:236,N20,60,81
at:49:1031,at:49:288,25,60,1752
at:49:1031,at:49:288,26,60,111
at:49:1031,at:49:288,26A,60,2393
at:49:1031,at:49:288,94A,60,542
at:49:1031,at:49:288,N20,60,82
at:49:1031,at:49:288,N90,120,16
at:49:1033,at:49:1090,2A,60,572
at:49:1034,at:49:1313,94A,73,548
at:49:1034,at:49:869,94A,60,542
at:49:1035,at:49:1317,U3,60,6454
at:49:1035,at:49:166,46,103,586
at:49:1035,at:49:166,49,98,3376
at:49:1035,at:49:166,E3,60,708
at:49:1035,at:49:166,N49,58,100
at:49:1035,at:49:606,49,149,3247
at:49:1035,at:49:606,E3,120,708
at:49:1035,at:49:606,N49,120,36
at:49:1035,at:49:606,U3,97,4057
at:49:1035,at:49:754,10,72,1385
at:49:1035,at:49:754,46,79,586
at:49:1035,at:49:754,49,67,138
at:49:1035,at:49:909,10,76,1385
at:49:1037,at:49:1013,48A,83,2246
at:49:1037,at:49:1190,10A,79,1824
at:49:1037,at:49:1664,10A,77,1807
at:49:1038,at:49:1270,22A,68,1416
at:49:1038,at:49:531,22A,60,1432
at:49:1038,at:49:531,95B,60,40
at:49:1038,at:49:896,95B,50,40
at:49:1039,at:49:1896,77A,60,1166
at:49:1039,at:49:1896,78A,60,315
at:49:1039,at:49:1896,79A,60,440
at:49:1039,at:49:1896,79B,60,162
at:49:1039,at:49:282,77A,80,1160
at:49:1039,at:49:282,78A,120,315
at:49:1039,at:49:282,79A,119,446
at:49:1039,at:49:282,79B,114,162
at:49:1039,at:49:282,N81,60,27
at:49:104,at:49:1086,59A,120,1701
at:49:104,at:49:137,12A,96,743
at:49:104,at:49:137,14A,94,1618
at:49:104,at:49:137,59A,107,1701
at:49:1040,at:49:1130,2,138,66
at:49:1040,at:49:1130,5B,120,1295
at:49:1040,at:49:1421,N81,60,27
at:49:1040,at:49:1427,80A,160,1106
at:49:1040,at:49:1433,U1,60,4958
at:49:1040,at:49:1747,82A,60,294
at:49:1040,at:49:1848,N25,60,16
at:49:1040,at:49:1891,U2,66,5103
at:49:1040,at:49:1892,U2,75,5080
at:49:1040,at:49:1892,U2E,180,20
at:49:1040,at:49:348,O,91,1927
at:49:1040,at:49:916,N25,120,18
at:49:1040,at:49:916,U1,109,4944
at:49:1040,at:49:941,5,174,1965
at:49:1040,at:49:941,O,146,1927
at:49:1041,at:49:1104,4A,120,1106
at:49:1041,at:49:1497,4A,120,1067
at:49:1042,at:49:916,5A,147,374
at:49:1043,at:49:1177,46A,60,581
at:49:1043,at:49:1766,44B,60,416
at:49:1043,at:49:985,46B,60,534
at:49:1044,at:49:1109,53A,60,360
at:49:1044,at:49:1109,54A,60,147
at:49:1044,at:49:1109,54B,60,146
at:49:1044,at:49:1109,N54,60,54
at:49:1044,at:49:1422,53A,60,354
at:49:1044,at:49:1785,53A,120,348
at:49:1045,at:49:1488,69A,65,631
at:49:1045,at:49:377,69A,60,642
at:49:1046,at:49:751,88A,120,106
at:49:1046,at:49:751,88B,120,343
at:49:1046,at:49:942,88A,60,106
at:49:1046,at:49:942,88B,60,351
at:49:1047,at:49:1529,59A,88,1618
at:49:1047,at:49:1529,N71,60,48
at:49:1047,at:49:193,59A,125,1618
at:49:1047,at:49:193,N71,60,43
at:49:1048,at:49:1680,85A,92,806
at:49:1048,at:49:1681,95A,30,1479
at:49:1048,at:49:1681,95B,30,123
at:49:1048,at:49:1922,25,92,508
at:49:1048,at:49:1922,27,76,1659
at:49:1048,at:49:1922,95A,60,1493
at:49:1048,at:49:38,26,62,1634
at:49:1048,at:49:38,95B,58,121
at:49:1048,at:49:38,N23,60,28
at:49:1048,at:49:38,N24,30,32
at:49:1048,at:49:965,25,92,508
at:49:1048,at:49:965,26,100,1634
at:49:1048,at:49:965,27,108,1659
at:49:1049,at:49:1052,48A,60,2400
at:49:1049,at:49:1065,47A,54,586
at:49:1049,at:49:1065,N46,60,73
at:49:1049,at:49:1082,48A,30,2407
at:49:105,at:49:133,25A,60,266
at:49:1050,at:49:155,25A,99,160
at:49:1050,at:49:155,N25,60,18
at:49:1050,at:49:785,25A,60,356
at:49:1050,at:49:785,N25,60,18
at:49:1050,at:49:822,25A,39,202
at:49:1052,at:49:1049,47A,60,586
at:49:1052,at:49:1049,48A,60,2407
at:49:1053,at:49:637,60A,60,407
at:49:1053,at:49:637,N61,60,27
at:49:1053,at:49:707,60A,60,410
at:49:1053,at:49:707,N61,60,24
at:49:1054,at:49:1389,65A,94,16
at:49:1054,at:49:1491,65A,60,16
at:49:1054,at:49:1491,66A,75,1399
at:49:1054,at:49:1491,67B,93,241
at:49:1054,at:49:1491,N66,60,69
at:49:1054,at:49:1586,66A,128,1399
at:49:1054,at:49:1586,67B,126,231
at:49:1054,at:49:1586,N66,120,72
at:49:1054,at:49:444,SEV BB,240,246
at:49:1055,at:49:1087,46B,60,534
at:49:1055,at:49:983,46A,42,581
at:49:1056,at:49:1202,38,86,343
at:49:1056,at:49:1202,41,95,2426
at:49:1056,at:49:1202,N41,120,56
at:49:1056,at:49:673,41A,110,492
at:49:1057,at:49:673,41A,60,487
at:49:1057,at:49:932,41A,60,492
at:49:1058,at:49:1095,11,137,4920
at:49:1058,at:49:1095,6,103,2326
at:49:1058,at:49:1095,N6,220,48
at:49:1058,at:49:1095,N65,47,103
at:49:1058,at:49:1095,N67,60,9
at:49:1058,at:49:1095,N68,60,25
at:49:1058,at:49:136,N66,113,27
at:49:1058,at:49:136,O,119,1976
at:49:1058,at:49:86,11,72,5054
at:49:1058,at:49:86,N66,120,27
at:49:1058,at:49:86,O,60,2048
at:49:1058,at:49:914,6,146,2131
at:49:1058,at:49:914,N6,114,60
at:49:106,at:49:1483,50B,60,196
at:49:106,at:49:1483,N49,60,54
at:49:106,at:49:360,50A,98,656
at:49:106,at:49:360,N49,114,54
at:49:106,at:49:459,50A,60,662
at:49:1060,at:49:1598,1,151,222
at:49:1060,at:49:1598,18,100,21
at:49:1060,at:49:1598,6,99,2189
at:49:1060,at:49:225,1,85,5154
at:49:1060,at:49:225,62,62,305
at:49:1060,at:49:849,1,94,4970
at:49:1060,at:49:849,18,120,11
at:49:1060,at:49:849,6,112,2189
at:49:1060,at:49:849,62,99,305
at:49:1060,at:49:849,N6,60,27
at:49:1061,at:49:1148,74A,92,1994
at:49:1061,at:49:1694,77A,60,1469
at:49:1061,at:49:292,74A,62,1994
at:49:1062,at:49:1068,D,88,4359
at:49:1062,at:49:1068,N36,60,27
at:49:1062,at:49:1667,U6,72,12740
at:49:1062,at:49:357,U4,106,5229
at:49:1062,at:49:405,37A,57,870
at:49:1062,at:49:405,N36,60,30
at:49:1062,at:49:405,N8,120,18
at:49:1062,at:49:491,U4,130,5259
at:49:1062,at:49:692,37A,101,864
at:49:1062,at:49:786,D,104,4373
at:49:1062,at:49:950,35A,240,1279
at:49:1062,at:49:950,N35,528,20
at:49:1062,at:49:950,U6,79,12425
at:49:1063,at:49:348,O,104,1927
at:49:1063,at:49:513,1,81,5357
at:49:1063,at:49:513,N29,60,78
at:49:1063,at:49:527,1,105,5392
at:49:1063,at:49:527,N29,60,72
at:49:1063,at:49:527,O,94,1927
at:49:1065,at:49:1439,N46,180,73
at:49:1065,at:49:338,47A,30,586
at:49:1066,at:49:120,13A,117,3776
at:49:1066,at:49:604,13A,114,3778
at:49:1067,at:49:1663,93A,60,496
at:49:1067,at:49:1663,N91,30,16
at:49:1067,at:49:559,93A,69,520
at:49:1067,at:49:559,N91,60,18
at:49:1068,at:49:1062,D,85,4373
at:49:1068,at:49:1062,N36,60,30
at:49:1068,at:49:439,D,86,4359
at:49:1068,at:49:439,N36,30,27
at:49:107,at:49:1116,47B,60,308
at:49:107,at:49:1613,46,60,601
at:49:107,at:49:1613,49,60,3464
at:49:107,at:49:1790,47B,41,308
at:49:107,at:49:184,46,113,601
at:49:107,at:49:184,49,113,3464
at:49:1070,at:49:1264,76A,60,616
at:49:1070,at:49:1264,76B,60,420
at:49:1070,at:49:465,76A,67,608
at:49:1070,at:49:465,76B,68,426
at:49:1071,at:49:1041,4A,43,1066
at:49:1071,at:49:1497,1,93,5357
at:49:1071,at:49:1497,N29,120,78
at:49:1071,at:49:513,1,85,5392
at:49:1071,at:49:513,N29,60,72
at:49:1072,at:49:1184,U2,120,5080
at:49:1072,at:49:1430,U2,66,5103
at:49:1072,at:49:1559,1,105,4
at:49:1072,at:49:1559,2,110,4313
at:49:1072,at:49:1794,2,216,450
at:49:1072,at:49:246,2,200,3876
at:49:1073,at:49:1406,72A,34,114
at:49:1073,at:49:1652,72A,60,116
at:49:1074,at:49:761,66A,108,1395
at:49:1074,at:49:761,N66,100,63
at:49:1075,at:49:1420,53A,60,348
at:49:1075,at:49:1505,53A,60,354
at:49:1076,at:49:1103,32A,30,1267
at:49:1076,at:49:546,32A,75,1364
at:49:1077,at:49:1443,5,113,1977
at:49:1077,at:49:1443,O,120,1
at:49:1077,at:49:1449,5A,46,558
at:49:1077,at:49:169,5A,86,559
at:49:1077,at:49:944,5,108,1977
at:49:1077,at:49:944,O,120,4
at:49:1078,at:49:1140,11,60,5054
at:49:1078,at:49:1140,N65,120,85
at:49:1078,at:49:1393,11,120,5062
at:49:1078,at:49:1393,N65,73,103
at:49:1078,at:49:1393,O,70,2048
at:49:1078,at:49:447,15A,121,1230
at:49:1078,at:49:761,15A,100,1278
at:49:1079,at:49:1919,12,120,2116
at:49:1079,at:49:1919,O,169,66
at:49:1079,at:49:51,2,83,4501
at:49:1079,at:49:51,N29,60,68
at:49:1079,at:49:578,12,120,2105
at:49:1079,at:49:578,2,91,4541
at:49:1079,at:49:578,N29,60,74
at:49:1079,at:49:578,O,120,69
at:49:108,at:49:1645,98A,60,796
at:49:108,at:49:1709,98A,42,780
at:49:1080,at:49:1865,44,60,737
at:49:1080,at:49:669,44,60,737
at:49:1081,at:49:1395,56A,60,4
at:49:1081,at:49:1395,58A,32,626
at:49:1081,at:49:46,56A,60,4
at:49:1081,at:49:46,58A,60,620
at:49:1082,at:49:1049,48A,60,2400
at:49:1082,at:49:1049,N46,120,63
at:49:1082,at:49:1188,48A,87,2407
at:49:1083,at:49:1401,88B,119,351
at:49:1084,at:49:1158,10,69,1385
at:49:1084,at:49:1158,46,96,15
at:49:1084,at:49:1158,49,80,153
at:49:1084,at:49:1158,52,76,1771
at:49:1084,at:49:1158,60,91,21
at:49:1084,at:49:302,46,104,15
at:49:1084,at:49:302,49,88,162
at:49:1084,at:49:302,52,82,1771
at:49:1084,at:49:302,60,60,21
at:49:1084,at:49:909,10,66,1385
at:49:1085,at:49:1018,N60,60,20
at:49:1085,at:49:1086,14A,84,1599
at:49:1085,at:49:696,12A,60,743
at:49:1085,at:49:829,12A,159,738
at:49:1086,at:49:104,59A,92,1701
at:49:1086,at:49:269,59A,79,1701
at:49:1086,at:49:306,12A,115,738
at:49:1086,at:49:306,14A,99,1618
at:49:1087,at:49:1055,46A,60,581
at:49:1087,at:49:509,46B,60,534
at:49:1088,at:49:1237,49,60,3223
at:49:1088,at:49:1237,52,60,477
at:49:1088,at:49:1237,N49,30,36
at:49:1088,at:49:1533,49,68,3223
at:49:1088,at:49:1533,52,61,477
at:49:1088,at:49:1533,N49,60,32
at:49:1088,at:49:56,13A,139,2817
at:49:1088,at:49:56,N71,120,50
at:49:1088,at:49:920,13A,69,2821
at:49:1088,at:49:920,N71,120,48
at:49:109,at:49:1008,37,68,862
at:49:109,at:49:1030,37,62,862
at:49:109,at:49:1138,10A,60,1726
at:49:109,at:49:1138,39A,64,663
at:49:109,at:49:439,10A,65,1744
at:49:109,at:49:439,39A,65,663
at:49:1090,at:49:195,3A,118,660
at:49:1090,at:49:498,1A,75,676
at:49:1090,at:49:506,2A,96,572
at:49:1091,at:49:1407,71,97,6081
at:49:1091,at:49:1407,D,60,2
at:49:1091,at:49:1407,N71,60,87
at:49:1091,at:49:346,77A,99,1464
at:49:1091,at:49:688,71,89,6050
at:49:1091,at:49:688,N71,60,87
at:49:1091,at:49:736,1,89,104
at:49:1091,at:49:736,O,80,1927
at:49:1091,at:49:929,1,102,153
at:49:1091,at:49:929,O,112,1927
at:49:1093,at:49:1448,89A,130,283
at:49:1093,at:49:223,89A,58,279
at:49:1094,at:49:657,1,83,4897
at:49:1094,at:49:657,62,101,1035
at:49:1094,at:49:657,BB,60,1449
at:49:1094,at:49:657,N62,81,23
at:49:1094,at:49:975,N66,167,27
at:49:1094,at:49:996,1,96,4971
at:49:1094,at:49:996,62,62,1035
at:49:1094,at:49:996,BB,60,1449
at:49:1095,at:49:1058,11,120,4920
at:49:1095,at:49:1058,6,120,2324
at:49:1095,at:49:1058,N6,60,60
at:49:1095,at:49:1058,N67,120,9
at:49:1095,at:49:1058,N68,82,22
at:49:1095,at:49:1191,65A,150,464
at:49:1095,at:49:1191,66A,128,1381
at:49:1095,at:49:1300,14A,92,1618
at:49:1095,at:49:1441,68A,60,434
at:49:1095,at:49:1441,68B,60,434
at:49:1095,at:49:1441,N68,60,25
at:49:1095,at:49:1573,N67,120,9
at:49:1095,at:49:1573,U1,60,4946
at:49:1095,at:49:384,11,80,4920
at:49:1095,at:49:384,6,92,2294
at:49:1095,at:49:384,N6,60,54
at:49:1095,at:49:666,U1,60,4958
at:49:1095,at:49:86,7A,112,707
at:49:1095,at:49:86,N65,61,95
at:49:1095,at:49:86,N66,60,48
at:49:1096,at:49:744,54A,60,148
at:49:1098,at:49:1581,67B,63,144
at:49:1098,at:49:700,67A,60,71
at:49:1098,at:49:700,67B,60,147
at:49:1098,at:49:741,67A,60,48
at:49:1099,at:49:1984,10A,60,446
at:49:1099,at:49:1984,42A,60,356
at:49:1099,at:49:217,10A,199,1378
at:49:1099,at:49:217,42A,239,666
at:49:1099,at:49:508,10A,98,1807
at:49:1099,at:49:508,42A,64,1027
at:49:11,at:49:424,5A,60,567
at:49:11,at:49:781,5A,96,576
at:49:110,at:49:1450,74A,65,1994
at:49:110,at:49:292,74A,61,1994
at:49:1100,at:49:1255,60,76,1362
at:49:1100,at:49:1255,N60,60,48
at:49:1100,at:49:504,60,84,1362
at:49:1100,at:49:504,N60,70,48
at:49:1101,at:49:1562,49A,32,728
at:49:1102,at:49:1320,3A,100,660
at:49:1102,at:49:1981,3A,60,140
at:49:1102,at:49:245,3A,80,529
at:49:1103,at:49:1076,32A,33,1364
at:49:1103,at:49:388,32A,120,1267
at:49:1104,at:49:1450,4A,75,1106
at:49:1104,at:49:1450,74A,68,1994
at:49:1104,at:49:1471,74A,60,1994
at:49:1104,at:49:1471,N75,60,16
at:49:1104,at:49:397,4A,52,1107
at:49:1104,at:49:653,U3,95,6846
at:49:1104,at:49:743,U3,110,6844
at:49:1104,at:49:993,N75,30,18
at:49:1105,at:49:1492,60A,60,407
at:49:1105,at:49:1492,N61,60,27
at:49:1105,at:49:637,60,109,1352
at:49:1105,at:49:637,N60,120,32
at:49:1105,at:49:823,60A,60,410
at:49:1105,at:49:823,N61,40,24
at:49:1107,at:49:1127,60A,61,407
at:49:1107,at:49:1127,N60,60,32
at:49:1107,at:49:1127,N61,60,9
at:49:1107,at:49:1656,60A,60,410
at:49:1107,at:49:1656,N60,60,32
at:49:1107,at:49:1656,N61,30,8
at:49:1108,at:49:336,35A,60,1320
at:49:1108,at:49:336,N35,30,32
at:49:1108,at:49:714,35A,60,1346
at:49:1108,at:49:714,N35,60,32
at:49:1109,at:49:1504,53A,60,360
at:49:1109,at:49:1504,54A,61,147
at:49:1109,at:49:1504,54B,60,146
at:49:1109,at:49:1504,N54,60,54
at:49:1109,at:49:1785,53A,127,356
at:49:1109,at:49:1785,54A,122,148
at:49:1109,at:49:1785,54B,123,147
at:49:111,at:49:100,33A,60,184
at:49:111,at:49:125,33A,30,184
at:49:1111,at:49:1406,69A,64,631
at:49:1111,at:49:800,69A,65,642
at:49:1112,at:49:1028,63A,73,1066
at:49:1112,at:49:1118,63A,120,1030
at:49:1113,at:49:1368,99B,120,16
at:49:1113,at:49:1502,99B,60,199
at:49:1113,at:49:693,99B,120,219
at:49:1114,at:49:1174,62,97,1860
at:49:1114,at:49:1174,N62,60,23
at:49:1114,at:49:906,56A,60,4
at:49:1114,at:49:906,58B,60,622
at:49:1114,at:49:96,56A,60,4
at:49:1114,at:49:96,58B,63,620
at:49:1114,at:49:96,62,98,1860
at:49:1114,at:49:96,N62,60,24
at:49:1115,at:49:276,43,102,3076
at:49:1115,at:49:276,9,105,1596
at:49:1115,at:49:276,N43,61,84
at:49:1115,at:49:508,2,102,138
at:49:1115,at:49:508,43,121,3076
at:49:1115,at:49:508,9,89,60
at:49:1115,at:49:508,N43,120,86
at:49:1115,at:49:861,2,88,150
at:49:1115,at:49:861,9,80,1574
at:49:1116,at:49:107,47B,127,308
at:49:1116,at:49:1614,47B,60,308
at:49:1117,at:49:1319,64A,180,280
at:49:1117,at:49:1319,N64,60,16
at:49:1117,at:49:413,64A,60,279
at:49:1117,at:49:413,N64,60,16
at:49:1118,at:49:863,10A,113,1692
at:49:1118,at:49:863,63A,119,1030
at:49:1118,at:49:863,N60,73,18
at:49:1119,at:49:1198,2A,106,717
at:49:112,at:49:1169,1,120,242
at:49:112,at:49:1169,D,120,3674
at:49:112,at:49:1169,N38,60,58
at:49:112,at:49:122,40A,75,1058
at:49:112,at:49:122,N41,60,18
at:49:112,at:49:29,40A,120,1063
at:49:112,at:49:29,N41,120,18
at:49:112,at:49:371,1,60,252
at:49:112,at:49:371,D,60,3668
at:49:112,at:49:371,N38,60,58
at:49:1120,at:49:220,92B,92,472
at:49:1120,at:49:342,92B,104,472
at:49:1121,at:49:1136,12,96,101
at:49:1121,at:49:1136,2,95,4486
at:49:1121,at:49:698,46A,60,581
at:49:1121,at:49:784,10,109,1392
at:49:1121,at:49:784,12,64,101
at:49:1121,at:49:784,2,102,4491
at:49:1121,at:49:840,10,132,1392
at:49:1121,at:49:840,46B,166,534
at:49:1122,at:49:1386,25A,125,362
at:49:1122,at:49:1675,27A,238,245
at:49:1122,at:49:1675,28A,67,378
at:49:1122,at:49:1716,25A,60,356
at:49:1122,at:49:1858,28A,159,388
at:49:1122,at:49:955,27A,60,239
at:49:1124,at:49:1182,U4,108,5229
at:49:1124,at:49:357,U4,104,5259
at:49:1125,at:49:703,66A,61,1383
at:49:1125,at:49:788,N66,120,63
at:49:1126,at:49:1546,7A,90,713
at:49:1126,at:49:28,9A,73,579
at:49:1126,at:49:863,7A,121,725
at:49:1126,at:49:863,9A,120,574
at:49:1127,at:49:1107,60A,60,410
at:49:1127,at:49:1107,N60,60,32
at:49:1127,at:49:1107,N61,60,8
at:49:1127,at:49:1936,N60,120,32
at:49:1127,at:49:852,60A,60,407
at:49:1127,at:49:852,N61,30,9
at:49:1128,at:49:1361,58B,65,610
at:49:1128,at:49:1361,60A,67,410
at:49:1128,at:49:214,66A,83,1383
at:49:1128,at:49:214,N66,60,63
at:49:1128,at:49:94,56A,60,563
at:49:1128,at:49:94,60A,60,407
at:49:1128,at:49:94,66A,100,1359
at:49:1128,at:49:94,N66,80,72
at:49:1129,at:49:1033,2A,60,572
at:49:1129,at:49:213,3A,47,644
at:49:113,at:49:1696,47A,103,586
at:49:113,at:49:358,46,96,15
at:49:113,at:49:358,49,87,162
at:49:113,at:49:358,52,78,1771
at:49:113,at:49:358,60,94,21
at:49:113,at:49:434,46,96,15
at:49:113,at:49:434,49,85,153
at:49:113,at:49:434,52,78,1771
at:49:113,at:49:434,60,60,21
at:49:1130,at:49:1875,5B,85,1311
at:49:1130,at:49:1876,5B,63,1295
at:49:1130,at:49:494,2,71,66
at:49:1130,at:49:899,2,60,66
at:49:1132,at:49:67,18,71,108
at:49:1132,at:49:67,49,60,23
at:49:1132,at:49:67,5,70,103
at:49:1132,at:49:67,52,85,1694
at:49:1132,at:49:67,60,101,1242
at:49:1132,at:49:67,9,67,55
at:49:1132,at:49:67,E3,68,16
at:49:1132,at:49:67,N54,30,54
at:49:1132,at:49:712,18,60,137
at:49:1132,at:49:712,49,60,14
at:49:1132,at:49:712,5,62,103
at:49:1132,at:49:712,52,64,1694
at:49:1132,at:49:712,60,65,1242
at:49:1132,at:49:712,9,60,55
at:49:1132,at:49:712,E3,60,16
at:49:1132,at:49:712,N54,60,48
at:49:1133,at:49:1248,30A,60,822
at:49:1133,at:49:1248,31A,62,1112
at:49:1133,at:49:1268,31A,60,1112
at:49:1134,at:49:278,56A,120,4
at:49:1134,at:49:278,58B,117,622
at:49:1134,at:49:49,56A,60,541
at:49:1135,at:49:102,26,142,817
at:49:1135,at:49:102,27,133,2506
at:49:1135,at:49:102,N20,179,88
at:49:1135,at:49:1333,32A,60,1263
at:49:1135,at:49:260,26,83,817
at:49:1135,at:49:260,27,81,2506
at:49:1135,at:49:260,32A,67,1331
at:49:1135,at:49:260,N20,120,90
at:49:1136,at:49:1121,12,116,101
at:49:1136,at:49:1121,2,84,4491
at:49:1136,at:49:1490,12,60,101
at:49:1136,at:49:1490,2,74,4486
at:49:1137,at:49:1165,82A,60,294
at:49:1138,at:49:109,10A,106,1744
at:49:1138,at:49:109,39A,121,663
at:49:1138,at:49:1253,10A,98,1726
at:49:1138,at:49:1253,39A,118,663
at:49:1139,at:49:1799,N65,180,96
at:49:1139,at:49:35,64B,170,29
at:49:1139,at:49:35,N8,120,16
at:49:1139,at:49:48,16A,55,732
at:49:1139,at:49:48,N65,71,106
at:49:1139,at:49:801,64B,60,30
at:49:1139,at:49:801,N8,60,16
at:49:114,at:49:1555,47A,30,586
at:49:114,at:49:338,47A,44,586
at:49:1140,at:49:1078,11,120,5062
at:49:1140,at:49:1078,N65,50,98
at:49:1140,at:49:1480,11,85,5054
at:49:1140,at:49:1480,N65,60,96
at:49:1141,at:49:607,25,112,508
at:49:1141,at:49:607,26,107,1634
at:49:1141,at:49:607,27,114,1659
at:49:1141,at:49:607,27A,60,465
at:49:1141,at:49:607,N20,60,80
at:49:1141,at:49:633,25,120,508
at:49:1141,at:49:633,26,115,1634
at:49:1141,at:49:633,27,120,1659
at:49:1141,at:49:633,N20,120,97
at:49:1142,at:49:206,35A,60,1320
at:49:1142,at:49:206,N35,60,32
at:49:1143,at:49:337,26A,70,2393
at:49:1143,at:49:337,N20,60,82
at:49:1143,at:49:811,26A,61,2393
at:49:1143,at:49:811,N20,60,81
at:49:1144,at:49:544,2A,60,136
at:49:1144,at:49:544,3A,60,644
at:49:1145,at:49:1129,2A,99,572
at:49:1145,at:49:1144,2A,60,136
at:49:1145,at:49:1182,1,126,4484
at:49:1145,at:49:1182,2,124,42
at:49:1145,at:49:1182,D,123,864
at:49:1145,at:49:1198,1,120,4402
at:49:1145,at:49:1198,2,120,66
at:49:1145,at:49:1198,71,120,8
at:49:1145,at:49:1198,D,120,869
at:49:1146,at:49:1416,49A,60,728
at:49:1146,at:49:1416,50A,60,656
at:49:1146,at:49:1416,N49,60,54
at:49:1146,at:49:1482,50A,60,662
at:49:1146,at:49:1482,N49,60,54
at:49:1147,at:49:1668,20A,119,808
at:49:1148,at:49:1061,74A,53,316
at:49:1148,at:49:115,18,81,4398
at:49:1148,at:49:1425,18,120,4398
at:49:1148,at:49:1425,74A,95,1994
at:49:1149,at:49:1283,56A,85,350
at:49:1149,at:49:1283,56B,81,323
at:49:1149,at:49:1909,56A,60,336
at:49:1149,at:49:1909,56B,59,322
at:49:1149,at:49:408,58A,403,258
at:49:1149,at:49:408,58B,402,258
at:49:115,at:49:1148,18,91,4398
at:49:115,at:49:1199,18,120,4398
at:49:115,at:49:1199,77A,120,320
at:49:115,at:49:1199,80A,116,182
at:49:1150,at:49:406,56A,61,549
at:49:1150,at:49:952,56A,60,573
at:49:1151,at:49:239,29A,60,946
at:49:1151,at:49:239,N25,60,18
at:49:1151,at:49:271,28A,137,388
at:49:1151,at:49:617,28A,81,378
at:49:1151,at:49:771,29A,65,946
at:49:1151,at:49:771,N25,60,18
at:49:1152,at:49:1430,13A,61,235
at:49:1152,at:49:1430,48A,68,2232
at:49:1152,at:49:1430,N46,120,44
at:49:1153,at:49:224,39A,60,663
at:49:1153,at:49:362,39A,67,663
at:49:1154,at:49:849,14A,145,1618
at:49:1155,at:49:1156,42A,67,794
at:49:1156,at:49:1467,42A,120,799
at:49:1158,at:49:1084,10,74,1385
at:49:1158,at:49:1084,46,68,15
at:49:1158,at:49:1084,49,74,162
at:49:1158,at:49:1084,52,63,1771
at:49:1158,at:49:1084,60,60,21
at:49:1158,at:49:1176,10,184,1385
at:49:1158,at:49:1176,10A,160,1692
at:49:1158,at:49:1176,52,193,57
at:49:1158,at:49:1176,60,180,21
at:49:1158,at:49:67,52,270,1714
at:49:1158,at:49:911,10A,90,1716
at:49:1159,at:43:3499,25B,60,81
at:49:1159,at:49:1307,25B,120,54
at:49:1159,at:49:1357,25B,60,27
at:49:116,at:49:1882,38B,248,64
at:49:116,at:49:948,D,90,4373
at:49:1160,at:49:1015,62A,106,676
at:49:1160,at:49:1015,BB,60,2089
at:49:1160,at:49:1015,N8,60,16
at:49:1160,at:49:1214,BB,120,2089
at:49:1160,at:49:1477,62A,72,669
at:49:1160,at:49:1477,7A,140,707
at:49:1160,at:49:1477,N62,120,14
at:49:1160,at:49:1508,15A,99,1230
at:49:1160,at:49:1726,N62,120,16
at:49:1160,at:49:1816,7B,240,144
at:49:1160,at:49:444,SEV BB,660,246
at:49:1160,at:49:542,7A,142,725
at:49:1162,at:49:43,72A,60,459
at:49:1163,at:49:1164,93A,60,520
at:49:1163,at:49:1164,96A,60,74
at:49:1163,at:49:1164,N91,60,18
at:49:1163,at:49:649,93A,88,496
at:49:1163,at:49:649,96A,60,73
at:49:1163,at:49:649,N91,60,16
at:49:1164,at:49:1163,93A,60,496
at:49:1164,at:49:1163,96A,60,73
at:49:1164,at:49:1163,N91,60,16
at:49:1164,at:49:1663,93A,30,520
at:49:1164,at:49:1663,N91,30,18
at:49:1165,at:49:1881,82A,60,294
at:49:1166,at:49:1484,88B,60,351
at:49:1168,at:49:1047,59A,60,1618
at:49:1168,at:49:1047,N71,60,48
at:49:1168,at:49:1366,N66,60,27
at:49:1168,at:49:996,N62,60,27
at:49:1169,at:49:112,1,62,252
at:49:1169,at:49:112,D,78,3668
at:49:1169,at:49:112,N38,60,58
at:49:1169,at:49:1184,N38,120,58
at:49:1169,at:49:195,1,96,242
at:49:1169,at:49:195,D,140,3674
at:49:117,at:49:1872,7A,60,707
at:49:117,at:49:225,7A,118,707
at:49:1171,at:49:1937,64A,69,176
at:49:1171,at:49:421,64A,188,104
at:49:1171,at:49:613,60A,60,409
at:49:1171,at:49:613,66A,60,1383
at:49:1171,at:49:613,N66,60,63
at:49:1171,at:49:898,60A,60,409
at:49:1171,at:49:898,64A,60,279
at:49:1171,at:49:898,66A,60,1383
at:49:1171,at:49:898,N66,60,72
at:49:1173,at:49:1025,D,91,4211
at:49:1173,at:49:1346,71,156,37
at:49:1173,at:49:1346,D,159,4219
at:49:1174,at:49:1114,62,88,1860
at:49:1174,at:49:1114,N62,60,24
at:49:1174,at:49:1383,63A,104,1030
at:49:1174,at:49:1383,N62,60,23
at:49:1174,at:49:1679,16A,40,18
at:49:1174,at:49:1679,63A,76,1066
at:49:1174,at:49:511,16A,102,20
at:49:1174,at:49:511,62,73,1860
at:49:1176,at:49:1005,10,79,1385
at:49:1176,at:49:1005,52,73,57
at:49:1176,at:49:1005,60,87,1268
at:49:1176,at:49:1158,10A,137,1716
at:49:1176,at:49:1211,10A,89,1692
at:49:1176,at:49:1211,N60,60,18
at:49:1176,at:49:520,10,164,1385
at:49:1176,at:49:520,52,157,57
at:49:1176,at:49:520,60,137,1268
at:49:1177,at:49:1043,46B,61,534
at:49:1177,at:49:1758,46A,60,581
at:49:1178,at:49:1081,56A,45,4
at:49:1178,at:49:1081,58A,50,626
at:49:1178,at:49:46,58B,60,610
at:49:1179,at:49:1200,12A,57,1174
at:49:1179,at:49:437,12A,69,1179
at:49:118,at:49:194,39A,59,663
at:49:118,at:49:660,39A,60,663
at:49:1180,at:49:391,98A,60,596
at:49:1181,at:49:1340,46,84,2228
at:49:1181,at:49:1340,N46,120,72
at:49:1181,at:49:1372,46,146,2228
at:49:1181,at:49:1372,N46,120,72
at:49:1182,at:49:1124,U4,69,5259
at:49:1182,at:49:1129,3A,106,644
at:49:1182,at:49:1145,1,64,4402
at:49:1182,at:49:1145,2,60,66
at:49:1182,at:49:1145,71,68,8
at:49:1182,at:49:1145,D,62,869
at:49:1182,at:49:1184,U2,114,5103
at:49:1182,at:49:1198,N25,120,18
at:49:1182,at:49:1198,N31,120,27
at:49:1182,at:49:1198,N38,120,16
at:49:1182,at:49:1198,N60,120,16
at:49:1182,at:49:1198,N66,120,27
at:49:1182,at:49:1198,U4,81,5229
at:49:1182,at:49:1891,U2,60,5080
at:49:1182,at:49:195,1,158,4484
at:49:1182,at:49:195,2,139,42
at:49:1182,at:49:195,71,141,4254
at:49:1182,at:49:195,D,122,864
at:49:1182,at:49:961,N31,120,27
at:49:1182,at:49:962,31,120,2571
at:49:1184,at:49:1072,U2,120,5103
at:49:1184,at:49:1182,U2,75,5080
at:49:1184,at:49:1197,37,120,493
at:49:1184,at:49:1197,38,120,1208
at:49:1184,at:49:1197,40,120,2164
at:49:1184,at:49:1197,41,120,2278
at:49:1184,at:49:1197,42,120,1459
at:49:1184,at:49:1197,N41,120,50
at:49:1184,at:49:122,40A,120,1063
at:49:1184,at:49:122,N41,120,18
at:49:1184,at:49:1369,1A,68,676
at:49:1184,at:49:192,1,67,4275
at:49:1184,at:49:192,2,82,35
at:49:1184,at:49:192,71,96,4104
at:49:1184,at:49:192,D,77,3063
at:49:1184,at:49:195,1,120,4364
at:49:1184,at:49:195,2,120,33
at:49:1184,at:49:195,71,120,4256
at:49:1184,at:49:195,D,120,3245
at:49:1184,at:49:195,N25,60,18
at:49:1184,at:49:195,N38,60,74
at:49:1184,at:49:195,N60,60,16
at:49:1184,at:49:195,N66,60,27
at:49:1184,at:49:742,2,171,7
at:49:1184,at:49:742,43,120,3052
at:49:1184,at:49:742,44,120,719
at:49:1184,at:49:742,N43,167,86
at:49:1184,at:49:994,1,120,145
at:49:1184,at:49:994,71,169,150
at:49:1184,at:49:994,D,145,183
at:49:1185,at:49:401,54B,180,147
at:49:1186,at:49:1554,30,95,1565
at:49:1186,at:49:1554,31,93,2381
at:49:1186,at:49:1554,N31,60,24
at:49:1186,at:49:334,12,240,6
at:49:1186,at:49:334,26,240,1
at:49:1186,at:49:334,27,240,40
at:49:1186,at:49:334,30,240,1508
at:49:1186,at:49:334,31,240,2398
at:49:1186,at:49:334,5,240,19
at:49:1186,at:49:334,N31,180,27
at:49:1187,at:49:514,44A,60,639
at:49:1188,at:49:1082,48A,55,2400
at:49:1188,at:49:1082,N46,30,63
at:49:1188,at:49:1439,48A,67,2407
at:49:1189,at:49:1707,53A,120,348
at:49:119,at:49:250,34A,60,829
at:49:119,at:49:250,36A,96,218
at:49:119,at:49:250,36B,60,286
at:49:119,at:49:594,34A,60,827
at:49:1190,at:49:1037,10A,68,1807
at:49:1190,at:49:1374,46,97,2717
at:49:1190,at:49:1374,N46,60,116
at:49:1190,at:49:669,10A,67,1824
at:49:1190,at:49:981,46,123,2717
at:49:1190,at:49:981,N46,118,109
at:49:1191,at:49:1573,65A,95,464
at:49:1191,at:49:1573,66A,74,1415
at:49:1191,at:49:1573,N66,60,42
at:49:1191,at:49:760,65A,120,464
at:49:1191,at:49:760,66A,103,1381
at:49:1192,at:49:1697,36A,60,228
at:49:1192,at:49:1697,36B,60,286
at:49:1193,at:49:1407,N71,60,87
at:49:1193,at:49:1460,1,85,844
at:49:1193,at:49:1460,2,68,4018
at:49:1193,at:49:1460,D,85,864
at:49:1193,at:49:1795,71,106,6050
at:49:1193,at:49:1813,4A,89,699
at:49:1193,at:49:1972,N75,120,18
at:49:1193,at:49:446,71,120,37
at:49:1193,at:49:446,D,129,4219
at:49:1193,at:49:657,1,179,846
at:49:1193,at:49:657,2,180,142
at:49:1193,at:49:657,4A,62,1106
at:49:1193,at:49:804,4A,115,408
at:49:1193,at:49:975,2,130,3861
at:49:1193,at:49:975,2A,116,581
at:49:1193,at:49:975,3A,60,140
at:49:1193,at:49:975,71,158,4256
at:49:1193,at:49:975,D,145,3245
at:49:1193,at:49:975,N25,120,18
at:49:1193,at:49:975,N38,120,16
at:49:1193,at:49:975,N60,240,16
at:49:1193,at:49:975,N66,120,27
at:49:1193,at:49:975,N71,164,87
at:49:1193,at:49:975,N75,120,16
at:49:1195,at:49:1054,65A,86,16
at:49:1195,at:49:1054,66A,91,1399
at:49:1195,at:49:1054,67B,89,231
at:49:1195,at:49:1054,N66,80,72
at:49:1195,at:49:1319,66A,135,1399
at:49:1195,at:49:1319,67B,153,241
at:49:1195,at:49:1319,N66,120,69
at:49:1195,at:49:930,65A,60,16
at:49:1196,at:49:1506,34A,118,493
at:49:1196,at:49:1513,34A,60,489
at:49:1197,at:49:1184,37,171,493
at:49:1197,at:49:1184,38,165,1208
at:49:1197,at:49:1184,40,156,2164
at:49:1197,at:49:1184,41,168,2278
at:49:1197,at:49:1184,42,151,1459
at:49:1197,at:49:1184,N41,180,50
at:49:1197,at:49:1288,37,120,493
at:49:1197,at:49:1288,38,127,1208
at:49:1197,at:49:1288,40,130,2164
at:49:1197,at:49:1288,41,127,2278
at:49:1197,at:49:1288,42,121,1459
at:49:1197,at:49:1288,N41,120,50
at:49:1198,at:49:1145,1,104,4484
at:49:1198,at:49:1145,2,120,2
at:49:1198,at:49:1145,2A,60,572
at:49:1198,at:49:1145,D,110,864
at:49:1198,at:49:1182,N31,120,27
at:49:1198,at:49:1182,U4,112,5259
at:49:1198,at:49:1320,U1,60,4944
at:49:1198,at:49:1979,2A,120,136
at:49:1198,at:49:245,N25,120,18
at:49:1198,at:49:245,N38,120,16
at:49:1198,at:49:245,N60,120,16
at:49:1198,at:49:245,N66,120,27
at:49:1198,at:49:419,2,120,4016
at:49:1198,at:49:419,N29,120,74
at:49:1198,at:49:619,1,138,4402
at:49:1198,at:49:619,2,125,4003
at:49:1198,at:49:619,71,120,8
at:49:1198,at:49:619,D,121,869
at:49:1198,at:49:619,N29,60,78
at:49:1198,at:49:659,2,151,459
at:49:1198,at:49:743,U4,106,3638
at:49:1198,at:49:916,N25,180,16
at:49:1198,at:49:916,U1,60,4958
at:49:1199,at:49:115,18,89,4398
at:49:1199,at:49:1315,77A,30,320
at:49:1199,at:49:1315,80A,35,180
at:49:1199,at:49:1583,18,420,26
at:49:1199,at:49:283,77A,70,1469
at:49:1199,at:49:289,U3,60,6846
at:49:1199,at:49:653,U3,60,6844
at:49:1199,at:49:821,18,120,2994
at:49:1199,at:49:821,77A,120,1367
at:49:1199,at:49:821,80A,104,1108
at:49:12,at:49:1664,10A,60,1716
at:49:12,at:49:1665,10A,120,1869
at:49:12,at:49:1713,12A,60,1194
at:49:120,at:49:1019,13A,88,3776
at:49:120,at:49:1366,N66,60,27
at:49:1200,at:49:1179,12A,94,1179
at:49:1200,at:49:1468,U3,112,4057
at:49:1200,at:49:440,9,91,1570
at:49:1200,at:49:458,49,60,3247
at:49:1200,at:49:458,9,60,1570
at:49:1200,at:49:458,E3,60,708
at:49:1200,at:49:458,N49,30,36
at:49:1200,at:49:556,12A,100,1189
at:49:1200,at:49:556,49,74,3238
at:49:1200,at:49:556,E3,88,708
at:49:1200,at:49:556,N49,60,32
at:49:1200,at:49:606,U3,112,4056
at:49:1201,at:49:1504,53A,60,356
at:49:1201,at:49:577,53A,69,360
at:49:1202,at:49:1056,38,84,343
at:49:1202,at:49:1056,41,110,2426
at:49:1202,at:49:1056,N41,176,56
at:49:1202,at:49:287,38,70,343
at:49:1202,at:49:287,41,74,2426
at:49:1202,at:49:287,N41,60,56
at:49:1203,at:49:1090,1A,60,676
at:49:1203,at:49:1090,3A,60,660
at:49:1204,at:49:1209,92A,60,1044
at:49:1204,at:49:1209,92B,60,386
at:49:1204,at:49:1209,N90,30,14
at:49:1204,at:49:475,92A,120,1040
at:49:1204,at:49:475,92B,120,376
at:49:1204,at:49:475,N90,60,16
at:49:1205,at:49:411,92A,30,1040
at:49:1205,at:49:411,92B,56,376
at:49:1205,at:49:411,N90,60,16
at:49:1205,at:49:641,92A,164,1025
at:49:1205,at:49:641,92B,124,378
at:49:1205,at:49:641,N90,60,14
at:49:1206,at:49:817,80A,75,1108
at:49:1207,at:49:1399,95A,42,1488
at:49:1207,at:49:140,95A,60,1482
at:49:1208,at:49:395,42A,60,1027
at:49:1208,at:49:711,42A,60,1022
at:49:1209,at:49:1204,92A,60,1040
at:49:1209,at:49:1204,92B,60,376
at:49:1209,at:49:1204,N90,60,16
at:49:1209,at:49:411,92A,49,1044
at:49:1209,at:49:411,92B,57,386
at:49:1209,at:49:411,N90,60,14
at:49:121,at:49:1316,93A,60,638
at:49:121,at:49:746,93A,60,648
at:49:1210,at:49:26,37,60,338
at:49:1210,at:49:26,40,60,2286
at:49:1210,at:49:393,9,167,1206
at:49:1211,at:49:1118,10A,60,1692
at:49:1211,at:49:1118,N60,60,18
at:49:1211,at:49:1176,10A,89,1716
at:49:1211,at:49:520,N60,127,18
at:49:1211,at:49:520,U4,120,5180
at:49:1211,at:49:863,U4,106,5207
at:49:1212,at:49:1028,9A,60,579
at:49:1212,at:49:1249,9A,78,574
at:49:1213,at:49:1917,29B,60,832
at:49:1213,at:49:305,29B,60,832
at:49:1214,at:49:1160,BB,120,2089
at:49:1214,at:49:444,BB,60,2089
at:49:1215,at:49:622,30A,60,818
at:49:1216,at:49:1657,27A,59,459
at:49:1216,at:49:1657,N25,30,18
at:49:1216,at:49:771,27A,91,457
at:49:1216,at:49:771,N25,60,18
at:49:1217,at:49:489,29A,84,946
at:49:1217,at:49:489,29B,102,832
at:49:1217,at:49:489,N30,60,32
at:49:1217,at:49:995,29A,74,946
at:49:1217,at:49:995,29B,96,832
at:49:1217,at:49:995,N30,60,32
at:49:1218,at:49:743,1,120,153
at:49:1218,at:49:743,O,120,1927
at:49:1218,at:49:929,1,60,104
at:49:1218,at:49:929,O,60,1927
at:49:1219,at:49:1662,88B,30,351
at:49:122,at:49:112,40A,66,1063
at:49:122,at:49:112,N41,60,18
at:49:122,at:49:1184,N41,177,18
at:49:122,at:49:1654,40A,109,1058
at:49:1220,at:49:268,54B,60,147
at:49:1220,at:49:401,54B,60,146
at:49:1221,at:49:1967,89A,60,283
at:49:1221,at:49:1967,99A,60,215
at:49:1221,at:49:1967,99B,60,219
at:49:1221,at:49:503,89A,118,279
at:49:1221,at:49:693,99A,60,219
at:49:1221,at:49:693,99B,60,215
at:49:1223,at:49:1327,17A,79,376
at:49:1223,at:49:608,17A,60,378
at:49:1226,at:49:1197,37,69,493
at:49:1226,at:49:1197,38,75,1208
at:49:1226,at:49:1197,40,84,2164
at:49:1226,at:49:1197,41,72,2278
at:49:1226,at:49:1197,42,82,1459
at:49:1226,at:49:1197,N41,60,50
at:49:1227,at:49:36,53A,41,360
at:49:1227,at:49:577,53A,60,356
at:49:1228,at:49:1938,64A,47,65
at:49:1228,at:49:247,61A,120,264
at:49:1228,at:49:247,64A,120,64
at:49:1228,at:49:790,61A,60,253
at:49:1229,at:49:176,30,90,1565
at:49:1229,at:49:176,31,89,2381
at:49:1229,at:49:176,N31,60,21
at:49:1229,at:49:431,30,100,1565
at:49:1229,at:49:431,31,100,2381
at:49:1229,at:49:431,N31,60,24
at:49:123,at:49:1412,49A,360,297
at:49:123,at:49:1412,50B,360,80
at:49:123,at:49:1501,50A,406,269
at:49:123,at:49:1501,N49,360,9
at:49:123,at:49:184,49A,60,429
at:49:123,at:49:184,50A,60,393
at:49:123,at:49:184,50B,60,116
at:49:123,at:49:184,N49,48,80
at:49:123,at:49:355,43B,121,55
at:49:123,at:49:355,52A,120,188
at:49:123,at:49:355,52B,120,160
at:49:123,at:49:560,43B,120,55
at:49:123,at:49:560,52A,125,188
at:49:123,at:49:560,52B,125,160
at:49:123,at:49:560,N49,138,92
at:49:1230,at:49:1074,66A,98,1395
at:49:1230,at:49:1074,N66,80,63
at:49:1230,at:49:1479,66A,90,1395
at:49:1230,at:49:1479,N66,60,69
at:49:1230,at:49:2924,66A,60,4
at:49:1230,at:49:2924,N66,60,9
at:49:1231,at:49:428,D,90,4373
at:49:1231,at:49:428,N36,60,30
at:49:1231,at:49:948,D,63,4359
at:49:1231,at:49:948,N36,60,27
at:49:1232,at:49:306,12A,94,743
at:49:1233,at:49:104,12A,59,743
at:49:1233,at:49:104,14A,58,1618
at:49:1234,at:49:1031,94A,86,542
at:49:1234,at:49:927,94A,72,548
at:49:1235,at:43:5133,SEV BB,330,769
at:49:1235,at:49:1007,U6,71,12839
at:49:1235,at:49:1727,N64,60,16
at:49:1235,at:49:671,61B,120,81
at:49:1235,at:49:947,61B,119,82
at:49:1237,at:49:1088,49,86,3223
at:49:1237,at:49:1088,52,119,477
at:49:1237,at:49:1088,N49,60,32
at:49:1237,at:49:1325,49,60,3223
at:49:1237,at:49:1325,52,60,477
at:49:1237,at:49:1325,N49,60,36
at:49:1239,at:49:580,66A,83,1395
at:49:1239,at:49:580,N66,78,69
at:49:1239,at:49:697,17A,83,375
at:49:1239,at:49:697,67A,73,231
at:49:1239,at:49:697,N67,60,27
at:49:1239,at:49:722,67B,120,190
at:49:1239,at:49:971,17A,78,372
at:49:1239,at:49:971,66A,83,1399
at:49:1239,at:49:971,67A,60,230
at:49:1239,at:49:971,67B,60,192
at:49:1239,at:49:971,N66,60,72
at:49:1239,at:49:971,N67,60,23
at:49:124,at:49:507,44,98,719
at:49:124,at:49:977,44,105,719
at:49:1240,at:49:266,52A,60,188
at:49:1241,at:49:1244,93A,51,648
at:49:1241,at:49:1244,N90,30,14
at:49:1241,at:49:746,93A,60,638
at:49:1241,at:49:746,N90,60,16
at:49:1242,at:49:1029,44A,30,410
at:49:1243,at:49:1796,52B,60,21
at:49:1243,at:49:57,52B,60,160
at:49:1244,at:49:1241,93A,38,638
at:49:1244,at:49:1241,N90,30,16
at:49:1244,at:49:273,93A,44,648
at:49:1244,at:49:273,N90,60,14
at:49:1245,at:49:1377,68A,68,435
at:49:1245,at:49:1377,68B,68,437
at:49:1245,at:49:1377,N68,60,22
at:49:1245,at:49:331,15A,60,1246
at:49:1245,at:49:721,68A,103,434
at:49:1245,at:49:721,68B,104,434
at:49:1245,at:49:721,N68,30,25
at:49:1245,at:49:750,15A,94,1206
at:49:1246,at:49:521,43A,103,607
at:49:1246,at:49:672,43A,98,607
at:49:1247,at:49:1512,92A,59,644
at:49:1247,at:49:811,26A,83,2393
at:49:1247,at:49:811,N20,60,82
at:49:1247,at:49:89,92A,68,642
at:49:1247,at:49:89,97A,70,1031
at:49:1247,at:49:89,N20,60,81
at:49:1247,at:49:89,N91,60,16
at:49:1247,at:49:958,26A,95,2393
at:49:1247,at:49:958,N84,30,14
at:49:1248,at:49:1133,31A,119,1112
at:49:1248,at:49:1215,30A,121,818
at:49:1248,at:49:1851,31A,60,1116
at:49:1248,at:49:1914,30A,120,822
at:49:1248,at:49:1914,N30,60,32
at:49:1248,at:49:1916,N30,180,32
at:49:1249,at:49:1212,9A,60,579
at:49:1249,at:49:28,9A,102,574
at:49:125,at:49:129,33A,60,184
at:49:1250,at:49:1815,39A,59,241
at:49:1250,at:49:367,39A,60,663
at:49:1252,at:49:959,38,60,1624
at:49:1252,at:49:959,N38,30,48
at:49:1252,at:49:992,38,60,1624
at:49:1252,at:49:992,N38,60,46
at:49:1253,at:49:1138,10A,66,1744
at:49:1253,at:49:1138,39A,67,663
at:49:1253,at:49:376,10A,120,1726
at:49:1253,at:49:376,38,101,1624
at:49:1253,at:49:376,N38,60,48
at:49:1253,at:49:959,38,80,1624
at:49:1253,at:49:959,39A,64,663
at:49:1253,at:49:959,N38,60,46
at:49:1254,at:49:1585,25A,60,276
at:49:1255,at:49:1100,60,81,1362
at:49:1255,at:49:1100,N60,60,48
at:49:1255,at:49:343,60,120,1362
at:49:1255,at:49:343,N60,60,48
at:49:1256,at:49:660,39B,120,54
at:49:1257,at:49:1344,15A,58,1204
at:49:1257,at:49:42,15A,86,1206
at:49:1258,at:49:1004,95A,60,1479
at:49:1258,at:49:1004,97A,60,14
at:49:1258,at:49:1808,95A,30,1493
at:49:1258,at:49:1808,97A,60,10
at:49:1259,at:49:464,76A,30,396
at:49:1259,at:49:464,76B,30,426
at:49:1259,at:49:957,76A,54,386
at:49:1259,at:49:957,76B,51,420
at:49:1260,at:49:160,11,60,3918
at:49:1260,at:49:160,71,60,6001
at:49:1260,at:49:160,D,60,249
at:49:1260,at:49:1756,69A,61,642
at:49:1260,at:49:1756,72A,60,116
at:49:1260,at:49:1756,73A,66,1432
at:49:1260,at:49:314,11,96,3918
at:49:1260,at:49:314,71,95,6007
at:49:1260,at:49:314,71E,60,22
at:49:1260,at:49:314,D,91,249
at:49:1260,at:49:314,N71,60,97
at:49:1260,at:49:425,N71,60,98
at:49:1260,at:49:425,U3,60,6745
at:49:1260,at:49:815,72A,60,457
at:49:1261,at:49:1826,49A,60,728
at:49:1262,at:49:1015,59A,104,1059
at:49:1262,at:49:1015,62A,101,669
at:49:1262,at:49:1015,8A,76,545
at:49:1262,at:49:1015,9A,30,280
at:49:1263,at:49:425,11,119,4073
at:49:1263,at:49:425,6,120,7
at:49:1263,at:49:425,71,120,37
at:49:1263,at:49:425,D,104,249
at:49:1263,at:49:425,N6,60,54
at:49:1263,at:49:484,11,103,4073
at:49:1263,at:49:484,6,77,7
at:49:1263,at:49:484,D,87,247
at:49:1263,at:49:484,N6,60,54
at:49:1264,at:49:1070,76A,60,608
at:49:1264,at:49:1070,76B,60,426
at:49:1264,at:49:715,76A,95,616
at:49:1264,at:49:715,76B,97,420
at:49:1265,at:49:608,17A,85,376
at:49:1266,at:49:887,49A,60,726
at:49:1266,at:49:887,50B,60,196
at:49:1267,at:49:178,2,60,7
at:49:1267,at:49:178,43,60,3052
at:49:1267,at:49:178,44,60,719
at:49:1267,at:49:178,N43,30,86
at:49:1267,at:49:747,43,60,3052
at:49:1267,at:49:747,44,60,719
at:49:1267,at:49:747,N43,47,86
at:49:1267,at:49:753,13A,60,2600
at:49:1267,at:49:753,N71,60,32
at:49:1268,at:49:1133,30A,60,822
at:49:1268,at:49:1133,31A,60,1112
at:49:1268,at:49:130,31A,60,1112
at:49:1269,at:49:231,65A,112,16
at:49:127,at:49:117,7A,60,707
at:49:1270,at:49:1038,22A,65,1432
at:49:1270,at:49:1038,95B,66,80
at:49:1270,at:49:1946,22A,63,516
at:49:1270,at:49:414,22A,60,1929
at:49:1270,at:49:532,95B,48,41
at:49:1272,at:49:1426,37,74,338
at:49:1272,at:49:1426,40,88,642
at:49:1272,at:49:1426,41,87,663
at:49:1272,at:49:1426,42,60,1518
at:49:1272,at:49:1426,9,82,1596
at:49:1272,at:49:1526,37,95,338
at:49:1272,at:49:1526,40,81,637
at:49:1272,at:49:1526,41,86,658
at:49:1272,at:49:1526,9,95,1107
at:49:1272,at:49:393,9,240,99
at:49:1272,at:49:73,42,116,1518
at:49:1272,at:49:73,9,94,390
at:49:1275,at:49:175,57A,106,1434
at:49:1275,at:49:1986,57A,68,422
at:49:1275,at:49:436,57A,180,1012
at:49:1276,at:49:1477,62,114,1860
at:49:1276,at:49:1477,62A,117,676
at:49:1276,at:49:1477,N8,60,16
at:49:1276,at:49:35,62A,121,669
at:49:1276,at:49:35,N8,120,16
at:49:1276,at:49:511,62,174,1860
at:49:1277,at:49:495,31A,60,1074
at:49:1277,at:49:773,31A,111,1088
at:49:1278,at:49:299,U2,105,5196
at:49:1278,at:49:473,25,111,1752
at:49:1278,at:49:473,26,96,111
at:49:1278,at:49:473,95A,62,1482
at:49:1278,at:49:473,N20,60,81
at:49:1278,at:49:473,U2,60,5044
at:49:1278,at:49:778,25,77,1752
at:49:1278,at:49:778,26,85,111
at:49:1278,at:49:778,95A,60,1423
at:49:1278,at:49:778,N20,60,82
at:49:1279,at:49:1280,85A,63,806
at:49:1279,at:49:1527,24A,60,1166
at:49:1279,at:49:1527,N24,60,16
at:49:1279,at:49:1878,85A,60,4
at:49:1279,at:49:83,24A,60,1168
at:49:1279,at:49:83,85A,60,4
at:49:1279,at:49:83,N24,30,42
at:49:128,at:49:1314,30A,60,682
at:49:128,at:49:1621,30A,61,678
at:49:128,at:49:1621,32A,61,1364
at:49:128,at:49:483,30A,60,140
at:49:128,at:49:483,32A,114,1267
at:49:1280,at:49:1955,85A,60,806
at:49:1282,at:49:1380,89A,60,286
at:49:1282,at:49:579,89A,30,283
at:49:1283,at:49:1149,56A,61,336
at:49:1283,at:49:1149,56B,61,322
at:49:1283,at:49:408,56A,240,213
at:49:1283,at:49:408,56B,240,310
at:49:1283,at:49:539,10,77,45
at:49:1283,at:49:539,52,87,57
at:49:1283,at:49:539,56A,126,573
at:49:1283,at:49:539,56B,136,633
at:49:1283,at:49:539,60,94,1289
at:49:1283,at:49:539,N60,100,48
at:49:1283,at:49:589,10,99,45
at:49:1283,at:49:589,52,85,57
at:49:1283,at:49:589,60,117,1289
at:49:1283,at:49:589,N60,60,48
at:49:1284,at:49:46,58A,65,626
at:49:1284,at:49:96,58A,60,620
at:49:1285,at:49:854,60A,113,410
at:49:1286,at:49:1233,14A,110,1618
at:49:1287,at:49:1571,N62,60,27
at:49:1287,at:49:727,N62,81,23
at:49:1288,at:49:1226,37,60,493
at:49:1288,at:49:1226,38,60,1208
at:49:1288,at:49:1226,40,60,2164
at:49:1288,at:49:1226,41,60,2278
at:49:1288,at:49:1226,42,60,1459
at:49:1288,at:49:1226,N41,60,50
at:49:1288,at:49:1510,40,170,2164
at:49:1288,at:49:1510,41,173,2278
at:49:1288,at:49:1510,42,137,1459
at:49:1288,at:49:1510,N41,120,50
at:49:1288,at:49:29,12,120,1742
at:49:1288,at:49:29,37,120,493
at:49:1288,at:49:29,38,120,1208
at:49:1288,at:49:29,5,120,1673
at:49:1288,at:49:762,12,88,1746
at:49:1288,at:49:762,5,75,1673
at:49:1289,at:49:427,86A,120,531
at:49:1289,at:49:427,87A,120,152
at:49:1289,at:49:749,95A,41,1423
at:49:1289,at:49:749,96A,30,74
at:49:129,at:49:162,33A,120,184
at:49:1291,at:49:1031,94A,143,548
at:49:1291,at:49:1031,N90,60,16
at:49:1291,at:49:429,94A,93,542
at:49:1291,at:49:746,N90,60,14
at:49:1292,at:49:1291,94A,60,542
at:49:1292,at:49:1291,N90,30,14
at:49:1296,at:49:1568,18,120,661
at:49:1296,at:49:1568,77A,120,519
at:49:1296,at:49:1583,18,96,661
at:49:1296,at:49:1583,77A,98,524
at:49:1299,at:49:1473,86A,114,532
at:49:1299,at:49:1473,87A,121,144
at:49:1299,at:49:290,U2,120,5044
at:49:1299,at:49:473,U2,60,5196
at:49:1299,at:49:485,94A,128,548
at:49:130,at:49:1268,30A,59,822
at:49:130,at:49:1268,31A,58,1112
at:49:130,at:49:431,30A,92,818
at:49:130,at:49:431,31A,68,1112
at:49:130,at:49:431,36A,110,220
at:49:130,at:49:431,36B,99,284
at:49:1300,at:49:666,14A,60,1618
at:49:1301,at:49:1867,77A,60,633
at:49:1301,at:49:1867,78A,60,315
at:49:1301,at:49:1896,77A,60,628
at:49:1301,at:49:1896,78A,60,315
at:49:1301,at:49:1896,79A,60,446
at:49:1301,at:49:1896,79B,60,162
at:49:1301,at:49:88,79A,60,440
at:49:1301,at:49:88,79B,62,162
at:49:1302,at:49:1506,34A,60,180
at:49:1303,at:49:981,45A,67,363
at:49:1303,at:49:981,46A,67,581
at:49:1303,at:49:981,46B,67,534
at:49:1303,at:49:981,N46,60,125
at:49:1304,at:49:408,10,83,45
at:49:1304,at:49:408,52,82,57
at:49:1304,at:49:408,60,98,1289
at:49:1304,at:49:408,N60,60,48
at:49:1304,at:49:589,10,85,45
at:49:1304,at:49:589,52,92,57
at:49:1304,at:49:589,60,98,1289
at:49:1304,at:49:589,N60,60,48
at:49:1305,at:49:657,U4,109,5180
at:49:1305,at:49:743,U4,111,5207
at:49:1306,at:49:1566,18,138,137
at:49:1306,at:49:1566,49,120,14
at:49:1306,at:49:1566,5,144,103
at:49:1306,at:49:1566,52,149,1694
at:49:1306,at:49:1566,60,144,1242
at:49:1306,at:49:1566,9,136,55
at:49:1306,at:49:1566,E3,120,16
at:49:1306,at:49:712,18,94,108
at:49:1306,at:49:712,49,112,23
at:49:1306,at:49:712,5,109,103
at:49:1306,at:49:712,52,76,1694
at:49:1306,at:49:712,60,73,1242
at:49:1306,at:49:712,9,106,55
at:49:1306,at:49:712,E3,82,16
at:49:1306,at:49:712,N54,30,54
at:49:1307,at:49:1159,25B,120,54
at:49:1307,at:49:133,25A,74,34
at:49:1307,at:49:133,25B,60,174
at:49:1307,at:49:133,85A,120,2
at:49:1307,at:49:1357,25A,60,34
at:49:1307,at:49:1357,25B,60,94
at:49:1308,at:49:1419,30,140,1565
at:49:1308,at:49:1419,31,146,2381
at:49:1308,at:49:1419,N31,60,21
at:49:131,at:49:465,76A,60,386
at:49:131,at:49:465,76B,60,420
at:49:131,at:49:957,76A,60,396
at:49:131,at:49:957,76B,60,426
at:49:1311,at:49:409,49A,60,726
at:49:1311,at:49:409,50B,60,196
at:49:1312,at:49:1494,1,60,5150
at:49:1312,at:49:1494,62,74,305
at:49:1312,at:49:1571,15A,154,1230
at:49:1312,at:49:1571,65A,146,464
at:49:1312,at:49:447,15A,85,1230
at:49:1312,at:49:447,65A,163,464
at:49:1313,at:49:1034,94A,60,542
at:49:1313,at:49:238,94A,153,548
at:49:1313,at:49:627,N20,180,96
at:49:1313,at:49:627,N25,180,20
at:49:1313,at:49:633,N20,180,80
at:49:1313,at:49:633,N25,60,18
at:49:1314,at:49:128,30A,114,678
at:49:1314,at:49:1541,30A,60,682
at:49:1314,at:49:1541,32A,60,1331
at:49:1314,at:49:1777,32A,125,1263
at:49:1315,at:49:1321,77A,120,320
at:49:1315,at:49:1321,80A,104,180
at:49:1316,at:49:121,93A,60,648
at:49:1316,at:49:81,93A,82,638
at:49:1317,at:49:1035,U3,60,6455
at:49:1317,at:49:445,10,96,1385
at:49:1317,at:49:445,46,86,586
at:49:1317,at:49:445,49,101,138
at:49:1317,at:49:754,10,60,1385
at:49:1317,at:49:754,46,60,586
at:49:1317,at:49:754,49,60,138
at:49:1317,at:49:981,U3,105,6454
at:49:1318,at:49:372,46A,60,581
at:49:1318,at:49:983,46B,60,534
at:49:1319,at:49:1117,64A,60,279
at:49:1319,at:49:1117,N64,30,16
at:49:1319,at:49:1195,66A,86,1399
at:49:1319,at:49:1195,67B,74,231
at:49:1319,at:49:1195,N66,60,72
at:49:1319,at:49:1499,64A,110,280
at:49:1319,at:49:1499,64B,120,30
at:49:1319,at:49:1499,66A,105,1399
at:49:1319,at:49:1499,67B,60,241
at:49:1319,at:49:1499,N64,60,16
at:49:1319,at:49:1499,N66,480,69
at:49:1319,at:49:1499,N8,60,16
at:49:1319,at:49:801,64B,60,29
at:49:1319,at:49:801,N8,60,16
at:49:132,at:49:1419,30,70,1565
at:49:132,at:49:1419,31,69,2381
at:49:132,at:49:1419,N31,60,24
at:49:132,at:49:471,30,60,1565
at:49:132,at:49:471,31,60,2381
at:49:132,at:49:471,N31,60,21
at:49:1320,at:49:1102,3A,117,669
at:49:1320,at:49:1119,2A,61,717
at:49:1320,at:49:1198,U1,60,4958
at:49:1320,at:49:245,U3,60,6846
at:49:1320,at:49:506,U3,69,6844
at:49:1320,at:49:544,1A,68,676
at:49:1320,at:49:544,3A,74,660
at:49:1320,at:49:657,U1,120,4946
at:49:1321,at:49:115,77A,65,320
at:49:1321,at:49:115,80A,65,182
at:49:1321,at:49:1331,77A,120,320
at:49:1321,at:49:1331,80A,101,180
at:49:1322,at:49:1012,66A,40,1399
at:49:1322,at:49:1012,67A,30,230
at:49:1322,at:49:1012,N66,40,72
at:49:1322,at:49:1388,67A,60,231
at:49:1322,at:49:1388,67B,60,231
at:49:1322,at:49:1586,66A,89,1399
at:49:1322,at:49:1586,67B,30,241
at:49:1322,at:49:1586,N66,60,69
at:49:1323,at:49:1510,40A,164,1084
at:49:1323,at:49:448,40A,120,1090
at:49:1323,at:49:950,37,133,327
at:49:1323,at:49:950,37A,120,156
at:49:1323,at:49:950,38,133,333
at:49:1324,at:49:159,57A,63,1735
at:49:1324,at:49:501,12A,60,920
at:49:1324,at:49:52,57A,60,1735
at:49:1324,at:49:52,N8,60,16
at:49:1324,at:49:67,12A,272,254
at:49:1324,at:49:820,12A,170,1179
at:49:1324,at:49:820,N8,60,16
at:49:1325,at:49:1237,49,60,3223
at:49:1325,at:49:1237,52,60,477
at:49:1325,at:49:1237,N49,60,32
at:49:1325,at:49:1430,49,144,3223
at:49:1325,at:49:1430,52,174,477
at:49:1325,at:49:1430,N49,120,36
at:49:1327,at:49:1223,17A,120,378
at:49:1327,at:49:14,16A,116,736
at:49:1327,at:49:14,17A,90,751
at:49:1327,at:49:14,19A,78,546
at:49:1327,at:49:14,N17,60,14
at:49:1327,at:49:14,N67,60,25
at:49:1327,at:49:1481,16A,60,746
at:49:1327,at:49:1481,17A,60,374
at:49:1327,at:49:1481,67A,60,231
at:49:1327,at:49:1481,67B,60,190
at:49:1327,at:49:1481,N17,30,16
at:49:1327,at:49:1481,N67,60,27
at:49:1327,at:49:2953,67A,120,230
at:49:1327,at:49:2953,67B,120,192
at:49:1327,at:49:7,19A,30,273
at:49:1328,at:49:1468,5,108,1993
at:49:1328,at:49:646,5,93,1993
at:49:1329,at:49:185,20B,60,146
at:49:1329,at:49:1961,20B,60,146
at:49:133,at:49:105,25A,60,276
at:49:133,at:49:1307,25A,60,34
at:49:133,at:49:1307,25B,60,174
at:49:133,at:49:1359,25A,60,240
at:49:133,at:49:1688,25A,69,26
at:49:133,at:49:1688,25B,60,174
at:49:133,at:49:1688,85A,60,2
at:49:1330,at:49:1500,92A,60,644
at:49:1330,at:49:1500,96A,60,73
at:49:1330,at:49:649,92A,60,642
at:49:1330,at:49:649,96A,60,74
at:49:1331,at:49:1321,77A,120,320
at:49:1331,at:49:1321,80A,129,182
at:49:1331,at:49:1339,77A,98,320
at:49:1331,at:49:1339,80A,89,180
at:49:1332,at:49:888,58A,60,362
at:49:1332,at:49:888,58B,60,362
at:49:1332,at:49:96,58A,73,626
at:49:1332,at:49:96,58B,95,622
at:49:1333,at:49:1135,32A,87,1331
at:49:1333,at:49:1567,34A,60,180
at:49:1334,at:49:1671,73B,62,844
at:49:1335,at:49:1777,32A,61,1331
at:49:1335,at:49:260,32A,62,1185
at:49:1335,at:49:860,32A,120,78
at:49:1336,at:49:648,35A,60,1320
at:49:1336,at:49:648,N35,30,32
at:49:1336,at:49:687,35A,40,1346
at:49:1336,at:49:687,N35,30,32
at:49:1337,at:49:394,92A,60,644
at:49:1337,at:49:473,92A,30,642
at:49:1339,at:49:1331,77A,98,320
at:49:1339,at:49:1331,80A,61,182
at:49:134,at:49:238,26A,95,2393
at:49:134,at:49:238,N20,120,81
at:49:1340,at:49:1181,46,89,2228
at:49:1340,at:49:1181,N46,60,72
at:49:1340,at:49:777,46,120,2228
at:49:1340,at:49:777,N46,60,72
at:49:1340,at:49:920,13A,94,2600
at:49:1340,at:49:920,N71,112,32
at:49:1341,at:49:1345,84A,60,711
at:49:1341,at:49:1345,N84,60,14
at:49:1341,at:49:1925,84A,60,714
at:49:1341,at:49:1925,N84,60,14
at:49:1342,at:49:432,67A,60,231
at:49:1342,at:49:432,67B,68,190
at:49:1342,at:49:432,N67,30,27
at:49:1342,at:49:524,67A,60,230
at:49:1342,at:49:524,67B,60,192
at:49:1342,at:49:524,N67,60,25
at:49:1343,at:49:634,38A,134,1217
at:49:1343,at:49:713,38A,143,1217
at:49:1344,at:49:1257,15A,60,1206
at:49:1344,at:49:858,15A,60,1204
at:49:1345,at:49:1341,84A,65,714
at:49:1345,at:49:1341,N84,60,14
at:49:1345,at:49:1587,84A,30,711
at:49:1345,at:49:1587,N84,30,14
at:49:1346,at:49:1173,D,106,4211
at:49:1346,at:49:1349,1,136,143
at:49:1346,at:49:1349,18,124,4671
at:49:1346,at:49:1349,62,120,407
at:49:1346,at:49:1349,O,153,1982
at:49:1346,at:49:300,1,120,153
at:49:1346,at:49:300,18,120,4653
at:49:1346,at:49:300,O,120,1927
at:49:1346,at:49:905,71,84,37
at:49:1346,at:49:905,D,107,4219
at:49:1349,at:49:120,N66,113,27
at:49:1349,at:49:1346,1,157,193
at:49:1349,at:49:1346,18,173,4671
at:49:1349,at:49:1346,62,180,407
at:49:1349,at:49:1346,O,143,1982
at:49:1349,at:49:136,18,252,24
at:49:1349,at:49:136,N66,120,27
at:49:1349,at:49:1363,69A,63,647
at:49:1349,at:49:1366,U1,109,4958
at:49:1349,at:49:145,1,70,68
at:49:1349,at:49:145,18,79,4076
at:49:1349,at:49:145,62,60,407
at:49:1349,at:49:211,1,123,75
at:49:1349,at:49:211,18,135,571
at:49:1349,at:49:211,O,135,1982
at:49:1349,at:49:666,U1,109,4946
at:49:1349,at:49:989,13A,122,3778
at:49:135,at:49:1030,37,60,862
at:49:135,at:49:438,37,60,862
at:49:1351,at:49:244,11A,180,2037
at:49:1351,at:49:491,5B,120,1321
at:49:1351,at:49:493,5B,145,1337
at:49:1352,at:49:1353,16A,40,18
at:49:1352,at:49:1353,63A,30,1066
at:49:1352,at:49:841,16A,78,20
at:49:1352,at:49:841,63A,85,1030
at:49:1353,at:49:1352,16A,60,20
at:49:1353,at:49:1352,63A,35,1030
at:49:1353,at:49:1947,63A,180,1066
at:49:1357,at:49:1159,25B,60,27
at:49:1357,at:49:1307,25A,64,34
at:49:1357,at:49:1307,25B,30,94
at:49:1357,at:49:1307,85A,120,2
at:49:1358,at:49:1349,69A,60,642
at:49:1359,at:49:133,25A,65,264
at:49:1359,at:49:1688,25A,125,96
at:49:1359,at:49:1688,25B,60,179
at:49:1359,at:49:1774,85A,660,2
at:49:136,at:49:1058,11,60,209
at:49:136,at:49:1058,18,60,348
at:49:136,at:49:1058,N66,120,27
at:49:136,at:49:1058,O,76,2107
at:49:136,at:49:1349,N66,67,27
at:49:136,at:49:211,1,93,120
at:49:136,at:49:211,18,99,612
at:49:136,at:49:211,O,100,1982
at:49:136,at:49:286,14A,60,1618
at:49:136,at:49:666,14A,123,1618
at:49:1360,at:49:1027,N23,120,28
at:49:1360,at:49:1435,86A,72,531
at:49:1360,at:49:1435,87A,128,152
at:49:1360,at:49:1595,86A,102,532
at:49:1360,at:49:1751,22A,146,1948
at:49:1360,at:49:1751,87A,121,144
at:49:1360,at:49:530,22A,63,1929
at:49:1360,at:49:530,95A,42,1493
at:49:1360,at:49:530,N23,60,28
at:49:1360,at:49:530,N24,60,32
at:49:1361,at:49:1128,56A,60,563
at:49:1361,at:49:1128,60A,60,407
at:49:1361,at:49:49,58B,60,610
at:49:1361,at:49:49,60A,60,410
at:49:1362,at:49:671,N64,60,16
at:49:1363,at:49:1405,69A,180,647
at:49:1364,at:49:394,92A,60,642
at:49:1364,at:49:650,92A,60,644
at:49:1365,at:49:1979,2A,60,136
at:49:1365,at:49:659,5A,60,392
at:49:1365,at:49:824,2A,60,136
at:49:1365,at:49:824,5A,116,392
at:49:1366,at:49:1019,N66,120,27
at:49:1366,at:49:1094,N66,60,27
at:49:1366,at:49:1349,U1,71,4946
at:49:1366,at:49:657,U1,120,4958
at:49:1368,at:49:567,99B,60,19
at:49:1369,at:49:506,1A,64,676
at:49:137,at:49:1018,12A,180,743
at:49:137,at:49:1018,14A,141,1599
at:49:137,at:49:829,13A,60,20
at:49:137,at:49:829,14A,60,19
at:49:137,at:49:829,59A,65,1701
at:49:1370,at:49:1625,17A,60,375
at:49:1370,at:49:1625,66A,60,4
at:49:1370,at:49:1625,67A,60,1
at:49:1370,at:49:1625,N67,60,27
at:49:1370,at:49:1722,17A,38,372
at:49:1370,at:49:1722,66A,60,4
at:49:1370,at:49:1722,67A,60,1
at:49:1371,at:49:986,11,95,4069
at:49:1371,at:49:987,11,62,4075
at:49:1372,at:49:1181,46,82,2228
at:49:1372,at:49:1181,N46,60,72
at:49:1372,at:49:1413,N8,120,16
at:49:1372,at:49:172,46,71,2717
at:49:1372,at:49:172,N46,60,109
at:49:1372,at:49:188,U6,70,13380
at:49:1372,at:49:615,46,210,489
at:49:1372,at:49:615,N8,60,20
at:49:1372,at:49:615,U6,71,13373
at:49:1372,at:49:644,N46,202,44
at:49:1373,at:49:1545,9A,115,579
at:49:1373,at:49:1546,9A,60,574
at:49:1374,at:49:1190,46,97,2717
at:49:1374,at:49:1190,N46,60,109
at:49:1374,at:49:602,9,94,1570
at:49:1374,at:49:704,9,60,1570
at:49:1374,at:49:783,46,83,2717
at:49:1374,at:49:783,N46,60,116
at:49:1375,at:49:753,13A,119,2608
at:49:1375,at:49:753,N71,60,32
at:49:1376,at:49:1028,63A,86,1030
at:49:1376,at:49:378,63A,60,1066
at:49:1376,at:49:378,8A,60,545
at:49:1376,at:49:542,8A,44,542
at:49:1377,at:49:1245,68A,68,434
at:49:1377,at:49:1245,68B,68,434
at:49:1377,at:49:1245,N68,60,25
at:49:1377,at:49:1414,68A,164,435
at:49:1377,at:49:1414,68B,164,437
at:49:1377,at:49:1414,N68,120,22
at:49:1378,at:49:9,24A,120,882
at:49:1378,at:49:9,89A,120,3
at:49:1378,at:49:9,N24,120,14
at:49:1378,at:49:924,24A,60,870
at:49:1378,at:49:924,89A,120,4
at:49:1378,at:49:924,N24,60,16
at:49:138,at:49:651,85A,60,806
at:49:1380,at:49:1282,89A,60,283
at:49:1380,at:49:924,89A,72,286
at:49:1382,at:49:63,47A,60,586
at:49:1383,at:49:1174,63A,87,1066
at:49:1383,at:49:1174,N62,120,24
at:49:1383,at:49:1726,N62,60,23
at:49:1383,at:49:381,63A,60,1030
at:49:1383,at:49:381,8A,60,542
at:49:1384,at:49:1189,53A,60,348
at:49:1384,at:49:1420,53A,60,354
at:49:1385,at:49:280,5A,113,567
at:49:1385,at:49:500,12,99,2105
at:49:1385,at:49:500,2,91,4541
at:49:1385,at:49:500,N29,118,74
at:49:1385,at:49:500,O,70,69
at:49:1385,at:49:578,12,105,2116
at:49:1385,at:49:578,2,83,4501
at:49:1385,at:49:578,N29,120,68
at:49:1385,at:49:578,O,88,66
at:49:1385,at:49:813,37A,60,870
at:49:1385,at:49:813,5A,60,558
at:49:1386,at:49:1122,25A,156,356
at:49:1386,at:49:785,25A,66,362
at:49:1388,at:49:1322,67A,97,230
at:49:1388,at:49:1322,67B,120,241
at:49:1388,at:49:5,67A,34,180
at:49:1388,at:49:5,67B,50,87
at:49:1388,at:49:700,67A,98,51
at:49:1388,at:49:700,67B,92,144
at:49:1389,at:49:1269,65A,60,16
at:49:139,at:49:291,44A,60,639
at:49:139,at:49:719,44A,60,639
at:49:1392,at:49:1494,1,60,5154
at:49:1392,at:49:1494,62,60,305
at:49:1392,at:49:225,1,80,5150
at:49:1392,at:49:225,62,78,305
at:49:1393,at:49:1078,11,134,5054
at:49:1393,at:49:1078,N65,60,95
at:49:1393,at:49:1078,O,144,2048
at:49:1393,at:49:1714,65A,60,464
at:49:1393,at:49:760,11,120,5062
at:49:1393,at:49:760,65A,63,464
at:49:1393,at:49:760,N65,60,103
at:49:1393,at:49:760,O,120,2048
at:49:1394,at:49:1015,U6,124,10851
at:49:1394,at:49:48,U6,70,9227
at:49:1395,at:49:1081,56A,60,4
at:49:1395,at:49:1081,58A,60,620
at:49:1395,at:49:278,56A,60,4
at:49:1395,at:49:278,58A,43,626
at:49:1396,at:49:1467,42A,60,1022
at:49:1396,at:49:711,42A,60,1027
at:49:1397,at:49:251,10A,109,1744
at:49:1397,at:49:287,38,79,343
at:49:1397,at:49:287,41,76,2426
at:49:1397,at:49:287,N41,60,56
at:49:1397,at:49:393,10A,106,1726
at:49:1397,at:49:393,38,120,343
at:49:1397,at:49:393,41,127,2426
at:49:1397,at:49:393,N41,120,56
at:49:1398,at:49:1954,29B,60,832
at:49:1398,at:49:1954,N30,60,32
at:49:1398,at:49:258,29A,60,946
at:49:1398,at:49:489,29A,80,946
at:49:1398,at:49:489,29B,77,832
at:49:1398,at:49:489,N30,60,32
at:49:1399,at:49:636,95A,59,1488
at:49:14,at:49:1327,16A,121,746
at:49:14,at:49:1327,17A,130,752
at:49:14,at:49:1327,19A,60,273
at:49:14,at:49:1327,67A,103,231
at:49:14,at:49:1327,67B,107,190
at:49:14,at:49:1327,N17,120,16
at:49:14,at:49:1327,N67,40,27
at:49:14,at:49:1481,U1,120,2626
at:49:14,at:49:3,19A,97,273
at:49:14,at:49:33,N67,180,25
at:49:14,at:49:33,U1,71,4954
at:49:140,at:49:1207,95A,62,1423
at:49:140,at:49:1551,95A,30,1482
at:49:1400,at:49:1240,52A,60,188
at:49:1400,at:49:1821,43B,124,55
at:49:1400,at:49:189,43B,53,55
at:49:1400,at:49:189,52B,58,160
at:49:1400,at:49:243,52B,76,160
at:49:1401,at:49:108,98A,87,780
at:49:1401,at:49:1645,88B,60,351
at:49:1401,at:49:1814,98A,60,796
at:49:1402,at:49:560,50B,249,196
at:49:1403,at:49:344,7A,112,707
at:49:1403,at:49:368,63A,131,1074
at:49:1403,at:49:53,63A,91,1074
at:49:1403,at:49:53,7A,89,707
at:49:1404,at:49:1517,47A,120,586
at:49:1404,at:49:161,U4,68,5207
at:49:1404,at:49:1847,N54,120,48
at:49:1404,at:49:956,U4,75,5180
at:49:1405,at:49:1016,69A,60,647
at:49:1405,at:49:1358,69A,157,642
at:49:1406,at:49:1073,72A,60,116
at:49:1406,at:49:1111,69A,60,642
at:49:1406,at:49:147,69A,57,631
at:49:1406,at:49:147,72A,52,114
at:49:1407,at:49:1091,71,143,6050
at:49:1407,at:49:1091,N71,60,87
at:49:1407,at:49:1193,N71,120,87
at:49:1407,at:49:1795,71,72,6081
at:49:1407,at:49:1795,D,60,2
at:49:1408,at:49:1528,85A,30,824
at:49:1408,at:49:1955,28A,178,388
at:49:1408,at:49:533,28A,77,378
at:49:1409,at:49:605,70A,60,219
at:49:1409,at:49:794,70A,60,218
at:49:1409,at:49:794,N17,60,21
at:49:141,at:49:17,76A,37,396
at:49:141,at:49:17,79B,47,139
at:49:141,at:49:831,76A,30,386
at:49:141,at:49:831,79A,118,55
at:49:141,at:49:831,79B,30,150
at:49:1410,at:49:685,70A,97,218
at:49:1411,at:49:600,70A,60,218
at:49:1411,at:49:600,N17,60,21
at:49:1411,at:49:794,70A,30,219
at:49:1411,at:49:794,N17,30,23
at:49:1412,at:49:870,49A,45,726
at:49:1412,at:49:870,50B,45,196
at:49:1413,at:49:1372,N8,120,18
at:49:1413,at:49:1468,18,167,4095
at:49:1413,at:49:1468,49,120,23
at:49:1413,at:49:1468,52,180,477
at:49:1413,at:49:1468,6,167,2166
at:49:1413,at:49:1468,9,120,1570
at:49:1413,at:49:1468,E3,120,708
at:49:1413,at:49:1468,N49,120,68
at:49:1413,at:49:1468,N8,120,16
at:49:1413,at:49:188,18,60,4095
at:49:1413,at:49:188,6,59,2166
at:49:1413,at:49:458,49,68,3238
at:49:1413,at:49:458,9,87,1570
at:49:1413,at:49:458,E3,91,708
at:49:1413,at:49:458,N49,60,32
at:49:1413,at:49:646,49,70,3223
at:49:1413,at:49:646,52,65,477
at:49:1413,at:49:646,N49,60,36
at:49:1414,at:49:1377,68A,120,434
at:49:1414,at:49:1377,68B,120,434
at:49:1414,at:49:1377,N68,60,25
at:49:1414,at:49:1787,68A,60,435
at:49:1414,at:49:1787,68B,60,437
at:49:1414,at:49:1787,N68,60,22
at:49:1415,at:49:1498,56A,60,549
at:49:1415,at:49:516,56A,60,577
at:49:1416,at:49:1146,50A,52,662
at:49:1416,at:49:1146,N49,30,54
at:49:1416,at:49:1501,49A,31,728
at:49:1416,at:49:1501,50A,32,656
at:49:1416,at:49:1501,N49,30,54
at:49:1417,at:49:516,56A,30,551
at:49:1417,at:49:661,60A,74,410
at:49:1417,at:49:661,N61,60,8
at:49:1417,at:49:854,56A,60,577
at:49:1417,at:49:854,60A,60,407
at:49:1417,at:49:854,N60,60,16
at:49:1417,at:49:854,N61,60,9
at:49:1418,at:49:1671,11,60,3889
at:49:1418,at:49:1671,71,60,6363
at:49:1418,at:49:1671,71E,60,20
at:49:1418,at:49:1671,N71,60,88
at:49:1418,at:49:639,11,83,3873
at:49:1418,at:49:639,71,88,6361
at:49:1418,at:49:639,73B,126,844
at:49:1419,at:49:1308,30,91,1565
at:49:1419,at:49:1308,31,94,2381
at:49:1419,at:49:1308,N31,160,24
at:49:1419,at:49:132,30,69,1565
at:49:1419,at:49:132,31,65,2381
at:49:1419,at:49:132,N31,60,21
at:49:142,at:49:1211,10A,130,1716
at:49:1420,at:49:1075,53A,60,354
at:49:1420,at:49:1384,53A,30,348
at:49:1421,at:49:1009,N81,60,27
at:49:1421,at:49:1040,N81,60,27
at:49:1422,at:49:1044,53A,60,348
at:49:1422,at:49:1044,N54,30,54
at:49:1422,at:49:330,10,78,1402
at:49:1422,at:49:549,53A,68,354
at:49:1422,at:49:558,10,92,1402
at:49:1423,at:49:890,44A,30,410
at:49:1424,at:49:1505,62,60,1887
at:49:1424,at:49:710,62,68,1887
at:49:1425,at:49:1148,18,92,4398
at:49:1425,at:49:1148,74A,120,316
at:49:1425,at:49:1486,18,97,4653
at:49:1425,at:49:1698,74A,116,1090
at:49:1425,at:49:417,74A,77,1994
at:49:1425,at:49:461,71,96,6081
at:49:1425,at:49:461,D,120,2
at:49:1425,at:49:461,N71,60,87
at:49:1425,at:49:805,71,127,5970
at:49:1425,at:49:805,N71,119,87
at:49:1426,at:49:1272,37,60,338
at:49:1426,at:49:1272,40,60,637
at:49:1426,at:49:1272,41,60,658
at:49:1426,at:49:1272,42,60,1518
at:49:1426,at:49:1272,9,60,1596
at:49:1426,at:49:149,9,107,1596
at:49:1426,at:49:1921,37,60,338
at:49:1426,at:49:1921,40,60,642
at:49:1426,at:49:1921,41,60,663
at:49:1426,at:49:1921,42,60,1518
at:49:1427,at:49:730,80A,95,1106
at:49:1428,at:49:792,48A,60,2252
at:49:1429,at:49:1567,34A,60,180
at:49:1429,at:49:537,34A,30,180
at:49:143,at:49:565,17A,60,375
at:49:143,at:49:565,N17,60,21
at:49:143,at:49:776,17A,60,374
at:49:143,at:49:776,N17,30,23
at:49:1430,at:49:1072,U2,105,5080
at:49:1430,at:49:1325,49,94,3223
at:49:1430,at:49:1325,52,61,477
at:49:1430,at:49:1325,N49,120,32
at:49:1430,at:49:1340,N46,180,18
at:49:1430,at:49:246,48A,111,2232
at:49:1430,at:49:246,49,95,3223
at:49:1430,at:49:246,52,66,477
at:49:1430,at:49:506,U3,95,6846
at:49:1430,at:49:56,U3,120,6844
at:49:1430,at:49:664,13A,117,239
at:49:1430,at:49:664,48A,71,2226
at:49:1430,at:49:664,N46,60,37
at:49:1430,at:49:835,N46,112,116
at:49:1430,at:49:835,N49,60,36
at:49:1430,at:49:835,U2,114,5103
at:49:1431,at:49:1891,5B,60,1311
at:49:1431,at:49:824,2A,60,136
at:49:1431,at:49:824,5A,60,392
at:49:1431,at:49:961,5B,30,524
at:49:1433,at:49:1040,N25,180,18
at:49:1433,at:49:1040,U1,60,4944
at:49:1433,at:49:1440,11A,135,2906
at:49:1433,at:49:1962,12,120,2064
at:49:1433,at:49:234,N25,120,16
at:49:1433,at:49:234,U1,120,4958
at:49:1433,at:49:620,11A,50,2890
at:49:1433,at:49:620,12,120,2075
at:49:1435,at:49:1360,86A,169,532
at:49:1435,at:49:1360,87A,179,144
at:49:1435,at:49:1360,95A,126,1493
at:49:1435,at:49:387,86A,57,531
at:49:1435,at:49:387,87A,60,152
at:49:1435,at:49:387,95A,60,1479
at:49:1436,at:49:209,38A,240,1485
at:49:1436,at:49:210,38A,60,1958
at:49:1437,at:49:1741,16A,30,736
at:49:1437,at:49:697,16A,60,746
at:49:1438,at:49:1014,46,88,586
at:49:1438,at:49:1014,49,81,3311
at:49:1438,at:49:1014,N49,60,86
at:49:1438,at:49:1555,47A,60,586
at:49:1438,at:49:434,47A,30,586
at:49:1438,at:49:534,46,60,586
at:49:1438,at:49:534,49,60,3302
at:49:1438,at:49:534,N49,60,100
at:49:1439,at:49:1188,48A,60,2400
at:49:1439,at:49:1188,N46,60,63
at:49:1439,at:49:1691,48A,60,2407
at:49:1439,at:49:1691,N46,60,73
at:49:144,at:49:474,10A,84,1744
at:49:1440,at:49:1002,11A,85,2922
at:49:1440,at:49:1433,11A,126,2890
at:49:1441,at:49:1095,68A,120,435
at:49:1441,at:49:1095,68B,120,437
at:49:1441,at:49:272,68A,60,434
at:49:1441,at:49:272,68B,60,434
at:49:1441,at:49:272,N68,30,25
at:49:1443,at:49:1077,5,112,1977
at:49:1443,at:49:1077,O,60,4
at:49:1443,at:49:1444,12,101,2059
at:49:1443,at:49:1444,31,93,29
at:49:1443,at:49:1444,5,69,2011
at:49:1443,at:49:1444,O,120,1
at:49:1443,at:49:170,12,110,2055
at:49:1443,at:49:170,5,88,58
at:49:1443,at:49:170,5B,60,1295
at:49:1443,at:49:170,N31,60,27
at:49:1443,at:49:380,5B,60,1311
at:49:1443,at:49:380,N31,60,27
at:49:1444,at:49:1443,12,70,2055
at:49:1444,at:49:1443,31,89,21
at:49:1444,at:49:1443,5,69,2035
at:49:1444,at:49:1443,O,120,4
at:49:1444,at:49:357,12,109,2059
at:49:1444,at:49:357,31,120,18
at:49:1444,at:49:357,5,110,1988
at:49:1444,at:49:380,2,116,33
at:49:1444,at:49:380,31,93,2571
at:49:1444,at:49:389,31,87,2618
at:49:1444,at:49:389,5,60,23
at:49:1444,at:49:389,O,60,1
at:49:1445,at:49:158,44A,60,639
at:49:1445,at:49:291,44A,60,639
at:49:1446,at:49:1210,9,30,1206
at:49:1447,at:49:1485,20A,60,793
at:49:1447,at:49:364,20A,60,808
at:49:1448,at:49:1093,89A,120,279
at:49:1448,at:49:503,89A,60,283
at:49:1449,at:49:1077,5A,74,559
at:49:1449,at:49:654,5A,60,558
at:49:145,at:49:1349,1,93,73
at:49:145,at:49:1349,18,71,4059
at:49:145,at:49:1349,62,71,407
at:49:145,at:49:689,1,80,68
at:49:145,at:49:689,18,88,4076
at:49:145,at:49:689,62,81,407
at:49:1450,at:49:110,74A,69,1994
at:49:1450,at:49:1104,4A,60,1107
at:49:1450,at:49:1104,74A,71,1994
at:49:1450,at:49:1548,4A,60,1106
at:49:1451,at:49:1859,29B,30,853
at:49:1451,at:49:1859,N25,30,16
at:49:1451,at:49:1956,29B,60,837
at:49:1453,at:49:539,62,91,1860
at:49:1453,at:49:539,N62,60,24
at:49:1453,at:49:96,62,92,1860
at:49:1453,at:49:96,N62,60,23
at:49:1455,at:49:767,99A,120,215
at:49:1455,at:49:939,99A,60,219
at:49:1456,at:49:1538,17A,60,374
at:49:1456,at:49:1538,N17,30,23
at:49:1456,at:49:524,17A,120,375
at:49:1456,at:49:524,N17,60,21
at:49:1457,at:49:1476,76B,60,420
at:49:1457,at:49:1478,76B,68,426
at:49:1459,at:49:545,57A,116,1735
at:49:146,at:49:1487,76A,60,396
at:49:146,at:49:1487,76B,60,426
at:49:146,at:49:464,76A,60,386
at:49:146,at:49:464,76B,60,420
at:49:1460,at:49:1193,1,101,846
at:49:1460,at:49:1193,2,107,4003
at:49:1460,at:49:1193,71,98,8
at:49:1460,at:49:1193,D,127,869
at:49:1460,at:49:245,1,98,844
at:49:1460,at:49:245,2,90,4018
at:49:1460,at:49:245,D,78,864
at:49:1461,at:49:101,38,70,343
at:49:1461,at:49:101,40,81,1614
at:49:1461,at:49:101,41,92,1731
at:49:1461,at:49:101,41E,104,480
at:49:1461,at:49:101,N41,60,60
at:49:1461,at:49:393,38,120,343
at:49:1461,at:49:393,40,120,1619
at:49:1461,at:49:393,41,120,1736
at:49:1461,at:49:393,41E,60,480
at:49:1461,at:49:393,N41,60,56
at:49:1462,at:49:1509,35A,72,1289
at:49:1462,at:49:1509,37A,116,154
at:49:1462,at:49:1509,N35,60,34
at:49:1463,at:49:1488,69A,43,642
at:49:1463,at:49:1520,11,71,3882
at:49:1463,at:49:1520,71,73,6429
at:49:1463,at:49:1520,71E,120,22
at:49:1463,at:49:314,11,156,3898
at:49:1463,at:49:314,71,153,6431
at:49:1463,at:49:314,71E,180,20
at:49:1463,at:49:314,N71,60,98
at:49:1463,at:49:332,69A,111,631
at:49:1463,at:49:332,N71,60,86
at:49:1464,at:49:381,63A,47,1066
at:49:1464,at:49:381,8A,51,545
at:49:1464,at:49:543,63A,60,1030
at:49:1464,at:49:543,8A,60,542
at:49:1465,at:49:553,19A,60,546
at:49:1466,at:49:233,10,66,1402
at:49:1466,at:49:330,10,60,1402
at:49:1466,at:49:330,N54,30,54
at:49:1467,at:49:1155,42A,41,794
at:49:1467,at:49:1396,42A,60,1027
at:49:1468,at:49:1200,U3,83,4056
at:49:1468,at:49:1306,N54,120,54
at:49:1468,at:49:1413,18,195,4095
at:49:1468,at:49:1413,49,180,14
at:49:1468,at:49:1413,52,180,477
at:49:1468,at:49:1413,6,182,2166
at:49:1468,at:49:1413,9,102,1570
at:49:1468,at:49:1413,E3,120,708
at:49:1468,at:49:1413,N49,152,68
at:49:1468,at:49:1413,N8,120,18
at:49:1468,at:49:1493,18,445,29
at:49:1468,at:49:1530,U3,81,6846
at:49:1468,at:49:1566,18,60,108
at:49:1468,at:49:1566,49,60,23
at:49:1468,at:49:1566,5,60,103
at:49:1468,at:49:1566,52,77,1694
at:49:1468,at:49:1566,60,60,1242
at:49:1468,at:49:1566,9,60,55
at:49:1468,at:49:1566,E3,60,16
at:49:1468,at:49:188,U6,79,13373
at:49:1468,at:49:436,N6,120,54
at:49:1468,at:49:436,N8,120,16
at:49:1468,at:49:436,U6,76,13380
at:49:1468,at:49:643,5,128,1993
at:49:1468,at:49:833,18,72,4066
at:49:1468,at:49:833,6,73,2166
at:49:1469,at:49:470,59A,100,1739
at:49:1469,at:49:77,59A,120,1701
at:49:147,at:49:1406,69A,60,642
at:49:147,at:49:1406,72A,55,116
at:49:147,at:49:1756,69A,81,631
at:49:147,at:49:1756,72A,120,114
at:49:1470,at:49:1667,12,60,211
at:49:1470,at:49:1667,2,60,250
at:49:1470,at:49:1667,30,60,1
at:49:1470,at:49:1667,31,90,2668
at:49:1470,at:49:1667,5,60,25
at:49:1470,at:49:1667,5B,103,1337
at:49:1470,at:49:1667,O,60,66
at:49:1470,at:49:389,2,118,33
at:49:1470,at:49:389,31,84,2610
at:49:1470,at:49:389,5,77,47
at:49:1470,at:49:389,O,120,4
at:49:1470,at:49:692,5B,60,1321
at:49:1471,at:49:1104,74A,60,1994
at:49:1471,at:49:1104,N75,60,18
at:49:1471,at:49:743,74A,118,1994
at:49:1471,at:49:743,N75,120,16
at:49:1472,at:49:167,73B,60,844
at:49:1472,at:49:638,71E,60,22
at:49:1472,at:49:638,73B,60,844
at:49:1472,at:49:638,N71,60,98
at:49:1473,at:49:749,86A,114,532
at:49:1473,at:49:749,87A,119,144
at:49:1474,at:49:1095,14A,86,1618
at:49:1475,at:49:410,54A,60,148
at:49:1475,at:49:744,54A,60,147
at:49:1476,at:49:1457,76B,112,426
at:49:1476,at:49:463,76B,121,420
at:49:1477,at:49:1015,62,138,1860
at:49:1477,at:49:1160,62A,72,676
at:49:1477,at:49:1160,7A,70,707
at:49:1477,at:49:1160,N62,60,18
at:49:1477,at:49:1160,N8,120,16
at:49:1477,at:49:1276,62,117,1860
at:49:1477,at:49:1276,62A,120,669
at:49:1477,at:49:1276,N8,60,16
at:49:1477,at:49:1508,7A,111,707
at:49:1477,at:49:1508,N62,99,23
at:49:1477,at:49:1726,N62,60,8
at:49:1478,at:49:1457,76B,107,420
at:49:1478,at:49:745,73A,58,604
at:49:1478,at:49:745,79A,30,330
at:49:1478,at:49:745,79B,30,127
at:49:1478,at:49:87,76B,30,426
at:49:1478,at:49:87,79A,30,324
at:49:1478,at:49:87,79B,30,127
at:49:1479,at:49:1230,66A,80,1399
at:49:1479,at:49:1230,N66,60,72
at:49:1479,at:49:1265,17A,60,376
at:49:1479,at:49:365,17A,60,6
at:49:1479,at:49:971,17A,156,372
at:49:1479,at:49:971,66A,117,1395
at:49:1479,at:49:971,N66,120,69
at:49:148,at:49:1558,5,99,1673
at:49:148,at:49:19,5,70,1673
at:49:148,at:49:615,1,105,4
at:49:148,at:49:615,12,103,1746
at:49:148,at:49:615,2,95,4313
at:49:1480,at:49:1140,11,60,5062
at:49:1480,at:49:1140,N65,40,98
at:49:1480,at:49:365,11,60,5054
at:49:1480,at:49:365,N65,60,96
at:49:1481,at:49:1327,16A,60,736
at:49:1481,at:49:1327,17A,60,375
at:49:1481,at:49:1327,67A,60,230
at:49:1481,at:49:1327,67B,60,192
at:49:1481,at:49:1327,N17,60,14
at:49:1481,at:49:1327,N67,60,25
at:49:1481,at:49:14,U1,120,2663
at:49:1481,at:49:524,16A,129,746
at:49:1481,at:49:524,17A,60,374
at:49:1481,at:49:524,67A,60,231
at:49:1481,at:49:524,67B,60,190
at:49:1481,at:49:524,N17,60,16
at:49:1481,at:49:524,N67,60,27
at:49:1481,at:49:949,U1,73,2626
at:49:1482,at:49:1146,50A,60,656
at:49:1482,at:49:1146,N49,60,54
at:49:1482,at:49:1855,50A,60,662
at:49:1482,at:49:1855,N49,60,54
at:49:1483,at:49:2004,N49,180,54
at:49:1483,at:49:323,50B,58,196
at:49:1484,at:49:1590,88B,60,351
at:49:1484,at:49:1708,88B,60,351
at:49:1485,at:49:1447,20A,59,808
at:49:1485,at:49:1961,20A,30,789
at:49:1485,at:49:31,20A,300,2
at:49:1485,at:49:641,20A,300,2
at:49:1486,at:49:1425,18,120,4653
at:49:1486,at:49:400,18,91,4653
at:49:1487,at:49:146,76A,60,386
at:49:1487,at:49:146,76B,60,420
at:49:1487,at:49:463,76A,70,396
at:49:1487,at:49:463,76B,68,426
at:49:1488,at:49:1045,69A,60,642
at:49:1488,at:49:1463,69A,60,631
at:49:1489,at:49:1303,N46,74,125
at:49:1489,at:49:597,10,102,1392
at:49:1489,at:49:597,44,108,40
at:49:1489,at:49:597,46,107,2717
at:49:1489,at:49:597,48A,60,2400
at:49:1489,at:49:597,N46,61,109
at:49:1489,at:49:840,10,100,1392
at:49:1489,at:49:840,44,84,40
at:49:1489,at:49:840,46,91,2717
at:49:1489,at:49:981,48A,97,2447
at:49:149,at:49:1426,9,86,1596
at:49:149,at:49:276,9,78,1596
at:49:1490,at:49:1136,12,60,101
at:49:1490,at:49:1136,2,67,4491
at:49:1490,at:49:262,10A,62,1824
at:49:1490,at:49:669,10A,67,1807
at:49:1490,at:49:861,12,84,101
at:49:1490,at:49:861,2,101,4486
at:49:1491,at:49:1195,65A,60,16
at:49:1491,at:49:1195,66A,86,1399
at:49:1491,at:49:1195,67B,61,241
at:49:1491,at:49:1195,N66,60,69
at:49:1492,at:49:1105,60A,94,410
at:49:1492,at:49:1105,N60,60,32
at:49:1492,at:49:1105,N61,60,24
at:49:1492,at:49:1656,60A,60,407
at:49:1492,at:49:1656,N61,60,27
at:49:1493,at:49:1005,46,104,15
at:49:1493,at:49:1005,49,90,162
at:49:1493,at:49:1005,52,91,1732
at:49:1493,at:49:1005,60,82,1247
at:49:1494,at:49:1312,1,68,5154
at:49:1494,at:49:1312,62,60,305
at:49:1494,at:49:1392,1,60,5150
at:49:1494,at:49:1392,62,60,305
at:49:1495,at:49:102,26,79,817
at:49:1495,at:49:102,27,73,2506
at:49:1495,at:49:102,N20,60,90
at:49:1495,at:49:548,26,111,817
at:49:1495,at:49:548,27,98,2506
at:49:1495,at:49:548,N20,60,88
at:49:1496,at:49:207,79A,55,440
at:49:1496,at:49:207,79B,30,23
at:49:1496,at:49:512,79A,58,391
at:49:1496,at:49:512,79B,40,12
at:49:1497,at:49:1071,1,96,5392
at:49:1497,at:49:1071,4A,100,1066
at:49:1497,at:49:1071,N29,60,72
at:49:1497,at:49:359,80A,127,960
at:49:1497,at:49:486,1,120,5357
at:49:1497,at:49:609,80A,60,1108
at:49:1497,at:49:821,80A,439,146
at:49:1498,at:49:1415,56A,60,573
at:49:1498,at:49:242,56A,51,549
at:49:1499,at:49:1319,64A,120,279
at:49:1499,at:49:1319,64B,120,29
at:49:1499,at:49:1319,66A,89,1399
at:49:1499,at:49:1319,67B,180,231
at:49:1499,at:49:1319,N64,60,16
at:49:1499,at:49:1319,N66,100,72
at:49:1499,at:49:1319,N8,120,16
at:49:1499,at:49:285,U6,110,13070
at:49:1499,at:49:48,U6,120,13321
at:49:1499,at:49:898,60A,76,409
at:49:1499,at:49:898,64A,60,280
at:49:1499,at:49:898,66A,70,1383
at:49:1499,at:49:898,N66,60,63
at:49:15,at:49:1589,76A,66,386
at:49:15,at:49:18,76B,60,420
at:49:15,at:49:825,76A,60,170
at:49:15,at:49:825,76B,60,133
at:49:150,at:49:1007,61A,115,264
at:49:150,at:49:1007,64A,117,175
at:49:150,at:49:1007,N64,60,16
at:49:150,at:49:1606,61A,60,253
at:49:150,at:49:1730,64A,60,280
at:49:150,at:49:1730,N64,60,16
at:49:1500,at:49:1330,92A,60,642
at:49:1500,at:49:1330,96A,60,74
at:49:1500,at:49:473,92A,60,644
at:49:1500,at:49:473,96A,80,73
at:49:1501,at:49:1412,49A,61,429
at:49:1501,at:49:1412,50B,60,116
at:49:1501,at:49:1416,50A,66,662
at:49:1501,at:49:1416,N49,60,54
at:49:1501,at:49:184,49A,60,728
at:49:1501,at:49:184,50A,60,656
at:49:1501,at:49:184,N49,60,54
at:49:1502,at:49:1113,99B,30,219
at:49:1502,at:49:1534,99B,60,215
at:49:1504,at:49:1109,53A,60,356
at:49:1504,at:49:1109,54A,60,148
at:49:1504,at:49:1109,54B,60,147
at:49:1504,at:49:1201,53A,60,360
at:49:1504,at:49:66,54A,124,147
at:49:1504,at:49:66,54B,120,146
at:49:1504,at:49:956,N54,120,54
at:49:1505,at:49:1075,53A,52,348
at:49:1505,at:49:1424,62,54,1887
at:49:1505,at:49:410,53A,60,354
at:49:1506,at:49:1196,34A,60,489
at:49:1506,at:49:1302,34A,30,180
at:49:1507,at:49:1633,92A,43,642
at:49:1507,at:49:1788,92A,60,644
at:49:1508,at:49:1160,15A,60,1230
at:49:1508,at:49:1477,7A,88,707
at:49:1508,at:49:1477,N62,60,27
at:49:1508,at:49:264,15A,53,1230
at:49:1508,at:49:264,7A,52,707
at:49:1508,at:49:264,N62,30,23
at:49:1509,at:49:215,37A,63,154
at:49:1509,at:49:215,40A,102,1090
at:49:1509,at:49:448,37A,118,156
at:49:1509,at:49:448,40A,76,1084
at:49:1509,at:49:474,35A,81,1289
at:49:1509,at:49:474,N35,60,34
at:49:1510,at:49:1288,40,135,2164
at:49:1510,at:49:1288,41,147,2278
at:49:1510,at:49:1288,42,158,1459
at:49:1510,at:49:1288,N41,60,50
at:49:1510,at:49:1323,37,60,338
at:49:1510,at:49:1323,38,60,343
at:49:1510,at:49:1323,40,78,92
at:49:1510,at:49:1323,40A,71,1090
at:49:1510,at:49:1323,41,78,116
at:49:1510,at:49:1323,42,91,59
at:49:1510,at:49:29,40A,172,1058
at:49:1510,at:49:29,N41,117,18
at:49:1510,at:49:732,38,74,343
at:49:1510,at:49:732,40,76,1619
at:49:1510,at:49:732,41,84,1736
at:49:1510,at:49:732,41E,159,480
at:49:1510,at:49:732,N41,75,56
at:49:1510,at:49:874,37,180,338
at:49:1510,at:49:874,40,119,637
at:49:1510,at:49:874,41,119,658
at:49:1510,at:49:874,42,119,1518
at:49:1510,at:49:874,N8,60,22
at:49:1510,at:49:874,U6,77,13007
at:49:1510,at:49:950,N8,180,20
at:49:1510,at:49:950,U6,79,12740
at:49:1511,at:49:1666,37A,30,864
at:49:1511,at:49:229,37A,60,870
at:49:1512,at:49:1247,92A,64,642
at:49:1513,at:49:1196,34A,30,499
at:49:1513,at:49:872,34A,46,489
at:49:1514,at:49:444,N65,116,17
at:49:1514,at:49:782,16A,30,760
at:49:1514,at:49:913,16A,60,732
at:49:1516,at:49:1690,29A,60,946
at:49:1516,at:49:258,29A,60,946
at:49:1517,at:49:1014,47A,67,586
at:49:1517,at:49:434,46,60,15
at:49:1517,at:49:434,49,60,162
at:49:1517,at:49:434,52,60,1771
at:49:1517,at:49:434,60,60,21
at:49:1517,at:49:442,46,60,15
at:49:1517,at:49:442,49,60,153
at:49:1517,at:49:442,52,60,1771
at:49:1517,at:49:442,60,60,21
at:49:1519,at:49:1828,71B,30,30
at:49:1520,at:49:1463,11,82,3898
at:49:1520,at:49:1463,71,84,6431
at:49:1520,at:49:1463,71E,120,20
at:49:1520,at:49:1521,11,98,3882
at:49:1520,at:49:1521,71,87,6429
at:49:1520,at:49:1521,71E,120,22
at:49:1520,at:49:1844,ZF,60,32
at:49:1521,at:49:1520,11,98,3898
at:49:1521,at:49:1520,71,96,6431
at:49:1521,at:49:1520,71E,180,20
at:49:1521,at:49:1522,11,120,3882
at:49:1521,at:49:1522,71,120,6429
at:49:1521,at:49:1522,71E,120,22
at:49:1521,at:49:1522,ZF,120,32
at:49:1522,at:49:1521,11,72,3898
at:49:1522,at:49:1521,71,72,6431
at:49:1522,at:49:1521,71E,60,20
at:49:1522,at:49:1523,11,75,3873
at:49:1522,at:49:1523,71,79,6301
at:49:1522,at:49:1523,71A,60,376
at:49:1522,at:49:1523,71B,60,30
at:49:1522,at:49:1525,71,140,100
at:49:1522,at:49:167,71E,30,22
at:49:1522,at:49:167,73B,61,844
at:49:1522,at:49:1823,ZF,60,32
at:49:1523,at:49:1522,11,60,3889
at:49:1523,at:49:1522,71,60,6403
at:49:1523,at:49:1522,71A,60,386
at:49:1523,at:49:1522,71B,60,30
at:49:1523,at:49:1522,71E,60,20
at:49:1523,at:49:1669,11,60,3873
at:49:1523,at:49:1669,71,60,6361
at:49:1523,at:49:167,N71,60,88
at:49:1523,at:49:1699,71A,30,376
at:49:1523,at:49:1699,71B,30,30
at:49:1524,at:49:1552,16A,60,736
at:49:1524,at:49:582,16A,60,746
at:49:1525,at:49:1523,71,148,100
at:49:1525,at:49:1699,71A,32,386
at:49:1525,at:49:1699,71B,60,30
at:49:1525,at:49:1699,71E,30,20
at:49:1525,at:49:1699,N71,55,88
at:49:1525,at:49:294,71A,87,376
at:49:1525,at:49:294,71B,60,30
at:49:1526,at:49:1272,37,60,338
at:49:1526,at:49:1272,40,60,642
at:49:1526,at:49:1272,41,60,663
at:49:1526,at:49:1272,9,60,1206
at:49:1526,at:49:217,42A,30,2049
at:49:1526,at:49:393,37,145,338
at:49:1526,at:49:393,40,159,637
at:49:1526,at:49:393,41,154,658
at:49:1526,at:49:393,9,145,1107
at:49:1527,at:49:1279,24A,60,1168
at:49:1527,at:49:1279,85A,60,4
at:49:1527,at:49:1279,N24,60,42
at:49:1527,at:49:164,24A,30,1166
at:49:1527,at:49:164,N24,60,16
at:49:1527,at:49:1878,85A,30,811
at:49:1528,at:49:1527,85A,58,824
at:49:1529,at:49:768,13A,88,3776
at:49:1529,at:49:829,13A,120,3624
at:49:1529,at:49:829,N71,60,48
at:49:1529,at:49:830,13A,60,20
at:49:1529,at:49:830,59A,77,1618
at:49:153,at:49:1010,40A,68,1138
at:49:1530,at:49:1468,U3,105,6844
at:49:1530,at:49:56,U3,60,6846
at:49:1531,at:49:920,48A,60,2252
at:49:1531,at:49:920,N46,60,44
at:49:1532,at:49:1372,N46,175,37
at:49:1532,at:49:645,48A,70,2246
at:49:1533,at:49:1088,49,89,3223
at:49:1533,at:49:1088,52,66,477
at:49:1533,at:49:1088,N49,60,36
at:49:1533,at:49:646,49,93,3223
at:49:1533,at:49:646,52,119,477
at:49:1533,at:49:646,N49,60,32
at:49:1534,at:49:1368,99B,100,3
at:49:1534,at:49:1502,99B,60,216
at:49:1534,at:49:939,99B,60,215
at:49:1535,at:49:1692,76A,60,396
at:49:1535,at:49:17,76A,60,386
at:49:1535,at:49:17,79A,60,324
at:49:1535,at:49:17,79B,60,23
at:49:1535,at:49:1854,73A,65,612
at:49:1535,at:49:354,79A,117,275
at:49:1535,at:49:354,79B,80,12
at:49:1536,at:49:1580,79B,76,139
at:49:1536,at:49:499,79A,58,55
at:49:1536,at:49:499,79B,111,150
at:49:1537,at:49:299,26A,120,2393
at:49:1537,at:49:476,26A,64,2393
at:49:1538,at:49:1456,17A,60,375
at:49:1538,at:49:1456,N17,60,21
at:49:1538,at:49:1721,17A,46,374
at:49:1538,at:49:1721,N17,60,23
at:49:1539,at:49:1739,24A,84,1166
at:49:1539,at:49:1739,N24,60,16
at:49:1539,at:49:839,24A,60,1168
at:49:1539,at:49:839,N24,60,42
at:49:1540,at:49:24,32A,60,1267
at:49:1540,at:49:249,32A,55,1364
at:49:1541,at:49:1314,30A,30,678
at:49:1541,at:49:1314,32A,55,1291
at:49:1541,at:49:598,30A,30,682
at:49:1541,at:49:598,32A,32,1331
at:49:1542,at:49:1543,92B,62,472
at:49:1543,at:49:1542,92B,60,472
at:49:1543,at:49:954,92B,60,472
at:49:1544,at:49:797,34A,60,829
at:49:1544,at:49:872,34A,60,499
at:49:1545,at:49:865,9A,85,579
at:49:1546,at:49:1126,7A,92,725
at:49:1546,at:49:1373,9A,60,579
at:49:1546,at:49:32,9A,60,574
at:49:1546,at:49:542,7A,72,713
at:49:1548,at:49:1450,4A,102,1107
at:49:1548,at:49:929,4A,81,1106
at:49:1549,at:49:1568,80A,117,707
at:49:155,at:49:1050,25A,73,158
at:49:155,at:49:1050,N25,60,18
at:49:155,at:49:1657,N25,60,18
at:49:155,at:49:1860,25A,180,362
at:49:155,at:49:822,25A,46,198
at:49:1550,at:49:45,56A,121,336
at:49:1550,at:49:45,56B,121,322
at:49:1550,at:49:45,58A,120,362
at:49:1550,at:49:45,58B,123,362
at:49:1550,at:49:888,56A,78,350
at:49:1550,at:49:888,56B,74,323
at:49:1550,at:49:888,58A,110,626
at:49:1550,at:49:888,58B,110,622
at:49:1551,at:49:140,95A,60,1423
at:49:1551,at:49:967,95A,57,1482
at:49:1552,at:49:1524,16A,60,746
at:49:1552,at:49:349,16A,30,736
at:49:1553,at:49:1556,67B,60,144
at:49:1553,at:49:1581,67B,60,147
at:49:1554,at:49:1186,30,90,1565
at:49:1554,at:49:1186,31,89,2381
at:49:1554,at:49:1186,N31,40,21
at:49:1554,at:49:176,30,82,1565
at:49:1554,at:49:176,31,85,2381
at:49:1554,at:49:176,N31,60,24
at:49:1555,at:49:114,47A,60,586
at:49:1555,at:49:1438,47A,113,586
at:49:1556,at:49:1553,67B,60,147
at:49:1556,at:49:1869,67B,79,144
at:49:1558,at:49:1372,46,90,489
at:49:1558,at:49:148,5,89,1673
at:49:1558,at:49:615,5,120,320
at:49:1558,at:49:645,5,80,1993
at:49:1559,at:49:1072,2,91,4326
at:49:1559,at:49:1340,13A,93,2600
at:49:1559,at:49:1340,N71,68,32
at:49:1559,at:49:19,1,75,4
at:49:1559,at:49:19,2,92,4313
at:49:156,at:49:1853,51A,120,139
at:49:156,at:49:187,51A,60,1008
at:49:156,at:49:187,51B,60,323
at:49:156,at:49:54,51A,92,869
at:49:156,at:49:54,51B,60,320
at:49:1560,at:49:1012,16A,106,736
at:49:1560,at:49:986,16A,67,746
at:49:1561,at:49:520,51A,142,1008
at:49:1561,at:49:520,51B,148,323
at:49:1561,at:49:55,51A,96,1008
at:49:1561,at:49:55,51B,83,320
at:49:1562,at:49:1311,49A,30,726
at:49:1562,at:49:1311,50B,30,196
at:49:1562,at:49:887,49A,60,728
at:49:1566,at:49:1306,18,60,108
at:49:1566,at:49:1306,49,60,23
at:49:1566,at:49:1306,5,60,103
at:49:1566,at:49:1306,52,60,1694
at:49:1566,at:49:1306,60,60,1242
at:49:1566,at:49:1306,9,60,55
at:49:1566,at:49:1306,E3,60,16
at:49:1566,at:49:1468,18,60,137
at:49:1566,at:49:1468,49,60,14
at:49:1566,at:49:1468,5,60,103
at:49:1566,at:49:1468,52,68,1694
at:49:1566,at:49:1468,60,60,1242
at:49:1566,at:49:1468,9,60,55
at:49:1566,at:49:1468,E3,60,16
at:49:1567,at:49:1333,34A,58,180
at:49:1567,at:49:1429,34A,61,180
at:49:1568,at:49:1296,18,90,661
at:49:1568,at:49:1296,77A,85,524
at:49:1568,at:49:821,18,120,661
at:49:1568,at:49:821,77A,120,519
at:49:1568,at:49:821,80A,123,707
at:49:157,at:49:1320,1A,60,676
at:49:157,at:49:1320,2A,60,717
at:49:157,at:49:1320,3A,60,644
at:49:1570,at:49:1510,37,180,328
at:49:1570,at:49:1510,38,180,333
at:49:1571,at:49:1287,N62,99,23
at:49:1571,at:49:1760,65A,30,464
at:49:1571,at:49:1760,7B,30,144
at:49:1571,at:49:30,15A,72,1230
at:49:1571,at:49:30,65A,65,464
at:49:1571,at:49:53,15A,71,1230
at:49:1571,at:49:53,N62,60,27
at:49:1572,at:49:1715,65A,43,464
at:49:1572,at:49:447,65A,120,464
at:49:1573,at:49:1095,65A,120,464
at:49:1573,at:49:1095,66A,158,1415
at:49:1573,at:49:1095,N66,120,42
at:49:1573,at:49:1095,N67,120,9
at:49:1573,at:49:1095,U1,60,4954
at:49:1573,at:49:33,N67,180,9
at:49:1573,at:49:33,U1,71,4946
at:49:1574,at:49:1575,72A,60,31
at:49:1575,at:49:1576,72A,45,31
at:49:1576,at:49:1577,72A,60,31
at:49:1577,at:49:1578,72A,30,31
at:49:1578,at:49:1162,72A,60,31
at:49:1579,at:49:256,72A,112,112
at:49:1579,at:49:652,72A,60,116
at:49:158,at:49:1445,44A,95,639
at:49:158,at:49:515,44A,60,639
at:49:1580,at:49:1536,79A,60,55
at:49:1580,at:49:1536,79B,60,150
at:49:1580,at:49:831,79B,87,139
at:49:1581,at:49:1098,67B,60,147
at:49:1581,at:49:1553,67B,60,144
at:49:1583,at:49:1199,18,600,26
at:49:1583,at:49:1296,18,108,661
at:49:1583,at:49:1296,77A,81,519
at:49:1583,at:49:1894,18,92,597
at:49:1583,at:49:1894,77A,93,427
at:49:1585,at:49:1254,25A,30,266
at:49:1585,at:49:1716,25A,65,362
at:49:1586,at:49:1054,66A,106,1399
at:49:1586,at:49:1054,67B,114,241
at:49:1586,at:49:1054,N66,78,69
at:49:1586,at:49:1322,66A,69,1399
at:49:1586,at:49:1322,67B,60,231
at:49:1586,at:49:1322,N66,60,72
at:49:1587,at:49:1345,84A,60,714
at:49:1587,at:49:1345,N84,60,14
at:49:1587,at:49:942,84A,120,711
at:49:1587,at:49:942,N84,120,14
at:49:1588,at:49:1589,76A,60,396
at:49:1588,at:49:1692,76A,71,386
at:49:1589,at:49:15,76A,120,396
at:49:1589,at:49:1588,76A,60,386
at:49:159,at:49:1324,57A,92,1735
at:49:159,at:49:545,57A,60,1735
at:49:1590,at:49:1484,88B,120,351
at:49:1590,at:49:900,88B,60,351
at:49:1592,at:49:1594,71B,60,30
at:49:1592,at:49:1599,71B,120,30
at:49:1594,at:49:1592,71B,60,30
at:49:1594,at:49:1780,71B,120,30
at:49:1595,at:49:1360,86A,60,531
at:49:1595,at:49:1596,86A,54,532
at:49:1595,at:49:1786,25,89,508
at:49:1595,at:49:1786,26,74,1634
at:49:1595,at:49:1786,27,69,1659
at:49:1595,at:49:966,25,60,508
at:49:1595,at:49:966,26,60,1634
at:49:1595,at:49:966,27,60,1659
at:49:1596,at:49:1595,86A,60,531
at:49:1596,at:49:1597,86A,30,532
at:49:1597,at:49:1596,86A,49,531
at:49:1597,at:49:1810,86A,53,532
at:49:1598,at:49:1060,1,112,157
at:49:1598,at:49:1060,18,115,11
at:49:1598,at:49:1060,6,112,2189
at:49:1598,at:49:1060,N6,60,27
at:49:1598,at:49:914,1,78,222
at:49:1598,at:49:914,18,80,21
at:49:1598,at:49:914,6,81,2189
at:49:1598,at:49:914,N6,60,27
at:49:1599,at:49:1592,71B,120,30
at:49:1599,at:49:1685,71B,60,30
at:49:16,at:49:825,76A,60,126
at:49:16,at:49:825,76B,60,184
at:49:160,at:49:1260,11,60,3918
at:49:160,at:49:1260,71,60,6007
at:49:160,at:49:1260,D,60,249
at:49:160,at:49:425,11,88,3918
at:49:160,at:49:425,71,100,6001
at:49:160,at:49:425,D,85,249
at:49:1602,at:49:248,56A,60,573
at:49:1602,at:49:248,56B,60,633
at:49:1602,at:49:248,N62,60,16
at:49:1602,at:49:504,56A,60,549
at:49:1602,at:49:504,56B,60,643
at:49:1602,at:49:504,N62,60,16
at:49:1603,at:49:1604,61A,30,253
at:49:1603,at:49:350,61A,60,264
at:49:1604,at:49:1007,61A,60,253
at:49:1604,at:49:1603,61A,60,264
at:49:1605,at:49:1606,61A,60,264
at:49:1605,at:49:1607,61A,60,253
at:49:1606,at:49:150,61A,30,264
at:49:1606,at:49:1605,61A,60,253
at:49:1607,at:49:1620,61A,119,253
at:49:1609,at:49:1605,61A,60,264
at:49:161,at:49:1404,U4,105,5180
at:49:161,at:49:520,U4,60,5207
at:49:1610,at:49:316,92B,96,10
at:49:1610,at:49:809,92B,60,26
at:49:1612,at:49:1613,47B,60,308
at:49:1613,at:49:107,46,79,601
at:49:1613,at:49:107,49,70,3464
at:49:1613,at:49:1789,47B,60,189
at:49:1613,at:49:1790,47B,60,119
at:49:1613,at:49:1790,N49,60,100
at:49:1613,at:49:358,46,93,601
at:49:1613,at:49:358,49,81,3464
at:49:1613,at:49:358,N49,60,86
at:49:1614,at:49:1615,47B,60,308
at:49:1615,at:49:1616,47B,60,308
at:49:1615,at:49:1617,47B,60,308
at:49:1616,at:49:1615,47B,61,308
at:49:1617,at:49:1116,47B,60,308
at:49:1619,at:49:1279,85A,60,4
at:49:162,at:49:111,33A,30,184
at:49:1620,at:43:5133,61A,120,253
at:49:1620,at:49:1609,61A,60,264
at:49:1621,at:49:128,30A,79,682
at:49:1621,at:49:128,32A,78,1267
at:49:1621,at:49:1622,30A,60,678
at:49:1621,at:49:388,32A,83,1364
at:49:1622,at:49:1621,30A,98,682
at:49:1622,at:49:1623,30A,83,678
at:49:1623,at:49:1622,30A,60,682
at:49:1623,at:49:1628,30A,58,678
at:49:1624,at:49:1628,30A,60,682
at:49:1624,at:49:352,30A,60,678
at:49:1625,at:49:1626,17A,60,372
at:49:1625,at:49:1626,66A,60,4
at:49:1625,at:49:1626,67A,60,1
at:49:1625,at:49:1626,N67,60,27
at:49:1626,at:49:1370,17A,60,372
at:49:1626,at:49:1370,66A,60,4
at:49:1626,at:49:1370,67A,60,1
at:49:1626,at:49:1975,N67,160,27
at:49:1627,at:49:128,30A,111,140
at:49:1627,at:49:128,32A,60,1364
at:49:1628,at:49:1623,30A,30,682
at:49:1628,at:49:1624,30A,60,678
at:49:1629,at:49:774,60A,60,403
at:49:1629,at:49:94,60A,111,409
at:49:163,at:49:677,65A,30,16
at:49:1630,at:49:1631,25,60,1752
at:49:1630,at:49:1631,26,60,111
at:49:1630,at:49:778,25,60,1752
at:49:1630,at:49:778,26,60,111
at:49:1630,at:49:778,N20,60,81
at:49:1631,at:49:1247,N20,120,82
at:49:1631,at:49:1630,25,60,1752
at:49:1631,at:49:1630,26,60,111
at:49:1631,at:49:1630,N20,30,81
at:49:1631,at:49:1635,98A,120,780
at:49:1631,at:49:1788,93A,81,496
at:49:1631,at:49:958,93A,60,530
at:49:1631,at:49:958,97A,61,1043
at:49:1631,at:49:958,98A,60,796
at:49:1633,at:49:1507,92A,35,644
at:49:1633,at:49:1634,92A,60,642
at:49:1634,at:49:1633,92A,60,644
at:49:1634,at:49:650,92A,60,642
at:49:1635,at:49:1636,98A,60,780
at:49:1635,at:49:89,98A,60,796
at:49:1636,at:49:1635,98A,60,796
at:49:1636,at:49:1637,98A,60,780
at:49:1637,at:49:1636,98A,60,796
at:49:1637,at:49:1638,98A,60,780
at:49:1638,at:49:1637,98A,60,796
at:49:1638,at:49:1639,98A,60,780
at:49:1639,at:49:1638,98A,44,796
at:49:1639,at:49:1640,98A,37,780
at:49:164,at:49:1527,24A,60,691
at:49:164,at:49:1527,85A,60,2
at:49:164,at:49:1527,N24,40,42
at:49:164,at:49:165,24A,60,1166
at:49:164,at:49:165,N24,30,16
at:49:164,at:49:1878,85A,60,1
at:49:1640,at:49:1639,98A,60,796
at:49:1640,at:49:1641,98A,60,780
at:49:1641,at:49:1642,98A,60,780
at:49:1642,at:49:1643,98A,30,796
at:49:1642,at:49:1814,98A,33,780
at:49:1643,at:49:1644,98A,44,796
at:49:1644,at:49:1640,98A,54,796
at:49:1645,at:49:1401,98A,59,796
at:49:1645,at:49:1590,88B,60,351
at:49:1646,at:49:1746,97A,60,1058
at:49:1648,at:49:1650,97A,60,1031
at:49:1648,at:49:60,97A,60,1058
at:49:1649,at:49:60,97A,70,1031
at:49:1649,at:49:816,97A,60,1058
at:49:165,at:49:1527,24A,120,477
at:49:165,at:49:1527,85A,100,3
at:49:165,at:49:164,24A,60,691
at:49:165,at:49:164,85A,60,3
at:49:165,at:49:164,N24,100,42
at:49:165,at:49:1752,24A,69,1166
at:49:165,at:49:1752,N24,60,16
at:49:165,at:49:1773,97A,120,1022
at:49:165,at:49:1774,97A,73,1064
at:49:165,at:49:588,28A,84,388
at:49:1650,at:49:1746,97A,60,1031
at:49:1652,at:49:1073,72A,60,114
at:49:1652,at:49:465,72A,120,116
at:49:1654,at:49:195,40A,69,1058
at:49:1655,at:49:1924,63A,35,1030
at:49:1655,at:49:46,63A,120,1066
at:49:1656,at:49:1107,60A,156,407
at:49:1656,at:49:1107,N61,60,9
at:49:1656,at:49:1492,60A,60,410
at:49:1656,at:49:1492,N60,60,32
at:49:1656,at:49:1492,N61,30,24
at:49:1656,at:49:198,N61,30,18
at:49:1657,at:49:1216,N25,60,18
at:49:1657,at:49:155,25A,102,356
at:49:1657,at:49:155,N25,60,18
at:49:1657,at:49:1860,27A,131,459
at:49:1658,at:49:345,N38,120,58
at:49:1659,at:49:827,N60,60,18
at:49:166,at:49:1035,46,131,586
at:49:166,at:49:1035,49,126,3385
at:49:166,at:49:1035,E3,120,708
at:49:166,at:49:1035,N49,120,90
at:49:166,at:49:780,46,77,586
at:49:166,at:49:780,49,60,3302
at:49:166,at:49:780,N49,60,100
at:49:1660,at:49:483,30A,64,682
at:49:1660,at:49:483,31A,60,1112
at:49:1660,at:49:483,32A,82,1331
at:49:1660,at:49:598,30A,61,678
at:49:1660,at:49:598,32A,60,1291
at:49:1662,at:49:1026,26A,52,2374
at:49:1662,at:49:1026,88A,58,106
at:49:1662,at:49:1026,N20,30,47
at:49:1662,at:49:297,26A,58,2374
at:49:1662,at:49:297,88A,59,106
at:49:1662,at:49:297,88B,59,351
at:49:1662,at:49:297,N20,30,51
at:49:1662,at:49:298,99A,96,215
at:49:1662,at:49:298,99B,94,219
at:49:1663,at:49:1067,93A,60,520
at:49:1663,at:49:1067,N91,60,18
at:49:1663,at:49:1164,93A,60,496
at:49:1663,at:49:1164,N91,60,16
at:49:1664,at:49:1037,10A,121,1773
at:49:1664,at:49:12,10A,60,1869
at:49:1664,at:49:12,12A,60,1194
at:49:1664,at:49:179,48A,90,2252
at:49:1665,at:49:606,10A,79,1692
at:49:1666,at:49:1511,37A,45,870
at:49:1666,at:49:229,N8,120,18
at:49:1666,at:49:363,N8,64,18
at:49:1666,at:49:569,37A,112,864
at:49:1667,at:49:1062,U6,101,12425
at:49:1667,at:49:1470,12,73,196
at:49:1667,at:49:1470,2,74,288
at:49:1667,at:49:1470,30,60,2
at:49:1667,at:49:1470,31,93,2660
at:49:1667,at:49:1470,5,84,49
at:49:1667,at:49:1470,5B,139,1321
at:49:1667,at:49:1470,O,70,69
at:49:1667,at:49:170,12,60,2059
at:49:1667,at:49:170,31,60,8
at:49:1667,at:49:170,5,60,34
at:49:1667,at:49:170,5B,60,1311
at:49:1667,at:49:170,N31,60,27
at:49:1667,at:49:500,U6,99,13646
at:49:1667,at:49:569,12,129,2110
at:49:1667,at:49:569,2,123,250
at:49:1667,at:49:569,30,120,2
at:49:1667,at:49:569,31,133,2667
at:49:1667,at:49:569,5,145,19
at:49:1667,at:49:569,N31,120,27
at:49:1667,at:49:569,O,121,66
at:49:1668,at:49:1705,U6,74,13329
at:49:1668,at:49:334,U6,85,10995
at:49:1668,at:49:640,20B,128,146
at:49:1668,at:49:725,20A,60,793
at:49:1669,at:49:1523,11,104,3889
at:49:1669,at:49:1523,71,102,6363
at:49:1669,at:49:1670,11,60,3873
at:49:1669,at:49:1670,71,60,6361
at:49:167,at:49:1472,71E,60,22
at:49:167,at:49:1472,73B,36,844
at:49:167,at:49:1472,N71,55,88
at:49:167,at:49:1522,73B,119,844
at:49:1670,at:49:1669,11,60,3889
at:49:1670,at:49:1669,71,60,6363
at:49:1670,at:49:1671,11,95,3873
at:49:1670,at:49:1671,71,90,6361
at:49:1671,at:49:1418,11,60,3873
at:49:1671,at:49:1418,71,60,6361
at:49:1671,at:49:1670,11,75,3889
at:49:1671,at:49:1670,71,75,6363
at:49:1671,at:49:1684,71E,60,20
at:49:1671,at:49:1684,73B,60,844
at:49:1671,at:49:1684,N71,60,88
at:49:1671,at:49:535,73B,30,844
at:49:1672,at:49:1673,27A,30,465
at:49:1672,at:49:1673,N25,30,18
at:49:1673,at:49:1674,27A,59,465
at:49:1673,at:49:1674,N25,60,18
at:49:1673,at:49:1860,27A,69,467
at:49:1673,at:49:1860,N25,60,18
at:49:1674,at:49:1673,27A,60,467
at:49:1674,at:49:1673,N25,60,18
at:49:1674,at:49:572,27A,30,465
at:49:1674,at:49:572,N25,30,18
at:49:1675,at:49:1122,27A,179,239
at:49:1675,at:49:1122,28A,119,388
at:49:1675,at:49:1739,87A,234,152
at:49:1675,at:49:1754,27A,60,245
at:49:1675,at:49:1754,87A,60,144
at:49:1675,at:49:1955,28A,240,378
at:49:1676,at:49:1754,27A,30,239
at:49:1676,at:49:1754,87A,30,152
at:49:1677,at:49:1139,16A,166,732
at:49:1678,at:49:35,16A,60,760
at:49:1679,at:49:1174,16A,60,20
at:49:1679,at:49:1174,63A,89,1030
at:49:1679,at:49:841,16A,60,18
at:49:1679,at:49:841,63A,60,1066
at:49:168,at:49:426,38A,122,2033
at:49:168,at:49:925,38A,60,2033
at:49:1680,at:49:1023,85A,60,806
at:49:1680,at:49:1922,85A,115,816
at:49:1681,at:49:403,95A,51,1479
at:49:1681,at:49:403,95B,39,123
at:49:1682,at:49:1099,42A,60,1022
at:49:1683,at:49:1403,63A,94,1074
at:49:1684,at:49:1671,73B,60,844
at:49:1684,at:49:294,71E,30,20
at:49:1684,at:49:294,73B,60,844
at:49:1684,at:49:294,N71,55,88
at:49:1685,at:49:1599,71B,60,30
at:49:1685,at:49:1828,71B,300,30
at:49:1686,at:49:581,67B,118,190
at:49:1687,at:49:1216,27A,89,457
at:49:1688,at:49:1689,25A,74,126
at:49:1688,at:49:1689,25B,60,353
at:49:1688,at:49:1689,85A,120,2
at:49:1689,at:49:133,25A,180,12
at:49:1689,at:49:133,25B,120,174
at:49:1689,at:49:1359,25A,287,114
at:49:1689,at:49:1359,25B,120,174
at:49:1689,at:49:1359,85A,240,2
at:49:169,at:49:1077,5A,101,558
at:49:169,at:49:219,5A,51,559
at:49:1690,at:49:1516,29A,60,946
at:49:1690,at:49:271,29A,65,946
at:49:1691,at:49:1439,48A,60,2400
at:49:1691,at:49:1439,N46,60,63
at:49:1691,at:49:597,48A,145,2407
at:49:1691,at:49:597,N46,120,73
at:49:1692,at:49:1535,76A,60,386
at:49:1692,at:49:1588,76A,60,396
at:49:1693,at:49:280,37A,120,864
at:49:1694,at:49:461,77A,60,1469
at:49:1695,at:49:637,60,60,1352
at:49:1695,at:49:70,60,60,1352
at:49:1695,at:49:95,N60,60,32
at:49:1696,at:49:956,47A,120,586
at:49:1697,at:49:1889,36B,60,286
at:49:1697,at:49:999,36A,58,220
at:49:1698,at:49:1061,74A,54,1090
at:49:1699,at:49:1523,71A,60,386
at:49:1699,at:49:1523,71B,30,30
at:49:1699,at:49:1523,71E,60,20
at:49:1699,at:49:1523,N71,30,88
at:49:1699,at:49:1525,71A,31,376
at:49:1699,at:49:1525,71B,32,30
at:49:17,at:49:141,76A,54,386
at:49:17,at:49:141,79A,60,55
at:49:17,at:49:141,79B,51,150
at:49:17,at:49:1535,73A,60,612
at:49:17,at:49:1535,76A,60,396
at:49:17,at:49:1535,79A,60,275
at:49:17,at:49:1535,79B,60,12
at:49:17,at:49:745,79A,60,324
at:49:17,at:49:745,79B,60,127
at:49:170,at:49:1443,12,120,2059
at:49:170,at:49:1443,31,120,8
at:49:170,at:49:1443,5,120,34
at:49:170,at:49:1443,5B,61,1311
at:49:170,at:49:1443,N31,60,27
at:49:170,at:49:1667,12,60,2055
at:49:170,at:49:1667,5,60,58
at:49:170,at:49:1667,5B,60,1295
at:49:170,at:49:1667,N31,60,27
at:49:1700,at:49:1739,87A,59,144
at:49:1700,at:49:1786,87A,68,152
at:49:1701,at:49:1751,87A,60,152
at:49:1701,at:49:1786,87A,56,144
at:49:1702,at:49:717,38A,75,2033
at:49:1702,at:49:717,5B,66,1337
at:49:1703,at:49:891,5B,69,1337
at:49:1704,at:49:500,5A,79,558
at:49:1704,at:49:569,37A,120,359
at:49:1705,at:49:1668,U6,103,10995
at:49:1705,at:49:23,11A,81,2908
at:49:1705,at:49:23,5A,77,558
at:49:1705,at:49:23,N8,60,18
at:49:1705,at:49:334,U6,183,2651
at:49:1705,at:49:363,11A,121,2941
at:49:1705,at:49:363,5A,120,567
at:49:1705,at:49:500,U6,99,13329
at:49:1706,at:49:647,N61,60,16
at:49:1707,at:49:1422,53A,98,348
at:49:1708,at:49:1219,88B,60,351
at:49:1709,at:49:108,98A,43,796
at:49:1709,at:49:1711,98A,30,780
at:49:171,at:49:62,93A,60,530
at:49:171,at:49:901,N91,60,18
at:49:171,at:49:903,93A,60,496
at:49:171,at:49:903,N91,60,16
at:49:1710,at:49:1083,88B,30,351
at:49:1711,at:49:682,98A,60,780
at:49:1713,at:49:606,12A,159,1194
at:49:1713,at:49:877,12A,60,1189
at:49:1714,at:49:1393,65A,59,464
at:49:1714,at:49:1715,65A,60,464
at:49:1715,at:49:1572,65A,34,464
at:49:1715,at:49:1714,65A,60,464
at:49:1716,at:49:1122,25A,115,362
at:49:1716,at:49:1585,25A,114,356
at:49:1718,at:49:1373,9A,54,574
at:49:1719,at:49:67,57A,54,1735
at:49:172,at:49:1372,46,120,2717
at:49:172,at:49:1372,N46,52,116
at:49:172,at:49:783,46,92,2717
at:49:172,at:49:783,N46,60,109
at:49:1720,at:49:998,61B,60,81
at:49:1721,at:49:1538,17A,37,375
at:49:1721,at:49:1538,N17,60,21
at:49:1721,at:49:565,17A,30,374
at:49:1721,at:49:565,N17,30,23
at:49:1722,at:49:1370,17A,37,375
at:49:1722,at:49:1370,66A,30,4
at:49:1722,at:49:1370,67A,30,1
at:49:1722,at:49:1370,N67,30,27
at:49:1722,at:49:580,66A,120,4
at:49:1722,at:49:580,67A,120,1
at:49:1722,at:49:599,17A,82,372
at:49:1724,at:49:297,99A,60,219
at:49:1724,at:49:297,99B,60,215
at:49:1724,at:49:298,98A,60,596
at:49:1725,at:49:379,N6,60,54
at:49:1725,at:49:820,N60,60,18
at:49:1726,at:49:1160,N62,180,14
at:49:1726,at:49:1383,N62,120,24
at:49:1726,at:49:1477,N62,173,9
at:49:1727,at:49:1007,N64,120,16
at:49:1728,at:49:75,77A,46,1464
at:49:1729,at:49:1404,47A,127,586
at:49:1729,at:49:1404,N54,60,48
at:49:173,at:49:456,12,64,101
at:49:173,at:49:456,2,83,4372
at:49:173,at:49:615,12,96,101
at:49:173,at:49:615,2,118,4385
at:49:1730,at:49:150,64A,60,279
at:49:1730,at:49:150,N64,30,16
at:49:1730,at:49:923,64A,104,280
at:49:1730,at:49:923,N64,30,16
at:49:1731,at:49:1732,20A,70,808
at:49:1731,at:49:641,20A,176,789
at:49:1732,at:49:1731,20A,65,789
at:49:1732,at:49:1733,20A,110,808
at:49:1733,at:49:1732,20A,60,789
at:49:1733,at:49:1961,20A,60,808
at:49:1734,at:49:107,46,60,601
at:49:1734,at:49:107,49,60,3464
at:49:1735,at:49:607,25,95,1705
at:49:1735,at:49:607,26,93,624
at:49:1735,at:49:607,27,68,85
at:49:1735,at:49:627,25,182,1705
at:49:1735,at:49:627,26,157,624
at:49:1735,at:49:627,27,126,85
at:49:1737,at:49:1738,27A,60,465
at:49:1737,at:49:607,27A,60,463
at:49:1738,at:49:1737,27A,69,463
at:49:1738,at:49:232,27A,100,465
at:49:1739,at:49:1539,24A,101,1168
at:49:1739,at:49:1539,N24,60,42
at:49:1739,at:49:1675,87A,248,144
at:49:1739,at:49:1700,87A,60,152
at:49:1739,at:49:964,24A,103,1166
at:49:1739,at:49:964,N24,30,16
at:49:174,at:49:199,62A,120,676
at:49:174,at:49:199,N65,120,106
at:49:174,at:49:613,60A,47,409
at:49:174,at:49:613,66A,52,1383
at:49:174,at:49:613,N66,40,72
at:49:174,at:49:774,62A,112,675
at:49:174,at:49:774,N65,60,96
at:49:174,at:49:92,60A,50,409
at:49:174,at:49:93,60A,120,1
at:49:174,at:49:93,66A,60,1383
at:49:174,at:49:93,N66,60,63
at:49:1740,at:49:225,7A,111,707
at:49:1740,at:49:344,7A,71,707
at:49:1741,at:49:1437,16A,60,746
at:49:1741,at:49:582,16A,110,736
at:49:1742,at:49:1775,67B,62,190
at:49:1742,at:49:1775,N67,100,27
at:49:1742,at:49:722,67B,60,192
at:49:1743,at:49:1261,49A,52,726
at:49:1743,at:49:216,50B,46,196
at:49:1745,at:49:659,5A,60,392
at:49:1746,at:49:1648,97A,60,1058
at:49:1746,at:49:455,97A,60,1031
at:49:1747,at:49:1040,82A,68,294
at:49:1747,at:49:1897,82A,60,294
at:49:1749,at:49:1770,N75,120,16
at:49:1749,at:49:289,U3,111,6745
at:49:1749,at:49:399,U3,60,6890
at:49:1749,at:49:881,72A,120,112
at:49:175,at:49:1275,57A,60,1434
at:49:175,at:49:529,57A,61,1434
at:49:1751,at:49:1027,22A,66,1948
at:49:1751,at:49:1360,22A,140,1929
at:49:1751,at:49:1360,87A,174,152
at:49:1751,at:49:1701,87A,60,144
at:49:1752,at:49:165,24A,30,1168
at:49:1752,at:49:165,28A,119,388
at:49:1752,at:49:165,85A,120,6
at:49:1752,at:49:165,97A,120,1022
at:49:1752,at:49:165,N24,60,14
at:49:1752,at:49:9,24A,60,870
at:49:1752,at:49:9,89A,60,4
at:49:1752,at:49:9,N24,60,16
at:49:1753,at:49:1479,17A,60,4
at:49:1753,at:49:971,17A,120,3
at:49:1754,at:49:1675,27A,60,239
at:49:1754,at:49:1675,87A,60,152
at:49:1754,at:49:1676,27A,30,245
at:49:1754,at:49:1676,87A,30,144
at:49:1755,at:49:1095,7A,112,707
at:49:1756,at:49:1260,69A,119,631
at:49:1756,at:49:1260,72A,120,114
at:49:1756,at:49:1260,73A,119,1423
at:49:1756,at:49:147,69A,60,642
at:49:1756,at:49:147,72A,60,116
at:49:1756,at:49:390,73A,94,1432
at:49:1757,at:49:1263,11,60,4073
at:49:1757,at:49:1263,6,60,7
at:49:1757,at:49:1263,D,60,247
at:49:1757,at:49:1263,N6,30,54
at:49:1758,at:49:1177,46B,59,534
at:49:1758,at:49:311,46A,65,581
at:49:176,at:49:1229,30,94,1565
at:49:176,at:49:1229,31,88,2381
at:49:176,at:49:1229,N31,60,24
at:49:176,at:49:1554,30,83,1565
at:49:176,at:49:1554,31,80,2381
at:49:176,at:49:1554,N31,60,21
at:49:176,at:49:1890,36B,111,284
at:49:176,at:49:593,36B,230,286
at:49:1760,at:49:1761,65A,59,448
at:49:1760,at:49:1761,7B,48,144
at:49:1760,at:49:212,65A,296,16
at:49:1761,at:49:1160,7B,360,144
at:49:1761,at:49:1571,65A,60,464
at:49:1763,at:49:1764,44B,60,416
at:49:1764,at:49:1767,44B,60,416
at:49:1766,at:49:1767,44B,60,416
at:49:1766,at:49:985,44B,60,416
at:49:1767,at:49:1766,44B,60,416
at:49:1767,at:49:1768,44B,60,416
at:49:1768,at:49:1913,44B,60,416
at:49:1769,at:49:283,N75,60,16
at:49:1769,at:49:289,N75,60,18
at:49:177,at:49:1934,68B,60,434
at:49:177,at:49:1934,N68,30,25
at:49:177,at:49:2954,68B,44,437
at:49:177,at:49:2954,N68,60,22
at:49:1770,at:49:1749,N75,120,18
at:49:1770,at:49:289,N75,60,16
at:49:1772,at:49:130,30A,86,818
at:49:1772,at:49:130,36A,64,220
at:49:1772,at:49:130,36B,78,284
at:49:1773,at:49:1258,97A,120,10
at:49:1773,at:49:165,97A,107,1064
at:49:1773,at:49:165,N24,60,28
at:49:1773,at:49:1923,97A,120,1012
at:49:1774,at:49:1752,28A,73,378
at:49:1774,at:49:1752,85A,60,2
at:49:1774,at:49:1752,97A,60,1064
at:49:1775,at:49:1686,67B,60,190
at:49:1775,at:49:1742,67B,110,192
at:49:1775,at:49:1869,N67,120,27
at:49:1777,at:49:1314,32A,133,1331
at:49:1777,at:49:69,32A,80,1263
at:49:178,at:49:1267,43,76,3052
at:49:178,at:49:1267,44,61,719
at:49:178,at:49:1267,N43,60,86
at:49:178,at:49:27,2,171,7
at:49:178,at:49:27,43,171,3052
at:49:178,at:49:27,N43,120,86
at:49:178,at:49:507,44,119,719
at:49:1780,at:49:1594,71B,60,30
at:49:1780,at:49:294,71B,60,30
at:49:1780,at:49:294,73B,50,844
at:49:1781,at:49:1479,17A,60,378
at:49:1782,at:49:181,56A,60,573
at:49:1782,at:49:248,56A,45,549
at:49:1784,at:49:1749,72A,30,116
at:49:1785,at:49:956,53A,60,704
at:49:1785,at:49:956,54A,60,148
at:49:1785,at:49:956,54B,60,147
at:49:1786,at:49:1595,25,99,508
at:49:1786,at:49:1595,26,91,1634
at:49:1786,at:49:1595,27,89,1659
at:49:1786,at:49:1700,87A,60,144
at:49:1786,at:49:1701,87A,30,152
at:49:1786,at:49:938,25,91,508
at:49:1786,at:49:938,26,106,1634
at:49:1786,at:49:938,27,111,1659
at:49:1787,at:49:1414,68A,179,434
at:49:1787,at:49:1414,68B,180,434
at:49:1787,at:49:1414,N68,60,25
at:49:1787,at:49:272,68A,60,435
at:49:1787,at:49:272,68B,60,437
at:49:1787,at:49:272,N68,38,22
at:49:1788,at:49:1024,93A,57,496
at:49:1788,at:49:1024,N91,30,16
at:49:1788,at:49:1507,92A,47,642
at:49:1788,at:49:89,92A,60,644
at:49:1788,at:49:89,93A,60,530
at:49:1788,at:49:89,N91,30,18
at:49:1789,at:49:107,47B,66,189
at:49:179,at:49:1037,48A,60,2246
at:49:179,at:49:197,48A,116,2252
at:49:1790,at:49:107,47B,69,119
at:49:1790,at:49:560,47B,120,308
at:49:1790,at:49:560,N49,80,100
at:49:1794,at:49:246,2,87,450
at:49:1794,at:49:246,46,95,2228
at:49:1795,at:49:1193,71,148,6081
at:49:1795,at:49:1193,D,180,2
at:49:1795,at:49:1407,71,80,6050
at:49:1796,at:49:1243,52B,60,21
at:49:1796,at:49:311,52B,240,21
at:49:1799,at:49:1139,N65,119,106
at:49:1799,at:49:35,62A,164,676
at:49:1799,at:49:679,62A,70,669
at:49:1799,at:49:679,N65,60,96
at:49:18,at:49:15,76B,120,426
at:49:18,at:49:907,76B,120,420
at:49:1800,at:49:209,43A,299,172
at:49:1800,at:49:488,43A,180,172
at:49:1801,at:49:1376,63A,60,1030
at:49:1801,at:49:1376,8A,60,542
at:49:1801,at:49:543,63A,60,1066
at:49:1801,at:49:543,8A,60,545
at:49:1802,at:49:50,34A,88,829
at:49:1803,at:49:1804,68A,45,435
at:49:1804,at:49:1805,68A,30,435
at:49:1805,at:49:315,68A,164,435
at:49:1806,at:49:392,43A,60,607
at:49:1806,at:49:935,43A,63,607
at:49:1807,at:49:1270,95B,60,41
at:49:1808,at:49:862,95A,58,1493
at:49:1808,at:49:862,97A,60,10
at:49:1809,at:49:720,95A,60,1479
at:49:1809,at:49:720,97A,60,14
at:49:181,at:49:1782,56A,60,549
at:49:181,at:49:406,56A,60,573
at:49:1810,at:49:83,86A,69,518
at:49:1812,at:49:396,57A,74,711
at:49:1812,at:49:737,57A,60,711
at:49:1813,at:49:1193,4A,52,698
at:49:1813,at:49:804,4A,30,699
at:49:1814,at:49:1401,98A,60,780
at:49:1814,at:49:1642,98A,37,796
at:49:1815,at:49:10,39A,118,241
at:49:1815,at:49:1250,39A,67,241
at:49:1816,at:49:1571,7B,50,144
at:49:182,at:49:320,79A,60,446
at:49:182,at:49:320,79B,60,162
at:49:182,at:49:499,79B,63,139
at:49:182,at:49:512,79A,133,440
at:49:182,at:49:512,79B,193,23
at:49:1821,at:49:1400,43B,179,55
at:49:1821,at:49:1822,43B,120,55
at:49:1822,at:49:1821,43B,120,55
at:49:1822,at:49:842,43B,109,55
at:49:1823,at:49:1829,ZF,60,32
at:49:1825,at:49:940,52A,60,188
at:49:1826,at:49:216,49A,60,728
at:49:1828,at:49:1519,71B,32,30
at:49:1828,at:49:1685,71B,300,30
at:49:1828,at:49:1842,ZF,60,32
at:49:1829,at:49:1830,ZF,60,32
at:49:183,at:49:444,16A,70,314
at:49:183,at:49:444,65A,60,16
at:49:183,at:49:444,N65,60,60
at:49:1830,at:49:1831,ZF,60,32
at:49:1831,at:49:1832,ZF,60,32
at:49:1832,at:49:1833,ZF,60,32
at:49:1833,at:49:1834,ZF,60,32
at:49:1834,at:49:1835,ZF,60,32
at:49:1835,at:49:1836,ZF,60,32
at:49:1836,at:49:1837,ZF,60,32
at:49:1837,at:49:1838,ZF,60,32
at:49:1838,at:49:1839,ZF,60,32
at:49:1839,at:49:1840,ZF,60,32
at:49:184,at:49:123,N49,56,83
at:49:184,at:49:1501,49A,60,429
at:49:184,at:49:1501,50A,60,393
at:49:184,at:49:1501,50B,60,116
at:49:184,at:49:1501,N49,60,45
at:49:184,at:49:1734,46,85,601
at:49:184,at:49:1734,49,75,3464
at:49:184,at:49:560,49A,160,728
at:49:184,at:49:560,50A,154,656
at:49:1840,at:49:1841,ZF,60,32
at:49:1841,at:49:1828,ZF,60,32
at:49:1842,at:49:1843,ZF,60,32
at:49:1843,at:49:1520,ZF,60,32
at:49:1844,at:49:1521,ZF,60,32
at:49:1846,at:49:1005,N54,60,48
at:49:1846,at:49:520,N54,60,54
at:49:1847,at:49:520,N54,120,48
at:49:1848,at:49:1433,N25,120,16
at:49:185,at:49:1329,20B,60,146
at:49:185,at:49:31,20B,60,146
at:49:1851,at:49:1248,31A,30,1112
at:49:1851,at:49:1916,29B,72,832
at:49:1851,at:49:1917,29B,102,832
at:49:1851,at:49:325,31A,58,1116
at:49:1852,at:49:35,16A,60,732
at:49:1852,at:49:35,64B,108,30
at:49:1853,at:49:156,51A,120,117
at:49:1853,at:49:54,51A,75,139
at:49:1853,at:49:54,51B,30,323
at:49:1854,at:49:87,73A,81,612
at:49:1855,at:49:1482,50A,39,656
at:49:1855,at:49:1482,N49,54,54
at:49:1855,at:49:360,50A,41,662
at:49:1855,at:49:360,N49,50,54
at:49:1857,at:49:444,N65,36,89
at:49:1857,at:49:48,16A,59,760
at:49:1857,at:49:48,N65,60,96
at:49:1857,at:49:782,16A,59,430
at:49:1858,at:49:1122,28A,180,378
at:49:1858,at:49:1859,U1,71,4867
at:49:1858,at:49:1860,U1,60,4852
at:49:1858,at:49:617,28A,100,388
at:49:1859,at:49:1451,29B,60,837
at:49:1859,at:49:1858,U1,109,4852
at:49:1859,at:49:748,29A,60,946
at:49:1859,at:49:748,N25,60,18
at:49:1859,at:49:769,U1,110,4867
at:49:186,at:49:699,36A,120,218
at:49:186,at:49:699,36B,120,286
at:49:1860,at:49:1657,25A,64,356
at:49:1860,at:49:1672,27A,57,465
at:49:1860,at:49:1672,N25,60,18
at:49:1860,at:49:1687,27A,91,457
at:49:1860,at:49:1858,U1,60,4867
at:49:1860,at:49:632,N25,60,18
at:49:1860,at:49:633,U1,71,4852
at:49:1860,at:49:71,25A,120,2
at:49:1861,at:49:769,29B,60,853
at:49:1861,at:49:769,N25,60,16
at:49:1861,at:49:893,29B,60,837
at:49:1862,at:49:623,31A,60,1088
at:49:1862,at:49:632,31A,60,1086
at:49:1862,at:49:71,31A,60,2
at:49:1865,at:49:601,44,60,737
at:49:1867,at:49:1301,77A,81,628
at:49:1867,at:49:1301,78A,120,315
at:49:1867,at:49:1301,79B,60,3
at:49:1867,at:49:818,77A,60,633
at:49:1867,at:49:818,78A,60,315
at:49:1867,at:49:818,79B,120,3
at:49:1868,at:49:82,12A,65,743
at:49:1869,at:49:1556,67B,120,147
at:49:1869,at:49:581,67B,60,144
at:49:1869,at:49:581,N67,30,27
at:49:187,at:49:156,51A,46,1008
at:49:187,at:49:156,51B,45,320
at:49:187,at:49:889,51A,55,1008
at:49:187,at:49:889,51B,38,323
at:49:1872,at:49:510,7A,77,707
at:49:1873,at:49:2,32A,60,1267
at:49:1874,at:49:1301,77A,73,633
at:49:1874,at:49:1301,78A,69,315
at:49:1874,at:49:1301,79A,73,440
at:49:1874,at:49:1301,79B,90,162
at:49:1874,at:49:1896,77A,60,532
at:49:1875,at:49:1040,5B,161,1311
at:49:1876,at:49:494,5B,120,1295
at:49:1878,at:49:651,85A,60,816
at:49:188,at:49:1372,U6,101,13373
at:49:188,at:49:1413,18,69,4095
at:49:188,at:49:1413,6,65,2166
at:49:188,at:49:1468,U6,110,13380
at:49:188,at:49:644,48A,60,2252
at:49:1881,at:49:1892,82A,60,294
at:49:1882,at:49:1883,38B,274,64
at:49:1883,at:49:116,38B,352,62
at:49:1883,at:49:948,38B,450,2
at:49:1884,at:49:1885,36B,60,308
at:49:1884,at:49:1886,36B,82,308
at:49:1885,at:49:1884,36B,60,308
at:49:1885,at:49:769,36B,44,308
at:49:1886,at:49:1884,36B,76,308
at:49:1886,at:49:1887,36B,60,308
at:49:1887,at:49:1886,36B,46,308
at:49:1887,at:49:1888,36B,60,284
at:49:1888,at:49:1887,36B,60,286
at:49:1888,at:49:1889,36B,60,284
at:49:1889,at:49:1888,36B,60,286
at:49:1889,at:49:999,36B,60,284
at:49:189,at:49:1400,43B,60,55
at:49:189,at:49:1400,52A,60,188
at:49:189,at:49:1400,52B,60,160
at:49:189,at:49:200,43B,60,55
at:49:189,at:49:200,52A,60,188
at:49:189,at:49:200,52B,60,160
at:49:1890,at:49:176,36B,168,286
at:49:1890,at:49:699,36B,173,284
at:49:1891,at:49:1040,U2,105,5080
at:49:1891,at:49:1182,U2,60,5103
at:49:1891,at:49:1431,5B,60,524
at:49:1891,at:49:494,2,80,4475
at:49:1891,at:49:494,5B,128,1311
at:49:1891,at:49:494,N29,60,74
at:49:1891,at:49:659,2,91,4435
at:49:1891,at:49:659,N29,60,68
at:49:1891,at:49:824,5B,60,3
at:49:1891,at:49:961,5B,96,768
at:49:1892,at:49:1009,N81,60,27
at:49:1892,at:49:1040,U2,114,5103
at:49:1892,at:49:1040,U2E,240,20
at:49:1892,at:49:1893,U2,105,5080
at:49:1892,at:49:1893,U2E,120,20
at:49:1892,at:49:1905,82A,77,294
at:49:1892,at:49:274,82A,120,294
at:49:1892,at:49:274,N81,120,27
at:49:1893,at:49:1137,82A,121,294
at:49:1893,at:49:1892,U2,66,5103
at:49:1893,at:49:1892,U2E,120,20
at:49:1893,at:49:1894,U2,60,5080
at:49:1893,at:49:1894,U2E,180,20
at:49:1894,at:49:1583,18,60,597
at:49:1894,at:49:1583,77A,60,519
at:49:1894,at:49:1893,U2,61,5103
at:49:1894,at:49:1893,U2E,180,20
at:49:1894,at:49:1895,77A,87,426
at:49:1894,at:49:1895,78A,120,315
at:49:1894,at:49:1895,N81,60,27
at:49:1894,at:49:1978,18,120,597
at:49:1894,at:49:282,U2,120,5091
at:49:1894,at:49:282,U2E,240,20
at:49:1894,at:49:733,11A,60,1967
at:49:1894,at:49:733,N81,60,27
at:49:1895,at:49:1894,77A,120,423
at:49:1895,at:49:1894,78A,66,315
at:49:1895,at:49:1894,N81,60,27
at:49:1895,at:49:282,77A,60,426
at:49:1895,at:49:282,78A,60,315
at:49:1895,at:49:282,N81,30,27
at:49:1895,at:49:919,79A,129,446
at:49:1895,at:49:919,79B,141,162
at:49:1896,at:49:1039,77A,48,1160
at:49:1896,at:49:1039,78A,30,315
at:49:1896,at:49:1039,79A,30,446
at:49:1896,at:49:1039,79B,30,162
at:49:1896,at:49:1874,77A,52,1166
at:49:1896,at:49:1874,78A,60,315
at:49:1896,at:49:1874,79A,60,440
at:49:1896,at:49:1874,79B,60,162
at:49:1897,at:49:1747,82A,58,294
at:49:1897,at:49:709,82A,60,294
at:49:1898,at:49:1901,82A,120,294
at:49:1898,at:49:709,82A,71,294
at:49:19,at:49:148,1,60,4
at:49:19,at:49:148,12,64,1746
at:49:19,at:49:148,2,66,4313
at:49:19,at:49:148,5,70,1673
at:49:19,at:49:1559,2,83,4326
at:49:19,at:49:333,12,88,1742
at:49:19,at:49:333,5,87,1673
at:49:190,at:49:246,1,99,4353
at:49:190,at:49:246,2,98,3861
at:49:190,at:49:246,71,98,4256
at:49:190,at:49:246,D,85,3245
at:49:190,at:49:246,N25,60,18
at:49:190,at:49:246,N38,60,16
at:49:190,at:49:246,N60,60,16
at:49:190,at:49:246,N66,60,27
at:49:190,at:49:835,57A,30,1431
at:49:190,at:49:975,1,120,4425
at:49:190,at:49:975,2,120,3876
at:49:190,at:49:975,71,120,4254
at:49:190,at:49:975,D,120,3246
at:49:1901,at:49:1892,82A,62,294
at:49:1905,at:49:1906,82A,93,294
at:49:1906,at:49:1898,82A,68,294
at:49:1908,at:49:1395,58A,92,620
at:49:1908,at:49:1935,64A,120,279
at:49:1908,at:49:278,58B,83,622
at:49:1909,at:49:1149,56A,42,350
at:49:1909,at:49:1149,56B,46,323
at:49:1909,at:49:953,56A,120,336
at:49:1909,at:49:953,56B,120,322
at:49:1909,at:49:953,58A,120,258
at:49:1909,at:49:953,58B,120,258
at:49:1910,at:49:1,11,83,4920
at:49:1910,at:49:1,6,87,2294
at:49:1910,at:49:1,N6,60,54
at:49:1910,at:49:1912,D,120,4211
at:49:1910,at:49:382,11,160,4920
at:49:1910,at:49:382,6,148,2294
at:49:1910,at:49:382,71,180,37
at:49:1910,at:49:382,D,180,249
at:49:1910,at:49:382,N6,64,54
at:49:1911,at:49:62,93A,41,496
at:49:1911,at:49:808,93A,60,530
at:49:1912,at:49:1016,D,95,4211
at:49:1912,at:49:1910,71,120,37
at:49:1912,at:49:1910,D,123,4219
at:49:1913,at:49:450,44B,60,416
at:49:1914,at:49:1248,30A,120,818
at:49:1914,at:49:1248,N30,60,32
at:49:1915,at:49:1916,29B,96,832
at:49:1915,at:49:1916,N30,60,32
at:49:1915,at:49:1954,29B,30,832
at:49:1915,at:49:1954,N30,30,32
at:49:1916,at:49:1248,N30,180,32
at:49:1916,at:49:1851,29B,110,832
at:49:1916,at:49:1915,29B,117,832
at:49:1916,at:49:1915,N30,60,32
at:49:1917,at:49:1213,29B,60,832
at:49:1917,at:49:1851,29B,148,832
at:49:1918,at:49:1919,5,60,12
at:49:1918,at:49:1919,O,138,1930
at:49:1918,at:49:941,5,60,12
at:49:1918,at:49:941,O,72,1927
at:49:1919,at:49:1079,12,120,2105
at:49:1919,at:49:1079,O,120,69
at:49:1919,at:49:1918,5,120,12
at:49:1919,at:49:1918,O,97,1927
at:49:1919,at:49:1962,12,120,2075
at:49:192,at:49:1184,1,99,4199
at:49:192,at:49:1184,2,93,33
at:49:192,at:49:1184,71,97,4110
at:49:192,at:49:1184,D,84,3061
at:49:192,at:49:1184,N25,60,18
at:49:192,at:49:1184,N38,60,16
at:49:192,at:49:1184,N60,60,16
at:49:192,at:49:1184,N66,60,27
at:49:192,at:49:246,1,154,1132
at:49:192,at:49:246,71,135,1189
at:49:192,at:49:246,D,159,1358
at:49:192,at:49:994,1,60,3148
at:49:192,at:49:994,2,60,35
at:49:192,at:49:994,71,60,2915
at:49:192,at:49:994,D,60,1705
at:49:1920,at:49:1921,37,60,338
at:49:1920,at:49:1921,40,64,637
at:49:1920,at:49:1921,41,71,658
at:49:1920,at:49:1921,42,61,1518
at:49:1920,at:49:874,37,106,338
at:49:1920,at:49:874,40,92,642
at:49:1920,at:49:874,41,87,663
at:49:1920,at:49:874,42,91,1518
at:49:1921,at:49:1426,37,60,338
at:49:1921,at:49:1426,40,60,637
at:49:1921,at:49:1426,41,60,658
at:49:1921,at:49:1426,42,60,1518
at:49:1921,at:49:1920,37,69,338
at:49:1921,at:49:1920,40,64,642
at:49:1921,at:49:1920,41,68,663
at:49:1921,at:49:1920,42,67,1518
at:49:1922,at:49:1048,25,88,508
at:49:1922,at:49:1048,27,72,1659
at:49:1922,at:49:1048,95A,56,1479
at:49:1922,at:49:1923,97A,60,1058
at:49:1922,at:49:38,85A,60,816
at:49:1922,at:49:38,97A,120,1020
at:49:1922,at:49:596,25,60,508
at:49:1922,at:49:596,27,60,1659
at:49:1922,at:49:596,95A,31,1493
at:49:1923,at:49:1773,97A,73,1058
at:49:1923,at:49:1922,97A,60,1020
at:49:1924,at:49:1655,63A,30,1066
at:49:1924,at:49:1947,63A,30,1030
at:49:1925,at:49:1341,84A,60,711
at:49:1925,at:49:1341,N84,60,14
at:49:1925,at:49:60,84A,30,714
at:49:1925,at:49:60,N84,30,14
at:49:1929,at:49:1930,84A,61,711
at:49:1929,at:49:1930,N84,60,14
at:49:1929,at:49:942,84A,120,714
at:49:1929,at:49:942,N84,120,14
at:49:193,at:49:1168,59A,60,1618
at:49:193,at:49:1168,N62,60,27
at:49:193,at:49:1168,N66,60,27
at:49:193,at:49:1168,N71,60,48
at:49:193,at:49:657,59A,132,1602
at:49:193,at:49:975,N60,312,20
at:49:193,at:49:975,N71,336,43
at:49:1930,at:49:1929,84A,120,714
at:49:1930,at:49:1929,N84,60,14
at:49:1930,at:49:910,84A,179,711
at:49:1930,at:49:910,N84,120,14
at:49:1934,at:49:949,17A,120,374
at:49:1934,at:49:949,68B,60,434
at:49:1934,at:49:949,70A,60,218
at:49:1934,at:49:949,N68,60,25
at:49:1935,at:49:199,62A,105,669
at:49:1935,at:49:199,64A,75,280
at:49:1935,at:49:199,N65,60,96
at:49:1935,at:49:728,62A,56,676
at:49:1935,at:49:728,64A,65,279
at:49:1935,at:49:728,N65,58,106
at:49:1936,at:49:852,N60,120,32
at:49:1936,at:49:854,N60,180,32
at:49:1937,at:49:1171,64A,162,175
at:49:1937,at:49:421,64A,121,176
at:49:1938,at:49:1228,64A,58,64
at:49:1938,at:49:59,64A,60,65
at:49:194,at:49:118,39A,60,663
at:49:194,at:49:224,39A,60,663
at:49:1942,at:49:1943,27B,60,226
at:49:1942,at:49:951,27B,212,226
at:49:1943,at:49:1942,27B,60,226
at:49:1946,at:49:1270,22A,63,513
at:49:1946,at:49:532,22A,60,516
at:49:1947,at:49:1353,63A,180,1030
at:49:1947,at:49:1924,63A,41,1066
at:49:195,at:49:1169,1,122,252
at:49:195,at:49:1169,D,126,3668
at:49:195,at:49:1169,N38,60,58
at:49:195,at:49:1182,1,120,4402
at:49:195,at:49:1182,2,120,33
at:49:195,at:49:1182,3A,120,660
at:49:195,at:49:1182,71,138,4256
at:49:195,at:49:1182,D,125,869
at:49:195,at:49:1182,N25,60,18
at:49:195,at:49:1182,N38,60,16
at:49:195,at:49:1182,N60,60,16
at:49:195,at:49:1182,N66,60,27
at:49:195,at:49:1184,1,120,4431
at:49:195,at:49:1184,2,120,42
at:49:195,at:49:1184,40A,65,1058
at:49:195,at:49:1184,71,119,4254
at:49:195,at:49:1184,D,116,3246
at:49:1954,at:49:1398,29B,60,832
at:49:1954,at:49:1398,N30,60,32
at:49:1954,at:49:1915,29B,38,832
at:49:1954,at:49:1915,N30,60,32
at:49:1955,at:49:1408,28A,60,378
at:49:1955,at:49:1408,85A,55,806
at:49:1955,at:49:1675,28A,81,388
at:49:1956,at:49:1451,29B,60,853
at:49:1956,at:49:1451,N25,60,16
at:49:1956,at:49:454,29B,60,837
at:49:196,at:49:975,1,103,357
at:49:1960,at:49:385,53A,60,348
at:49:1961,at:49:1329,20B,30,146
at:49:1961,at:49:1485,20A,30,808
at:49:1961,at:49:1733,20A,55,789
at:49:1961,at:49:640,20B,120,146
at:49:1962,at:49:1433,12,165,2075
at:49:1962,at:49:1919,12,120,2064
at:49:1963,at:49:1969,25,92,508
at:49:1963,at:49:1969,27,76,1659
at:49:1963,at:49:596,25,92,508
at:49:1963,at:49:596,27,108,1659
at:49:1964,at:49:1969,25,88,508
at:49:1964,at:49:1969,27,72,1659
at:49:1964,at:49:862,95A,120,344
at:49:1964,at:49:910,25,120,508
at:49:1964,at:49:910,27,120,1659
at:49:1964,at:49:910,95A,120,340
at:49:1966,at:49:1967,89A,60,279
at:49:1966,at:49:1967,99A,60,219
at:49:1966,at:49:1967,99B,60,215
at:49:1966,at:49:910,89A,120,283
at:49:1966,at:49:910,99A,120,215
at:49:1966,at:49:910,99B,120,219
at:49:1967,at:49:1221,89A,30,279
at:49:1967,at:49:1221,99A,30,219
at:49:1967,at:49:1221,99B,30,215
at:49:1967,at:49:1966,89A,30,283
at:49:1967,at:49:1966,99A,30,215
at:49:1967,at:49:1966,99B,30,219
at:49:1968,at:49:1769,N75,60,18
at:49:1969,at:49:1963,25,60,508
at:49:1969,at:49:1963,27,60,1659
at:49:1969,at:49:1964,25,88,508
at:49:1969,at:49:1964,27,120,1659
at:49:197,at:49:1428,48A,76,2252
at:49:197,at:49:440,9,60,1570
at:49:197,at:49:704,9,151,1570
at:49:1970,at:49:263,29B,120,837
at:49:1970,at:49:893,29B,81,853
at:49:1971,at:49:1264,76A,60,348
at:49:1971,at:49:1264,76B,60,190
at:49:1972,at:49:743,N75,180,18
at:49:1973,at:49:299,U2,60,2154
at:49:1973,at:49:487,U2,60,2199
at:49:1975,at:49:722,N67,30,27
at:49:1977,at:49:1465,19A,60,273
at:49:1978,at:49:1894,18,86,597
at:49:1979,at:49:1145,2A,92,136
at:49:1979,at:49:1365,2A,60,136
at:49:198,at:49:1656,N61,60,16
at:49:198,at:49:478,N61,60,18
at:49:1980,at:49:1102,3A,60,138
at:49:1981,at:49:1980,3A,60,138
at:49:1981,at:49:1982,3A,60,140
at:49:1982,at:49:1981,3A,120,138
at:49:1982,at:49:1983,3A,60,140
at:49:1983,at:49:1193,3A,60,140
at:49:1983,at:49:1982,3A,60,138
at:49:1984,at:49:1099,10A,60,447
at:49:1984,at:49:1099,42A,60,358
at:49:1984,at:49:217,10A,60,446
at:49:1984,at:49:217,42A,60,356
at:49:1985,at:49:396,57A,81,720
at:49:1985,at:49:662,57A,97,720
at:49:1986,at:49:1275,57A,30,422
at:49:1986,at:49:436,57A,112,422
at:49:199,at:49:174,62A,105,669
at:49:199,at:49:174,N65,120,96
at:49:199,at:49:1935,62A,55,676
at:49:199,at:49:1935,N65,30,106
at:49:199,at:49:570,64A,60,280
at:49:2,at:49:574,32A,72,1267
at:49:2,at:49:758,32A,60,1415
at:49:20,at:49:1022,2A,60,581
at:49:20,at:49:734,2A,75,572
at:49:200,at:49:189,43B,60,55
at:49:200,at:49:189,52A,60,188
at:49:200,at:49:189,52B,60,160
at:49:200,at:49:355,43B,60,55
at:49:200,at:49:355,52A,60,188
at:49:200,at:49:355,52B,60,160
at:49:2003,at:49:322,50A,60,656
at:49:2003,at:49:322,50B,60,196
at:49:2004,at:49:323,50A,191,662
at:49:2004,at:49:459,50A,60,656
at:49:2004,at:49:459,N49,60,54
at:49:2006,at:49:270,73A,53,1432
at:49:2006,at:49:270,N71,30,86
at:49:2006,at:49:571,73A,60,1423
at:49:2006,at:49:571,N71,60,98
at:49:202,at:49:29,37,120,493
at:49:202,at:49:29,38,116,1208
at:49:202,at:49:950,37,120,493
at:49:202,at:49:950,38,120,1208
at:49:202,at:49:950,N38,120,58
at:49:203,at:49:1192,36A,80,228
at:49:203,at:49:1192,36B,107,286
at:49:203,at:49:388,30,101,1565
at:49:203,at:49:388,31,91,2381
at:49:203,at:49:388,N31,40,24
at:49:203,at:49:431,30,101,1565
at:49:203,at:49:431,31,102,2381
at:49:203,at:49:431,N31,80,21
at:49:204,at:49:59,61A,65,264
at:49:204,at:49:726,61A,60,253
at:49:204,at:49:774,60A,105,409
at:49:204,at:49:92,60A,101,409
at:49:206,at:49:1142,35A,60,1346
at:49:206,at:49:1142,N35,60,32
at:49:206,at:49:672,43B,112,55
at:49:206,at:49:931,35A,60,1320
at:49:206,at:49:931,43B,60,55
at:49:206,at:49:931,N35,30,32
at:49:207,at:49:1496,79A,60,391
at:49:207,at:49:1496,79B,60,12
at:49:207,at:49:354,79A,65,440
at:49:207,at:49:354,79B,94,23
at:49:208,at:49:251,10A,120,1726
at:49:209,at:49:1436,38A,225,1485
at:49:209,at:49:1800,43A,287,172
at:49:209,at:49:713,38A,146,1217
at:49:21,at:49:369,25,97,1197
at:49:21,at:49:369,26,101,1241
at:49:21,at:49:369,26E,165,853
at:49:21,at:49:369,27,106,1620
at:49:21,at:49:369,N20,60,80
at:49:21,at:49:607,25,126,1197
at:49:21,at:49:607,26,126,1241
at:49:21,at:49:607,26E,165,848
at:49:21,at:49:607,27,125,1620
at:49:21,at:49:607,N20,60,97
at:49:210,at:49:1436,38A,43,1958
at:49:210,at:49:312,38A,52,1958
at:49:211,at:49:1349,1,94,120
at:49:211,at:49:1349,18,97,612
at:49:211,at:49:1349,O,108,1982
at:49:211,at:49:136,1,120,75
at:49:211,at:49:136,18,120,571
at:49:211,at:49:136,O,120,1982
at:49:212,at:49:1761,65A,240,16
at:49:212,at:49:183,16A,60,314
at:49:212,at:49:183,65A,60,16
at:49:212,at:49:183,N65,60,60
at:49:212,at:49:444,16A,127,446
at:49:212,at:49:444,N65,120,36
at:49:212,at:49:681,16A,60,732
at:49:212,at:49:681,N65,60,106
at:49:213,at:49:1144,3A,60,644
at:49:214,at:49:1128,66A,99,1359
at:49:214,at:49:1128,N66,100,72
at:49:214,at:49:793,66A,61,1383
at:49:214,at:49:793,N66,60,63
at:49:215,at:49:1509,37A,60,156
at:49:215,at:49:1509,40A,60,1084
at:49:215,at:49:420,37A,60,154
at:49:215,at:49:420,40A,60,1090
at:49:216,at:49:564,49A,68,728
at:49:216,at:49:74,50B,60,196
at:49:217,at:49:1099,10A,113,1360
at:49:217,at:49:1099,42A,118,669
at:49:217,at:49:1397,10A,220,98
at:49:217,at:49:1984,10A,60,447
at:49:217,at:49:1984,42A,60,358
at:49:217,at:49:393,10A,140,1726
at:49:217,at:49:393,42A,60,2049
at:49:217,at:49:976,42A,60,1022
at:49:218,at:49:249,32A,60,1267
at:49:218,at:49:574,32A,43,1364
at:49:219,at:49:169,5A,46,558
at:49:219,at:49:500,5A,135,559
at:49:22,at:49:555,89A,58,283
at:49:220,at:49:1120,92B,60,472
at:49:220,at:49:676,92B,60,472
at:49:221,at:49:290,92A,64,1040
at:49:221,at:49:290,92B,116,376
at:49:221,at:49:290,N90,60,16
at:49:221,at:49:917,92A,60,1044
at:49:221,at:49:917,92B,60,386
at:49:221,at:49:917,N90,60,14
at:49:222,at:49:624,93A,30,530
at:49:222,at:49:808,93A,60,496
at:49:223,at:49:1093,89A,60,283
at:49:223,at:49:555,89A,30,279
at:49:224,at:49:1153,39A,60,663
at:49:224,at:49:194,39A,60,663
at:49:225,at:49:1060,1,84,5150
at:49:225,at:49:1060,62,80,305
at:49:225,at:49:117,7A,60,707
at:49:225,at:49:1392,1,60,5154
at:49:225,at:49:1392,62,60,305
at:49:225,at:49:1740,7A,79,707
at:49:226,at:49:422,98A,57,596
at:49:227,at:49:1001,58B,60,610
at:49:227,at:49:257,58B,63,622
at:49:229,at:49:1511,37A,61,864
at:49:229,at:49:1666,N8,60,18
at:49:229,at:49:692,37A,83,870
at:49:229,at:49:692,N8,60,18
at:49:23,at:49:1705,11A,86,2941
at:49:23,at:49:1705,5A,96,567
at:49:23,at:49:280,11A,68,2908
at:49:23,at:49:280,5A,73,558
at:49:23,at:49:363,N8,360,18
at:49:231,at:49:163,65A,60,16
at:49:231,at:49:552,65A,60,16
at:49:232,at:49:1738,27A,60,463
at:49:232,at:49:271,27A,80,465
at:49:232,at:49:623,31A,60,1088
at:49:232,at:49:773,31A,60,1088
at:49:233,at:49:1176,52,240,1
at:49:233,at:49:1176,60,242,99
at:49:233,at:49:1466,10,60,1402
at:49:233,at:49:1466,N54,60,54
at:49:233,at:49:408,10,120,45
at:49:233,at:49:408,52,112,57
at:49:233,at:49:408,60,117,1289
at:49:233,at:49:408,N60,100,48
at:49:233,at:49:520,10,156,1447
at:49:233,at:49:520,52,145,56
at:49:233,at:49:520,60,143,1190
at:49:233,at:49:520,N60,90,48
at:49:234,at:49:1433,N25,120,18
at:49:234,at:49:1433,U1,120,4944
at:49:234,at:49:641,N25,60,16
at:49:234,at:49:641,U1,60,4958
at:49:235,at:49:363,12,120,6
at:49:235,at:49:363,30,90,2
at:49:235,at:49:363,31,114,2336
at:49:235,at:49:363,5,92,19
at:49:235,at:49:554,12,80,6
at:49:235,at:49:554,30,90,2
at:49:235,at:49:554,31,79,2336
at:49:235,at:49:554,5,79,19
at:49:236,at:49:1031,25,116,1752
at:49:236,at:49:1031,26,115,111
at:49:236,at:49:1031,26A,121,2393
at:49:236,at:49:1031,N20,120,82
at:49:236,at:49:568,26A,116,2393
at:49:236,at:49:568,N20,120,81
at:49:236,at:49:81,25,90,1752
at:49:236,at:49:81,26,84,111
at:49:238,at:49:568,26A,95,2393
at:49:238,at:49:568,N20,60,82
at:49:238,at:49:627,22A,120,438
at:49:238,at:49:627,25,131,1752
at:49:238,at:49:627,26,146,111
at:49:238,at:49:627,26A,61,2393
at:49:238,at:49:627,93A,62,638
at:49:238,at:49:627,94A,120,548
at:49:238,at:49:627,N20,60,81
at:49:238,at:49:627,N25,60,16
at:49:238,at:49:631,25,85,1752
at:49:238,at:49:631,26,112,111
at:49:238,at:49:631,N25,60,18
at:49:239,at:49:1151,29A,60,946
at:49:239,at:49:1151,N25,60,18
at:49:239,at:49:748,29A,60,946
at:49:239,at:49:748,N25,60,16
at:49:24,at:49:1540,32A,48,1364
at:49:24,at:49:546,32A,61,1267
at:49:240,at:49:46,56A,105,4
at:49:240,at:49:46,58B,95,622
at:49:240,at:49:906,56A,60,4
at:49:240,at:49:906,58B,60,620
at:49:241,at:49:450,43,120,2094
at:49:241,at:49:450,43A,120,721
at:49:241,at:49:450,44A,120,639
at:49:241,at:49:450,N43,120,94
at:49:241,at:49:515,44A,98,639
at:49:241,at:49:525,43,87,2094
at:49:241,at:49:525,43A,96,723
at:49:241,at:49:525,N43,120,94
at:49:242,at:49:1498,56A,58,573
at:49:242,at:49:952,56A,60,549
at:49:243,at:49:275,52B,60,160
at:49:243,at:49:668,52B,60,160
at:49:244,at:49:341,11A,77,2037
at:49:244,at:49:341,N29,60,74
at:49:244,at:49:569,N29,180,68
at:49:244,at:49:897,11A,120,2049
at:49:245,at:49:1102,3A,60,522
at:49:245,at:49:1193,N25,120,18
at:49:245,at:49:1193,N38,120,16
at:49:245,at:49:1193,N60,120,16
at:49:245,at:49:1193,N66,120,27
at:49:245,at:49:1193,N75,120,16
at:49:245,at:49:1320,U3,60,6844
at:49:245,at:49:1460,1,105,846
at:49:245,at:49:1460,2,90,4003
at:49:245,at:49:1460,71,98,8
at:49:245,at:49:1460,D,79,869
at:49:245,at:49:619,1,93,844
at:49:245,at:49:619,2,93,4018
at:49:245,at:49:619,D,109,864
at:49:245,at:49:743,74A,101,1947
at:49:245,at:49:743,U3,60,6846
at:49:246,at:49:1072,1,240,4
at:49:246,at:49:1072,2,239,1877
at:49:246,at:49:1430,48A,63,2226
at:49:246,at:49:1430,49,146,3223
at:49:246,at:49:1430,52,179,477
at:49:246,at:49:1430,N46,60,37
at:49:246,at:49:190,1,86,4425
at:49:246,at:49:190,2,95,3876
at:49:246,at:49:190,71,107,4254
at:49:246,at:49:190,D,88,3246
at:49:246,at:49:192,1,142,1111
at:49:246,at:49:192,71,140,1189
at:49:246,at:49:192,D,159,1355
at:49:246,at:49:192,N25,60,18
at:49:246,at:49:192,N38,60,16
at:49:246,at:49:192,N60,60,16
at:49:246,at:49:192,N66,60,27
at:49:246,at:49:777,46,120,2228
at:49:246,at:49:777,N46,60,54
at:49:246,at:49:994,1,81,3238
at:49:246,at:49:994,2,81,2469
at:49:246,at:49:994,71,83,3067
at:49:246,at:49:994,D,93,1890
at:49:247,at:49:774,60A,60,1
at:49:247,at:49:774,62A,64,676
at:49:247,at:49:774,N65,62,106
at:49:247,at:49:788,61A,120,264
at:49:247,at:49:788,62A,151,675
at:49:247,at:49:788,64A,120,64
at:49:247,at:49:788,N65,120,96
at:49:248,at:49:1602,56A,60,549
at:49:248,at:49:1602,56B,60,643
at:49:248,at:49:1602,N62,60,16
at:49:248,at:49:1782,56A,42,573
at:49:248,at:49:595,56B,60,633
at:49:248,at:49:595,N62,60,16
at:49:249,at:49:1540,32A,60,1267
at:49:249,at:49:218,32A,60,1364
at:49:25,at:49:351,49A,90,728
at:49:250,at:49:119,34A,60,827
at:49:250,at:49:186,36A,60,218
at:49:250,at:49:186,36B,60,286
at:49:250,at:49:366,34A,60,829
at:49:2500,at:49:1058,11,147,77
at:49:2500,at:49:1058,6,150,158
at:49:2500,at:49:914,1,60,157
at:49:2500,at:49:914,18,60,11
at:49:2500,at:49:914,6,60,58
at:49:2503,at:49:1510,37,156,10
at:49:2503,at:49:1510,38,156,10
at:49:2503,at:49:1510,40,157,92
at:49:2503,at:49:1510,41,155,116
at:49:2503,at:49:1510,42,139,59
at:49:2503,at:49:950,1,155,242
at:49:2503,at:49:950,37,137,42
at:49:2503,at:49:950,38,156,84
at:49:2503,at:49:950,D,147,284
at:49:251,at:49:1397,10A,107,1726
at:49:251,at:49:144,10A,75,1744
at:49:251,at:49:153,40A,60,1138
at:49:251,at:49:803,37A,60,156
at:49:251,at:49:803,40A,60,1084
at:49:252,at:49:540,37,60,862
at:49:253,at:49:557,40A,57,1084
at:49:254,at:49:493,5B,60,1321
at:49:254,at:49:692,5B,142,1337
at:49:255,at:49:391,99A,30,219
at:49:255,at:49:391,99B,30,215
at:49:255,at:49:939,99A,30,215
at:49:255,at:49:939,99B,30,219
at:49:256,at:49:1579,72A,91,116
at:49:256,at:49:319,72A,30,112
at:49:256,at:49:319,76B,30,2
at:49:257,at:49:227,58B,120,610
at:49:257,at:49:49,58B,60,622
at:49:258,at:49:1398,29A,71,946
at:49:258,at:49:1516,29A,36,946
at:49:259,at:49:189,52A,60,188
at:49:26,at:49:393,37,168,338
at:49:26,at:49:393,40,156,2286
at:49:26,at:49:502,37,85,338
at:49:26,at:49:502,40,77,2286
at:49:260,at:49:1135,26,94,817
at:49:260,at:49:1135,27,93,2506
at:49:260,at:49:1135,32A,98,1263
at:49:260,at:49:1135,N20,61,88
at:49:260,at:49:1335,32A,95,1331
at:49:261,at:49:59,64A,60,64
at:49:261,at:49:796,64A,60,65
at:49:262,at:49:1490,10A,96,1807
at:49:262,at:49:508,10A,81,1824
at:49:263,at:49:1970,29B,120,853
at:49:263,at:49:305,29B,101,832
at:49:264,at:49:1508,15A,71,1230
at:49:264,at:49:1508,7A,71,707
at:49:264,at:49:1508,N62,60,27
at:49:264,at:49:1683,63A,119,1074
at:49:264,at:49:53,15A,110,1230
at:49:264,at:49:53,7A,160,707
at:49:264,at:49:53,N62,99,23
at:49:266,at:49:625,52A,60,188
at:49:267,at:49:1232,12A,60,743
at:49:267,at:49:296,N6,120,27
at:49:267,at:49:77,18,120,4066
at:49:267,at:49:77,6,120,2166
at:49:267,at:49:77,N6,67,54
at:49:267,at:49:844,18,134,21
at:49:267,at:49:844,6,180,23
at:49:267,at:49:844,62,136,1747
at:49:267,at:49:844,BB,120,1449
at:49:267,at:49:849,18,121,4087
at:49:267,at:49:849,6,121,2189
at:49:267,at:49:849,62,122,1747
at:49:267,at:49:849,BB,120,1449
at:49:267,at:49:849,N6,120,27
at:49:268,at:49:1220,54B,60,146
at:49:268,at:49:385,54A,60,147
at:49:268,at:49:66,54A,30,148
at:49:268,at:49:66,54B,30,147
at:49:269,at:49:1086,59A,120,1701
at:49:269,at:49:77,59A,120,1701
at:49:27,at:49:178,43,98,3052
at:49:27,at:49:178,N43,120,86
at:49:27,at:49:2912,43,105,24
at:49:27,at:49:615,N8,180,22
at:49:27,at:49:615,U6,71,13380
at:49:27,at:49:874,N8,120,20
at:49:27,at:49:874,U6,73,13373
at:49:27,at:49:988,2,69,7
at:49:27,at:49:988,43,81,3076
at:49:27,at:49:988,N43,107,86
at:49:270,at:49:2006,73A,42,1423
at:49:270,at:49:2006,N71,30,98
at:49:270,at:49:684,73A,41,1432
at:49:270,at:49:684,N71,53,86
at:49:271,at:49:1690,29A,60,946
at:49:271,at:49:771,27A,60,465
at:49:271,at:49:771,28A,60,382
at:49:271,at:49:771,29A,60,946
at:49:271,at:49:773,27A,30,463
at:49:272,at:49:1095,N68,120,22
at:49:272,at:49:1441,68A,120,435
at:49:272,at:49:1441,68B,120,437
at:49:272,at:49:1787,68A,30,434
at:49:272,at:49:1787,68B,30,434
at:49:272,at:49:1787,N68,60,25
at:49:273,at:49:1244,93A,60,638
at:49:273,at:49:1244,N90,60,16
at:49:273,at:49:329,93A,30,648
at:49:273,at:49:329,N90,30,14
at:49:274,at:49:1892,N81,120,27
at:49:274,at:49:1893,82A,118,294
at:49:274,at:49:523,11A,130,2900
at:49:274,at:49:974,11A,60,1994
at:49:274,at:49:974,N81,30,27
at:49:275,at:49:243,52B,60,160
at:49:275,at:49:449,52B,60,160
at:49:276,at:49:1115,2,111,7
at:49:276,at:49:1115,43,92,3076
at:49:276,at:49:1115,9,103,1596
at:49:276,at:49:1115,N43,107,86
at:49:276,at:49:149,9,60,1596
at:49:276,at:49:988,43,94,3076
at:49:276,at:49:988,N43,119,84
at:49:277,at:49:267,12A,59,738
at:49:278,at:49:1000,58A,60,626
at:49:278,at:49:1000,58B,60,1244
at:49:278,at:49:1134,56A,76,541
at:49:278,at:49:1395,56A,60,4
at:49:279,at:49:280,11A,94,2941
at:49:279,at:49:547,11A,60,2908
at:49:28,at:49:1126,9A,85,574
at:49:28,at:49:1249,9A,60,579
at:49:280,at:49:1385,37A,60,870
at:49:280,at:49:1385,5A,82,558
at:49:280,at:49:23,11A,60,2941
at:49:280,at:49:23,5A,60,567
at:49:280,at:49:279,11A,91,2908
at:49:281,at:49:1026,26A,30,2374
at:49:281,at:49:1026,88A,30,106
at:49:281,at:49:1026,N20,60,51
at:49:281,at:49:441,26A,39,2374
at:49:281,at:49:441,88A,60,106
at:49:281,at:49:441,N20,60,47
at:49:282,at:49:1039,77A,73,1166
at:49:282,at:49:1039,78A,60,315
at:49:282,at:49:1039,79A,60,440
at:49:282,at:49:1039,79B,62,162
at:49:282,at:49:1039,N81,60,27
at:49:282,at:49:1894,U2,120,5043
at:49:282,at:49:1894,U2E,240,20
at:49:282,at:49:1895,77A,60,423
at:49:282,at:49:1895,78A,62,315
at:49:282,at:49:1895,79A,61,446
at:49:282,at:49:1895,79B,66,162
at:49:282,at:49:1895,N81,60,27
at:49:282,at:49:290,U2,75,5196
at:49:282,at:49:821,77A,600,833
at:49:283,at:49:1199,77A,118,1464
at:49:283,at:49:1968,N75,60,18
at:49:283,at:49:765,77A,60,1469
at:49:283,at:49:765,N75,60,16
at:49:285,at:49:1007,U6,70,13372
at:49:285,at:49:1499,U6,79,12839
at:49:286,at:49:136,14A,78,1618
at:49:286,at:49:307,14A,104,1618
at:49:287,at:49:1202,38,60,343
at:49:287,at:49:1202,41,60,2426
at:49:287,at:49:1202,N41,60,56
at:49:287,at:49:1397,38,83,343
at:49:287,at:49:1397,41,95,2426
at:49:287,at:49:1397,N41,60,56
at:49:288,at:49:1031,25,60,1752
at:49:288,at:49:1031,26,60,111
at:49:288,at:49:1031,26A,70,2393
at:49:288,at:49:1031,N20,60,81
at:49:288,at:49:1289,86A,57,531
at:49:288,at:49:1289,87A,60,152
at:49:288,at:49:1289,95A,70,1423
at:49:288,at:49:1289,96A,60,74
at:49:288,at:49:1292,94A,60,542
at:49:288,at:49:1292,N90,60,14
at:49:288,at:49:701,25,98,1752
at:49:288,at:49:701,26,67,111
at:49:288,at:49:701,26A,97,2393
at:49:288,at:49:701,N20,60,82
at:49:289,at:49:1199,U3,60,6844
at:49:289,at:49:1749,U3,85,6890
at:49:289,at:49:1769,N75,60,16
at:49:289,at:49:1770,N75,60,18
at:49:29,at:49:112,40A,112,1058
at:49:29,at:49:112,N41,60,18
at:49:29,at:49:1288,12,117,1746
at:49:29,at:49:1288,37,124,493
at:49:29,at:49:1288,38,127,1208
at:49:29,at:49:1288,5,118,1673
at:49:29,at:49:1510,40A,180,1063
at:49:29,at:49:1510,N41,120,18
at:49:29,at:49:202,37,60,493
at:49:29,at:49:202,38,60,1208
at:49:29,at:49:202,N38,60,58
at:49:29,at:49:345,12,126,1742
at:49:29,at:49:345,5,126,1673
at:49:290,at:49:1299,U2,120,5196
at:49:290,at:49:221,92A,108,1044
at:49:290,at:49:221,92B,106,386
at:49:290,at:49:221,N90,120,14
at:49:290,at:49:282,U2,114,5044
at:49:290,at:49:329,93A,120,638
at:49:290,at:49:329,N90,120,16
at:49:290,at:49:642,92A,60,644
at:49:290,at:49:642,93A,60,520
at:49:290,at:49:642,N91,60,18
at:49:290,at:49:683,92B,127,472
at:49:291,at:49:139,44A,60,639
at:49:291,at:49:1445,44A,60,639
at:49:2912,at:49:27,43,60,24
at:49:292,at:49:1061,74A,64,1994
at:49:292,at:49:110,74A,38,1994
at:49:292,at:49:1728,77A,83,1464
at:49:2924,at:49:708,66A,60,40
at:49:2924,at:49:761,66A,180,26
at:49:293,at:49:1018,13A,148,3620
at:49:293,at:49:1018,14A,109,1599
at:49:293,at:49:1018,N71,120,50
at:49:293,at:49:529,57A,60,1133
at:49:293,at:49:56,13A,125,3624
at:49:293,at:49:56,14A,86,1229
at:49:293,at:49:56,N71,120,48
at:49:293,at:49:662,14A,84,370
at:49:293,at:49:662,57A,60,1732
at:49:294,at:49:1525,71A,60,386
at:49:294,at:49:1525,71B,30,30
at:49:294,at:49:1525,71E,60,20
at:49:294,at:49:1525,N71,30,88
at:49:294,at:49:1684,73B,60,844
at:49:294,at:49:1780,71B,30,30
at:49:294,at:49:1780,73B,59,844
at:49:295,at:49:33,15A,174,1250
at:49:295,at:49:761,15A,117,1241
at:49:2953,at:49:14,67A,120,230
at:49:2953,at:49:14,67B,119,192
at:49:2954,at:49:177,68B,60,434
at:49:2954,at:49:177,N68,60,25
at:49:2954,at:49:315,68B,120,437
at:49:2954,at:49:315,N68,30,22
at:49:296,at:49:307,14A,60,1618
at:49:296,at:49:307,N6,120,27
at:49:297,at:49:1166,88B,60,351
at:49:297,at:49:1662,26A,60,2374
at:49:297,at:49:1662,88A,60,106
at:49:297,at:49:1662,99A,60,215
at:49:297,at:49:1662,99B,60,219
at:49:297,at:49:1662,N20,60,47
at:49:297,at:49:1724,98A,58,596
at:49:297,at:49:682,26A,87,2393
at:49:297,at:49:682,88A,103,106
at:49:297,at:49:682,88B,104,351
at:49:297,at:49:682,98A,131,796
at:49:297,at:49:682,N20,120,81
at:49:298,at:49:1724,99A,36,219
at:49:298,at:49:1724,99B,35,215
at:49:298,at:49:391,99A,60,215
at:49:298,at:49:391,99B,60,219
at:49:298,at:49:4,98A,30,596
at:49:299,at:49:1278,U2,66,5040
at:49:299,at:49:1537,26A,71,2393
at:49:299,at:49:1973,U2,60,2199
at:49:299,at:49:318,84A,120,703
at:49:299,at:49:318,97A,174,1046
at:49:299,at:49:477,22A,120,1948
at:49:299,at:49:487,U2,120,1154
at:49:299,at:49:958,26A,120,2393
at:49:299,at:49:958,93A,91,496
at:49:299,at:49:958,97A,120,12
at:49:299,at:49:958,98A,180,780
at:49:3,at:49:856,19A,60,273
at:49:30,at:49:1312,15A,79,1230
at:49:30,at:49:1312,65A,61,464
at:49:300,at:49:1346,1,121,104
at:49:300,at:49:1346,18,143,4653
at:49:300,at:49:1346,O,126,1927
at:49:300,at:49:400,18,97,4653
at:49:300,at:49:736,1,60,153
at:49:300,at:49:736,O,63,1927
at:49:301,at:49:439,D,87,4373
at:49:301,at:49:468,D,84,4359
at:49:301,at:49:491,N36,30,57
at:49:302,at:49:1084,46,84,15
at:49:302,at:49:1084,49,85,153
at:49:302,at:49:1084,52,98,1771
at:49:302,at:49:1084,60,89,21
at:49:302,at:49:55,46,100,15
at:49:302,at:49:55,49,101,162
at:49:302,at:49:55,52,105,1771
at:49:302,at:49:55,60,86,21
at:49:303,at:49:953,56A,102,350
at:49:303,at:49:953,56B,106,323
at:49:303,at:49:953,8A,60,545
at:49:304,at:49:253,40A,35,1084
at:49:305,at:49:1213,29B,60,832
at:49:305,at:49:263,29B,60,832
at:49:306,at:49:1154,14A,79,1618
at:49:306,at:49:1233,12A,174,743
at:49:306,at:49:277,12A,60,738
at:49:307,at:49:286,14A,81,1618
at:49:307,at:49:849,14A,120,1618
at:49:307,at:49:849,N6,67,27
at:49:307,at:49:914,N6,60,27
at:49:309,at:49:428,38A,80,2033
at:49:309,at:49:80,38A,60,2033
at:49:31,at:49:185,20B,30,146
at:49:31,at:49:618,N25,60,18
at:49:31,at:49:627,U1,71,4958
at:49:31,at:49:631,N25,60,16
at:49:31,at:49:641,20A,300,19
at:49:31,at:49:641,U1,71,4944
at:49:311,at:49:1758,46B,60,534
at:49:311,at:49:1796,52B,240,21
at:49:311,at:49:509,46A,42,581
at:49:312,at:49:210,38A,60,1958
at:49:312,at:49:963,38A,30,1958
at:49:314,at:49:1260,11,99,3918
at:49:314,at:49:1260,71,92,6001
at:49:314,at:49:1260,71E,120,20
at:49:314,at:49:1260,D,95,249
at:49:314,at:49:1260,N71,60,98
at:49:314,at:49:1463,11,120,3882
at:49:314,at:49:1463,71,120,6429
at:49:314,at:49:1463,71E,60,22
at:49:314,at:49:1463,N71,60,86
at:49:315,at:49:2954,68B,60,434
at:49:315,at:49:2954,N68,30,25
at:49:315,at:49:721,68A,30,435
at:49:315,at:49:721,68B,30,437
at:49:315,at:49:721,N68,38,22
at:49:315,at:49:729,68A,60,434
at:49:316,at:49:1610,92B,86,21
at:49:316,at:49:809,92B,60,451
at:49:316,at:49:954,92B,60,472
at:49:317,at:49:318,84A,60,714
at:49:317,at:49:880,84A,30,703
at:49:317,at:49:880,N84,30,14
at:49:317,at:49:958,N84,60,14
at:49:318,at:49:1646,97A,70,1046
at:49:318,at:49:299,84A,120,714
at:49:318,at:49:317,84A,60,703
at:49:319,at:49:256,72A,30,116
at:49:319,at:49:324,72A,52,112
at:49:319,at:49:324,76B,60,2
at:49:32,at:49:1212,9A,60,574
at:49:320,at:49:1301,79A,68,446
at:49:320,at:49:1301,79B,75,159
at:49:320,at:49:182,79A,60,440
at:49:320,at:49:182,79B,60,162
at:49:320,at:49:1867,79B,180,3
at:49:321,at:49:1388,67A,60,182
at:49:321,at:49:1388,67B,60,241
at:49:322,at:49:1402,50B,190,196
at:49:322,at:49:2004,50A,202,656
at:49:323,at:49:2003,50A,52,656
at:49:323,at:49:2003,50B,42,196
at:49:324,at:49:1070,76B,60,2
at:49:324,at:49:319,72A,32,116
at:49:324,at:49:465,72A,93,112
at:49:325,at:49:495,31A,30,1116
at:49:329,at:49:273,93A,30,638
at:49:329,at:49:273,N90,30,16
at:49:329,at:49:290,93A,93,648
at:49:329,at:49:290,N90,120,14
at:49:33,at:49:14,N67,200,27
at:49:33,at:49:14,U1,109,4946
at:49:33,at:49:1573,N67,180,9
at:49:33,at:49:1573,U1,109,4954
at:49:33,at:49:295,15A,177,1241
at:49:33,at:49:928,15A,112,1250
at:49:330,at:49:1422,10,71,1402
at:49:330,at:49:1422,N54,120,54
at:49:330,at:49:1466,10,60,1402
at:49:331,at:49:1245,15A,64,1250
at:49:331,at:49:928,15A,60,1246
at:49:332,at:49:1463,69A,118,642
at:49:332,at:49:1463,N71,60,98
at:49:332,at:49:390,73A,94,1423
at:49:332,at:49:40,73A,60,1432
at:49:332,at:49:40,N71,60,86
at:49:332,at:49:800,69A,69,631
at:49:333,at:49:19,12,87,1746
at:49:333,at:49:19,5,75,1673
at:49:333,at:49:753,12,87,1742
at:49:333,at:49:753,5,85,1673
at:49:334,at:49:1186,12,180,6
at:49:334,at:49:1186,26,188,45
at:49:334,at:49:1186,27,178,69
at:49:334,at:49:1186,30,152,1508
at:49:334,at:49:1186,31,157,2398
at:49:334,at:49:1186,5,155,19
at:49:334,at:49:1186,N31,120,26
at:49:334,at:49:1668,U6,107,13329
at:49:334,at:49:50,26,130,783
at:49:334,at:49:50,27,127,2401
at:49:334,at:49:50,N20,84,90
at:49:334,at:49:551,25,135,1197
at:49:334,at:49:551,26,136,1241
at:49:334,at:49:551,26E,124,848
at:49:334,at:49:551,27,127,1620
at:49:334,at:49:551,N20,120,97
at:49:334,at:49:848,12,120,6
at:49:334,at:49:848,30,120,2
at:49:334,at:49:848,31,120,2336
at:49:334,at:49:848,33A,60,184
at:49:334,at:49:848,34A,60,827
at:49:334,at:49:848,5,120,19
at:49:334,at:49:848,N29,60,68
at:49:334,at:49:848,N31,60,27
at:49:334,at:49:995,29A,76,946
at:49:334,at:49:995,29B,91,832
at:49:334,at:49:995,N30,60,32
at:49:336,at:49:1108,35A,60,1346
at:49:336,at:49:1108,N35,30,32
at:49:336,at:49:723,35A,61,1320
at:49:336,at:49:723,N35,60,32
at:49:337,at:49:1143,26A,60,2393
at:49:337,at:49:1143,N20,60,81
at:49:337,at:49:751,26A,60,2393
at:49:337,at:49:751,N20,60,82
at:49:338,at:49:114,47A,60,586
at:49:338,at:49:1382,47A,83,586
at:49:339,at:49:764,51A,55,1008
at:49:339,at:49:846,51A,51,1008
at:49:34,at:49:345,1,120,242
at:49:34,at:49:345,12,120,313
at:49:34,at:49:345,31,133,18
at:49:34,at:49:345,5,123,315
at:49:34,at:49:345,D,120,3674
at:49:34,at:49:99,1,60,252
at:49:34,at:49:99,12,60,313
at:49:34,at:49:99,31,60,18
at:49:34,at:49:99,5,60,315
at:49:34,at:49:99,D,60,3668
at:49:341,at:49:244,11A,73,2049
at:49:341,at:49:244,N29,60,68
at:49:341,at:49:781,11A,74,2037
at:49:341,at:49:781,N29,60,74
at:49:342,at:49:1120,92B,74,472
at:49:342,at:49:990,92B,76,472
at:49:343,at:49:1255,60,90,1362
at:49:343,at:49:1255,N60,60,48
at:49:343,at:49:1417,N60,120,16
at:49:343,at:49:853,56A,114,567
at:49:343,at:49:854,56A,102,541
at:49:343,at:49:854,60,85,1362
at:49:343,at:49:854,N60,120,32
at:49:344,at:49:1403,7A,125,707
at:49:344,at:49:1740,7A,60,707
at:49:345,at:49:29,12,123,1746
at:49:345,at:49:29,5,129,1673
at:49:345,at:49:29,N38,120,58
at:49:345,at:49:34,1,60,252
at:49:345,at:49:34,12,60,313
at:49:345,at:49:34,31,60,18
at:49:345,at:49:34,5,60,315
at:49:345,at:49:34,D,60,3668
at:49:345,at:49:357,12,100,2055
at:49:345,at:49:357,31,90,18
at:49:345,at:49:357,5,97,1988
at:49:345,at:49:371,1,60,242
at:49:345,at:49:371,D,60,3674
at:49:345,at:49:371,N38,60,58
at:49:346,at:49:292,77A,66,1464
at:49:347,at:49:649,92A,60,644
at:49:347,at:49:649,93A,60,520
at:49:347,at:49:649,N91,60,18
at:49:347,at:49:904,92A,60,642
at:49:347,at:49:904,93A,60,496
at:49:347,at:49:904,N91,60,16
at:49:348,at:49:1040,80A,166,1108
at:49:348,at:49:1040,O,158,1927
at:49:348,at:49:1063,O,119,1927
at:49:349,at:49:1552,16A,60,746
at:49:349,at:49:524,16A,60,736
at:49:35,at:49:1139,64B,118,30
at:49:35,at:49:1139,N8,60,16
at:49:35,at:49:1276,62,60,1860
at:49:35,at:49:1276,62A,60,676
at:49:35,at:49:1276,N8,60,16
at:49:35,at:49:1677,16A,160,732
at:49:35,at:49:1799,62A,144,669
at:49:35,at:49:511,16A,57,760
at:49:35,at:49:511,64B,60,29
at:49:350,at:49:1603,61A,60,253
at:49:350,at:49:726,61A,60,264
at:49:351,at:49:562,49A,30,728
at:49:352,at:49:1624,30A,30,682
at:49:353,at:49:630,94A,73,542
at:49:353,at:49:869,94A,60,548
at:49:354,at:49:1535,79A,108,324
at:49:354,at:49:1535,79B,86,23
at:49:354,at:49:207,79A,62,391
at:49:354,at:49:207,79B,100,12
at:49:355,at:49:123,43B,60,55
at:49:355,at:49:123,52A,60,188
at:49:355,at:49:123,52B,60,160
at:49:355,at:49:200,43B,117,55
at:49:355,at:49:200,52A,101,188
at:49:355,at:49:200,52B,104,160
at:49:357,at:49:1062,U4,71,5259
at:49:357,at:49:1124,U4,68,5229
at:49:357,at:49:1444,12,60,2055
at:49:357,at:49:1444,31,60,18
at:49:357,at:49:1444,5,60,1988
at:49:357,at:49:345,12,112,2059
at:49:357,at:49:345,31,133,18
at:49:357,at:49:345,5,114,1988
at:49:358,at:49:113,46,60,15
at:49:358,at:49:113,49,60,153
at:49:358,at:49:113,52,60,1771
at:49:358,at:49:113,60,60,21
at:49:358,at:49:1613,46,100,601
at:49:358,at:49:1613,49,69,3464
at:49:358,at:49:1613,N49,60,100
at:49:358,at:49:534,46,87,586
at:49:358,at:49:534,49,60,3311
at:49:358,at:49:534,N49,60,86
at:49:359,at:49:1497,80A,83,1108
at:49:359,at:49:817,80A,60,707
at:49:359,at:49:821,80A,257,253
at:49:36,at:49:1227,53A,42,356
at:49:36,at:49:560,53A,60,360
at:49:360,at:49:106,50A,71,662
at:49:360,at:49:106,N49,60,54
at:49:360,at:49:1855,50A,32,656
at:49:360,at:49:1855,N49,30,54
at:49:361,at:49:43,72A,39,457
at:49:361,at:49:815,72A,30,459
at:49:362,at:49:1153,39A,46,663
at:49:362,at:49:959,39A,68,663
at:49:363,at:49:1666,N8,60,18
at:49:363,at:49:1705,11A,108,2908
at:49:363,at:49:1705,5A,113,576
at:49:363,at:49:1705,N8,56,18
at:49:363,at:49:235,12,100,6
at:49:363,at:49:235,30,90,2
at:49:363,at:49:235,31,96,2336
at:49:363,at:49:235,5,85,19
at:49:363,at:49:569,12,120,6
at:49:363,at:49:569,2,120,4709
at:49:363,at:49:569,30,120,2
at:49:363,at:49:569,31,120,2667
at:49:363,at:49:569,5,120,19
at:49:363,at:49:569,N31,120,27
at:49:363,at:49:781,11A,92,2049
at:49:363,at:49:781,5A,100,567
at:49:363,at:49:781,N29,60,68
at:49:363,at:49:848,N29,240,74
at:49:363,at:49:848,N31,240,30
at:49:364,at:49:1447,20A,73,793
at:49:364,at:49:611,20A,60,808
at:49:365,at:49:1480,11,79,4685
at:49:365,at:49:1480,N65,40,98
at:49:365,at:49:1753,17A,120,7
at:49:365,at:49:987,11,60,4069
at:49:365,at:49:987,N65,60,96
at:49:366,at:49:1802,34A,120,829
at:49:366,at:49:250,34A,91,827
at:49:367,at:49:1250,39A,60,663
at:49:367,at:49:660,39A,60,663
at:49:368,at:49:103,18,60,21
at:49:368,at:49:103,6,60,23
at:49:368,at:49:103,62,60,1747
at:49:368,at:49:103,BB,60,1449
at:49:368,at:49:1403,63A,166,1074
at:49:368,at:49:470,63A,120,1074
at:49:368,at:49:470,N8,60,16
at:49:368,at:49:844,18,60,21
at:49:368,at:49:844,6,60,23
at:49:368,at:49:844,62,60,1747
at:49:368,at:49:844,BB,60,1449
at:49:369,at:49:21,25,64,1197
at:49:369,at:49:21,26,63,1241
at:49:369,at:49:21,26E,118,848
at:49:369,at:49:21,27,64,1620
at:49:369,at:49:21,N20,60,97
at:49:369,at:49:551,25,87,1197
at:49:369,at:49:551,26,82,1241
at:49:369,at:49:551,26E,120,853
at:49:369,at:49:551,27,77,1620
at:49:369,at:49:551,N20,60,80
at:49:37,at:49:1383,8A,127,542
at:49:37,at:49:690,8A,48,545
at:49:370,at:49:372,45A,66,363
at:49:370,at:49:65,45A,66,356
at:49:371,at:49:112,1,60,242
at:49:371,at:49:112,D,60,3674
at:49:371,at:49:112,N38,60,58
at:49:371,at:49:345,1,120,252
at:49:371,at:49:345,D,138,3668
at:49:371,at:49:345,N38,60,58
at:49:372,at:49:1318,46B,106,534
at:49:372,at:49:370,45A,114,356
at:49:372,at:49:840,45A,114,363
at:49:372,at:49:840,46A,59,581
at:49:376,at:49:1253,10A,126,1744
at:49:376,at:49:1253,38,126,1624
at:49:376,at:49:1253,N38,120,46
at:49:376,at:49:208,10A,99,1726
at:49:376,at:49:474,35A,81,1320
at:49:376,at:49:474,38,78,1624
at:49:376,at:49:474,N35,30,32
at:49:376,at:49:474,N38,60,48
at:49:376,at:49:723,35A,168,1346
at:49:376,at:49:723,N35,150,32
at:49:377,at:49:1045,69A,60,631
at:49:377,at:49:43,69A,80,642
at:49:378,at:49:1801,63A,30,1066
at:49:378,at:49:1801,8A,30,545
at:49:379,at:49:1868,12A,60,743
at:49:379,at:49:436,N6,120,54
at:49:379,at:49:77,N6,120,54
at:49:379,at:49:883,12A,58,738
at:49:379,at:49:883,N60,42,20
at:49:38,at:49:1048,26,60,1634
at:49:38,at:49:1048,85A,71,806
at:49:38,at:49:1048,95B,95,123
at:49:38,at:49:1922,97A,60,1058
at:49:38,at:49:39,26,66,1634
at:49:38,at:49:39,85A,60,816
at:49:38,at:49:39,95B,60,121
at:49:38,at:49:39,97A,60,1020
at:49:38,at:49:39,N23,60,28
at:49:38,at:49:39,N24,60,32
at:49:380,at:49:1443,5B,65,1295
at:49:380,at:49:1443,N31,60,27
at:49:380,at:49:1444,31,102,2571
at:49:380,at:49:654,5A,60,559
at:49:380,at:49:961,2,124,33
at:49:380,at:49:961,31,139,2571
at:49:380,at:49:961,5A,96,392
at:49:380,at:49:961,5B,129,1311
at:49:380,at:49:961,N31,60,27
at:49:381,at:49:1464,63A,84,1030
at:49:381,at:49:1464,8A,83,542
at:49:381,at:49:416,63A,73,1066
at:49:381,at:49:416,8A,69,545
at:49:382,at:49:1910,11,157,4920
at:49:382,at:49:1910,6,153,2294
at:49:382,at:49:1910,D,147,247
at:49:382,at:49:1910,N6,120,54
at:49:382,at:49:484,11,101,4073
at:49:382,at:49:484,6,120,7
at:49:382,at:49:484,69A,119,623
at:49:382,at:49:484,71,84,37
at:49:382,at:49:484,D,87,249
at:49:382,at:49:484,N6,60,54
at:49:382,at:49:563,69A,101,642
at:49:383,at:49:491,11A,60,2049
at:49:384,at:49:1,11,120,4920
at:49:384,at:49:1,6,120,2294
at:49:384,at:49:1,N6,116,54
at:49:384,at:49:1095,11,107,4920
at:49:384,at:49:1095,6,107,2294
at:49:384,at:49:1095,N6,120,54
at:49:385,at:49:268,54A,60,148
at:49:385,at:49:401,53A,67,354
at:49:385,at:49:410,53A,61,348
at:49:385,at:49:410,54A,61,147
at:49:387,at:49:1435,86A,30,532
at:49:387,at:49:1435,87A,30,144
at:49:387,at:49:1435,95A,30,1493
at:49:387,at:49:288,86A,60,531
at:49:387,at:49:288,87A,60,152
at:49:387,at:49:288,95A,60,1479
at:49:388,at:49:1103,32A,60,1364
at:49:388,at:49:1621,32A,60,1267
at:49:388,at:49:203,30,81,1565
at:49:388,at:49:203,31,79,2381
at:49:388,at:49:203,N31,60,21
at:49:388,at:49:471,30,60,1565
at:49:388,at:49:471,31,60,2381
at:49:388,at:49:471,N31,30,24
at:49:389,at:49:1444,2,64,33
at:49:389,at:49:1444,31,106,2610
at:49:389,at:49:1444,5,103,47
at:49:389,at:49:1444,O,60,4
at:49:389,at:49:1470,31,89,2618
at:49:389,at:49:1470,5,70,23
at:49:389,at:49:1470,O,60,1
at:49:39,at:49:1004,N24,60,28
at:49:39,at:49:38,26,77,1634
at:49:39,at:49:38,85A,64,806
at:49:39,at:49:38,95B,66,123
at:49:39,at:49:38,97A,64,1058
at:49:39,at:49:487,26,80,1634
at:49:39,at:49:487,85A,60,816
at:49:39,at:49:487,95B,60,121
at:49:39,at:49:487,97A,60,1020
at:49:39,at:49:487,N23,60,28
at:49:39,at:49:90,N23,60,28
at:49:390,at:49:1756,73A,60,1423
at:49:390,at:49:332,73A,120,1432
at:49:391,at:49:255,99A,60,215
at:49:391,at:49:255,99B,60,219
at:49:391,at:49:298,99A,60,219
at:49:391,at:49:298,99B,60,215
at:49:391,at:49:770,98A,60,596
at:49:392,at:49:1806,43A,60,607
at:49:392,at:49:936,43A,60,607
at:49:393,at:49:1210,37,95,338
at:49:393,at:49:1210,40,89,2286
at:49:393,at:49:1397,10A,92,1646
at:49:393,at:49:1397,38,101,343
at:49:393,at:49:1397,41,102,2418
at:49:393,at:49:1397,N41,60,56
at:49:393,at:49:1446,9,60,1206
at:49:393,at:49:1461,38,97,343
at:49:393,at:49:1461,40,92,1614
at:49:393,at:49:1461,41,82,1731
at:49:393,at:49:1461,41E,60,480
at:49:393,at:49:1461,N41,60,60
at:49:393,at:49:1526,37,89,338
at:49:393,at:49:1526,40,65,642
at:49:393,at:49:1526,41,69,663
at:49:393,at:49:1526,42A,60,2049
at:49:393,at:49:1526,9,72,1206
at:49:393,at:49:217,10A,80,1807
at:49:394,at:49:1337,92A,60,642
at:49:394,at:49:1364,92A,60,644
at:49:395,at:49:1208,42A,60,1022
at:49:395,at:49:718,42A,59,1027
at:49:396,at:49:1812,57A,62,711
at:49:396,at:49:190,57A,76,1431
at:49:396,at:49:1985,57A,88,720
at:49:397,at:49:1041,4A,47,1107
at:49:399,at:49:1749,U3,60,6745
at:49:399,at:49:425,U3,95,6890
at:49:399,at:49:702,71,60,5970
at:49:399,at:49:702,N71,60,87
at:49:399,at:49:885,71,60,6001
at:49:399,at:49:885,D,60,2
at:49:399,at:49:885,N71,60,87
at:49:4,at:49:787,98A,60,596
at:49:40,at:49:332,73A,126,1423
at:49:40,at:49:332,N71,60,98
at:49:40,at:49:571,73A,60,1432
at:49:40,at:49:571,N71,60,86
at:49:400,at:49:1486,18,77,4653
at:49:400,at:49:300,18,90,4653
at:49:401,at:49:1185,54B,180,146
at:49:401,at:49:1220,54B,60,147
at:49:401,at:49:1960,53A,60,348
at:49:403,at:49:1048,95A,60,1493
at:49:403,at:49:1048,95B,60,121
at:49:403,at:49:1048,N23,60,28
at:49:403,at:49:1048,N24,60,32
at:49:403,at:49:896,95A,60,1479
at:49:403,at:49:896,95B,60,123
at:49:403,at:49:896,N23,60,28
at:49:404,at:49:443,35A,60,1320
at:49:404,at:49:443,N35,60,32
at:49:404,at:49:648,35A,60,1346
at:49:404,at:49:648,N35,30,32
at:49:405,at:49:438,37,65,862
at:49:405,at:49:474,38,87,1624
at:49:405,at:49:474,N38,120,46
at:49:405,at:49:786,N38,60,58
at:49:405,at:49:950,35A,84,1320
at:49:405,at:49:950,37,76,862
at:49:405,at:49:950,37A,63,870
at:49:405,at:49:950,N35,60,32
at:49:405,at:49:950,N36,60,30
at:49:405,at:49:950,N8,60,18
at:49:406,at:49:1150,56A,114,573
at:49:406,at:49:181,56A,51,549
at:49:407,at:49:1042,5A,95,392
at:49:408,at:49:1283,56A,240,223
at:49:408,at:49:1283,56B,240,310
at:49:408,at:49:1304,10,60,45
at:49:408,at:49:1304,52,62,57
at:49:408,at:49:1304,60,70,1289
at:49:408,at:49:1304,N60,60,48
at:49:408,at:49:233,10,120,45
at:49:408,at:49:233,52,120,57
at:49:408,at:49:233,60,120,1289
at:49:408,at:49:233,N60,60,48
at:49:408,at:49:45,56A,180,213
at:49:408,at:49:45,56B,180,310
at:49:408,at:49:45,58A,180,258
at:49:408,at:49:45,58B,180,258
at:49:409,at:49:612,49A,46,726
at:49:409,at:49:612,50B,47,196
at:49:41,at:49:1085,12A,88,738
at:49:41,at:49:1085,N60,60,20
at:49:41,at:49:379,12A,87,743
at:49:410,at:49:1475,54A,60,147
at:49:410,at:49:1505,53A,68,348
at:49:410,at:49:385,53A,60,354
at:49:410,at:49:385,54A,60,148
at:49:411,at:49:1205,92A,50,1044
at:49:411,at:49:1205,92B,60,386
at:49:411,at:49:1205,N90,30,14
at:49:411,at:49:1209,92A,46,1040
at:49:411,at:49:1209,92B,30,376
at:49:411,at:49:1209,N90,30,16
at:49:412,at:49:1384,53A,30,354
at:49:413,at:49:1117,64A,60,280
at:49:413,at:49:1117,N64,60,16
at:49:413,at:49:867,64A,60,279
at:49:413,at:49:867,N64,30,16
at:49:414,at:49:1270,22A,60,1948
at:49:414,at:49:477,22A,60,1929
at:49:415,at:49:157,1A,108,676
at:49:415,at:49:157,2A,119,581
at:49:416,at:49:1383,63A,109,1066
at:49:416,at:49:37,8A,75,545
at:49:417,at:49:538,74A,60,2080
at:49:418,at:49:878,44A,53,410
at:49:419,at:49:1198,N29,144,68
at:49:419,at:49:659,2,69,4016
at:49:419,at:49:659,N29,60,74
at:49:42,at:49:1257,15A,84,1204
at:49:42,at:49:484,69A,125,642
at:49:42,at:49:814,15A,63,1206
at:49:42,at:49:879,69A,64,623
at:49:420,at:49:215,37A,60,156
at:49:420,at:49:215,40A,60,1084
at:49:420,at:49:803,37A,60,154
at:49:420,at:49:803,40A,60,1090
at:49:421,at:49:1171,64A,224,104
at:49:421,at:49:1937,64A,61,175
at:49:421,at:49:679,62A,68,676
at:49:421,at:49:679,N65,62,106
at:49:421,at:49:728,62A,60,669
at:49:421,at:49:728,64A,60,280
at:49:421,at:49:728,N65,60,96
at:49:422,at:49:1180,98A,63,596
at:49:424,at:49:11,5A,65,576
at:49:425,at:49:1260,N71,60,97
at:49:425,at:49:1260,U3,60,6890
at:49:425,at:49:160,11,68,3918
at:49:425,at:49:160,71,76,6007
at:49:425,at:49:160,D,63,249
at:49:425,at:49:1757,11,94,4073
at:49:425,at:49:1757,6,120,7
at:49:425,at:49:1757,D,95,247
at:49:425,at:49:1757,N6,60,54
at:49:425,at:49:1971,76A,120,348
at:49:425,at:49:1971,76B,120,190
at:49:425,at:49:399,U3,69,6745
at:49:425,at:49:702,71,102,6001
at:49:425,at:49:702,76A,120,260
at:49:425,at:49:702,76B,120,236
at:49:425,at:49:702,D,120,2
at:49:425,at:49:702,N71,60,87
at:49:425,at:49:814,15A,118,1204
at:49:426,at:49:168,38A,106,2033
at:49:426,at:49:526,38A,60,75
at:49:426,at:49:61,38,60,1624
at:49:426,at:49:61,N38,60,48
at:49:426,at:49:963,38A,76,1958
at:49:427,at:49:1299,86A,60,531
at:49:427,at:49:1299,87A,60,152
at:49:428,at:49:1231,D,76,4359
at:49:428,at:49:1231,N36,60,27
at:49:428,at:49:309,38A,60,2033
at:49:428,at:49:468,D,76,4373
at:49:428,at:49:468,N36,30,30
at:49:428,at:49:491,38A,164,2033
at:49:429,at:49:485,94A,60,542
at:49:43,at:49:1574,72A,60,31
at:49:43,at:49:361,72A,53,459
at:49:43,at:49:377,69A,60,631
at:49:43,at:49:479,72A,60,426
at:49:43,at:49:879,69A,60,642
at:49:430,at:49:903,93A,40,530
at:49:430,at:49:903,95A,30,1482
at:49:430,at:49:903,N91,60,18
at:49:430,at:49:912,93A,69,496
at:49:430,at:49:912,N91,60,16
at:49:431,at:49:1229,30,139,1565
at:49:431,at:49:1229,31,138,2381
at:49:431,at:49:1229,N31,60,21
at:49:431,at:49:130,30A,60,822
at:49:431,at:49:130,31A,60,1112
at:49:431,at:49:1627,30A,69,140
at:49:431,at:49:1627,32A,116,1364
at:49:431,at:49:203,30,60,1565
at:49:431,at:49:203,31,60,2381
at:49:431,at:49:203,36A,120,218
at:49:431,at:49:203,36B,120,286
at:49:431,at:49:203,N31,120,24
at:49:431,at:49:483,30A,93,678
at:49:431,at:49:483,31A,61,1112
at:49:431,at:49:483,32A,101,38
at:49:431,at:49:483,36A,117,220
at:49:431,at:49:483,36B,114,284
at:49:432,at:49:1342,67A,82,230
at:49:432,at:49:1342,67B,92,192
at:49:432,at:49:1342,N67,38,25
at:49:432,at:49:971,67A,60,231
at:49:432,at:49:971,67B,60,190
at:49:432,at:49:971,N67,40,27
at:49:434,at:49:113,46,84,15
at:49:434,at:49:113,47A,120,586
at:49:434,at:49:113,49,60,162
at:49:434,at:49:113,52,66,1771
at:49:434,at:49:113,60,60,21
at:49:434,at:49:1517,46,60,15
at:49:434,at:49:1517,49,60,153
at:49:434,at:49:1517,52,60,1771
at:49:434,at:49:1517,60,60,21
at:49:435,at:49:382,69A,112,623
at:49:436,at:49:1275,57A,120,1012
at:49:436,at:49:1468,N6,120,54
at:49:436,at:49:1468,N8,120,16
at:49:436,at:49:1468,U6,103,13373
at:49:436,at:49:1725,N6,30,54
at:49:436,at:49:1986,57A,97,422
at:49:436,at:49:52,57A,54,1735
at:49:436,at:49:52,N8,30,16
at:49:436,at:49:820,U6,110,13380
at:49:436,at:49:827,18,72,4066
at:49:436,at:49:827,6,73,2166
at:49:436,at:49:833,18,60,4066
at:49:436,at:49:833,6,60,2166
at:49:437,at:49:1179,12A,80,1174
at:49:437,at:49:1468,N54,240,48
at:49:437,at:49:67,12A,152,255
at:49:437,at:49:712,12A,91,924
at:49:438,at:49:135,37,60,862
at:49:438,at:49:405,37,98,862
at:49:439,at:49:1068,D,80,4373
at:49:439,at:49:1068,N36,60,30
at:49:439,at:49:109,10A,78,1726
at:49:439,at:49:109,39A,73,663
at:49:439,at:49:301,D,88,4359
at:49:439,at:49:301,N36,60,27
at:49:439,at:49:491,10A,120,1744
at:49:439,at:49:491,39A,120,663
at:49:44,at:49:804,4A,61,1106
at:49:44,at:49:929,4A,99,1107
at:49:440,at:49:1200,9,134,1570
at:49:440,at:49:197,9,89,1570
at:49:441,at:49:281,26A,52,2374
at:49:441,at:49:281,88A,59,106
at:49:441,at:49:281,N20,30,51
at:49:442,at:49:1517,46,60,15
at:49:442,at:49:1517,49,60,162
at:49:442,at:49:1517,52,60,1771
at:49:442,at:49:1517,60,60,21
at:49:442,at:49:819,46,60,15
at:49:442,at:49:819,49,60,153
at:49:442,at:49:819,52,60,1771
at:49:442,at:49:819,60,60,21
at:49:443,at:49:404,35A,74,1346
at:49:443,at:49:404,N35,60,32
at:49:443,at:49:714,35A,60,1320
at:49:443,at:49:714,N35,30,32
at:49:444,at:49:1160,SEV BB,480,246
at:49:444,at:49:1214,BB,60,2089
at:49:444,at:49:1857,N65,60,96
at:49:444,at:49:212,16A,126,732
at:49:444,at:49:212,65A,120,16
at:49:444,at:49:212,N65,94,106
at:49:444,at:49:585,BB,180,2089
at:49:444,at:49:585,SEV BB,360,246
at:49:444,at:49:930,16A,30,760
at:49:444,at:49:930,65A,30,16
at:49:445,at:49:1317,10,71,1385
at:49:445,at:49:1317,46,65,586
at:49:445,at:49:1317,49,60,138
at:49:445,at:49:1664,48A,120,2252
at:49:445,at:49:597,10,121,1385
at:49:445,at:49:597,46,128,586
at:49:445,at:49:597,49,60,138
at:49:445,at:49:981,48A,96,2400
at:49:446,at:49:1025,71,60,37
at:49:446,at:49:1025,D,67,4219
at:49:446,at:49:1193,D,216,4211
at:49:447,at:49:1078,15A,114,1230
at:49:447,at:49:1312,15A,63,1230
at:49:447,at:49:1312,65A,62,464
at:49:447,at:49:1572,65A,30,464
at:49:448,at:49:1323,37A,60,156
at:49:448,at:49:1323,40A,60,1084
at:49:448,at:49:1509,40A,48,1090
at:49:449,at:49:275,52B,60,160
at:49:449,at:49:566,52B,44,160
at:49:45,at:49:1550,56A,102,350
at:49:45,at:49:1550,56B,106,323
at:49:45,at:49:1550,58A,114,626
at:49:45,at:49:1550,58B,114,622
at:49:45,at:49:408,56A,180,223
at:49:45,at:49:408,56B,180,310
at:49:45,at:49:520,56A,119,549
at:49:45,at:49:520,56B,115,632
at:49:45,at:49:520,58A,123,620
at:49:45,at:49:520,58B,121,620
at:49:450,at:49:1763,44B,60,416
at:49:450,at:49:241,43,93,2094
at:49:450,at:49:241,43A,119,723
at:49:450,at:49:241,44A,67,639
at:49:450,at:49:241,N43,60,94
at:49:450,at:49:505,43,146,2766
at:49:450,at:49:505,43A,229,359
at:49:450,at:49:505,44A,148,639
at:49:450,at:49:505,N43,120,94
at:49:450,at:49:784,10,95,1392
at:49:450,at:49:784,12,84,101
at:49:450,at:49:784,2,86,4486
at:49:451,at:49:1706,N61,60,18
at:49:453,at:49:818,77A,60,628
at:49:453,at:49:818,78A,60,315
at:49:454,at:49:1956,29B,60,853
at:49:454,at:49:1956,N25,60,16
at:49:454,at:49:980,29B,60,837
at:49:455,at:49:811,97A,122,1031
at:49:456,at:49:173,12,60,101
at:49:456,at:49:173,2,82,4385
at:49:456,at:49:602,12,120,101
at:49:456,at:49:602,2,166,4372
at:49:457,at:49:415,1A,60,676
at:49:457,at:49:415,2A,60,581
at:49:458,at:49:1200,49,114,3238
at:49:458,at:49:1200,9,101,1570
at:49:458,at:49:1200,E3,104,708
at:49:458,at:49:1200,N49,60,32
at:49:458,at:49:1413,49,122,3247
at:49:458,at:49:1413,9,108,1570
at:49:458,at:49:1413,E3,106,708
at:49:458,at:49:1413,N49,120,36
at:49:459,at:49:106,50A,60,656
at:49:459,at:49:106,N49,60,54
at:49:459,at:49:2004,50A,71,662
at:49:46,at:49:1001,56A,75,4
at:49:46,at:49:1001,58A,60,626
at:49:46,at:49:1001,58B,63,622
at:49:46,at:49:1284,58A,93,620
at:49:46,at:49:1655,63A,60,1030
at:49:46,at:49:240,56A,120,4
at:49:46,at:49:240,58B,120,620
at:49:460,at:49:106,50B,30,196
at:49:461,at:49:1425,71,160,6050
at:49:461,at:49:1425,N71,60,87
at:49:461,at:49:688,71,97,6081
at:49:461,at:49:688,77A,60,1469
at:49:461,at:49:688,D,60,2
at:49:461,at:49:688,N71,60,87
at:49:463,at:49:1476,76B,120,426
at:49:463,at:49:1487,76A,60,386
at:49:463,at:49:1487,76B,60,420
at:49:463,at:49:831,76A,120,396
at:49:464,at:49:1259,76A,60,386
at:49:464,at:49:1259,76B,60,420
at:49:464,at:49:146,76A,60,396
at:49:464,at:49:146,76B,60,426
at:49:465,at:49:1070,76A,60,616
at:49:465,at:49:1070,76B,60,418
at:49:465,at:49:131,76A,60,396
at:49:465,at:49:131,76B,60,426
at:49:465,at:49:1652,72A,52,114
at:49:465,at:49:256,76B,120,2
at:49:465,at:49:324,72A,51,116
at:49:466,at:49:535,73B,35,844
at:49:467,at:49:502,37,95,338
at:49:467,at:49:502,40,95,2286
at:49:468,at:49:301,D,91,4373
at:49:468,at:49:301,N36,120,30
at:49:468,at:49:428,D,86,4359
at:49:468,at:49:428,N36,60,27
at:49:469,at:49:902,71E,60,22
at:49:469,at:49:902,73A,52,604
at:49:469,at:49:902,73B,30,844
at:49:469,at:49:902,N71,53,86
at:49:469,at:49:991,73A,60,618
at:49:469,at:49:991,73B,60,844
at:49:47,at:49:234,N25,60,18
at:49:470,at:49:103,59A,113,1739
at:49:470,at:49:103,N8,60,16
at:49:470,at:49:1469,59A,60,1701
at:49:470,at:49:368,63A,110,1074
at:49:470,at:49:820,N8,120,16
at:49:470,at:49:937,63A,120,1074
at:49:471,at:49:132,30,60,1565
at:49:471,at:49:132,31,60,2381
at:49:471,at:49:132,N31,60,24
at:49:471,at:49:388,30,92,1565
at:49:471,at:49:388,31,87,2381
at:49:471,at:49:388,N31,60,21
at:49:472,at:49:1014,46,111,586
at:49:472,at:49:1014,49,83,3302
at:49:472,at:49:1014,N49,100,100
at:49:472,at:49:780,46,107,586
at:49:472,at:49:780,49,99,3311
at:49:472,at:49:780,N49,109,86
at:49:473,at:49:1278,25,120,1752
at:49:473,at:49:1278,26,120,111
at:49:473,at:49:1278,95A,71,1423
at:49:473,at:49:1278,N20,60,82
at:49:473,at:49:1278,U2,60,5196
at:49:473,at:49:1299,U2,60,5044
at:49:473,at:49:1337,92A,119,644
at:49:473,at:49:675,92A,108,642
at:49:473,at:49:675,96A,120,74
at:49:473,at:49:749,25,83,1752
at:49:473,at:49:749,26,84,111
at:49:473,at:49:749,95A,66,1482
at:49:473,at:49:749,96A,117,73
at:49:473,at:49:749,N20,60,81
at:49:474,at:49:376,10A,64,1744
at:49:474,at:49:376,35A,99,1289
at:49:474,at:49:376,38,60,1624
at:49:474,at:49:376,N35,60,34
at:49:474,at:49:376,N38,60,46
at:49:474,at:49:405,35A,143,1320
at:49:474,at:49:405,N35,90,32
at:49:474,at:49:405,N38,120,48
at:49:474,at:49:950,38,168,1624
at:49:475,at:49:884,92A,109,1044
at:49:475,at:49:884,92B,117,386
at:49:475,at:49:884,N90,60,14
at:49:475,at:49:917,92A,60,1040
at:49:475,at:49:917,92B,60,376
at:49:475,at:49:917,N90,30,16
at:49:476,at:49:1537,26A,60,2393
at:49:476,at:49:701,26A,92,2393
at:49:477,at:49:299,22A,108,1929
at:49:477,at:49:414,22A,60,1948
at:49:478,at:49:198,N61,60,16
at:49:478,at:49:647,N61,60,18
at:49:479,at:49:1162,72A,30,428
at:49:48,at:49:1015,U6,208,2470
at:49:48,at:49:1394,U6,108,10851
at:49:48,at:49:1499,U6,120,13328
at:49:48,at:49:1514,16A,180,302
at:49:48,at:49:1514,N65,169,17
at:49:48,at:49:1857,16A,46,430
at:49:48,at:49:1857,N65,58,89
at:49:48,at:49:674,16A,52,760
at:49:48,at:49:674,N65,30,96
at:49:482,at:49:259,52A,60,188
at:49:483,at:49:1660,30A,60,678
at:49:483,at:49:1660,32A,60,1291
at:49:483,at:49:431,30A,64,822
at:49:483,at:49:431,31A,30,1112
at:49:483,at:49:431,32A,99,1381
at:49:483,at:49:431,36A,86,218
at:49:483,at:49:431,36B,80,286
at:49:483,at:49:593,36A,103,220
at:49:483,at:49:593,36B,101,284
at:49:483,at:49:598,31A,119,1112
at:49:484,at:49:1263,11,120,4073
at:49:484,at:49:1263,6,120,7
at:49:484,at:49:1263,71,120,37
at:49:484,at:49:1263,D,120,249
at:49:484,at:49:1263,N6,116,54
at:49:484,at:49:382,11,83,4073
at:49:484,at:49:382,6,103,7
at:49:484,at:49:382,69A,103,642
at:49:484,at:49:382,D,93,247
at:49:484,at:49:382,N6,60,54
at:49:484,at:49:42,69A,82,623
at:49:485,at:49:1291,94A,120,548
at:49:485,at:49:1299,94A,192,542
at:49:486,at:49:1497,1,85,5392
at:49:487,at:49:1973,U2,60,2154
at:49:487,at:49:299,U2,120,1133
at:49:487,at:49:39,26,60,1634
at:49:487,at:49:39,85A,60,806
at:49:487,at:49:39,95B,60,123
at:49:487,at:49:39,97A,60,1058
at:49:487,at:49:39,N23,60,28
at:49:487,at:49:828,97A,60,1031
at:49:487,at:49:910,U2,120,3353
at:49:488,at:49:1800,43A,180,172
at:49:488,at:49:521,43A,183,172
at:49:489,at:49:1217,29A,111,946
at:49:489,at:49:1217,29B,100,832
at:49:489,at:49:1217,N30,60,32
at:49:489,at:49:1398,29A,76,946
at:49:489,at:49:1398,29B,66,832
at:49:489,at:49:1398,N30,60,32
at:49:49,at:49:1134,56A,60,4
at:49:49,at:49:1134,58B,60,622
at:49:49,at:49:1361,56A,60,563
at:49:49,at:49:1361,60A,60,407
at:49:49,at:49:257,58B,60,610
at:49:49,at:49:655,60A,120,410
at:49:49,at:49:853,56A,114,541
at:49:491,at:49:1062,U4,120,5229
at:49:491,at:49:116,38B,600,2
at:49:491,at:49:1702,38A,60,2033
at:49:491,at:49:1702,5B,60,1337
at:49:491,at:49:439,10A,167,1726
at:49:491,at:49:439,39A,173,663
at:49:491,at:49:439,N36,120,30
at:49:491,at:49:468,N36,60,27
at:49:491,at:49:891,11A,108,2037
at:49:493,at:49:254,5B,60,1337
at:49:493,at:49:897,5B,91,1321
at:49:494,at:49:1130,2,120,66
at:49:494,at:49:1130,5B,60,1311
at:49:494,at:49:1891,2,89,4435
at:49:494,at:49:1891,5B,120,1295
at:49:494,at:49:1891,N29,60,68
at:49:494,at:49:51,2,99,4541
at:49:494,at:49:51,N29,67,74
at:49:495,at:49:1277,31A,60,1076
at:49:495,at:49:1851,31A,60,1112
at:49:498,at:49:1184,1A,105,676
at:49:499,at:49:1536,79B,60,139
at:49:499,at:49:182,79A,180,55
at:49:499,at:49:182,79B,66,150
at:49:5,at:49:1388,67A,56,48
at:49:5,at:49:724,67A,60,109
at:49:5,at:49:724,67B,30,87
at:49:5,at:49:741,67A,59,71
at:49:50,at:49:334,26,115,827
at:49:50,at:49:334,27,120,2430
at:49:50,at:49:334,33A,120,184
at:49:50,at:49:334,34A,100,829
at:49:50,at:49:334,N20,61,88
at:49:50,at:49:334,N29,64,28
at:49:50,at:49:943,26,108,783
at:49:50,at:49:943,27,111,2401
at:49:50,at:49:943,N20,60,90
at:49:500,at:49:1385,12,75,2116
at:49:500,at:49:1385,2,97,4501
at:49:500,at:49:1385,N29,60,68
at:49:500,at:49:1385,O,92,66
at:49:500,at:49:1667,U6,80,13329
at:49:500,at:49:1705,U6,75,13646
at:49:500,at:49:219,5A,54,558
at:49:500,at:49:569,12,81,2105
at:49:500,at:49:569,2,89,4541
at:49:500,at:49:569,37A,120,359
at:49:500,at:49:569,N29,120,74
at:49:500,at:49:569,O,110,69
at:49:500,at:49:813,37A,68,864
at:49:500,at:49:813,5A,60,559
at:49:501,at:49:1324,12A,108,924
at:49:501,at:49:712,12A,95,920
at:49:502,at:49:26,37,83,338
at:49:502,at:49:26,40,98,2286
at:49:502,at:49:467,37,60,338
at:49:502,at:49:467,40,60,2286
at:49:503,at:49:1221,89A,60,283
at:49:503,at:49:1448,89A,60,279
at:49:504,at:49:1100,60,94,1362
at:49:504,at:49:1100,N60,60,48
at:49:504,at:49:1602,56A,66,573
at:49:504,at:49:1602,56B,65,633
at:49:504,at:49:1602,N62,68,16
at:49:504,at:49:539,56A,111,549
at:49:504,at:49:539,56B,108,643
at:49:504,at:49:539,60,119,1362
at:49:504,at:49:539,62,99,1887
at:49:504,at:49:539,N60,120,48
at:49:504,at:49:539,N62,83,23
at:49:504,at:49:710,62,65,1887
at:49:505,at:49:1682,42A,120,1022
at:49:505,at:49:450,12,120,4
at:49:505,at:49:450,2,83,187
at:49:505,at:49:450,43,102,2770
at:49:505,at:49:450,43A,120,362
at:49:505,at:49:450,44A,120,639
at:49:505,at:49:450,N43,120,94
at:49:505,at:49:508,43,131,2613
at:49:505,at:49:508,43A,180,359
at:49:505,at:49:508,N43,114,94
at:49:506,at:49:1320,U3,69,6846
at:49:506,at:49:1430,U3,70,6844
at:49:506,at:49:873,1A,60,676
at:49:506,at:49:873,2A,60,572
at:49:507,at:49:124,44,61,719
at:49:507,at:49:178,44,73,719
at:49:508,at:49:1099,10A,66,1824
at:49:508,at:49:1115,2,120,150
at:49:508,at:49:1115,43,114,3076
at:49:508,at:49:1115,9,90,60
at:49:508,at:49:1115,N43,179,84
at:49:508,at:49:262,10A,68,1807
at:49:508,at:49:505,12,60,4
at:49:508,at:49:505,2,97,187
at:49:508,at:49:505,42A,120,1027
at:49:508,at:49:505,43,142,2770
at:49:508,at:49:505,43A,30,362
at:49:508,at:49:505,N43,120,94
at:49:509,at:49:1087,46A,60,581
at:49:509,at:49:311,46B,46,534
at:49:51,at:49:1079,2,89,4541
at:49:51,at:49:1079,N29,60,74
at:49:51,at:49:494,2,75,4501
at:49:51,at:49:494,N29,60,68
at:49:51,at:49:941,5,128,1977
at:49:51,at:49:941,O,120,4
at:49:51,at:49:944,5,71,1977
at:49:51,at:49:944,O,60,1
at:49:510,at:49:127,7A,95,707
at:49:510,at:49:86,7A,147,707
at:49:511,at:49:1174,16A,60,18
at:49:511,at:49:1174,62,75,1860
at:49:511,at:49:1852,16A,30,732
at:49:511,at:49:1852,64B,30,30
at:49:511,at:49:35,62,120,1860
at:49:512,at:49:1496,79A,60,440
at:49:512,at:49:1496,79B,60,23
at:49:512,at:49:182,79A,180,391
at:49:512,at:49:182,79B,180,12
at:49:513,at:49:1063,1,101,5392
at:49:513,at:49:1063,N29,60,72
at:49:513,at:49:1071,1,79,5357
at:49:513,at:49:1071,N29,60,78
at:49:51351,at:49:51352,49B,30,97
at:49:51352,at:49:51353,49B,60,97
at:49:51353,at:49:51354,49B,30,97
at:49:51354,at:49:51355,49B,60,100
at:49:51355,at:49:51359,49B,60,100
at:49:51356,at:49:51359,49B,60,97
at:49:51359,at:49:51351,49B,60,97
at:49:51359,at:49:51356,49B,60,100
at:49:514,at:49:1021,44A,60,410
at:49:514,at:49:719,44A,79,639
at:49:515,at:49:158,44A,30,639
at:49:515,at:49:241,44A,60,639
at:49:516,at:49:1415,56A,60,551
at:49:516,at:49:1417,56A,42,577
at:49:517,at:49:1047,59A,66,1618
at:49:517,at:49:1047,N71,60,43
at:49:52,at:49:1324,57A,51,1735
at:49:52,at:49:1324,N8,60,16
at:49:52,at:49:436,57A,109,1735
at:49:52,at:49:436,N8,60,16
at:49:520,at:49:1176,10,120,1385
at:49:520,at:49:1176,52,120,56
at:49:520,at:49:1176,60,120,1169
at:49:520,at:49:1176,N60,107,18
at:49:520,at:49:1211,U4,120,5207
at:49:520,at:49:1561,51A,121,1008
at:49:520,at:49:1561,51B,157,320
at:49:520,at:49:161,U4,60,5180
at:49:520,at:49:1846,N54,120,48
at:49:520,at:49:233,10,112,1447
at:49:520,at:49:233,52,120,57
at:49:520,at:49:233,60,137,1289
at:49:520,at:49:233,N54,60,54
at:49:520,at:49:233,N60,80,48
at:49:520,at:49:45,56A,120,573
at:49:520,at:49:45,56B,120,633
at:49:520,at:49:45,58A,120,626
at:49:520,at:49:45,58B,120,622
at:49:521,at:49:1246,43A,120,607
at:49:521,at:49:488,43A,170,172
at:49:523,at:49:274,11A,60,1891
at:49:523,at:49:620,11A,60,2906
at:49:523,at:49:620,12,60,2064
at:49:524,at:49:1342,67A,61,231
at:49:524,at:49:1342,67B,60,190
at:49:524,at:49:1342,N67,60,27
at:49:524,at:49:1456,17A,30,374
at:49:524,at:49:1456,N17,60,23
at:49:524,at:49:1481,16A,60,736
at:49:524,at:49:1481,17A,60,375
at:49:524,at:49:1481,67A,60,230
at:49:524,at:49:1481,67B,60,192
at:49:524,at:49:1481,N17,30,14
at:49:524,at:49:1481,N67,60,25
at:49:524,at:49:349,16A,46,746
at:49:525,at:49:241,43,86,2094
at:49:525,at:49:241,43A,120,721
at:49:525,at:49:241,N43,60,94
at:49:525,at:49:935,43,80,2094
at:49:525,at:49:935,43A,145,723
at:49:525,at:49:935,N43,60,94
at:49:526,at:49:426,38A,110,2033
at:49:527,at:49:1063,1,84,5357
at:49:527,at:49:1063,N29,60,78
at:49:527,at:49:1063,O,87,1927
at:49:527,at:49:619,1,108,5288
at:49:527,at:49:619,N29,75,72
at:49:527,at:49:845,1,109,104
at:49:527,at:49:845,O,108,1927
at:49:528,at:49:1435,95A,71,1479
at:49:529,at:49:175,57A,89,1434
at:49:529,at:49:293,57A,85,1434
at:49:53,at:49:1403,7A,105,707
at:49:53,at:49:1571,15A,52,1230
at:49:53,at:49:1571,N62,30,23
at:49:53,at:49:264,15A,99,1230
at:49:53,at:49:264,63A,120,1074
at:49:53,at:49:264,7A,102,707
at:49:53,at:49:264,N62,120,27
at:49:530,at:49:1038,22A,120,430
at:49:530,at:49:1360,22A,69,1948
at:49:530,at:49:1360,N23,60,28
at:49:530,at:49:528,95A,61,1479
at:49:530,at:49:531,22A,60,986
at:49:530,at:49:531,95A,60,1493
at:49:530,at:49:531,95B,60,41
at:49:530,at:49:531,N23,60,28
at:49:530,at:49:531,N24,60,32
at:49:530,at:49:532,22A,60,513
at:49:530,at:49:532,95B,30,81
at:49:531,at:49:1038,22A,81,986
at:49:531,at:49:530,22A,60,1432
at:49:531,at:49:530,95A,60,1479
at:49:531,at:49:530,95B,60,82
at:49:531,at:49:530,N23,60,28
at:49:531,at:49:532,95B,132,41
at:49:531,at:49:896,95A,60,1493
at:49:531,at:49:896,95B,56,81
at:49:531,at:49:896,N23,60,28
at:49:531,at:49:896,N24,30,32
at:49:532,at:49:1807,95B,95,41
at:49:532,at:49:1946,22A,49,513
at:49:532,at:49:530,22A,60,516
at:49:532,at:49:530,95B,30,41
at:49:532,at:49:58,95B,79,80
at:49:533,at:49:1408,28A,80,388
at:49:533,at:49:561,28A,60,378
at:49:534,at:49:1438,46,60,586
at:49:534,at:49:1438,49,60,3311
at:49:534,at:49:1438,N49,60,86
at:49:534,at:49:358,46,79,586
at:49:534,at:49:358,49,60,3302
at:49:534,at:49:358,N49,60,100
at:49:535,at:49:1334,73B,85,844
at:49:535,at:49:1418,73B,44,844
at:49:537,at:49:1429,34A,60,180
at:49:538,at:49:763,74A,110,2080
at:49:539,at:49:1283,10,120,45
at:49:539,at:49:1283,52,120,57
at:49:539,at:49:1283,56A,114,549
at:49:539,at:49:1283,56B,108,632
at:49:539,at:49:1283,60,107,1289
at:49:539,at:49:1283,N60,120,48
at:49:539,at:49:1453,10,60,45
at:49:539,at:49:1453,52,60,57
at:49:539,at:49:1453,60,71,110
at:49:539,at:49:1453,62,77,1938
at:49:539,at:49:1453,N62,39,23
at:49:539,at:49:504,56A,114,573
at:49:539,at:49:504,56B,114,633
at:49:539,at:49:504,60,93,1362
at:49:539,at:49:504,62,90,1938
at:49:539,at:49:504,N60,80,48
at:49:539,at:49:504,N62,120,23
at:49:54,at:49:156,51A,81,891
at:49:54,at:49:156,51B,60,323
at:49:54,at:49:1853,51A,75,117
at:49:54,at:49:1853,51B,60,320
at:49:54,at:49:764,51A,60,1008
at:49:540,at:49:1008,37,60,862
at:49:540,at:49:252,37,120,862
at:49:542,at:49:1015,8A,154,542
at:49:542,at:49:1160,7A,211,713
at:49:542,at:49:1376,8A,60,545
at:49:542,at:49:1546,7A,70,725
at:49:543,at:49:1464,63A,60,1066
at:49:543,at:49:1464,8A,60,545
at:49:543,at:49:1801,63A,60,1030
at:49:543,at:49:1801,8A,60,542
at:49:544,at:49:1203,1A,60,676
at:49:544,at:49:1203,3A,60,660
at:49:544,at:49:157,2A,60,136
at:49:544,at:49:157,3A,60,644
at:49:545,at:49:159,57A,63,1735
at:49:545,at:49:1719,57A,84,1735
at:49:546,at:49:1076,32A,78,1267
at:49:546,at:49:24,32A,70,1364
at:49:547,at:49:1002,11A,60,2908
at:49:547,at:49:279,11A,64,2941
at:49:548,at:49:1495,26,88,817
at:49:548,at:49:1495,27,84,2506
at:49:548,at:49:1495,N20,60,90
at:49:548,at:49:699,26,66,817
at:49:548,at:49:699,27,69,2506
at:49:548,at:49:699,N20,60,88
at:49:548,at:49:968,36A,60,220
at:49:548,at:49:968,36B,60,284
at:49:549,at:49:412,53A,41,354
at:49:55,at:49:1561,51A,93,1008
at:49:55,at:49:1561,51B,70,323
at:49:55,at:49:302,46,96,15
at:49:55,at:49:302,49,95,153
at:49:55,at:49:302,52,82,1771
at:49:55,at:49:302,60,91,21
at:49:55,at:49:780,51A,135,1008
at:49:55,at:49:780,51B,148,320
at:49:55,at:49:819,46,60,15
at:49:55,at:49:819,49,60,162
at:49:55,at:49:819,52,60,1771
at:49:55,at:49:819,60,60,21
at:49:550,at:49:584,27A,72,245
at:49:550,at:49:785,N25,60,18
at:49:551,at:49:334,25,164,1197
at:49:551,at:49:334,26,171,1241
at:49:551,at:49:334,26E,179,853
at:49:551,at:49:334,27,175,1620
at:49:551,at:49:334,N20,120,80
at:49:551,at:49:369,25,105,1197
at:49:551,at:49:369,26,104,1241
at:49:551,at:49:369,26E,148,848
at:49:551,at:49:369,27,113,1620
at:49:551,at:49:369,N20,120,97
at:49:552,at:49:231,65A,60,16
at:49:552,at:49:586,65A,60,16
at:49:553,at:49:621,19A,120,273
at:49:553,at:49:7,19A,60,546
at:49:554,at:49:235,12,60,6
at:49:554,at:49:235,30,60,2
at:49:554,at:49:235,31,60,2336
at:49:554,at:49:235,5,60,19
at:49:554,at:49:848,12,100,6
at:49:554,at:49:848,30,60,2
at:49:554,at:49:848,31,81,2336
at:49:554,at:49:848,5,88,19
at:49:555,at:49:223,89A,60,283
at:49:555,at:49:924,89A,58,279
at:49:556,at:49:1200,12A,75,1194
at:49:556,at:49:1200,49,116,3247
at:49:556,at:49:1200,E3,108,708
at:49:556,at:49:1200,N49,60,36
at:49:556,at:49:606,12A,122,1189
at:49:556,at:49:606,49,120,3238
at:49:556,at:49:606,E3,120,708
at:49:556,at:49:606,N49,120,32
at:49:557,at:49:251,40A,109,1084
at:49:558,at:49:1422,10,60,1402
at:49:559,at:49:1067,93A,60,496
at:49:559,at:49:1067,N91,60,16
at:49:559,at:49:912,93A,91,520
at:49:559,at:49:912,N91,60,18
at:49:56,at:49:1088,13A,114,2821
at:49:56,at:49:1088,N71,60,48
at:49:56,at:49:1430,U3,120,6846
at:49:56,at:49:1530,U3,60,6844
at:49:56,at:49:662,13A,123,3620
at:49:56,at:49:662,14A,70,1229
at:49:56,at:49:662,N71,120,50
at:49:560,at:49:123,43B,122,55
at:49:560,at:49:123,49A,120,726
at:49:560,at:49:123,50A,120,662
at:49:560,at:49:123,50B,120,196
at:49:560,at:49:123,52A,125,188
at:49:560,at:49:123,52B,125,160
at:49:560,at:49:123,N49,100,100
at:49:560,at:49:1612,47B,101,308
at:49:560,at:49:1613,N49,120,86
at:49:560,at:49:36,53A,87,356
at:49:560,at:49:956,U4,120,5207
at:49:561,at:49:1774,28A,93,378
at:49:561,at:49:533,28A,60,388
at:49:562,at:49:1146,49A,40,728
at:49:563,at:49:798,69A,60,642
at:49:564,at:49:1743,49A,60,726
at:49:564,at:49:1743,50B,60,196
at:49:564,at:49:612,49A,69,728
at:49:565,at:49:143,17A,46,374
at:49:565,at:49:143,N17,60,23
at:49:565,at:49:1721,17A,61,375
at:49:565,at:49:1721,N17,30,21
at:49:566,at:49:449,52B,60,160
at:49:566,at:49:57,52B,58,160
at:49:567,at:49:1502,99B,60,19
at:49:568,at:49:134,26A,47,2393
at:49:568,at:49:134,N20,30,81
at:49:568,at:49:236,26A,124,2393
at:49:568,at:49:236,N20,120,82
at:49:569,at:49:1666,37A,120,870
at:49:569,at:49:1667,12,162,2099
at:49:569,at:49:1667,2,141,288
at:49:569,at:49:1667,30,150,2
at:49:569,at:49:1667,31,145,2667
at:49:569,at:49:1667,5,155,19
at:49:569,at:49:1667,N31,120,27
at:49:569,at:49:1667,O,120,69
at:49:569,at:49:244,N29,120,74
at:49:569,at:49:363,12,120,6
at:49:569,at:49:363,2,151,4711
at:49:569,at:49:363,30,180,2
at:49:569,at:49:363,31,163,2667
at:49:569,at:49:363,5,155,19
at:49:569,at:49:363,N31,120,27
at:49:569,at:49:500,12,105,2116
at:49:569,at:49:500,2,79,4501
at:49:569,at:49:500,37A,30,864
at:49:569,at:49:500,N29,60,68
at:49:569,at:49:500,O,88,66
at:49:57,at:49:1243,52B,60,160
at:49:57,at:49:566,52B,60,160
at:49:570,at:49:1908,58A,93,620
at:49:570,at:49:1908,58B,98,622
at:49:570,at:49:1908,64A,45,280
at:49:571,at:49:2006,73A,30,1432
at:49:571,at:49:2006,N71,53,86
at:49:571,at:49:40,73A,60,1423
at:49:571,at:49:40,N71,60,98
at:49:572,at:49:1674,27A,39,467
at:49:572,at:49:1674,N25,30,18
at:49:572,at:49:550,27A,93,245
at:49:572,at:49:550,N25,60,18
at:49:574,at:49:2,32A,110,1364
at:49:574,at:49:218,32A,51,1267
at:49:575,at:49:671,61B,60,82
at:49:576,at:49:59,61A,65,253
at:49:576,at:49:791,61A,30,264
at:49:577,at:49:1201,53A,93,356
at:49:577,at:49:1227,53A,60,360
at:49:578,at:49:1079,12,75,2116
at:49:578,at:49:1079,2,97,4501
at:49:578,at:49:1079,N29,60,68
at:49:578,at:49:1079,O,92,66
at:49:578,at:49:1385,12,81,2105
at:49:578,at:49:1385,2,89,4541
at:49:578,at:49:1385,N29,60,74
at:49:578,at:49:1385,O,110,69
at:49:579,at:49:1282,89A,107,286
at:49:58,at:49:1270,95B,35,80
at:49:580,at:49:1012,66A,104,1399
at:49:580,at:49:1012,67A,98,231
at:49:580,at:49:1012,N66,102,69
at:49:580,at:49:1560,16A,113,746
at:49:580,at:49:599,16A,110,736
at:49:580,at:49:599,66A,92,1399
at:49:580,at:49:599,67A,83,230
at:49:580,at:49:599,N66,100,72
at:49:581,at:49:1239,N67,162,23
at:49:581,at:49:1775,67B,180,192
at:49:581,at:49:1869,67B,120,147
at:49:582,at:49:1524,16A,60,736
at:49:582,at:49:1741,16A,61,746
at:49:584,at:49:592,27A,60,245
at:49:585,at:49:1054,SEV BB,360,246
at:49:585,at:49:444,BB,120,2089
at:49:585,at:49:918,BB,60,2357
at:49:586,at:49:552,65A,60,16
at:49:587,at:49:757,32A,62,1267
at:49:588,at:49:561,28A,37,388
at:49:589,at:49:1283,10,103,45
at:49:589,at:49:1283,52,88,57
at:49:589,at:49:1283,60,90,1289
at:49:589,at:49:1283,N60,80,48
at:49:589,at:49:1304,10,97,45
at:49:589,at:49:1304,52,98,57
at:49:589,at:49:1304,60,82,1289
at:49:589,at:49:1304,N60,60,48
at:49:59,at:49:1938,64A,60,64
at:49:59,at:49:204,61A,115,253
at:49:59,at:49:261,64A,60,65
at:49:59,at:49:576,61A,115,264
at:49:591,at:49:593,36A,114,218
at:49:591,at:49:812,36A,52,220
at:49:592,at:49:1122,27A,30,245
at:49:593,at:49:176,36B,187,284
at:49:593,at:49:483,36A,65,218
at:49:593,at:49:483,36B,64,286
at:49:593,at:49:591,36A,64,220
at:49:594,at:49:119,34A,60,829
at:49:594,at:49:1544,34A,60,319
at:49:594,at:49:68,34A,60,508
at:49:595,at:49:248,56B,60,643
at:49:595,at:49:248,N62,60,16
at:49:595,at:49:686,56B,49,633
at:49:595,at:49:686,N62,52,16
at:49:596,at:49:1004,95A,67,1493
at:49:596,at:49:1922,25,60,508
at:49:596,at:49:1922,27,60,1659
at:49:596,at:49:1922,95A,64,1479
at:49:596,at:49:1963,25,88,508
at:49:596,at:49:1963,27,104,1659
at:49:597,at:49:1489,10,67,1392
at:49:597,at:49:1489,44,69,40
at:49:597,at:49:1489,46,80,2717
at:49:597,at:49:1489,48A,82,2447
at:49:597,at:49:1489,N46,60,125
at:49:597,at:49:1691,48A,99,2400
at:49:597,at:49:1691,N46,60,63
at:49:597,at:49:445,10,148,1385
at:49:597,at:49:445,46,153,586
at:49:597,at:49:445,49,140,138
at:49:598,at:49:1541,30A,52,678
at:49:598,at:49:1541,32A,41,1291
at:49:598,at:49:1660,30A,117,682
at:49:598,at:49:1660,31A,118,1112
at:49:598,at:49:1660,32A,89,1331
at:49:599,at:49:1722,17A,60,375
at:49:599,at:49:1722,66A,60,4
at:49:599,at:49:1722,67A,60,1
at:49:599,at:49:1722,N67,60,27
at:49:599,at:49:580,16A,48,746
at:49:599,at:49:580,67A,40,230
at:49:599,at:49:697,16A,69,736
at:49:599,at:49:697,17A,76,372
at:49:599,at:49:697,66A,68,1399
at:49:599,at:49:697,67A,61,230
at:49:599,at:49:697,N66,60,72
at:49:6,at:49:769,29B,60,837
at:49:6,at:49:980,29B,60,853
at:49:6,at:49:980,N25,60,16
at:49:60,at:49:1648,97A,60,1031
at:49:60,at:49:1649,97A,60,1058
at:49:60,at:49:1925,84A,60,711
at:49:60,at:49:1925,N84,60,14
at:49:60,at:49:880,84A,120,714
at:49:60,at:49:880,N84,120,14
at:49:600,at:49:1411,70A,60,219
at:49:600,at:49:1411,N17,60,23
at:49:600,at:49:735,17A,60,374
at:49:600,at:49:970,70A,60,218
at:49:600,at:49:970,N17,60,21
at:49:601,at:49:840,44,85,737
at:49:602,at:49:1115,2,103,131
at:49:602,at:49:1115,9,104,1574
at:49:602,at:49:1374,9,90,1570
at:49:602,at:49:456,12,120,101
at:49:602,at:49:456,2,120,4385
at:49:602,at:49:669,44,105,737
at:49:602,at:49:861,12,116,101
at:49:602,at:49:861,2,89,4491
at:49:602,at:49:977,44,98,719
at:49:604,at:49:1066,13A,60,3776
at:49:604,at:49:755,1,92,4971
at:49:604,at:49:755,62,88,1035
at:49:604,at:49:755,BB,120,1449
at:49:604,at:49:755,N62,120,27
at:49:604,at:49:768,13A,65,3778
at:49:604,at:49:859,1,71,4897
at:49:604,at:49:859,62,76,1035
at:49:604,at:49:859,BB,120,1449
at:49:604,at:49:859,N62,30,23
at:49:605,at:49:1409,70A,30,218
at:49:605,at:49:685,70A,60,219
at:49:606,at:49:1035,49,121,3238
at:49:606,at:49:1035,E3,120,708
at:49:606,at:49:1035,N49,120,32
at:49:606,at:49:1035,U3,68,4056
at:49:606,at:49:12,10A,96,1716
at:49:606,at:49:1200,U3,83,4057
at:49:606,at:49:1713,12A,78,1189
at:49:606,at:49:556,12A,106,1194
at:49:606,at:49:556,49,98,3247
at:49:606,at:49:556,E3,120,708
at:49:606,at:49:556,N49,120,36
at:49:606,at:49:911,10A,60,1692
at:49:607,at:49:1141,25,101,508
at:49:607,at:49:1141,26,94,1634
at:49:607,at:49:1141,27,84,1659
at:49:607,at:49:1141,N20,120,97
at:49:607,at:49:1735,25,92,1705
at:49:607,at:49:1735,26,81,624
at:49:607,at:49:1735,27,80,85
at:49:607,at:49:1737,27A,120,465
at:49:607,at:49:21,25,145,1197
at:49:607,at:49:21,26,144,1241
at:49:607,at:49:21,26E,287,853
at:49:607,at:49:21,27,139,1620
at:49:607,at:49:21,N20,120,80
at:49:607,at:49:951,27A,160,463
at:49:608,at:49:1223,17A,60,376
at:49:608,at:49:1781,17A,60,378
at:49:609,at:49:1497,80A,61,1106
at:49:609,at:49:730,80A,48,1108
at:49:61,at:49:426,38,114,1624
at:49:61,at:49:426,N38,60,46
at:49:61,at:49:992,38,88,1624
at:49:61,at:49:992,N38,60,48
at:49:610,at:49:1720,61B,30,81
at:49:611,at:49:1147,20A,30,808
at:49:611,at:49:364,20A,74,793
at:49:612,at:49:564,49A,80,726
at:49:612,at:49:564,50B,79,196
at:49:612,at:49:978,49A,60,728
at:49:613,at:49:1171,60A,71,409
at:49:613,at:49:1171,66A,69,1383
at:49:613,at:49:1171,N66,60,72
at:49:613,at:49:174,60A,80,409
at:49:613,at:49:174,66A,129,1383
at:49:613,at:49:174,N66,120,63
at:49:614,at:49:634,38A,164,290
at:49:614,at:49:775,38A,60,290
at:49:615,at:49:1372,N8,120,22
at:49:615,at:49:1372,U6,102,13380
at:49:615,at:49:1558,46,150,489
at:49:615,at:49:1558,5,165,320
at:49:615,at:49:173,12,60,101
at:49:615,at:49:173,2,60,4372
at:49:615,at:49:19,12,161,1742
at:49:615,at:49:19,2,102,4326
at:49:615,at:49:27,N8,60,20
at:49:615,at:49:27,U6,107,13373
at:49:616,at:49:1755,7A,65,707
at:49:617,at:49:1151,28A,122,388
at:49:617,at:49:1858,28A,120,378
at:49:618,at:49:31,N25,60,16
at:49:618,at:49:641,N25,60,18
at:49:619,at:49:1198,1,120,4484
at:49:619,at:49:1198,2,151,4018
at:49:619,at:49:1198,D,149,864
at:49:619,at:49:1198,N29,128,72
at:49:619,at:49:245,1,119,846
at:49:619,at:49:245,2,120,4003
at:49:619,at:49:245,71,120,8
at:49:619,at:49:245,D,120,869
at:49:619,at:49:527,1,92,5204
at:49:619,at:49:527,N29,60,78
at:49:62,at:49:171,93A,60,496
at:49:62,at:49:1911,93A,30,530
at:49:620,at:49:1433,11A,64,2906
at:49:620,at:49:1433,12,120,2064
at:49:620,at:49:274,11A,85,1042
at:49:620,at:49:523,11A,120,1891
at:49:620,at:49:523,12,75,2075
at:49:621,at:49:1465,19A,60,273
at:49:621,at:49:1977,19A,60,273
at:49:622,at:49:1772,30A,78,818
at:49:622,at:49:1772,36A,115,220
at:49:622,at:49:1772,36B,102,284
at:49:623,at:49:1862,31A,30,1088
at:49:623,at:49:232,31A,60,1088
at:49:624,at:49:1024,93A,100,530
at:49:624,at:49:222,93A,32,496
at:49:625,at:49:1825,52A,30,188
at:49:627,at:49:1313,94A,170,542
at:49:627,at:49:1313,N20,120,80
at:49:627,at:49:1313,N25,120,18
at:49:627,at:49:1735,25,101,1705
at:49:627,at:49:1735,26,100,624
at:49:627,at:49:1735,27,112,85
at:49:627,at:49:238,25,79,1752
at:49:627,at:49:238,26,63,111
at:49:627,at:49:238,26A,123,2393
at:49:627,at:49:238,N20,60,82
at:49:627,at:49:238,N25,60,18
at:49:627,at:49:31,U1,109,4944
at:49:627,at:49:631,93A,132,648
at:49:627,at:49:633,22A,300,444
at:49:627,at:49:633,U1,120,4958
at:49:627,at:49:951,27B,146,226
at:49:627,at:49:984,27A,60,465
at:49:63,at:49:1052,47A,103,586
at:49:630,at:49:353,94A,83,548
at:49:630,at:49:927,94A,60,542
at:49:631,at:49:238,25,97,1752
at:49:631,at:49:238,26,84,111
at:49:631,at:49:238,93A,119,638
at:49:631,at:49:238,N25,120,16
at:49:631,at:49:31,N25,60,18
at:49:631,at:49:81,25,95,1752
at:49:631,at:49:81,26,68,111
at:49:631,at:49:81,93A,60,648
at:49:632,at:49:1860,N25,60,18
at:49:632,at:49:1862,31A,60,1088
at:49:632,at:49:633,31A,60,1086
at:49:632,at:49:633,N25,60,18
at:49:633,at:49:1141,25,95,508
at:49:633,at:49:1141,26,73,1634
at:49:633,at:49:1141,27,66,1659
at:49:633,at:49:1141,N20,120,80
at:49:633,at:49:1313,N20,60,96
at:49:633,at:49:1313,N25,60,20
at:49:633,at:49:1860,25A,180,2
at:49:633,at:49:1860,U1,109,4867
at:49:633,at:49:238,22A,180,438
at:49:633,at:49:627,U1,120,4944
at:49:633,at:49:632,31A,61,1088
at:49:633,at:49:632,N25,60,18
at:49:633,at:49:716,22A,124,1929
at:49:633,at:49:716,24A,120,1166
at:49:633,at:49:716,25,80,508
at:49:633,at:49:716,26,87,1634
at:49:633,at:49:716,27,83,1659
at:49:633,at:49:716,N23,120,28
at:49:633,at:49:716,N24,180,48
at:49:634,at:49:1343,38A,185,1217
at:49:634,at:49:614,38A,120,290
at:49:636,at:49:430,95A,120,1488
at:49:637,at:49:1053,60A,60,410
at:49:637,at:49:1053,N61,30,24
at:49:637,at:49:1105,60,120,1352
at:49:637,at:49:1695,60,60,1352
at:49:637,at:49:1695,N60,60,32
at:49:637,at:49:823,60A,59,407
at:49:637,at:49:823,N61,60,27
at:49:638,at:49:1472,73B,95,844
at:49:638,at:49:270,73A,58,1423
at:49:638,at:49:270,N71,59,98
at:49:638,at:49:991,71E,60,22
at:49:638,at:49:991,73B,118,844
at:49:639,at:49:1418,11,52,3889
at:49:639,at:49:1418,71,50,6363
at:49:639,at:49:1418,71E,60,20
at:49:639,at:49:1418,N71,60,88
at:49:639,at:49:87,73A,180,604
at:49:639,at:49:87,76B,60,420
at:49:639,at:49:87,79A,60,330
at:49:639,at:49:87,79B,60,127
at:49:639,at:49:902,73A,60,618
at:49:639,at:49:902,73B,60,844
at:49:639,at:49:907,73B,60,844
at:49:639,at:49:907,76B,60,426
at:49:639,at:49:907,79A,60,324
at:49:639,at:49:907,79B,60,127
at:49:640,at:49:1668,20B,120,146
at:49:640,at:49:1961,20B,172,146
at:49:641,at:49:1205,92A,120,1021
at:49:641,at:49:1205,92B,120,365
at:49:641,at:49:1205,N90,60,16
at:49:641,at:49:1731,20A,121,808
at:49:641,at:49:234,U1,60,4944
at:49:641,at:49:31,20A,300,5
at:49:641,at:49:31,U1,109,4958
at:49:641,at:49:47,N25,60,18
at:49:641,at:49:618,N25,60,16
at:49:642,at:49:290,92A,64,642
at:49:642,at:49:290,93A,109,496
at:49:642,at:49:290,N91,60,16
at:49:642,at:49:904,92A,60,644
at:49:642,at:49:904,93A,60,520
at:49:642,at:49:904,N91,60,18
at:49:643,at:49:1328,5,60,1993
at:49:644,at:49:1531,48A,84,2252
at:49:644,at:49:1531,N46,60,44
at:49:644,at:49:645,5,60,1993
at:49:644,at:49:646,5,100,1993
at:49:645,at:49:1558,5,60,1993
at:49:645,at:49:644,5,60,1993
at:49:645,at:49:705,48A,108,2246
at:49:646,at:49:1328,5,102,1993
at:49:646,at:49:1413,49,147,3223
at:49:646,at:49:1413,52,180,477
at:49:646,at:49:1413,N49,60,32
at:49:646,at:49:1533,49,89,3223
at:49:646,at:49:1533,52,114,477
at:49:646,at:49:1533,N49,60,36
at:49:646,at:49:644,5,78,1993
at:49:647,at:49:451,N61,60,18
at:49:647,at:49:478,N61,60,16
at:49:648,at:49:1336,35A,60,1346
at:49:648,at:49:1336,N35,60,32
at:49:648,at:49:404,35A,77,1320
at:49:648,at:49:404,N35,60,32
at:49:649,at:49:1163,93A,60,520
at:49:649,at:49:1163,96A,60,74
at:49:649,at:49:1163,N91,60,18
at:49:649,at:49:1330,92A,60,644
at:49:649,at:49:1330,96A,60,73
at:49:649,at:49:347,92A,60,642
at:49:649,at:49:347,93A,60,496
at:49:649,at:49:347,N91,30,16
at:49:65,at:49:370,45A,30,363
at:49:650,at:49:1364,92A,48,642
at:49:650,at:49:1634,92A,60,644
at:49:650,at:49:778,95A,65,1482
at:49:650,at:49:967,95A,60,1423
at:49:651,at:49:1023,85A,60,816
at:49:651,at:49:1279,85A,30,806
at:49:652,at:49:1579,72A,60,112
at:49:652,at:49:881,72A,60,116
at:49:653,at:49:1061,77A,69,1469
at:49:653,at:49:1104,U3,70,6844
at:49:653,at:49:1199,U3,60,6846
at:49:653,at:49:75,N75,60,16
at:49:653,at:49:765,77A,60,1464
at:49:653,at:49:765,N75,60,18
at:49:654,at:49:1449,5A,60,559
at:49:654,at:49:380,5A,89,558
at:49:655,at:49:1285,60A,70,410
at:49:655,at:49:49,60A,101,407
at:49:657,at:49:1094,1,120,846
at:49:657,at:49:1193,1,205,844
at:49:657,at:49:1193,2,158,142
at:49:657,at:49:1193,4A,60,1107
at:49:657,at:49:1305,U4,70,5207
at:49:657,at:49:1320,U1,120,4958
at:49:657,at:49:1366,U1,120,4946
at:49:657,at:49:670,N60,120,18
at:49:657,at:49:670,U4,120,5180
at:49:657,at:49:835,U2,120,5080
at:49:657,at:49:975,1,169,4053
at:49:657,at:49:975,59A,60,1602
at:49:657,at:49:975,62,82,1035
at:49:657,at:49:975,BB,120,1449
at:49:657,at:49:975,N46,60,116
at:49:657,at:49:975,N49,60,36
at:49:657,at:49:975,N62,60,23
at:49:658,at:49:798,69A,98,647
at:49:658,at:49:84,69A,93,642
at:49:659,at:49:1365,5A,81,392
at:49:659,at:49:1891,2,78,4475
at:49:659,at:49:1891,N29,60,74
at:49:659,at:49:407,5A,60,392
at:49:659,at:49:419,N29,60,68
at:49:659,at:49:838,2,94,4435
at:49:66,at:49:1504,54A,87,148
at:49:66,at:49:1504,54B,95,147
at:49:66,at:49:268,54A,30,147
at:49:66,at:49:268,54B,30,146
at:49:660,at:49:118,39A,68,663
at:49:660,at:49:1256,39B,240,54
at:49:660,at:49:367,39A,56,663
at:49:661,at:49:1417,60A,69,407
at:49:661,at:49:1417,N61,60,9
at:49:661,at:49:799,60A,106,410
at:49:661,at:49:799,N61,60,8
at:49:662,at:49:1018,57A,120,599
at:49:662,at:49:1985,57A,126,720
at:49:662,at:49:293,13A,75,3620
at:49:662,at:49:293,14A,97,1599
at:49:662,at:49:293,57A,87,1133
at:49:662,at:49:293,N71,68,50
at:49:662,at:49:737,57A,74,711
at:49:664,at:49:1017,13A,59,2608
at:49:664,at:49:1017,N71,30,32
at:49:664,at:49:920,13A,121,474
at:49:664,at:49:920,N71,120,16
at:49:664,at:49:921,48A,82,2246
at:49:664,at:49:921,N46,65,37
at:49:665,at:49:985,46A,60,581
at:49:665,at:49:997,46B,60,534
at:49:666,at:49:1095,U1,60,4946
at:49:666,at:49:1349,U1,71,4958
at:49:666,at:49:136,14A,86,1618
at:49:666,at:49:1474,14A,119,1618
at:49:668,at:49:1400,52B,45,160
at:49:669,at:49:1080,44,60,737
at:49:669,at:49:1190,10A,82,1807
at:49:669,at:49:1490,10A,84,1824
at:49:669,at:49:602,44,102,737
at:49:67,at:49:1005,N54,120,54
at:49:67,at:49:1132,18,94,137
at:49:67,at:49:1132,49,120,14
at:49:67,at:49:1132,5,83,103
at:49:67,at:49:1132,52,70,1694
at:49:67,at:49:1132,60,69,1242
at:49:67,at:49:1132,9,87,55
at:49:67,at:49:1132,E3,60,16
at:49:67,at:49:1132,N54,30,48
at:49:67,at:49:1324,12A,334,255
at:49:67,at:49:1459,57A,65,1735
at:49:67,at:49:1493,18,120,108
at:49:67,at:49:1493,46,30,15
at:49:67,at:49:1493,49,41,185
at:49:67,at:49:1493,5,120,103
at:49:67,at:49:1493,52,114,1694
at:49:67,at:49:1493,60,111,1244
at:49:67,at:49:1493,9,120,55
at:49:67,at:49:1493,E3,120,16
at:49:67,at:49:437,12A,239,254
at:49:670,at:49:1018,N60,120,18
at:49:670,at:49:1018,U4,60,5180
at:49:670,at:49:193,N60,120,20
at:49:670,at:49:657,U4,120,5207
at:49:671,at:49:1235,61B,60,82
at:49:671,at:49:1235,N64,60,16
at:49:671,at:49:575,61B,60,81
at:49:672,at:49:1246,43A,120,607
at:49:672,at:49:206,43B,113,55
at:49:672,at:49:85,43A,120,607
at:49:672,at:49:85,43B,120,55
at:49:673,at:49:1056,41A,88,487
at:49:673,at:49:1057,41A,50,492
at:49:674,at:49:1139,N65,60,96
at:49:674,at:49:1678,16A,60,760
at:49:675,at:49:1500,92A,42,642
at:49:675,at:49:1500,96A,57,74
at:49:676,at:49:220,92B,60,472
at:49:676,at:49:806,92B,86,472
at:49:677,at:49:1054,65A,120,16
at:49:679,at:49:1799,62A,67,676
at:49:679,at:49:1799,N65,60,106
at:49:679,at:49:421,62A,60,669
at:49:679,at:49:421,N65,60,96
at:49:68,at:49:594,34A,60,829
at:49:68,at:49:797,34A,60,508
at:49:680,at:49:704,48A,94,2246
at:49:681,at:49:960,16A,59,760
at:49:681,at:49:960,N65,30,96
at:49:681,at:49:986,16A,53,732
at:49:681,at:49:986,N65,60,106
at:49:682,at:49:1709,98A,60,796
at:49:682,at:49:297,26A,96,2393
at:49:682,at:49:297,88A,76,106
at:49:682,at:49:297,88B,60,343
at:49:682,at:49:297,98A,102,780
at:49:682,at:49:297,N20,120,82
at:49:682,at:49:751,26A,111,2393
at:49:682,at:49:751,88A,120,106
at:49:682,at:49:751,88B,120,351
at:49:682,at:49:751,N20,60,81
at:49:683,at:49:290,92B,146,472
at:49:683,at:49:806,92B,99,472
at:49:684,at:49:991,73A,81,1432
at:49:684,at:49:991,N71,60,86
at:49:685,at:49:1410,70A,60,219
at:49:685,at:49:605,70A,60,218
at:49:686,at:49:595,56B,60,643
at:49:686,at:49:595,N62,60,16
at:49:686,at:49:740,56B,55,633
at:49:686,at:49:740,N62,30,16
at:49:687,at:49:10,35A,60,1346
at:49:687,at:49:10,N35,60,32
at:49:687,at:49:1336,35A,48,1320
at:49:687,at:49:1336,N35,30,32
at:49:688,at:49:1091,71,83,6081
at:49:688,at:49:1091,77A,120,1469
at:49:688,at:49:1091,D,120,2
at:49:688,at:49:1091,N71,60,87
at:49:688,at:49:461,71,91,6050
at:49:688,at:49:461,N71,60,87
at:49:689,at:49:145,1,60,73
at:49:689,at:49:145,18,60,4059
at:49:689,at:49:145,62,60,407
at:49:689,at:49:755,1,93,4897
at:49:689,at:49:755,62,94,1035
at:49:689,at:49:755,BB,120,1449
at:49:689,at:49:849,1,96,5039
at:49:689,at:49:849,18,103,4076
at:49:689,at:49:849,62,112,1442
at:49:689,at:49:849,BB,120,1449
at:49:69,at:49:1335,32A,60,1263
at:49:690,at:49:37,8A,47,542
at:49:690,at:49:888,8A,87,545
at:49:692,at:49:1062,37A,105,870
at:49:692,at:49:1062,N8,120,18
at:49:692,at:49:1470,5B,30,1337
at:49:692,at:49:229,37A,60,864
at:49:692,at:49:229,N8,60,18
at:49:692,at:49:254,5B,60,1321
at:49:693,at:49:1113,99B,64,215
at:49:693,at:49:1221,99A,30,215
at:49:693,at:49:1221,99B,30,219
at:49:693,at:49:868,99A,30,219
at:49:694,at:49:174,66A,103,1359
at:49:694,at:49:174,N66,80,72
at:49:695,at:49:894,52A,60,188
at:49:696,at:49:41,12A,61,743
at:49:697,at:49:1239,17A,80,372
at:49:697,at:49:1239,66A,77,1399
at:49:697,at:49:1239,67A,93,230
at:49:697,at:49:1239,N66,60,72
at:49:697,at:49:1437,16A,60,736
at:49:697,at:49:599,16A,60,746
at:49:697,at:49:599,17A,60,375
at:49:697,at:49:599,66A,60,4
at:49:697,at:49:599,67A,60,231
at:49:697,at:49:599,N67,60,27
at:49:698,at:49:1121,46B,60,534
at:49:698,at:49:997,46A,30,581
at:49:699,at:49:1890,36B,185,286
at:49:699,at:49:548,26,92,817
at:49:699,at:49:548,27,96,2506
at:49:699,at:49:548,36A,80,220
at:49:699,at:49:548,36B,78,284
at:49:699,at:49:548,N20,91,90
at:49:699,at:49:812,36A,71,218
at:49:699,at:49:943,26,122,817
at:49:699,at:49:943,27,121,2506
at:49:699,at:49:943,N20,120,88
at:49:7,at:49:1327,19A,60,546
at:49:7,at:49:553,19A,60,273
at:49:70,at:49:1695,60,76,1352
at:49:70,at:49:855,60,87,1352
at:49:700,at:49:1098,67A,60,48
at:49:700,at:49:1098,67B,60,144
at:49:700,at:49:321,67A,60,79
at:49:700,at:49:321,67B,60,147
at:49:701,at:49:288,25,98,1752
at:49:701,at:49:288,26,84,111
at:49:701,at:49:288,26A,110,2393
at:49:701,at:49:288,96A,120,73
at:49:701,at:49:288,N20,60,81
at:49:701,at:49:387,86A,114,532
at:49:701,at:49:387,87A,120,144
at:49:701,at:49:387,95A,120,1482
at:49:701,at:49:476,26A,123,2393
at:49:701,at:49:749,25,87,1752
at:49:701,at:49:749,26,113,111
at:49:701,at:49:749,N20,60,82
at:49:702,at:49:1264,76A,60,260
at:49:702,at:49:1264,76B,60,236
at:49:702,at:49:399,71,60,6001
at:49:702,at:49:399,D,60,2
at:49:702,at:49:399,N71,60,87
at:49:702,at:49:425,71,112,5970
at:49:702,at:49:425,N71,120,87
at:49:703,at:49:788,66A,108,1383
at:49:704,at:49:1374,9,63,1570
at:49:704,at:49:179,48A,97,2246
at:49:704,at:49:197,9,150,1570
at:49:705,at:49:680,48A,66,2246
at:49:706,at:49:379,12A,91,738
at:49:706,at:49:379,N60,60,20
at:49:707,at:49:1053,60A,60,407
at:49:707,at:49:1053,N61,30,27
at:49:707,at:49:875,60A,54,410
at:49:707,at:49:875,N61,40,24
at:49:708,at:49:1230,66A,66,1395
at:49:708,at:49:1230,N66,60,69
at:49:709,at:49:1897,82A,60,294
at:49:709,at:49:1898,82A,69,294
at:49:71,at:49:633,25A,60,2
at:49:71,at:49:633,31A,120,2
at:49:710,at:49:1424,62,60,1887
at:49:710,at:49:504,62,81,1887
at:49:711,at:49:1208,42A,60,1027
at:49:711,at:49:1396,42A,60,1022
at:49:712,at:49:1132,18,60,108
at:49:712,at:49:1132,49,60,23
at:49:712,at:49:1132,5,60,103
at:49:712,at:49:1132,52,60,1694
at:49:712,at:49:1132,60,60,1242
at:49:712,at:49:1132,9,60,55
at:49:712,at:49:1132,E3,60,16
at:49:712,at:49:1132,N54,60,54
at:49:712,at:49:1306,18,60,137
at:49:712,at:49:1306,49,60,14
at:49:712,at:49:1306,5,60,103
at:49:712,at:49:1306,52,60,1694
at:49:712,at:49:1306,60,60,1242
at:49:712,at:49:1306,9,60,55
at:49:712,at:49:1306,E3,60,16
at:49:712,at:49:437,12A,64,920
at:49:712,at:49:437,N54,30,48
at:49:712,at:49:501,12A,60,924
at:49:713,at:49:1343,38A,158,1217
at:49:713,at:49:209,38A,120,1217
at:49:714,at:49:1108,35A,60,1320
at:49:714,at:49:1108,N35,60,32
at:49:714,at:49:443,35A,49,1346
at:49:714,at:49:443,N35,30,32
at:49:715,at:49:425,76A,60,616
at:49:715,at:49:425,76B,60,420
at:49:716,at:49:633,22A,132,1948
at:49:716,at:49:633,24A,108,1168
at:49:716,at:49:633,25,150,508
at:49:716,at:49:633,26,155,1634
at:49:716,at:49:633,27,155,1659
at:49:716,at:49:633,N23,60,28
at:49:716,at:49:633,N24,60,42
at:49:716,at:49:8,22A,111,1929
at:49:716,at:49:8,N23,30,28
at:49:716,at:49:8,N24,60,32
at:49:716,at:49:839,24A,72,1166
at:49:716,at:49:839,N24,60,16
at:49:716,at:49:938,25,100,508
at:49:716,at:49:938,26,89,1634
at:49:716,at:49:938,27,90,1659
at:49:717,at:49:1703,5B,95,1337
at:49:717,at:49:428,38A,60,2033
at:49:718,at:49:395,42A,60,1022
at:49:718,at:49:976,42A,60,1027
at:49:719,at:49:1187,44A,60,639
at:49:719,at:49:139,44A,60,639
at:49:72,at:49:119,36A,50,220
at:49:72,at:49:119,36B,53,284
at:49:720,at:49:1258,95A,60,1479
at:49:720,at:49:1258,97A,60,14
at:49:721,at:49:1245,68A,60,435
at:49:721,at:49:1245,68B,60,437
at:49:721,at:49:1245,N68,82,22
at:49:721,at:49:315,68A,60,434
at:49:721,at:49:315,68B,60,434
at:49:721,at:49:315,N68,60,25
at:49:722,at:49:1239,67B,180,192
at:49:722,at:49:1742,67B,58,190
at:49:722,at:49:1742,N67,60,27
at:49:723,at:49:336,35A,59,1346
at:49:723,at:49:336,N35,30,32
at:49:723,at:49:972,35A,84,1320
at:49:723,at:49:972,N35,30,32
at:49:724,at:49:321,67A,58,103
at:49:724,at:49:321,67B,44,94
at:49:725,at:49:611,20A,60,793
at:49:726,at:49:204,61A,120,264
at:49:726,at:49:350,61A,60,253
at:49:727,at:49:1287,N62,60,27
at:49:727,at:49:849,N62,60,23
at:49:728,at:49:1935,62A,75,669
at:49:728,at:49:1935,64A,105,280
at:49:728,at:49:1935,N65,120,96
at:49:728,at:49:421,62A,84,676
at:49:728,at:49:421,64A,60,279
at:49:728,at:49:421,N65,78,106
at:49:729,at:49:1803,68A,60,434
at:49:73,at:49:1272,42,60,1518
at:49:73,at:49:1272,9,60,390
at:49:730,at:49:348,80A,75,1108
at:49:730,at:49:609,80A,60,1106
at:49:732,at:49:1510,38,167,343
at:49:732,at:49:1510,40,125,1614
at:49:732,at:49:1510,41,123,1731
at:49:732,at:49:1510,41E,120,480
at:49:732,at:49:1510,N41,120,60
at:49:732,at:49:843,38,60,343
at:49:732,at:49:843,40,60,1619
at:49:732,at:49:843,41,60,1736
at:49:732,at:49:843,41E,30,480
at:49:732,at:49:843,N41,60,56
at:49:733,at:49:1894,11A,122,1994
at:49:733,at:49:1894,N81,60,27
at:49:733,at:49:974,11A,60,1967
at:49:733,at:49:974,N81,60,27
at:49:734,at:49:1193,2A,99,572
at:49:735,at:49:949,17A,180,374
at:49:736,at:49:1091,1,94,153
at:49:736,at:49:1091,O,110,1927
at:49:736,at:49:300,1,98,104
at:49:736,at:49:300,O,107,1927
at:49:737,at:49:1812,57A,49,711
at:49:737,at:49:662,57A,60,711
at:49:74,at:49:460,50B,77,196
at:49:740,at:49:686,56B,60,643
at:49:740,at:49:686,N62,60,16
at:49:741,at:49:1098,67A,60,71
at:49:741,at:49:5,67A,30,48
at:49:742,at:49:1184,43,120,3052
at:49:742,at:49:1184,44,120,719
at:49:742,at:49:1184,N43,73,86
at:49:742,at:49:747,2,69,7
at:49:742,at:49:747,43,73,3052
at:49:742,at:49:747,44,61,719
at:49:742,at:49:747,N43,60,86
at:49:743,at:49:1104,U3,85,6846
at:49:743,at:49:1198,U4,70,3668
at:49:743,at:49:1218,1,120,104
at:49:743,at:49:1218,O,120,1927
at:49:743,at:49:1305,U4,78,5180
at:49:743,at:49:1471,74A,126,1994
at:49:743,at:49:1471,N75,120,18
at:49:743,at:49:245,74A,138,1947
at:49:743,at:49:245,N75,120,16
at:49:743,at:49:245,U3,60,6844
at:49:743,at:49:845,1,60,153
at:49:743,at:49:845,O,60,1927
at:49:744,at:49:1096,54A,119,147
at:49:744,at:49:1475,54A,60,148
at:49:745,at:49:1478,79A,61,324
at:49:745,at:49:1478,79B,63,127
at:49:745,at:49:17,73A,60,612
at:49:745,at:49:17,79A,60,330
at:49:745,at:49:17,79B,60,127
at:49:746,at:49:121,93A,60,638
at:49:746,at:49:1241,93A,60,648
at:49:746,at:49:1241,N90,60,14
at:49:746,at:49:1291,N90,60,16
at:49:747,at:49:1267,2,60,7
at:49:747,at:49:1267,43,60,3052
at:49:747,at:49:1267,44,60,719
at:49:747,at:49:1267,N43,60,86
at:49:747,at:49:742,43,101,3052
at:49:747,at:49:742,44,119,719
at:49:747,at:49:742,N43,120,86
at:49:747,at:49:753,12,92,1746
at:49:747,at:49:753,5,105,1673
at:49:747,at:49:762,12,97,1742
at:49:747,at:49:762,5,86,1673
at:49:748,at:49:1859,29A,60,946
at:49:748,at:49:239,29A,60,946
at:49:748,at:49:239,N25,60,18
at:49:748,at:49:893,N25,60,16
at:49:749,at:49:473,25,92,1752
at:49:749,at:49:473,26,67,111
at:49:749,at:49:473,95A,101,1423
at:49:749,at:49:473,96A,180,74
at:49:749,at:49:473,N20,60,82
at:49:749,at:49:701,25,97,1752
at:49:749,at:49:701,26,96,111
at:49:749,at:49:701,86A,114,532
at:49:749,at:49:701,87A,120,144
at:49:749,at:49:701,95A,60,1482
at:49:749,at:49:701,96A,60,73
at:49:749,at:49:701,N20,60,81
at:49:75,at:49:653,77A,60,1464
at:49:75,at:49:653,N75,60,18
at:49:75,at:49:993,N75,60,16
at:49:750,at:49:1245,15A,95,1204
at:49:750,at:49:908,15A,60,1206
at:49:751,at:49:1046,88A,120,106
at:49:751,at:49:1046,88B,120,351
at:49:751,at:49:337,26A,59,2393
at:49:751,at:49:337,N20,30,81
at:49:751,at:49:682,26A,93,2393
at:49:751,at:49:682,88A,120,106
at:49:751,at:49:682,88B,120,343
at:49:751,at:49:682,N20,60,82
at:49:753,at:49:1267,13A,60,2608
at:49:753,at:49:1267,N71,60,32
at:49:753,at:49:1559,13A,120,2600
at:49:753,at:49:1559,N71,120,32
at:49:753,at:49:333,12,60,1746
at:49:753,at:49:333,5,60,1673
at:49:753,at:49:747,12,102,1742
at:49:753,at:49:747,5,104,1673
at:49:754,at:49:1035,10,89,1385
at:49:754,at:49:1035,46,103,586
at:49:754,at:49:1035,49,102,138
at:49:754,at:49:1317,10,60,1385
at:49:754,at:49:1317,46,60,586
at:49:754,at:49:1317,49,60,138
at:49:755,at:49:604,1,87,4897
at:49:755,at:49:604,62,102,1035
at:49:755,at:49:604,BB,60,1449
at:49:755,at:49:604,N62,60,23
at:49:755,at:49:689,1,63,4971
at:49:755,at:49:689,62,78,1035
at:49:755,at:49:689,BB,60,1449
at:49:755,at:49:849,N62,120,27
at:49:757,at:49:758,32A,39,1267
at:49:758,at:49:1873,32A,49,1267
at:49:758,at:49:769,32A,120,1415
at:49:760,at:49:1191,65A,60,464
at:49:760,at:49:1191,66A,89,1415
at:49:760,at:49:1191,N66,60,42
at:49:760,at:49:1393,11,92,5054
at:49:760,at:49:1393,65A,60,464
at:49:760,at:49:1393,N65,60,95
at:49:760,at:49:1393,O,83,2048
at:49:760,at:49:761,66A,120,1381
at:49:760,at:49:761,N66,120,75
at:49:760,at:49:86,11,93,5062
at:49:760,at:49:86,N65,41,103
at:49:760,at:49:86,N66,112,24
at:49:760,at:49:86,O,105,2048
at:49:761,at:49:1078,15A,60,1291
at:49:761,at:49:2924,66A,180,26
at:49:761,at:49:2924,N66,180,6
at:49:761,at:49:295,15A,85,1250
at:49:761,at:49:708,66A,80,1355
at:49:761,at:49:708,N66,60,69
at:49:761,at:49:760,66A,64,1421
at:49:761,at:49:760,N66,60,63
at:49:762,at:49:1288,12,116,1742
at:49:762,at:49:1288,5,118,1673
at:49:762,at:49:747,12,120,1746
at:49:762,at:49:747,5,120,1673
at:49:763,at:49:1061,74A,240,588
at:49:763,at:49:1425,74A,76,1406
at:49:764,at:49:339,51A,30,1008
at:49:764,at:49:54,51A,60,1008
at:49:765,at:49:283,77A,60,1464
at:49:765,at:49:283,N75,60,18
at:49:765,at:49:653,77A,111,1469
at:49:765,at:49:653,N75,60,16
at:49:766,at:49:297,98A,61,596
at:49:767,at:49:1455,99A,120,219
at:49:767,at:49:868,99A,60,215
at:49:768,at:49:1529,13A,120,3778
at:49:768,at:49:604,13A,70,3776
at:49:769,at:49:1859,U1,71,4852
at:49:769,at:49:1861,29B,60,837
at:49:769,at:49:1885,36B,120,308
at:49:769,at:49:587,32A,82,1267
at:49:769,at:49:6,29B,60,853
at:49:769,at:49:6,N25,60,16
at:49:77,at:49:1469,59A,60,1739
at:49:77,at:49:267,18,126,4066
at:49:77,at:49:267,6,130,2166
at:49:77,at:49:267,N6,60,54
at:49:77,at:49:269,59A,83,1701
at:49:77,at:49:379,N6,60,54
at:49:77,at:49:827,18,120,4066
at:49:77,at:49:827,6,120,2166
at:49:770,at:49:766,98A,57,596
at:49:771,at:49:1151,28A,60,378
at:49:771,at:49:1151,29A,92,946
at:49:771,at:49:1151,N25,60,18
at:49:771,at:49:1216,27A,101,459
at:49:771,at:49:1216,N25,120,18
at:49:771,at:49:271,27A,60,463
at:49:771,at:49:271,29A,60,946
at:49:772,at:49:816,97A,60,1031
at:49:773,at:49:1277,31A,119,1088
at:49:773,at:49:232,27A,60,463
at:49:773,at:49:232,31A,60,1088
at:49:774,at:49:1629,60A,59,409
at:49:774,at:49:174,60A,120,1
at:49:774,at:49:174,62A,113,676
at:49:774,at:49:174,N65,118,106
at:49:774,at:49:204,60A,60,409
at:49:774,at:49:247,62A,80,675
at:49:774,at:49:247,N65,60,96
at:49:775,at:49:614,38A,134,290
at:49:776,at:49:143,17A,30,375
at:49:776,at:49:143,N17,30,21
at:49:776,at:49:949,70A,60,218
at:49:776,at:49:970,17A,60,374
at:49:776,at:49:970,70A,60,219
at:49:776,at:49:970,N17,60,23
at:49:777,at:49:1340,46,127,2228
at:49:777,at:49:1340,N46,120,54
at:49:777,at:49:1430,N46,60,72
at:49:777,at:49:1794,46,82,2228
at:49:778,at:49:1278,25,84,1752
at:49:778,at:49:1278,26,84,111
at:49:778,at:49:1278,95A,60,1482
at:49:778,at:49:1278,N20,60,81
at:49:778,at:49:1630,25,66,1752
at:49:778,at:49:1630,26,60,111
at:49:778,at:49:1631,N20,120,82
at:49:778,at:49:650,95A,60,1423
at:49:780,at:49:166,46,84,586
at:49:780,at:49:166,49,84,3311
at:49:780,at:49:166,N49,71,86
at:49:780,at:49:472,46,120,586
at:49:780,at:49:472,49,115,3302
at:49:780,at:49:472,N49,120,100
at:49:780,at:49:55,51A,87,1008
at:49:780,at:49:55,51B,110,323
at:49:780,at:49:889,51A,82,1008
at:49:780,at:49:889,51B,69,320
at:49:781,at:49:11,5A,74,567
at:49:781,at:49:341,11A,74,2049
at:49:781,at:49:341,N29,60,68
at:49:781,at:49:363,11A,100,2037
at:49:781,at:49:363,5A,104,576
at:49:781,at:49:363,N29,142,74
at:49:782,at:49:1514,16A,44,430
at:49:782,at:49:1857,16A,49,760
at:49:783,at:49:1374,46,88,2717
at:49:783,at:49:1374,N46,62,109
at:49:783,at:49:172,46,83,2717
at:49:783,at:49:172,N46,60,116
at:49:784,at:49:1121,10,120,1392
at:49:784,at:49:1121,12,120,101
at:49:784,at:49:1121,2,120,4486
at:49:784,at:49:450,10,142,1392
at:49:784,at:49:450,12,173,101
at:49:784,at:49:450,2,145,4491
at:49:785,at:49:1050,25A,60,362
at:49:785,at:49:1050,N25,60,18
at:49:785,at:49:1386,25A,60,356
at:49:785,at:49:955,N25,120,18
at:49:786,at:49:1062,D,92,4359
at:49:786,at:49:1062,N35,60,16
at:49:786,at:49:1062,N36,60,27
at:49:786,at:49:1658,N38,120,58
at:49:786,at:49:692,N8,120,18
at:49:786,at:49:950,1,102,252
at:49:786,at:49:950,38,60,1
at:49:786,at:49:950,D,77,292
at:49:786,at:49:99,1,75,242
at:49:786,at:49:99,D,87,4657
at:49:787,at:49:226,98A,60,596
at:49:788,at:49:1228,61A,120,253
at:49:788,at:49:1228,64A,120,65
at:49:788,at:49:247,60A,120,1
at:49:788,at:49:247,62A,112,676
at:49:788,at:49:247,N65,83,106
at:49:788,at:49:789,61B,68,82
at:49:788,at:49:807,60A,123,407
at:49:788,at:49:807,N61,60,27
at:49:788,at:49:850,66A,132,1359
at:49:788,at:49:850,N66,120,72
at:49:789,at:49:788,61B,120,81
at:49:789,at:49:998,61B,120,82
at:49:79,at:49:1019,13A,114,3778
at:49:790,at:49:1228,61A,60,264
at:49:790,at:49:791,61A,30,253
at:49:791,at:49:576,61A,115,253
at:49:791,at:49:790,61A,59,264
at:49:792,at:49:188,48A,91,2252
at:49:793,at:49:1125,66A,60,1383
at:49:793,at:49:1125,N66,60,63
at:49:793,at:49:214,66A,69,1359
at:49:793,at:49:214,N66,60,72
at:49:794,at:49:1409,70A,60,219
at:49:794,at:49:1409,N17,60,23
at:49:794,at:49:1411,70A,60,218
at:49:794,at:49:1411,N17,30,21
at:49:796,at:49:1007,64A,61,65
at:49:796,at:49:261,64A,60,64
at:49:797,at:49:1544,34A,60,508
at:49:797,at:49:68,34A,60,829
at:49:798,at:49:435,69A,82,647
at:49:798,at:49:658,69A,43,642
at:49:799,at:49:661,60A,121,407
at:49:799,at:49:661,N61,60,9
at:49:799,at:49:852,60A,60,410
at:49:799,at:49:852,N61,60,8
at:49:8,at:49:1027,22A,93,1929
at:49:8,at:49:1027,N23,60,28
at:49:8,at:49:1027,N24,60,32
at:49:8,at:49:716,22A,68,1948
at:49:8,at:49:716,N23,60,28
at:49:80,at:49:309,38A,60,2033
at:49:80,at:49:925,38A,60,2033
at:49:800,at:49:1111,69A,60,631
at:49:800,at:49:332,69A,103,642
at:49:801,at:49:1139,64B,240,29
at:49:801,at:49:1139,N8,120,16
at:49:801,at:49:1319,64B,120,30
at:49:801,at:49:1319,N8,120,16
at:49:803,at:49:251,37A,177,154
at:49:803,at:49:251,40A,72,1090
at:49:803,at:49:420,37A,60,156
at:49:803,at:49:420,40A,60,1084
at:49:804,at:49:1193,4A,166,408
at:49:804,at:49:1813,4A,115,698
at:49:804,at:49:44,4A,86,1107
at:49:805,at:49:1425,71,159,6001
at:49:805,at:49:1425,D,150,2
at:49:805,at:49:1425,N71,60,87
at:49:805,at:49:885,71,60,5970
at:49:805,at:49:885,N71,60,87
at:49:806,at:49:676,92B,81,472
at:49:806,at:49:683,92B,94,472
at:49:807,at:49:707,60A,60,407
at:49:807,at:49:707,N61,60,27
at:49:808,at:49:1911,93A,45,496
at:49:808,at:49:222,93A,100,530
at:49:809,at:49:1610,92B,60,10
at:49:809,at:49:316,92B,62,462
at:49:809,at:49:990,92B,60,472
at:49:81,at:49:1316,93A,60,648
at:49:81,at:49:236,25,85,1752
at:49:81,at:49:236,26,112,111
at:49:81,at:49:631,25,89,1752
at:49:81,at:49:631,26,96,111
at:49:81,at:49:631,93A,120,638
at:49:811,at:49:1143,26A,51,2393
at:49:811,at:49:1143,N20,60,82
at:49:811,at:49:1247,26A,91,2393
at:49:811,at:49:1247,97A,109,1031
at:49:811,at:49:1247,N20,60,81
at:49:812,at:49:591,36A,51,218
at:49:812,at:49:699,36A,120,220
at:49:813,at:49:1385,5A,60,559
at:49:813,at:49:1693,37A,60,864
at:49:813,at:49:1704,37A,120,359
at:49:813,at:49:1704,5A,73,558
at:49:813,at:49:500,37A,120,359
at:49:813,at:49:569,37A,240,152
at:49:814,at:49:42,15A,103,1204
at:49:814,at:49:425,15A,54,1206
at:49:815,at:49:1260,72A,174,459
at:49:815,at:49:361,72A,30,457
at:49:816,at:49:1649,97A,60,1031
at:49:816,at:49:828,97A,61,1058
at:49:817,at:49:1549,80A,60,707
at:49:817,at:49:359,80A,50,1108
at:49:818,at:49:1867,77A,60,628
at:49:818,at:49:1867,78A,60,315
at:49:818,at:49:1867,79B,60,3
at:49:818,at:49:453,77A,60,633
at:49:818,at:49:453,78A,120,315
at:49:819,at:49:442,46,60,15
at:49:819,at:49:442,49,60,162
at:49:819,at:49:442,52,60,1771
at:49:819,at:49:442,60,60,21
at:49:819,at:49:55,46,84,15
at:49:819,at:49:55,49,73,153
at:49:819,at:49:55,52,89,1771
at:49:819,at:49:55,60,89,21
at:49:82,at:49:820,12A,223,743
at:49:820,at:49:1324,12A,66,1174
at:49:820,at:49:1324,N8,60,16
at:49:820,at:49:436,U6,79,13373
at:49:820,at:49:470,N8,60,16
at:49:820,at:49:706,12A,61,738
at:49:820,at:49:706,N60,60,20
at:49:820,at:49:827,U4,120,5207
at:49:820,at:49:863,N60,60,18
at:49:820,at:49:863,U4,60,5180
at:49:820,at:49:937,U6,70,13380
at:49:821,at:49:1199,18,79,4366
at:49:821,at:49:1199,77A,110,1352
at:49:821,at:49:1199,80A,82,1106
at:49:821,at:49:1206,80A,139,1108
at:49:821,at:49:1568,18,95,661
at:49:821,at:49:1568,77A,76,524
at:49:821,at:49:282,77A,713,843
at:49:822,at:49:1050,25A,30,198
at:49:822,at:49:155,25A,60,202
at:49:823,at:49:1105,60A,60,407
at:49:823,at:49:1105,N61,30,27
at:49:823,at:49:637,60A,60,410
at:49:823,at:49:637,N61,60,24
at:49:824,at:49:1365,2A,60,136
at:49:824,at:49:1365,5A,72,392
at:49:824,at:49:961,2A,120,136
at:49:824,at:49:961,5A,63,392
at:49:824,at:49:961,5B,100,3
at:49:825,at:49:15,76A,60,126
at:49:825,at:49:15,76B,60,184
at:49:825,at:49:16,76A,60,170
at:49:825,at:49:16,76B,60,133
at:49:827,at:49:1018,U4,120,5207
at:49:827,at:49:1725,N60,60,18
at:49:827,at:49:436,18,100,4066
at:49:827,at:49:436,6,94,2166
at:49:827,at:49:77,18,120,4066
at:49:827,at:49:77,6,120,2166
at:49:827,at:49:820,U4,120,5180
at:49:828,at:49:487,97A,154,1058
at:49:828,at:49:772,97A,60,1031
at:49:829,at:49:1018,13A,47,3624
at:49:829,at:49:1018,N71,60,48
at:49:829,at:49:1529,13A,90,3642
at:49:829,at:49:517,59A,107,1618
at:49:829,at:49:517,N71,110,43
at:49:829,at:49:830,12A,60,738
at:49:829,at:49:830,14A,57,19
at:49:829,at:49:830,59A,60,83
at:49:83,at:49:1279,24A,60,1166
at:49:83,at:49:1279,N24,30,16
at:49:83,at:49:1597,86A,70,531
at:49:83,at:49:1619,85A,60,4
at:49:83,at:49:964,24A,60,1168
at:49:83,at:49:964,N24,100,42
at:49:830,at:49:104,59A,95,1701
at:49:830,at:49:1086,12A,174,738
at:49:830,at:49:1086,14A,120,19
at:49:830,at:49:137,13A,90,20
at:49:831,at:49:141,76A,60,396
at:49:831,at:49:141,79B,60,139
at:49:831,at:49:1580,79A,62,55
at:49:831,at:49:1580,79B,120,150
at:49:831,at:49:463,76A,60,386
at:49:833,at:49:1468,18,148,4066
at:49:833,at:49:1468,6,148,2166
at:49:833,at:49:436,18,108,4066
at:49:833,at:49:436,6,107,2166
at:49:835,at:49:1430,N46,60,18
at:49:835,at:49:1430,N49,120,8
at:49:835,at:49:1430,U2,75,5080
at:49:835,at:49:396,57A,60,1431
at:49:835,at:49:657,N46,120,116
at:49:835,at:49:657,N49,120,36
at:49:835,at:49:657,U2,120,5103
at:49:838,at:49:1145,2,180,40
at:49:838,at:49:1198,2,107,4395
at:49:839,at:49:1539,24A,60,1166
at:49:839,at:49:1539,N24,60,16
at:49:839,at:49:716,24A,86,1168
at:49:839,at:49:716,N24,60,42
at:49:84,at:49:1016,69A,60,642
at:49:84,at:49:658,69A,60,647
at:49:840,at:49:1121,10,103,1392
at:49:840,at:49:1121,46A,185,581
at:49:840,at:49:1303,45A,60,363
at:49:840,at:49:1303,46A,60,581
at:49:840,at:49:1303,46B,59,534
at:49:840,at:49:1489,10,82,1392
at:49:840,at:49:1489,44,62,40
at:49:840,at:49:1489,46,84,2717
at:49:840,at:49:1489,N46,60,109
at:49:840,at:49:372,45A,126,356
at:49:840,at:49:372,46B,126,534
at:49:840,at:49:981,44,120,737
at:49:840,at:49:981,46,119,2717
at:49:841,at:49:1352,16A,80,18
at:49:841,at:49:1352,63A,75,1066
at:49:841,at:49:1679,16A,60,20
at:49:841,at:49:1679,63A,60,1030
at:49:842,at:49:1822,43B,61,55
at:49:842,at:49:85,43B,60,55
at:49:843,at:49:101,38,106,343
at:49:843,at:49:101,40,115,1619
at:49:843,at:49:101,41,111,1736
at:49:843,at:49:101,41E,104,480
at:49:843,at:49:101,N41,60,56
at:49:843,at:49:732,38,70,343
at:49:843,at:49:732,40,62,1614
at:49:843,at:49:732,41,64,1731
at:49:843,at:49:732,41E,55,480
at:49:843,at:49:732,N41,60,60
at:49:844,at:49:267,18,120,21
at:49:844,at:49:267,6,120,23
at:49:844,at:49:267,62,148,1747
at:49:844,at:49:267,BB,180,1449
at:49:844,at:49:368,18,60,21
at:49:844,at:49:368,6,60,23
at:49:844,at:49:368,62,61,1747
at:49:844,at:49:368,BB,120,1449
at:49:845,at:49:527,1,100,153
at:49:845,at:49:527,O,102,1927
at:49:845,at:49:743,1,88,104
at:49:845,at:49:743,O,90,1927
at:49:846,at:49:339,51A,43,1008
at:49:846,at:49:983,51A,30,1008
at:49:847,at:49:1207,95A,60,1482
at:49:848,at:49:100,33A,240,184
at:49:848,at:49:334,12,140,6
at:49:848,at:49:334,30,180,2
at:49:848,at:49:334,31,163,2336
at:49:848,at:49:334,5,158,19
at:49:848,at:49:334,N29,130,46
at:49:848,at:49:334,N31,120,30
at:49:848,at:49:363,N29,258,68
at:49:848,at:49:363,N31,220,27
at:49:848,at:49:366,34A,73,827
at:49:848,at:49:50,33A,60,184
at:49:848,at:49:50,N29,120,28
at:49:848,at:49:554,12,60,6
at:49:848,at:49:554,30,120,2
at:49:848,at:49:554,31,73,2336
at:49:848,at:49:554,5,88,19
at:49:849,at:49:1060,1,111,5039
at:49:849,at:49:1060,18,120,21
at:49:849,at:49:1060,6,120,2189
at:49:849,at:49:1060,62,120,305
at:49:849,at:49:1286,14A,138,1618
at:49:849,at:49:1598,N6,120,27
at:49:849,at:49:2500,18,300,7
at:49:849,at:49:267,18,120,4087
at:49:849,at:49:267,6,120,2189
at:49:849,at:49:267,62,120,1747
at:49:849,at:49:267,BB,120,1449
at:49:849,at:49:267,N6,180,54
at:49:849,at:49:296,14A,35,1618
at:49:849,at:49:689,1,87,4970
at:49:849,at:49:689,18,105,4059
at:49:849,at:49:689,62,86,1442
at:49:849,at:49:689,BB,60,1449
at:49:849,at:49:727,N62,60,27
at:49:849,at:49:755,N62,159,23
at:49:85,at:49:672,43A,120,607
at:49:85,at:49:672,43B,120,55
at:49:85,at:49:842,43B,60,55
at:49:85,at:49:936,43A,60,607
at:49:850,at:49:793,66A,75,1359
at:49:850,at:49:793,N66,60,72
at:49:852,at:49:1127,60A,60,410
at:49:852,at:49:1127,N60,60,32
at:49:852,at:49:1127,N61,60,8
at:49:852,at:49:799,60A,60,407
at:49:852,at:49:799,N61,60,9
at:49:853,at:49:343,56A,60,541
at:49:853,at:49:49,56A,60,567
at:49:854,at:49:1417,56A,60,551
at:49:854,at:49:1417,60A,60,410
at:49:854,at:49:1417,N61,60,8
at:49:854,at:49:1936,N60,180,32
at:49:854,at:49:343,56A,126,567
at:49:854,at:49:343,60,60,1362
at:49:854,at:49:343,N60,60,48
at:49:854,at:49:655,60A,187,407
at:49:854,at:49:855,60,60,1362
at:49:855,at:49:70,60,93,1352
at:49:855,at:49:854,60,81,1362
at:49:856,at:49:621,19A,60,273
at:49:858,at:49:1344,15A,60,1206
at:49:858,at:49:908,15A,60,1204
at:49:859,at:49:604,1,69,4971
at:49:859,at:49:604,62,89,1035
at:49:859,at:49:604,BB,102,1449
at:49:859,at:49:604,N62,30,27
at:49:859,at:49:996,1,71,4897
at:49:859,at:49:996,62,93,1035
at:49:859,at:49:996,BB,103,1449
at:49:859,at:49:996,N62,60,23
at:49:86,at:49:1058,11,85,5062
at:49:86,at:49:1058,N65,83,103
at:49:86,at:49:1058,N66,167,27
at:49:86,at:49:1058,O,75,2048
at:49:86,at:49:510,7A,125,707
at:49:86,at:49:616,7A,85,707
at:49:86,at:49:760,11,127,5054
at:49:86,at:49:760,N65,120,95
at:49:86,at:49:760,N66,120,75
at:49:86,at:49:760,O,126,2048
at:49:860,at:49:260,32A,62,78
at:49:861,at:49:1490,12,64,101
at:49:861,at:49:1490,2,110,4491
at:49:861,at:49:602,12,120,101
at:49:861,at:49:602,2,120,4636
at:49:861,at:49:602,9,118,1574
at:49:862,at:49:1809,95A,60,1479
at:49:862,at:49:1809,97A,60,14
at:49:862,at:49:1964,95A,120,340
at:49:862,at:49:910,95A,60,1153
at:49:863,at:49:1112,63A,92,1066
at:49:863,at:49:1126,7A,90,713
at:49:863,at:49:1126,9A,88,579
at:49:863,at:49:1211,N60,120,18
at:49:863,at:49:1211,U4,68,5180
at:49:863,at:49:142,10A,147,1716
at:49:863,at:49:820,N60,60,20
at:49:863,at:49:820,U4,60,5207
at:49:863,at:49:937,10A,132,1692
at:49:863,at:49:937,63A,122,1074
at:49:865,at:49:1015,59A,175,680
at:49:865,at:49:1015,62,75,1860
at:49:865,at:49:1015,9A,60,294
at:49:865,at:49:1015,BB,60,2089
at:49:865,at:49:1015,N8,60,16
at:49:865,at:49:103,18,120,21
at:49:865,at:49:103,59A,68,1701
at:49:865,at:49:103,6,120,23
at:49:865,at:49:103,62,119,1747
at:49:865,at:49:103,BB,120,2089
at:49:865,at:49:1262,59A,136,1059
at:49:865,at:49:1262,9A,56,285
at:49:865,at:49:368,N8,120,16
at:49:865,at:49:895,62,72,113
at:49:867,at:49:413,64A,60,280
at:49:867,at:49:413,N64,30,16
at:49:867,at:49:923,64A,61,279
at:49:867,at:49:923,N64,60,16
at:49:868,at:49:693,99A,60,215
at:49:868,at:49:767,99A,60,219
at:49:869,at:49:1034,94A,60,548
at:49:869,at:49:353,94A,60,542
at:49:87,at:49:1478,73A,30,604
at:49:87,at:49:1478,76B,50,420
at:49:87,at:49:1478,79A,58,330
at:49:87,at:49:1478,79B,54,127
at:49:87,at:49:639,73A,171,612
at:49:87,at:49:639,76B,60,426
at:49:87,at:49:639,79A,60,324
at:49:87,at:49:639,79B,60,127
at:49:870,at:49:1266,49A,41,726
at:49:870,at:49:1266,50B,41,196
at:49:872,at:49:1513,34A,60,499
at:49:872,at:49:1544,34A,60,489
at:49:873,at:49:20,2A,84,572
at:49:873,at:49:457,1A,97,676
at:49:874,at:49:1510,37,134,338
at:49:874,at:49:1510,40,148,642
at:49:874,at:49:1510,41,153,663
at:49:874,at:49:1510,42,142,1518
at:49:874,at:49:1510,N8,120,20
at:49:874,at:49:1510,U6,100,13326
at:49:874,at:49:1920,37,60,338
at:49:874,at:49:1920,40,60,637
at:49:874,at:49:1920,41,60,658
at:49:874,at:49:1920,42,60,1518
at:49:874,at:49:27,N8,120,22
at:49:874,at:49:27,U6,102,13376
at:49:875,at:49:788,60A,120,410
at:49:875,at:49:788,N61,80,24
at:49:877,at:49:1013,12A,82,1189
at:49:878,at:49:1423,44A,60,410
at:49:879,at:49:42,69A,107,642
at:49:879,at:49:43,69A,80,631
at:49:88,at:49:320,79A,55,440
at:49:88,at:49:320,79B,47,162
at:49:880,at:49:317,84A,30,714
at:49:880,at:49:317,N84,30,14
at:49:880,at:49:60,84A,119,703
at:49:880,at:49:60,N84,120,14
at:49:881,at:49:1784,72A,171,116
at:49:881,at:49:652,72A,60,112
at:49:883,at:49:41,12A,59,738
at:49:883,at:49:41,N60,30,20
at:49:884,at:49:1204,92A,30,1044
at:49:884,at:49:1204,92B,44,386
at:49:884,at:49:1204,N90,60,14
at:49:885,at:49:399,71,60,5970
at:49:885,at:49:399,N71,30,87
at:49:885,at:49:805,71,87,6001
at:49:885,at:49:805,D,90,2
at:49:885,at:49:805,N71,60,87
at:49:886,at:49:79,13A,30,3778
at:49:887,at:49:1562,49A,60,726
at:49:887,at:49:1562,50B,60,196
at:49:887,at:49:25,49A,60,728
at:49:888,at:49:1149,58A,60,258
at:49:888,at:49:1149,58B,60,258
at:49:888,at:49:1332,58A,60,366
at:49:888,at:49:1332,58B,60,364
at:49:888,at:49:1550,56A,119,336
at:49:888,at:49:1550,56B,119,322
at:49:888,at:49:1550,58A,120,362
at:49:888,at:49:1550,58B,117,362
at:49:888,at:49:303,56A,60,350
at:49:888,at:49:303,56B,60,323
at:49:888,at:49:303,8A,59,545
at:49:888,at:49:690,8A,60,542
at:49:888,at:49:953,58A,75,260
at:49:888,at:49:953,58B,74,258
at:49:889,at:49:187,51A,60,1008
at:49:889,at:49:187,51B,60,320
at:49:889,at:49:780,51A,120,1008
at:49:889,at:49:780,51B,120,323
at:49:89,at:49:1247,92A,61,644
at:49:89,at:49:1247,N91,60,18
at:49:89,at:49:1631,93A,60,530
at:49:89,at:49:1631,97A,115,1043
at:49:89,at:49:1631,98A,60,796
at:49:89,at:49:1631,N20,60,81
at:49:89,at:49:1788,92A,60,642
at:49:89,at:49:1788,N91,60,16
at:49:890,at:49:1021,44A,60,410
at:49:891,at:49:1351,11A,37,2037
at:49:891,at:49:1351,5B,41,1337
at:49:893,at:49:1861,29B,99,853
at:49:893,at:49:1861,N25,120,16
at:49:893,at:49:1970,29B,79,837
at:49:894,at:49:482,52A,60,188
at:49:895,at:49:865,62,60,113
at:49:896,at:49:403,95A,60,1493
at:49:896,at:49:403,95B,60,121
at:49:896,at:49:403,N23,60,28
at:49:896,at:49:403,N24,60,32
at:49:896,at:49:531,95A,30,1479
at:49:896,at:49:531,95B,46,123
at:49:896,at:49:531,N23,60,28
at:49:897,at:49:1351,5B,60,1321
at:49:897,at:49:383,11A,81,2049
at:49:898,at:49:1171,60A,103,409
at:49:898,at:49:1171,64A,102,280
at:49:898,at:49:1171,66A,81,1383
at:49:898,at:49:1171,N66,60,63
at:49:898,at:49:1499,60A,116,409
at:49:898,at:49:1499,64A,120,279
at:49:898,at:49:1499,66A,105,1383
at:49:898,at:49:1499,N66,80,72
at:49:899,at:49:1040,2,111,66
at:49:899,at:49:1040,5,159,1965
at:49:899,at:49:1040,O,119,1927
at:49:9,at:49:1378,24A,120,870
at:49:9,at:49:1378,89A,120,4
at:49:9,at:49:1378,N24,120,16
at:49:9,at:49:1752,24A,54,882
at:49:9,at:49:1752,89A,60,3
at:49:9,at:49:1752,N24,30,14
at:49:90,at:49:403,N23,60,28
at:49:900,at:49:98,88B,60,351
at:49:901,at:49:1024,N91,30,18
at:49:902,at:49:469,73A,60,618
at:49:902,at:49:469,73B,60,844
at:49:902,at:49:639,71E,60,22
at:49:902,at:49:639,73A,60,604
at:49:902,at:49:639,73B,60,844
at:49:902,at:49:639,N71,60,86
at:49:903,at:49:171,93A,60,530
at:49:903,at:49:171,N91,30,18
at:49:903,at:49:430,93A,45,496
at:49:903,at:49:430,N91,30,16
at:49:903,at:49:847,95A,57,1482
at:49:904,at:49:347,92A,60,644
at:49:904,at:49:347,93A,60,520
at:49:904,at:49:347,N91,30,18
at:49:904,at:49:642,92A,60,642
at:49:904,at:49:642,93A,60,496
at:49:904,at:49:642,N91,60,16
at:49:905,at:49:1016,71,96,37
at:49:905,at:49:1016,D,87,4219
at:49:905,at:49:1346,D,178,4211
at:49:906,at:49:1114,56A,60,4
at:49:906,at:49:1114,58B,31,620
at:49:906,at:49:240,56A,60,4
at:49:906,at:49:240,58B,60,622
at:49:907,at:49:18,76B,211,426
at:49:907,at:49:466,73B,58,844
at:49:907,at:49:639,76B,137,420
at:49:907,at:49:639,79A,60,330
at:49:907,at:49:639,79B,60,127
at:49:908,at:49:750,15A,60,1204
at:49:908,at:49:858,15A,60,1206
at:49:909,at:49:1035,10,120,1385
at:49:909,at:49:1084,10,101,1385
at:49:910,at:49:1930,84A,120,714
at:49:910,at:49:1930,N84,60,14
at:49:910,at:49:1964,25,92,508
at:49:910,at:49:1964,27,108,1659
at:49:910,at:49:1964,95A,60,344
at:49:910,at:49:1966,89A,60,279
at:49:910,at:49:1966,99A,60,219
at:49:910,at:49:1966,99B,60,215
at:49:910,at:49:487,U2,120,3287
at:49:910,at:49:862,95A,60,1135
at:49:910,at:49:942,U2,122,3353
at:49:911,at:49:1158,10A,152,1692
at:49:911,at:49:606,10A,112,1716
at:49:912,at:49:430,93A,60,530
at:49:912,at:49:430,N91,30,18
at:49:912,at:49:559,93A,93,496
at:49:912,at:49:559,N91,60,16
at:49:913,at:49:1514,16A,60,760
at:49:913,at:49:930,16A,30,732
at:49:914,at:49:1058,6,159,2168
at:49:914,at:49:1058,N6,138,54
at:49:914,at:49:1598,1,96,157
at:49:914,at:49:1598,18,71,11
at:49:914,at:49:1598,6,92,2189
at:49:914,at:49:1598,N6,60,27
at:49:914,at:49:2500,1,42,222
at:49:914,at:49:2500,18,40,21
at:49:914,at:49:2500,6,40,21
at:49:914,at:49:307,N6,60,27
at:49:916,at:49:1040,N25,120,16
at:49:916,at:49:1040,U1,71,4958
at:49:916,at:49:1198,N25,30,18
at:49:916,at:49:1198,U1,60,4944
at:49:916,at:49:1745,5A,58,392
at:49:917,at:49:221,92A,60,1040
at:49:917,at:49:221,92B,60,376
at:49:917,at:49:221,N90,60,16
at:49:917,at:49:475,92A,60,1044
at:49:917,at:49:475,92B,60,386
at:49:917,at:49:475,N90,30,14
at:49:918,at:49:585,BB,120,2369
at:49:919,at:49:282,79A,60,440
at:49:919,at:49:282,79B,60,162
at:49:92,at:49:174,60A,127,409
at:49:92,at:49:204,60A,120,409
at:49:920,at:49:1088,13A,67,2817
at:49:920,at:49:1088,N71,60,50
at:49:920,at:49:1152,13A,120,235
at:49:920,at:49:1152,48A,120,2232
at:49:920,at:49:1152,N46,120,44
at:49:920,at:49:664,13A,141,2843
at:49:920,at:49:664,48A,84,20
at:49:920,at:49:664,N71,120,48
at:49:921,at:49:1532,48A,68,2246
at:49:921,at:49:1532,N46,60,37
at:49:923,at:49:1730,64A,60,279
at:49:923,at:49:1730,N64,60,16
at:49:923,at:49:867,64A,81,280
at:49:923,at:49:867,N64,120,16
at:49:924,at:49:1378,24A,66,882
at:49:924,at:49:1378,89A,80,3
at:49:924,at:49:1378,N24,60,14
at:49:924,at:49:1380,89A,60,283
at:49:924,at:49:22,89A,49,283
at:49:925,at:49:168,38A,45,2033
at:49:925,at:49:80,38A,60,2033
at:49:927,at:49:1234,94A,64,542
at:49:927,at:49:630,94A,60,548
at:49:928,at:49:33,15A,142,1246
at:49:928,at:49:331,15A,64,1250
at:49:929,at:49:1091,1,95,104
at:49:929,at:49:1091,O,107,1927
at:49:929,at:49:1218,1,62,153
at:49:929,at:49:1218,O,75,1927
at:49:929,at:49:1548,4A,60,1107
at:49:929,at:49:44,4A,76,1106
at:49:93,at:49:570,58A,117,620
at:49:93,at:49:570,58B,117,622
at:49:93,at:49:694,66A,81,1359
at:49:93,at:49:694,N66,100,72
at:49:93,at:49:94,60A,120,1
at:49:93,at:49:94,66A,99,1383
at:49:93,at:49:94,N66,120,63
at:49:930,at:49:1195,65A,94,16
at:49:930,at:49:444,16A,39,732
at:49:930,at:49:444,65A,30,16
at:49:930,at:49:913,16A,38,760
at:49:931,at:49:10,35A,60,1320
at:49:931,at:49:10,43B,60,55
at:49:931,at:49:10,N35,60,32
at:49:931,at:49:206,35A,61,1346
at:49:931,at:49:206,43B,60,55
at:49:931,at:49:206,N35,30,32
at:49:932,at:49:1057,41A,60,487
at:49:932,at:49:933,41A,60,492
at:49:933,at:49:932,41A,50,487
at:49:933,at:49:934,41A,64,492
at:49:934,at:49:933,41A,30,487
at:49:935,at:49:1806,43A,78,607
at:49:935,at:49:525,43,94,2094
at:49:935,at:49:525,43A,107,721
at:49:935,at:49:525,N43,61,94
at:49:936,at:49:392,43A,59,607
at:49:936,at:49:85,43A,60,607
at:49:937,at:49:1015,U6,110,13380
at:49:937,at:49:470,63A,113,1074
at:49:937,at:49:820,U6,101,13373
at:49:937,at:49:863,10A,120,1716
at:49:937,at:49:863,63A,150,1066
at:49:938,at:49:1786,25,82,508
at:49:938,at:49:1786,26,91,1634
at:49:938,at:49:1786,27,91,1659
at:49:938,at:49:716,25,76,508
at:49:938,at:49:716,26,69,1634
at:49:938,at:49:716,27,64,1659
at:49:939,at:49:1455,99A,56,215
at:49:939,at:49:1534,99B,60,219
at:49:939,at:49:255,99A,36,219
at:49:939,at:49:255,99B,35,215
at:49:94,at:49:1000,56A,60,537
at:49:94,at:49:1128,58B,116,610
at:49:94,at:49:1128,60A,71,410
at:49:94,at:49:1128,66A,70,1383
at:49:94,at:49:1128,N66,60,63
at:49:94,at:49:1629,60A,120,403
at:49:94,at:49:93,58A,60,620
at:49:94,at:49:93,58B,60,622
at:49:94,at:49:93,66A,60,1359
at:49:94,at:49:93,N66,60,72
at:49:940,at:49:695,52A,41,188
at:49:941,at:49:1918,5,60,12
at:49:941,at:49:1918,O,69,1930
at:49:941,at:49:51,5,96,1977
at:49:941,at:49:51,O,60,1
at:49:941,at:49:899,5,81,1965
at:49:941,at:49:899,O,107,1927
at:49:942,at:49:1046,88A,60,106
at:49:942,at:49:1046,88B,60,343
at:49:942,at:49:1587,84A,60,714
at:49:942,at:49:1587,N84,60,14
at:49:942,at:49:1929,84A,120,711
at:49:942,at:49:1929,N84,60,14
at:49:942,at:49:910,U2,120,3287
at:49:943,at:49:50,26,169,827
at:49:943,at:49:50,27,152,2430
at:49:943,at:49:50,N20,60,88
at:49:943,at:49:699,26,96,783
at:49:943,at:49:699,27,87,2401
at:49:943,at:49:699,N20,89,90
at:49:944,at:49:1077,5,120,1977
at:49:944,at:49:1077,O,120,1
at:49:944,at:49:51,5,77,1977
at:49:944,at:49:51,O,60,4
at:49:947,at:43:5133,61B,120,82
at:49:947,at:49:1235,61B,120,81
at:49:948,at:49:116,D,92,4359
at:49:948,at:49:1231,D,60,4373
at:49:948,at:49:1231,N36,30,30
at:49:948,at:49:491,38B,750,2
at:49:949,at:49:1481,U1,115,2592
at:49:949,at:49:177,68B,120,437
at:49:949,at:49:177,N68,120,22
at:49:949,at:49:1934,17A,60,374
at:49:949,at:49:1934,70A,60,218
at:49:949,at:49:776,70A,60,219
at:49:949,at:49:970,17A,180,375
at:49:95,at:49:1107,N60,60,32
at:49:950,at:49:1062,35A,100,1300
at:49:950,at:49:1062,37A,121,864
at:49:950,at:49:1062,U6,108,12740
at:49:950,at:49:1462,35A,69,1289
at:49:950,at:49:1462,37A,63,154
at:49:950,at:49:1462,N35,60,34
at:49:950,at:49:1510,N8,120,20
at:49:950,at:49:1510,U6,103,12425
at:49:950,at:49:1570,1,78,252
at:49:950,at:49:1570,37,117,369
at:49:950,at:49:1570,38,114,417
at:49:950,at:49:1570,D,103,292
at:49:950,at:49:202,37,69,493
at:49:950,at:49:202,38,77,1208
at:49:950,at:49:405,37,114,862
at:49:950,at:49:405,38,112,1624
at:49:950,at:49:405,N38,60,46
at:49:950,at:49:786,1,85,242
at:49:950,at:49:786,38,120,1
at:49:950,at:49:786,D,93,284
at:49:950,at:49:786,N35,60,16
at:49:950,at:49:786,N36,30,27
at:49:950,at:49:786,N8,120,18
at:49:951,at:49:1942,27B,196,226
at:49:951,at:49:627,27A,179,463
at:49:951,at:49:627,27B,120,226
at:49:952,at:49:1150,56A,54,549
at:49:952,at:49:242,56A,30,573
at:49:953,at:49:1332,58A,166,260
at:49:953,at:49:1332,58B,166,258
at:49:953,at:49:1909,56A,120,350
at:49:953,at:49:1909,56B,119,323
at:49:953,at:49:888,56A,68,336
at:49:953,at:49:888,56B,67,322
at:49:953,at:49:888,58A,60,258
at:49:953,at:49:888,58B,61,258
at:49:953,at:49:888,8A,81,542
at:49:954,at:49:1543,92B,65,472
at:49:954,at:49:316,92B,60,472
at:49:955,at:49:572,27A,107,239
at:49:955,at:49:572,N25,60,18
at:49:956,at:49:1044,53A,120,714
at:49:956,at:49:1044,54A,120,147
at:49:956,at:49:1044,54B,120,146
at:49:956,at:49:1404,U4,112,5207
at:49:956,at:49:1729,47A,60,586
at:49:956,at:49:1729,N54,30,48
at:49:956,at:49:560,U4,120,5180
at:49:957,at:49:1259,76A,50,396
at:49:957,at:49:1259,76B,52,426
at:49:957,at:49:131,76A,60,386
at:49:957,at:49:131,76B,60,420
at:49:958,at:49:1247,26A,81,2393
at:49:958,at:49:1247,N84,60,14
at:49:958,at:49:1631,93A,60,496
at:49:958,at:49:1631,98A,60,780
at:49:958,at:49:1646,97A,60,12
at:49:958,at:49:299,26A,115,2393
at:49:958,at:49:299,93A,120,530
at:49:958,at:49:299,97A,60,1031
at:49:958,at:49:299,98A,115,796
at:49:958,at:49:317,N84,60,14
at:49:958,at:49:89,97A,120,12
at:49:959,at:49:1252,38,60,1624
at:49:959,at:49:1252,N38,60,46
at:49:959,at:49:1253,38,88,1624
at:49:959,at:49:1253,39A,107,663
at:49:959,at:49:1253,N38,60,48
at:49:959,at:49:362,39A,60,663
at:49:96,at:49:1114,56A,60,4
at:49:96,at:49:1114,58B,60,622
at:49:96,at:49:1114,62,89,1860
at:49:96,at:49:1114,N62,60,23
at:49:96,at:49:1284,58A,60,626
at:49:96,at:49:1332,58A,115,362
at:49:96,at:49:1332,58B,115,362
at:49:96,at:49:1453,62,63,1860
at:49:96,at:49:1453,N62,60,24
at:49:96,at:49:1909,58A,120,258
at:49:96,at:49:1909,58B,119,258
at:49:960,at:49:212,16A,107,760
at:49:960,at:49:212,N65,120,96
at:49:961,at:49:1182,N31,180,27
at:49:961,at:49:1431,2A,30,136
at:49:961,at:49:1431,5A,30,392
at:49:961,at:49:1431,5B,38,1311
at:49:961,at:49:380,31,86,2571
at:49:961,at:49:380,5A,120,392
at:49:961,at:49:380,5B,145,1295
at:49:961,at:49:380,N31,120,27
at:49:961,at:49:962,2,116,33
at:49:961,at:49:962,31,101,2571
at:49:962,at:49:1182,2,120,33
at:49:962,at:49:1182,31,108,2571
at:49:962,at:49:961,31,94,2571
at:49:963,at:49:312,38A,44,1958
at:49:963,at:49:526,38A,60,1958
at:49:964,at:49:1739,24A,75,1168
at:49:964,at:49:1739,N24,30,42
at:49:964,at:49:83,24A,60,1166
at:49:964,at:49:83,N24,60,16
at:49:965,at:49:1048,25,88,508
at:49:965,at:49:1048,26,92,1634
at:49:965,at:49:1048,27,104,1659
at:49:965,at:49:966,25,65,508
at:49:965,at:49:966,26,67,1634
at:49:965,at:49:966,27,66,1659
at:49:966,at:49:1595,25,60,508
at:49:966,at:49:1595,26,60,1634
at:49:966,at:49:1595,27,60,1659
at:49:966,at:49:965,25,60,508
at:49:966,at:49:965,26,72,1634
at:49:966,at:49:965,27,69,1659
at:49:967,at:49:1551,95A,59,1423
at:49:967,at:49:650,95A,60,1482
at:49:968,at:49:72,36A,92,220
at:49:968,at:49:72,36B,81,284
at:49:970,at:49:600,17A,60,374
at:49:970,at:49:600,70A,60,219
at:49:970,at:49:600,N17,60,23
at:49:970,at:49:776,17A,60,375
at:49:970,at:49:776,70A,60,218
at:49:970,at:49:776,N17,60,21
at:49:971,at:49:1239,17A,38,375
at:49:971,at:49:1239,66A,52,1395
at:49:971,at:49:1239,67A,98,231
at:49:971,at:49:1239,67B,107,190
at:49:971,at:49:1239,N66,42,69
at:49:971,at:49:1239,N67,60,27
at:49:971,at:49:1479,17A,120,372
at:49:971,at:49:1479,66A,120,1399
at:49:971,at:49:1479,N66,120,72
at:49:971,at:49:432,67A,60,230
at:49:971,at:49:432,67B,60,192
at:49:971,at:49:432,N67,30,25
at:49:972,at:49:376,35A,116,1320
at:49:972,at:49:376,N35,120,32
at:49:973,at:49:1043,46A,42,581
at:49:974,at:49:274,11A,61,1967
at:49:974,at:49:274,N81,30,27
at:49:974,at:49:733,11A,60,1994
at:49:974,at:49:733,N81,60,27
at:49:975,at:49:1094,1,127,4125
at:49:975,at:49:1094,62,178,1035
at:49:975,at:49:1094,BB,120,1449
at:49:975,at:49:1193,2,150,3876
at:49:975,at:49:1193,71,139,4254
at:49:975,at:49:1193,D,155,3246
at:49:975,at:49:1193,N71,181,87
at:49:975,at:49:1193,N75,180,18
at:49:975,at:49:1430,N49,240,24
at:49:975,at:49:190,1,81,4353
at:49:975,at:49:190,2,82,3861
at:49:975,at:49:190,71,82,4256
at:49:975,at:49:190,D,95,3245
at:49:975,at:49:190,N25,120,18
at:49:975,at:49:190,N38,120,16
at:49:975,at:49:190,N60,120,16
at:49:975,at:49:190,N66,120,27
at:49:975,at:49:193,59A,107,1602
at:49:975,at:49:193,N62,60,27
at:49:975,at:49:193,N66,120,27
at:49:975,at:49:193,N71,120,48
at:49:975,at:49:196,1,100,357
at:49:975,at:49:1983,3A,120,138
at:49:975,at:49:20,2A,104,581
at:49:975,at:49:246,N46,240,91
at:49:975,at:49:657,N60,60,18
at:49:975,at:49:835,N46,120,18
at:49:975,at:49:835,N49,120,8
at:49:976,at:49:217,42A,65,1027
at:49:976,at:49:718,42A,60,1022
at:49:977,at:49:124,44,82,719
at:49:977,at:49:602,44,95,719
at:49:978,at:49:1101,49A,40,728
at:49:98,at:49:1710,88B,60,351
at:49:980,at:49:454,29B,60,853
at:49:980,at:49:454,N25,60,16
at:49:980,at:49:6,29B,60,837
at:49:981,at:49:1080,44,60,737
at:49:981,at:49:1190,46,98,2717
at:49:981,at:49:1190,N46,106,116
at:49:981,at:49:1317,U3,86,6455
at:49:981,at:49:1489,48A,90,2400
at:49:981,at:49:445,48A,60,2447
at:49:981,at:49:840,45A,67,356
at:49:981,at:49:840,46,111,2717
at:49:981,at:49:840,46A,60,581
at:49:981,at:49:840,46B,60,534
at:49:981,at:49:840,N46,60,109
at:49:983,at:49:1055,46B,30,534
at:49:983,at:49:1318,46A,60,581
at:49:983,at:49:846,51A,60,1008
at:49:984,at:49:1141,27A,60,465
at:49:985,at:49:1043,44B,60,416
at:49:985,at:49:665,46B,60,534
at:49:985,at:49:973,46A,60,581
at:49:986,at:49:1371,11,60,4075
at:49:986,at:49:1560,16A,60,736
at:49:986,at:49:681,16A,60,760
at:49:986,at:49:681,N65,60,96
at:49:986,at:49:987,N65,81,98
at:49:987,at:49:1371,11,60,4069
at:49:987,at:49:365,11,94,4075
at:49:987,at:49:365,N65,71,98
at:49:987,at:49:986,N65,120,96
at:49:988,at:49:27,43,127,3076
at:49:988,at:49:27,N43,61,84
at:49:988,at:49:276,2,111,7
at:49:988,at:49:276,43,99,3076
at:49:988,at:49:276,N43,73,86
at:49:989,at:49:886,13A,60,3778
at:49:99,at:49:34,1,60,242
at:49:99,at:49:34,12,120,313
at:49:99,at:49:34,31,93,18
at:49:99,at:49:34,5,111,315
at:49:99,at:49:34,D,60,3674
at:49:99,at:49:786,1,82,252
at:49:99,at:49:786,D,104,4651
at:49:990,at:49:1610,92B,84,5
at:49:990,at:49:342,92B,110,472
at:49:990,at:49:809,92B,104,467
at:49:991,at:49:469,71E,60,22
at:49:991,at:49:469,73A,68,604
at:49:991,at:49:469,73B,61,844
at:49:991,at:49:469,N71,67,86
at:49:991,at:49:638,73A,60,1423
at:49:991,at:49:638,73B,60,844
at:49:992,at:49:1252,38,60,1624
at:49:992,at:49:1252,N38,60,48
at:49:992,at:49:61,38,60,1624
at:49:992,at:49:61,N38,60,46
at:49:993,at:49:1104,N75,60,16
at:49:993,at:49:75,N75,60,18
at:49:994,at:49:1072,2,160,2436
at:49:994,at:49:1184,1,171,150
at:49:994,at:49:1184,71,171,146
at:49:994,at:49:1184,D,150,184
at:49:994,at:49:192,1,60,3088
at:49:994,at:49:192,2,60,33
at:49:994,at:49:192,71,60,2921
at:49:994,at:49:192,D,60,1706
at:49:994,at:49:246,1,96,3293
at:49:994,at:49:246,2,96,35
at:49:994,at:49:246,71,78,3065
at:49:994,at:49:246,D,96,1888
at:49:995,at:49:1217,29A,76,946
at:49:995,at:49:1217,29B,68,832
at:49:995,at:49:1217,N30,60,32
at:49:995,at:49:334,29A,106,946
at:49:995,at:49:334,29B,77,832
at:49:995,at:49:334,N30,120,32
at:49:996,at:49:1094,1,102,4897
at:49:996,at:49:1094,62,117,1035
at:49:996,at:49:1094,BB,120,1449
at:49:996,at:49:1094,N62,39,23
at:49:996,at:49:859,1,60,4971
at:49:996,at:49:859,62,99,1035
at:49:996,at:49:859,BB,60,1449
at:49:996,at:49:859,N62,80,27
at:49:997,at:49:665,46A,60,581
at:49:997,at:49:698,46B,59,534
at:49:998,at:49:610,61B,60,82
at:49:998,at:49:789,61B,60,81
at:49:999,at:49:622,36A,50,220
at:49:999,at:49:622,36B,49,284
