station,name,lat,lon,district
at:43:3499,Gerasdorf Bahnhof,48.293019385,16.483173675000003,22
at:43:5133,Vösendorf-Siebenhirten,48.125881266,16.318464874,23
at:49:1,Schrankenberggasse,48.173917895,16.389061675,10
at:49:10,"Neustift, Agnesgasse",48.25052543,16.307392836666665,19
at:49:100,Broßmannplatz,48.251981945,16.398327799999997,21
at:49:1000,Pensionistenwohnhaus Atzgersdorf,48.150609125,16.28980682,23
at:49:1001,Pensionistenwohnhaus Rosenberg,48.15931969333334,16.285994966666667,13
at:49:1002,Pensionsversicherungsanstalt,48.229292125,16.397546265,2
at:49:1004,Neubreitenlee,48.24037056,16.49171216,22
at:49:1005,Penzinger Straße,48.19015737,16.3151887175,14
at:49:1007,Perfektastraße,48.13654383666667,16.31302228,23
at:49:1008,Perntergasse,48.249035975,16.3550829,19
at:49:1009,Perspektivstraße,48.217921004999994,16.4010991,2
at:49:101,Aumannplatz,48.2282508775,16.336348535,18
at:49:1010,Peter-Jordan-Straße,48.23873423,16.32605384,19
at:49:1012,Pfarrgasse,48.149257605,16.34730349,23
at:49:1013,Pfenninggeldgasse,48.20727474,16.31400294,16
at:49:1014,Seckendorfstraße,48.19689772,16.286935203333332,14
at:49:1015,Meidling,48.17429744,16.331311551428573,12
at:49:1016,Alfred-Adler-Straße,48.1822711175,16.381580955,10
at:49:1017,Piaristengasse,48.20663117,16.35132345,8
at:49:1018,Pilgramgasse,48.19275789714286,16.354250675714287,6
at:49:1019,Kolschitzkygasse,48.18802085,16.372905475,4
at:49:102,Autokaderstraße,48.277229535000004,16.388127429999997,21
at:49:1021,Plachygasse,48.226709905,16.280944939999998,17
at:49:1022,Plankengasse,48.20647551,16.36998146,1
at:49:1023,Karl-Bednarik-Gasse,48.245524520000004,16.483227569999997,22
at:49:1024,Plattensteinergasse,48.211345539999996,16.478776420000003,22
at:49:1025,Plößlgasse,48.19453942,16.37713205,3
at:49:1026,Podlahagasse,48.210995350000005,16.533196365000002,22
at:49:1027,Pogrelzstraße,48.243502485,16.455923284999997,22
at:49:1028,Pohlgasse,48.17864327,16.32395777,12
at:49:1029,Veletaweg,48.22793371,16.28094045,17
at:49:103,Aßmayergasse,48.1788119925,16.3377858375,12
at:49:1030,Pokornygasse,48.241163285,16.355500614999997,19
at:49:1031,Polgarstraße,48.23127643,16.44942487,22
at:49:1033,Tiefer Graben,48.21353347,16.3694245,1
at:49:1034,Portnergasse,48.244340025,16.44402959,22
at:49:1035,Hütteldorfer Straße,48.19949541166667,16.311745176666665,14
at:49:1037,Possingergasse,48.209618479999996,16.318510986666666,16
at:49:1038,Fritz-Feigl-Weg,48.234384375000005,16.47224118,22
at:49:1039,Praterbrücke,48.203398195,16.43426041,2
at:49:104,Bacherplatz,48.18867763,16.356273166666668,5
at:49:1040,Praterstern,48.21862977083333,16.392190059166666,2
at:49:1041,Rasumofskygasse,48.2054787,16.39437521,3
at:49:1042,Nestroyplatz U/Praterstr.,48.2163468,16.38632181,2
at:49:1043,Predigtstuhl,48.222374,16.289420540000002,17
at:49:1044,Preindlgasse,48.187599623333334,16.277505886666667,13
at:49:1045,Pretschgasse,48.158139195000004,16.42423072,11
at:49:1046,Christine-Touaillon-Straße,48.223167000000004,16.51025339,22
at:49:1047,Preßgasse,48.196234045,16.362651205,4
at:49:1048,Prinzgasse,48.239999624999996,16.482149595,22
at:49:1049,Otto-Wagner-Areal,48.20678083333333,16.28026072333333,14
at:49:105,Badeteich Süßenbrunn,48.2777407,16.487795509999998,22
at:49:1050,Puchgasse,48.260229745000004,16.45509234,22
at:49:1052,Klinik Penzing,48.20532603,16.272900524999997,14
at:49:1053,Pumgasse,48.13601328,16.271984245,23
at:49:1054,Purkytgasse,48.15007072,16.33407879,23
at:49:1055,Pönningerweg,48.213380825,16.288369515,16
at:49:1056,Pötzleinsdorf,48.241063569999994,16.3107735,18
at:49:1057,Pötzleinsdorfer Friedhof,48.24568006,16.30747219,19
at:49:1058,Quellenplatz,48.175661133333335,16.373501356666665,10
at:49:106,Badgasse,48.20909566666666,16.223990253333334,14
at:49:1060,Knöllgasse,48.17729748333333,16.358210533333335,10
at:49:1061,Rabengasse,48.194289409999996,16.3975574925,3
at:49:1062,Spittelau,48.235030585555556,16.357474913333334,9
at:49:1063,Radetzkyplatz,48.21090156333333,16.390214513333333,3
at:49:1065,Raimannstraße,48.20481115,16.28114706,14
at:49:1066,Rainergasse,48.18827837,16.368404915,4
at:49:1067,Rallenweg,48.20445492,16.4587395,22
at:49:1068,Rampengasse,48.24079235,16.36045033,19
at:49:107,Rettichgasse,48.201590045,16.262215065,14
at:49:1070,Rappachgasse,48.179878204999994,16.424554110000003,11
at:49:1071,Löwengasse,48.20607439,16.395048945,3
at:49:1072,Rathaus,48.20977862,16.355069425,8
at:49:1073,Ravelinstraße,48.173300855,16.42725355,11
at:49:1074,Laxenburger Straße/Sahulkastraße,48.16293293,16.36746618,10
at:49:1075,Ratmannsdorfgasse,48.177404315000004,16.275622425,13
at:49:1076,Ratzenhofergasse,48.284197039999995,16.419833465,21
at:49:1077,Rauscherstraße,48.23073728,16.375344400000003,20
at:49:1078,Raxstraße,48.165729569999996,16.36417385,10
at:49:1079,Rebhanngasse,48.22797959,16.388378953333333,2
at:49:108,Duchekgasse,48.20922936,16.517390505,22
at:49:1080,Redtenbachergasse,48.21333593,16.31468117,16
at:49:1081,Pflaumengasse,48.15681784,16.291190225,23
at:49:1082,Reichmanngasse,48.206897575,16.28454718,14
at:49:1083,"Eßling, Wegmayersiedlung",48.20234445,16.51503243,22
at:49:1084,Reinlgasse,48.193412626666664,16.311468193333333,14
at:49:1085,Reinprechtsdorfer Brücke,48.18889523,16.351741165,5
at:49:1086,Reinprechtsdorfer Straße/Arbeitergasse,48.18658946666667,16.353096123333334,5
at:49:1087,Hansl-Schmid-Weg,48.214362519999995,16.284493285,16
at:49:1088,Siebensterngasse,48.20172326,16.349021515,7
at:49:109,Barawitzkagasse,48.244627179999995,16.355841972500002,19
at:49:1090,Renngasse,48.213063565,16.36759643,1
at:49:1091,Rennweg,48.194795114,16.386517645999998,3
at:49:1093,Asparagusweg,48.242359820000004,16.530667604999998,22
at:49:1094,Resselgasse,48.19845056333333,16.367708723333333,4
at:49:1095,Reumannplatz,48.17449162272727,16.378068745454545,10
at:49:1096,Hörndlwald,48.17439415,16.26470789,13
at:49:1098,Richard-Strauss-Straße,48.137736825000005,16.338203555,23
at:49:1099,Richthausenstraße,48.223906123333336,16.32259233,17
at:49:11,Aignerstraße,48.246332115,16.37494914,20
at:49:110,Barichgasse,48.198237,16.394882754999998,3
at:49:1100,Riedelgasse,48.163358355,16.279705264999997,13
at:49:1101,Riedstraße,48.21048651,16.23845013,14
at:49:1102,Riemergasse,48.20786044,16.37703024,1
at:49:1103,Schippergasse,48.28352155,16.417367589999998,21
at:49:1104,Rochusgasse,48.202409306666674,16.391391305,3
at:49:1105,Rodaun,48.133409564,16.262153084,23
at:49:1107,Rodauner Straße,48.139004715,16.26018487,23
at:49:1108,Rodlergasse,48.240765429999996,16.33411622,19
at:49:1109,Rohrbacherstraße,48.187670495000006,16.27325536,13
at:49:111,Morelligasse,48.250435705,16.404157865000002,21
at:49:1111,Rohrhofergasse,48.171473665,16.429405015,11
at:49:1112,Rosasgasse,48.181699105,16.32456264,12
at:49:1113,Krautackergasse,48.230584685,16.533712895,22
at:49:1114,Rosenhügelstraße,48.16889851333334,16.302119726666664,12
at:49:1115,Rosensteingasse,48.218957974999995,16.32701953,17
at:49:1116,Rosentalgasse,48.20227559,16.26112361,14
at:49:1117,Rossakgasse,48.148082865,16.32162964,23
at:49:1118,Rotenmühlgasse,48.18369663,16.32387992,12
at:49:1119,Rotenturmstraße,48.21032488,16.37447303,1
at:49:112,Bauernfeldplatz,48.2208014275,16.360513215,9
at:49:1120,Steinspornbrücke,48.19340165,16.46699951,22
at:49:1121,Sandleitengasse,48.217837208,16.307512614,16
at:49:1122,Obachgasse,48.261949115,16.464485723333333,22
at:49:1124,Roßauer Lände,48.22234108,16.367564989999998,9
at:49:1125,Schartlgasse,48.13771285,16.28118299,23
at:49:1126,Haschkagasse,48.18075572,16.32698809,12
at:49:1127,Rudolf-Waisenhorn-Gasse,48.143032989999995,16.261577260000003,23
at:49:1128,Rudolf-Zeller-Gasse,48.14745953,16.283756665,23
at:49:1129,Rudolfsplatz,48.21447326,16.3710774,1
at:49:113,"Linzer Straße, Hochsatzengasse",48.19676398666667,16.27694594,14
at:49:1130,Rueppgasse,48.22054257,16.3860613,2
at:49:1132,Rustengasse,48.19134162,16.327491145,15
at:49:1133,Siemensplatz,48.272419580000005,16.417821240000002,21
at:49:1134,Ruzickagasse,48.15253295,16.28439896,23
at:49:1135,Rußbergstraße,48.2876520425,16.3835011075,21
at:49:1136,Römergasse,48.216906455,16.31358972,16
at:49:1137,Trabrennstraße,48.21206688,16.41138481,2
at:49:1138,Saarplatz,48.245183530000006,16.350223015,19
at:49:1139,Sagedergasse,48.161490859999994,16.318310363333335,12
at:49:114,"Baumgartner Friedhof, 3. Tor",48.201422394999994,16.279071955,14
at:49:1140,Sahulkastraße,48.1621674625,16.36212569,10
at:49:1141,Saikogasse,48.25064307,16.435420733333334,22
at:49:1142,Salmannsdorf,48.25213447,16.29338211,19
at:49:1143,Saltenstraße,48.21647549,16.49834173,22
at:49:1144,Salzgries,48.21277324,16.37264945,1
at:49:1145,Salztorbrücke,48.21390060666667,16.373880146666668,1
at:49:1146,Samptwandnergasse,48.20342613666667,16.244768283333332,14
at:49:1147,Sandrockgasse,48.24682265,16.39896111,21
at:49:1148,Viehmarktgasse,48.1908131275,16.401117065,3
at:49:1149,St.-Hemma-Kirche,48.172638879999994,16.292811685,13
at:49:115,Baumgasse,48.193258926666665,16.40484807,3
at:49:1150,St.-Hubertus-Platz,48.162495525,16.260827165000002,13
at:49:1151,St.-Michael-Gasse,48.2662622375,16.4395986475,21
at:49:1152,St.-Ulrichs-Platz,48.20409869,16.35375788,7
at:49:1153,Sauerburggasse,48.246206494999996,16.339007545,19
at:49:1154,Scalagasse,48.18225315,16.35740504,5
at:49:1155,Schafbergbad,48.23602983,16.30123339,17
at:49:1156,Schafberghöhe,48.2378966,16.29773894,18
at:49:1158,Linzer Straße,48.192546805,16.315586222500002,14
at:49:1159,Schattenfrohgasse,48.286597040000004,16.482684095,22
at:49:116,"Nußdorf, Beethovengang",48.259598796666666,16.362672163333333,19
at:49:1160,"Meidling, Schedifkaplatz",48.17308519333333,16.330732565,12
at:49:1162,Schemmerlstraße/Hasenleitengasse,48.16261536,16.41815811,11
at:49:1163,Zillbauerplatz,48.20822363,16.454773435,22
at:49:1164,Schillwasserweg,48.2057062,16.453399015000002,22
at:49:1165,Südportalstraße,48.2129648,16.40772867,2
at:49:1166,Schlachthammerstraße,48.21234224,16.52406948,22
at:49:1168,Schleifmühlgasse,48.19727296,16.36566955,4
at:49:1169,Schlickgasse,48.218618305,16.364358005,9
at:49:117,Belgradplatz,48.17418148,16.35947117,10
at:49:1171,Schloss Alterlaa,48.14845247333333,16.306665203333335,23
at:49:1173,Schloss Belvedere,48.191919515,16.37916224,4
at:49:1174,Schloss Hetzendorf,48.1674431325,16.3091408075,12
at:49:1176,Schloss Schönbrunn,48.187562088,16.313842144,14
at:49:1177,Wilhelminenberg,48.219917115,16.284048615,16
at:49:1178,Schluckergasse,48.15827103,16.29043564,13
at:49:1179,Schmelzbrücke,48.196114295,16.32957524,15
at:49:118,Bellevuestraße,48.248683045,16.328425395,19
at:49:1180,Schoeppelgasse,48.21960289,16.53769692,22
at:49:1181,Schottenfeldgasse,48.20753217,16.34353506,7
at:49:1182,Schottenring,48.21687104083333,16.371670290833332,1
at:49:1184,Schottentor,48.214256129090906,16.362356394545454,1
at:49:1185,St. Veiter Tor,48.17663457,16.25426048,13
at:49:1186,Floridsdorfer Markt,48.26222819666666,16.400188803333332,21
at:49:1187,Schrammelgasse,48.2257075,16.28513558,17
at:49:1188,Schrekergasse,48.20640367,16.28861206,16
at:49:1189,Schrutkagasse,48.1818758,16.28086858,13
at:49:119,"Jedlesee, Bellgasse",48.262766416666665,16.386878766666666,21
at:49:1190,Schuhmeierplatz,48.211579005000004,16.318921217499998,16
at:49:1191,Ettenreichgasse/Schulzentrum,48.168645885,16.374046335,10
at:49:1192,Schwanngasse,48.27983312,16.41963134,21
at:49:1193,Schwarzenbergplatz,48.20099528777777,16.374573845555556,1
at:49:1195,Schwarzenhaidestraße,48.15259787,16.328712853333332,23
at:49:1196,Voltelinistraße,48.277074095,16.37351184,21
at:49:1197,Schwarzspanierstraße,48.217268579999995,16.35925108,9
at:49:1198,Schwedenplatz,48.211799498,16.377756078,1
at:49:1199,Schlachthausgasse,48.19434679888889,16.406993045555552,3
at:49:12,Auf der Schmelz,48.203661635,16.316666445,15
at:49:120,Belvederegasse,48.189958245,16.371903855,4
at:49:1200,Schweglerstraße,48.197870746666666,16.32841641,15
at:49:1201,Schweizertalstraße,48.18786813,16.26575892,13
at:49:1202,Scheibenbergstraße,48.23888979,16.31815316,18
at:49:1203,Schwertgasse,48.21234224,16.36965806,1
at:49:1204,Schüttauplatz,48.2264047,16.4231213,22
at:49:1205,Schüttaustraße,48.23085397,16.417205889999998,22
at:49:1206,Stadionbrücke,48.19736278,16.4111782,2
at:49:1207,Schütthäufel,48.208460095,16.469923525,22
at:49:1208,Schöberweg,48.2307672,16.312170375,17
at:49:1209,Schödlbergergasse,48.228502215000006,16.420372455,22
at:49:121,Benatzkygasse,48.22995337,16.43961886,22
at:49:1210,Schöffelgasse,48.23178147,16.32608079,18
at:49:1211,Schönbrunn,48.18580039,16.319439995,13
at:49:1212,Gatterholzgasse,48.178440605,16.321333195,12
at:49:1213,Hertha-Kräftner-Gasse,48.269585414999995,16.43141275,21
at:49:1214,Schöpfwerk,48.16401146,16.33075203,12
at:49:1215,Scottgasse,48.2741236,16.4204039,21
at:49:1216,Sebaldgasse,48.262310924999994,16.44739827,21
at:49:1217,Sebastian-Kohl-Gasse,48.258827295,16.40961962,21
at:49:1218,Sechskrügelgasse,48.20194629,16.387314449999998,3
at:49:1219,Rosalia-Chladek-Gasse,48.2117556,16.52910903,22
at:49:122,Berggasse,48.218067649999995,16.361734925,9
at:49:1220,Seifertstraße,48.18232503,16.261249375,13
at:49:1221,Strigelgasse,48.231066395,16.518198990000002,22
at:49:1223,Selma-Lagerlöf-Gasse,48.151064614999996,16.37608102,10
at:49:1226,Sensengasse,48.22090766,16.35512332,9
at:49:1227,Seuttergasse,48.193213015,16.262273460000003,13
at:49:1228,Pellmannbrücke,48.136381975,16.287852985,23
at:49:1229,Shuttleworthstraße,48.27151972,16.405842205,21
at:49:123,Bergmillergasse,48.20149024666667,16.25672786,14
at:49:1230,Sibeliusstraße,48.158798360000006,16.36657235,10
at:49:1231,Sickenberggasse,48.258019895000004,16.367030495,19
at:49:1232,Siebenbrunnenfeldgasse,48.1819357,16.35394653,5
at:49:1233,Siebenbrunnengasse,48.18724827,16.35798895,5
at:49:1234,Siebenbürgerstraße,48.23316371999999,16.446652665000002,22
at:49:1235,Siebenhirten,48.129564012,16.309794334,23
at:49:1237,Kirchengasse,48.202212724999995,16.3517771,7
at:49:1239,Siedlung Blumental,48.14588316,16.361411529999998,23
at:49:124,Yppengasse,48.21471868,16.335665815,17
at:49:1240,Karl-Bekehrty-Straße,48.21895049,16.2486011,14
at:49:1241,Siedlung Einigkeit,48.221883225,16.440885485,22
at:49:1242,Siedlung Heuberg,48.22729937,16.27992535,17
at:49:1243,Siedlung Kordon,48.217977864999995,16.2616626,14
at:49:1244,Siedlung Sonnheim,48.2205725,16.440889975,22
at:49:1245,Siedlung Südost,48.156410345,16.39458182,10
at:49:1246,Promenadeweg,48.25063609,16.280877565,17
at:49:1247,Siegesplatz,48.217570855000005,16.485666504999998,22
at:49:1248,Siemensstraße,48.27132988,16.4203050825,21
at:49:1249,Tivoligasse,48.180531105,16.321701505,12
at:49:125,Theodor-Körner-Gasse,48.24971192,16.40750409,21
at:49:1250,Sievering,48.254162144999995,16.31728179,19
at:49:1252,Sieveringer Straße,48.24636601666666,16.342543913333333,19
at:49:1253,Silbergasse,48.24298699333334,16.348296125,19
at:49:1254,Percostraße,48.268787155,16.465045675,22
at:49:1255,Sillerplatz,48.159577365000004,16.276323105,13
at:49:1256,Sieveringer Friedhof,48.24913169,16.32140955,19
at:49:1257,Grillgasse,48.167210965,16.408451810000003,11
at:49:1258,Pfalzgasse,48.239326545,16.499087335,22
at:49:1259,Simmeringer Haide,48.177464215,16.440620485,11
at:49:1260,Simmering,48.169757912222224,16.42018630333333,11
at:49:1261,"Wolfersberg, Schöffelplatz",48.21660418,16.22818239,14
at:49:1262,"Meidling, Eichenstraße",48.174823967500004,16.332912477500003,12
at:49:1263,Polkorabplatz,48.174501975,16.412372955,11
at:49:1264,Simoningplatz,48.179201345,16.420713815,11
at:49:1265,Sindinggasse,48.15344689,16.37041265,10
at:49:1266,Siriusweg,48.20761898,16.24754109,14
at:49:1267,Skodagasse,48.21509977333333,16.34874828,8
at:49:1268,Skraupstraße,48.27422524,16.413769835,21
at:49:1269,Sobotagasse,48.14422283,16.33021304,23
at:49:127,Fernkorngasse,48.1741066,16.36358545,10
at:49:1270,Contiweg,48.23056274333334,16.46994898,22
at:49:1272,Sommarugagasse,48.22608453,16.331659326666667,18
at:49:1275,Sonnenuhrgasse,48.190760725000004,16.34402913,6
at:49:1276,Sonnergasse,48.16783407,16.31918622,12
at:49:1277,Sorgenthalgasse,48.266150115,16.431951735,21
at:49:1278,Donauspital,48.21946822333334,16.465773308333333,22
at:49:1279,"Breitenlee, Spargelfeldstraße",48.251318993333335,16.483163196666666,22
at:49:128,Bernreiterplatz,48.28146515,16.406231473333335,21
at:49:1280,Spargelfeldstraße Nord,48.25425187,16.48467835,22
at:49:1282,Speierlinggasse,48.258609,16.53630004,22
at:49:1283,Preyergasse,48.17383852,16.28583402,13
at:49:1284,Siedlung Rosenhügel,48.165344595,16.29342703,13
at:49:1285,Speisinger Straße,48.1505402,16.26979235,23
at:49:1286,Spengergasse,48.1846789,16.35778234,5
at:49:1287,Spinnerin am Kreuz,48.17051212,16.35048802,10
at:49:1288,Spitalgasse,48.22227674,16.3532930075,9
at:49:1289,Vernholzgasse,48.22697622,16.45202459,22
at:49:129,Mühlschüttel,48.24916758,16.4108009,21
at:49:1291,Schreinerweg,48.227499845,16.447259035000002,22
at:49:1292,Smolagasse,48.22765843,16.45133289,22
at:49:1296,Stadionbad,48.20438607,16.416491735,2
at:49:1299,Stadlau,48.219054633999995,16.448849946,22
at:49:130,Berzeliusgasse,48.275684065,16.410486495,21
at:49:1300,Scheugasse,48.17797637,16.37862325,10
at:49:1301,Praterkai,48.19982074,16.440966330000002,2
at:49:1302,Segelzentrum Nord,48.279166544999995,16.367556005,21
at:49:1303,Lorenz-Mandl-Gasse,48.21312642,16.30827618,16
at:49:1304,Stadlergasse,48.181729055000005,16.28593059,13
at:49:1305,Stadtpark,48.20285336,16.37967428,3
at:49:1306,Staglgasse,48.194180125,16.335239115,15
at:49:1307,Stallarngasse,48.282881925,16.487557455,22
at:49:1308,Stammersdorf,48.297851305,16.4204533025,21
at:49:131,Franz-Eder-Weg,48.177266540000005,16.43445804,11
at:49:1311,Stammhausstraße,48.21127072,16.23970778,14
at:49:1312,Stefan-Fadinger-Platz,48.168117155,16.35437997,10
at:49:1313,Steigenteschgasse,48.2455110625,16.439540254999997,22
at:49:1314,Steinamangergasse,48.283593284999995,16.402702595,21
at:49:1315,Barthgasse,48.19335674,16.4069112,3
at:49:1316,Steinbrechergasse,48.233747125,16.438675625000002,22
at:49:1317,Kendlerstraße,48.2042738125,16.3086108025,16
at:49:1318,Steinlegasse,48.211653835,16.29634206,16
at:49:1319,Steinsee,48.1520085475,16.320470812499998,23
at:49:132,Anton-Schall-Gasse,48.289159795,16.415914565,21
at:49:1320,Stephansplatz,48.208542908333335,16.37211945,1
at:49:1321,Hermine-Jursa-Gasse,48.189275519999995,16.411065905,3
at:49:1322,Sterngasse,48.148442485000004,16.3437910775,23
at:49:1323,Sternwartestraße,48.229064730000005,16.349751400000002,18
at:49:1324,Stiegergasse,48.188114274,16.333199042,15
at:49:1325,Stiftgasse,48.20240432,16.354521455,7
at:49:1327,Stockholmer Platz,48.14962720666667,16.382661178333333,10
at:49:1328,Stollgasse,48.198748949999995,16.34109613,7
at:49:1329,Strandbad Alte Donau,48.242138465,16.416527665,22
at:49:133,Bettelheimstraße,48.279160565,16.4924083575,22
at:49:1330,Strandbad Stadlau,48.21441639,16.456336505,22
at:49:1331,Maria-Jacobi-Gasse,48.1871195,16.40754002,3
at:49:1332,Stranzenberggasse,48.172443183333336,16.297667076666666,13
at:49:1333,Strebersdorf,48.286175625,16.381053195,21
at:49:1334,Sängergasse,48.15285358,16.46942496,11
at:49:1335,Strebersdorfer Platz,48.295418964999996,16.388783195000002,21
at:49:1336,Strehlgasse,48.246505600000006,16.314640745,19
at:49:1337,Stadlauer Friedhof,48.219833324999996,16.45838916,22
at:49:1339,Neu Marx,48.18702068,16.40361438,3
at:49:134,Bernoullistraße,48.24016415,16.43696883,22
at:49:1340,Strozzigasse,48.20651342666667,16.349242353333334,8
at:49:1341,Johann-Kutschera-Gasse,48.224980375,16.49677866,22
at:49:1342,Sulzengasse,48.14477728,16.374841345,23
at:49:1343,Sulzwiese,48.277322205000004,16.319990215,19
at:49:1344,Swatoschgasse,48.16586888,16.4106437,11
at:49:1345,Hannah-Arendt-Platz,48.22470508,16.50150829,22
at:49:1346,Quartier Belvedere,48.1876959475,16.380750012500002,10
at:49:1349,Südtiroler Pl. - Hbf.,48.186066011,16.374190964,10
at:49:135,Döblinger Hauptstraße/Gatterburggasse,48.238883805,16.354615775,19
at:49:1351,Michael-Neumann-Gasse,48.246813675,16.367178715,19
at:49:1352,Südwestfriedhof 1. Tor,48.161953245,16.303362395,12
at:49:1353,Südwestfriedhof 2. & 8. Tor,48.160877670000005,16.302926714999998,12
at:49:1357,Süßenbrunn,48.28508173,16.48477717,22
at:49:1358,Hauptbahnhof Süd,48.18453515,16.37557796,10
at:49:1359,Süßenbrunner Platz,48.277432805000004,16.495916275,22
at:49:136,Laxenburger Straße/Gudrunstraße,48.178531453333335,16.373198925,10
at:49:1360,Süßenbrunner Straße,48.236191374,16.462468408,22
at:49:1361,Taglieberstraße,48.149994805,16.284318115,23
at:49:1362,Talpagasse,48.13225725,16.30961467,23
at:49:1363,Gertrude-Fröhlich-Sandner-Straße,48.18586478,16.37787765,10
at:49:1364,Tamariskengasse,48.21648148,16.465139995,22
at:49:1365,Tandelmarktgasse,48.217151865,16.37759468,2
at:49:1366,Taubstummengasse,48.194326835,16.3700420975,4
at:49:1368,Teiläckergasse,48.23337913,16.53870304,22
at:49:1369,Teinfaltstraße,48.21177356,16.3647353,1
at:49:137,Bezirksamt Margareten,48.1903505,16.35511434,5
at:49:1370,Tenschertstraße,48.140875030000004,16.35242838,23
at:49:1371,Tesarekplatz,48.15535862,16.35066768,10
at:49:1372,Thaliastraße,48.20835875142858,16.338196497142857,16
at:49:1373,Tanbruckgasse,48.17763194,16.329188965,12
at:49:1374,Feßtgasse,48.2105718175,16.325166754999998,16
at:49:1375,Theater in der Josefstadt,48.20927127,16.35068565,8
at:49:1376,Theergasse,48.174933295,16.322766010000002,12
at:49:1377,Theodor-Sickel-Gasse,48.16032939,16.392340525,10
at:49:1378,Agrarweg,48.249804635000004,16.525511275,22
at:49:138,Bibernellweg,48.24740291,16.47931541,22
at:49:1380,Thujagasse,48.253480280000005,16.53426985,22
at:49:1382,Niederpointenstraße,48.20336227,16.27534394,14
at:49:1383,Edelsinnstraße,48.170973419999996,16.31134243,12
at:49:1384,Tolstojgasse,48.18097734,16.277693035,13
at:49:1385,Traisengasse,48.23421534,16.3840782725,20
at:49:1386,Voitgasse,48.26245744,16.460953845,22
at:49:1388,Traviatagasse,48.143991056666664,16.341160509999998,23
at:49:1389,Triester Straße/Rossakgasse,48.14619484,16.33269239,23
at:49:139,Kretschekgasse,48.224639249999996,16.283585985,17
at:49:1392,Knöllgasse/Troststraße,48.172755705,16.353699495,10
at:49:1393,Troststraße/Neilreichgasse,48.16991301666667,16.364343036666668,10
at:49:1394,Tscherttegasse,48.16474545,16.327549535000003,12
at:49:1395,Tullnertalgasse,48.153944304999996,16.29166184,23
at:49:1396,Twarochgasse,48.233250485,16.30506021,17
at:49:1397,Türkenschanzplatz,48.2349483225,16.3275607625,18
at:49:1398,Töllergasse,48.261730835,16.421778314999997,21
at:49:1399,Ulanenweg,48.20596663,16.46760138,22
at:49:14,Alaudagasse,48.15317345375,16.38212443625,10
at:49:140,Schierlinggrundbrücke,48.20889113,16.46517144,22
at:49:1400,Ulmenstraße,48.216577244999996,16.249005335,14
at:49:1401,Bambergergasse,48.20612827333334,16.51533485666667,22
at:49:1402,Auhof Umspannwerk,48.20193731,16.23448856,13
at:49:1403,Unfallkrankenhaus Meidling,48.17344563333333,16.344774733333335,12
at:49:1404,Unter St. Veit,48.19129471333333,16.286381246666668,14
at:49:1405,Sonnwendgasse,48.181642205,16.379597925,10
at:49:1406,Unter der Kirche,48.172378285,16.426988545,11
at:49:1407,Unteres Belvedere,48.196695129999995,16.38117896,3
at:49:1408,"Breitenlee, Rautenweg",48.25621366666667,16.490490453333333,22
at:49:1409,Unterlaa,48.132886775,16.414506455,10
at:49:141,Alberner Hafenzufahrtsstraße West,48.173327815,16.470404125,11
at:49:1410,Unterlaa Stadtgrenze,48.131109105,16.427276005,10
at:49:1411,Unterlaaer Straße,48.135932345,16.41201812,10
at:49:1412,Uranusweg,48.20745135,16.25208656,14
at:49:1413,Urban-Loritz-Platz,48.201158282222224,16.337537303333335,7
at:49:1414,Urselbrunnengasse,48.16481735,16.390620255,10
at:49:1415,Ursulinenkloster,48.15620659,16.264716875,23
at:49:1416,Utendorfgasse,48.2037245,16.24880771,14
at:49:1417,Gebirgsgasse,48.15187869333334,16.263893416666665,23
at:49:1418,Valiergasse,48.1572163475,16.468910675,11
at:49:1419,Van-Swieten-Kaserne,48.293301785,16.4182816225,21
at:49:142,Bischoffgasse,48.18340914,16.3221821,12
at:49:1420,Veitingergasse,48.179611655,16.276237765,13
at:49:1421,Venediger Au,48.217941955,16.3969938,2
at:49:1422,"Unter St. Veit, Verbindungsbahn",48.187267432,16.281842356,13
at:49:1423,Grabengasse,48.23020769,16.28333895,17
at:49:1424,Versorgungsheimplatz,48.17290547,16.275950305000002,13
at:49:1425,St. Marx,48.188357427999996,16.39990434,3
at:49:1426,Vinzenzgasse,48.224921523333336,16.334342296666666,18
at:49:1427,Vivariumstraße,48.21417995,16.39337359,2
at:49:1428,Vogelweidplatz/Stadthalle,48.2042783,16.33170424,15
at:49:1429,Vohburggasse,48.28372181,16.37460329,21
at:49:143,Bischofgasse,48.13809951,16.397478890000002,10
at:49:1430,Volkstheater,48.205192985555556,16.35800791222222,7
at:49:1431,Malzgasse,48.2212548,16.377612645,2
at:49:1433,Vorgartenstraße,48.223951005,16.401608146666668,2
at:49:1435,Miriam-Makeba-Gasse,48.231033485,16.457504315,22
at:49:1436,Wagenwiese,48.26567771,16.327675300000003,19
at:49:1437,Wagner-Schönkirch-Gasse,48.14350953,16.36336537,23
at:49:1438,Waidhausenstraße,48.19751846333333,16.280706886666668,14
at:49:1439,Waidäckergasse,48.207370525,16.294302885,16
at:49:144,Blaasstraße,48.23707092,16.34198097,19
at:49:1440,Walcherstraße,48.226198235,16.401193425,2
at:49:1441,Waldgasse,48.173136115,16.380770225,10
at:49:1443,Wallensteinplatz,48.22984985,16.371045064,20
at:49:1444,Klosterneuburger Straße/Wallensteinstraße,48.228684735,16.36834877,20
at:49:1445,Wallishaussergasse,48.22515692,16.29038623,17
at:49:1446,"Gersthof, Wallrißstraße",48.23211058,16.32687131,18
at:49:1447,Warhanekgasse,48.24455539,16.408263165,21
at:49:1448,Röbbelinggasse,48.235709715,16.525129495,22
at:49:1449,Wasnergasse,48.229504565,16.37696137,20
at:49:145,Blechturmgasse,48.18425964,16.368445335,4
at:49:1450,Hintzerstraße,48.20053625,16.392901975,3
at:49:1451,Uhlirzgasse,48.268425390000004,16.448902949999997,21
at:49:1453,Wattmanngasse,48.17091651,16.29143277,13
at:49:1455,Wehrbrücklstraße,48.224827765,16.531669225,22
at:49:1456,Weidelstraße,48.142055925,16.385940025,10
at:49:1457,Paul-Wagner-Gasse,48.168864565,16.461322155,11
at:49:1459,Weiglgasse,48.18723629,16.32160718,15
at:49:146,Bleibtreustraße,48.177991344999995,16.449046680000002,11
at:49:1460,Weihburggasse,48.204454925,16.377693495,1
at:49:1461,Weinhauser Gasse,48.229840673333335,16.33141379,18
at:49:1462,Weitlofgasse,48.2302436,16.34808952,18
at:49:1463,Weißenböckstraße,48.16224728428572,16.428587547142858,11
at:49:1464,Weißenthurngasse,48.174825459999994,16.314555405,12
at:49:1465,Wendstattgasse,48.14781316,16.39161289,10
at:49:1466,Wenzgasse,48.186978755,16.293458469999997,13
at:49:1467,Schafberg/Werfelstraße,48.234892974999994,16.301776869999998,17
at:49:1468,Westbahnhof,48.196714700769235,16.33892669923077,15
at:49:1469,Wolfganggasse,48.18285211,16.34240767,12
at:49:147,Blériotgasse,48.17096444,16.42561862,11
at:49:1470,Wexstraße,48.23602184833334,16.36637622,20
at:49:1471,Weyrgasse,48.20417054,16.388724805000003,3
at:49:1472,Zehngrafweg,48.155957895,16.45153052,11
at:49:1473,Wiedgasse,48.22132064,16.45133289,22
at:49:1474,Wielandplatz,48.17754508,16.38034802,10
at:49:1475,Wlassakstraße,48.17732644,16.27116678,13
at:49:1476,Pfaffenaugasse,48.1714497,16.46034299,11
at:49:1477,Wienerbergbrücke,48.172286626,16.327827116,12
at:49:1478,Jedletzbergerstraße,48.166992285,16.469689965,11
at:49:1479,Wienerfeld,48.154074944,16.364442445999998,10
at:49:148,Blindengasse,48.210878615,16.340624515000002,8
at:49:1480,Wienerfeldgasse,48.158464285,16.360306605,10
at:49:1481,Neulaa,48.146202332499996,16.384302849999997,10
at:49:1482,Wolf in der Au,48.204754269999995,16.23649181,14
at:49:1483,Albert-Schweitzer-Gasse,48.20739148,16.22231639,14
at:49:1484,Wiethestraße,48.208023075,16.523723625,22
at:49:1485,Wildbadgasse,48.244537445,16.410140645,21
at:49:1486,Wildgansplatz,48.186071405,16.396616505,3
at:49:1487,Wildpretstraße,48.177059875,16.454791405,11
at:49:1488,Wilhelm-Kreß-Platz,48.160395300000005,16.426867275,11
at:49:1489,Rankgasse,48.210885596666664,16.305766886666664,16
at:49:149,Blumengasse,48.22147325500001,16.331789585000003,17
at:49:1490,Wilhelminenstraße,48.216210625,16.319444485,16
at:49:1491,Willendorfer Gasse,48.15159502,16.33334816,23
at:49:1492,Willergasse/Schule,48.13394495,16.257148565,23
at:49:1493,Winckelmannstraße,48.19012892,16.32089751,15
at:49:1494,Windtenstraße,48.170488155,16.351718705,10
at:49:1495,Winkeläckerstraße,48.2734689,16.389829735,21
at:49:1496,Winterhafen,48.180683845000004,16.469007245,2
at:49:1497,Wittelsbachstraße,48.20623454,16.3989139475,2
at:49:1498,Wittgensteinstraße,48.158837309999996,16.26598799,13
at:49:1499,Alterlaa,48.15073969,16.31689359,23
at:49:15,Albern,48.16001080333333,16.48498977,11
at:49:150,Hetmanekgasse,48.13708738,16.317019783333333,23
at:49:1500,Wohnpark Lobau,48.21748705,16.457450415,22
at:49:1501,Wolfersberggasse,48.20403682333333,16.251838026666665,14
at:49:1502,Wolfgang-Mühlwanger-Straße,48.230300445,16.536969284999998,22
at:49:1504,Wolfrathplatz,48.187928015,16.267802585,13
at:49:1505,"Lainz, Wolkersbergenstraße",48.176490785,16.27338786,13
at:49:1506,Schwarzlackenau,48.277830375,16.36935713,21
at:49:1507,Haßlwanderweg,48.212749295,16.47861473,22
at:49:1508,Am Europlatz,48.1713868,16.333635625,12
at:49:1509,Währinger Park,48.2328047,16.346867805000002,18
at:49:1510,Währinger Straße-Volksoper,48.22516140833333,16.3493067325,18
at:49:1511,Adalbert-Stifter-Straße/Jägerstraße,48.24076243499999,16.37129749,20
at:49:1512,Zachgasse,48.21710099,16.48717567,22
at:49:1513,Zallingergasse,48.274730445,16.375438725000002,21
at:49:1514,Zanaschkagasse,48.15714643333333,16.32876076333333,12
at:49:1516,Serpentingasse,48.262502295000004,16.428452800000002,21
at:49:1517,Zehetnergasse,48.19474202,16.28631836,14
at:49:1519,Zentralfriedhof,48.153515805,16.426862784999997,11
at:49:1520,Zentralfriedhof 1.Tor,48.158363897499996,16.43368324,11
at:49:1521,Zentralfriedhof 2.Tor,48.154219978,16.442069462,11
at:49:1522,Zentralfriedhof 3.Tor,48.15246402454545,16.44884945818182,11
at:49:1523,Zentralfriedhof 4.Tor,48.1517718175,16.4528038825,11
at:49:1524,Indigoweg,48.13818044,16.37696586,10
at:49:1525,Hauptwerkstätte,48.149948352500004,16.4574616475,11
at:49:1526,Simonygasse,48.227661425,16.328425395,18
at:49:1527,"Breitenlee, Ziegelhofstraße",48.251434630000006,16.48873874,22
at:49:1528,Am Rain,48.25386907,16.4899335,22
at:49:1529,Ziegelofengasse,48.19237663333333,16.360546153333335,5
at:49:153,Borkowskigasse,48.23714272,16.33061728,19
at:49:1530,Zieglergasse,48.19711728,16.346274915000002,6
at:49:1531,Burggasse/Zieglergasse,48.20427232,16.34526881,7
at:49:1532,Neustiftgasse/Zieglergasse,48.20573314,16.34509813,7
at:49:1533,Westbahnstraße/Zieglergasse,48.20182954,16.345003805,7
at:49:1534,Zifferergasse,48.227167715,16.535904785,22
at:49:1535,Freudenauer Hafenbrücke,48.1703503625,16.476014102500002,11
at:49:1536,Seitenhafenstraße,48.1833702,16.457868135,2
at:49:1537,Zschokkegasse,48.22405275,16.46924979,22
at:49:1538,Kurt-Tichy-Gasse,48.140509365,16.389915074999998,10
at:49:1539,Ludwig-Reindl-Gasse,48.251626044999995,16.460140875,22
at:49:1540,Grellgasse,48.28595147,16.434988044999997,21
at:49:1541,Ödenburger Straße/Schulzentrum,48.28202708,16.401683005000002,21
at:49:1542,Ölhafen,48.16614449,16.50975033,22
at:49:1543,Finsterbuschstraße/Öllager,48.168346325,16.50609868,22
at:49:1544,"Jedlesee, Überfuhrstraße",48.269412009999996,16.38015937,21
at:49:1545,Zeleborgasse,48.1767963,16.3337524,12
at:49:1546,Ruckergasse,48.1777232875,16.3265546525,12
at:49:1548,Ziehrerplatz,48.199204015,16.391792555000002,3
at:49:1549,Rustenschacherallee,48.20132061,16.4100014,2
at:49:155,Maculangasse,48.262358765,16.45400987,22
at:49:1550,Tiroler Gasse,48.18097934,16.298472566666664,13
at:49:1551,Binsenweg,48.210708005,16.465876615,22
at:49:1552,Rosiwalgasse,48.138024575,16.3828633,10
at:49:1553,Ernst-Krenek-Gasse,48.135326840000005,16.34334641,23
at:49:1554,Bahnsteggasse,48.26484351,16.40193004,21
at:49:1555,Tinterstraße,48.200209935000004,16.27953458,14
at:49:1556,Vorarlberger Allee,48.13297371,16.349845725,23
at:49:1558,Lerchenfelder Straße,48.208442135,16.339398315,8
at:49:1559,Lederergasse,48.209720256666664,16.348757263333333,8
at:49:156,Braillegasse,48.202721645,16.29493171,14
at:49:1560,"Inzersdorf, Kirchenplatz",48.150231545,16.347312475000003,23
at:49:1561,Cumberlandstraße,48.192021319999995,16.30183526,14
at:49:1562,Pfarrwiesenstraße,48.209654404999995,16.241351690000002,14
at:49:1566,Westbahnhof/Gerstnerstraße,48.195452610000004,16.33823949,15
at:49:1567,Tonfabrikgasse,48.28471112,16.37785968,21
at:49:1568,Wasserwiese,48.19856034,16.41355424,2
at:49:157,Brandstätte,48.21007944,16.37078994,1
at:49:1570,Marsanogasse,48.23088987,16.35093717,18
at:49:1571,Clemens-Holzmeister-Straße,48.168755222499996,16.347519085000002,10
at:49:1572,Graffgasse,48.16907426,16.357661065,10
at:49:1573,Troststraße,48.168702802,16.380254594,10
at:49:1574,Schemmerlstraße/Unterfeld,48.16000881,16.42170645,11
at:49:1575,Schemmerlstraße,48.1570126,16.42359291,11
at:49:1576,Speditionsstraße,48.15596988,16.42376359,11
at:49:1577,"Hasenleiten, Industriegebiet",48.15692271,16.42085305,11
at:49:1578,Gadnergasse,48.15879237,16.41854438,11
at:49:1579,Guglgasse,48.18534371,16.427064905,3
at:49:158,Braungasse,48.226952280000006,16.296090535,17
at:49:1580,Seitenhafenbrücke,48.179282205,16.461506309999997,2
at:49:1581,Vera-Schwarz-Gasse,48.13638197,16.338163129999998,23
at:49:1583,Ernst-Happel-Stadion,48.207744700000006,16.418450059999998,2
at:49:1585,Lichtblaustraße,48.267800525,16.465391525,22
at:49:1586,Klingerstraße,48.148951935,16.339856455,23
at:49:1587,Maria-Trapp-Platz,48.22387620000001,16.505088075,22
at:49:1588,Warneckestraße,48.16579997,16.48030356,11
at:49:1589,Fabianistraße,48.16337034,16.479724145,11
at:49:159,Grimmgasse,48.18692486,16.32841641,15
at:49:1590,Raphael-Donner-Allee,48.20596064,16.523171165,22
at:49:1592,Ailecgasse,48.14093197,16.455339375,11
at:49:1594,Baudißgasse,48.145277775,16.461214355000003,11
at:49:1595,Oberfeldgasse,48.243013415,16.46901623,22
at:49:1596,Jakob-Bindel-Platz,48.24670301,16.472443300000002,22
at:49:1597,Korianderweg,48.248940265,16.4750035,22
at:49:1598,Bernhardtstalgasse,48.176424905000005,16.36189662,10
at:49:1599,Bertl-Hayde-Gasse,48.14030255,16.440539635,11
at:49:16,Alberner Hafen,48.15833694,16.49471254,11
at:49:160,Braunhubergasse,48.17181215,16.418724045,11
at:49:1602,Strampfergasse,48.16728886,16.277306765,13
at:49:1603,Herziggasse,48.14093497,16.31213894,23
at:49:1604,Eitnergasse,48.138791905000005,16.31238597,23
at:49:1605,Siedlung Wienerflur,48.132029419999995,16.31545372,23
at:49:1606,Stipcakgasse,48.135117015000006,16.3164778,23
at:49:1607,Atzlergasse,48.13007485,16.31549864,23
at:49:1609,Wienerflurgasse,48.13124401,16.31874155,23
at:49:161,Braunschweiggasse,48.189410269999996,16.29582104,13
at:49:1610,Zentraltanklager,48.17816207,16.49451491,22
at:49:1612,Cossmanngasse,48.19704542,16.26748368,14
at:49:1613,Deutschordenstraße,48.19976984666667,16.26777414,14
at:49:1614,Wahlberggasse,48.20527215,16.26288431,14
at:49:1615,Henckellgasse,48.20621209,16.26063403,14
at:49:1616,Hüttelberg,48.20866065,16.26161769,14
at:49:1617,Steinböckengasse,48.20373348,16.26013547,14
at:49:1619,Kalmusweg,48.25026822,16.48008796,22
at:49:162,Scheffelstraße,48.25176362,16.40527627,21
at:49:1620,Sevcikgasse,48.128893680000004,16.318220529999998,23
at:49:1621,Toni-Fritsch-Weg,48.284932295000004,16.40939504,21
at:49:1622,Gschweidlgasse,48.28960061,16.41078294,21
at:49:1623,Kummergasse,48.29426551,16.413356614999998,21
at:49:1624,Josef-Flandorfer-Straße,48.298780585,16.41568774,21
at:49:1625,"Inzersdorf, Birostraße",48.13664575,16.35146718,23
at:49:1626,Birostraße Mitte,48.13854612,16.35414416,23
at:49:1627,Jedlersdorfer Platz,48.2812619,16.40833054,21
at:49:1628,Dattlergasse,48.296103265,16.4143762,21
at:49:1629,Steinergasse,48.14225673,16.288818675,23
at:49:163,Breiteneckergasse,48.14416289,16.32948541,23
at:49:1630,Trondheimgasse,48.21787112333333,16.477045666666665,22
at:49:1631,"Aspern, Oberdorfstraße",48.217528955,16.480343985,22
at:49:1633,Stavangergasse,48.21310846,16.47600961,22
at:49:1634,Seidelbastgasse,48.214218855,16.471410235,22
at:49:1635,Heustadelgasse/Schule,48.214982055,16.483766565,22
at:49:1636,Hoechlegasse,48.21362924,16.489466375,22
at:49:1637,Jägermaiszufahrt,48.21229136,16.495327879999998,22
at:49:1638,Heustadelgasse,48.210716985,16.497277224999998,22
at:49:1639,Auspitzgasse,48.209756175,16.500246155,22
at:49:164,Breitenlee Friedhof,48.251168455,16.492942855,22
at:49:1640,Mühlau,48.20927725,16.5035295,22
at:49:1641,Leidlweg,48.20819369,16.50718115,22
at:49:1642,Dumreichergasse,48.207304675,16.510540849999998,22
at:49:1643,Arztgasse,48.20867861,16.51054085,22
at:49:1644,Haengasse,48.20929522,16.50710929,22
at:49:1645,Ultzmanngasse,48.206092354999996,16.51813162,22
at:49:1646,Goldregengasse,48.22100941,16.4846514,22
at:49:1648,Reglergasse,48.2237565,16.4885995,22
at:49:1649,Kornblumenweg,48.229369919999996,16.492116405,22
at:49:165,Breitenlee Ort,48.25097405,16.497667996666667,22
at:49:1650,Aurikelweg,48.22096752,16.48628634,22
at:49:1652,Wachthausgasse,48.17623022,16.425986925,11
at:49:1654,Liechtensteinstraße/Schottentor,48.21572429,16.3638819,9
at:49:1655,Emil-Behring-Weg,48.161488864999995,16.29567282,12
at:49:1656,Willerbrücke,48.137161320000004,16.257705520000002,23
at:49:1657,Martin-Gaunersdorfer-Gasse,48.26085470333334,16.45115323,21
at:49:1658,Lichtentaler Gasse,48.22695228,16.356363,9
at:49:1659,Brückengasse,48.18950609,16.34828714,6
at:49:166,Breitensee,48.19878188333333,16.306856843333332,14
at:49:1660,Mitterhofergasse,48.277830375,16.402617255,21
at:49:1662,Seefeldergasse,48.212898949999996,16.529230300000002,22
at:49:1663,Otto-Weber-Gasse,48.20496382,16.455887349999998,22
at:49:1664,"Schmelz, Gablenzgasse",48.2064829925,16.31634979,15
at:49:1665,Johnstraße/Schuselkagasse,48.19969201,16.31902003,15
at:49:1666,Lorenz-Müller-Gasse,48.242078635,16.373745395,20
at:49:1667,Jägerstraße,48.23563492142857,16.36966961285714,20
at:49:1668,Neue Donau,48.24644279,16.395033225,21
at:49:1669,Widholzgasse,48.15481627,16.455438195,11
at:49:167,Roschégasse,48.15424395,16.45047051,11
at:49:1670,Leberberg,48.155103929999996,16.459224589999998,11
at:49:1671,Svetelskystraße,48.154261930000004,16.466102992,11
at:49:1672,Franz-Eduard-Matras-Gasse,48.25662037,16.45105441,22
at:49:1673,Theodor-Kramer-Straße,48.255717239999996,16.454063769999998,22
at:49:1674,Hochmuthgasse,48.25496961,16.45649371,22
at:49:1675,Schillingstraße,48.2606095075,16.470916165,22
at:49:1676,Hermann-Gebauer-Straße,48.267068015,16.474392639999998,22
at:49:1677,Edmund-Reim-Gasse,48.16250152,16.31403438,12
at:49:1678,Rothenburgstraße,48.16322654,16.31893918,12
at:49:1679,Hervicusgasse,48.167720235000004,16.304723345,12
at:49:168,Bretschneidergasse,48.2541442,16.348704859999998,19
at:49:1680,Badeteich Hirschstetten,48.242694845,16.480851530000002,22
at:49:1681,Kolletschkagasse,48.23902141,16.47987237,22
at:49:1682,Hernalser Friedhof,48.22463027,16.31931648,17
at:49:1683,Kastanienallee,48.17205179,16.34137012,12
at:49:1684,Wopenkastraße,48.1511695,16.46367574,11
at:49:1685,Zentralfriedhof 9.Tor,48.140961945,16.437588665,11
at:49:1686,Greta-Keller-Gasse,48.1341398,16.35720742,23
at:49:1687,Panethgasse,48.2594134,16.4492488,22
at:49:1688,Weingartenallee,48.28252325,16.49667086,22
at:49:1689,"Süßenbrunn, Sportpark",48.28515346,16.49928496,22
at:49:169,Brigittagasse,48.233316305,16.37474253,20
at:49:1690,Kefedergrundgasse,48.26278037,16.432261654999998,21
at:49:1691,Klinik Ottakring,48.208241585,16.300186855,16
at:49:1692,Neu-Albern,48.16895743,16.480294575000002,11
at:49:1693,Allerheiligenplatz,48.23756154,16.38625893,20
at:49:1694,Klimschgasse,48.19273993,16.39586192,3
at:49:1695,Rodaunbrücke,48.138727960000004,16.26761543666667,23
at:49:1696,Hackinger Straße,48.19356633,16.27423003,14
at:49:1697,Ruthnergasse,48.2796478,16.42455411,21
at:49:1698,Petrusgasse,48.19276988,16.39890721,3
at:49:1699,Leberweg,48.15068404,16.45577506,11
at:49:17,Alberner Hafenzufahrtsstraße,48.172071753333334,16.472413356666667,11
at:49:170,Brigittaplatz,48.232691005,16.3703475225,20
at:49:1700,Zwerchäckerweg,48.24964911,16.467183665,22
at:49:1701,Hilde-Hannak-Gasse,48.24391228,16.461317665,22
at:49:1702,Boschstraße/Halteraugasse,48.25185932,16.36576836,19
at:49:1703,Amtshaus Muthgasse,48.25179353,16.36956823,19
at:49:1704,Pasettistraße,48.23780087,16.38168651,20
at:49:1705,Handelskai,48.241487845,16.38476997,20
at:49:1706,Kalksburg Lodererweg,48.137967625,16.238737595,23
at:49:1707,Rossinigasse,48.18460703,16.28120994,13
at:49:1708,Mühlhäufelgasse,48.20821764,16.52650391,22
at:49:1709,Viktor-Wittner-Gasse,48.211291669999994,16.51765551,22
at:49:171,Brockhausengasse,48.20750523,16.476988775000002,22
at:49:1710,Kaposigasse,48.20224865,16.51687397,22
at:49:1711,Kahlergasse,48.2136891,16.5163799,22
at:49:1713,Akkonplatz,48.201332585,16.314523965,15
at:49:1714,Holbeingasse,48.170497145,16.361658565,10
at:49:1715,Starhemberg-Kaserne,48.170847615,16.357050209999997,10
at:49:1716,Niedermoserstraße,48.26489434,16.45944917,22
at:49:1718,Spittelbreitengasse,48.17571205,16.32918896,12
at:49:1719,Siebeneichengasse,48.18865567,16.32348466,15
at:49:172,Brunnengasse,48.209046779999994,16.335418779999998,16
at:49:1720,Franz-Lehar-Gasse,48.1304226,16.29134294,23
at:49:1721,Grundäckergasse,48.1395862,16.39223722,10
at:49:1722,Ernanigasse,48.14344359,16.35281016,23
at:49:1724,Simonsgasse,48.215700345,16.527900795,22
at:49:1725,Sechshauser Gürtel,48.188622734999996,16.338077794999997,15
at:49:1726,Schwenkgasse,48.17221653,16.319630885,12
at:49:1727,Basler Gasse,48.13004487,16.30873432,23
at:49:1728,Hainburger Straße,48.19897948,16.3971555,3
at:49:1729,Mantlergasse,48.1915602,16.2815513,13
at:49:173,Brunnenmarkt,48.21109113,16.336038615,16
at:49:1730,Zouvalgasse,48.137922665000005,16.321319719999998,23
at:49:1731,Wallenberggasse,48.235443454999995,16.408070029999998,22
at:49:1732,Verbindungsweg,48.241273965,16.403335905,22
at:49:1733,Donauturm,48.241920095,16.408541640000003,21
at:49:1734,Satzberggasse,48.2017996,16.25878799,14
at:49:1735,Prandaugasse,48.24685555,16.43009672,22
at:49:1737,Veterinärmedizinische Universität,48.253815235,16.43157894,21
at:49:1738,Vorwärtsplatz,48.25813652,16.434664650000002,21
at:49:1739,Gewerbepark Kagran,48.251635015000005,16.469317165,22
at:49:174,Brunner Straße/Erlaaer Straße,48.14605798333334,16.296421413333334,23
at:49:1740,Martin-Luther-King-Park,48.175661135,16.35214541,10
at:49:1741,Südrandstraße,48.14237662,16.3667071,23
at:49:1742,Heizwerkstraße,48.13846819,16.364295124999998,23
at:49:1743,Ferdinand-Frey-Weg,48.21486234,16.22785001,14
at:49:1745,Johannes-von-Gott-Platz,48.21593379,16.3826477,2
at:49:1746,Soldanellenweg,48.22050067,16.48868933,22
at:49:1747,Joseph-Roth-Gasse,48.221781480000004,16.39392605,2
at:49:1749,Gasometer,48.1850143,16.41725979,11
at:49:175,Kurt-Pint-Platz,48.191356595,16.347626884999997,6
at:49:1751,Marietta-Blau-Gasse,48.24183135333333,16.459016483333333,22
at:49:1752,Breitenlee Schule,48.2520238075,16.5011736675,22
at:49:1753,Franz-Schreker-Gasse,48.15328508,16.36291172,10
at:49:1754,Rudolf-Hausner-Gasse,48.265315925,16.47349882,22
at:49:1755,Antonsplatz,48.17023653,16.37882088,10
at:49:1756,Simmering/Kaiserebersdorfer Straße,48.169218044999994,16.421993915,11
at:49:1757,Gottschalkgasse/Enkplatz,48.17488537,16.41439417,11
at:49:1758,Savoyenstraße,48.21807363,16.27875305,16
at:49:176,Brünner Straße,48.2687632325,16.4041982875,21
at:49:1760,Hertha-Firnberg-Straße,48.16655191,16.34629288,10
at:49:1761,Wienerberg City,48.16787601,16.34476575,10
at:49:1763,Steinmüllergasse,48.22451656,16.30606633,17
at:49:1764,Umlauftgasse,48.22458838,16.30214967,17
at:49:1766,Jenschikweg,48.224091650000005,16.29344949,17
at:49:1767,Spinozagasse,48.22449861,16.297680555,16
at:49:1768,Karl-Metschl-Gasse,48.22356499,16.30267069,16
at:49:1769,Nottendorfer Gasse,48.191916524999996,16.412790675,3
at:49:177,Bergtaidingweg,48.146596425,16.397330665,10
at:49:1770,Franzosengraben,48.187592635,16.413792295,3
at:49:1772,Skraupstraße/Justgasse,48.27666456,16.41567876,21
at:49:1773,Lackenjöchelgasse,48.243188405,16.49290243,22
at:49:1774,Ginsterweg,48.25449111,16.49911428,22
at:49:1775,Halban-Kurz-Straße,48.13339338,16.362853325,23
at:49:1777,Mühlweg,48.29357521,16.39292443,21
at:49:178,Brünnlbadgasse,48.21542300666667,16.34569401,9
at:49:1780,Kaiserebersdorf,48.147141865,16.46404405,11
at:49:1781,Undsetgasse,48.15226625,16.36743024,10
at:49:1782,Pensionistenwohnhaus Föhrenhof,48.16596774,16.272334585,13
at:49:1784,Döblerhofstraße,48.1852359,16.4153374,11
at:49:1785,Ober St. Veit/Franz-Boos-Gasse,48.19194347,16.27511038,13
at:49:1786,Gewerbepark Stadlau,48.2456157525,16.46265391,22
at:49:1787,Absbergbrücke,48.16749556,16.38684284,10
at:49:1788,Aspern Sportplatz,48.2136472,16.480698815,22
at:49:1789,Linzer Straße/Flötzersteig,48.20064403,16.2658218,14
at:49:179,Brüßlgasse,48.207244790000004,16.32109065,16
at:49:1790,Bahnhofstraße,48.200826645,16.264914500000003,14
at:49:1794,Schmerlingplatz/Volkstheater,48.2064336,16.35822251,1
at:49:1795,Am Heumarkt,48.198518425,16.3770512,3
at:49:1796,Jubiläumswarte,48.22111415,16.265444510000002,16
at:49:1799,Stachegasse,48.16209406,16.311977239999997,12
at:49:18,Alberner Straße,48.156368395,16.48452564,11
at:49:1800,Höhenstraße/Rohrerwiese,48.266792945,16.29641393,19
at:49:1801,Stranitzkygasse,48.176098429999996,16.317951035,12
at:49:1802,Stryeckgasse,48.25934163,16.39604158,21
at:49:1803,"Laaer Berg, Kurpark Nordosteingang",48.15176882,16.40617458,10
at:49:1804,Hederichgasse,48.15282961,16.40553678,10
at:49:1805,Burgenlandgasse,48.15264981,16.40342574,10
at:49:1806,Neuwaldegger Straße,48.236885439999995,16.2878979,17
at:49:1807,Plankenmaisstraße,48.22975889,16.46795172,22
at:49:1808,Kieslerweg,48.23865047,16.50255483,22
at:49:1809,Fuchsenzeile,48.2401821,16.50250991,22
at:49:181,Buchbindergasse,48.16371487,16.269792355,13
at:49:1810,Gunertweg,48.25100396,16.47695284,22
at:49:1812,Laimgrubengasse,48.199233955,16.35923761,6
at:49:1813,Akademietheater,48.20015305,16.376916455,3
at:49:1814,Im Gestockert,48.20630189,16.51145713,22
at:49:1815,Ährengrubenweg,48.253572995,16.311887409999997,19
at:49:1816,Carl-Appel-Straße,48.16881064,16.34464897,10
at:49:182,Grünhaufenbrücke,48.192272835,16.45222222,2
at:49:1821,Schottenwald,48.230530830000006,16.257966035000003,17
at:49:1822,Hanslteich,48.23769317,16.269123110000002,17
at:49:1823,Zentralfriedhof Babygruppe,48.14989891,16.44534113,11
at:49:1825,Haidersberggasse,48.22460035,16.24359748,14
at:49:1826,Korngoldgasse,48.21558063,16.23037428,14
at:49:1828,Zentralfriedhof Tor 11,48.15198856999999,16.428231216666664,11
at:49:1829,Zentralfriedhof Mahnmal 1938-1945,48.14949735,16.44225092,11
at:49:183,Computerstraße/Gutheil-Schoder-Gasse,48.15986499,16.33729177,10
at:49:1830,Zentralfriedhof Friedhofsgärtnerei,48.14820874,16.44045429,11
at:49:1831,Zentralfriedhof Halle 3/Gruppe 40,48.14650652,16.44355348,11
at:49:1832,Zentralfriedhof Gruppe 121,48.14483422,16.44841337,11
at:49:1833,Zentralfriedhof Gruppe 152,48.14466039,16.45135984,11
at:49:1834,Zentralfriedhof Gruppe 147,48.14300602,16.45087475,11
at:49:1835,Zentralfriedhof Gruppe 142,48.1421848,16.44788336,11
at:49:1836,Zentralfriedhof Gruppe 66,48.14404301,16.44591605,11
at:49:1837,Zentralfriedhof Gruppe 84,48.14243057,16.44217906,11
at:49:1838,Zentralfriedhof Tor 9/Gruppe 82,48.14410295,16.43878343,11
at:49:1839,Zentralfriedhof Kriegsgräber,48.14567338,16.43548661,11
at:49:184,"Hütteldorf, Bujattigasse",48.202589924,16.255625926,14
at:49:1840,Zentralfriedhof Kriegsgräber 1. Weltkrieg,48.14668634,16.43342048,11
at:49:1841,Zentralfriedhof Gruppe 78,48.14814281,16.43045604,11
at:49:1842,Zentralfriedhof Gruppe 74,48.15049225,16.43253115,11
at:49:1843,Zentralfriedhof Gruppe 47,48.15242207,16.43485779,11
at:49:1844,Zentralfriedhof Gruppe 11,48.15484324,16.43766053,11
at:49:1846,Phillipsgasse,48.18947914,16.30883763,14
at:49:1847,Weinzierlgasse,48.19211115,16.29576265,14
at:49:1848,Lassallestraße,48.22006974,16.39471208,2
at:49:185,Bundesbad Alte Donau,48.240017574999996,16.420983305,22
at:49:1851,Franz-Sebek-Straße,48.26970799,16.423080875,21
at:49:1852,Eckartsaugasse,48.16648001,16.31560643,12
at:49:1853,Hanusch-Krankenhaus,48.19875793,16.29366958,14
at:49:1854,Zinnergasse/Kaserne,48.16745661,16.47537181,11
at:49:1855,Wienflussaufsicht,48.206382715000004,16.233078210000002,14
at:49:1857,Am Schöpfwerk/Eibesbrunnergasse,48.160626,16.329548285,12
at:49:1858,Aderklaaer Straße,48.264157295000004,16.45214811,21
at:49:1859,Großfeldsiedlung,48.270558550000004,16.447869885,21
at:49:186,Bunsengasse,48.26328271,16.3910739,21
at:49:1860,Rennbahnweg U,48.25722529857143,16.44946311142857,22
at:49:1861,Kürschnergasse,48.2761504,16.44596995,21
at:49:1862,Anton-Sattler-Gasse,48.254305695,16.442740505,22
at:49:1865,Weinheimergasse,48.21371305,16.3113574,16
at:49:1867,Aspernallee/Schule,48.19684483,16.44398916,2
at:49:1868,Steinhagegasse,48.18495441,16.34096587,12
at:49:1869,Josef-Prangl-Straße,48.134604429999996,16.356394440000003,23
at:49:187,Burgersteingasse,48.202574955,16.297941065,14
at:49:1872,Inzersdorfer Straße/Bernhardtstalgasse,48.17314211,16.3610522,10
at:49:1873,Kainachgasse,48.28192546,16.44861998,21
at:49:1874,Stadlauer Brücke,48.200266815000006,16.43871156,2
at:49:1875,Kleine Stadtgutgasse,48.21958494,16.38913354,2
at:49:1876,Volkertplatz,48.22277499,16.38569299,2
at:49:1878,Pichlgasse,48.25091424,16.48836145,22
at:49:188,Burggasse-Stadthalle,48.20280645666667,16.337228881666665,7
at:49:1881,Welthandelsplatz,48.21544894,16.4053661,2
at:49:1882,Nußdorf Friedhof,48.26045401,16.35813268,19
at:49:1883,Heiligenstädter Friedhof,48.26011313,16.34643661,19
at:49:1884,Frohes-Schaffen-Weg,48.27579766,16.440822605,21
at:49:1885,Rosannagasse,48.27705616,16.446190035,21
at:49:1886,Tauschekgasse,48.27569303,16.434278374999998,21
at:49:1887,Petritschgasse,48.279032035,16.435095845,21
at:49:1888,"Leopoldau, Betriebsgarage",48.280293439999994,16.430285365,21
at:49:1889,Großbauerstraße,48.28097495,16.426328285,21
at:49:189,"Hüttelbergstraße, Campingplatz",48.214503185,16.249571279999998,14
at:49:1890,Ignaz-Köck-Straße,48.26570761,16.39956747,21
at:49:1891,Taborstraße,48.21923280000001,16.380737288333332,2
at:49:1892,Messe-Prater,48.21788409166667,16.405074145,2
at:49:1893,Krieau,48.215022754,16.413526392,2
at:49:1894,Stadion,48.211019292857145,16.421483157142855,2
at:49:1895,Marathonweg,48.2086367,16.426898716666667,2
at:49:1896,Schipanygasse,48.201467300000004,16.436959845,2
at:49:1897,Leopold-Moses-Gasse,48.223283699999996,16.395453185,2
at:49:1898,Harkortstraße,48.22218248,16.399041955,2
at:49:19,Albertgasse,48.21067408,16.343939296666665,8
at:49:190,Burgring,48.20380732,16.363828,1
at:49:1901,Erlafstraße,48.22052462,16.40231183,2
at:49:1905,Molkereistraße,48.21818436,16.40117995,2
at:49:1906,Max-Winter-Platz,48.22102737,16.4004613,2
at:49:1908,"Atzgersdorf, Ziedlergasse",48.150953735,16.29579409,23
at:49:1909,Melchartgasse,48.17245916,16.295268575,13
at:49:1910,Absberggasse,48.176138566,16.390628338,10
at:49:1911,Niedermeierweg,48.206295905,16.4830524,22
at:49:1912,Hlawkagasse,48.179111495,16.382872284999998,10
at:49:1913,Rosenackerstraße,48.22425922,16.30596751,16
at:49:1914,Neu Leopoldau,48.27293378,16.42637769,21
at:49:1915,Ferdinand-Platzer-Gasse,48.26489434,16.420884495,21
at:49:1916,Kaisergrund,48.26785135,16.41981999,21
at:49:1917,Paukerwerkstraße,48.269687059999995,16.426593285000003,21
at:49:1918,Krakauer Straße,48.224606335000004,16.3931535,2
at:49:1919,Bruno-Marek-Allee,48.228601956666665,16.392337533333333,2
at:49:192,Rathausplatz/Burgtheater,48.21050148,16.360652455,1
at:49:1920,Eduardgasse,48.222724115000005,16.340009164999998,18
at:49:1921,Johann-Nepomuk-Vogl-Platz,48.223959985,16.336600060000002,18
at:49:1922,Berresgasse,48.24121712666667,16.485696443333335,22
at:49:1923,Grete-Zimmer-Gasse,48.24224017,16.489210354999997,22
at:49:1924,Mona-Lisa-Steiner-Weg,48.159451525,16.29559646,12
at:49:1925,Lavendelweg,48.225812235,16.493023705,22
at:49:1929,Käthe-Recheis-Gasse,48.22867576,16.51230155,22
at:49:193,Bärenmühldurchgang,48.19957824,16.3662804,4
at:49:1930,Ilse-Buck-Straße,48.231305750000004,16.51185239,22
at:49:1934,An der Kuhtrift,48.14532573,16.39702075,10
at:49:1935,"Atzgersdorf, Bildungscampus",48.15267378000001,16.300077556666665,23
at:49:1936,Valentingasse,48.14812183,16.262583375,23
at:49:1937,Auer-Welsbach-Straße,48.15229622,16.306115730000002,23
at:49:1938,Seybelgasse,48.137610935,16.294347799999997,23
at:49:194,Börnergasse,48.247702015,16.331349405,19
at:49:1942,Hans-Czermak-Gasse,48.25616283,16.425888110000002,21
at:49:1943,Satzingerweg,48.25760722,16.42644956,21
at:49:1946,Guido-Lammer-Gasse,48.232765805,16.47167075,22
at:49:1947,Wildgartenallee,48.158417845,16.29947269,12
at:49:195,Börse,48.21571146428572,16.36583381,1
at:49:1954,Leopoldine-Padaurek-Straße,48.263444175000004,16.423633340000002,21
at:49:1955,Halblehenweg,48.25687456,16.48652439,22
at:49:1956,Wassermanngasse,48.268637665,16.452806125000002,21
at:49:196,Bösendorferstraße/Karlsplatz,48.20128468,16.37056536,1
at:49:1960,Josef-Kraft-Weg,48.18036039,16.26274956,13
at:49:1961,Donaupark Nord,48.2435473525,16.412986055,22
at:49:1962,Haussteinstraße,48.227897805,16.397267785,2
at:49:1963,Stemolakgasse,48.23867739,16.49335159,22
at:49:1964,"Aspern Nord, Mayrederbrücke",48.23489298,16.503318399999998,22
at:49:1966,Karoline-Perin-Gasse,48.233148760000006,16.51069806,22
at:49:1967,Lilly-Dillenz-Straße,48.231631875000005,16.513487325,22
at:49:1968,Würtzlerstraße,48.19438073,16.40900427,3
at:49:1969,Schukowitzgasse,48.237029035,16.497784775,22
at:49:197,Camillo-Sitte-Gasse,48.20500273333334,16.327224646666664,15
at:49:1970,Lammaschgasse,48.27331345,16.441307690000002,21
at:49:1971,Kopalgasse,48.17789251,16.41392704,11
at:49:1972,Johannesgasse,48.20143437,16.3797731,3
at:49:1973,Lina-Loos-Platz,48.228295759999995,16.478502435000003,22
at:49:1975,Deutschstraße,48.13961917,16.35830336,23
at:49:1977,Walter-Lindenbaum-Gasse,48.14971911,16.39070559,10
at:49:1978,Dr.-Natterer-Gasse,48.21270141,16.42047576,2
at:49:1979,Hollandstraße,48.214922195,16.376076525000002,2
at:49:198,Breitenfurter Straße/Willergasse,48.137949645,16.256991364999998,23
at:49:1980,Stubenbastei,48.2069784,16.3787041,1
at:49:1981,Liebenberggasse,48.206023505,16.377001794999998,1
at:49:1982,Himmelpfortgasse,48.204993755000004,16.37446405,1
at:49:1983,Schellinggasse,48.20318865,16.373592685,1
at:49:1984,Lazargasse,48.22662014,16.32460755,18
at:49:1985,Köstlergasse,48.199003430000005,16.35858184,6
at:49:1986,Gfrornergasse,48.19058406,16.34150037,6
at:49:199,Gerbergasse,48.14996783,16.299513115,23
at:49:2,Achengasse,48.28440626,16.44995847,21
at:49:20,Albertinaplatz,48.205110495,16.368728304999998,1
at:49:200,Wolfersbergbrücke,48.21129466,16.253523865,14
at:49:2003,Wolfgang-Pauli-Gasse,48.20709813,16.21590242,14
at:49:2004,Herzmanskystraße,48.20950474,16.21475707,14
at:49:2006,Schloss Neugebäude,48.160892655,16.44766776,11
at:49:202,Canisiusgasse,48.228104265,16.354844845000002,9
at:49:203,Carabelligasse,48.280205262500004,16.411414004999997,21
at:49:204,Carlbergergasse,48.14114178,16.29778835,23
at:49:206,Celtesgasse,48.251763615,16.2971236,19
at:49:207,Hafen Freudenau,48.178614319999994,16.47235796,2
at:49:208,Chimanistraße,48.2395539,16.34396625,19
at:49:209,Cobenzl Parkplatz,48.26401228,16.321427515,19
at:49:21,Carminweg,48.25427178333333,16.420667403333333,21
at:49:210,Cobenzlgasse,48.263677395,16.330451095,19
at:49:211,Columbusplatz,48.182334015,16.37370048,10
at:49:212,Triester Straße/Computerstraße,48.15771572333333,16.341690516666667,10
at:49:213,Concordiaplatz,48.2135634,16.37013417,1
at:49:214,Corvinusgasse,48.144471585000005,16.280720359999997,23
at:49:215,Cottagegasse,48.233860815,16.341850715,19
at:49:216,Cottagestraße,48.2151736,16.22630491,14
at:49:217,Czartoryskigasse,48.22788384333333,16.327362386666668,18
at:49:218,Dahliengasse,48.286937745,16.444936885,21
at:49:219,Dammstraße,48.234686545,16.37525457,20
at:49:22,Algenweg,48.24890438,16.53144465,22
at:49:220,Dampfkraftwerk,48.197485535,16.460922405,22
at:49:221,Dampfschiffhaufen,48.21709201,16.432279625,22
at:49:222,Danzergasse,48.20878337,16.488442295,22
at:49:223,Daphneweg,48.244459675,16.530779889999998,22
at:49:224,Daringergasse,48.246625245000004,16.33474504,19
at:49:225,Davidgasse,48.1753466375,16.35652919,10
at:49:226,Deindorfstraße,48.21690945,16.54331139,22
at:49:227,Deißenhofergasse,48.158223085,16.280212815,23
at:49:229,Dietmayrgasse,48.23921287,16.368553135,20
at:49:23,Allerheiligengasse,48.238782095000005,16.38639368,20
at:49:231,Dobrowskygasse,48.143482555,16.331996195000002,23
at:49:232,Zehdengasse,48.259459246666665,16.437828216666666,21
at:49:233,Dommayergasse,48.1864097925,16.298563147499998,13
at:49:234,Donauinsel,48.228749065,16.410529165,22
at:49:235,Floridsdorfer Brücke,48.248602295,16.3878759,21
at:49:236,Donaustadtstraße,48.2335750975,16.44407001,22
at:49:238,Siebeckstraße,48.24183234833333,16.434396655,22
at:49:239,Dopschstraße,48.269235615,16.439371825000002,21
at:49:24,Allissen,48.28634598,16.4306402,21
at:49:240,Dorfmeistergasse,48.16452076,16.296171385,12
at:49:241,Dornbacher Straße,48.228197011999995,16.301236984000003,17
at:49:242,Dostalgasse,48.159861995,16.263207700000002,13
at:49:243,Dostgasse,48.22008171,16.252980385,14
at:49:244,Dr.-Adolf-Schärf-Heim,48.24544376,16.36998595,20
at:49:245,Stubentor,48.20703912,16.379993824285712,1
at:49:246,Parlament/Volkstheater,48.2069754025,16.359826005,1
at:49:247,Dr.-Neumann-Gasse,48.13821241,16.288207816666667,23
at:49:248,Dr.-Schober-Straße,48.166734649999995,16.272747815000002,13
at:49:249,Draugasse,48.285524075,16.43881936,21
at:49:25,Alois-Behr-Straße,48.20586485,16.24119898,14
at:49:250,Dunantgasse,48.26009518,16.38903173,21
at:49:2500,Leebgasse/Siccardsburggasse,48.17602056,16.370089255,10
at:49:2503,Anastasius-Grün-Gasse,48.230001245,16.350002925,18
at:49:251,Dänenstraße,48.23716266,16.33454891,19
at:49:252,Döblinger Bad,48.25120135,16.35696487,19
at:49:253,Döblinger Friedhof,48.23927868,16.32854217,19
at:49:254,Döblinger Steg,48.24082825,16.36546293,20
at:49:255,Dörmanngasse,48.22267025,16.534144085,22
at:49:256,Kraftwerk Simmering,48.183651714999996,16.429939515,11
at:49:257,Eberstorferweg,48.154651465,16.280073575,23
at:49:258,Edelsteingasse,48.262310925,16.4256276,21
at:49:259,Edenstraße,48.21500001,16.24621158,14
at:49:26,Alsegger Straße,48.23168872,16.32440543,18
at:49:260,Strebersdorf Meriangasse,48.29131514714286,16.38652072857143,21
at:49:261,Eduard-Kittenberger-Gasse,48.136810615,16.303209685,23
at:49:262,Albrechtskreithgasse,48.219288665,16.320497765,16
at:49:263,Egon-Friedell-Gasse,48.273708060000004,16.43623221,21
at:49:264,Eibesbrunnergasse,48.17107926333333,16.33774092,12
at:49:266,Eichbachgasse,48.22190717,16.24737041,14
at:49:267,Eichenstraße,48.180923436,16.34922858,5
at:49:268,Einsiedeleigasse,48.183349245,16.264321615,13
at:49:269,Einsiedlerplatz,48.18527184,16.349481904999998,5
at:49:27,Alser Straße,48.216946361666665,16.341891138333335,9
at:49:270,Luzegasse,48.15996086,16.45038517,11
at:49:271,Eipeldauer Straße,48.263088355,16.43659603,21
at:49:272,Eisenstadtplatz,48.169451699999996,16.38452518,10
at:49:273,Eisstoßgasse,48.21790903,16.440916925,22
at:49:274,Elderschplatz,48.2177309625,16.41180702,2
at:49:275,Elsbeergasse,48.21848962,16.25438625,14
at:49:276,Elterleinplatz,48.218347465,16.3316728025,17
at:49:277,Embelgasse,48.18273232,16.35223973,5
at:49:278,Endemanngasse,48.15311927,16.290459596666665,23
at:49:279,Therese-Ammon-Park,48.23330733,16.39277621,2
at:49:28,Aichholzgasse,48.180315465,16.32430662,12
at:49:280,Brigittenauer Brücke,48.23632101333334,16.389052693333333,20
at:49:281,Englisch-Feld-Gasse,48.209825015,16.53634945,22
at:49:282,Donaumarina,48.2061866425,16.4308962175,2
at:49:283,Wällischgasse,48.19559932,16.40756697,3
at:49:285,Erlaaer Straße,48.14230169,16.316549665,23
at:49:286,Erlachplatz,48.178632285,16.36896636,10
at:49:287,Erndtgasse,48.23731922,16.32286033,18
at:49:288,Erzherzog-Karl-Straße,48.2295614175,16.4528847275,22
at:49:289,Erdberg,48.190890977500004,16.414769212499998,3
at:49:29,Alserbachstraße,48.22510665,16.355153866000002,9
at:49:290,Donaustadtbrücke,48.212173631666666,16.439948241666666,22
at:49:291,Eselstiege,48.224387895,16.286743559999998,17
at:49:2912,Zimmermannplatz,48.21650243,16.3428703,9
at:49:292,Eslarngasse,48.19673804333333,16.395754126666667,3
at:49:2924,"Raxstraße, Betriebsgarage",48.163211555000004,16.367093375,10
at:49:293,Esterházygasse,48.195011486666665,16.351524073333334,6
at:49:294,Etrichstraße,48.14829664333333,16.46191205,11
at:49:295,Daumegasse,48.16409535,16.37400591,10
at:49:2953,Pensionistenwohnhaus Laaerberg,48.15109158,16.38455213,10
at:49:2954,Gartenschaugasse,48.14903285,16.396647950000002,10
at:49:296,Evangelischer Friedhof,48.17979734,16.36018084,10
at:49:297,Eßling Schule,48.214396636000004,16.526047572,22
at:49:298,Eßling Friedhof,48.216175209999996,16.531639283333334,22
at:49:299,Aspernstraße,48.22271314222222,16.47503444111111,22
at:49:3,Ada-Christen-Gasse,48.15278166,16.38602537,10
at:49:30,Altdorferstraße,48.16852307,16.34985021,10
at:49:300,Fasangasse,48.18840813333333,16.385094113333334,3
at:49:301,Heiligenstadt/12.-Februar-Platz,48.24895522,16.362763495,19
at:49:302,Diesterweggasse,48.19377592,16.306147175,14
at:49:303,Wattmanngasse/Elisabethallee,48.17649679,16.29525959,13
at:49:304,Döblinger Friedhof/Felix-Dahn-Straße,48.23996672,16.32605384,19
at:49:305,Felmayergasse,48.271968154999996,16.432023605,21
at:49:306,Fendigasse,48.184082954999994,16.3558824,5
at:49:307,Sonnleithnergasse,48.178988700000005,16.36301053,10
at:49:309,Fernsprechamt Heiligenstadt,48.25408439,16.35981253,19
at:49:31,Alte Donau,48.237584618571425,16.424511764285715,22
at:49:311,Feuerwache Am Steinhof,48.215251413333334,16.278227536666666,16
at:49:312,Feuerwache Grinzing,48.260839755,16.333249345,19
at:49:314,Fickeysstraße,48.166833505,16.423938765,11
at:49:315,Filmteichstraße,48.15252995,16.396984813333333,10
at:49:316,Finsterbuschstraße Nord,48.173456619999996,16.49786113,22
at:49:317,Billgasse,48.224405845,16.483339864999998,22
at:49:318,Löschniggasse,48.222777980000004,16.480474235000003,22
at:49:319,1. Haidequerstraße Mitte,48.18249573,16.429184925,11
at:49:32,Ratschkygasse,48.1776589,16.32360144,12
at:49:320,Dammhaufengasse,48.195752015,16.447065889999998,2
at:49:321,Pfarrgasse/Traviatagasse,48.14246653,16.34320268,23
at:49:322,Zimbagasse,48.20614025,16.21905551,14
at:49:323,Auhof,48.20772075,16.21773498,14
at:49:324,1. Haidequerstraße Süd,48.181243890000005,16.42836297,11
at:49:325,Giefinggasse,48.26787527,16.42629684,21
at:49:329,Fischergrund,48.21608343,16.44091243,22
at:49:33,Altes Landgut,48.16137022,16.383432832,10
at:49:330,Fichtnergasse,48.187134475,16.288975875,13
at:49:331,Florian-Geyer-Gasse,48.15694968,16.391913825,10
at:49:332,Florian-Hedorfer-Straße,48.165657974,16.431271714,11
at:49:333,Florianigasse,48.212590665,16.34537211,8
at:49:334,Floridsdorf,48.256758358571425,16.400005721428574,21
at:49:336,Flotowgasse,48.240624835000006,16.337754395,19
at:49:337,Flugfeldstraße,48.2155507,16.504863495,22
at:49:338,"Baumgartner Friedhof, 5. Tor",48.20364068000001,16.27889229,14
at:49:339,Flötzersteigbrücke,48.206732939999995,16.29063327,16
at:49:34,Althanstraße,48.228849305,16.359489135,9
at:49:341,Forsthausgasse,48.245261305,16.37502999,20
at:49:342,Frachtenbahnhof Lobau,48.187853155,16.47543469,22
at:49:343,Franz-Asenbauer-Gasse,48.1547383625,16.27142729,23
at:49:344,Klinik Favoriten,48.174957254999995,16.34887554,10
at:49:345,Franz-Josefs-Bahnhof,48.225498044999995,16.361341163333332,9
at:49:346,Klinik Landstraße,48.19657836,16.39083136,3
at:49:347,Franz-Pletersky-Weg,48.213288045,16.450722035,22
at:49:348,Franzensbrücke,48.213798843333336,16.391648823333334,2
at:49:349,Franzosenweg,48.13990691,16.382831855,10
at:49:35,Altmannsdorfer Straße,48.165070795999995,16.316244238,12
at:49:350,Forchheimergasse,48.14094696,16.307804564999998,23
at:49:351,Freesienweg,48.20443397,16.24290578,14
at:49:352,Freiheitsplatz,48.30111117,16.41606503,21
at:49:353,Freihofsiedlung,48.24236879,16.450030335,22
at:49:354,Kraftwerk Freudenau,48.1745499,16.47899651,2
at:49:355,Freyenthurmgasse,48.20549067,16.25676229,14
at:49:357,Friedensbrücke,48.22747292,16.3646342375,9
at:49:358,Baumgarten,48.19893956333333,16.271822543333332,14
at:49:359,Friedensgasse,48.20284138333333,16.402195043333332,2
at:49:36,Pfeiffenbergergasse,48.19473703,16.260943949999998,13
at:49:360,Mariabrunn Kirche,48.207768645,16.23097615,14
at:49:361,Friedjunggasse,48.16502406,16.419042945,11
at:49:362,Obkirchergasse,48.245751845,16.342016905,19
at:49:363,Friedrich-Engels-Platz,48.24407380875,16.37961139875,20
at:49:364,Friedstraße,48.245374964999996,16.404921435,21
at:49:365,Frödenplatz,48.155577956,16.359198084000003,10
at:49:366,Frömmlgasse,48.256264505000004,16.39246629,21
at:49:367,Fröschelgasse,48.251940075,16.320713355,19
at:49:368,Flurschützstraße,48.178940775,16.3403056125,12
at:49:369,Fultonstraße,48.25336464333333,16.414483996666664,21
at:49:37,Am Fasangarten,48.17091651,16.304233765,12
at:49:370,Funkengerngasse,48.215380104999994,16.293633640000003,16
at:49:371,Seegasse,48.22297548,16.361375595,9
at:49:372,Ottakringer Friedhof,48.21414602666667,16.300972876666666,16
at:49:376,Gatterburggasse,48.23935346499999,16.349194445000002,19
at:49:377,Gattergasse,48.160844715,16.422452055,11
at:49:378,Gatterhölzl,48.17577795,16.31954106,12
at:49:379,Gaudenzdorfer Gürtel,48.1867182325,16.343418275,5
at:49:38,Zanggasse,48.23921287,16.484197755,22
at:49:380,Gaußplatz,48.22634186166667,16.370149145,20
at:49:381,Gaßmannstraße,48.17427733,16.31305522,12
at:49:382,Geiereckstraße,48.175240806666665,16.399539026666666,11
at:49:383,Geistingergasse,48.24559631,16.36290273,19
at:49:384,Gellertplatz,48.174969235000006,16.382697110000002,10
at:49:385,Gemeindeberggasse,48.18134671333333,16.264866593333334,13
at:49:387,Genochplatz,48.229289135,16.455972690000003,22
at:49:388,Hanreitergasse,48.28405954833334,16.41279366666667,21
at:49:389,Gerhardusgasse,48.231739585,16.36636574,20
at:49:39,Am Heidjöchl,48.23712776,16.487786525,22
at:49:390,Geringergasse,48.167995835,16.425950989999997,11
at:49:391,Gernotgasse,48.21994006,16.53301071,22
at:49:392,Geroldgasse,48.239096204999996,16.283550050000002,17
at:49:393,Gersthof,48.23113986111111,16.328983347777775,18
at:49:394,Ehrenpreisgasse,48.218019764999994,16.46127724,22
at:49:395,Gersthofer Friedhof,48.229977309999995,16.3164239,17
at:49:396,Getreidemarkt,48.201365515,16.362413150000002,6
at:49:397,Geusaugasse,48.20410468,16.39461326,3
at:49:399,Zippererstraße,48.1798542475,16.4112949775,11
at:49:4,Adam-Betz-Gasse,48.2155507,16.53545113,22
at:49:40,Am Himmelreich,48.16389762,16.438091725,11
at:49:400,Heinrich-Drimmel-Platz,48.187895080000004,16.391491615,3
at:49:401,Stock im Weg,48.18047020666666,16.25991388,13
at:49:403,Gladiolenweg,48.237594445,16.47877193,22
at:49:404,Glanzing,48.243173445,16.32173294,19
at:49:405,Döblinger Gürtel/Glatzg.,48.232927956000005,16.353522526,19
at:49:406,Glawatschweg,48.16368491,16.266374265,13
at:49:407,Glockengasse,48.21775341,16.38192007,2
at:49:408,Gloriettegasse,48.182992865,16.291648365,13
at:49:409,Glossystraße,48.21243203,16.23606062,14
at:49:41,Am Hundsturm,48.18767348,16.34753705,5
at:49:410,Gobergasse,48.179219315,16.26879073,13
at:49:411,Goethehof,48.229468665,16.419069895,22
at:49:412,Gogolgasse,48.18241487,16.27646684,13
at:49:413,Goldhammergasse,48.144318729999995,16.32276601,23
at:49:414,Gotthelfgasse,48.227284409999996,16.47269034,22
at:49:415,Graben/Petersplatz,48.20909168,16.36954128,1
at:49:416,Graf-Seilern-Gasse,48.17111721,16.30870737,13
at:49:417,Grasbergergasse,48.18623611,16.40033553,3
at:49:418,Grasgasse,48.22995636,16.2822969,17
at:49:419,Gredlerstraße,48.2141141,16.37967428,2
at:49:42,Am Kanal,48.1701676325,16.4103113225,11
at:49:420,Gregor-Mendel-Straße,48.234177945,16.33776787,18
at:49:421,Gregorygasse,48.157078516666665,16.305479423333335,23
at:49:422,"Eßling, Schippanisiedlung",48.21924976,16.54430852,22
at:49:424,Griegstraße,48.24938292,16.3753983,20
at:49:425,Enkplatz,48.17457899285714,16.415671057142855,11
at:49:426,Grinzing,48.25549195333334,16.34215165,19
at:49:427,Am Bahnhof,48.22378044,16.45085678,22
at:49:428,Grinzinger Straße,48.25452401,16.36511708,19
at:49:429,Lange Allee,48.22689243,16.44446976,22
at:49:43,Am Kanal/Hasenleitengasse,48.163535115,16.418319805,11
at:49:430,Großer Biberhaufen,48.20217081333333,16.473380539999997,22
at:49:431,Großjedlersdorf,48.276836746,16.408319757999998,21
at:49:432,Großmarktstraße,48.14653649,16.366999055,23
at:49:434,Gruschaplatz,48.195432649999994,16.282350803333333,14
at:49:435,Gräßlplatz,48.17684422,16.39728126,3
at:49:436,Gumpendorfer Straße,48.190578735555555,16.33758721,6
at:49:437,Grenzgasse,48.193489975,16.32958422,15
at:49:438,Guneschgasse,48.236544394999996,16.353560255,19
at:49:439,Gunoldstraße,48.2446765325,16.3614699225,19
at:49:44,Am Modenapark,48.199117195,16.382755500000002,3
at:49:440,Guntherstraße,48.20241629,16.326790459999998,15
at:49:441,"Eßling, Stadtgrenze",48.20842717,16.539981636666667,22
at:49:442,Gusenleithnergasse,48.19462625,16.290049359999998,14
at:49:443,Gustav-Pick-Gasse,48.24202479,16.32602689,19
at:49:444,Gutheil-Schoder-Gasse,48.159421565,16.3357534,10
at:49:445,Gutraterplatz,48.2078270125,16.309259835,16
at:49:446,Gußhausstraße,48.19765319,16.37528152,3
at:49:447,Gußriegelstraße,48.16671367666667,16.358390196666665,10
at:49:448,Gymnasiumstraße,48.23002219,16.34528677,18
at:49:449,Günselgasse,48.2168047,16.255118375000002,14
at:49:45,Am Platz,48.186032473333334,16.301299266666668,13
at:49:450,Dornbach,48.22610181777778,16.30810649888889,17
at:49:451,Gütenbachstraße,48.13821041,16.24129779,23
at:49:453,Lusthaus,48.19107513,16.43918767,2
at:49:454,Doderergasse,48.271950219999994,16.45339003,21
at:49:455,Jasmingasse,48.21873502,16.49018503,22
at:49:456,Haberlgasse,48.21176757,16.330940675,16
at:49:457,Habsburgergasse,48.2077447,16.36796923,1
at:49:458,Beingasse,48.199401609999995,16.33223425,15
at:49:459,"Hadersdorf, Hauptstraße",48.209693315,16.220223320000002,14
at:49:46,Am Rosenhügel,48.161981710000006,16.2913653975,13
at:49:460,Hadersdorf,48.21021713,16.22456218,14
at:49:461,Oberzellergasse,48.191871606666666,16.39507739,3
at:49:463,11. Haidequerstraße,48.17548741,16.462683105,11
at:49:464,7. Haidequerstraße,48.1789288,16.44235872,11
at:49:465,Haidestraße,48.179193554,16.427779064,11
at:49:466,Dreherstraße,48.15671297,16.47370094,11
at:49:467,Eckpergasse,48.23338512,16.31644187,18
at:49:468,Halteraugasse,48.251934090000006,16.363926810000002,19
at:49:469,Halterlacken,48.160125655,16.4613536,11
at:49:47,Reichsbrücke,48.23062059,16.41376535,22
at:49:470,Hans-Mandl-Berufsschule,48.1814160925,16.3384618225,12
at:49:471,Empergergasse,48.28625931,16.41424819,21
at:49:472,Lützowgasse,48.197260985,16.294940695,14
at:49:473,Hardeggasse,48.221084225,16.458212189,22
at:49:474,Hardtgasse,48.23681214,16.3487632525,19
at:49:475,Harrachgasse,48.222179485,16.425344629999998,22
at:49:476,Hartlebengasse,48.22567459,16.464618975,22
at:49:477,Lavaterstraße,48.22551899,16.474859764999998,22
at:49:478,Haselbrunnerstraße,48.13723924999999,16.251183755,23
at:49:479,Hasenleiten,48.16172855,16.41771793,11
at:49:48,Am Schöpfwerk,48.160942386,16.324206906,12
at:49:482,Haspelmeistergasse,48.21744216,16.24440596,14
at:49:483,Haspingerplatz,48.27731473,16.40502923,21
at:49:484,Geiselbergstraße,48.17465773,16.406226235,11
at:49:485,Deinleingasse,48.22175754,16.443908315,22
at:49:486,"Prater, Hauptallee",48.208959975,16.405640085,2
at:49:487,Hausfeldstraße,48.2335371,16.486419288,22
at:49:488,Dreimarkstein,48.25845948,16.287745185,19
at:49:489,Hawlicekgasse,48.260292539999995,16.415732655,21
at:49:49,Am Spiegeln,48.1523981,16.28197351,23
at:49:491,Heiligenstadt,48.24898812166666,16.365121573333333,19
at:49:493,Heiligenstädter Brücke,48.243846475,16.367888385,20
at:49:494,Heinestraße,48.2220567925,16.382407405000002,2
at:49:495,Heinrich-von-Buol-Gasse,48.267220495000004,16.427832965,21
at:49:498,Helferstorferstraße,48.21395847,16.36549887,1
at:49:499,Hellingstraße,48.187499805,16.45609845,2
at:49:5,Adamovichgasse,48.142664345,16.338634745,23
at:49:50,Am Spitz,48.258106016,16.397358514,21
at:49:500,Dresdner Straße,48.23718858833333,16.379556001666668,20
at:49:501,Henriettenplatz,48.190110955,16.331623395,15
at:49:502,"Gersthof, Herbeckstraße",48.2324367,16.317717475000002,18
at:49:503,Heringgasse,48.234312575000004,16.52159013,22
at:49:504,"Speising, Hermesstraße",48.168124046,16.283247322,13
at:49:505,Hernals,48.223460251666665,16.315345921666665,17
at:49:506,Herrengasse,48.20976016333333,16.365325193333334,1
at:49:507,Hernalser Gürtel,48.215191559999994,16.340929940000002,9
at:49:508,"Hernals, Wattgasse",48.221614898333335,16.321229886666668,17
at:49:509,Hertlgasse,48.215200535,16.281412065,16
at:49:51,Am Tabor,48.2254382,16.383707715,2
at:49:510,Herzgasse,48.172432205,16.36574141,10
at:49:511,Hetzendorf,48.16579498000001,16.314031386666667,12
at:49:512,Freudenauer Hafenstraße,48.183046774999994,16.46543644,2
at:49:513,Hetzgasse,48.208400229999995,16.392964855000002,3
at:49:51351,Roßkopfgasse/Hainbachgasse,48.24593131,16.21674684,14
at:49:51352,Hainbachgasse,48.24688247,16.21731278,14
at:49:51353,Laskywiesengasse,48.24775585,16.2188489,14
at:49:51354,Hinterhainbach,48.24888643,16.21894771,14
at:49:51355,Roßkopfgasse,48.24704399,16.21885788,14
at:49:51356,Trollwiese,48.24087611,16.20669469,14
at:49:51359,Sofienalpenstraße/Roßkopfgasse,48.244597264999996,16.214087825,14
at:49:514,Heuberg,48.22601571,16.28331649,17
at:49:515,Heuberggasse,48.22866678,16.29753682,17
at:49:516,Heudörfelgasse,48.15345288,16.26401619,23
at:49:517,Schönbrunner Straße/Kettenbrückengasse,48.19496757,16.36109712,4
at:49:52,Fünfhausgasse,48.189009014999996,16.335351405,15
at:49:520,Hietzing,48.187813029,16.303975947,14
at:49:521,Obere Waldandacht,48.253142335,16.273677565,17
at:49:523,Hillerstraße,48.22104532,16.407647816666667,2
at:49:524,Himberger Straße,48.1431783475,16.38278694,10
at:49:525,Himmelmutterweg,48.230636546666666,16.29553807,17
at:49:526,Himmelstraße,48.25717062,16.33759719,19
at:49:527,Hintere Zollamtsstraße,48.21107317,16.387004533333336,3
at:49:528,Am Krautgarten,48.23473741,16.46134012,22
at:49:529,Hirschengasse,48.193093250000004,16.349158510000002,6
at:49:53,Gesundheitszentrum Süd,48.16997292666667,16.345229876666668,10
at:49:530,Hirschstetten Ort,48.2347628375,16.46663569,22
at:49:531,Blumengärten Hirschstetten,48.23583038333334,16.47208098,22
at:49:532,Hirschstetten,48.23295229666667,16.468083473333333,22
at:49:533,Fuchsienweg,48.25837276,16.49283955,22
at:49:534,Hochsatzengasse,48.19798252,16.277437015,14
at:49:535,Hoefftgasse,48.15551443,16.470098694999997,11
at:49:537,Hofherr-Schrantz-Gasse,48.28298355,16.37167927,21
at:49:538,Hofmannsthalgasse,48.18502029,16.39989536,3
at:49:539,Hofwiesengasse,48.1700568,16.286610614,13
at:49:54,Torricelligasse,48.201097575,16.2922277775,14
at:49:540,Hohe Warte,48.2512193,16.3554557,19
at:49:542,Hohenbergstraße,48.17464773999999,16.325949036666668,12
at:49:543,Hohenfelsplatz,48.174115584999996,16.316599075,12
at:49:544,Hoher Markt,48.211174935,16.372043095,1
at:49:545,Hollergasse,48.186322945,16.32454018,15
at:49:546,Kollarzgasse,48.285458320000004,16.42565904,21
at:49:547,Holubstraße,48.231847290000005,16.394532415,2
at:49:548,Hopfengasse,48.268885813333334,16.391807523333334,21
at:49:549,Horeischygasse,48.18355888,16.27682616,13
at:49:55,Ameisgasse,48.194223539999996,16.2995468025,14
at:49:550,Hosnedlgasse Süd,48.2556993,16.46237319,22
at:49:551,Hoßplatz,48.25517495666667,16.407629853333333,21
at:49:552,Hubermanngasse,48.141297635,16.332081535,23
at:49:553,Hubert-Gsur-Gasse,48.146278755,16.389124555,10
at:49:554,Hubertusdamm,48.250677960000004,16.39212493,21
at:49:555,Huflattichweg,48.247124744999994,16.531498550000002,22
at:49:556,Huglgasse,48.197895700000004,16.325200445,15
at:49:557,Hugo-Wolf-Park,48.23880603,16.33294392,19
at:49:558,"Unter St. Veit, Hummelgasse",48.18569109,16.28206334,13
at:49:559,Husarenweg,48.2026468,16.464870505,22
at:49:56,Neubaugasse,48.198714822,16.351154565999998,6
at:49:560,Hütteldorf,48.197503821111106,16.26075031222222,14
at:49:561,Pelargonienweg,48.256719059999995,16.495503055,22
at:49:562,Hütteldorfer Friedhof,48.20425436,16.24464851,14
at:49:563,Hüttenbrennergasse,48.17613737,16.39487378,3
at:49:564,Hüttergasse,48.213210225,16.22706399,14
at:49:565,Hämmerlegasse,48.138815885,16.394321310000002,10
at:49:566,Hänflingweg,48.218283125,16.25758425,14
at:49:567,Hänischgasse,48.23190115,16.54289817,22
at:49:568,Häußlergasse,48.238225665,16.43961437,22
at:49:569,Höchstädtplatz,48.23931258166667,16.376834108333334,20
at:49:57,Ammerweg,48.218510565,16.26045886,14
at:49:570,Hödlgasse,48.14942543,16.29564587,23
at:49:571,Hörtengasse,48.162399655,16.444505694999997,11
at:49:572,Senekowitschgasse,48.254212984999995,16.4589012,22
at:49:574,Illgasse,48.28791205,16.447851919999998,21
at:49:575,"Liesing, Industriegelände Süd",48.12851294,16.301848735,23
at:49:576,"Liesing, Industriegelände West",48.133354415,16.297855724999998,23
at:49:577,Innocentiagasse,48.190682875,16.26242168,13
at:49:578,Innstraße,48.230892865,16.38637122,20
at:49:579,Invalidensiedlung,48.26154245,16.53611589,22
at:49:58,Amongasse,48.23026155,16.46931716,22
at:49:580,Inzersdorf Friedhof,48.14744554333333,16.352251706666667,23
at:49:581,"Inzersdorf, Großmarkt",48.13558463,16.35780929,23
at:49:582,Blumental,48.138471190000004,16.370780959999998,10
at:49:584,Hosnedlgasse/Lieblgasse,48.25737995,16.46347811,22
at:49:585,Inzersdorf Lokalbahn,48.149817995,16.334385715,23
at:49:586,"Inzersdorf, Zetschegasse",48.1389118,16.3308239,23
at:49:587,Lafnitzgasse,48.28157275,16.45646227,21
at:49:588,Oleandergasse,48.25520287,16.49782071,22
at:49:589,Jagdschloßgasse,48.1771048,16.283693785,13
at:49:59,An den Steinfeldern,48.137267725,16.298468825,23
at:49:591,Jedlersdorf,48.273032435000005,16.39713304,21
at:49:592,Hosnedlgasse Nord,48.26053176,16.46483457,22
at:49:593,Trillergasse,48.27393027666667,16.40345268333333,21
at:49:594,Jeneweingasse,48.26598268,16.385212395,21
at:49:595,Jenbachgasse,48.166836505,16.265511885,13
at:49:596,Scheedgasse,48.240143215,16.489071115,22
at:49:597,Joachimsthalerplatz,48.20895249,16.3046357575,16
at:49:598,"Großjedlersdorf, Jochbergengasse",48.28012406,16.40097034,21
at:49:599,Jochen-Rindt-Straße,48.14597507,16.35448552,23
at:49:6,Adolf-Loos-Gasse,48.277393950000004,16.454207500000003,21
at:49:60,An den alten Schanzen,48.22657924666667,16.489385526666666,22
at:49:600,Johann-Friedl-Gasse,48.1370654,16.407297475,10
at:49:601,Johannes-Krawarik-Gasse,48.21386269,16.30867144,16
at:49:602,Johann-Nepomuk-Berger-Platz,48.21358135166667,16.325884656666666,17
at:49:604,Johann-Strauß-Gasse,48.189904940000005,16.36588514,4
at:49:605,Kirsteweg,48.132377160000004,16.418220990000002,10
at:49:606,Johnstraße,48.198258951666666,16.319560518333333,15
at:49:607,Josef-Baumann-Gasse,48.251304535,16.4302718925,21
at:49:608,Josef-Enslein-Platz,48.151852725,16.37154004,10
at:49:609,Josef-Gall-Gasse,48.20955263,16.397492364999998,2
at:49:61,An den langen Lüssen,48.25263691,16.341921080000002,19
at:49:610,Josef-Meder-Gasse,48.129984914999994,16.294204075000003,23
at:49:611,Josef-Melichar-Gasse,48.24598216,16.40130122,21
at:49:612,Josef-Ressel-Straße,48.21135452,16.233410585,14
at:49:613,Josef-Österreicher-Gasse,48.147327669999996,16.301785855,23
at:49:614,Elisabethwiese,48.28105864,16.33434529,19
at:49:615,Josefstädter Straße,48.21136125625,16.33913443375,8
at:49:616,Leibnizgasse,48.17073978,16.37530847,10
at:49:617,Julius-Ficker-Straße,48.266332505,16.448575065,21
at:49:618,Julius-Payer-Gasse,48.234513025,16.42125729,22
at:49:619,Julius-Raab-Platz,48.2108322175,16.3829329175,1
at:49:62,An der Bien,48.206945469999994,16.480294575,22
at:49:620,Jungstraße,48.221197945,16.405604150000002,2
at:49:621,Jura-Soyfer-Gasse,48.14933852,16.39280765,10
at:49:622,Justgasse,48.27606072,16.42138306,21
at:49:623,Melangasse,48.256171800000004,16.440508190000003,22
at:49:624,In der Au,48.2093012,16.486196505000002,22
at:49:625,Jägerwaldsiedlung,48.22393006,16.24638226,14
at:49:627,Kagran,48.24350248555555,16.43339952222222,22
at:49:63,An der Niederhaid,48.20411665,16.2698732,14
at:49:630,Kagraner Anger,48.239356459999996,16.448691845,22
at:49:631,Kagraner Brücke,48.239404326,16.43062852,22
at:49:632,Kagraner Friedhof,48.253463832499996,16.4460507975,22
at:49:633,Kagraner Platz,48.250246682,16.443205834,22
at:49:634,Kahlenberg,48.27623609333333,16.33664498,19
at:49:636,Korbweidenweg,48.20388914,16.47011666,22
at:49:637,Kaiser-Franz-Josef-Straße,48.135909867500004,16.266783,23
at:49:638,Kaiserebersdorfer Friedhof,48.158093246666674,16.453261273333336,11
at:49:639,"Kaiserebersdorf, Zinnergasse",48.16006530142857,16.47023986,11
at:49:640,Angelibad,48.247148675,16.403075395000002,21
at:49:641,Kaisermühlen-VIC,48.232552385,16.416229724999997,22
at:49:642,Kaisermühlenstraße,48.2134766,16.44161312,22
at:49:643,Mariahilfer Straße/Kaiserstraße,48.19673405,16.34158571,7
at:49:644,Kaiserstraße/Burggasse,48.204288283333334,16.340160386666668,7
at:49:645,Kaiserstraße/Neustiftgasse,48.20604246,16.339606423333333,7
at:49:646,Kaiserstraße,48.201835525,16.34051447,7
at:49:647,Kalksburg Kirchenplatz,48.137694859999996,16.24498089,23
at:49:648,Kammerergasse,48.24468102,16.318561889999998,19
at:49:649,Kanalstraße,48.21270539666667,16.455908309999998,22
at:49:65,Liebhartstal,48.21558662,16.29176515,16
at:49:650,Wulzendorfstraße,48.2154908425,16.4683110475,22
at:49:651,Kapellergasse,48.248856509999996,16.483577920000002,22
at:49:652,Kappgasse,48.186275035,16.422766465000002,3
at:49:653,Kardinal-Nagl-Platz,48.197569958,16.400951776,3
at:49:654,Karl-Meißl-Straße,48.22841844,16.37366006,20
at:49:655,Karl-Schwed-Gasse,48.149557279999996,16.277149559999998,23
at:49:657,Karlsplatz,48.2007393275,16.369076404999998,1
at:49:658,Arsenalsteg,48.180579019999996,16.38856311,3
at:49:659,Karmeliterplatz,48.2158799175,16.38024022,2
at:49:66,Angermayergasse,48.18430157,16.264860605000003,13
at:49:660,Karthäuserstraße,48.25073877666667,16.32378110666667,19
at:49:661,Kaserngasse,48.1491707,16.259165285,23
at:49:662,Haus des Meeres,48.19740070333334,16.35361715,6
at:49:664,Kellermanngasse,48.20519731,16.351714215,7
at:49:665,Kempfengerngasse,48.220018865,16.29591536,16
at:49:666,Keplerplatz,48.178689195,16.37609225,10
at:49:668,Kerbelgasse,48.21740625,16.24968806,14
at:49:669,Familienplatz,48.2138103175,16.3190200325,16
at:49:67,"Rudolfsheim, Anschützgasse",48.190359484999995,16.322890275,15
at:49:670,Kettenbrückengasse,48.196755005,16.358397682499998,5
at:49:671,Lemböckgasse,48.127892360000004,16.307291026666665,23
at:49:672,Keylwerthgasse,48.25089230333333,16.288279683333332,17
at:49:673,Khevenhüllerstraße,48.243553335,16.307085915000002,18
at:49:674,Khleslplatz,48.16259139,16.3221821,12
at:49:675,Sanddorngasse,48.21868115,16.45775584,22
at:49:676,Kierischitzweg,48.20003031,16.45716745,22
at:49:677,Kinskygasse/Rossakgasse,48.14614689,16.33103949,23
at:49:679,Kirchfeldgasse,48.159466505,16.30850525,23
at:49:68,Anton-Bosch-Gasse,48.269453865,16.387449195000002,21
at:49:680,Kirchstetterngasse,48.20696044,16.33174916,16
at:49:681,Jungbauerweg,48.15527472,16.34525982,10
at:49:682,Kirschenallee,48.21433159,16.51929343333333,22
at:49:683,Kleehäufel,48.20805301,16.445902574999998,22
at:49:684,Klebindergraben,48.16048219,16.45358766,11
at:49:685,Klederinger Straße,48.131429865,16.423341385,10
at:49:686,Kleiner Ring,48.166893419999994,16.259470710000002,13
at:49:687,Kleingartenverein Hackenberg,48.24787848,16.311784105,19
at:49:688,Kleistgasse,48.19363819,16.390487003333334,3
at:49:689,Kliebergasse,48.182914000000004,16.36429213,5
at:49:69,Anton-Böck-Gasse,48.29630048,16.39004084,21
at:49:690,Klimtgasse,48.17283957,16.300968384999997,13
at:49:692,Gürtelbrücke,48.237244430000004,16.3653731025,20
at:49:693,Lehenstraße,48.230934745,16.522470475,22
at:49:694,Knotzenbachgasse,48.14533172,16.29364263,23
at:49:695,Knödelhüttenstraße,48.22090766,16.23912387,14
at:49:696,Kohlgasse,48.18785915,16.35135938,5
at:49:697,Kolbegasse,48.14456449,16.360391945,23
at:49:698,Kollburggasse,48.21836991,16.301305255000003,16
at:49:699,Koloniestraße,48.266017065,16.393180450000003,21
at:49:7,Adolf-Unger-Gasse,48.148712195,16.385832235000002,10
at:49:70,Anton-Krieger-Gasse,48.142796215000004,16.270385245,23
at:49:700,"Inzersdorf, Slamastraße",48.138995725,16.3415947,23
at:49:701,Konstanziagasse,48.227925332,16.457509708,22
at:49:702,Hauffgasse,48.17776671666667,16.41307963,11
at:49:703,Dirmhirngasse,48.1357525,16.28241368,23
at:49:704,Panikengasse,48.20801409333333,16.32450874,16
at:49:705,Thaliastraße/Koppstraße,48.206254,16.33693244,16
at:49:706,Korbergasse,48.18593066,16.33875602,12
at:49:707,Korbgasse,48.13690054,16.27501606,23
at:49:708,Kornauthgasse,48.1609316,16.36677447,10
at:49:709,Jakov-Lind-Straße,48.224343004999994,16.396293115,2
at:49:71,Doningasse,48.25178754,16.44104718,22
at:49:710,Klinik Hietzing,48.169131175000004,16.279071955,13
at:49:711,Kleingartenverein Alsrückenweg,48.231676754999995,16.30819084,17
at:49:712,Geibelgasse,48.191678774,16.331346716,15
at:49:713,Krapfenwaldgasse,48.268748285,16.3242617,19
at:49:714,Kratzlgasse,48.241387635,16.33008728,19
at:49:715,Krausegasse,48.17462778,16.42031406,11
at:49:716,Kraygasse,48.248578365,16.449311684999998,22
at:49:717,Kreilplatz,48.25434158,16.36671159,19
at:49:718,Krenngasse,48.22955244,16.319657839999998,17
at:49:719,Röntgengasse,48.22537536,16.286015929999998,17
at:49:72,Anton-Störck-Gasse,48.26496909,16.38634876,21
at:49:720,Podhagskygasse,48.24052312,16.49942869,22
at:49:721,Kronawettergasse,48.15500804,16.3960865,10
at:49:722,Kronfußgasse,48.13942734,16.359516085,23
at:49:723,Krottenbachstraße,48.24046629,16.34118596,19
at:49:724,"Inzersdorf, Kolpingstraße",48.14116576,16.34229538,23
at:49:725,Kugelfanggasse,48.24614069,16.39854788,21
at:49:726,Kugelmanngasse,48.141099815000004,16.30361842,23
at:49:727,Kundratstraße,48.17556229,16.355195190000003,10
at:49:728,Kunerolgasse,48.154207995,16.301952045,23
at:49:729,"Laaer Berg, Kurpark Nordeingang",48.15191865,16.4017369,10
at:49:73,Antonigasse,48.22583318,16.32995253,17
at:49:730,Kurzbauergasse,48.211857365,16.396046075,2
at:49:732,Kutschkergasse,48.226150364999995,16.34477473,18
at:49:733,Pensionistenwohnhaus Prater,48.21352349,16.41793353,2
at:49:734,Kärntner Straße,48.20369756,16.36976586,1
at:49:735,"Oberlaa, Friedhof",48.13824638,16.40493491,10
at:49:736,Kölblgasse,48.191114055,16.38571545,3
at:49:737,Stiegengasse,48.198545370000005,16.35727928,6
at:49:74,Anzengruberstraße,48.2139884,16.22378963,14
at:49:740,Lainzer Tor,48.16695334,16.25710814,13
at:49:741,Lamezanstraße,48.14062326,16.33699532,23
at:49:742,Landesgerichtsstraße,48.21455107,16.356273164999998,9
at:49:743,Mitte-Landstraße,48.206155960000004,16.38508213875,3
at:49:744,Lafitegasse,48.17560422,16.267829535,13
at:49:745,Landwehrstraße,48.169026325000004,16.470579295,11
at:49:746,Veitschiweg,48.226171304999994,16.440517175,22
at:49:747,Lange Gasse,48.214965595,16.350952895,8
at:49:748,Langfeldgasse,48.26980067,16.44324805,21
at:49:749,Langobardenstraße,48.224685332,16.454561436,22
at:49:75,Apostelgasse,48.200386565,16.398255929999998,3
at:49:750,Langsulzgasse,48.157926465,16.399756115000002,10
at:49:751,Lannesstraße,48.214985045,16.510188265,22
at:49:753,Laudongasse,48.213247635,16.3489676175,8
at:49:754,Laurentiusplatz,48.20187444,16.308262705,14
at:49:755,Laurenzgasse,48.185759965,16.3628870125,5
at:49:757,Pulkaugasse,48.28297159,16.45325529,21
at:49:758,Lavantgasse/Schule,48.2822393,16.450061775,21
at:49:760,Laxenburger Straße/Troststraße,48.168971208,16.369807186,10
at:49:761,Grenzackerstraße,48.165042035,16.368389195,10
at:49:762,Lazarettgasse,48.2189056,16.351718705,9
at:49:763,St. Marx S/Leberstr.,48.18781722,16.39969773,3
at:49:764,Lebingergasse,48.204050795,16.290004449999998,14
at:49:765,Lechnerstraße,48.196638245,16.40484058,3
at:49:766,Rosenbergstraße,48.21791502,16.52845326,22
at:49:767,Himmelteich,48.225563875,16.52062893,22
at:49:768,Leibenfrostgasse,48.18995525,16.362992565,4
at:49:769,Leopoldau,48.27744775166667,16.450925653333332,21
at:49:77,Arbeitergasse/Gürtel,48.18406598333333,16.345800308333335,5
at:49:770,Alfred-Pischof-Gasse,48.21966873,16.52915394,22
at:49:771,Leopoldauer Platz,48.26339783,16.44094612,21
at:49:772,Resedaweg,48.23389373,16.4948383,22
at:49:773,Leopoldauer Straße,48.262424550000006,16.436128905,21
at:49:774,Leopoldigasse,48.1416812775,16.29175392,23
at:49:775,Leopoldsberg,48.27889453,16.34440642,19
at:49:776,Leopoldsdorfer Straße,48.13809851333334,16.399643826666665,10
at:49:777,Auerspergstraße,48.20681475999999,16.355422763333333,7
at:49:778,Kapellenweg,48.21877243,16.46999988,22
at:49:780,Leyserstraße,48.1981397,16.3023652675,14
at:49:781,Leystraße,48.244067830000006,16.37693891,20
at:49:782,Lichtensterngasse,48.159035055000004,16.32992109,12
at:49:783,Thaliastraße/Haberlgasse,48.2098759,16.33001092,16
at:49:784,Liebknechtgasse,48.222652295,16.306775995,17
at:49:785,Tillmanngasse,48.258837263333334,16.45831879,22
at:49:786,Liechtenwerder Platz,48.2326162125,16.355938545,9
at:49:787,Lieglerstraße,48.21440741,16.54146086,22
at:49:788,Liesing,48.13486521833334,16.283202703333334,23
at:49:789,Liesing Bad,48.132254255,16.281483925000003,23
at:49:79,Argentinierstraße,48.1885898,16.37691645,4
at:49:790,Liesing Feuerwache,48.13403488,16.29043115,23
at:49:791,Liesing Friedhof,48.13362720000001,16.29385373,23
at:49:792,Moeringgasse,48.20402086,16.33414766,15
at:49:793,Liesing Schulzentrum,48.140416450000004,16.280509255,23
at:49:794,Sebastianbrücke,48.134613419999994,16.41444357,10
at:49:796,Liesinger-Flur-Gasse,48.13662477,16.306340310000003,23
at:49:797,Jedleseer Friedhof,48.27019531,16.383478645,21
at:49:798,Lilienthalgasse,48.178940775,16.39223273,3
at:49:799,Lindauergasse,48.145002055,16.258527485000002,23
at:49:8,Afritschgasse,48.247067915,16.45172366,22
at:49:80,Armbrustergasse,48.253922900000006,16.355536545,19
at:49:800,Lindenbauergasse,48.16970033,16.431996650000002,11
at:49:801,Jungnickelweg,48.156985635,16.3191458,12
at:49:803,Linnéplatz,48.236622175,16.337776855,18
at:49:804,Lisztstraße,48.19914414,16.37851096,3
at:49:805,Litfaßstraße,48.183927225,16.405455925,11
at:49:806,Raffineriestraße/Ostbahnbrücke,48.205685245,16.448781675,22
at:49:807,Löwenthalgasse,48.13603426,16.27823652,23
at:49:808,Lobaugasse,48.20545774,16.486623205,22
at:49:809,Lobgrundstraße,48.17734741,16.491662755,22
at:49:81,Arminenstraße,48.2361599625,16.4376156175,22
at:49:811,Lohwaggasse,48.217229675,16.49290243,22
at:49:812,Lokomotivgasse,48.27119684,16.395520564999998,21
at:49:813,Lorenz-Böhler-Unfallkrankenhaus,48.23610013,16.383195675,20
at:49:814,Lorystraße,48.171818145,16.41381475,11
at:49:815,Anton-Stilling-Platz,48.1666268,16.419568465,11
at:49:816,Margeritenweg,48.232370875,16.49346388,22
at:49:817,Lukschgasse,48.202631835000005,16.40545144,2
at:49:818,Lusthaus/Aspernallee,48.19339566,16.44000064,2
at:49:819,"Linzer Straße, Lützowgasse",48.194359774999995,16.295533575,14
at:49:82,Arndtstraße,48.18380445,16.33714803,12
at:49:820,Längenfeldgasse,48.18498585125,16.335171742500002,12
at:49:821,Ludwig-Koeßler-Platz,48.1958448325,16.409558985,3
at:49:822,Puchgasse/Maculangasse,48.261449760000005,16.45595472,22
at:49:823,Maireckergasse,48.135839425,16.26303253,23
at:49:824,Leopoldsgasse,48.220291195,16.37616187,2
at:49:825,Mannswörther Straße,48.158621585,16.490225455,11
at:49:827,Margaretengürtel,48.188492776,16.342516368,5
at:49:828,Ostbahnbegleitstraße,48.233495815,16.489071115,22
at:49:829,Margaretenplatz/Schönbrunner Straße,48.19202730666667,16.35674029,5
at:49:83,"Breitenlee, Arnikaweg",48.251449585,16.47988135,22
at:49:830,Margaretenplatz,48.19106914,16.35780929,5
at:49:831,Margetinstraße,48.175625195,16.4660967,11
at:49:833,Mariahilfer Gürtel,48.193222000000006,16.33887729,6
at:49:835,Museumsquartier,48.202673743999995,16.361535498000002,1
at:49:838,Marienbrücke,48.21319825,16.37742849,2
at:49:839,Markomannenstraße,48.25027121,16.454849795,22
at:49:84,Arsenal,48.183615775,16.384215259999998,10
at:49:840,Maroltingergasse,48.213611283333336,16.306539439999998,16
at:49:841,Marschallplatz,48.165716095,16.303595955,12
at:49:842,Schwarzenbergallee,48.24013424,16.27767507,17
at:49:843,Martinstraße,48.226632115,16.342214535,18
at:49:844,Marx-Meidlinger-Straße,48.18048019,16.344217774999997,12
at:49:845,Marxergasse,48.207568089999995,16.38653292,3
at:49:846,Matschgasse,48.20873548,16.290799455,16
at:49:847,Marderweg,48.20536794,16.47452739,22
at:49:848,Matthäus-Jiszda-Straße,48.253955794999996,16.3952533175,21
at:49:849,Matzleinsdorfer Platz,48.180038932222224,16.358897245555553,10
at:49:85,Artariastraße,48.242608094999994,16.281394095000003,17
at:49:850,Mehlführergasse,48.13827636,16.28202741,23
at:49:852,Maurer Berg,48.144417634999996,16.262071335,23
at:49:853,Maurer Friedhof,48.15448067,16.275227165,23
at:49:854,Maurer Hauptplatz,48.15061062,16.268689675,23
at:49:855,Maurer Lange Gasse,48.147450535,16.26821132,23
at:49:856,Max-Fleischer-Gasse,48.15075596,16.38972643,10
at:49:858,Max-Mauermann-Gasse,48.1631067,16.40935911,10
at:49:859,Mayerhofgasse,48.19263214,16.366949645,4
at:49:86,Arthaberplatz,48.172236297999994,16.372238028,10
at:49:860,Mayerweckstraße,48.29401748,16.38147989,21
at:49:861,Mayssengasse,48.21606348,16.32546694,17
at:49:862,Mayredergasse,48.238159855000006,16.50456256,22
at:49:863,Meidling Hauptstraße,48.183647861428575,16.328530625714286,12
at:49:865,Dörfelstraße,48.175801904000004,16.335214862,12
at:49:867,Meischlgasse,48.141438504999996,16.32365983,23
at:49:868,Memlinggasse,48.22839749,16.52173835,22
at:49:869,Mergenthalerplatz,48.243400785,16.44674699,22
at:49:87,Artillerieplatz,48.163969515000005,16.472784660000002,11
at:49:870,Merkurweg,48.20770279,16.24925687,14
at:49:872,Meyerbeergasse,48.27261988,16.37790011,21
at:49:873,Michaelerplatz,48.2084571,16.36635226,1
at:49:874,Michelbeuern-AKH,48.221318634999996,16.343617403333333,9
at:49:875,Fabergasse,48.13668172,16.27706871,23
at:49:877,Minciostraße,48.2029312,16.31323488,15
at:49:878,Mitterberg,48.23127882,16.28183876,17
at:49:879,Mitterfeldgasse,48.1652098,16.41525206,11
at:49:88,Aspernallee,48.19706937,16.44499977,2
at:49:880,Mittleres Hausfeld,48.227125825,16.484539115,22
at:49:881,Modecenterstraße,48.18837719,16.418683620000003,3
at:49:883,Mauthausgasse,48.18793101,16.34569101,5
at:49:884,Mendelssohngasse,48.22560577,16.42433852,22
at:49:885,Molitorgasse,48.181797939999996,16.407957735,11
at:49:886,Mommsengasse,48.18857782,16.37880291,4
at:49:887,Mondweg,48.207969195,16.243467225,14
at:49:888,Montecuccoliplatz,48.175324663333335,16.296896025,13
at:49:889,Montleartstraße,48.20240731,16.30214518,14
at:49:89,Asperner Heldenplatz,48.216831635000005,16.483146724999997,22
at:49:890,Moosgasse,48.22875355,16.28279996,17
at:49:891,Mooslackengasse,48.24875483,16.36815788,19
at:49:893,Moritz-Dreger-Gasse,48.275196795,16.441765834999998,21
at:49:894,Moschingergasse,48.21921385,16.24114508,14
at:49:895,Murlingengasse,48.17627515,16.33591734,12
at:49:896,Murraygasse,48.23643071,16.474657649999997,22
at:49:897,Muthgasse,48.24504594,16.36663973,19
at:49:898,Mühlbreiten,48.149515324999996,16.310939685,23
at:49:899,Mühlfeldgasse,48.22039893,16.39005881,2
at:49:9,Agavenweg,48.251096675,16.506471480000002,22
at:49:90,Frederick-Loewe-Weg,48.23807011,16.48148035,22
at:49:900,Mühlhäufel,48.20323654,16.52217403,22
at:49:901,Mühlhäufelweg,48.20897793,16.47780624,22
at:49:902,Mühlsangergasse,48.15997285,16.46554424,11
at:49:903,Mühlwasser,48.20405379,16.475699695000003,22
at:49:904,Mühlwasserstraße,48.214314630000004,16.44513002,22
at:49:905,Hauptbahnhof Ost S,48.18458307,16.3805726,10
at:49:906,Pensionistenwohnhaus Hetzendorf,48.166890425000005,16.300200325,12
at:49:907,"Kaiserebersdorf, Münnichplatz",48.15882083,16.47402209,11
at:49:908,Männertreugasse,48.159861995,16.40480016,10
at:49:909,Reinlgasse/Märzstraße,48.19665022,16.312013174999997,14
at:49:910,Aspern Nord,48.23423777625,16.5049971225,22
at:49:911,Johnstraße/Märzstraße,48.19624004,16.318400195,15
at:49:912,Naufahrtbrücke,48.19958124,16.470017849999998,22
at:49:913,Nauheimergasse,48.157408110000006,16.331448225000003,12
at:49:914,Neilreichgasse,48.17626516333333,16.365561746666668,10
at:49:916,Nestroyplatz,48.214988038,16.384844984,2
at:49:917,Neue Donau Mitte,48.220000909999996,16.4282911,22
at:49:918,Neu Erlaa,48.14106085,16.32806158,23
at:49:919,"Donaumarina, Chrastekgasse",48.20781654,16.42846178,2
at:49:92,Atzgersdorf Friedhof,48.143710330000005,16.297918605,23
at:49:920,Burggasse/Neubaugasse,48.204124135,16.3488014325,7
at:49:921,Neustiftgasse/Neubaugasse,48.20554755,16.34839494,7
at:49:923,Erlaaer Spitz,48.137817755,16.32396975,23
at:49:924,Neueßling,48.249486606666665,16.532504656666664,22
at:49:925,Neugebauerweg,48.253824205,16.351992695,19
at:49:927,Neukagran,48.23649054,16.447559965,22
at:49:928,Neulandschule,48.15879536,16.38734589,10
at:49:929,Ungargasse/Neulinggasse,48.19907079,16.387406527499998,3
at:49:93,Atzgersdorf Kirchenplatz,48.147447545000006,16.294190595,23
at:49:930,Neusteinhof,48.157291255000004,16.333119095,23
at:49:931,Neustift am Walde,48.25100097,16.301727465,19
at:49:932,Neustifter Friedhof 1.Tor,48.247178585,16.304606565,18
at:49:933,Neustifter Friedhof 2.Tor,48.247304209999996,16.30146695,18
at:49:934,Neustifter Friedhof 3.Tor,48.24666114,16.29849353,18
at:49:935,Neuwaldegg,48.23384825,16.29107165,17
at:49:936,Marswiese,48.240358595000004,16.280028655,17
at:49:937,Niederhofstraße,48.181112714,16.331517394,12
at:49:938,Forstnergasse,48.24748666,16.45414462,22
at:49:939,Niklas-Eslarn-Straße,48.224543495,16.53489867,22
at:49:94,Atzgersdorf,48.147529451666664,16.288535703333334,23
at:49:940,Nikolaus-Pytty-Gasse,48.22240991,16.24163915,14
at:49:941,Nordbahnstraße,48.22356299333333,16.389409026666666,2
at:49:942,Seestadt,48.22543321,16.50826961,22
at:49:943,Nordbrücke,48.261413270000006,16.395461272,21
at:49:944,Nordwestbahnstraße,48.22809529,16.380770225,2
at:49:947,Nowakgasse,48.126618195,16.314133195,23
at:49:948,Nußdorf,48.25993570333333,16.367121819999998,19
at:49:949,Oberlaa,48.14278347625,16.399114945,10
at:49:95,An der Liesing,48.13903769,16.26429467,23
at:49:950,Nußdorfer Straße,48.231567845,16.353117385,9
at:49:951,Dückegasse,48.247968209999996,16.427761099999998,21
at:49:952,Nästlbergergasse,48.16023351,16.260696915,13
at:49:953,Küniglberg/ORF-Zentrum,48.175466445,16.291724719999998,13
at:49:954,Finsterbuschstraße Mitte,48.170799689999996,16.502110165,22
at:49:955,Lieblgasse,48.25775674,16.46173538,22
at:49:956,Ober St. Veit,48.19216703666666,16.27622429,13
at:49:957,Oriongasse,48.176296115,16.439870385,11
at:49:958,Haberlandtgasse,48.21987941,16.481291704,22
at:49:959,Oberdöbling,48.24480665,16.344280655,19
at:49:96,Atzgersdorfer Straße,48.17024651666667,16.296622038333332,12
at:49:960,Grohnergasse,48.15691672,16.3432476,10
at:49:961,Obere Augartenstraße,48.22260641,16.375007533333335,2
at:49:962,Obere Donaustraße,48.21953406,16.371167235,2
at:49:963,Oberer Reisenbergweg,48.259371535,16.33584099,19
at:49:964,Tierquartier,48.251667915,16.475277485,22
at:49:965,Ziegelhofstraße,48.240011589999995,16.478255400000002,22
at:49:966,Spargelfeldstraße,48.241031660000004,16.473826705,22
at:49:967,Orchisgasse,48.21272236,16.46701298,22
at:49:968,Obergfellplatz,48.26668531,16.38942998,21
at:49:970,Oberlaaer Platz,48.137531,16.4037671,10
at:49:971,Oberlaaer Straße,48.147852112500004,16.3618023,23
at:49:972,Obersteinergasse,48.24051714,16.34497236,19
at:49:973,Oberwiedenstraße,48.22299044,16.29048056,16
at:49:974,Sturgasse,48.216280955,16.414623235,2
at:49:975,Oper/Karlsplatz,48.202466586,16.369338264,1
at:49:976,Alsegger Straße/Czartoryskigasse,48.22897796,16.323700255,18
at:49:977,Frauengasse,48.213769909999996,16.32904074,16
at:49:978,Oskar-Simony-Straße,48.2110612,16.23584502,14
at:49:98,Auernheimergasse,48.20320062,16.51837416,22
at:49:980,Oswald-Redlich-Straße,48.274796214999995,16.453794275,21
at:49:981,Ottakring,48.21129398777778,16.310902256666665,16
at:49:983,Ottakringer Bad,48.211945657499996,16.2898966525,16
at:49:984,Attemsgasse,48.24786352,16.43434575,22
at:49:985,Otto-Hötzl-Weg,48.221877245,16.29137438,16
at:49:986,Otto-Probst-Platz,48.153944306666666,16.348990826666668,10
at:49:987,Otto-Probst-Straße,48.156262025000004,16.354968365,10
at:49:988,Palffygasse,48.217597784999995,16.336631505,17
at:49:989,Karl-Popper-Straße,48.1874459,16.37912631,10
at:49:99,Augasse,48.22991846666667,16.357213403333333,9
at:49:990,Panozzalacke,48.181648194999994,16.48498378,22
at:49:991,Pantucekgasse,48.1599054375,16.4573493575,11
at:49:992,Paradisgasse,48.24878274666667,16.34193306,19
at:49:993,Kundmanngasse,48.202536035,16.3940608,3
at:49:994,Parlament,48.20857085,16.36009101,1
at:49:995,Patrizigasse,48.257206499999995,16.404126425,21
at:49:996,Paulanergasse,48.19531189,16.36704846,4
at:49:997,Paulinensteig,48.2185794,16.299194215,16
at:49:998,Pellmanngasse,48.13075836,16.288445869999997,23
at:49:999,Marco-Polo-Promenade,48.27742982,16.42308087,21
