entity,0,1,2,3,4,5,6,7,8,9,10,11,12,13,14,15,16,17,18,19,20,21,22,23,24,25,26,27,28,29,30,31,32,33,34,35,36,37,38,39,40,41,42,43,44,45,46,47,48,49,50,51,52,53,54,55,56,57,58,59,60,61,62,63
avg_age:high,0.16268745,0.06967915,0.08160577,-0.03128973,-0.2073285,-0.1500803,0.002168066,-0.20709294,0.0058436687,0.12400655,-0.10271098,0.18520111,-0.22351594,-0.16162655,0.17699759,-0.23121005,0.15931313,0.11772235,0.09410803,0.019523427,-0.02253905,-0.026268203,-0.103104286,-0.08177213,-0.09770515,-0.073884234,0.1474396,0.013623031,-0.122251116,0.3022201,0.10170909,0.059655003,0.09131934,-0.253977,-0.01771171,0.07166578,0.2270121,0.16580172,-0.08350491,0.14677499,-0.04112967,-0.07163346,-0.07157636,-0.06226017,0.07041679,-0.21171497,-0.14383365,0.13557272,0.05398671,0.106518924,0.022624265,0.043959156,-0.121413514,0.09375344,0.11562825,0.078557454,0.045385037,-0.088757694,0.064912096,-0.055337675,0.19251122,-0.0047785724,0.0523477,0.008975887
avg_age:low,-0.021817714,0.058940202,-0.014649947,0.21553704,-0.10372485,0.04497099,0.020614348,0.09927422,0.05370953,0.018805545,-0.04238225,0.13934924,0.048608687,-0.18461448,0.16813903,-0.049045336,-0.048905045,-0.07817838,0.10199892,0.013776468,0.0025821785,-0.0061290986,0.06900934,-0.09664666,-0.003593799,0.08081366,0.3996066,0.15573336,-0.0009672544,-0.0057659694,0.09437374,0.030132458,-0.19767848,0.15446728,0.275177,-0.0072792657,0.13370678,0.05026603,-0.13219644,0.1871498,0.14980747,0.057761505,-0.20522705,-0.2764358,-0.072472446,0.11526823,0.14400652,0.08758022,0.018883586,0.08868723,-0.021331593,0.0415321,0.03522744,0.16784096,0.06919691,0.010400342,0.16599841,0.054915406,-0.23344569,-0.12139257,-0.042924948,-0.042147357,0.10145527,-0.19966023
avg_age:medium,0.062343672,0.023714291,-0.186077,0.08762152,-0.095749415,0.06452915,-0.14900035,-0.12303609,-0.2256567,-0.06130121,0.17124261,0.09464401,-0.0180019,-0.016063431,0.23482771,-0.0073274453,-0.03235219,-0.032940183,0.012726826,-0.14367257,0.18837047,-0.42267704,0.13540839,-0.17377703,-0.03443303,-0.19041988,0.14077505,0.07506003,-0.024357423,0.016945202,-0.07664294,-0.13248625,0.14066409,-0.18162796,-0.094053224,0.032899696,0.05809727,0.14971067,-0.06680791,0.075308174,0.13001348,0.13796464,0.06258682,-0.079997644,0.013024252,-0.08787223,0.12846836,0.14810659,-0.08094795,0.070996895,-0.2586894,-0.025044644,0.05132931,0.038904283,0.026848026,0.06093808,-0.24514344,0.012572269,0.11599291,0.08821546,0.036081083,-0.064998314,-0.11958923,0.02777962
basketball_per_10k:high,-0.060583923,-0.021109913,0.10782048,0.10248865,-0.008270473,0.06198422,0.1628323,0.04792466,-0.1624898,-0.12694852,0.1512926,-0.10588562,-0.10018295,0.011808849,0.09219837,0.014502284,0.17280316,0.11862316,0.12239173,0.18998155,-0.0014494273,0.023949532,-0.061195925,-0.004763547,-0.1066709,0.08880089,0.09675402,0.11451693,0.007224217,-0.10738145,0.13124266,-0.020515932,0.10428661,0.10939659,0.17596227,0.12863894,-0.030735038,-0.08436543,-0.20680885,-0.12525548,0.14880575,0.057530776,-0.16681704,0.10887147,-0.06430786,0.14370668,-0.27808562,0.13164876,-0.060469408,0.14118727,-0.1753114,-0.25068536,0.2591145,-0.13264199,-0.20577154,0.07552031,0.20927347,0.041261233,-0.111636065,0.01892885,-0.1261613,0.037660453,-0.16754697,-0.008819998
basketball_per_10k:low,0.027242824,-0.015953852,-0.045812763,-0.042160366,0.0062506124,-0.034457307,-0.095890485,0.14462028,0.17063269,0.17782132,-0.13415335,0.049766112,-0.31949878,0.29752693,-0.030028464,-0.051150773,0.086105675,-0.1107135,0.20585631,-0.014688446,0.1660404,-0.041901767,-0.02103239,0.12716591,-0.10177585,0.031285677,0.019237526,0.15474766,-0.07522888,0.19215094,0.1344344,-0.09290991,-0.026693454,-0.1164155,0.059196826,0.023704179,-0.12509868,-0.07790277,-0.03535676,0.071396776,-0.100680366,-0.2038162,0.048114948,0.13362993,-0.10305356,-0.012812678,-0.039677516,0.20854357,-0.26409495,-0.088980824,-0.25622144,-0.09980652,0.15946113,-0.11425865,-0.017126406,-0.027737265,-0.08019721,-0.07108699,0.1572792,0.07229346,0.11844933,-0.013947721,-0.17851044,0.14444037
basketball_per_10k:medium,-0.2743764,0.11791337,0.29664525,-0.054349598,-0.25825077,-0.12953715,0.1370559,0.075322986,-0.1504697,-0.032779027,0.16786808,0.13195494,-0.030187678,-0.14732054,0.08969209,-0.009010324,-0.06756811,0.13240232,0.14086156,0.008368938,0.14144035,-0.095540516,-0.006297861,0.013073141,-0.062787935,-0.057921227,0.14090496,0.07954298,-0.18818817,-0.0053977207,0.040603824,0.083167076,-0.013692616,0.21221754,-0.1566953,0.06849784,-0.03362813,0.13345712,0.13583264,0.12047292,0.105040446,0.12808798,0.18582563,0.16727865,-0.18763743,0.088034734,-0.077755004,0.22251041,-0.09702868,0.03213092,-0.11626496,-0.0458954,0.08254693,-0.10249546,-0.06345068,0.13954358,0.015748175,-0.11476078,-0.025692128,0.18923642,0.033629525,-0.11440448,-0.10789748,-0.07457713
cars_per_1000:high,-0.20688134,0.11208841,0.057681188,0.10571285,-0.014388949,-0.19036853,-0.12683037,-0.030623958,-0.11735334,-0.06873896,0.14006817,0.009318424,-0.053993512,0.06911092,0.160511,-0.10960712,0.14351536,-0.039775345,-0.117594756,-0.013578201,0.16583793,-0.010449481,-0.07641033,0.07855661,-0.12905094,0.044509,0.3065751,0.076193966,-0.0002229243,-0.20615073,-0.0030714737,-0.18172188,0.03416069,0.052866172,-0.10243877,-0.02785684,-0.07014957,-0.05736557,0.10508863,0.052418675,0.1639591,0.18278967,-0.038690608,0.16332316,0.093789086,-0.16264504,-0.06057235,-0.14767852,-0.053795647,-0.117079556,0.095073685,-0.16823186,-0.083405174,-0.00088595756,0.0951656,-0.0718856,0.1277577,0.29948202,-0.27581698,-0.10547633,0.07398268,0.10387137,0.2086292,0.093090996
cars_per_1000:low,-0.08316338,-0.12926546,0.18790968,0.03709918,-0.029160563,0.15769698,-0.055354845,0.06525602,-0.009100221,-0.23877054,0.1372698,-0.041270293,-0.040261842,-0.33344176,0.09225683,-0.25383544,0.013757065,-0.10232739,-0.016324162,-0.11575839,0.0015868153,-0.017723775,-0.013493951,-0.26090267,-0.07454867,0.28181538,0.026767654,0.08643253,-0.010164281,-0.08819489,-0.05910591,0.08450835,0.045992695,0.004672092,-0.0870615,-0.0068573044,-0.002791759,0.08551019,-0.15196596,0.034722768,0.15510246,0.10698798,0.07512916,-0.036563054,-0.09419255,0.10495922,-0.2813436,0.16584276,-0.15518565,-0.0390394,0.13592209,-0.23231836,0.066083215,0.010483546,0.07124937,0.1650888,0.19173428,0.13122502,0.101942234,0.120637156,0.09839684,-0.052195884,0.03439129,0.029823385
cars_per_1000:medium,-0.007369174,-0.15531433,-0.14074999,0.06417173,0.06325222,0.086466976,0.09099949,0.18282856,-0.1466161,0.047435287,0.09279376,-0.13918312,-0.07225274,0.08466222,-0.049724855,-0.17413536,-0.032873888,0.017468408,0.06893881,0.12028133,-0.08916217,-0.08687382,-0.18719205,-0.07992567,-0.052019358,0.17197655,-0.029320681,0.1873036,-0.16564287,-0.063413255,-0.08855676,0.2284606,-0.14529812,-0.25761423,-0.054396752,0.017297117,0.22967671,-0.13993312,0.19342466,0.18996102,-0.16514604,-0.07665321,0.13593751,-0.08049445,0.10101978,-0.20498976,-0.09534785,0.09865573,-0.08184635,-0.19762917,-0.014297352,0.011981558,0.035103306,0.057095706,0.10084326,0.040153712,-0.07895846,-0.047875673,-0.13160726,-0.08021213,0.05926123,-0.21530905,0.20026,0.119120315
cycle_km_per_km2:high,-0.12952605,-0.018549118,-0.013106686,0.039494798,0.07935479,0.07425423,0.2781611,0.005824415,-0.026710177,0.047778964,0.05929845,0.22483075,0.044196088,0.15946792,0.1716854,-0.20652156,-0.03738352,-0.041123185,0.1764304,-0.14413689,-0.1662287,-0.06391283,0.02600861,-0.02755185,-0.070054635,-0.18316239,-0.21578604,-0.12105671,-0.073014915,0.21736151,-0.12596369,-0.07300452,0.20625198,-0.0961809,-0.05156939,-0.0897781,-0.14050178,0.00022979305,-0.22023734,0.026641183,-0.047278643,-0.32539272,0.0002835492,-0.03334986,0.071129635,-0.029613761,-0.12217131,0.052205987,-0.07907731,0.040585805,-0.063777454,0.024782721,0.13985544,-0.1556858,-0.15872905,0.13106976,-0.09063977,-0.1949268,0.027123258,-0.05004244,0.1667035,-0.11652071,-0.05735333,0.12892471
cycle_km_per_km2:low,-0.026494678,-0.15006308,0.033331696,0.032376546,0.045101326,0.15151766,0.14264704,-0.2904706,-0.1563843,-0.23871912,0.13297178,0.09819462,0.028782781,0.03338593,0.23641382,-0.006662072,0.16836125,0.09934205,-0.13234456,0.12116343,-0.1495989,-0.16498338,-0.035271134,0.03148074,-0.12764521,-0.095420904,-0.004191335,-0.1310482,-0.16233826,0.14369708,-0.1785247,0.044136997,-0.075233705,0.09657117,0.18047471,-0.09189502,-0.04335824,0.10540139,-0.021894641,-0.014198421,-0.26237798,-0.030948065,0.12777705,0.052163724,-0.15137962,-0.1669428,-0.057332616,0.14621338,0.15284023,0.09203799,-0.11512638,0.084103934,0.11751975,-0.10806535,-0.15760383,0.1814192,0.0951981,-0.11655694,0.013030712,-0.041266255,0.023880908,-0.1021555,0.013615241,-0.1658978
cycle_km_per_km2:medium,-0.13762353,-0.090870515,-0.031488806,0.22647262,-0.10761912,-0.034077298,0.021048874,0.010597353,-0.009513684,-0.021520445,-0.18668735,-0.04587754,-0.1346774,-0.22829206,0.119948015,-0.17824033,-0.06233501,0.08129425,0.0011707093,0.043800067,0.09923051,-0.07863921,0.1388474,0.18576354,-0.25308272,0.09090653,0.08232663,0.12364682,0.1815033,0.10482923,-0.10558475,-0.15351844,-0.09369926,0.077998534,0.094311155,0.046504963,-0.19432075,0.16485341,0.029736241,0.10329235,-0.047699854,-0.1845268,0.16982779,0.09781912,-0.09246824,0.13765548,0.16612035,0.017823847,-0.032802153,-0.06595414,-0.21197724,0.15975368,0.078901686,-0.16262698,-0.13612466,0.12087186,0.05251118,-0.07139031,-0.2678356,-0.1063593,0.05909569,-0.037625138,-0.10033705,-0.13381298
d01,-0.067306735,0.04297641,0.07082262,-0.10928942,0.023889687,-0.012032847,0.0040344084,-0.13401774,0.13232465,0.27661166,-0.09811222,0.030724222,-0.14230758,0.11500197,-0.2381299,0.07885357,0.026557248,-0.09083494,-0.17537388,-0.20167302,-0.012068974,0.069134735,0.119910024,0.12612912,0.16327795,-0.089001045,-0.25561842,0.044560194,-0.016684571,-0.11491472,0.15587023,-0.2070943,0.09463568,0.00035050255,-0.09380857,0.0063172756,-0.020978136,-0.10859785,-0.14588684,-0.02834297,0.22058839,0.007432938,-0.09012511,0.12331229,0.13306792,-0.011488262,-0.019901419,-0.060368784,-0.08472679,-0.21042424,0.05124136,0.100819595,-0.3251313,-0.066165246,-0.07075512,-0.19906196,-0.08418507,0.025963955,0.011263632,0.02406236,-0.13859966,0.21477944,-0.09419889,0.105443545
d02,-0.1488978,0.0034305656,-0.039139874,0.04495535,0.1971024,0.22837049,0.19693048,0.025380775,0.05657061,0.0018804119,-0.22061257,0.092203476,-0.0907496,-0.23661005,-0.23375133,0.12507401,0.007081754,-0.052082155,-0.13560624,-0.19513625,0.14293995,0.060188822,0.16305947,-0.08572487,0.04803044,0.09703389,-0.078291535,0.16096129,0.17055078,-0.1509519,0.1251339,0.011598593,0.029294549,0.115397505,0.096360564,-0.058423355,-0.0013856665,-0.09126565,-0.15978171,-0.1403513,0.13737898,-0.09002343,0.09300222,0.024258798,0.09672758,0.19666286,0.0009690882,0.0248861,0.13691217,-0.024463603,-0.0013942297,0.06284814,-0.1315249,0.07160372,-0.012876124,-0.31675708,-0.008157487,0.04562271,-0.070281245,-0.116314024,-0.2494783,0.13166167,0.063552044,-0.06750147
d03,-0.20446555,-0.006005421,0.02143956,-0.05052321,4.0089377e-05,-0.27274483,-0.17387189,-0.07065027,-0.051904388,0.1934164,0.011140355,0.0038899144,-0.11202271,-0.09840961,-0.21699408,0.095493816,-0.0516929,-0.11850309,-0.10610229,0.036950704,0.20475538,0.045481242,0.13261548,0.010785353,0.11033853,-0.19405155,-0.2188524,0.12664112,0.09666053,-0.24854389,0.09549525,-0.14750342,-0.09415364,-0.10191739,0.106617875,0.2654261,0.022462318,-0.18774046,-0.102999575,-0.16370505,0.10738264,-0.08238748,0.117270544,-0.06539282,0.03959547,0.097762324,0.037107777,-0.09370424,0.042434122,-0.118545376,0.04091487,-0.0016637114,-0.1273975,-0.13480432,-0.09581571,-0.1459014,0.005501214,0.11097806,-0.101830445,-0.16622703,-0.09193721,0.094316855,-0.1364519,-0.13957821
d04,-0.06992987,0.02371955,0.1354849,-0.14807746,0.13050073,-0.04984327,0.04145448,-0.1430923,0.060492296,0.17161022,-0.29700726,-0.083075374,-0.07851361,0.15624332,-0.24628021,0.08570513,-0.041880324,-0.1927571,0.15540811,-0.009102993,-0.0024700041,0.08050263,0.1566986,0.032512937,-0.03385352,0.055004634,-0.24422677,-0.1423835,-0.035073623,-0.06561541,0.11575118,0.08108893,0.009045061,-0.12306042,-0.0718853,0.17699361,0.15708247,-0.01854918,-0.19469573,-0.09097635,-0.19785717,-0.10726041,-0.10838225,-0.26449063,0.122625545,-0.06982568,-0.10197009,-0.16177933,-0.028227193,-0.019018361,0.027438398,0.014705534,-0.06309082,-0.033305697,-0.16225308,-0.0028776678,-0.08728257,0.11946395,0.20904288,-0.09526263,-0.07969557,-0.13941234,-0.13490279,0.13019997
d05,0.054983277,-0.027863866,0.07040861,-0.20465279,0.15369315,-0.09067314,0.105474286,-0.26045516,-0.12593424,-0.07969374,-0.024212394,-0.093389824,0.18473813,-0.050288726,-0.116002955,0.04946097,-0.14862934,0.08248381,0.07289259,-0.014175815,-0.0009669179,-0.10069549,0.09449875,-0.21517162,-0.02979976,-0.15299962,-0.2229617,-0.10279335,-0.082090564,-0.22590332,-0.001331966,-0.10168808,-0.18041983,-0.012788249,0.054351214,0.10113642,0.052804433,-0.12885259,0.006513332,-0.08220269,-0.064066745,-0.02902665,-0.22606419,-0.2296753,0.26296216,0.08900158,-0.010313612,-0.23192304,-0.073180586,-0.1550138,-0.016878286,-0.010608571,0.019809006,-0.11542134,-0.061655305,0.088074915,-0.019226613,0.08518972,0.18993028,-0.14212699,-0.10114357,-0.04071774,-0.23287095,0.071283646
d06,0.07735217,-0.0076604597,0.061009314,-0.18287712,0.03842777,0.26472077,0.057029296,-0.13790332,-0.0015247357,0.17755151,-0.07787711,-0.12569149,0.10452262,-0.13108894,-0.16344827,0.086998254,0.062162973,-0.20568869,0.006111217,-0.08841274,-0.1797423,0.033977173,0.012477577,-0.11622158,0.06819958,-0.05630674,-0.19537306,-0.14321421,-0.17341866,-0.0411279,-0.08146541,0.2013663,-0.04568114,0.11582121,-0.16899063,0.03550749,0.11255423,-0.0016105827,-0.27374586,-0.0026696394,0.049390767,0.046699382,-0.40532738,-0.104525365,0.17294633,0.016523656,-0.11130947,-0.19348437,-0.1110403,-0.011569495,-0.026013767,0.06339884,-0.10329091,-0.09205418,0.051040985,0.0023928802,-0.0026233469,0.04416491,0.063099466,-0.050731976,-0.02334181,0.0053062495,-0.22374247,0.098692276
d07,-0.07325226,0.03401068,0.21298231,-0.10314916,-0.03659927,0.04231092,0.035985544,-0.081613526,-0.08056302,0.0451307,-0.025784757,0.021913439,-0.09285752,-0.20405157,-0.1430696,0.22699592,-0.15392607,-0.032392796,-0.1598964,-0.19443421,-0.07001846,0.06875644,0.014762666,0.00660534,0.2181211,0.0862402,-0.19011757,0.047031824,-0.039951693,-0.06155593,-0.09261891,-0.08021934,-0.08514751,-0.041707158,-0.20342802,0.08117048,-0.07121797,-0.065697186,0.105226785,-0.3047048,0.008976036,0.11089851,-0.18383333,-0.13537247,0.038328443,0.049174808,-0.086034395,-0.1540377,-0.21779215,-0.12291686,-0.01599339,0.21238762,-0.063731834,-0.103061356,0.08221059,-0.17640512,-0.2512942,0.017756987,-0.063450634,0.04654997,-0.097454086,0.1409881,-0.19543451,0.12333286
d08,-0.029017534,0.16771589,0.021187304,-0.07311163,-0.13979198,-0.20625891,-0.055703476,-0.0021925534,-0.07487049,0.17532653,-0.024058774,-0.0377435,0.105603136,-0.109635994,-0.21489786,0.11576664,-0.12794794,-0.011295081,0.08737759,-0.17479908,-0.16148098,0.20673595,-0.021196393,-0.03610019,0.16942275,0.030604456,-0.2343228,0.13408998,0.011231343,-0.017682033,0.20442377,-0.15623167,0.030286048,-0.07705796,-0.03204494,-0.025863681,-0.010098215,-0.07041315,-0.13609484,-0.17684202,-0.03816736,-0.026612436,-0.2291589,0.11015627,0.16386686,-0.07882037,-0.18130246,-0.08334586,-0.23119044,0.010605258,0.080973245,0.21821879,-0.068810366,-0.06976269,0.040328257,0.0082000615,-0.056309793,-0.16444714,0.20880125,0.09413042,-0.14171398,0.045916583,-0.122433506,0.20623235
d09,0.10572849,0.21121135,-0.17059761,-0.08647533,0.05000169,0.19325551,0.034755547,0.090933084,-0.08092622,0.23929535,0.017632945,0.10278539,0.060917728,0.23922426,-0.22937606,0.056598753,-0.14550418,-0.05085163,-0.033151314,-0.23220988,-0.022616237,0.06833442,0.14380378,-0.03278579,0.07927149,-0.09407924,-0.1863308,-0.02002828,-0.09304116,-0.080208115,0.18522824,-0.015017017,-0.041175768,-0.040334556,-0.12018104,-0.023317179,0.09496467,-0.17560151,0.019869013,-0.06816352,0.16030277,-0.12663987,-0.20286949,0.16230766,0.06833431,0.025286706,0.07537482,-0.045187537,-0.008822421,-0.08923267,-0.03537969,0.27254683,-0.17915484,0.03469709,0.02976482,-0.15668224,-0.093373016,-0.14822221,0.14987923,0.12611301,-0.17642398,-0.06028332,0.15868124,0.06702203
d10,0.063441925,0.090977475,-0.054339606,-0.08471364,0.047480937,0.04929812,0.011748461,-0.1990733,0.15064123,-0.05853018,-0.050964884,-0.02202504,0.1532062,0.12148162,-0.17631258,0.17483328,0.009951454,-0.04087773,0.07678297,0.0885894,0.04233717,-0.060212612,0.1695387,-0.042627163,0.11645395,-0.018777547,-0.15390931,-0.105639875,-0.20520581,-0.2217858,-0.020903762,0.23536184,-0.27199554,0.12292495,0.25007808,0.20452024,0.14662093,-0.14856455,0.11435212,0.035030384,-0.1714624,0.15142782,0.015856504,-0.09237981,0.09144564,0.04649895,0.08425255,-0.13651678,0.120490745,-0.07867696,0.0021241147,-0.042476352,-0.1396119,0.060518872,-0.21379416,0.022286251,0.10180328,0.1871184,0.08049575,-0.19762152,-0.08386992,-0.053509977,-0.057316847,-0.10941192
d11,-0.2644957,-0.04313623,0.15165707,-0.01854333,0.034601558,0.043313988,-0.010145732,-0.0033869701,-0.11884081,-0.14660802,0.084548146,-0.04770226,0.044687465,0.01958566,-0.20124935,0.253251,0.19879264,0.017328368,-0.17602275,0.06527013,-0.06623639,0.15784685,0.19292079,0.18531567,0.0893798,0.054966874,-0.09545877,-0.018730681,-0.020558966,-0.14764126,0.026899448,0.110956565,-0.14428404,0.08057932,0.08768512,0.1070197,0.13769291,-0.24582025,0.11965149,-0.06143596,0.064329,0.03766106,-0.10619537,-0.18316288,0.0023015053,-0.09162797,0.08626108,-0.01492651,0.115966976,0.16081895,0.19619691,-0.028354775,0.10992131,0.14696062,-0.0737575,-0.10313672,0.14563315,-0.01292682,-0.13460578,-0.12691365,-0.30488822,0.023134448,0.020893343,-0.17222539
d12,0.0957949,0.1873345,0.15428828,-0.074625,0.009250541,0.0048788153,-0.022756498,-0.27978653,0.16528644,0.12250976,-0.14491765,-0.20553243,0.16222398,0.051917117,-0.07662252,0.1418454,-0.12410893,0.008952755,-0.07533729,-0.023396835,0.17233258,-0.09657576,-0.018074322,0.05006417,0.056499805,-0.022603046,-0.06159094,0.027417427,-0.031473648,-0.065622404,-0.11010612,-0.10085494,-0.2866832,0.2997827,0.050945222,0.15658419,0.022060534,-0.03155057,0.16791843,-0.077734776,0.1552447,0.040579554,-0.16216192,0.0084789125,0.15400004,0.2841404,0.045816157,-0.22768013,-0.04109533,0.19361717,0.010128256,0.053252675,0.06641846,-0.0030719033,-0.11117122,-0.0343473,0.16281486,0.13510066,-0.039771173,-0.14073044,-0.04423858,-0.02746523,-0.0049207066,-0.11450518
d13,0.1285542,0.1421541,0.10697099,-0.1377869,-0.15534943,0.10645935,0.047406517,-0.22592215,0.060357958,-0.08450436,-0.26057634,-0.1846658,0.1814754,-0.17986427,-0.03517765,0.23228441,0.1298328,0.18200453,-0.013433243,-0.010089861,0.017381897,0.20872425,-0.036591142,0.11889152,-0.08026025,0.048478216,-0.0063085994,-0.14451785,-0.04883083,0.035663355,-0.0459972,0.15039048,-0.08434616,0.12930903,-0.08504174,-0.0507389,-0.02457348,-0.0836212,0.1586765,-0.120513014,-0.08623498,-0.053126566,-0.0629616,0.2002731,0.24033882,-0.078757025,-0.08762502,-0.23847428,0.19884278,0.17459644,-0.019299528,0.10037065,-0.03947919,0.088632576,-0.01431093,-0.070551865,0.02223974,0.08870373,-0.11204553,0.006350993,0.0016814687,0.24581885,0.046147253,-0.027167808
d14,0.23286699,0.012071914,-0.0047390796,-0.19967555,0.051300786,-0.027321365,-0.1533992,-0.045047488,0.048468646,-0.11792065,-0.17491992,-0.1646372,-0.07377128,-0.032331314,-0.071827054,0.18589349,0.03917817,0.20749992,-0.1736894,-0.06544938,0.007032331,0.1637288,-0.011106975,-0.1523232,-0.0995686,0.08030256,-0.13190912,-0.20462304,-0.12049186,0.07699253,-0.12580515,-0.1582733,-0.21133223,-0.085317455,0.15981889,0.13343896,0.06510325,-0.10936595,0.059394926,-0.1504586,-0.08985714,-0.14781216,-0.021853423,-0.12501389,0.04716293,-0.17236672,-0.19977434,-0.194097,0.16869092,-0.05635624,-0.043015867,0.3122851,0.011762785,-0.028640375,0.0889125,-0.17206198,-0.047214907,-0.048188567,0.0966795,0.07875832,0.015646575,0.058228634,-0.06275825,-0.01021592
d15,0.06461572,0.09038173,-0.023475757,-0.054378465,-0.15896623,-0.025474874,0.17662318,-0.09625672,-0.14878777,0.2687503,0.011381825,-0.1356519,0.18698074,0.006537663,-0.1389973,0.10550754,-0.1764359,0.209066,-0.02812397,-0.08835253,0.08095449,-0.035156384,-0.009408333,0.10997357,0.11517321,0.21917024,-0.20721374,0.008361471,0.11890716,-0.08644728,-0.08113337,-0.05569677,-0.12646686,0.09614171,0.014488988,0.100942254,-0.13020866,0.08249516,-0.13658361,-0.30638868,0.0019591877,0.15796986,-0.2646805,0.0698892,0.13734894,0.12327956,0.0007507122,-0.2368162,-0.017831244,0.0906464,0.03442282,0.17401285,-0.24241604,-0.00944849,-0.030111134,-0.067957,-0.051996075,0.020933393,-0.06869691,-0.0025290926,-0.09157662,-0.04909373,-0.057913143,0.109710656
d16,0.058529347,0.053003956,-0.046579327,-0.059733134,0.031705536,0.100534946,-0.23223001,-0.032756634,0.06926329,-0.09176882,-0.009825469,-0.006830207,0.10940272,0.028455595,-0.18649943,0.15029301,0.051971383,0.04176851,-0.020394607,-0.14812028,0.05871079,-0.15177563,0.010772456,0.0068765795,0.20793948,0.18272555,-0.18684092,-0.051534206,-0.02511359,0.12217918,-0.087024115,0.23487335,-0.22594312,-0.24095401,0.0013805905,0.06366466,-0.04880351,-0.09681897,-0.0027276324,-0.19825712,0.033128075,-0.07411674,0.047722988,0.061985802,0.06867094,0.2137639,0.011631572,-0.18931831,-0.26350492,0.12203029,0.00013708649,0.25789377,-0.0056561637,-0.0038467855,0.1812339,-0.091163695,-0.3036677,-0.08389475,0.03719193,0.13354789,-0.072131366,-0.029317215,-0.040419463,-0.104528725
d17,0.12815008,0.088420264,0.19372422,-0.09974264,-0.06938753,0.031007472,0.03709003,0.029881956,0.07289243,-0.019419856,0.026410552,0.03942574,0.23454894,-0.28381756,-0.15247677,0.17697978,0.09696892,0.18563156,-0.16680036,-0.18645705,0.13468796,-0.023806911,-0.03615995,-0.20570183,0.071239166,0.0014388767,-0.14070684,-0.00025370932,-0.14303681,0.069871426,0.24462704,0.019629313,-0.075624146,0.116572216,0.042652193,0.116273805,0.044456,-0.07737362,0.056563627,-0.14983095,-0.21377245,-0.07507753,0.09973169,-0.08049027,0.06185162,0.16215926,-0.054195665,-0.027682882,0.087302424,0.10375914,0.07105458,0.28879428,0.046942778,0.02578811,0.04808117,0.004344831,0.07044405,-0.17325343,0.24735798,0.10928793,-0.15767,-0.14913924,0.059255175,-0.048269276
d18,0.03357515,0.1578673,0.08061203,-0.10005604,-0.07948623,0.09771639,0.16405204,0.027090047,-0.019494455,0.17094049,0.017182248,0.12997268,0.12550658,0.009470718,-0.15212908,0.10322202,0.054357693,0.28788167,0.049347278,-0.2270836,-0.05990814,-0.06421909,0.07828897,0.13082132,0.10222978,-0.047114447,-0.19358577,-0.054975037,0.1760123,0.010172509,0.19123219,0.15131119,0.111633904,-0.04864277,-0.2061384,-0.037141815,0.18832728,-0.042073306,0.14449392,0.07886547,0.08590689,-0.24857439,0.12797391,0.13820066,0.13251066,0.18303151,0.09277194,-0.0345664,0.113822065,-0.0421664,0.03298242,0.19631709,-0.0841989,-0.08644963,-0.0479651,-0.048957024,-0.12957998,-0.15955396,0.10073611,0.16111203,-0.1613451,-0.02863999,0.13282943,-0.13408196
d19,0.03409926,0.21038851,0.10800426,-0.15530656,0.109956734,-0.044807885,-0.0046903244,0.0707071,-0.2133461,0.0049659354,0.102391765,0.111165404,0.16581653,0.1543086,-0.13643311,0.056499287,0.14048868,0.26849592,-0.11009876,0.004117139,0.19262488,0.13472222,0.10742371,0.13315827,-0.03365839,-0.015814895,-0.06466575,-0.24274254,0.0040288162,-0.01230335,0.18012612,0.033213105,-0.07798754,0.18236105,-0.028690942,-0.056688618,0.23779085,0.10120278,0.025532313,0.12936352,-0.04388933,-0.037950467,-0.041103244,0.17281044,0.072818376,-0.22776814,0.06250925,-0.0438206,0.17795964,0.076709546,0.17124233,0.31350783,-0.054410934,0.05107331,-0.10690764,-0.162895,-0.037819486,-0.040280435,0.06129799,0.10607234,-0.10031475,-0.041019928,0.05020953,-0.070538156
d20,-0.085581556,0.14633073,-0.0021136429,-0.05436493,0.029674115,-0.12445988,0.06677192,0.18444623,-0.17359394,-0.04803229,0.03986449,0.1346899,0.09914428,0.07853931,-0.14449286,0.07853132,-0.1375602,-0.056389116,-0.010424612,-0.030393956,-0.05710975,0.29447678,0.0999834,0.19003662,-0.009574818,0.10547569,-0.11852873,-0.029742368,-0.11137446,-0.12554444,0.17390189,0.15964307,-0.2110013,0.18464568,0.25098658,-0.13150695,0.10660503,0.07699259,0.016778277,0.13800143,0.0041820537,-0.050975654,-0.09477528,0.0123502705,0.042129498,-0.032364916,0.1456611,0.018675959,0.074860916,-0.021112308,0.054808967,0.2818925,0.09988769,0.0787791,0.012965304,-0.009561576,-0.24554878,-0.13164078,0.1275161,0.10768305,-0.18416768,-0.057218555,0.24619676,-0.095203504
d21,0.068536855,0.21079639,0.020219361,0.084905215,0.026944155,-0.07725628,-0.0895489,0.19354586,7.503483e-05,-0.038894184,-0.0887636,0.22065654,0.0077148355,-0.0026300473,-0.07118453,0.16107576,0.24542071,0.025631372,0.027131302,0.008343104,-0.2631393,0.13317081,0.12607849,0.038518786,-0.11092039,0.23258732,0.05665738,-0.05035482,0.090024985,0.07208547,0.09999694,0.048227277,-0.25018492,0.121631786,0.15717155,-0.16310817,0.065117486,-0.056868806,0.1801608,0.018013963,0.040376708,0.073171735,-0.036435682,0.10205655,-0.050676312,0.05453949,0.23511916,0.033318087,0.1268127,-0.10008485,-0.06888051,0.22770478,0.050716534,0.12053463,-0.2071102,-0.023914224,0.09104794,0.1625969,0.051442623,0.03362339,-0.270493,0.10058397,-0.050016675,-0.14468092
d22,-0.122848324,0.027600776,-0.00021359691,0.14625925,0.16283096,0.033981536,-0.08959652,0.121860735,0.101868354,-0.1548798,-0.1403034,-0.042811718,0.1578141,0.0029824313,-0.095104784,0.295749,0.11206352,-0.08838427,0.08448891,-0.0562313,0.16787912,-0.018624248,0.11912877,-0.08024224,-0.014125189,0.15409154,0.0035717096,-0.24538212,0.20621291,-0.037338197,0.12349219,0.1249887,0.006635818,0.19931136,0.2323824,-0.06763925,0.021711309,0.00034886325,-0.035229724,-0.08450439,-0.07201137,-0.031148031,-0.07517952,0.014466026,-0.014562719,-0.06645658,0.10804796,0.050496247,0.15240523,0.20946337,0.16085063,0.1646654,-0.001593577,0.11739199,-0.060017303,-0.24346958,-0.0072284043,0.12075158,-0.084609196,-0.0991703,-0.25329816,0.23353592,0.06858215,-0.07910486
d23,-0.04759185,0.27513355,-0.079823926,-0.07966253,0.061386272,-0.028654596,-0.03390123,-0.22428444,0.097332835,-0.11988315,-0.012060997,-0.16106586,0.0092603965,-0.033585537,-0.030136855,0.3219956,0.18013173,0.008549,-0.11512895,0.044907402,0.04357488,0.13464321,0.015176855,7.584582e-05,0.10318171,0.051564306,-0.015324168,-0.10507797,0.27229425,-0.048499927,-0.15147276,-0.039104324,-0.063663445,0.06504639,0.09136236,0.12251418,0.003915364,-0.13310243,-0.03271172,0.050309997,0.07250339,0.1858951,0.024992874,0.10258868,0.15966237,-0.07339598,0.111356355,-0.18474069,0.1881844,0.16969718,-0.05319354,0.056360412,0.06963285,-0.013553622,-0.21570995,-0.16192566,-0.030521171,0.13757743,0.24531457,-0.18922842,-0.062663205,0.02461259,-0.15190817,-0.1764666
families_with_children_share:high,-0.08479369,0.011525321,0.07420113,-0.06967577,0.08777382,0.19008198,-0.044580337,-0.07561904,0.09127203,-0.16028643,0.13333714,0.029686358,0.14325471,0.26716885,0.15604603,0.1199696,0.027268877,-0.026967593,0.039510526,0.14382927,0.0272767,-0.13982832,0.021845764,0.02368651,0.10401089,-0.036971077,0.18398266,-0.09973263,0.08868961,0.24227418,-0.08779134,-0.012198541,-0.112511925,0.07684361,0.12627248,-0.12062582,0.19687398,-0.034979593,0.13139243,0.2744753,-0.08271451,-0.038814176,0.17056102,0.017002203,-0.028842751,0.047104694,0.11544076,-0.0130999535,-0.017667787,0.16670321,0.29699045,-0.039645314,0.10295659,0.14836022,0.014839051,0.13064696,0.028966077,0.20965756,-0.16154538,0.060875207,0.09321523,0.010463647,0.048818525,-0.2872613
families_with_children_share:low,0.056950722,-0.2532281,0.008193812,-0.29711246,0.009677447,0.018454518,-0.16401121,0.0024155977,-0.056227937,0.07388617,0.009146766,0.12537305,-0.0058929636,0.02941031,0.09196529,-0.04137865,-0.15704145,-0.22590005,0.032311615,0.14747073,-0.16638042,0.024538217,0.0647239,0.03897313,-0.11731168,-0.04164134,0.12080546,-0.03114158,0.04160241,0.109620616,0.0995833,0.024236962,0.13515817,-0.30241963,-0.11200587,-0.13969064,-0.062062897,-0.09442338,-0.015497649,-0.0076485765,-0.26913017,-0.24993138,-0.08590544,-0.13110605,-0.11128077,0.030808145,-0.21918716,-0.22597545,-0.030904518,0.11796127,-0.011819741,-0.043781675,0.175048,-0.021023862,0.087314196,0.10585603,-0.13818598,0.018695192,-0.14552236,0.02294272,0.08162257,0.17489868,-0.09833463,0.10955861
families_with_children_share:medium,-0.16117503,-0.024664285,-0.024714876,0.04205351,0.030647425,0.046267774,0.2323106,0.05540584,0.08711368,0.11886639,0.037523802,0.14811462,-0.0005445289,-0.078889735,0.12258074,-0.13372044,-0.038127024,0.12846802,-0.24831438,-0.028709222,0.0066978773,-0.110924385,0.064872995,-0.020856842,0.14248852,0.02070295,0.18557616,0.21643505,0.08975124,0.23374386,0.12994243,-0.13639611,-0.05309675,-0.12697488,-0.02136865,-0.19801262,-0.19452713,-0.080439106,-0.19673258,0.103305586,0.04207818,-0.008990415,0.11064791,0.15500498,-0.02507745,0.21159041,-0.15232857,0.008763666,-0.06305446,0.08126074,0.29062802,-0.008484846,-0.09714154,0.10237838,-0.042359605,0.18858491,0.030160682,0.116188616,-0.00018213595,0.20953201,0.14420837,-0.16656284,0.06846091,0.077881426
fitness_per_10k:high,-0.17901027,-0.14242436,0.01813078,-0.0009536587,0.0007840559,0.13482638,0.23138623,0.010396571,0.13460402,0.15563868,0.046819765,0.17535205,-0.13021857,0.023123996,0.030092385,-0.16727622,0.020401418,-0.26390156,-0.023625158,-0.32043514,-0.1393219,0.14756115,-0.07962519,0.08611903,0.04582478,0.1631968,0.1407626,0.19694,-0.0744523,0.10116001,-0.101742275,0.065402284,0.20557946,-0.20629132,-0.057952538,-0.17074592,0.23804508,-0.005388148,0.009888778,-0.07813098,0.1694891,-0.13402887,0.01080983,0.10522209,-0.15946992,0.008685997,-0.018790385,0.14219013,0.03252728,-0.06724175,-0.017411472,-0.1547169,-0.06021471,0.019280817,0.05142366,0.20016977,0.0011905439,0.034858488,-0.04395773,-0.09249619,0.08693876,-0.100642174,0.035941415,0.12837258
fitness_per_10k:low,-0.09084476,-0.14207135,-0.0037489813,-0.059131194,0.09397616,-0.012657035,0.04313278,-0.0589838,0.029240552,0.018970579,0.082083374,0.08061195,0.020456087,-0.024898868,-0.00017510538,-0.10384248,0.05698534,0.058310993,0.16232558,0.019003712,0.06933528,0.071283035,-0.092003085,0.05654747,0.15878983,0.24235934,0.20801735,0.036859293,-0.21557604,0.03481364,-0.12527713,0.06949036,-0.24578029,-0.071215965,0.08497384,0.10396443,0.044439383,0.011253082,0.20943254,-0.2708626,0.022029586,-0.101767816,0.19804524,-0.09060438,-0.10681966,-0.11993029,-0.07917338,0.035895076,-0.09949238,0.16500188,0.033537753,-0.0138407685,0.26285815,0.16684537,0.15678798,0.224466,0.14275602,-0.016552245,-0.17659968,-0.029770851,0.20023191,-0.20010619,0.1810287,-0.07289085
fitness_per_10k:medium,-0.09667409,-0.108248316,0.11122105,0.15251237,0.14866397,-0.2200759,0.04038215,0.057714786,-0.20215307,-0.066174634,0.2963273,-0.010442745,0.026987065,0.08609186,0.17386343,-0.007278398,0.03640746,0.019788705,0.05312875,-0.07530948,0.21772572,0.009714367,-0.17267996,0.2208265,-0.086559385,0.018358653,0.10633614,-0.23317415,0.07983486,-0.014833323,-0.08573703,-0.23358622,-0.006012627,-0.14970326,0.19777712,-0.02479698,-0.044827797,0.06182478,-0.035421617,-0.08075683,0.18298686,-0.114109635,0.090490535,0.055395607,-0.2106399,-0.14422148,0.13393779,0.031044468,-0.15074854,-0.070412815,0.026452627,-0.12705931,-0.11305015,-0.056339197,-0.13925876,-0.06444173,-0.077425934,0.22578067,0.120631754,-0.063719675,0.17680965,-0.09154734,-0.019435275,-0.02580469
food_per_km2:high,0.05939492,0.022454593,-0.121459074,0.23668762,0.01386211,-0.04432295,0.025836257,-0.022105869,0.09513608,0.110896125,0.13102204,0.2549407,-0.014536787,0.23254529,0.17242645,-0.009594678,-0.29865885,0.089776546,0.17683572,-0.058953047,-0.07169954,-0.011648606,-0.048638206,-0.15188421,-0.08610944,-0.104957364,-0.20223008,0.1678091,0.12209031,0.10410671,0.005195918,-0.14520001,0.25962156,-0.19424164,-0.15471046,0.1360711,-0.06645249,-0.021264642,-0.11414944,-0.203983,-0.1234069,0.023817345,-0.24342947,0.084518895,0.07744672,-0.03862294,0.039120678,0.17066906,-0.011811434,-0.027148,0.05230971,-0.087151565,-0.13571803,-0.109279044,-0.05352495,0.00053249655,0.07393981,0.042952836,-0.01592739,0.0029106494,0.22315323,0.009003971,-0.061985742,0.06353793
food_per_km2:low,0.03236966,-0.22923243,0.009862017,0.2955147,-0.06260326,-0.078571714,-0.08652007,-0.13289751,0.046506133,-0.18852161,0.26788506,0.020053396,-0.10736884,0.003594025,0.13398567,0.060424935,0.11669076,-0.023873687,0.053792227,0.037123997,-0.06362739,0.109637275,0.1456035,-0.23399495,-0.28934503,0.025611779,0.036656853,-0.06262127,0.030483281,0.12500033,-0.09073258,-0.037372123,0.12556815,-0.044001207,-0.004404507,0.052059673,-0.08423916,-0.060582925,0.17247283,0.039984286,-0.13831797,0.14957482,-0.023855396,0.123121604,-0.15017636,-0.12070999,0.0047386205,0.16943574,0.22157197,-0.11062684,-0.07104353,-0.015154437,0.16833527,0.017289456,-0.044384945,-0.0127538955,0.25300398,0.022059148,-0.25065652,-0.07544288,0.124113835,0.07245469,-0.051576417,-0.12279147
food_per_km2:medium,0.03865615,-0.007630301,0.122306645,0.099351734,0.011102187,-0.04587868,0.04902689,-0.098527566,0.014978631,-0.0011296507,0.15588826,0.1722939,-0.03786846,-0.11574451,0.13192976,-0.009025115,-0.29270607,0.07831809,0.08538995,-0.2223569,0.18076885,-0.11707346,0.12176077,-0.09198956,-0.32791805,0.19384515,-0.064439245,0.12859169,0.1654981,0.07547367,-0.03848082,0.12315965,0.014907163,0.17780331,-0.052040093,0.12557508,-0.09358594,0.050918374,0.109158665,-0.032327794,0.20646438,-0.06985953,0.13128902,0.028862566,0.09296998,0.22350365,0.01974624,0.14095305,-0.016455539,-0.12865345,0.06779474,-0.072531834,0.30697688,-0.06310886,0.17139111,0.0971729,-0.042263553,-0.15511823,-0.095182404,-0.007994715,0.10285907,-0.07177149,0.04327319,-0.060461733
football_per_10k:high,0.10168397,0.19492437,-0.21291992,0.08708425,-0.10447371,0.115908444,0.10621676,0.043828726,0.0795445,-0.1779006,0.045157425,0.06833083,-0.06736946,-0.031368062,0.15868267,-0.059526633,-0.009606615,-0.1328469,0.044421244,0.17418219,-0.060013786,-0.21377118,-0.079391964,-0.26403877,0.12244049,0.20895867,0.102264054,-0.08637779,0.012719959,0.07818129,-0.049597412,0.1319262,0.012485588,0.12624104,-0.0866325,-0.22818297,0.051340904,-0.014909627,-0.26726198,-0.03571736,-0.021907816,0.14752237,0.03163376,0.028076224,-0.22227685,-0.079999514,0.048655584,0.09589875,-0.004509816,-0.05832803,-0.1566671,-0.18907876,0.0013373387,0.16923371,-0.07429599,-0.10991783,0.3191151,0.18918963,-0.0066617937,0.033944644,-0.06377019,0.03743221,-0.08535434,-0.0028819998
football_per_10k:low,0.03941295,0.16718854,0.01711607,0.16854273,-0.06356194,-0.14161608,-0.05911206,-0.07434618,0.020477561,-0.092472814,-0.029135915,0.059022654,-0.16844274,0.1620498,0.18896614,-0.15136527,-0.21460342,0.055135503,0.19170104,0.21468788,0.19157915,-0.109194,-0.16571951,-0.14056976,0.070895635,0.00566507,-0.08510877,0.025330545,-0.112249434,0.023295969,-0.081573516,-0.08612199,-0.0075669326,-0.1446055,-0.19918984,0.12615457,0.13162233,-0.08969439,-0.038785815,-0.16018794,0.012650893,-0.2025168,0.12756339,-0.073122025,-0.055407275,0.044649437,-0.16482694,-0.13290374,-0.08348935,-0.09495494,-0.09578716,-0.1982728,0.19485562,0.035278756,0.008078969,0.16130202,0.07121955,-0.14554513,0.1988396,-0.19488974,0.027756328,0.18617086,-0.044229764,0.038320314
football_per_10k:medium,-0.03992055,0.14765967,0.08437273,0.13232146,-0.092897855,-0.10282826,0.21085794,0.20199785,-0.19804367,-0.14537227,0.24432142,0.19605456,-0.05939158,-0.024141723,0.076665446,-0.05763473,-0.04746858,0.054702528,-0.13015595,0.19788983,0.11264641,0.09156691,0.0258714,0.099988036,0.0602545,0.06254339,0.06581489,0.18045597,-0.13189547,0.23998234,-0.06343045,0.030367954,0.17891094,0.14180638,0.004857426,-0.16810831,-0.1826647,0.0831644,-0.023058493,0.114382595,-0.060726803,0.056484915,-0.08567829,0.07319244,-0.0951876,-0.30782017,-0.06738844,0.032903206,-0.08321559,-0.0015499665,0.12925082,-0.05370754,-0.12676682,0.13868967,0.027320778,-0.050787676,0.015057683,-0.041458283,-0.10043803,0.17882168,-0.06285866,0.10053703,0.10612967,0.2458847
gps_per_1000:high,0.16121776,-0.12201564,0.091091014,-0.19533223,-0.103208296,0.19479075,-0.11838099,-0.12809324,-0.10371021,0.020784339,0.08791386,-0.03067674,-0.12830654,-0.012878274,0.17128804,-0.12370745,0.11580849,0.03927694,0.09801787,-0.11328875,-0.16529024,-0.060375474,0.069178216,0.103740394,0.21370848,-0.07453288,0.11419662,-0.04294404,0.049632233,0.21547668,-0.031454682,-0.025081774,0.081744134,0.028483378,-0.24046823,-0.22255419,-0.03642728,0.014444941,0.17598604,0.029158901,0.21781501,-0.09582303,-0.042865507,0.103563756,-0.043074917,-0.116652586,-0.09098144,0.14647637,0.071128264,-0.038927387,0.05071716,-0.24982269,-0.19554867,0.08037071,0.15385115,-0.0070453216,-0.04735615,-0.14692032,-0.17721066,0.1469707,-0.13849229,0.055545676,0.11397293,0.19322073
gps_per_1000:low,0.11793073,-0.10536548,-0.15102081,-0.008688794,-0.07617569,-0.008645368,-0.12593123,-0.06431047,-0.033398814,-0.041951727,0.07414638,-0.02299266,0.15254232,0.2230722,0.13193892,0.058561403,0.17930135,-0.20149383,0.23628923,0.22959235,-0.19695553,-0.093832344,-0.04513553,-0.084230766,0.183344,0.24119034,0.1336251,0.09051421,-0.014872714,0.12399801,0.005675131,0.13390389,0.07261335,0.13542734,0.19170965,-0.17665493,-0.08962321,0.21923175,0.21497625,0.03524519,-0.044783283,0.14923322,0.035982903,-0.01761579,-0.08746502,0.037724037,0.045804616,0.1681282,-0.0078715375,-0.16928968,0.05022943,-0.1523568,-0.005526716,0.13952218,0.052159835,0.050529703,-0.11198322,0.046693154,-0.03473936,0.026473219,-0.1339086,-0.23050275,0.0781355,-0.02409572
gps_per_1000:medium,-0.060460843,-0.31427577,0.0007623759,-0.16902483,0.088949285,-0.15513399,-0.12990095,-0.102937445,0.022163382,-0.052903604,-0.008298856,-0.24161595,-0.01842819,-0.058210574,0.20087378,-0.08144532,-0.16593246,-0.12647413,0.10807364,0.116382316,0.16244482,-0.1534737,0.024843939,-0.24834456,0.13808063,-0.09850665,0.12059408,0.112108596,0.20661049,-0.02871761,-0.036025167,-0.16442,0.15687993,-0.0054420917,0.04884507,-0.05947349,0.08094669,0.10593028,0.006384079,-0.14347354,-0.17020033,-0.18799719,0.12036342,-0.15159225,-0.030820489,0.05736411,-0.04435667,0.15818314,0.16643474,-0.15779564,-0.055616513,-0.06750452,0.062089484,0.18887898,0.14357671,-0.066190146,0.13080905,-0.07431584,0.08310205,-0.079842165,-0.058423165,-0.089107916,-0.075656034,0.09302663
kindergartens_per_10k:high,-0.07943563,-0.08910067,-0.13872018,0.16551514,0.1267658,-0.098192185,-0.07978776,0.035193272,0.061441526,0.29022264,0.038013276,0.13705318,-0.17634891,0.030046139,0.06875171,-0.115266785,0.019554261,-0.25154436,0.08213334,0.037708398,-0.024944026,-0.08571401,0.10772726,0.10116056,0.05065148,-0.072000094,-0.014120484,0.099084914,0.12847486,0.15803154,0.2032766,0.031537633,0.12106481,0.0781437,-0.3223219,0.019249903,-0.12623097,0.081331916,-0.19958341,0.06883019,0.01661077,-0.12094185,0.019737085,-0.04819912,-0.025436634,-0.11666042,-0.17568411,0.07270056,-0.0016378845,-0.18131016,-0.16524287,-0.18903783,-0.15484406,-0.17595914,0.02074278,0.13654028,-0.078528225,-0.1427008,0.2194283,0.08977658,0.14363648,-0.00058433483,0.09810133,-0.03553986
kindergartens_per_10k:low,-0.059203282,-0.046159536,-0.1149918,0.17131838,0.0872796,0.09418345,0.009226802,-0.06181925,-0.026795695,-0.13801643,0.08747669,-0.01892067,-0.039862387,-0.03676541,0.086814895,-0.08375121,0.15564495,0.01996717,0.13556153,0.13235103,-0.07698006,0.070959605,0.007271676,0.15467425,-0.114339426,0.14367293,0.16639827,-0.14125484,-0.027779816,0.26522654,0.12659542,0.14687273,0.060656115,0.3414361,0.0399594,-0.031633005,-0.05264483,0.006543458,0.076736726,0.09479552,0.12389833,0.04310421,-0.002847771,0.090436704,-0.030171698,-0.13224746,0.0019727526,0.06720957,0.19605905,0.18985587,-0.015225911,-0.14972816,0.037897468,-0.051874317,-0.016800309,0.0024744745,-0.079790995,-0.19980112,-0.050835587,0.24664935,-0.02962346,0.34809545,0.2388066,0.14630595
kindergartens_per_10k:medium,0.07362459,-0.1024437,-0.21279423,0.0685362,0.08447882,0.18537562,0.032788467,-0.16579263,0.02028322,-0.009599539,0.24955252,0.08412967,0.07283218,-0.111754775,0.06323767,-0.06546389,-0.14823924,0.09001462,0.1509824,0.06462909,-0.064313285,-0.22559147,-0.07746441,-0.15152332,0.06558884,0.010552202,0.04129616,0.04545844,-0.056423284,0.20043772,-0.07930328,-0.105388805,-0.056310896,0.03540966,0.008725674,0.18655133,-0.10557537,0.04610356,0.08938971,-0.14817314,0.1567925,0.19764344,-0.06377972,-0.22303818,0.048162308,0.16228975,-0.08407214,0.0539781,-0.113327764,0.0332637,-0.16645607,-0.20734891,-0.19945197,-0.1695679,-0.025524965,0.17249712,0.06017507,-0.2338343,0.015444789,0.08508844,0.19335769,-0.012517509,0.16994184,0.060953226
line:U1,0.04042289,-0.16349271,-0.032929704,0.05546365,0.1295568,-0.17237096,0.19955759,0.10488023,-0.039936267,0.019733118,-0.12020448,-0.13676304,-0.3020761,0.039459825,0.113918945,-0.05318169,0.014097449,-0.0686925,-0.0022953276,-0.08155313,0.05741523,-0.10674354,-0.07029607,0.042642035,-0.08450156,-0.0063118385,0.08734247,0.09383449,-0.099528894,0.036714707,0.14223048,0.18609774,0.27897024,-0.06572362,0.0571778,0.02874652,-0.018426457,-0.0029894828,-0.10388558,-0.08379361,-0.1945357,-0.31701988,0.055458646,-0.07614224,-0.1863826,0.017862596,0.05053021,0.082466476,0.108105674,0.06134092,0.21970773,-0.12799071,-0.05310522,0.06782954,0.13412128,-0.0050151655,0.0418709,0.25337437,-0.012598618,-0.30437317,0.11062676,0.036996197,0.107669376,0.13464214
line:U2,-0.11835738,0.011223458,-0.03527728,0.100366816,0.011616205,-0.12853354,0.097423084,0.1394079,-0.046105046,-0.085535176,0.046191223,-0.1587494,0.0016745946,-0.1435374,0.0876956,-0.078684576,-0.024549898,0.042044908,0.17547528,-0.2122994,0.12704442,-0.15858985,-0.048212536,0.02456593,0.10217407,0.05728129,0.09566333,0.22288495,0.08112094,-0.13651654,0.077560455,-0.06533641,0.42243937,-0.0704662,0.14992768,-0.13910529,-0.14551522,-0.02672481,-0.13760549,-0.01135883,0.15031312,-0.1109093,0.02700722,-0.037647687,-0.11762311,-0.010502679,0.029886829,0.16333663,0.014368032,0.027650772,0.26720607,-0.121024266,0.045325644,-0.09092131,0.21140027,-0.0037120779,0.20780551,0.23412535,0.13771896,-0.014475858,0.03084142,0.08078187,0.008093874,0.12521133
line:U3,-0.0889443,-0.24064589,-0.002029243,-0.24193943,-0.024518805,-0.17837188,-0.036074396,-0.089788884,-0.18422997,-0.10777821,0.077646345,-0.0006525519,-0.23275031,0.027365005,0.1317606,-0.1492869,-0.04003293,0.024178294,-0.14190657,-0.0999512,-0.06298799,-0.0064425194,0.028827282,0.20324378,0.0617655,-0.049472056,0.009471144,0.010484721,-0.1029324,0.09814615,-0.1607268,0.007020588,0.026545884,-0.139613,0.22881673,0.09812539,-0.12326759,-0.18864983,0.1969676,0.034678087,0.053753976,-0.057196137,0.1744187,-0.16971052,-0.2482638,0.09136176,0.23846129,0.01912051,0.06057275,0.11096922,0.23176645,-0.07322007,0.096937045,-0.05655058,0.1490498,0.17948295,-0.04780137,0.1461057,-0.0656556,-0.036803402,0.030986458,-0.030304873,-0.13357139,0.0025174925
line:U4,0.2497217,0.013447062,-0.08173134,-0.19993815,-0.054367352,-0.06888858,0.062777735,-0.036787998,-0.14191926,-0.020112436,0.022576267,-0.115002625,0.0074334093,0.041245863,0.1313636,-0.24910651,-0.2562799,-0.07068657,-0.060821787,-0.11924087,0.1287277,-0.014229783,-3.3367003e-05,0.06327788,-0.29431957,0.0037173373,0.050702997,-0.059745915,-0.286989,0.050097052,-0.07754675,0.02451231,-0.043178625,0.20800214,-0.06746695,-0.06831654,-0.044295188,0.1128047,0.078851864,0.0015623126,0.035656396,-0.1299594,0.008260467,0.10048466,-0.05859224,-0.08387395,0.021190502,-0.02307118,0.24565747,0.15525903,0.04670765,-0.15861927,0.09085561,0.06600041,0.19952492,0.075817905,0.26154366,0.036828805,0.15159222,-0.037369415,0.2565859,0.05911066,0.059848648,0.12953171
line:U6,0.07487677,0.07761433,-0.11129961,-0.0059664547,-0.10956752,-0.00764434,-0.07084087,0.0136187505,-0.18421102,0.029345902,0.1752046,0.10517411,-0.06459914,-0.07833431,0.13570148,-0.052428383,0.015451338,0.14399438,0.07444703,-0.20669535,-0.103873976,-0.19707862,0.24500091,0.13738956,-0.009034704,0.1803554,0.09915586,0.021723336,0.05991788,-0.09185305,-0.17692934,0.1227123,0.2216057,-0.026986225,-0.08340555,-0.11930103,-0.30651465,-0.16533081,0.059832428,0.15019342,0.036421966,0.054431476,-0.1909737,0.067202024,-0.073219605,0.22356229,0.115569614,-0.030803159,0.04277638,0.094085604,0.040034767,-0.13812354,0.13217615,-0.13988157,0.052018628,0.18986139,-0.07377427,-0.041541405,0.18059915,-0.08999043,0.12838618,-0.18486872,-0.085510984,0.07211035
minutes_to_centre:high,0.054517355,-0.013997913,0.044151463,0.061655495,0.08989722,0.15406017,0.024398008,-0.083434366,0.18255356,-0.12386061,-0.1095677,0.0021591221,0.13779972,-0.021877855,0.09057413,-0.1740458,0.039311294,0.29329222,0.04424463,0.18655322,-0.1827479,-0.031022575,-0.19688383,0.055468958,0.036426213,0.08827616,0.08890567,-0.011159508,0.044819433,-0.050771587,-0.11964558,-0.046599787,-0.10306407,0.15372595,-0.09117638,0.050335433,-0.06937837,-0.20604385,0.11412701,0.110163055,0.03205998,-0.08521368,-0.18608798,0.09051386,-0.017459799,-0.07009774,0.13535015,-0.019281695,0.09283423,-0.104828395,-0.0735565,-0.20967987,0.1313673,0.0596755,-0.13096748,0.027985668,0.4087314,0.104836024,-0.20100945,-0.18818194,-0.01885821,-0.17446378,-0.08880887,0.03854347
minutes_to_centre:low,0.06510199,-0.054219794,0.04348609,0.0829048,0.11482638,-0.05383913,0.08847781,0.14588207,0.11226733,0.3147131,-0.045818713,0.18804434,-0.18852991,-0.060679164,0.110842094,-0.27037334,-0.20701008,0.028727856,-0.19245392,-0.06676661,-0.03604956,0.07156997,-0.2179467,-0.05595952,0.20280845,-0.0098022055,0.10519287,0.21807143,0.08906096,-0.09633741,0.14975046,-0.12052489,0.22354043,-0.100313805,-0.17854778,0.051129542,-0.08253049,-0.14078712,0.04517648,-0.04754402,0.04777453,-0.11016376,0.06521332,-0.014283769,-0.13062058,-0.07445674,0.004805984,0.09500102,-0.07785224,0.030698312,0.052848734,0.010565903,-0.06883465,-0.29001516,0.1876916,-0.015252598,0.11465977,-0.00022594466,0.08080913,0.003873896,0.07772891,-0.1533164,0.038458586,0.0893161
minutes_to_centre:medium,0.08989453,0.08821417,-0.11037931,0.10694728,0.08806146,0.11125787,-0.12898177,0.24190639,0.014989861,-0.05905119,-0.23369932,0.08153762,-0.14908162,0.24186717,0.12596595,-0.03461833,-0.11105606,-0.018531252,0.0615091,0.04201148,0.14833975,-0.03026824,-0.20336126,0.02239712,0.074149266,0.1983519,0.04721339,-0.1825074,0.12045457,-0.042343326,0.03603198,0.22048435,-0.060084015,-0.17119037,0.06633109,0.1266638,0.008632365,0.15185264,-0.1377213,0.026089117,-0.050286204,-0.18365939,-0.072812654,-0.18512289,-0.20981912,-0.10484109,-0.10854549,0.0667517,-0.1273359,0.24513814,0.21015452,0.0939881,0.096665315,-0.02421317,-0.10439181,-0.034867566,-0.077892,0.025801405,-0.034495514,-0.051675703,0.06623698,-0.085541464,0.13505462,0.19429441
museums:high,0.0026104548,-0.08632238,-0.072889276,0.079234324,0.17929497,0.02982745,-0.13820274,0.17520054,0.076012574,0.0050023603,-0.13637733,0.022056486,-0.2011362,0.065871984,0.08869555,-0.21627074,-0.12751816,0.15765297,-0.21896975,-0.101082936,-0.07690031,-0.03545116,0.036947608,0.16990742,-0.1062229,-0.18553528,0.005949579,0.112445824,-0.21931486,-0.05458446,0.1219452,-0.18065442,0.024094658,-0.2916134,-0.1593336,0.059095033,-0.027991055,-0.07037199,0.04409853,-0.021642283,0.011138164,0.1116631,-0.039554745,-0.13255654,-0.25300547,-0.055477954,-0.12174508,0.17525165,0.05340398,-0.04737561,-0.22665548,-0.12349527,0.010878358,0.07599747,0.22643915,0.110611655,0.056566186,0.07608222,0.08854088,0.07068096,-0.074333705,0.031698257,-0.1185843,0.17204638
museums:low,-0.17773594,0.029872851,-0.24620487,0.07969283,-0.0068473346,0.041652523,0.029080668,0.029442804,0.26434952,-0.11073626,-0.17002371,0.14794256,0.20096044,-0.08934339,0.1148069,-0.08700244,0.16379713,0.11983323,0.13366035,-0.1681211,-0.1790799,-0.065713435,-0.008359235,0.09647727,-0.013563155,0.18067417,-0.010595072,0.15798588,-0.03919851,0.020304764,0.008878715,0.14557388,-0.19970022,-0.12152995,-0.06672403,0.065763645,0.1014048,-0.0243898,0.039579544,0.12576361,-0.108172156,0.09049616,0.21656337,0.09448819,-0.12991324,0.1443249,0.016498843,0.1796328,0.16276397,-0.03142027,-0.10420014,-0.037289925,0.18622385,0.016234912,-0.008535192,0.33943895,0.016709624,-0.0037486965,0.08493645,0.018026207,-0.024348501,-0.1592246,0.020693786,0.13775077
museums:medium,-0.03417107,0.019225005,-0.05614767,0.12709248,-0.09779328,0.06324255,-0.028372766,0.038113754,-0.11226949,0.03361895,0.0206494,-0.16963,0.2255088,-0.052013427,0.14438602,-0.07824461,0.13120449,0.09751176,0.13873158,0.18949583,-0.086167574,-0.011091436,-0.0982896,0.057608053,-0.19726846,-0.06465877,0.070009016,0.014775813,-0.031539585,0.10219253,0.012048723,0.057826046,0.089346714,0.0910043,-0.13548453,0.13962975,0.07112222,0.15720664,-0.21404377,-0.13524128,-0.358321,0.10463831,-0.11949449,-0.08808148,-0.14155242,-0.07486307,-0.19530332,0.15885293,-0.02327733,0.18698649,0.15012962,-0.065883346,0.08080027,0.00608528,0.10992599,0.031437285,0.14417453,0.16725837,-0.2289943,0.17038073,-0.12909305,0.14769481,0.03594567,0.1546181
net_income:high,-0.13012378,-0.079762325,0.041858852,-0.061460797,0.0070604933,0.18552876,-0.064912386,-0.26578125,-0.03654481,-0.2132385,0.07950711,0.23488307,-0.10989837,0.10935693,0.01616585,-0.10980263,-0.109738655,-0.025763994,0.017047167,0.047704507,0.12062846,0.0043311026,-0.13615607,-0.03484043,-0.12956038,0.015001709,-0.060900316,-0.16544509,0.09340038,-0.04172849,0.3181451,-0.121985376,0.048557535,-0.18502422,-0.2660609,-0.20658833,0.13044578,0.06773094,-0.020116443,0.01391455,-0.023315499,-0.098372035,0.007655335,0.25492394,-0.07301375,-0.03367916,-0.1903001,0.16030031,-0.0448005,-0.09539872,0.19993529,0.022933796,-0.06910115,-0.09689814,-0.035717618,-0.030639902,0.13751897,0.13989793,0.066335484,0.15050209,0.1485094,0.08346294,0.120115325,-0.008939578
net_income:low,-0.07082168,-0.31778535,0.015476677,-0.08043801,-0.066086374,0.040089905,-0.07496722,-0.1576443,-0.13068095,-0.19420715,0.10319794,0.008348885,0.004716896,-0.035088573,0.13613124,-0.1497281,-0.32731926,-0.022567239,0.036047604,0.14998588,0.1291965,-0.053259898,-0.15645894,0.032661617,-0.06047758,0.040712222,0.122037604,0.12391858,-0.04090824,-0.34157228,0.09470957,0.027326694,0.019748878,0.0911817,0.06590606,0.13025732,-0.101799466,0.015583106,0.03711831,-0.04216811,-0.20994188,0.19359511,-0.21005929,-0.0508426,-0.10165351,0.030671662,-0.060864408,0.18980826,-0.057572287,0.26792347,-0.03217448,-0.025028842,-0.091979526,0.014089123,-0.106743656,0.14126365,0.111395076,-0.14467417,0.022848355,-0.04573947,-0.053860433,-0.0631834,-0.00548119,-0.14244127
net_income:medium,-0.056916717,-0.098311014,-0.3236332,0.12220039,-0.12014881,0.044675197,-0.05365259,-0.1379142,0.09431791,-0.14249317,-0.120475754,0.042503078,-0.2963073,-0.2710937,0.09824172,-0.025004068,0.05079954,-0.040562443,0.029079616,0.2568682,-0.063226536,0.08935653,-0.079596415,0.1483555,-0.2831612,0.18509446,0.114064954,0.030144364,0.084252365,0.02410804,0.011796967,-0.1429556,0.034958817,-0.12565519,-0.05637187,-0.22863963,-0.037530247,0.06998541,0.060739573,-0.042988814,-0.10812373,0.11779299,0.05397361,0.15734404,0.0038976322,0.032219466,0.07693511,0.11059754,-0.024357107,-0.07186683,-0.16220765,-0.09638889,-0.0915448,-0.08307112,-0.04561727,-0.053502,0.25796455,0.06247773,0.024630042,-0.037509594,0.04532591,0.19117098,-0.05705655,-0.106573574
nightlife_per_km2:high,0.060835846,-0.19835003,-0.0930072,-0.04044246,-0.0730363,-0.11111177,0.20386149,0.06831555,-0.12614042,0.11169757,0.048458476,0.024419708,-0.0031060444,0.20360236,0.10647952,-0.26077548,0.024412109,-0.14338197,0.072269924,0.0048542586,-0.21396682,0.054737587,-0.15118554,0.10428004,-0.12336501,-0.1901825,-0.00026700622,0.16498117,-0.1320947,0.024122817,0.11025539,0.010205204,0.16993389,-0.01694474,-0.11763061,0.3220076,-0.047397982,-0.024602467,-0.13244276,-0.015464433,0.062104136,0.15110227,-0.12353633,-0.034089368,0.09063351,-0.0663274,0.07862629,0.14714672,-0.12395067,-0.120390594,-0.15785229,-0.018613363,-0.051712804,-0.11967053,0.03034764,-0.033363458,-0.19703838,0.020037832,-0.075933725,-0.12968011,0.20061775,-0.03563298,0.0017465008,0.2906116
nightlife_per_km2:low,0.10449759,-0.1209872,-0.054480907,0.09331219,0.06737652,-0.14781895,0.02801545,-0.11392758,-0.006296479,-0.33707187,0.058753815,-0.0622297,0.109661914,-0.026944848,0.086368,-0.07751819,0.23581652,0.13503508,0.086625025,0.23737377,0.02420551,0.1252263,-0.06262105,-0.00527242,-0.23042598,0.081882805,0.19213279,0.0035559523,0.020692663,0.17774321,0.034102667,0.19858088,-0.011094771,0.12210488,0.077011876,0.1561731,0.13570027,-0.14420062,0.17096362,0.12149696,-0.15987355,0.00022821162,0.18874712,0.059147388,-0.16731551,-0.09779718,0.027384186,0.17377761,-0.20008978,0.13407922,-0.09873343,0.032257646,0.13654065,-0.08816735,0.050366946,-0.030009568,-0.00069531315,0.058311675,0.059535112,-0.056448076,0.03927664,0.21028076,0.17031091,-0.05344156
nightlife_per_km2:medium,-0.14563355,-0.11243352,-0.14897464,0.16929817,-0.16343562,0.14841291,0.03837173,-0.06451292,0.02900298,-0.015004542,0.008458244,0.2218967,0.013867868,0.09747492,0.07729216,-0.28495154,0.020291075,-0.0122094015,0.049045723,-0.02373749,0.038170274,-0.14682202,-0.09825657,0.09725775,-0.086047255,-0.15137333,0.13900152,0.12478186,0.022694519,-0.087409325,0.024298193,0.007966002,-0.058219653,-0.15873036,-0.014005408,0.03601586,0.025437696,0.059497915,0.21503417,0.10767223,0.060266946,-0.08495341,0.32894135,0.12777032,0.10277101,0.2153516,0.21040489,0.17422064,-0.17686886,0.06640275,-0.1067252,0.01720599,-0.027992602,-0.20590046,0.026779292,0.08641443,0.037844133,0.052552085,-0.33799592,-0.037895698,0.080903836,0.08127648,0.05347785,0.018570106
overnight_stays_per_1000:high,-0.19556406,0.09520805,0.017555594,-0.049221545,-0.0029669697,-0.102195114,0.077989444,0.10626268,-0.12225771,0.15709582,0.05490588,0.12126652,-0.12655579,0.029670497,-0.27508944,-0.22972463,-0.085876435,-0.15908383,-0.0116969105,0.11022441,-0.052229412,-0.015578122,-0.065231636,0.0326502,-0.08668592,0.117821954,0.1633149,0.14521556,0.037764423,0.050838966,0.018135736,-0.17444073,0.22646451,0.13476965,0.084752336,-0.036550302,-0.1980945,0.051455274,-0.08571303,-0.13279249,-0.020226836,0.044267133,-0.1370507,0.08590468,-0.015001425,-0.16361791,-0.16635229,0.10690543,0.019312736,-0.0026912699,-0.10964037,-0.08022193,-0.15434802,0.091759846,0.18137877,0.120951235,-0.2843178,0.062056247,-0.10370294,0.27917638,0.15253656,0.08590841,-0.08060567,0.116860546
overnight_stays_per_1000:low,-0.112449646,-0.10159334,-0.10408578,-0.09208117,0.09873387,-0.0037573471,-0.23473056,0.22589764,-0.13161641,-0.0780325,-0.13054645,0.08031799,-0.0070746494,-0.10949871,-0.09382377,-0.110957325,0.28509027,-0.010140779,0.05670357,0.13763009,-0.13111214,-0.13695942,-0.12633245,-0.041309305,-0.051204942,0.056916155,0.22326052,-0.17697412,0.08732233,0.13568547,-0.089956366,0.004317368,0.08038961,-0.06691904,0.0545657,0.051612105,0.01572734,-0.032227848,-0.11981179,0.077587634,0.22814026,-0.2411289,0.20046785,0.1314292,0.0010116693,-0.08392005,0.15033242,0.15780036,0.08970959,0.09098428,-0.07997359,-0.17636554,0.13394041,0.024588255,0.19067696,-0.07435187,-0.080993965,0.0153724775,-0.10733093,0.1341317,0.042774204,0.010162037,-0.045502517,-0.26160923
overnight_stays_per_1000:medium,-0.047440253,0.100849696,0.03891652,-0.04049101,0.05078556,0.1050982,-0.010604637,-0.068984896,-0.107224084,-0.045706328,-0.05737759,0.09642784,0.27130535,0.016442945,0.03440395,-0.18912296,0.005069734,-0.08451461,0.1908285,0.10699344,0.19365747,0.007253543,-0.103298336,-0.04926947,-0.25961724,-0.21532175,0.1496042,0.063250296,-0.26791728,-0.025467264,-0.08006445,-0.022570051,0.09092073,0.2761926,0.14749433,-0.089442745,-0.08373377,-0.037908953,-0.06519038,0.06787279,-0.038099125,-0.2181626,0.039897736,0.10049508,0.038725197,-0.024275374,0.009271877,0.13075711,0.089555636,0.0116334865,-0.12994185,-0.056256577,0.03900426,0.19909208,0.18413448,0.07131603,-0.051895075,0.03371243,-0.097182654,0.23728858,0.19882542,-0.14014481,0.2165112,-0.09022593
park_share:high,0.0904464,-0.07403459,0.012200512,0.06410514,0.15019509,0.14954135,0.058993667,-0.01188755,-0.10923377,0.1476982,0.14242178,0.12933743,-0.03651547,-0.009840107,-0.003923834,-0.232237,0.025584368,0.11519744,-0.11117604,0.05016082,0.08907845,-0.19670577,0.2296924,-0.13593,0.076331854,-0.2515878,0.037691608,0.12945859,-0.06332247,-0.050667197,-0.10368537,-0.009024846,0.09419545,-0.08988928,-0.0011907852,0.070570126,-0.09174355,0.013582162,-0.15647317,0.12201446,0.016852975,0.07028743,0.15156054,0.16416346,0.3569377,0.12244897,-0.04978092,0.11251387,0.20512679,-0.1493353,0.08469349,-0.23143578,-0.20415495,-0.09247828,-0.11517951,-0.015693603,0.06724021,-0.123249,-0.20529251,0.05223632,0.11127047,-0.0026813517,0.04930584,0.07191591
park_share:low,-0.060887493,-0.081487216,0.16383065,-0.025016284,0.19757114,0.051216472,-0.14013982,0.11968422,0.11015141,-0.18623587,0.025589358,-0.0010504007,0.09376458,-0.15029964,0.094550125,0.0036602216,0.3190171,-0.08417384,0.082887955,0.16433634,0.18372132,-0.023225393,-0.034661047,-0.03178929,0.1820662,-0.089344285,0.19007367,-0.019793117,0.019737223,0.23586087,-0.075088315,0.15524852,0.15336479,-0.15836568,-0.0325287,0.11629536,0.0397527,-0.06937723,-0.04819185,0.2112408,0.0025215656,0.119407564,-0.045775183,0.29524824,-0.068922825,-0.09785723,-0.06007566,0.088537835,-0.06068175,0.20733237,0.08479115,0.030865712,0.1956833,-0.18244603,0.10702684,-0.06686501,0.16590561,0.011257092,-0.12575567,0.05578892,-0.032160003,-0.03979798,0.08941,0.1038001
park_share:medium,0.009757639,0.101646386,0.1845945,0.071469165,0.11431448,-0.13379556,-0.11998401,-0.03645016,-0.007688624,-0.00493846,-0.061963808,0.20130321,-0.19026591,0.09030069,0.0044610747,-0.082096584,-0.08393819,0.0032629152,-0.114908874,0.21636482,-0.22059266,0.051961765,0.15672031,0.017646601,-0.06928662,0.024544062,0.055184815,0.14766134,-0.2076204,0.08695166,-0.12159442,-0.0053135934,0.021669528,0.12445854,-0.016617205,-0.10229606,0.018850295,0.17790438,0.011611986,0.14900512,-0.28548357,0.135686,-0.19285691,0.16837855,0.19299684,-0.074287295,-0.1095088,0.07035101,0.01037122,-0.016044982,0.1502215,0.048222985,0.2577934,-0.21270336,-0.081969045,0.28093955,-0.04602116,0.0656476,-0.049422212,0.05110023,0.06191836,0.03392446,0.09862247,0.118708596
pct_tertiary_education:high,0.1720244,-0.14994657,0.0946361,-0.23799725,0.15718876,-0.116699025,0.09816165,0.0077691507,0.08191701,0.11178918,0.14669871,0.041977424,0.054901063,-0.060805753,-0.016375085,-0.19501582,0.005757109,-0.033225175,0.21558614,-0.05205866,-0.011341223,-0.025493387,-0.13347642,0.05657126,-0.025940968,-0.09719667,0.117549665,0.063663736,0.2669164,-0.018670045,0.000961928,-0.016632078,0.057409864,-0.046810623,-0.23621449,-0.11127605,-0.13450012,-0.097882494,-0.0457531,0.053995565,0.077374734,0.044960335,-0.08512304,-0.12426876,0.022635933,-0.078569636,-0.11407476,-0.043719266,-0.0055413544,0.049775288,0.07768276,-0.23941901,-0.18485796,0.071303114,0.18825741,0.05868394,-0.14728661,-0.15928386,0.11481903,-0.06900639,0.38438442,0.07574109,-0.06558991,0.22217278
pct_tertiary_education:low,0.013249591,-0.074370064,0.029374769,-0.0016921991,0.109499104,-0.31470203,0.20715007,0.115242235,-0.07010683,-0.08547803,0.16530845,0.19961423,0.10190195,-0.083209075,0.115346536,-0.013108094,0.0072453837,0.032223318,0.057299666,0.31628376,0.050703775,0.022916574,0.009654273,0.024734233,-0.032418963,-0.0041682604,0.11532919,0.2024448,0.1490893,-0.20968956,-0.0010115099,-0.09013243,-0.11672585,0.13598901,0.1113625,-0.13747506,0.00663788,-0.01683101,0.24312255,0.12125724,0.16745071,0.21745646,-0.0015910055,-0.05722342,-0.11463791,-0.04998154,0.11813172,0.11625444,0.13024588,-0.082946986,0.043056108,-0.0033919772,0.07705069,0.27527133,0.08947854,0.046635922,0.00031333716,-0.14424829,-0.05767961,-0.15587415,0.07539211,-0.105552286,-0.059360977,-0.1802475
pct_tertiary_education:medium,-0.11865072,-0.1738123,-0.11244589,0.024328282,-0.0528337,0.07488496,0.018494477,-0.015074736,0.11195012,-0.17146696,0.11355804,0.16587691,-0.05888398,0.16137303,0.14958167,-0.11349257,-0.013587643,0.1406554,0.12637886,-0.016587904,0.3840152,-0.09911962,0.066126056,-0.29445904,-0.14091349,-0.10182625,0.19595118,0.06728642,0.098342426,0.019738313,-0.08701368,-0.27626792,0.06269049,0.006988638,0.037050236,-0.14426364,-0.07075533,-0.10964151,-0.054978874,0.0594866,0.19239621,0.08191329,0.07413592,0.04733639,-0.2516591,0.050561782,-0.19310026,0.014727306,0.10764164,-0.09230116,-0.04153029,0.034538303,-0.12267281,0.045823894,0.13904291,-0.09609539,0.03898869,-0.056463525,0.05573823,-0.117558815,0.13346024,0.050811157,-0.13770796,0.019137269
pharmacies_per_1000:high,-0.15374999,-0.021238673,0.055559218,0.102620944,-0.056808595,0.15029414,0.025257165,0.03742294,0.1817005,0.06732671,-0.298816,0.22144426,-0.15060629,-0.053965688,-0.019662444,-0.0005972345,0.16614959,-0.22892016,-0.038971268,-0.053630374,-0.22081183,-0.04590965,-0.0494119,-0.023067439,-0.13870221,-0.024506804,0.17089975,0.008015058,-0.0069063506,-0.0872844,0.022199122,-0.017672373,0.028247574,-0.011169855,-0.2835286,0.041053474,-0.07518182,-0.13654126,-0.11849314,0.06847675,0.07304465,0.19266096,-0.06412969,-0.0686952,-0.14007266,-0.07688439,-0.05368992,0.1087685,-0.13689347,0.07921353,0.099327534,-0.23458754,-0.012621777,0.049380608,0.08449833,-0.0569503,-0.122852355,-0.26915684,0.039047312,0.30466864,0.032350164,-0.07551417,0.09368988,0.13746575
pharmacies_per_1000:low,0.035667017,-0.14490654,-0.10233255,0.14217328,-0.17057608,-0.038821083,-0.08495841,0.10058754,0.13928229,-0.18958053,-0.08377281,0.09867971,0.024529729,0.08428621,0.054126874,0.15552919,0.14042918,-0.008315061,0.10677136,0.09223622,-0.09647621,0.1431404,-0.1821682,-0.01937002,-0.034193754,0.22980866,0.14886023,-0.20097072,-0.14834325,-0.012228878,-0.19896877,0.120128654,-0.07379686,-0.052956894,0.16666214,0.019954285,-0.22874752,0.003489729,0.13998201,0.1489175,-0.19210054,0.10866085,0.123034805,0.025837809,-0.1591457,-0.22298184,0.009737703,0.023179753,0.117108315,-0.15359248,0.008185901,-0.08205963,0.104596,0.14914669,0.1301686,-0.0064903935,-0.21556057,-0.15222332,-0.0010037851,0.0628978,-0.10723874,-0.010783119,0.21431741,-0.016616499
pharmacies_per_1000:medium,-0.12043298,-0.055811785,0.09312921,0.027236538,-0.07678668,-0.26292259,0.05435268,-0.12917882,0.016751818,0.07852789,0.12833062,-0.1010243,0.16350055,0.028920915,0.06747064,-0.04216356,0.115826696,0.09542439,-0.09970186,-0.046050828,0.1323293,-0.20853621,-0.0034011563,-0.035847533,-0.18768783,-0.09207931,0.21239974,0.03277569,0.21507803,-0.04497635,-0.13634956,-0.2645631,-0.060182013,0.051072404,-0.1358186,0.2059164,-0.22297204,-0.09522521,0.06408493,0.03940534,-0.054629717,0.15667924,0.17029047,0.1761887,0.111235775,-0.052272696,-0.058695484,0.08134889,0.034430336,-0.0042419364,0.123545095,-0.11033481,0.07451709,-0.028563032,-0.14249149,0.14179341,0.029085716,-0.145095,0.038834773,0.23658448,-0.008818738,-0.24850157,0.1129236,-0.11830919
playgrounds_per_10k:high,-0.0043665003,0.0009929766,-0.16469057,0.055033553,0.008388511,0.1534442,0.1873062,0.03701255,-0.11088401,-0.029147498,-0.0050039673,-0.059916798,-0.052688148,-0.08560838,0.03556056,-0.2083341,0.0017598427,0.038585097,0.07976114,0.16218816,0.2026816,-0.07787682,0.03306183,-0.04509788,-0.08020908,-0.09276986,0.10494171,0.12970702,0.27179495,-0.056559578,-0.050398298,0.010973896,0.1778801,-0.029991178,-0.2895434,0.041700408,-0.010996975,0.25140235,-0.07030347,-0.18554553,-0.15188237,-0.19804718,0.16913593,0.17155664,-0.06436422,-0.151828,0.1460802,0.059878312,-0.08947721,0.20668778,0.11241857,-0.030678168,-0.09509802,0.122195065,-0.18594529,-0.093635306,-0.055997614,-0.008018336,-0.012894576,0.029047295,0.03203216,0.048094712,0.21742442,0.22690137
playgrounds_per_10k:low,0.09948056,0.10992593,-0.10928355,-0.116861634,-0.16231269,-0.11219449,-0.18184435,0.05124588,0.017920267,0.044017617,0.10988369,-0.18005838,-0.18463115,-0.09936199,0.11878251,-0.05785284,-0.10350721,-0.25355712,-0.016918762,0.2656501,0.047779426,0.05405072,-0.069036424,0.023639139,-0.039176483,-0.07733166,0.19373544,0.121349424,0.11207272,-0.15394533,-0.12364491,-0.17351319,-0.068623036,0.074186645,0.0924149,0.19241366,-0.19940889,0.042089608,-0.006820757,0.2167816,0.1914037,0.054902494,-0.005275181,0.09109616,0.036478408,-0.0070419773,0.06543705,-0.08302239,-0.14256157,0.14906909,-0.032683175,0.033083383,0.1717474,0.14678325,0.034119163,0.025585517,-0.040255096,-0.19175716,0.23771082,0.061293226,0.13364038,0.21644813,0.0741672,0.022035599
playgrounds_per_10k:medium,0.27969614,-0.14325581,-0.01920304,-0.1424351,-0.1050041,-0.046213593,-0.071746275,0.061101247,-0.09375232,-0.12737161,0.21113773,0.17040811,-0.043095745,-0.27653167,-0.02205034,-0.23614039,0.12004718,-0.15705535,-0.0063288864,0.09504904,-0.20030911,-0.14219251,-0.00054813066,-0.34866878,-0.000923056,-0.16974966,0.16042595,0.10755678,-0.07312527,-0.1348494,-0.11171606,0.0110525945,0.03503,-0.013101082,-0.06461557,-0.119617656,-0.019735824,-0.018111004,0.04192954,0.09224126,-0.009756931,-0.09788613,-0.19141607,-0.15565185,-0.18107286,0.15657438,0.1579697,0.0647922,-0.11922736,-0.040427007,-0.06195898,-0.12547588,0.012218152,0.108476035,-0.025020909,0.059097998,0.12705676,0.07221415,0.020432709,-0.032194212,0.020505024,0.053951643,-0.14676447,0.07749409
population_density:high,0.021477576,-0.2251466,0.0050890814,0.05063305,0.03199984,0.06023636,0.2191271,0.044594966,-0.00085868326,0.13754894,-0.05036675,-0.035309266,0.09402252,0.019736247,0.18003303,-0.094813585,-0.25665745,0.1108099,0.18751554,0.013462479,0.005759181,0.06824195,-0.020880124,-0.11136835,0.021244053,0.006276555,0.029595403,0.087873995,-0.14337908,0.017190738,0.0603598,-0.036578145,0.18734054,-0.13390416,-0.120967805,-0.13249467,0.022686904,0.046889294,-0.063104995,0.100607656,-0.14805025,-0.06237644,-0.17184678,-0.066605955,-0.034452245,0.12309537,0.09533722,-0.07999518,-0.079069234,-0.16520841,-0.05651331,-0.0021003052,0.06412876,-0.11224136,0.14874084,0.21867795,-0.21267249,-0.2882863,0.08744931,-0.2857707,-0.113108516,-0.15101033,-0.0659827,0.2787114
population_density:low,0.10135014,-0.17576936,-0.13792112,-0.0073298845,-0.073733374,0.074438855,0.0009935847,0.05344841,-0.03356278,-0.17847276,0.12119407,-0.0079950765,-0.0659506,-0.14967245,0.24965397,0.09235333,0.21387497,0.10008451,-0.014410259,0.3451776,-0.06275985,0.11235657,-0.107436836,-0.022336015,0.025148159,-0.08791353,0.2788094,-0.14905834,0.056861546,0.25971952,0.058129016,-0.14260292,0.082860686,-0.14719494,0.09205805,-0.02716256,0.037858084,0.019036908,0.03659162,0.09346585,-0.053293202,-0.10653122,0.1561892,0.13466997,-0.11224732,-0.12814426,0.06277172,0.05247983,0.18875976,-0.072010875,0.09378222,0.16212776,0.20102412,0.07978137,0.13854414,-0.01799896,0.11440601,0.1494111,-0.025028246,-0.1334869,-0.11199287,0.03166786,0.1052786,-0.10686919
population_density:medium,-0.06477684,-0.2600414,-0.18532297,0.032878365,-0.017821018,-0.0005811473,-0.020751081,0.10730746,0.21933433,0.0046158386,0.056873556,-0.068686284,-0.2367333,-0.012482354,-0.017925577,-0.1249445,-0.06297614,0.28017703,-0.06624796,0.09872124,0.27103555,-0.13200037,0.008207316,-0.14150642,0.36237353,-0.078455575,0.019893484,0.16725358,-0.06753188,0.08230966,0.07180406,-0.005444624,-0.013560975,-0.088873796,0.0638591,0.13680798,-0.089368284,0.055552788,0.014280849,0.17925872,0.065148756,-0.04256395,0.1474788,0.11806589,0.03505876,0.27351674,0.1716444,-0.07255924,-0.13281791,-0.12736475,-0.10136114,-0.044553697,-0.0018124753,-0.057294745,0.20149943,-0.007607343,0.039116435,0.11500014,-0.06820086,-0.06799288,-0.13070448,0.061738275,-0.012412063,-0.01997414
pref:car_free,0.1045047,0.019569144,0.119633205,0.1029322,0.045670215,-0.21735542,0.085017964,-0.09223239,0.029839663,0.13497026,-0.0031168207,-0.21911386,0.02817653,0.112146065,0.008121781,-0.052693516,-0.29874375,-0.09175508,-0.016504237,0.19045775,0.09721605,-0.032345124,-0.13139163,0.26805717,-0.1040567,-0.22661808,-0.11666388,-0.07522377,0.003512203,-0.014174648,-0.07658298,-0.12951176,0.23772521,-0.1064109,0.13794744,0.055073757,-0.08672086,0.11531249,0.091472656,-0.05769887,0.011805197,0.09132242,0.048314277,-0.01166791,0.049905766,-0.024572462,-0.032345254,0.08616809,-0.2637563,-0.23483816,0.10103073,-0.07016282,-0.037153,-0.094856285,0.019188525,0.19785365,-0.06866302,-0.03912303,-0.03241342,0.2496895,0.118440926,-0.17277797,-0.10868342,0.13134022
pref:culture,0.015411871,0.05203716,0.0030329009,0.13417993,-0.13180959,-0.23828524,0.15975362,0.101826034,0.083940074,0.02256906,0.06322219,-0.02634957,-0.27246654,-0.029005237,-0.004846474,-0.13557336,-0.20529248,0.004553496,-0.043931104,0.21055435,0.12079204,-0.0911034,-0.22711866,0.009944907,0.14777704,-0.053174052,-0.0131416125,-0.04439254,0.08737786,-0.17110276,-0.17418073,-0.061572343,-0.010495187,-0.14366244,0.19135477,0.026944473,-0.05938914,-0.0060884673,0.010019044,-0.17524135,0.07871263,0.13679446,0.054252572,-0.22136143,0.0051191766,0.041826203,-0.087782346,0.24266857,-0.10192263,-0.26910755,-0.1754111,-0.02200012,0.056667168,-0.09456522,0.21137543,0.03605509,-0.11499978,0.006241219,0.0059948224,-0.00038673644,0.24297027,-0.0020307228,-0.088658825,0.11107066
pref:family,0.078824125,0.057430483,-0.14523561,0.23915875,-0.041129112,0.09308305,0.14294815,0.09806586,0.02966801,0.13744801,0.05446372,-0.019353565,-0.004533674,0.23976931,-0.082772486,-0.16647516,-0.14180748,0.0027498303,-0.0018135718,0.17733715,0.19544384,-0.26190954,-0.13325311,0.10953775,-0.012745627,-0.0033365411,0.06781636,-0.24792545,0.028122276,-0.15966277,-0.116587505,0.12841275,0.13662186,0.0379933,0.087169446,0.07012541,0.1334472,0.023251355,0.121951185,0.07112665,-0.05615607,0.14884686,0.16791213,-0.17494218,-0.14653988,0.039646517,0.20393188,0.20203677,0.0013602811,-0.14101353,0.057770126,-0.059190944,0.0620124,0.027908605,0.14462177,0.01143679,-0.09185915,-0.013286786,-0.14638597,0.043991867,0.1741925,-0.14250328,0.19828258,-0.10521397
pref:food,0.16294321,-0.05064671,0.021902341,0.12517,-0.05459841,-0.20495634,0.09298703,0.053844843,-0.023170376,0.2115043,0.055706847,-0.039681472,0.022890942,0.29621857,-0.21192445,-0.23082368,-0.33787405,-0.09516512,-0.0001081914,0.06764324,0.03353649,-0.0694777,-0.120745204,0.033147752,0.0006522133,0.13176942,0.02484923,-0.078484945,-0.10908379,-0.07196287,-0.002457029,-0.082981676,0.10358028,-0.021097459,0.0199218,-0.042053558,0.0004728478,-0.100313194,0.0076252054,-0.068390206,0.06475345,0.20045361,0.058338217,-0.1130523,0.02517419,0.052852076,0.064326994,0.102853574,-0.119082406,-0.24371535,-0.12491801,-0.013080248,0.010193341,-0.112789184,0.041591685,0.19798566,-0.13791922,-0.039828457,0.016263636,0.2785218,0.20589066,-0.17974873,0.06927008,0.19070512
pref:going_out,0.037363328,0.04134713,-0.13643175,0.14498462,-0.09835472,-0.070611335,0.045608945,0.08599186,-0.022029946,0.17368174,-0.025417265,-0.18864058,-0.0063624578,0.3159053,0.06515967,-0.17291002,-0.25408474,-0.1076928,0.013004541,0.11647683,0.07345178,-0.2494076,-0.050073624,0.017594043,-0.1191123,-0.24996248,-0.08315436,-0.20395903,-0.06493746,-0.08017131,-0.10559378,-0.07348899,0.05941453,-0.18521458,0.07053856,0.05632987,-0.064548254,-0.08881673,0.040857375,-0.027975352,-0.060832076,0.06399978,0.023504132,-0.16198944,-0.08262857,0.043511283,0.19367678,0.13772683,-0.002190161,-0.28939083,-0.09233338,-0.0015725561,-0.017374529,-0.08417481,0.073130645,0.033918057,-0.16620342,0.050797917,-0.011505386,0.09747656,0.24568407,-0.22005063,-0.035225976,0.05717869
pref:green_quiet,0.0075181043,-0.02038973,0.09244718,0.15915224,-0.24412195,0.022435516,-0.034011595,0.20726848,0.043644443,-0.2279583,0.020265965,-0.15630393,-0.11362404,-0.087906495,0.06372312,-0.02951772,0.048241924,-0.016474284,-0.28402543,0.21013753,0.043908637,-0.083941415,-0.12663735,0.027691899,-0.038948976,-0.10268631,0.15835144,-0.048715614,-0.09895278,0.11138289,-0.09549493,0.07152729,-0.022711392,-0.009551689,0.16019647,-0.18896528,0.04337145,0.029368045,0.28814483,-0.0809495,-0.05772806,0.07496928,0.19846338,-0.06354564,-0.20688151,0.02690775,-0.042660486,0.06526227,0.07353209,0.05788979,0.13146795,0.074814044,0.15888047,0.09757371,0.16989252,-0.013316092,-0.100593835,-0.24084282,-0.21634299,0.08008626,0.13149658,0.070184045,0.16866088,-0.06537271
pref:healthcare,0.14938325,0.07217655,0.14652605,0.16425142,-0.3115298,0.11111326,-0.10607072,-0.012797948,0.11717971,0.10374894,0.16953704,0.036950596,-0.012872289,0.041020356,0.12727337,-0.099101834,-0.001562119,0.13290703,-0.021484314,0.10333323,-0.056077056,0.033630874,-0.16937676,0.11387018,-0.0150159,-0.26433554,-0.08504513,-0.113517836,-0.039464004,-0.0697602,-0.11412922,-0.083939046,0.249984,-0.11443248,-0.060559552,-0.12588874,0.058584906,0.0020610446,0.055502858,0.15621606,0.21677841,0.01467934,-0.05320598,-0.064258404,-0.014772629,0.042748045,0.10329504,0.09303383,-0.15932849,0.14112653,-0.10329333,-0.111614875,0.0013163707,-0.012238909,0.05256816,0.13870142,-0.030728849,-0.15807739,0.053714704,0.35043123,0.20633668,0.058112524,0.19417349,0.043295808
pref:sport_basketball,-0.047938332,-0.13657562,0.06010825,0.14595439,-0.02440582,0.17755064,-0.020568313,0.06262392,0.18512784,-0.30472237,0.08761781,-0.24178329,-0.059686564,-0.18255456,0.07731771,0.081406675,-0.004377235,-0.16799113,-0.15458362,0.25177637,-0.10385263,-0.0863294,-0.1525223,0.047389697,0.106318444,-0.1623691,0.17317136,-0.019238159,0.21765774,-0.031848952,-0.039438717,0.23160946,0.17128856,0.10991496,0.017777868,-0.092741966,0.18214355,0.027578536,-0.15027383,-0.080207326,0.14029352,0.15884942,-0.16694872,-0.061775938,-0.021907862,0.010237273,-0.029843492,0.038137406,0.11724526,0.023109838,0.04307497,-0.10470336,0.15503217,0.02221001,0.077354625,0.04346715,0.042705644,-0.049950924,-0.2029617,0.11647403,0.13797265,0.0005336022,-0.07719215,-0.08732171
pref:sport_fitness,0.02961891,0.1290914,0.19961153,0.058616094,-0.045918595,0.05079739,0.18807937,0.14197238,0.1271266,0.077711746,0.009317509,-0.15434116,-0.18509786,-0.04548943,-0.092772,-0.22317019,-0.042719945,0.11372991,-0.056063753,0.21811222,-0.096690774,-0.09854692,-0.073496625,0.03290942,0.007811601,-0.09164985,-0.123971015,9.639239e-05,0.17579967,0.061870515,-0.091437906,0.24347508,0.10291437,-0.13516355,-0.10265339,-0.17685503,-0.03116189,0.11553802,0.058659915,0.15750651,0.1323316,-0.055782072,-0.05026252,-0.36893415,0.014756865,0.023541622,-0.07336999,0.21432805,-0.2520825,-0.06890068,-0.0750668,-0.076865375,0.085792415,-0.24195583,0.11974468,-0.061481155,-0.013776984,0.044650055,0.03510091,0.1317041,0.07979962,-0.07115939,0.015212779,-0.001346026
pref:sport_football,0.021374028,0.17808774,-0.08287067,0.34667262,-0.015559757,-0.09999976,-0.031528912,0.12711091,0.17546251,-0.19580881,0.1052945,-0.10567035,-0.09325537,-0.12506102,0.103784025,0.110207826,0.115635574,-0.22864231,0.00540848,0.086290404,-0.08795537,-0.024744332,-0.37701702,0.13565196,-0.0024277063,0.008088346,0.15564989,0.056611508,0.2296164,0.029670289,-0.041681122,0.031208668,0.12622133,0.10576149,0.13571104,-0.18749991,0.06456791,0.03315557,-0.0031071994,-0.07485507,0.22252738,0.13857907,0.19988726,-0.07882738,-0.004751266,0.052471723,-0.04568729,0.06183671,0.12787333,0.053966448,-0.040423352,-0.05074612,0.18931022,-0.08681499,0.022918347,0.11339831,-0.029214675,-0.078236744,0.06499168,0.020375133,0.1042635,0.024606995,-0.03394912,-0.17114334
pref:sport_swimming,0.2545339,0.08235557,0.097828284,0.09215298,-0.037017975,0.087142035,-0.16848761,0.2302974,-0.0030038278,-0.1359404,0.04112013,0.09184994,-0.08020936,-0.12088975,-0.0039657797,-0.12321179,0.0610725,-0.0293664,-0.22724134,0.18109031,0.19871588,-0.08394492,-0.082659684,0.0136120375,-0.13032894,0.0020728149,0.09041231,-0.03883386,-0.017170325,0.06330936,-0.11350561,0.13774909,-0.1481862,-0.10955962,0.13728896,-0.17909534,0.046252564,0.14359035,0.22767371,-0.04886845,0.17558631,0.21606387,0.29901835,-0.08328676,-0.12710802,0.038482066,0.05841567,0.11158215,0.0730033,0.015430794,-0.09002691,0.110759996,0.17291133,0.021718932,0.061855108,0.008348195,-0.0007340072,-0.07093098,-0.19309054,0.17089768,0.13791242,-0.077897534,0.076405734,-0.13350454
pref:sport_tennis,0.078644015,0.15551722,0.111855015,0.09991372,-0.07074548,0.034183953,0.078958295,-0.017720275,0.2544262,-0.006429201,0.007972865,-0.044990722,-0.074041545,0.0034280021,0.04228564,0.0010004423,0.08787673,0.04583634,0.04247138,0.30838123,0.076513335,-0.12313649,-0.072045356,0.25448322,-0.091552675,-0.078321576,0.15588869,-0.038717538,0.18580583,0.07965456,-0.10281499,0.12974818,0.11700385,-0.012016336,0.008319179,-0.13846269,0.27370375,0.09423937,-0.041076723,0.17274866,0.119611174,0.025331303,0.30324855,-0.09225541,0.047109365,0.047614276,0.13945822,0.15612976,0.045070652,-0.020849392,0.03461245,-0.20607358,0.21941046,-0.10832614,0.096681885,-0.05963927,-0.13673621,0.08819259,0.024725826,0.034669086,0.19444679,-0.15653637,0.16546604,-0.07044128
pref:sport_volleyball,0.030585563,0.15373866,-0.10093445,0.12992793,-0.09557345,0.096579514,0.022309342,-0.050973356,0.29811382,-0.17906612,0.04952712,-0.12511839,-0.04507728,-0.10416918,0.15351589,0.007487193,-0.11204564,-0.10874975,-0.061003014,0.37312496,0.061303806,0.014675546,-0.19015339,0.048354533,0.13048474,-0.027812628,0.1224667,0.015243524,0.11084863,0.076119766,0.02812056,0.20960015,0.04776182,-0.009952168,0.22682312,-0.20560002,0.04072868,0.04055126,0.11360623,0.16921255,-0.09913949,0.028730733,0.29855335,-0.06358903,0.04847211,-0.02374007,0.031782307,0.12800817,0.09150257,0.13744399,-0.08386787,-0.15358356,0.09179989,-0.028818388,0.117640905,-0.025291294,0.010627326,0.025700841,-0.14950012,0.048343457,0.14070447,0.15521188,0.03625671,-0.16808493
pref:students,0.07488904,0.04583548,-0.1887161,0.25769264,-0.038286336,-0.038188834,0.10700739,-0.011932303,0.013739017,0.19592616,0.019674405,-0.1468497,-0.06487269,-0.056343157,-0.03469804,-0.2134018,-0.22778009,-0.18099679,0.0061329,0.113475464,-0.06253715,-0.054478496,-0.06905725,0.003119437,0.08978839,-0.1812265,-0.012476855,-0.07952891,0.124509186,-0.21638066,-0.15700063,-0.08482577,-0.031906363,-0.039009675,0.1294762,-0.1156672,-0.037811473,0.13261549,-0.022625616,-0.15289702,0.18621092,0.107807875,-0.0939936,-0.15798707,-0.12268343,0.23377796,0.100660086,0.16898482,-0.13383344,-0.11644877,-0.051395282,0.017288884,0.10527811,-0.17708641,0.2253973,0.031514887,0.032227453,-0.14092053,-0.0321911,0.020177683,0.22101794,-0.15003292,0.012171625,0.1541383
pref:well_connected,-0.12781323,-0.0016045847,0.057587095,0.13742556,-0.28278863,-0.033909664,-0.08397709,0.08357602,0.21678294,0.19396122,0.1369439,-0.013534049,-0.13726462,0.102736115,0.025265284,-0.20656402,-0.0032469996,-0.23240905,-0.028162459,0.048589278,-0.09650659,-0.021149253,-0.23192705,0.027649274,0.08269462,-0.20724055,-0.17983393,-0.05331699,-0.06450556,-0.095247,0.02884334,-0.106790364,0.25012684,0.031838667,-0.08075406,-0.042676035,-0.07467043,0.030142345,-0.07415573,0.089661896,0.24678431,-0.053757425,-0.1946651,0.012813724,0.022444408,-0.035915438,-0.0552997,0.096449144,-0.22353734,-0.0342982,0.0714605,-0.12911011,-0.015475109,-0.20350349,-0.026230957,0.20927405,0.007041396,-0.002865581,-0.06843453,-0.08950677,0.10032091,0.14950481,-0.095562086,0.19185291
road_share:high,-0.11930282,-0.13799205,-0.0815959,-0.31546676,0.11549686,0.07718933,-0.021254081,0.03296432,-0.09582163,0.07143614,0.0054785567,-0.012186039,0.06326104,0.15362452,0.04095435,-0.04881215,-0.17424555,-0.096019015,0.11580941,-0.11650455,-0.059768207,0.06688102,-0.14441673,-0.116611026,-0.107316665,0.025484446,0.022446338,0.04982874,-0.13282797,0.10842752,-0.009731056,-0.17771642,0.20966552,-0.15450242,-0.20634362,-0.09762803,-0.21940705,0.20381242,-0.2505376,-0.036439665,-0.028593171,0.14626607,-0.067555726,-0.24388167,-0.07540641,0.12035911,0.047931224,-0.061863832,-0.20595458,-0.11559594,-0.06115169,-0.13371265,-0.111193605,-0.049968813,-0.0758859,0.15228252,-0.119444504,-0.103460565,0.14655167,-0.052226614,0.21954802,-0.039247036,0.037948452,0.021399708
road_share:low,0.014040683,-0.1712458,-0.08821503,0.046257317,0.031220667,0.071377076,-0.08945799,0.17532673,0.035763152,-0.2956928,0.047251802,0.07444749,-0.026586158,-0.122495964,0.085743256,0.13724512,0.14092079,0.12000587,-0.29353818,0.07234828,-0.14078133,0.11839388,-0.16234896,0.15369794,-0.13890328,-0.10377399,0.22109276,-0.011459199,-0.11132786,0.11661382,0.19092004,-0.036588036,0.056824144,0.025254643,-0.002952923,-0.35583022,-0.07381149,0.16764976,-0.07589697,-0.100285925,-0.013462849,-0.06038191,0.09299905,-0.031865254,-0.15687764,0.077436045,-0.04553262,0.08906721,0.0505364,0.07338015,0.24375476,-0.03432831,0.03299038,0.082714304,0.09013492,-0.061148133,0.059093848,0.22567753,-0.035719182,0.097011045,-0.003946318,-0.07477664,0.094558604,-0.15188706
road_share:medium,-0.103653505,-0.06168373,-0.10576522,-0.22345494,0.07109177,-0.10559803,0.021156851,-0.14265299,0.17389731,-0.051428862,0.17464022,-0.0032255389,-0.08410357,0.24130772,0.15069196,0.04019896,-0.05196399,0.14745894,-0.023094052,0.02794297,0.1253078,-0.007998083,-0.13951251,0.11306373,0.0028389571,-0.17508473,0.036666505,0.15708235,-0.00048809458,-0.00121013,-0.07103762,0.087204,-0.14763528,0.040874638,0.12057782,-0.0020835632,-0.098764084,0.1440124,0.10475868,0.14729246,-0.07687069,0.047831953,0.20666519,-0.07342801,0.038421694,0.16152796,0.28070778,-0.0005774049,-0.061671946,-0.19636452,0.01753995,-0.1936723,-0.0059248153,-0.072761044,-0.2919108,0.09077636,0.023256488,-0.035486117,-0.15825754,-0.017702192,0.22157753,-0.17587262,-0.01837747,-0.20218743
schools_per_10k:high,-0.16648595,-0.18573068,0.16193019,-0.06717429,-0.093790494,-0.15780865,-0.018955486,0.1333243,-0.02716155,0.03873004,-0.18259677,-0.13054518,-0.10055195,-0.034064624,0.009258243,-0.107704476,0.14198163,-0.037820265,0.14664328,0.070998035,-0.21668068,0.09959637,-0.010764764,0.11758376,0.053286295,-0.09984114,0.058664564,0.025955252,0.011217091,0.02376118,-0.18851206,0.13349478,0.20036201,-0.12489785,-0.23002909,-0.22612189,0.0070409635,0.1638007,-0.009615207,0.04160812,-0.14058095,0.12129322,-0.10375032,-0.021345764,0.10248416,0.04821377,-0.15846829,0.07417847,-0.06745036,-0.00037838097,-0.19483756,-0.19238773,0.07425585,0.064180605,0.03477732,0.15324178,-0.030268261,-0.15016326,-0.1040148,-0.011202949,-0.07070951,0.12543795,-0.35020846,0.14301175
schools_per_10k:low,0.075060435,-0.17360306,-0.15259942,0.08701981,0.26650456,-0.07133063,0.005777235,0.14042251,-0.051253412,-0.033997186,0.033644833,0.01704176,0.088261835,0.30422723,0.08806413,-0.11287591,-0.08565754,0.18175338,0.1338109,-0.09175534,0.034748517,0.017544327,-0.07844134,-0.106856056,0.11535142,0.042735882,0.15399142,-0.28853852,-0.13984689,-0.048776817,-0.13882832,0.17712095,-0.09254842,-0.034551587,0.15810807,-0.12694184,-0.12083045,0.101020806,0.17667894,0.08719579,-0.12781851,0.020400193,-0.06729335,0.067760274,-0.19170521,0.25570694,-0.085028395,-0.014299373,0.025986206,0.038440388,-0.077411525,-0.0987737,0.08846541,0.16580358,0.12886508,0.0772447,0.04318003,-0.10287515,-0.12089763,0.074760385,0.09063915,0.026331732,-0.025181856,-0.25113115
schools_per_10k:medium,0.01589848,-0.12900685,-0.087899365,0.12101091,0.071206085,0.079327695,0.047619056,0.094053715,-0.054986693,0.16642325,-0.0051275557,0.15884392,-0.10457908,-0.05318809,0.08663335,-0.175695,-0.0708792,0.00977557,-0.04930321,0.06740397,0.115227394,0.06387791,-0.121170975,0.12547392,0.058797285,-0.34041056,0.13410649,-0.010806842,0.1698214,-0.115969904,0.019950656,0.10578253,0.08110556,-0.16127363,-0.09612527,-0.020680346,-0.12577745,0.05127627,0.025480364,0.2075801,-0.027476877,0.05239663,0.15676339,0.21740958,-0.07355413,0.15259966,-0.052919265,0.23166843,0.21711826,0.117797725,-0.12665616,-0.08983151,-0.03227714,-0.022492098,0.113265,-0.11236479,0.19732313,-0.25448665,0.05229212,0.06544499,-0.11856613,-0.10977286,-0.010676172,-0.2548052
single_household_share:high,0.13928959,-0.16919129,-0.060071796,-0.0073436503,-0.21801928,0.00358991,-0.005138559,-0.059714336,-0.16682656,0.067192666,0.06973754,0.11643214,0.19435188,-0.00956127,0.16654451,-0.099846676,-0.1669193,-0.054156598,0.13914306,-0.027018277,-0.021287661,-0.010661078,-0.13875188,0.09996591,-0.0068107797,-0.18037401,-0.085206985,-0.019048627,-0.047053598,-0.10266664,-0.02148486,-0.061811734,0.10067316,0.001726407,-0.034166608,-0.04821248,-0.09180961,-0.090942726,-0.18340516,0.16239062,0.005729273,0.04378312,0.0060811816,-0.13842838,-0.10587841,-0.056221496,-0.35273346,-0.14098312,-0.20794234,-0.22310781,-0.22450596,-0.14103806,-0.2704412,-0.103018805,-0.0854715,-0.044472948,0.072154716,-0.09462769,-0.15291163,-0.120241396,0.101731546,0.09596279,-0.10545646,0.15400095
single_household_share:low,0.0562256,-0.20173669,-0.0028327457,0.17049865,-0.104394324,0.14884485,0.061715703,-0.04611014,0.058961585,-0.15956447,0.04118434,0.13767828,0.08207166,0.028450219,0.22091046,0.10523985,0.19547975,-0.1335978,0.10913966,0.0109527,-0.07247763,-0.024487467,-0.13749635,0.09736163,-0.1052765,-0.054954503,0.20642681,0.12458846,-0.023927644,-0.05684561,-0.071845226,-0.059519365,0.030432345,-0.008972366,0.122250125,-0.16014977,-0.034459904,-0.019869914,0.06223555,0.1305282,-0.014116209,-0.008856012,0.3047988,-0.13545464,-0.08578974,0.16227996,-0.065307245,0.08171882,0.073018655,0.16996892,-0.053930875,-0.30731046,-0.021879641,0.091805995,-0.037081886,-0.1585568,0.24260496,0.05705171,-0.09603959,-0.24197085,-0.12810674,0.07212624,0.20969412,-0.035614
single_household_share:medium,0.20925578,-0.05723062,0.024664825,0.041345246,-0.06689717,0.10245307,-0.09638033,0.1617126,-0.23690663,-0.102547586,-0.15474942,0.10723167,-0.051771294,0.19123298,-0.03807265,-0.12369998,0.04251516,0.08622999,0.10601829,0.019609949,0.045219228,0.06942652,-0.045009136,0.2049327,-0.096594475,0.15211712,-0.016489297,0.036828596,-0.23212263,0.18224168,-0.094451405,0.08339989,0.0834981,-0.26838526,0.21393901,0.13016802,0.0881584,0.18354268,-0.03781675,0.027314749,-0.21179458,-0.06715527,0.20411181,-0.136207,-0.24884863,-0.07722212,-0.15517984,-0.1091437,-0.01686105,-0.053279236,-0.038472693,-0.15376917,-0.08446033,0.012272498,-0.0604624,-0.04738023,-0.055849094,-0.18232635,0.0825761,0.055338454,0.08378085,-0.16025442,0.115363635,0.02818832
specialists_per_1000:high,-0.017540582,-0.10678165,-0.16678378,0.15676244,-0.06513725,-0.095174946,-0.08712243,-0.069586806,-0.013006954,0.1433196,-0.100572124,-0.0024654705,0.05841222,0.19687115,0.04351967,-0.19193663,-0.11844027,0.088293426,0.019555548,-0.08127965,-0.12810919,-0.10618525,-0.13408238,-0.09795449,-0.063147254,-0.059899587,0.02293504,0.019931043,-0.15009274,0.29752114,-0.11352209,-0.008402441,0.07812688,0.11461985,-0.25697288,-0.19586262,0.046793655,0.2536494,0.05449521,0.105715856,0.12824063,-0.08902028,-0.07065183,0.015728578,0.21282943,-0.13971281,0.1279931,0.13299865,-0.025831487,0.052348178,0.21108323,-0.14668766,-0.15342776,0.061825346,0.011180893,-0.16538028,0.041506205,-0.094576746,-0.05993864,0.20244287,0.050827842,0.14251086,0.106353916,0.18782863
specialists_per_1000:low,-0.058327653,-0.0015513352,-0.11042561,0.16446677,0.118321516,-0.1317144,-0.18619005,0.20798132,0.011756554,-0.16376343,-0.07595232,0.060831018,0.31791213,0.22109969,0.03256087,-0.20036903,-0.042065665,-0.16473843,0.14898074,0.05175063,-0.053294986,-0.063963786,-0.19454356,-0.0095297275,0.011106387,0.20057583,0.07370763,0.07295217,-0.0730708,0.17888321,-0.11276198,0.10662422,-0.1698775,-0.077265255,0.14955926,-0.0301767,-0.07205006,0.12656106,0.1860545,0.02448316,0.032498505,0.18968189,-0.05279342,0.036602173,-0.02355989,-0.020378001,0.25061807,0.031873472,-0.13038436,0.09127055,0.100749195,-0.07263409,-0.09317686,0.3083311,0.039062504,0.12251184,-0.0819466,-0.04318654,0.0114125265,-0.06617228,-0.0145695405,-0.042114954,0.042335466,-0.10446231
specialists_per_1000:medium,-0.109302245,-0.09877428,-0.034168765,0.12553993,0.119497456,-0.108342424,-0.020291883,0.03264263,0.20100865,0.016742233,-0.12242633,-0.11856851,0.0030708928,-0.09219844,0.20317587,-0.10891231,-0.1286958,-0.057599,-0.1352657,0.06313499,0.07114235,-0.12384515,-0.07078004,-0.25709146,-0.10401727,-0.0059163705,-0.005670283,0.16888319,0.14117035,0.117343895,-0.2184077,-0.19462834,-0.022768091,0.051869117,-0.019563882,-0.01916065,0.05803495,0.14782701,-0.07934634,0.012435722,-0.11657166,-0.032279894,0.22574705,-0.083652645,-0.032014646,-0.005564742,0.030733457,-0.08999636,-0.16483507,0.12778528,0.07788253,-0.24832962,0.11409108,0.040725812,-0.19712229,-0.11506448,0.10754706,0.13264285,0.3362185,0.016651468,0.11110045,-0.17035551,0.11101429,-0.13281007
stations_per_km2:high,-0.13642143,-0.16039637,0.023060862,0.18485485,-0.0947252,-0.17308927,-0.06265015,-0.041302714,-0.073846646,0.11357776,-0.04169587,-0.22448942,-0.1949278,-0.07065099,0.14551015,-0.19459575,-0.1365649,-0.07283119,-0.09987274,0.15918545,-0.30966023,-0.12466191,-0.069369115,0.056373846,0.04583963,-0.09927019,-0.029270763,-0.09172295,-0.11148628,0.08867229,0.061720707,-0.05593623,0.14568672,-0.15589501,-0.14514841,0.16305281,-0.072866134,0.15930143,-0.05789642,0.09681533,0.025871089,0.14576814,-0.09138027,0.028065002,-0.09356923,-0.108579144,-0.10621295,-0.24636811,-0.13325629,-0.020718377,0.11725911,-0.15660457,-0.06922648,0.06867715,0.009896637,0.08245636,-0.064778164,0.03166427,-0.042463712,-0.12550144,0.2299413,-0.02407545,-0.19270459,0.17422408
stations_per_km2:low,0.19196033,-0.018089436,0.04370768,0.17650068,-0.0128319785,0.14990604,-0.12248743,0.038897946,-0.021105915,-0.09544694,-0.12173756,-0.05292079,0.12407631,-0.2034741,0.07801578,-0.10424559,0.02801134,0.09488514,0.1399147,0.098452635,0.08723351,-0.13223083,-0.06085716,-0.22101495,-0.17119215,0.26443195,0.15212654,-0.14732909,0.002115092,0.20820601,0.12615535,-0.028464792,0.13745813,0.03847306,0.11883207,0.0615687,-0.2134426,0.16066025,0.14693336,0.061255954,-0.0052796793,0.15297055,0.21982367,0.104783334,-0.080135144,0.015435839,-0.18415776,-0.1841848,0.21203879,-0.046354324,-0.09956681,-0.057781894,0.003161593,0.16641676,-0.039709687,0.083072715,0.15580334,0.15232308,-0.12929815,0.039460808,0.026837759,0.043080084,-0.012580328,-0.10753556
stations_per_km2:medium,-0.15896894,0.08440977,-0.016839245,0.1584476,-0.16125275,0.237413,0.07308365,0.10414278,-0.1977573,-0.12603828,0.13360046,-0.035036817,0.106904835,0.15106876,0.15695529,-0.1020342,-0.059247572,0.151151,0.08824384,0.111932874,-0.18636042,-0.05883534,0.12811269,0.12536171,-0.00925527,0.06652327,0.08579108,-0.101916045,0.0064971326,0.09794105,-0.007676559,-0.05594589,0.12738933,-0.0654176,-0.024006013,0.015608764,-0.05774226,0.08700815,0.07362412,0.24380559,0.25449023,0.1327752,0.051273964,0.10582126,-0.0067017144,-0.06183907,0.065203026,0.046427254,0.044932377,0.18087415,0.032106858,-0.18048769,0.16558637,0.08875185,0.036370676,-0.047637682,-0.1390907,-0.23168361,0.14814273,0.025071269,0.06422366,-0.26685956,0.18356875,-0.18100895
subway_lines:high,-0.14992793,-0.15327546,0.0014999383,0.07532368,-0.18373476,-0.23113835,-0.0326067,-0.0446134,0.35498577,-0.020497315,-0.043550782,0.064710066,0.25306863,0.10338757,0.084153414,-0.06644344,0.061234336,0.16918625,-0.04400853,-0.20058472,-0.17806585,0.043009803,-0.08916707,-0.059369188,0.053391583,0.00031677308,0.01903757,-0.08262303,-0.06699804,0.09340254,-0.009156402,-0.15647347,0.07409332,-0.011969663,-0.06434812,0.08281828,0.016678207,0.053201176,-0.11312467,0.22292219,0.08675761,0.012946267,0.031930666,0.12150662,-0.11612303,0.05733397,-0.030837607,0.048433937,-0.0032456694,-0.238199,0.032031693,-0.059404217,-0.14895055,0.09686573,-0.048315663,0.08479457,0.29108915,0.17395067,-0.13168047,-0.09041679,0.15156513,0.25356162,-0.02868676,0.12327624
subway_lines:low,-0.011966431,-0.15317278,0.015962815,-0.20168559,0.010864822,-0.19136354,0.11148226,0.046774108,-0.03526022,0.11821455,0.1311506,0.1094288,-0.31827,-0.081708275,0.19191714,-0.026649572,0.24052736,-0.09280378,-0.053764343,-0.13430981,-0.11269057,0.012162741,-0.031091683,-0.034546275,-0.13844164,-0.1659934,-0.011038858,-0.13522653,-0.06175867,-0.11094094,-0.05041393,0.17213044,0.060569737,0.013318263,-0.09196484,-0.19506726,0.036814187,0.21924926,0.11170486,0.22642136,-0.11864199,0.04958521,0.14507277,-0.062138822,0.060341075,0.118855014,0.10164945,-0.11631924,-0.16492693,0.06471688,0.13473082,-0.031428084,0.084701225,-0.04701012,-0.231324,0.13640013,0.08538184,0.11330428,-0.05154094,-0.092385486,0.1885394,-0.02911684,0.104811914,-0.14509125
subway_lines:medium,0.017402928,-0.0563703,-0.2355974,0.110556066,0.006506752,0.059818722,-0.20322283,0.15447387,0.09217025,0.026719343,0.053994227,0.10725015,-0.25254357,0.08126155,0.17986469,0.02806305,-0.10052971,-0.07669492,0.20694807,-0.23807068,-0.018203646,-0.042812683,-0.031273413,-0.1811948,0.058357436,-0.040210374,0.0803937,0.009493313,-0.067037195,0.017585587,-0.15121618,-0.059697025,-0.15530859,-0.052860387,0.21192487,-0.09644322,-0.25429273,0.22868015,0.017635023,0.044678662,0.027771827,0.07318282,-0.15123317,0.17386967,-0.2084962,0.09320324,-0.0897738,-0.050699174,-0.051093392,-0.09894866,0.0029234558,0.16326135,-0.003404512,-0.09123578,0.17230871,-0.21636082,0.0746007,-0.025303772,-0.19738793,-0.07809255,0.16348292,-0.003922081,0.062180825,0.10196315
swimming_per_10k:high,0.10024296,-0.08869082,-0.09669493,-0.03244014,-0.028554516,0.060170867,-0.007553786,0.045857932,0.021243067,-0.23326653,-0.059486736,0.03846919,-0.09865577,-0.1266589,0.16736577,-0.06657972,0.014034903,0.14013423,-0.050488744,0.10794589,0.18061572,-0.10572456,-0.11090224,-0.26381257,-0.13083571,0.097041465,0.2358413,-0.1364371,0.076533705,0.11128496,0.005939982,0.03369976,-0.055644907,-0.0992384,-0.016473744,0.055638153,0.27111968,0.07293005,-0.12386087,-0.13951302,-0.0062557934,-0.09844843,0.26720828,0.3228119,-0.21110621,0.09609621,0.05421033,0.0073489193,-0.01316051,-0.15484874,-0.007615542,-0.076574005,0.020236945,0.05212534,0.03643788,-0.06154279,0.040218577,-0.06967413,-0.17189194,-0.059682664,0.03393805,0.13886248,-0.20741062,0.23161454
swimming_per_10k:low,0.011306214,0.09400838,0.13087715,-0.033431925,-0.22054687,-0.13766807,-0.15396637,-0.03191527,-0.048728775,0.022311255,0.08411838,0.13911566,-0.014105964,0.18594505,0.27606076,-0.20285065,-0.14647771,-0.0028667247,-0.16155568,-0.0105600525,-0.06843497,-0.04660144,0.119390056,-0.03960501,0.0028583608,-0.15510838,0.077029765,0.18216217,0.15140884,0.023380596,-0.0968908,-0.28764746,0.03520737,-0.11917161,-0.14505765,0.05050552,0.13642511,-0.080153026,0.15997238,0.04842866,0.08214951,-0.042258605,0.06922005,0.17348212,-0.3812184,-0.019165335,0.11723735,-0.06206755,0.012516246,-0.06502281,0.07544433,-0.028671307,-0.044381782,0.009253403,0.038953103,0.039378013,0.19965829,-0.16302812,-0.062416915,-0.079459146,0.05937823,-0.05055932,-0.17834562,0.14358655
swimming_per_10k:medium,0.12321095,-0.020725517,-0.12698552,-0.22358407,-0.045585554,0.11818563,0.1148209,0.11805502,-0.15822563,0.1439711,-0.10316511,-0.044707406,-0.21188095,0.09385214,0.15802196,-0.046702437,-0.064628355,-0.20358309,-0.02066493,0.20909974,-0.13700557,-0.056644466,0.055077802,-0.040677056,-0.1476204,0.17596102,0.1033092,-0.141443,0.022719488,0.0265723,0.026299952,0.0066752196,-0.11237623,0.0590132,0.044291712,0.06098773,0.09096112,0.20018594,-0.25506547,0.19246845,-0.17962565,0.11855567,-0.11008223,-0.018929627,-0.21827371,-0.12091106,0.12924393,-0.20553178,0.14386502,-0.12811324,-0.03922407,-0.034960486,-0.05741561,0.022964204,-0.10296978,0.18823817,0.009368019,-0.088573664,0.012846664,-0.14267959,0.19795854,-0.07856205,-0.079728045,0.10892297
tennis_per_10k:high,0.044000085,-0.09280941,0.06349534,0.08341003,-0.042357307,0.07770075,0.03584929,0.02761432,0.054200713,-0.0034331174,0.0945708,-0.065805726,-0.017520754,-0.13545647,0.20705667,0.009480729,-0.024068952,0.050171386,0.088787325,-0.086921185,0.0038038946,0.18779804,0.057962794,0.071152635,-0.2551024,-0.024111686,0.19472729,-0.003411732,0.19807708,-0.040201757,-0.057291795,-0.06331087,0.16702771,-0.07716936,-0.10227039,-0.22562116,0.10177066,0.16042486,-0.016051149,0.1887988,-0.15252203,-0.09751267,0.26785332,-0.04394754,-0.034566123,-0.06398142,0.10006472,0.060308944,0.15084629,0.044586107,-0.035753176,0.082839355,0.111123666,0.10754914,0.07205184,0.13744625,0.13023327,-0.0846224,0.17624123,0.020555686,0.08266936,0.13595198,0.17874652,-0.43636695
tennis_per_10k:low,0.121447794,-0.12758659,0.12228065,0.17856234,-0.08253655,0.22168629,-0.16771555,0.027818602,0.10858305,0.063596696,-0.066514924,-0.24963337,-0.017797962,0.24127077,-0.050002776,-0.15027575,-0.12543012,-0.18148158,-0.015560594,-0.0409773,-0.101887055,0.021900844,0.139839,-0.16568181,-0.1608622,0.01518688,-0.06735309,0.08536986,-0.14450587,-0.029814048,-0.12471808,0.06996624,-0.053162444,-0.020499488,-0.038215887,-0.044669434,-0.073838785,0.0859664,0.0070037968,0.13483498,0.15502426,-0.10301194,-0.071389936,-0.11820764,-0.11246735,-0.07748934,0.053954445,0.1255658,-0.15582941,-0.17444083,-0.108948864,-0.070455804,-0.14081137,0.07195218,0.18285456,0.07739544,-0.038466036,0.23879662,0.03743146,-0.07273713,0.24639226,-0.10624415,-0.16751432,-0.22897753
tennis_per_10k:medium,-0.16912685,-0.17635086,-0.081575155,0.39860046,-0.21876165,-0.015275919,-0.01762642,0.26885685,-0.18483014,0.17484412,0.13342826,-0.21079794,0.047052287,0.075093366,-0.10841724,0.05475716,-0.0025859738,-0.03396106,0.18866467,0.15539844,-0.075078405,0.04978069,0.021095252,0.21072118,-0.013396463,-0.0009885752,-0.08258867,0.2780151,0.08795451,-0.00982141,-0.040911958,-0.11364128,0.09209901,-0.01969684,0.058979854,-0.015285258,-0.08521994,-0.012039942,-0.19234386,-0.05085019,-0.11055236,-0.15203974,0.013004842,0.05395476,-0.18687476,-0.22215034,0.011458014,0.14688553,-0.08213104,0.095129885,0.067286655,0.11519539,0.06606105,-0.0076535344,-0.07921645,0.06580888,0.07691626,-0.11442233,-0.073309034,-0.058763362,0.03708358,-0.037039682,-0.026932864,-0.004223099
unemployed_per_1000:high,-0.07046966,0.19464216,-0.13659294,0.039112214,0.063408144,-0.044400897,0.10769166,-0.009535884,-0.119614445,-0.2808419,0.08259684,-0.06005253,-0.13626404,0.12524317,0.07303154,-0.10067296,-0.14763065,0.2612678,0.1434197,0.105249204,0.04943796,0.073297314,-0.057354487,0.012477623,0.078817315,0.26561972,0.008461833,-0.06889453,-0.04405727,0.14548828,-0.20259006,0.002736201,-0.18099393,-0.023147231,0.04517638,-0.15631807,-0.16172968,-0.059940785,0.01510485,0.050021175,0.068519965,0.25379947,-0.027205225,-0.10015701,-0.11534711,-0.08365398,0.08315431,0.19028158,-0.06301355,0.083971635,-0.0249969,-0.0196116,-0.04066967,-0.025023824,0.011810238,0.23350517,0.12158667,-0.24016261,-0.1529722,0.049078774,0.11018767,0.13761128,-0.17853287,-0.14659165
unemployed_per_1000:low,0.015559117,-0.1462645,-0.079728186,-0.1230782,0.21128626,0.16307485,0.024893021,0.033640046,0.054361008,0.091613755,0.057346012,-0.13059117,-0.16493739,0.12890351,0.058988944,-0.12579098,0.044159047,-0.07865835,0.15851803,-0.2737803,-0.061338965,0.114722066,-0.008307321,0.08273741,0.28639272,-0.098492876,0.008843125,-0.14260049,-0.10659369,0.27974457,0.06817888,-0.028602084,0.14904323,0.020051405,-0.37894812,-0.13152848,-0.0101201655,-0.027641239,-0.07546049,0.12867282,0.1788746,-0.11259787,-0.08863118,0.047407217,-0.1418409,-0.1251173,-0.08620441,0.13623966,-0.0003389188,-0.044863902,-0.09587341,-0.12524676,-0.059199322,-0.00086257444,0.13623427,0.057635248,-0.102013566,-0.057655808,-0.1554932,-0.08852011,0.14871487,0.066219985,0.040349055,0.021199644
unemployed_per_1000:medium,-0.27882364,0.061732307,-0.106245734,0.16962723,0.083934955,-0.13237756,0.048414797,-0.13126156,0.09584308,0.083694145,-0.08861943,-0.073614344,-0.21828006,-0.06779711,0.07462812,0.1823495,0.15254954,0.06320953,-0.067178495,-0.051140822,0.13939875,-0.014801691,0.053348564,-0.2178116,0.03860449,0.011611999,0.09129493,0.118483424,0.21014635,0.098582506,0.0452228,-0.24703245,0.08118848,-0.017563207,-0.041324973,0.010517631,0.09521126,0.20344359,-0.22738633,0.16340719,-0.124450594,-0.08451218,0.2919593,-0.08153042,-0.1342696,-0.090387374,-0.13277775,0.14883445,0.09617195,0.049127333,-0.09083193,-0.11566991,0.18501906,0.08885611,0.07952488,-0.011911794,-0.046048425,-0.10414883,0.12101195,0.105429396,0.16393316,-0.016089419,0.03482883,-0.037388295
universities:high,0.13967985,0.0595891,-0.066833764,0.14399569,0.12961702,0.030216094,-0.2059623,-0.010299978,-0.07083666,0.13862294,-0.12608299,-0.056935158,-0.23912987,0.053222675,0.013576878,-0.2577609,0.12316909,0.096885376,0.11321638,-0.0232462,-0.0020268084,-0.08030779,0.17346182,0.11257972,-0.12828521,-0.17836003,0.12819266,0.011866065,0.15023565,0.07964373,0.046528798,0.03922577,0.24905771,-0.058001187,-0.19183339,-0.02299667,0.019060815,0.06589048,-0.012263763,0.070526205,0.1727913,-0.013976512,0.18108973,0.023554971,-0.03606926,0.0945907,-0.10189931,3.197552e-05,-0.15959588,-0.089881726,-0.080666274,-0.21279082,-0.14278065,-0.33309627,-0.13396472,0.01548906,0.03876392,0.15108135,-0.2233715,-0.11637662,-0.048366677,-0.101119526,-0.009742964,-0.07083314
universities:low,0.060322203,-0.0015884552,0.018717699,0.18623823,0.02187273,-0.21164496,-0.142421,0.078284614,-0.15196069,-0.19376764,0.16624759,-0.205977,0.15189604,0.06043227,0.3129437,0.006370055,-0.016577758,-0.12155699,-0.21942912,-0.18928362,-0.03623217,0.092958756,0.03250414,-0.0058934563,-0.087037414,-0.10791314,0.07202303,0.11198468,-0.0031669093,0.15935564,-0.023703001,0.06646817,-0.0851355,-0.10311187,-0.045001328,-0.19038248,-0.26440212,0.105597876,0.21232346,-0.03251042,-0.108358495,-0.012582635,0.01836574,0.02406025,-0.039551336,-0.1934847,-0.07565657,0.14727806,-0.17066437,0.007824023,-0.11478543,0.023462329,0.15135618,-0.02357532,0.12518694,-0.003294335,-0.149017,0.106665224,0.065421805,-0.083480224,-0.17350772,-0.14522313,0.115734085,-0.052624866
universities:medium,0.02030351,0.19660585,-0.23712261,0.19847481,0.019404475,0.18618591,0.015075629,-0.13820015,-0.017443769,0.17044868,0.017529985,-0.018927325,0.123917535,0.103726275,-0.061704714,-0.05555914,0.08817108,-0.07672955,0.010204039,-0.014671799,-0.1262407,-0.13956091,-0.10820956,0.13884394,-0.1794113,0.007790553,0.2722552,0.03768589,-0.052932005,-0.040841397,-0.11138177,0.10246471,0.05241569,-0.037904665,0.014577734,0.047842156,0.015853066,0.10988203,-0.0568943,0.25964332,-0.29791242,0.22646019,-0.0633956,0.046540506,-0.22002421,0.11489086,0.05723961,-0.021125704,-0.10459321,-0.0013251286,-0.1358134,-0.14133151,-0.025305217,0.005504943,-0.26484725,0.17029336,-0.10414859,-0.16867419,-0.1800014,-0.06425442,0.016735362,-0.048782658,0.05548448,0.020192951
volleyball_per_10k:high,0.05610248,-0.12405517,-0.14018632,0.16677386,-0.06195595,0.17566822,0.18219967,0.065365314,0.08461408,-0.0033480835,-0.03855186,0.043262847,0.070196696,-0.107261345,0.15692446,0.0734787,0.063947655,0.26242444,0.002393995,-0.16380844,-0.028783785,-0.073191695,0.025358401,0.032238994,0.1646582,0.14449133,0.036757004,0.033282496,0.192735,-0.17076893,-0.057370994,0.043975662,0.22277308,-0.12214603,-0.05166765,-0.12746213,-0.025178926,0.2201677,-0.05402635,-0.102268465,-0.14054094,0.105072886,0.22461574,0.30162767,0.055930547,-0.057085946,0.14021648,0.13983262,0.18501806,-0.035019454,-0.18620145,-0.23700808,-0.040089253,0.0026758213,-0.12123752,0.0887119,-0.15542047,0.078476936,-0.00022378216,0.12269197,-0.00536799,-0.020970719,-0.03326963,0.118311115
volleyball_per_10k:low,0.021481553,-0.09874189,-0.1546791,-0.10635737,0.077483155,-0.12570447,-0.22172524,-0.02610669,0.009192787,-0.12250274,-0.16771635,0.14330713,0.035162598,0.029640194,0.2499243,-0.09807379,-0.13555902,0.02498359,-0.072181255,0.06917556,-0.10573795,0.1337508,0.12513609,-0.03607078,0.025296366,-0.1732913,0.09606772,0.08246003,-0.0848432,-0.058905408,0.20091401,-0.12838744,-0.07417866,-0.1535503,0.046783566,0.15260658,-0.15447564,0.049350273,0.06366678,0.05935612,0.01882172,-0.170275,0.09285851,-0.03987026,0.2613097,-0.24289511,0.06921725,0.17490003,-0.008384938,-0.21708612,-0.30891085,-0.19559167,-0.07009767,-0.0058300574,0.061071806,0.13528596,-0.10534471,0.040130947,0.045747507,0.1104758,0.14141402,-0.022973869,0.07371353,0.06503314
volleyball_per_10k:medium,0.229761,-0.14599614,0.11595598,-0.15544052,0.003976795,0.23064868,-0.27002308,0.092182346,0.06499307,-0.11996109,0.21776731,0.15142086,0.20030208,-0.016010834,0.1999453,-0.08025885,0.15795323,-0.112130806,-0.15696304,-0.03953752,0.11098364,-0.027938051,-0.11424835,0.008372533,0.042845547,-0.043881018,0.13798012,0.034858484,-0.010760013,-0.019459344,-0.05065422,0.1617702,0.01657994,0.15334629,-0.1712557,0.054412346,0.010982829,0.21006948,0.1489022,0.028006751,-0.16228037,-0.020471878,-0.17333344,-0.01757539,0.18586288,0.026775468,0.20065288,0.15481745,-0.11362844,0.08359047,-0.074169226,-0.10806914,0.12690465,0.13828135,0.06707776,0.14815399,0.06962878,-0.030912532,-0.15792711,0.05848249,0.11027588,0.037633404,-0.06339524,0.06566432
