entity,0,1,2,3,4,5,6,7,8,9,10,11,12,13,14,15,16,17,18,19,20,21,22,23,24,25,26,27,28,29,30,31,32,33,34,35,36,37,38,39,40,41,42,43,44,45,46,47,48,49,50,51,52,53,54,55,56,57,58,59,60,61,62,63,64,65,66,67,68,69,70,71,72,73,74,75,76,77,78,79,80,81,82,83,84,85,86,87,88,89,90,91,92,93,94,95,96,97,98,99,100,101,102,103,104,105,106,107,108,109,110,111,112,113,114,115,116,117,118,119,120,121,122,123,124,125,126,127
avg_age:high,0.33330068,-0.050124623,0.7175482,-0.078153335,0.8428299,0.30558398,-0.30859163,-0.41590193,-0.21661378,-0.27190733,0.5333656,-0.2571479,0.027823932,0.77641743,-0.0601057,-0.090249464,-0.6300575,1.3757156,-0.52414083,-0.06751365,0.4454982,0.34594062,0.33316997,0.7716303,-0.52975905,0.4236654,0.31534442,0.6761576,-0.60455847,-0.73665965,-0.33232003,0.5726731,-0.1692843,0.1681644,-0.23265842,0.9113393,-0.11664066,-0.35232896,1.0959632,-0.44498396,-0.024328968,-0.5703184,0.05800163,0.12925763,0.070046075,0.6420356,-0.0035400752,0.33206877,0.22488935,0.59203345,0.44487482,-0.3100757,0.36152858,0.3071857,0.05561993,-0.266224,-0.043233477,0.47471905,0.29648197,-0.75684977,0.25926816,0.27962586,0.35603553,0.39765722,-1.2979847,-0.6022858,-0.50867385,-0.26191482,0.2525722,0.56573546,-0.32763067,0.37416342,0.5741942,0.043453965,0.03771854,0.28836277,-0.7924084,0.07107714,-0.27800632,-0.23816994,-0.36396658,0.0125021795,0.24587452,0.12866206,0.47027987,-0.33664146,-0.14310345,0.591972,0.12888254,-0.5832732,-0.79242957,-0.5606357,-0.7378383,-0.5162227,-0.450104,0.018451922,-0.20403726,0.26203653,-0.120806836,-0.028484492,0.39428762,0.49792886,-0.23763649,-0.38784465,0.26767734,0.24128309,0.50624067,0.5676655,-0.15522626,0.116921164,-0.32854837,0.058536585,1.3524806,-0.860163,0.07503889,0.08569765,0.09981489,0.06055313,0.060530674,-0.2771957,-0.2416174,-0.55760294,-0.47236335,1.0161223,-0.24361432,1.0005372,0.029916618,-0.64261353
avg_age:low,0.34819058,1.4920182,0.2345801,0.837548,0.32698247,0.812331,0.23190354,-0.36769366,0.8662276,-0.92944473,-0.1757063,0.55427814,0.64798766,0.103316985,-0.0766247,0.76245093,-0.52158237,-0.5856387,0.15387215,-0.21497351,-0.30588588,-0.18697539,0.31320816,0.4607786,-0.40310574,-0.14637779,-0.063358895,0.6413232,-0.27508196,-0.31396556,-0.28959468,-0.47083384,-0.21603273,0.27289984,0.29777357,-0.4236238,-0.5562687,0.23013508,0.34443673,0.22454931,-1.0804979,0.05106885,-0.1371114,-0.14525265,0.040021207,-0.12434232,-0.14931129,0.018320141,0.32842585,0.64020723,-0.580264,0.66563714,-0.7107508,-0.95813096,0.3304424,0.5676415,-0.21986945,-0.04007188,0.7513761,-0.18589123,0.16503546,0.34537005,0.42848426,0.6372948,0.12799023,-0.13049738,0.25563666,-0.6579856,-0.44853133,0.62766635,0.03502902,-0.85732716,0.552972,-0.48833913,-0.46725708,0.011703938,0.45257038,0.09419736,-0.01056617,-0.38449863,-0.26550558,-0.20999265,0.34082717,-0.609279,-0.092804454,1.1328595,-0.13537267,0.5084931,-0.7792766,0.676202,-0.056758594,0.9632888,0.6327732,-0.4135849,0.5720378,0.0532947,-0.19744264,-0.37437716,-0.6764232,-0.13151641,-0.56023395,-0.46346983,-0.8047105,0.24898735,-0.2726868,0.33044326,-0.41840175,-0.49538577,-0.43864694,0.5141422,-0.6615413,0.03842049,0.17614333,-0.53995466,-0.6695182,-1.0154599,-0.55647165,-0.50797176,0.4719984,0.3535473,-0.5176396,-0.38599995,0.04700607,0.13912688,-0.7990429,0.5788988,-0.63586724,-0.6313239
avg_age:medium,0.062337667,0.9461749,-0.17256777,0.33443442,0.25661647,0.9823255,0.663205,0.33937335,0.82177496,0.66895103,-0.069965556,-0.11067192,-0.43510157,0.43349132,-0.65376675,-0.025825625,-0.30034685,-0.115652926,0.54399174,0.01852358,0.481436,-0.090045564,0.5972534,0.08277226,0.617171,0.041674253,-0.5087049,-0.08112142,1.2062501,-0.36030966,-0.023545891,-0.32098877,-0.8414323,0.18218017,0.52453333,0.64498675,-0.19212678,-0.044374514,0.2247834,-0.4894041,-0.34575075,0.33331802,0.21944366,-0.09976478,0.31799275,-1.0072947,0.035652515,0.49917778,-0.70238334,0.0054444084,0.80009806,0.06758694,0.09380783,0.21385024,-0.46850812,-0.017067041,-1.0351946,-0.41137823,-0.39402315,0.7558305,0.39150494,-0.15619802,-0.0042607565,0.30993295,-1.0010945,-0.7589251,-0.13235559,0.38875055,0.5099321,0.43110532,-0.06290876,-0.7055234,-0.89210546,-0.17678477,0.61552775,0.2218457,-0.7119278,-0.22093694,0.04664116,-0.12065156,-0.25155684,-0.38869956,-0.41199613,0.22168192,-0.59575695,0.09050037,-0.50296575,0.50170046,-0.63912755,-0.61521167,0.17213999,-0.3881553,-0.69522053,-0.23677939,0.07175273,-0.481035,-0.47197118,-1.2440354,0.61856365,0.61754525,0.8818792,-0.10062512,0.08330903,-0.75717777,0.37194237,-0.1446573,-0.8543748,-0.32638004,-0.32943273,0.09744077,0.9730909,-0.012075117,-0.7391071,-0.46759248,-0.45131728,-0.36645967,0.40960997,-0.1596588,-0.8611696,0.5926985,-0.12332348,-0.34426895,0.028857222,-1.123612,-0.57806456,0.3567034,-0.20051868,-0.49597284
basketball_per_10k:high,0.40607774,-0.029753936,-0.01316377,-0.1534799,0.18909502,0.10925377,-0.052078195,0.13193151,-0.5417174,-1.2236019,0.041211203,0.35591722,0.26254398,-0.70554847,0.49308407,-0.22744486,-0.35972404,-0.20092604,0.19917183,-0.04499822,0.9590378,0.7570284,0.66321874,1.00216,-0.15083663,0.85438436,0.1867427,0.3182086,0.92722374,0.032650847,0.50027025,0.5210542,-0.2913949,-0.24649155,0.6666245,0.313177,0.0881163,-0.67346954,0.37747744,0.3096319,0.15059993,0.88912344,0.11562738,0.3978836,-0.16113815,-0.14549448,0.054083608,-0.72721386,0.7184462,-0.09711044,-0.8705154,-0.32587337,0.67037374,0.05931021,-0.3843529,0.17071742,-0.06742979,1.134122,-0.76207054,-0.5585522,-1.032853,0.3456089,0.2063033,0.10719352,-0.2426084,-0.941938,-0.12738627,0.35009044,0.52187276,0.8496101,0.06975147,-0.3356359,0.99047726,-0.045575164,-0.7007992,-0.18655853,0.24860616,-0.055478863,0.27152956,-0.2040562,-0.19016443,-0.16510949,-0.67968744,-0.24231708,-0.255673,0.4993912,-0.012937643,0.47559986,0.5659744,-0.42199457,-0.37570897,0.41734934,0.5240267,0.29940552,-0.020737184,0.040799074,0.35213697,0.42758292,-0.41157284,0.35777837,-0.24619034,0.26552343,0.014591342,0.5723856,0.22342029,-1.0704207,0.007770386,-0.9968668,0.043210655,0.095134705,0.937829,0.67893374,0.31646752,-0.49479657,0.109283835,-0.94936883,-0.55533093,0.50834084,0.012965723,0.0647976,-0.7845755,-0.46872663,0.27899882,0.17806561,0.72692305,-0.24374259,0.25736472,-0.65780693
basketball_per_10k:low,0.9941033,0.13769306,-0.24465916,0.08428235,-0.5925258,-0.4083338,-0.8686052,-0.3695498,-0.055671,0.3268915,-0.020998789,-0.93066233,0.44961283,-0.23285946,-0.64404225,-0.087714285,-0.30766973,-0.77101374,-0.38379854,0.54807454,0.06887602,-0.69088006,-0.41786832,0.10015193,-0.71668607,0.2698986,0.7913459,1.0350069,-0.31231067,-0.07239998,-0.12924218,-0.10685279,-0.593815,-0.21296272,-0.62322503,0.37406865,0.9557863,-0.777581,0.37311018,0.74489206,-0.78541476,0.5052001,0.63332397,0.3969869,0.2337547,0.25699663,-0.2565608,0.27724203,0.10054712,0.33281264,0.7538587,0.2128576,-0.90444165,0.29299155,0.40265858,0.21771555,-0.35876623,-0.40910128,-0.4194284,0.19562638,-0.31698492,0.43001255,-0.010719574,0.34867552,-0.62722445,-0.37038457,-0.5198268,-0.38646227,0.9355683,0.3287256,0.0895199,-0.34358937,-0.5972502,-0.0071956315,0.6943494,0.26161167,0.4818631,-0.48393112,-0.14420386,0.61787367,0.19884543,0.39493212,-0.10935063,-0.704893,0.57649213,0.0702972,-0.8707159,0.31373367,-0.042263784,-0.29422092,-0.04777391,0.46237883,-0.39559162,0.09413683,-0.07920919,0.76849437,0.06652256,0.7470358,0.16741173,-0.9326201,-0.94200945,1.0200629,0.57370704,0.11707947,0.030732037,0.6080435,0.6321116,0.5379123,0.6455815,-0.3755434,-0.11330265,0.35935318,-0.40125164,0.62168264,-0.3294926,-0.4229127,0.13777193,-0.38534275,-0.17886981,-0.54722756,0.2537443,0.54416525,0.1119158,-0.43904412,0.6619663,0.2299703,-0.08342053,-0.68105394
basketball_per_10k:medium,0.42390227,-0.17114024,-0.41295114,0.41344678,0.5302449,-0.67095774,-0.107413396,0.020315059,0.31419465,0.5508593,0.5194588,0.19094014,-0.4706525,0.5634612,-0.4628338,-0.6417977,-0.9595746,-0.63962054,-0.18292812,0.33060774,-0.16873881,0.5806148,-0.5801125,0.18260396,0.25911343,-0.643605,-0.25708917,-0.44777423,-0.27615938,0.49435765,0.21692772,-0.48494294,-0.2718592,0.7996342,-0.017198749,0.31327552,0.30861393,0.891167,0.34873477,0.5841608,-0.105247274,-0.27386898,-0.40645176,0.17059219,0.10444262,-0.04502644,-0.5331405,-0.5220802,0.08903635,0.20977786,-0.36784574,-0.8287767,-0.14305934,-0.11997286,0.06299047,-0.5905941,-0.29035994,0.64692646,0.8336664,0.27243683,-0.57442933,0.58516914,0.43975836,0.09327614,-1.1792048,-0.8702361,-0.0072781662,-0.24379282,-0.24796109,0.52693766,-0.4366489,-0.42644313,-0.019305926,-0.98011607,0.32561135,0.12822488,1.0217803,-0.824896,0.33414537,-0.17171037,-0.02474531,-0.30728817,0.6603,-0.43846363,-0.6465951,-0.023079755,-0.19194895,-0.23800774,0.29279003,-0.25280598,0.03945213,-0.42158934,0.33241302,0.35383493,-0.11261678,-0.015098102,-0.54747736,-0.53043073,-0.027672078,0.67567533,0.7416238,0.14636765,0.6625546,0.26322606,-0.76676744,0.83026576,-1.189566,-0.67831314,0.8710488,0.3069445,0.12165301,-0.23496652,0.5003013,0.21593428,-0.3936711,0.08762919,-0.5003705,-0.59993315,-0.0038921568,-0.24769281,-0.18471763,0.52829444,1.0567504,-0.29653543,0.25818002,0.16503555,-0.32277957,-0.6048148
cars_per_1000:high,-0.30946437,0.8992111,0.1379626,-0.12454871,0.26120982,0.6393868,0.17088822,0.51473457,0.184522,-0.07798045,0.24698907,0.039965138,-0.8781875,0.46764418,-0.17650199,-0.21507725,0.43584594,-0.66035223,0.1608903,-0.5135782,0.354163,-0.20257042,-0.52275336,-0.8875116,0.060408868,0.2893367,-0.5731651,-0.18543337,-0.44883016,0.069520615,-0.2281448,0.8221466,0.6741207,0.40407452,-0.28295207,-0.09328368,0.03674082,-0.33260015,0.17849647,-0.5022406,0.7690762,0.040852547,-0.64542854,0.33956045,-0.2810195,-0.5742047,0.3235737,-0.2749739,0.5302923,1.1080084,-0.06604029,0.24836716,-0.38570213,0.739964,1.0082096,-0.6550471,0.1550933,-0.048711516,-0.07341752,0.84681207,0.46149874,0.29355127,-0.510024,0.58866435,-0.2321532,0.31568843,-0.26214096,-0.34517914,-0.48553005,0.48664448,-0.5738004,-0.7916705,0.14800724,0.17875788,0.1760563,0.15977056,-0.17397304,-0.30673385,0.113393694,-0.12400402,-1.058803,-0.34679037,-0.11488169,-0.705562,0.54838425,0.3231374,-0.7075457,-0.4523299,-0.44391075,0.20039113,-0.46412566,-0.4851095,-1.1681097,-0.7554002,0.11522728,-0.36294085,0.4025566,-0.0044360254,-0.7606383,0.037652183,-0.53285116,-0.043511815,-0.6900358,-0.20295069,-0.7074872,0.4185246,-0.44159582,-0.4432372,0.4452279,0.9531249,0.6154699,0.27992845,-0.15547247,-0.7823285,0.78395617,0.8360249,0.2153306,0.29734004,-0.0037141817,0.10775681,0.041551847,-0.20753089,0.087338544,0.12574942,0.5209828,-0.5156282,-0.27016208,0.644855
cars_per_1000:low,-0.88499045,0.88893247,-0.7218061,0.36532053,-0.24855185,0.17793173,0.69901854,0.20864978,-0.1831092,-0.18602036,-0.5573203,-0.3643842,0.32392785,0.17209682,0.2662967,-0.42298222,0.027201774,-0.23029004,-0.21084225,0.6017417,0.7748943,-0.32608184,-0.16211551,0.24784233,0.30613622,-0.59253764,-0.48745057,0.11988588,-0.7204418,0.4286683,0.8129893,0.217856,0.32046837,-0.5296458,-0.22129185,0.49324644,0.5674139,0.29102793,0.26960963,-0.03813543,0.059867397,0.19503583,-0.28534004,0.29492685,0.1690885,0.3734472,-0.65017164,-0.62719715,-0.5673351,-0.5144686,-0.23465408,0.1817558,0.85055834,-0.4654032,0.2661788,-0.33231214,-0.36147732,-0.2032599,-0.68575656,-0.65588576,0.007970546,-0.8126469,0.44342843,0.6049633,-0.53063345,0.5209864,-0.18920392,0.116312645,-0.105759464,0.5445555,0.19983156,-0.6849948,0.7384732,-0.4774637,-0.6104648,-0.15989469,0.48978373,0.35503486,0.026517402,-0.509646,-0.5719653,-0.21371363,-0.45396575,-0.08320785,0.38490158,-0.23750965,0.6812093,-0.8131469,-0.6181516,-0.20673263,-0.54262114,-0.08020299,0.8620183,-0.26606512,0.3156272,-0.0857653,0.5011935,-0.7000963,0.94907033,0.711777,-0.5874963,0.6960494,-0.21035248,0.26547605,-0.41725945,-0.1951381,0.051631212,-0.019985238,-0.04154571,0.76416934,-0.41806906,-0.30100685,0.6156424,-0.22359248,0.07157521,0.6285049,-0.2878587,-0.19052488,-0.09776844,-0.62225777,0.3507451,0.29119593,0.39023408,0.30414495,0.47879636,-0.74865633,-0.43983865,-0.45480925
cars_per_1000:medium,-0.06103461,0.8289901,-0.24852033,0.013514824,-0.17152156,0.31120658,0.06804816,-0.09207862,-0.8305865,0.56433934,0.0019004472,0.8883516,0.084731475,0.124745615,-0.49011838,-0.63733417,0.0013170997,-0.542052,0.37493244,-0.3139742,-0.29214436,0.054381948,0.5810219,0.3319977,0.66751736,0.18680929,-0.38517228,-0.13830939,0.0756708,-0.13980806,-0.038838457,-0.47819713,-0.6404885,0.93948936,0.708857,-0.11905064,-1.2084688,0.6196845,0.51823753,-0.47020268,-0.26918206,-0.7344912,0.7801834,0.37518784,0.08102878,0.17750172,0.2630872,0.016573941,0.45030835,0.22801414,-0.3092549,0.67930555,0.38579276,-0.011976628,-0.9857295,0.018823598,-0.0793237,-0.1408198,-0.0045323786,-0.0074828323,0.5412389,0.86792654,-0.5147722,0.92165184,-0.5692026,0.080216795,0.1364072,-0.15302941,-0.817912,0.868993,0.5448266,-0.20632258,-0.12098962,0.2547671,-0.22883292,-0.0037265732,0.009562698,0.35099962,0.058801476,0.2747339,-0.5245261,1.3337129,-0.021400161,0.6530094,0.009312751,0.054426823,-0.5598892,-0.39638132,0.7652897,0.044959743,-0.22862935,-0.4662187,0.3997573,-0.10667739,-0.4489206,0.42289883,0.78445536,-0.862729,0.7294032,-0.9577224,0.24115486,0.036762305,-0.37305847,1.0648907,-0.5116163,0.012324603,0.5121085,0.18124656,-0.85329676,-0.17830133,-0.32886976,0.20051253,-0.33121172,0.25346494,-0.04301359,0.7218354,-0.21227875,-0.21724425,0.7005863,-0.3845249,-0.5844087,0.23423083,0.40435037,-0.052497365,-0.30812398,0.022201987,0.18327992,-0.66796166
cycle_km_per_km2:high,-0.74221027,0.2439747,-0.59199744,0.12150176,0.18675083,-0.80559415,0.4842854,-0.2246543,0.48371854,-0.81034327,-0.50544447,-0.55266523,0.1376369,-0.011717272,0.35258847,0.8890743,0.6539777,0.49804685,-0.077597216,-0.29454067,-0.35711655,0.20771672,0.13763466,0.20454007,-0.04060897,0.13636631,0.42012054,-0.39759085,-0.33570924,0.55501765,-0.55250216,0.4333826,0.3238166,0.23905241,-0.05061181,0.91350013,0.13840233,-0.034425795,0.6926826,0.9686103,-0.13700028,-0.092597134,0.56176156,0.16494316,1.0708733,0.4558123,-0.25623614,0.042438615,-0.88225794,-0.30502677,-0.08486477,0.7366574,0.08392769,-0.5967647,0.37232468,-0.7252736,0.10138837,-0.39563116,0.0077083786,0.24791391,-0.85259974,0.48255405,-0.072081506,0.27949142,0.48905754,-0.12875228,0.030979533,-0.23599803,-1.2387764,0.6731437,0.53393316,-0.035129074,-0.061512195,0.11940718,0.40760475,0.19012909,-0.8149396,-0.20394562,-0.13915537,0.66371,-0.3617838,0.67142576,-0.3434974,-0.8449057,0.24455744,-0.54251295,0.6678038,-0.4444417,0.4909928,-0.29712406,0.16043682,-0.78908527,0.58275247,-0.262084,-0.75528896,-0.5590573,-0.30861527,-0.12809998,0.09387497,-0.12620597,0.09122085,0.9379756,-0.218055,0.007966512,0.17575854,0.31792954,-0.23543327,0.010300579,0.87396604,-0.25468126,0.4852407,0.504424,-0.07267394,-0.57219917,0.36354074,0.7691192,0.7487389,0.53387064,0.0628722,0.64957994,0.3096615,-0.3313715,-1.1059965,-0.3152953,0.68507594,0.5005457,0.11713969,-0.40477675
cycle_km_per_km2:low,-0.3043392,-0.730247,0.06591418,-0.23596327,-1.218106,-0.21554719,0.15795669,-0.38660672,0.24245349,0.55391425,0.3593523,-0.2668799,0.40187663,0.51839143,0.24458344,0.16989496,0.2858975,1.1204306,0.07947449,-0.07469698,-0.35954675,-0.05746276,0.27376387,0.27658063,0.18758212,0.5900651,-0.30319118,0.53248006,0.47242925,0.28436652,0.43653414,0.084721416,0.7957268,-0.24913883,-0.6912622,-0.9638048,-0.5134343,0.3380093,-0.13398094,0.38836688,0.28357315,0.19168034,-0.9509387,-0.76501596,-0.022698293,-0.7202771,-0.38442776,0.15612811,0.8742242,-0.6030281,0.71247023,0.15898034,-0.31168625,0.107402764,0.3255026,0.56400216,-0.23132598,-0.398167,-0.4886322,-0.25503695,-0.27813035,0.41891062,-0.05670922,0.44568267,0.12160046,0.76097804,0.11782213,0.13931893,-0.06474672,-0.09105597,0.22632399,-0.41245034,-0.265136,-0.68499136,0.14137416,0.16427638,0.31861243,-0.7558237,0.6463915,0.4571193,0.03023868,-0.13957801,-0.61648434,-0.27738822,-0.41589546,0.8405162,-0.16563648,0.019245036,0.30711848,-0.16361253,0.22894117,0.11310348,-0.2867523,-0.9967082,0.6524368,0.47512913,-0.118619494,-0.4070361,-0.21223877,0.9939526,-0.89559525,0.73105633,-0.51482576,-0.25665474,0.25981137,0.29480138,0.28704292,0.34596008,-0.07821059,0.1639118,0.19197547,0.41014484,0.22147551,0.9066294,-0.049899664,0.64083874,-0.27759784,-0.22842911,0.15490723,-1.012245,-0.7225016,-0.8345554,0.7554914,0.287939,0.40005708,0.14320348,-0.92076707,-0.9659632
cycle_km_per_km2:medium,0.14787717,-0.96097755,0.0031088307,0.4721506,-0.2789322,-0.7695079,0.023627456,-0.03270409,0.4071162,-0.3052741,-0.09166371,0.45769602,-1.1151286,-0.35338497,-0.32998857,0.06471091,0.6859692,-0.4891986,-0.6611401,0.017827746,-0.31526273,-0.39387697,0.5858306,0.055990193,0.8464001,-0.8569831,-0.41413364,0.37830153,0.18400753,0.34875065,-0.6370246,-0.23839542,-0.17356113,0.29299474,0.24968956,0.25933015,1.0394502,0.031233096,0.05763122,0.25401103,1.0002825,0.34481326,0.25366667,-0.5326223,-0.020295372,0.14112465,0.55756867,0.5076196,-0.5167664,-0.7150543,0.52571636,0.0058049485,-0.03015866,0.8371733,-0.44132522,0.6713257,0.22316651,-0.16067013,-0.2549059,-0.076026596,-0.6984321,0.7114646,-0.52397084,0.31704426,0.01851787,0.10577517,0.04379397,0.21398368,0.3267819,0.55909646,0.38097334,-0.5376704,0.9125096,0.8277124,-0.4474354,0.3827904,-0.46730474,-0.50032395,0.10643486,0.55547434,0.28174987,0.07410139,0.57854974,0.49080873,-0.047278095,0.7576547,0.16380566,-0.48070598,-0.048045903,0.5944782,0.61152667,-0.31110075,0.086569004,-0.13595241,0.22991444,0.11568399,-0.3846545,-0.8650356,-0.033328906,-0.30437452,-0.55587035,-0.84387386,-0.500002,0.5109634,0.6053741,0.47005305,-0.257899,-0.44468853,-0.29877925,1.1512936,-0.7852276,-0.2890579,0.3908386,-0.5829023,-0.036019698,0.90689415,-0.4906241,0.47601682,-0.49501798,-0.14661753,0.4140884,0.46979278,0.15661423,-0.19828877,0.69989884,-0.2260526,-0.33475557,-0.22157069
d01,-0.13734894,-0.81876725,-0.8368001,-0.7316628,-0.98467314,0.9502624,0.5573257,-0.08357624,-0.7681132,0.77522236,-0.55278707,0.28387606,0.6960451,0.47227922,0.08193831,0.1811712,-0.5611652,0.6188172,-0.33975732,-0.09739453,-0.15816525,-0.007860798,-0.20720638,0.10546721,-0.13975836,-0.07726004,-0.09692769,-0.41006985,-0.2985312,0.33715364,-0.30684522,0.32490626,-0.31395558,-0.30228266,0.27181432,-0.4711071,0.19856288,1.0003551,0.6536512,0.31913868,-0.10452508,0.1213363,0.7475852,0.19401567,-0.6397752,-0.30491185,-0.1857556,-0.10387623,0.47365457,-0.0151321,-0.012440677,0.5981007,0.5932698,0.4730033,-0.41954437,0.55938184,-0.1129944,0.6368475,0.30399358,0.9121709,0.6756114,-0.8911173,-0.06678218,-0.4173621,0.788439,0.5018878,-0.64404833,-0.021735586,0.33973584,0.72716165,0.2339602,0.15780014,-0.42286804,0.2641686,0.15240538,-1.0967132,-1.405052,0.18633427,-0.7147733,-0.45097834,0.46690184,0.12413821,0.49298695,-0.10534323,0.597518,-0.5455707,0.36676323,-1.0106646,-0.32244682,0.032330014,-0.29052466,0.6146135,0.24303395,0.21437794,-0.60643864,-0.000887066,-0.28935543,0.1890676,1.1390725,-0.3219498,1.0639731,-0.23140338,0.46731216,-0.910413,-0.97802454,0.37217587,0.61135095,0.5826021,-0.35514554,0.09070212,-0.30900422,0.23996821,-0.12202866,0.58550394,-0.4215984,-0.6568777,0.3133678,-0.091605544,0.47973645,0.26962554,-0.125689,0.2807519,0.5210295,-0.08361469,-0.13921097,0.03112071,0.08069959,-0.107118614
d02,-0.47811887,-1.0828946,-0.4862281,-0.94387156,0.08776425,0.70559865,0.3244589,-0.09378402,-0.376497,0.50344807,-0.17665581,0.10992072,-0.17639129,0.066267304,-0.06202564,0.45964357,-0.3300387,-0.1192057,-0.8191465,-0.19861463,-0.39965224,-0.6833604,0.26325646,0.25151902,0.54688174,-0.55855596,-0.85715926,-0.7326007,0.6244994,0.31575504,-0.50854653,-0.22390221,-0.13522145,0.46496934,1.0332917,0.15777774,-0.1771366,-0.017738601,0.57833904,0.2803204,0.29428443,0.5497826,0.24024893,-0.23636448,-0.09033308,0.43840408,0.38685572,-0.3527866,-0.12098631,0.57067025,-0.014380676,0.9619237,-0.3498502,-0.15226392,-0.055030253,0.5617648,-0.0034903097,-1.117836,0.68054044,-0.3958803,0.6445587,0.5014679,-0.1325446,-0.6036917,0.20647207,0.41694847,-0.6460688,-0.45502627,0.602309,0.67161816,0.3931431,0.1645749,0.47104135,0.5818357,0.5983345,-0.40180483,0.8175277,0.08129388,-0.6209874,-0.18334165,0.5757592,-0.10936696,-0.35249096,-0.12478588,0.23378186,0.06264232,0.29924107,-1.0028894,-0.09305209,-0.42970607,-0.33652106,-0.4024511,-0.87863654,0.0022758527,-0.66755277,-0.03355508,-0.15646175,-0.12163326,-0.77520776,0.04857527,-0.09689261,0.7469913,0.08626437,0.017536934,-1.1412266,0.20852329,-0.12389103,0.48841205,0.07453514,0.51923436,0.54389155,0.21227461,0.04554446,0.11267267,-0.32730725,-0.7302761,-0.23741189,-0.3197056,0.6332394,0.4258221,0.24243057,-0.3458285,0.1938141,-0.8757493,-0.39340085,0.80113316,-0.1837231,0.29496488
d03,-0.3557457,-0.8085138,-0.88206,-0.58695483,0.33794686,0.9484849,0.14204133,0.111317374,1.0495542,0.118760824,-0.29105243,0.06668908,-1.0006502,0.5840066,0.24224918,0.3057109,-0.21382791,-0.13751239,-0.19558066,-0.2941256,-0.09259945,0.10682332,-0.18043636,0.0034182644,0.5719526,0.20438765,-0.8514766,-0.7281308,-0.65947217,0.10900922,-0.6732118,0.55058753,-0.091341674,0.47895467,-0.8087658,0.46014205,-0.1510738,-1.1431619,0.5613501,0.29119897,-0.08363715,0.584139,0.63334835,-0.47584975,-0.72025573,-0.34956658,0.8297452,0.27720162,-0.51596934,-0.2164891,-0.7137458,0.64982927,0.45648038,0.04421418,-0.77628773,0.11318632,-0.4175616,0.43254876,-0.14901328,-0.5590858,0.6133143,-0.21849687,-0.032992627,-0.19905931,0.34870675,0.5846332,0.07980902,0.5632231,0.37805778,0.7501985,0.29020563,-0.55864596,0.6977178,0.0048766537,0.41141775,-0.6668975,1.0453901,0.4332631,-0.7413045,-0.51326776,0.10513947,-0.38833952,-0.19008744,0.0062653935,-0.05791578,0.7618422,-0.5829808,-0.6817265,0.34287858,-0.01360057,0.49085656,0.065463506,0.16607773,-0.46874166,-0.22234167,-0.62393653,-0.2932233,0.2651228,-0.14981757,0.122861266,-0.35697466,0.4875187,0.022874719,-0.86751693,-0.9109401,0.42100647,0.31225887,0.33236665,-0.5487736,-0.34830582,-0.8908256,0.50489676,0.3664604,0.22052732,-0.10342776,-0.95785433,0.24712154,-0.108517505,0.706006,-0.101988725,0.45653263,0.38503924,0.2453406,0.42255878,-0.19590408,0.093682565,0.20040756,0.49488932
d04,-0.40525654,0.1170437,-0.110167116,0.03401375,-0.44218683,1.1140752,-0.014465809,0.5282074,-0.35224915,-0.37604138,-0.062652044,-0.5230978,0.17865653,0.01303305,0.27206016,0.761228,-0.65601844,0.5460698,-0.051419415,0.07183555,-0.51930416,0.56478006,-0.75757504,-0.004184364,0.22105195,-0.33559883,-0.83161956,-0.9610342,-0.14685504,0.34648335,-0.31908545,-0.6032501,-0.4178781,-0.4222509,-0.5365898,0.04454206,-0.18273012,0.7067324,0.5678063,-0.30109707,-0.6523122,0.56640047,0.67391026,0.14768988,-0.49139243,1.1092973,-0.3456332,-0.011861411,0.77175677,-0.6273261,-0.6480535,0.022740679,-0.060902108,0.36016148,0.31854442,0.42417327,-0.23229432,-0.58256924,0.530818,0.10432952,0.6804565,-0.33590552,0.46169776,-0.2376804,0.46045548,0.2945383,0.3326732,0.891514,0.332347,0.5220127,0.3667299,0.31999126,0.3155413,0.32566145,0.039259635,-0.4288765,0.2019726,0.2687235,0.21827416,-0.58091515,0.15560055,-0.045496523,-0.05128312,0.81578094,-0.40308478,-0.029752275,0.1443049,-0.35511807,0.011872315,0.8425345,0.5765165,0.41367808,0.060004324,0.1328773,-0.5810211,-0.07860936,-0.90583754,0.03060568,-0.67500764,0.07990287,1.0414482,0.06915817,0.22810553,-0.58445734,-0.2461474,0.4874905,0.87905914,0.10479643,-0.81440306,0.15395406,0.8616054,0.7551358,0.1039603,0.1824997,-0.20039894,-1.1282867,0.29177997,0.2633079,0.06983705,0.10981498,0.05878275,-1.2381587,0.062511906,-0.80088854,-0.11002089,-0.51400054,0.30472147,0.92900026
d05,0.36960182,-0.05503856,0.20150442,0.8286934,0.19367428,0.6361352,-0.54597354,-0.07936334,1.1637176,-0.2651649,0.084999785,-0.15444037,0.38473022,0.26896,0.037496317,0.18118943,-0.88798946,-0.17776561,-0.27843,1.2261902,1.0334686,-0.32223287,-0.587024,-0.075985946,0.11510757,-1.0651853,0.34793544,-0.107582696,0.15176412,0.52429897,-1.0576216,-0.74535006,-0.5019679,-0.022920888,-0.93719083,0.062300764,0.66667604,-0.3271789,0.5491949,-0.21698429,-0.1893585,0.8332837,0.3041582,-0.46667093,-0.65850335,-0.031509176,0.75587195,-0.6505695,0.5839612,-0.22809535,-0.2765666,-0.25541133,-0.18251134,0.37885842,-0.21271665,0.45162758,0.07590286,-0.72009605,0.01802876,-0.42950293,1.0277256,-0.33493257,-0.36246178,0.18588187,0.8015919,0.48776433,0.548675,1.0662624,0.21954972,0.5444538,0.54824424,-0.27326328,0.58874965,1.3633016,0.06225414,0.31504923,-0.6611108,0.40594018,0.9116691,-0.5608487,-0.046823427,0.05044302,-0.37650207,0.020514974,0.4319367,-0.32230595,-0.37389246,-0.40500164,0.24281268,-0.16643938,1.101953,0.4501042,0.29548416,-0.6105025,-0.48207146,-0.05350071,-1.0596725,-0.09431343,0.7416408,-0.30644992,0.2516331,0.3517803,0.24270591,-0.62354916,0.51569843,-0.0013471693,-0.11381071,0.5968047,-0.7375158,-0.58675534,-0.06282569,0.8348463,0.2166832,0.34783778,0.5978444,-1.2141079,0.3947808,0.47550192,0.42630014,-0.21737298,0.06487951,0.23074345,0.22212522,0.26683903,-0.03782557,0.029733617,0.34254915,0.7767003
d06,0.009200396,-0.53629714,-0.26295084,0.58165187,-0.25329053,0.7348464,0.40827808,-0.68572223,0.13087142,-0.35084328,0.32659787,0.42822987,-0.5230349,-0.3979678,-0.40285194,0.36713853,-0.46213135,0.6624345,0.18998912,0.5584676,-0.28957713,0.11730594,0.13192385,-0.14340334,0.2030609,0.36287633,0.024846556,-0.4949506,0.36405876,-0.330499,-0.106191546,0.021643221,-0.67858267,0.71779066,0.8225017,-0.5868075,-0.09704909,0.4095436,0.69774437,0.06699752,-0.9220829,0.6046134,0.624052,0.038272712,-0.5428623,-0.36451384,-0.070420146,-0.3846482,-0.7916055,-0.2307143,0.36080506,-0.1020016,-0.58392346,0.24081212,0.2871547,-1.1219385,0.47444782,0.12306399,0.69876343,-0.24613144,1.104964,-0.1929046,-0.25725943,-0.27073303,1.2118175,0.5342448,-0.32051802,0.36762166,-0.14503175,0.6083229,0.150375,0.45453358,0.20377918,-0.11645414,-0.12902507,-0.09414801,0.46079615,0.69313353,0.49024096,0.08510795,0.15961905,0.6481586,-0.005498828,0.5102224,0.7487899,-0.5776946,0.18020067,-0.7747006,0.874511,-0.07730401,-0.35605356,0.20627202,-0.3147439,0.3867125,-0.5763285,0.14945294,-0.31059018,0.31309384,-0.601143,0.84669,-1.0803169,0.19703406,0.6805696,-1.0587505,0.3512902,-0.04289699,1.1450348,0.4727404,-0.253488,0.7233423,-0.16130514,0.7649576,0.4140498,-0.7323012,0.046847746,-0.50120133,-0.06736738,0.5149168,-1.1375498,0.6302899,0.506697,0.78388697,0.6501508,0.4426904,-0.22546326,0.36021322,0.07627208,0.365527
d07,0.02649902,-1.099873,-1.1565324,-0.22155917,-0.37801883,0.74621093,-0.43875507,-0.051992413,0.038802907,-1.4008709,0.100420475,0.62012297,0.45329714,-0.3802614,-0.38901,0.11264621,0.25589177,0.5576133,-0.61183834,0.011210681,0.40410897,0.1375117,-0.02890749,-0.124788806,0.26825804,0.45716906,1.0426805,0.9283899,-0.49444976,0.43029824,0.004462718,0.31305453,-0.24704616,0.94687897,-0.56990534,-0.29627717,-1.1253338,-0.63968575,0.64376324,0.1602541,-1.0463728,0.3160657,-0.6008221,0.62827116,-0.86584,-0.055125795,0.40034968,-0.0001865646,0.50817513,-0.38257504,0.26169556,0.19329852,-0.0435282,0.5193107,0.17512354,0.05641164,0.20411725,-1.0907867,-0.45569855,-0.50296134,1.0502795,-0.1513307,-0.033289075,-0.26935825,1.3590611,0.49982578,-0.4270059,0.08387927,-0.34905565,0.84346443,-0.13272731,-0.4124711,0.048377447,-0.6896053,0.0697347,-0.24023895,-0.35335112,0.5442764,-0.36715525,-0.3443546,0.51868117,-0.010363881,-0.22954772,0.21933515,-0.07767353,-0.49596256,0.1604081,-0.9356789,0.4222803,0.34115797,0.095261745,0.35085577,0.53883356,0.23409972,0.0026319278,-0.40453178,0.25176486,0.2557492,-0.36964175,-0.19482252,0.08325865,-1.147415,0.73733383,-1.0877808,-0.4282039,0.37242636,-0.3283163,-0.34413224,-0.3262453,-0.28047255,-0.052926145,0.5642188,-0.39211786,0.32745153,0.12063292,-0.23820023,0.6151754,0.47268265,0.11810146,-0.4353313,0.83215666,0.12671392,-0.27627707,-0.30357504,-0.044957817,-0.1695691,-0.08993771,0.19761172
d08,0.45443955,-0.8667009,-1.0771811,-0.35160756,-0.8134729,0.49652988,-0.28115636,-0.21914959,0.48882407,0.5768809,-0.13852568,-0.1174314,-1.0119745,-0.4992418,-0.67845315,0.45185322,0.14637923,0.53203773,0.41554695,0.21769376,-0.045709744,0.1405452,-0.31505835,0.14361475,0.6889275,-0.13927838,0.13005495,0.19344154,-0.9500797,0.883584,-0.40500426,-0.52245414,0.0964386,-0.18324049,0.355273,-0.51380605,-0.23898277,-0.3251314,0.47797427,0.23207107,-0.23870507,-0.20427941,0.45187682,0.28743872,-0.90634465,0.6388871,0.10207378,-0.6357383,0.48877224,-0.488057,0.035761032,-0.24399738,0.13584727,0.6669858,0.30920726,-1.1471338,-0.54389864,-0.4091624,-0.509144,0.73477113,0.87908655,-0.27150628,-0.00859305,-0.33812296,1.3205332,0.12926821,-0.748531,-0.2132759,0.27618775,0.7661271,0.23579934,-0.12003762,-0.040611383,0.9827489,-0.1636718,0.347895,0.15562397,0.3434214,-0.23365326,-0.68829805,0.5412873,-0.51794475,-0.2476701,-0.1878763,-0.058937468,-0.08951755,-0.8342536,-0.70748144,0.73316073,0.5084745,-0.11525435,0.0499589,0.17978682,0.1698471,-0.12924336,0.054151665,-0.26323563,-0.030119568,0.025543679,-0.942133,-1.1326275,0.5788319,0.7876944,-0.94376034,-0.38176358,0.6101873,-0.24717586,-0.56349194,-0.5237551,0.56933814,0.16349314,-0.09334567,-0.7188713,0.72564274,-0.047839586,-0.33376378,0.59192944,0.07521063,-0.33249137,-0.708407,0.49830607,-1.0319368,0.82948256,0.12597258,-0.081911445,-0.1929418,-0.18481374,0.20678973
d09,0.13085529,-0.6768581,-0.3992515,-0.7292502,-0.59917426,0.6928917,-0.02319172,-0.4463263,0.6295895,-1.3860074,-0.6722987,-0.66327655,-0.7220073,-0.3198367,-0.4589797,0.29464334,-0.76478386,0.44554392,0.11840675,0.11676829,-0.22637472,-0.026979089,-0.52171516,0.06566191,-0.6989929,0.17852439,0.5561526,-0.08206144,-0.5984711,0.019320441,-0.61159146,-0.44167852,0.103304096,0.045256566,-0.19503516,-0.29437307,0.8992148,0.576251,0.5718722,0.21399671,0.33950904,-0.5404084,0.71060604,-0.24507321,-0.5538803,-0.068056725,0.10206554,-0.64617205,-0.074256636,0.23654595,-0.48428333,-0.06127432,0.20262839,0.5915836,-0.24515362,-0.7902786,0.13435444,0.76143396,0.16006729,-0.50544286,0.5723044,-0.052854784,-0.10367987,-0.6184914,0.99007714,0.3205637,-1.0772995,-0.891242,0.7476899,0.87809527,0.63020504,0.11492833,0.6030519,-0.51998895,-0.3384564,-0.5471839,0.1600087,-0.24234912,-0.30715218,-0.3752642,0.7197137,-0.25119454,-0.158547,0.20437333,-0.3616284,-0.5736114,-0.16434382,-0.62560785,0.4140067,0.26614624,0.8564845,0.31105462,-0.044595156,-0.45970592,-0.17436399,-0.19320169,-0.7545702,0.8687145,-0.16298506,-0.20535938,0.34589052,-0.19872108,0.90428996,-0.68324184,-0.9021484,0.57490146,-0.20792261,0.12429118,-0.19786836,-0.11319128,-0.1126336,-0.26103875,-0.58216155,-0.5560644,-0.332446,-0.5283749,0.3525496,-0.4019006,-0.26140743,0.64901924,0.24857436,0.20562501,0.42610422,0.16372786,-0.13854773,0.099271245,0.01943211,-0.16053861
d10,0.0061131706,-0.36310896,0.08393375,0.5315183,0.23115024,0.97337055,-0.22877844,-0.61455625,-0.63477266,0.4005142,0.3643232,0.37286,0.43502238,-0.12907302,-0.24354105,0.31645936,-1.0111139,-0.1695384,-0.6799332,0.32582754,0.37566367,-0.63826925,-0.4124557,-0.037700955,-0.04887841,0.6478992,-0.06767868,-0.24861903,-0.6106028,0.14997056,0.12351547,-0.8018238,-0.4212426,0.058087707,0.9754046,0.9447627,0.24457927,0.13916548,0.6898963,-0.07236725,-0.16972417,0.89652616,-0.66188824,-0.5367369,-0.5810395,-0.12171639,-0.7947089,-0.20113695,-0.8221242,0.015490553,0.101320714,0.16185156,-0.25199416,-0.25381514,0.4069485,0.2035428,0.7243737,0.14855865,-0.057061136,0.10996922,0.871012,0.20515165,-0.39763564,-0.23043196,0.25302058,0.58730227,0.7419075,0.689416,0.4156867,0.51507133,0.0012426472,0.92227876,-0.60229164,-1.3489982,0.22877328,-0.049186688,-0.9091425,0.33291432,0.42299816,-0.47402003,-0.11617793,-0.74102813,-0.17677224,0.5568619,-0.3792255,0.59050417,0.7066017,-0.13830511,0.44753942,-0.003377067,-0.6246969,-0.15290394,-0.0606101,-0.2442552,-0.05288018,0.050522536,-1.0224285,-0.20003949,0.48856363,-0.20138511,-0.22632733,-0.28984198,0.14558634,-0.9770155,-0.088850014,0.071856566,-0.7502696,1.007251,-0.61292297,0.7186216,0.16820678,0.77049977,-0.3714938,0.31510922,0.024183754,-1.2744474,-0.0064009074,-0.17840397,-0.51373386,0.011327539,-0.5775155,-0.3288347,-0.19892392,-0.13380656,-0.22489738,0.22417106,0.9367303,0.7749958
d11,-0.3526228,-0.76845306,-0.30602458,-0.14170548,0.37603736,0.6985539,-0.40117693,-0.31673717,-0.026605941,-0.7355609,0.097914316,-0.39467737,0.4486275,-0.023271263,0.015230522,0.18269226,-0.08418505,0.122045584,1.1379735,-0.34782687,0.23690839,-0.72299415,-0.051289666,0.4481485,-0.25051215,-0.77510226,0.2204684,-0.38452145,0.62838894,0.33258727,-0.123218745,0.3338364,0.43096098,0.3333397,0.40506086,0.570523,-0.3835931,1.0116081,0.5588621,-0.10326454,0.08400251,0.8924746,-0.67677045,-0.3049558,-0.2498249,-0.5206171,0.13844924,0.19355656,0.56983656,-0.38842404,0.49313888,0.578711,-0.71392614,-0.7881787,-0.16281497,-0.3252393,-0.11479465,-0.20222114,0.36552894,0.46116635,0.24028672,-0.8432265,-0.3933222,-0.4892146,-0.17107601,0.610943,0.29889625,0.105959944,0.69510454,0.7518938,-0.033074196,0.030884176,0.4565919,0.70526654,0.99586207,0.12912448,-0.65784955,0.35589123,-0.57119673,0.100577645,-0.12824437,-0.8218164,0.115234055,-0.0739406,0.5171251,0.2200561,-0.9064861,-0.4956922,0.49744996,-0.16633318,0.036676064,-0.16813736,-0.16175824,0.28423968,0.42606133,0.12617,-0.2200998,0.8715839,-0.37349218,-0.28134388,0.58151805,-0.7725531,-0.007880133,-0.5298307,-0.57974124,0.4384339,-0.7527606,0.8851425,-0.5775136,-0.44891176,0.24435048,0.46624047,0.39136887,0.061915386,0.6977478,-1.2133633,-0.30506432,-0.28922313,-0.77963424,-0.46037886,0.40118653,0.5527471,0.021388892,0.58606875,-0.70389307,-0.63865167,0.55684763,0.88790107
d12,-0.07388635,-0.5189742,0.39999646,0.75371873,0.39524454,0.80875844,0.15259688,-1.0778551,-0.53771377,0.6816621,0.62829757,0.22680776,0.39141178,-0.36070916,-0.5908706,0.10497451,-0.759344,-0.2954152,-0.23658869,-0.5174006,-0.66852003,-0.6037853,-0.037284136,-0.42405638,0.30706236,0.38526434,0.34560862,0.12877776,0.12840149,0.6432033,-0.51505584,-0.2856339,-0.7491115,0.055408865,-1.3316509,-0.6723729,-0.7066042,-0.7305596,0.9828639,0.52718973,-0.28933755,0.63754356,0.11987745,-0.74711585,-0.29897898,-0.9196541,-0.5011785,-0.2893239,1.0802255,-0.9233677,-0.05836851,0.25919175,-0.38276437,-0.2529089,0.015222968,0.5247644,-0.036111485,0.3610384,0.121981636,-0.14513823,1.0035261,-0.0017354607,-0.5373011,-0.41800836,0.7985648,0.48200086,0.12534869,0.31080428,0.17316626,0.3883482,0.70944965,0.4014846,0.49304768,0.5685268,-0.5820443,0.5256082,0.7037324,1.3883173,0.83243394,-0.07944195,-0.16179873,0.1355715,0.37661594,-0.38060334,-0.42417288,0.23838776,0.5014443,-0.35575098,0.52213955,-0.69779,0.0535512,0.075044274,0.056650627,-0.1252948,0.39412108,-0.1824386,-0.6161558,0.5619721,0.57188666,0.03843805,0.26239794,-0.74675936,0.5858482,-0.9791217,0.25444934,-0.21149075,-0.21644105,0.42807868,0.37350768,0.5930617,-0.3369884,0.72125494,-0.97615945,0.40209636,0.5712755,-0.52734625,0.01957082,-0.28217867,-0.29676288,-0.1806195,-0.39297348,0.10082871,0.25553626,0.14018796,-0.48234826,0.062243816,0.46834475,-0.049154043
d13,-0.35360953,-0.13710473,0.66563034,0.255443,-0.23057872,0.46523023,0.54067194,-0.29159993,-0.007839016,-1.0625737,0.41617283,0.108095154,-0.34033474,-0.609826,-0.42744625,-0.19765368,-0.8126449,0.31389666,-0.13598543,-0.5648747,0.6845281,0.028126996,-0.20184101,-0.5383943,0.39969358,-0.17575921,-0.6432419,-0.5112606,0.42200902,0.6473729,0.2805295,0.25126955,-0.22583677,-0.16377175,0.87470245,0.3402355,0.27698886,-0.5251952,0.8068488,0.48601943,-0.24986415,0.5046749,-0.2527062,0.26073378,0.1131482,-0.2325954,0.023237366,-0.33752596,0.8945507,-0.45168567,-0.0676679,0.26443687,-0.30080217,-0.4811328,-0.074035764,-0.74488807,-0.36138904,-0.5726687,0.5362146,0.27998018,0.71492517,-0.3241699,-0.5146959,-0.7758562,1.0500811,0.3343359,-0.71791935,0.00923019,0.5940438,0.48998842,-0.1309008,0.869751,0.4409358,-0.48670408,-0.07901964,0.5031653,-1.330251,1.3783445,0.399831,0.47344264,0.23283072,-0.87671614,0.022668596,-0.12209848,0.33150312,0.4656116,0.24441943,-0.9480818,-0.092877716,0.3978944,0.09692402,0.09107236,0.6245787,-0.21385154,-0.4455571,0.622599,0.07404554,0.04681216,-0.2896292,-0.8253844,0.105981685,0.18198813,0.7161169,-0.52919155,0.32958153,0.15313883,-0.2868668,0.51279366,0.7408065,0.66203994,0.31675336,0.8539016,0.64660066,0.3916808,0.62119144,-0.24455342,-0.2599962,0.10717266,-0.06082444,0.60710573,0.13554592,0.4704725,-0.12008276,-0.06510812,-0.6103476,-0.26928475,0.009484384,0.08569573
d14,-0.2286673,-0.5411453,-0.02654247,0.12057166,-0.036855705,-0.1005454,0.2053942,0.25328118,-0.470898,0.48253655,0.27060714,0.038819272,-0.35012153,-0.9434618,-0.5313789,-0.054750234,0.03352207,-0.36348298,-0.3009165,0.5867388,-0.62324005,0.269999,0.12412808,-0.41463602,-0.13207115,-0.4162441,-0.4185604,-0.7830424,0.600902,0.48800343,0.15507801,0.23413205,0.17580344,1.1805756,-0.1667915,0.91312015,-0.17747334,0.50740874,0.67142606,-0.2648612,-0.82608837,0.24837011,0.23861723,-0.36291906,-0.34485525,0.10352203,-0.18012302,-0.062285278,0.46199277,0.25846693,-0.1415777,0.31042206,0.04441748,-0.08541802,0.831165,0.12880419,0.86920524,-0.2800523,0.35785335,-0.052123837,0.58966947,-0.598935,-0.4492388,-0.5149628,1.3248408,0.5842391,-0.6387896,0.05475777,0.721235,0.6612584,0.45594978,-0.06326557,0.18784937,0.21740694,-0.0415545,-0.109536245,-0.0013008926,0.91147304,-0.3940182,-0.35646066,0.27952695,-0.8814709,-0.21220845,0.38475904,0.13653491,0.65367734,0.20956919,-0.7045818,0.5835039,-0.2697749,0.30923763,-0.059605513,0.21655586,-0.5462038,0.18714592,-0.13728511,0.14300828,0.29784814,0.5314315,-1.0383366,-0.33063567,0.4904399,0.6491834,-0.47929764,0.11955215,0.42896774,-0.3963889,-0.24696204,0.5286356,-0.48984623,-0.6559314,0.62573785,-0.255239,0.6424537,0.20354244,0.1355569,0.15861478,0.6909437,-0.70912224,-0.44637287,0.5500857,-0.44881743,-0.5389969,-1.0136887,-0.5411387,-0.22965248,0.19891341,0.7257346
d15,-0.07895307,-0.79877317,-0.6335658,0.18886511,-0.027390692,0.68241465,-0.14396286,0.13765417,0.7825453,0.23779926,0.43937364,0.4842472,0.5158935,-0.6841606,-0.56678915,-0.12724869,-0.04086098,0.10692839,-0.1929579,-0.6440707,0.068584606,0.15879078,-0.62306124,-0.38050237,0.5671586,-0.9254413,0.30611986,-0.17144616,0.61141664,-0.36814532,-0.057294257,-0.62481177,-0.35795683,-0.484412,0.05538449,0.43583208,0.54006565,1.1893241,0.77430975,0.4075514,-0.58018714,0.43895996,0.14508057,0.45734742,-0.7402016,0.14974251,0.028338255,-0.25720084,-0.4392574,0.79300666,0.22686423,-0.039836362,0.25982794,0.117310554,-1.045947,1.0797454,-0.51104707,0.17985778,0.10408229,0.104329176,1.0004755,0.14870341,-0.04228011,-0.43461183,1.1979969,0.4448972,-0.14025803,0.13255824,0.19157928,0.76846427,-0.098507926,0.46858016,-0.7916753,0.7433117,-0.22867788,0.29440734,0.13818827,0.9412804,0.3584968,-0.22949962,0.3002313,0.6703465,-0.15145673,0.82705873,-0.55049086,-0.5563253,-0.6496069,-0.6820076,0.56094813,0.38638785,0.8031125,7.941155e-06,0.26007295,-0.097201824,0.27340493,-0.21330239,-0.0056353277,0.11928178,0.6588467,0.44542527,0.41982773,-0.09959404,0.77103424,-1.1013062,0.048706256,0.090480015,0.5328504,0.29591534,-0.10893221,0.6104078,-0.4013634,0.70640576,-0.109874025,-0.92319757,0.41629437,-0.45014715,-0.57009363,0.084571004,0.13787085,-0.09368205,-0.073473185,-0.6774732,-0.88545877,0.40598968,-0.2464229,0.23816615,0.4529543,0.19702944
d16,-0.07445673,-0.9640101,-0.7344661,0.2593372,0.09827105,0.37109676,-0.5512058,-0.70440257,-0.19306688,1.2397313,0.20082751,-0.12299766,0.06703959,-1.0426414,-0.97929215,0.17033948,0.21804945,-0.93703705,-0.0919377,-0.042377345,0.3518059,0.32561043,-0.48485655,-0.033394314,-0.14583379,-0.71163136,-0.9112925,-0.0968984,-0.31459045,0.29029375,0.025609333,-0.6501252,-0.19219491,-0.18256672,0.005765587,0.43484944,1.153382,-0.10621102,0.651688,-0.09471521,-0.9073235,-0.14707369,-0.34224254,-0.65881264,-0.5958189,-0.63358307,-0.041232422,-0.15206294,-0.33404362,-0.4027544,0.040889822,-0.05925593,-0.5837224,0.36873004,-0.3803638,0.5676358,0.106608205,0.3610908,-0.20369036,-0.4151487,0.7346915,0.5037825,-0.20826754,-0.42940667,1.1936132,0.6836827,-0.60566044,-0.47620967,-0.34018153,0.903091,0.037095543,0.40905285,0.10647201,-0.10999532,-0.44768354,-0.124546126,-0.55604374,0.50513846,-0.16486798,-0.14815098,0.266394,-0.51160455,0.04219024,0.31150675,-0.1814838,0.80484337,-0.018019356,-0.33486125,0.6782099,-0.3450294,-0.72034836,-0.35777017,-0.17163509,0.6029466,0.5799188,-0.27476838,-0.35566214,0.9188763,-0.18907566,-0.71869916,0.96172255,0.46550587,0.8227526,-0.8088205,-0.21376693,0.32257545,-0.64895123,-1.040855,-0.11472467,0.8244561,0.1972495,0.191152,0.45508757,0.82743293,-0.10009543,-0.06615955,0.55740654,0.25491187,-0.25317276,0.65607727,-0.12552983,-0.0027461483,-0.009218172,1.0837436,-0.50406474,-0.31743535,-0.07048828,0.33642718
d17,0.35400346,-0.63278407,-0.627047,0.0099914195,0.7289093,-0.42059663,0.12088435,-0.013355166,0.30955708,-1.1586676,-0.22418955,-0.43450817,1.2667704,-1.0103612,-0.83628225,0.39156312,0.08060478,0.38513938,0.014778577,0.4466421,0.46606556,-0.3936793,0.57834697,0.13537572,0.5234696,0.027448077,-0.30053785,-0.086941525,0.63955086,0.6023987,-0.2940651,0.06936689,0.561823,0.48034877,0.07282982,0.14096974,-0.9676269,0.49069917,0.4964623,-0.21298948,-0.025732394,-0.5234756,-0.42356566,-0.7625596,-0.39099228,-0.5577612,-0.036409855,-0.67133754,-0.764425,-0.0482831,-0.45005214,-0.29685545,-0.6972248,0.27807245,-0.07814207,0.73270607,-0.43818805,0.15370852,0.5098545,-0.44427964,0.3704534,0.064529285,-0.551884,-0.55500025,1.3331805,0.57805777,-0.6637446,-0.3632592,0.5562551,0.7668207,0.854005,0.6051094,0.7187668,-0.114059575,0.05363441,0.77933955,-0.18950394,0.4637788,-0.4467705,-0.055737134,0.10294457,-0.82200724,-0.06396906,-0.30787337,0.22580408,0.41930002,0.11362133,-0.2762176,-0.351646,-0.5619903,0.31413344,-0.15392886,0.34621787,-0.38385662,0.42436787,-0.4453868,-0.5280612,-0.5171048,0.09977994,0.06309518,0.5836191,-0.47647643,0.39351302,-0.41541317,-0.34896767,0.7452309,-0.20118842,0.4858434,-0.15787384,0.2984159,0.6164586,-0.13158731,0.7160543,-0.024104761,0.45129126,-0.007368976,-0.010740051,0.1526007,0.2996154,-0.08751974,-0.86743206,0.031485073,-0.53483987,0.04213416,-0.50952744,0.8575448,-0.017955035,0.8352715
d18,0.22950605,-0.5344436,-0.3765871,-0.31381783,0.9727306,0.6502702,0.1600666,-0.21753317,-1.0163616,0.31525964,-0.63584244,-0.09136208,0.39675143,-0.41308203,-0.43619493,0.22671534,-0.98877066,-0.027494278,-0.122397386,-0.09518642,0.6603217,-0.019428007,-0.705692,0.086485825,0.42125425,0.6088518,-0.44802302,0.5914133,0.5678921,-0.18237284,0.3327078,-0.31370223,-0.026176618,-0.28618962,-0.103309184,0.47187328,0.66584885,-0.9960064,0.54435784,0.022572687,0.25302297,-0.66780865,-0.80189157,0.36220098,-0.39564103,0.20284316,0.10278671,-0.57430243,0.35170642,0.13638009,-0.444308,-0.3131868,0.103632,0.59906787,-0.43415374,0.3858797,-0.006368911,-1.1471455,0.477836,0.8659999,0.53468484,-0.9770989,0.08792584,-0.42486838,0.92683804,0.5113156,-0.9511407,-0.8891028,0.14016259,0.7935077,0.09298459,0.38533926,-0.40261123,-0.4499316,-0.37646866,-0.29945427,0.5644271,-0.46079198,-0.26993477,-0.14576088,0.6027491,-0.8679632,0.5010014,0.32861838,0.23316775,-0.30664915,-0.23186344,-0.4873759,0.46484363,0.54970336,-0.12598051,0.39774567,-0.123852916,-0.46027535,0.1030734,0.11383292,-1.0146984,0.37353382,-0.6561282,0.64799106,-0.015143833,0.25351554,0.9154983,-0.6537756,-0.7871308,0.49250928,-0.58981735,0.32784033,-0.4978228,0.85378,-0.3805756,-0.31735075,0.26811048,-0.27805167,-0.10046866,-0.39317673,-0.022472296,-0.46682748,-0.41650698,0.6063867,0.4827239,-0.28591746,-0.66508704,-0.06941944,-0.16283874,-0.44547498,0.2245081,0.18830466
d19,0.119826324,-0.3979788,0.16528015,-0.57330906,0.6150962,0.1932338,0.37327814,-0.6371181,0.51675683,0.060686618,-0.95282525,-0.8276959,-0.96982676,-0.76695466,-0.4188571,0.32413176,-1.2065556,0.6279107,0.11435619,-0.5339411,-1.2455266,-0.11264461,-0.4591316,-0.5683827,-0.21055506,-1.0737551,-0.29762077,-0.110807255,0.48144704,0.52532554,-0.15584227,0.651377,0.3764494,-0.27438948,0.3996586,0.22651418,-0.7656227,0.24979173,0.62720895,-0.071700186,0.48451215,-0.6776827,-0.8901352,-0.056581866,-0.12248997,-0.7160946,0.12832104,-0.53749835,1.0967711,-0.08547909,-0.20409568,-0.4610638,-0.47135258,0.35702863,-0.28634802,0.5068309,0.30650866,-0.008444322,0.40440214,0.3652014,0.20577048,0.09364357,-0.5353162,-0.8964894,0.9737106,0.5976627,-0.8200211,-0.57358927,0.56755495,0.96477294,-0.23403704,0.28703701,-0.8134792,0.03938755,-0.014769295,0.24917233,-0.53917074,-0.32394055,-0.1626626,0.40977162,0.45723054,-0.3091395,0.09462441,0.15760826,-0.13114668,0.28619042,0.38753977,-0.37363157,0.040250503,0.2638146,-0.5138364,-0.016334817,1.0803638,-0.2513909,0.20304446,0.11131673,-0.65794945,0.060335454,0.11679218,0.24582204,0.40758902,0.27894798,0.7238975,-0.11248876,-1.0212287,0.47421545,0.55372983,0.56962645,-0.01551468,-0.2250497,0.21814427,0.0420404,0.5705495,0.7313797,0.61149323,-0.514798,-0.048704766,-0.4530543,0.2999446,0.08046869,0.29856914,-0.5267097,-0.86058676,0.6489311,-0.07056931,-0.5860752,0.35883552,0.085606776
d20,0.02496035,-0.64147806,0.38708928,-0.8653306,-0.35094142,0.68383586,-0.4650581,-0.19312142,-0.0586444,0.5005074,-0.21453997,-0.42632782,1.6078315,-0.69402695,-0.67759573,0.77070224,-0.9609376,-0.44655925,0.6559348,0.21463184,1.019233,-0.62573504,-0.62260854,-0.3578096,0.37163413,0.39492658,0.27181888,-0.8434263,-0.15511999,0.5132882,-0.52110004,-0.46889108,0.2168499,-0.2578528,-0.580355,-0.091402054,-0.04923193,0.14260943,0.7667983,0.049557224,0.5444842,-0.3122686,-0.06690091,-0.45020795,-0.5259318,-0.22083269,-0.30820182,-0.5717978,-0.6144003,-0.54694617,0.27319947,0.17322557,-0.28908566,0.40130398,0.3451263,0.06584535,-0.1381135,-0.039970852,0.61860675,0.058187623,0.36754808,-0.9046566,0.14288121,-0.610132,0.6948601,0.011246628,-0.342669,-0.7003852,0.062286366,0.888003,0.42877454,0.34783193,0.518572,0.5217835,-0.055313982,0.33875605,-0.8642813,-0.52243376,-0.03735457,0.25735205,0.7040073,0.67771393,0.57093513,0.03558314,-0.40093884,0.5231391,-0.45460823,0.061240934,0.69262636,-0.010460604,0.11775463,-0.7118714,-0.39438096,0.037560284,-0.3562169,-0.38556322,-0.8683012,-0.2177089,0.9031501,-0.07437989,-0.23714137,-0.45733866,0.7718858,0.06034536,-1.1003789,0.6332387,-0.008401205,0.25330058,0.15364507,-0.0943718,0.09022768,-0.0015557755,0.46187407,0.18093744,0.5243628,-0.6250237,0.15243943,-0.75344086,-0.6517033,-0.5102336,0.2906159,-0.23030613,0.04670514,0.14496227,-0.3116763,-1.009286,0.85135627,0.05097955
d21,0.6880169,-0.7263926,0.21993476,-0.55014664,0.11448707,0.3336039,-0.7756174,-0.49394342,-0.26625356,-0.028226677,0.5017737,-0.14508998,-0.9964752,-0.46588376,-0.4419831,0.21251293,-0.93656033,0.27912128,0.29073247,-0.018101256,0.38415366,-0.34217757,-0.7876156,-0.64705133,0.3667894,-0.73903304,-0.4631498,-0.7669077,-0.00266047,0.2508508,0.29176944,-0.054969948,-0.07146217,0.41178146,0.5906197,0.43454793,0.07139232,0.22405393,0.32829463,0.09112675,0.43659922,0.13747859,-0.45235825,-0.34178004,-0.17202327,-0.296026,-0.23230818,-0.14778884,-0.5850582,-0.7313975,0.058953762,0.13155149,-0.26501158,-0.3812364,0.0587964,0.075255774,0.24469514,-0.58251435,-0.16294055,0.3328427,0.5329005,-0.5255639,-0.364632,-0.7119582,0.16039161,0.39339325,-0.433808,-0.906865,-0.011080926,0.46324304,-0.7466948,0.71541023,0.6682317,0.5379804,-0.19305551,0.8535069,0.12473991,-0.65419906,-0.2598337,-0.40221095,0.07302117,0.11770714,-0.5664528,0.38766,0.9746393,0.6831861,0.27926856,-0.18854815,0.60001385,-1.1335391,0.033997837,-0.18349957,0.86915517,0.0025152708,0.38080162,0.64201653,-0.22500111,0.34986922,-0.3796308,-0.6695279,-0.85356313,-0.3196166,0.39988786,0.5254588,-1.0301262,0.23287818,0.362097,0.10738326,0.51928735,0.71118695,-0.63120407,0.12643278,-0.5198285,1.0126302,1.0320641,-0.43539843,-0.705628,-1.0167831,-0.3572401,-0.5734679,0.3804511,0.35717148,-0.18522945,0.17274112,0.031607203,0.8230305,0.953925,0.50798607
d22,-0.3561172,-1.1878879,0.0362697,-0.82063365,0.046626605,0.3707566,0.468666,-0.6663062,0.6645769,-0.68493015,0.3628272,-0.058996946,0.23820733,-0.4394454,-0.27337044,0.560628,-0.063315846,0.4210766,0.25589594,0.22001502,-0.4599116,-0.47622466,-0.5983774,-0.082810074,0.7530382,-0.14698775,-0.23720406,-0.7269166,0.68389755,0.6096677,0.20128582,-0.13387112,-0.1649926,-0.3960722,0.06141563,0.53185666,-0.21678548,-0.23016024,0.66015995,-0.15412001,0.42835867,1.0219578,-0.13820837,-0.24830456,0.28984344,0.11680712,-0.38619933,-0.3318651,0.53923225,0.33151716,0.5326119,1.0846667,-0.759272,-0.79986095,0.39292878,0.6313157,0.1598672,-0.30303633,0.4293804,-0.14310224,0.74459815,-0.39952695,-0.8348908,-0.80091214,-0.33896536,0.6132683,-0.44013098,-0.6267808,0.6251953,0.23739992,-0.7263647,0.21300435,-0.086452134,-0.80043244,0.6115446,-0.06996385,-0.68006307,0.02710323,-0.45519373,-0.11699421,0.34579325,-0.32064652,-1.108908,-0.41756564,-0.48310193,0.20896493,0.16497108,-0.93824667,0.51806104,1.14073,0.5168349,-0.46222526,-0.08073962,0.090666294,-0.4502757,0.15795381,0.20842206,-0.15434262,1.1139041,0.24859317,-0.09816048,0.24637702,-0.2540706,0.84387547,-0.9077594,-0.10538711,-0.26808637,0.23972473,0.38973516,0.29761422,0.29188427,0.1549572,0.37068945,0.8102932,0.5934967,-0.875616,-0.25746614,-0.5666553,-0.11104204,-0.22706544,0.15995523,-0.9286257,0.19007187,0.26036832,-0.29122776,0.14884019,-0.26596513,0.35624468
d23,-0.12196693,-0.44354874,0.43613696,0.66079915,-0.32069293,0.9987316,-0.012318039,-0.59552103,0.60184175,-0.20928271,0.80020714,-0.09181236,-0.70678514,-0.17912954,-0.7299829,0.38723934,-0.8879242,0.1263147,0.87217885,-0.5307304,0.35357222,-0.2850089,-0.20535254,0.2379291,0.0394261,-0.344624,-0.3080616,-0.2887611,-0.48075065,0.6792911,0.843531,0.538042,-1.0158939,0.13430077,0.07547842,1.112045,-0.12676917,0.5820431,0.409874,0.37523627,0.25339067,0.5750509,-0.44815585,0.06110489,0.20238748,-0.534945,0.8383548,-0.36960185,-1.1457684,0.42842633,-0.74680805,0.21226242,0.033494964,-0.4191977,-0.70982695,0.6717696,0.33884194,-0.99356973,0.59838,-0.104195215,0.77229726,-0.720423,0.1396806,-0.8435463,0.49369118,0.5715801,0.02083154,-0.49514237,0.59413886,-0.09048689,0.08719204,0.28195608,0.26694092,0.14542511,-0.42396095,0.29716516,0.032773536,0.78749204,0.52786636,0.28192067,-0.14822984,-0.3141174,-0.15204328,-0.039049126,0.92236584,0.31394204,-0.049820263,-0.1954749,0.43595234,1.1040269,0.111934945,-0.251007,0.06795009,-0.1801852,0.28472653,0.111108795,-0.8711189,0.39125893,-0.4092006,-0.14618205,0.30999628,0.5980746,0.28237054,-0.72533363,-0.17674242,-0.73247397,-0.19279394,0.62368304,0.40034336,-0.23992972,-0.011914318,0.40795258,0.8422309,0.6713923,0.79756385,-0.38423863,-0.5573371,-0.609289,-0.015304693,-0.28259844,1.0166436,-0.6045521,-0.4107209,0.27326325,-0.19263572,-0.25139526,0.3148062,0.2568416
families_with_children_share:high,0.42684054,0.42043158,0.0475591,0.068450004,-1.0424654,0.42787808,0.52044934,-1.2040625,-0.30977428,0.10448162,0.3203641,-0.45483682,0.41592264,-0.18383794,-0.18333703,0.32353,1.1539327,0.10449659,0.46779886,0.22213301,-0.018753221,0.8837435,0.7560361,0.28772977,0.61275077,-0.103720546,-0.23216389,0.30684155,0.33043736,-0.48714256,0.53607863,-0.4769246,-0.31522363,-0.4692977,-0.29128444,0.67595685,-0.62322265,0.25134045,-0.07366131,-0.053227533,-0.42926562,-0.7374644,1.1620812,0.9922281,-0.21140611,0.6198278,0.018906692,0.22444765,0.3356397,0.21779044,-0.7937756,-1.0888778,-0.6293513,0.16181049,0.37464887,0.5807777,0.71350414,0.27657396,0.015014065,0.46382648,0.39349303,0.054683495,1.0530456,0.71419054,-0.16496333,1.0207446,-0.51384485,-0.12356742,-0.20217766,0.64759207,-0.12983607,0.431791,-0.23204035,0.22592036,0.39920232,-0.099213235,0.07496452,-0.059215438,-0.01309786,-0.3159697,0.14918466,-0.6020491,0.4728688,-0.41859883,-0.6900168,0.6311876,-0.36209825,-0.140263,-0.46766064,0.19571981,0.06664712,0.137471,-0.4887557,0.16258357,-0.40469602,-0.1945081,-0.30624536,0.137894,-0.01583816,0.2398537,0.1620411,0.58224344,-0.65379083,0.40485185,0.8992062,-0.40578243,-0.48863828,0.6353217,0.20680866,-0.6547477,-0.30473655,0.12798822,0.07234542,0.7679164,-0.18933703,0.6911422,-0.65410465,-1.2380286,-0.3149537,0.017759228,-0.16722973,-0.262212,-0.34978867,-0.6577449,-0.0054102056,0.17046593,-0.48518384,-0.88666034
families_with_children_share:low,-0.6305998,0.14336106,0.13045907,0.8616219,0.2645604,0.09436861,-0.48423743,0.47880036,0.7946188,-0.34400955,0.16649851,0.26246667,0.34027767,-0.1138268,-0.0548776,0.16620617,-0.023518676,0.41412008,0.3943324,-0.9330437,-0.5838189,0.10554924,0.26354593,0.77316445,0.32098705,0.19430447,0.19673221,0.4914036,0.451974,-0.54945606,-0.40562633,0.26642492,-0.34582913,0.1486017,0.59843826,-0.067882076,-0.9989726,-0.077628985,0.16240762,-0.18185171,1.0557864,-0.4801687,-0.76796657,0.06550936,-0.17799108,-0.17906445,-0.45210508,-0.012073646,-0.06301765,-0.5160544,0.23628168,-0.34454808,0.049689256,-0.63373667,0.5784775,0.07999403,0.3687131,-0.16166812,-0.4438805,0.036999628,0.81113476,-0.44842777,0.23354684,-0.31638122,0.6731552,0.43175644,0.09737089,0.49057263,-0.16990109,0.7341879,-0.28683475,-0.5044322,0.21794719,-0.39501557,0.074495345,-0.21342666,-0.325944,0.018553961,0.13562141,-0.75853413,0.0906611,-0.031071395,-0.25871283,0.60368264,0.060902216,-0.6662772,0.5972285,0.077214666,-1.212648,-0.16075505,0.40607703,-0.6411644,-0.13761795,0.21282378,0.06717433,0.36721322,-0.30501485,0.8894897,0.30278268,-0.26284546,-0.540956,-0.39577165,-0.6915125,1.0783709,-0.33662325,-0.8383294,-0.13746333,-0.07615588,1.1380584,0.2706897,0.51735526,0.5217005,-0.046731204,0.6321263,-0.33359537,0.5132471,0.6023474,0.8059068,0.41385856,-0.46988678,0.6789404,-0.6799065,0.39295793,0.57565045,0.26835904,0.40415573,0.081240036,-0.98921734
families_with_children_share:medium,-0.84574676,-0.2526048,0.08215742,-0.68404627,-0.050529238,-0.233097,-0.7443851,-0.22927517,-0.1193616,-0.6784719,0.062394366,0.40937287,-0.66889495,-0.42217076,0.10658291,-0.027316475,-0.027697528,-0.009825705,-0.37890238,-0.27625528,-0.4166885,-0.5018769,-0.090943985,1.0393367,-0.99168897,-0.22769885,-0.19589323,-0.15161116,-0.6103361,-0.32092154,0.15453184,0.4582014,-0.008127685,0.3298112,-0.88000816,0.0061650863,0.12519103,-0.93762654,-0.05597053,-0.7026652,0.32115996,0.28990775,-0.41342944,1.0990044,0.37006316,-0.22648066,-0.2919281,-0.2939363,-0.27221045,0.46236312,0.25864774,-0.5955247,0.39318132,0.31769732,-0.9649036,0.23663345,-0.86914265,0.5410593,0.8248325,0.017176766,0.19129944,0.9393115,-0.1158035,0.29991138,0.69946617,0.8121716,1.1730807,0.49108505,0.007755508,0.66383445,-0.14230907,0.6554476,-0.21945651,-0.49864036,0.52607906,0.45348802,0.79285395,0.23662977,-0.3570076,-0.3320675,-0.17790067,0.15122102,-0.73427516,0.29192838,0.52123874,0.50877166,-0.43543127,0.51736265,-0.3024298,0.7320276,0.47294652,-0.12917851,-0.5523879,-0.27437857,0.17386585,0.114556015,0.16675183,0.2487686,-0.021616852,0.28330994,1.1018622,0.667918,-0.59136087,0.83053714,0.5236627,-0.60124546,-0.28257594,-0.4482399,0.5284046,-0.9789949,-0.1258571,0.30230054,0.07052531,-0.4944202,0.04387908,0.07287918,-0.24779435,0.35890093,-0.2782117,0.75679046,-0.64609146,-0.106715664,-0.13337643,-0.18160093,-0.11624103,0.69233155,0.29039472,-0.62163574
fitness_per_10k:high,-0.025847841,-0.77694726,0.88347155,-0.582308,-0.03514823,-1.2856578,0.7812196,0.7510007,0.10702777,0.15881948,0.5297803,-0.46887088,0.50205183,-0.21817465,-0.20257033,-0.12381712,0.23996186,0.2544386,-0.43137518,0.4487603,-0.7176083,-0.6808408,0.16128117,-0.81428295,0.21647966,0.17558903,-0.01735953,0.36666006,0.16002192,0.13879819,0.6257001,0.43240508,0.80874115,-0.5272401,-0.96510357,0.3149149,0.50418776,-0.23886077,0.2496985,-0.5742875,0.044804644,-0.046079252,0.46774015,0.54321545,-0.5517235,-0.9759075,-0.22571775,0.7820634,-0.24836224,0.114950836,0.36324507,0.099867426,-0.049863003,-0.10016409,-0.16972652,0.88606846,0.630915,0.29659835,0.9044383,-0.37876147,0.163507,-0.3834633,-0.15668148,-0.033123363,-0.55463105,0.21649715,1.4115777,0.507813,-0.16976213,0.3111684,-0.36381292,-0.28370085,0.13738467,0.20203155,-0.042160444,-0.13305508,-0.24115491,-0.13193999,0.1494677,0.5226019,0.9273264,-0.3857507,-0.027429886,-0.35061467,0.45190114,0.13395108,-0.4774022,-0.31973913,0.14606018,0.11566401,0.06342944,-0.19953425,0.3153569,0.25041446,0.41269255,0.5748542,-0.29678658,0.6718762,0.32022628,0.22542205,-0.25151467,-0.65930444,-0.9849129,-0.21931686,0.5175529,-0.09268728,-0.3606627,0.2476541,0.12693432,0.16145013,0.09730084,0.26119778,0.5518602,0.056158215,-0.46902785,-0.19861054,-0.4980153,0.5316593,0.09138912,0.64361703,-0.026241917,0.07168554,-0.13032411,0.32038033,0.9430567,0.64979,-0.36187798,-0.049658798
fitness_per_10k:low,-0.14731771,-0.35699534,0.13031277,0.28645933,-0.38088012,-0.83016014,0.6588577,0.353705,0.32797718,0.06156685,-0.23514676,0.48051116,-0.71412206,1.1703752,-0.52115643,0.066323414,-0.28544626,-1.0798352,-0.2904423,-0.24984597,-0.18033738,0.9278697,0.48846874,-0.38955343,0.16673437,0.46002644,0.76654637,0.15754542,-0.61133134,0.16830538,-0.2804345,-0.35678908,0.3112611,-0.42427555,-0.07767801,-0.49586767,-0.7104208,-0.17662242,-0.56001616,-1.1677258,0.057296466,-0.8046986,-0.85171765,-0.5715018,0.061304435,-0.66573447,-0.55809885,0.24846219,-0.32406652,0.14400958,-0.48645705,0.4769533,0.21800889,0.22741872,-0.566132,-0.18034968,-0.7358746,-0.10667255,0.20687926,-0.22634855,1.0447563,-0.32613808,-0.13030887,-0.8583103,-0.91307074,0.51060295,0.259669,-0.65158266,-0.594813,-0.29082933,0.22556922,-0.611464,0.9818689,0.18458089,-0.15801446,-0.04526714,0.05561198,0.98753244,0.3633119,-0.3637262,-0.2200696,-0.35477978,0.17172375,-0.17559771,0.08158056,0.38909513,0.33098683,-0.0010275273,0.06541214,-0.39219317,0.004852862,-0.091766484,0.43296802,-0.6619743,-0.62517256,0.10873258,0.44356036,0.6104814,0.067485295,-0.4689259,-0.06515851,0.2876603,-0.8255285,-0.38849407,-0.46061918,-0.18643431,-0.25499216,0.8061444,0.25200373,-0.73526883,0.76664174,-0.5078825,-0.31465748,-0.56320685,0.30759493,0.00049223215,-0.6179948,-0.572419,-0.41376954,-0.26292902,-0.36768132,-0.223598,-0.2248974,-0.23506892,0.44632548,0.19889708,0.83129597,-0.24465884
fitness_per_10k:medium,-0.33526942,-0.5404536,-0.006536771,0.020222588,-0.03293712,-0.7576379,-0.4126174,0.49359894,0.5597027,-0.074187644,-0.15644443,0.0019854188,0.826396,0.112102374,0.027352665,0.26797524,-0.35836402,0.58381087,0.4792843,-0.006888276,-0.22471258,0.14885178,-1.0103425,-0.287345,0.8709225,-1.048842,0.08608419,0.42662156,-0.49484843,-0.55834085,0.20645565,-0.053262703,0.21557568,-0.4423751,0.33284974,0.51108664,0.07836987,0.11623622,-0.49329233,0.14411247,-0.07443994,-0.2642181,0.4275499,-0.013404245,-0.035785854,0.1263481,0.2531267,0.3994799,0.44228703,-0.23619486,-0.8992969,0.37666336,0.32552016,0.5218866,0.6607224,-0.59039974,0.5607658,-0.31341574,-0.75556093,-0.12550116,-0.24532568,-0.041439675,0.28285134,-0.4447646,-0.42630926,0.70242506,0.045979388,0.11652483,-0.3869798,0.2579024,-0.22899105,0.19970737,-1.1793603,-0.581648,0.0024915,0.1067057,0.11837333,0.07933925,0.25640324,0.33618414,0.34800673,0.037459895,-0.56899697,0.48044482,-0.079931885,-0.009411383,-0.47680655,0.8207922,0.14087084,-0.34592217,-0.90684235,0.39592028,-0.67193294,-0.30425903,-0.13823712,-0.18654837,-0.3077687,-0.08405664,-0.59500855,-0.70848507,0.034327954,-0.45530328,-0.58096933,0.08906901,0.563887,0.50807685,0.46881014,0.5292877,0.4918883,-0.5871893,-1.1111453,-0.53647137,-0.18580936,-0.25181997,0.315796,-0.54780257,0.4406884,0.22651672,1.2106853,-1.1567643,0.18356478,0.25737458,-0.3882282,-1.0170783,0.8367981,0.3218387,0.5684861,-0.35028964
food_per_km2:high,-0.48086798,0.41472623,0.21883935,0.8336197,0.9244628,-0.25153187,0.44389558,0.14591978,0.22676267,0.5048165,-0.5025349,-0.31828323,0.12648797,0.336203,0.45284718,0.5061324,-0.08566251,-0.24305308,-0.1755151,0.40204662,-0.62306815,0.53906316,0.10464955,-0.39170775,0.31896028,-0.8287108,0.16607013,0.31404966,-0.5774751,-0.4634151,-0.47425205,0.5231156,0.38861606,0.42843822,-0.120284416,0.32361338,0.56593883,0.9290249,0.7842764,0.7787901,-0.34040183,-0.86942065,1.0302997,-0.1167707,-0.9114045,0.8380092,0.47280815,0.07297885,0.81859076,0.25512314,-0.025558427,-0.21692623,0.21899816,0.26429203,0.49120176,-0.27791303,0.123904966,-0.39566854,0.0526686,0.02850696,0.38726538,-0.0006161247,-0.13644958,-0.21313567,0.5345259,-0.6277052,0.9474137,-0.46230224,-0.80264,0.4645029,0.43839255,0.19147703,-0.4520148,0.29729787,-0.027648682,-0.07191469,0.043110605,-0.43533948,-0.08159,0.48566994,-0.62830824,-0.8719598,0.26497358,0.47421387,0.43234658,0.95175135,0.7679561,0.90432245,-0.62781644,0.5914693,0.63984823,-0.6713889,-0.72716224,-0.20888583,0.117196955,0.5372814,-0.3121201,0.6186642,-0.07099931,0.5532138,-0.4407023,-0.920965,0.090063736,0.09040593,-0.07331418,-0.16220734,-0.05173699,0.4299586,-0.12640822,-0.4389217,-0.15423636,0.34478703,-0.46777734,0.33087835,0.56504357,-0.5252862,0.24268422,-0.23104855,0.30741495,0.01412408,0.70911425,0.886519,0.13405001,0.5380708,-0.06179174,-0.3359954,0.32898322,-0.7241273
food_per_km2:low,-0.40809074,-0.23970954,-0.30766174,-0.0731996,0.010122867,-0.5394484,-0.33799502,-0.1940805,-0.026969317,0.020510627,0.5415711,0.39130178,-1.1394657,0.1838582,0.45544046,-0.06681981,0.7231546,-0.867526,-0.3454026,-0.012017175,0.51434636,-0.7406067,0.1962104,0.3302723,0.29810777,-0.33856776,-0.5082842,0.7055881,-0.47284597,-0.49694997,0.65481186,-0.25925756,0.34347028,0.45803428,0.94957876,-1.0455658,0.0012025489,0.33865252,0.39398038,0.37200415,-0.015585372,-0.09844178,-0.74264777,-0.6146887,0.24890412,-0.30850318,0.21107732,0.97896826,-0.1878488,-0.60622233,0.72802764,0.050642934,0.24359623,-0.6833354,-0.14715102,-0.54015285,0.42753074,0.48432133,0.6404749,0.34011415,-0.3307926,0.6380887,-0.90841484,-0.8888655,0.18198676,-0.40151083,-0.5426857,0.25804746,-0.7752717,0.4710704,0.12685671,0.5469897,0.2836065,-0.119323604,-0.30013245,0.29248703,0.2736587,-0.6546421,-0.2140844,-0.15290631,-0.84541917,-0.49060977,-0.1058183,0.5966407,0.24030676,-0.71638316,-0.13010477,0.19684358,-0.5271258,-0.6386451,-0.3305235,-0.6598924,0.67282706,0.40134153,-0.4505589,-0.65687823,-0.2829738,-0.17924531,0.2206174,0.9544939,0.2930653,-0.5341878,0.07041323,-0.26363227,0.026222292,0.058193605,0.14713207,-0.7286643,0.08051491,0.27332032,0.34313557,0.20576958,0.047981754,-0.46082196,-0.34323573,-0.53180176,-0.57769257,0.23626862,0.44929245,-0.22400033,-0.75797635,-0.19754477,-0.43884605,0.2552874,-0.40018076,-0.13334423,0.42656222,-0.6668251
food_per_km2:medium,-0.7826142,0.022019235,-0.040039416,0.46563917,-0.9763362,-0.8549836,0.23215802,-0.4358616,0.60845596,-0.0696021,-0.3551964,0.14129248,1.279357,0.27721736,0.9347506,-0.18088806,-0.26772663,-0.6112699,0.65994585,-0.2834791,0.12842168,-0.1831643,-0.07986267,-0.3765833,-0.8472869,0.65779644,-0.87395626,0.3479599,0.7028142,-0.5938438,-0.24856704,0.38965887,-0.28325507,0.0637106,-0.3148665,0.18401968,0.56913435,-0.121667914,0.7142042,0.44607756,-0.6391942,-0.5068935,-0.59264135,0.3372797,-0.3620445,0.54102933,0.3058833,-0.23970127,-0.29488564,-0.2234653,0.33667833,0.23514068,-0.62887394,0.08042969,0.47365576,1.096965,-0.2708847,0.32718074,0.6615346,-0.025265712,-0.46315187,-0.34044924,-0.13867679,-0.14043757,0.6172272,-1.0488453,0.86019826,0.61458194,-0.059685964,0.44899678,0.40511593,0.6319622,0.60724443,-0.4334642,-0.16372143,0.25653222,-0.33487734,-0.59625036,-0.38947076,0.52839005,-0.3921342,0.5346854,-0.10408251,-0.30906358,-0.3572834,-0.84856063,-0.23935394,0.13649099,-0.28180423,-0.38150182,-0.42995155,0.29490298,-0.2805069,-0.4179219,0.60770726,0.8959097,-0.63776845,-0.19497362,-0.31852686,-0.47387996,0.20947063,0.38326386,-0.1864932,0.03946528,-0.29136658,-0.14113201,-0.4710523,-0.5738177,0.28699327,0.80600345,-0.4575377,0.34785283,-0.0028414254,-0.43549767,0.29343584,0.25929606,-0.09619735,-0.54934883,-0.051736277,-0.36248043,0.63887054,0.18171023,0.401955,-0.5026872,-0.63622296,-0.46964598,-0.1192811,-0.24596886
football_per_10k:high,-0.20288134,-0.46351093,-0.07327633,-0.4473045,-0.045940638,-0.3532148,-0.42249915,-0.18802638,-0.34444934,-0.053565666,0.42089018,-0.06687765,-0.23144479,-0.37149313,0.11508172,-0.6952512,-0.6004159,0.3645282,0.8824304,-0.46014223,-0.30424687,-0.19256274,0.81930256,-0.51449686,-0.19657327,-0.0686933,-0.37724543,0.9990607,-0.20061252,0.28278077,-0.21226719,-0.15643018,0.20869365,-0.43246773,-0.9780762,-0.26757875,-0.73206973,-0.62891734,-0.56131357,-0.17216037,0.52854174,-1.1431559,0.26984626,0.52561414,0.2938195,0.66489995,0.06804915,0.22993906,0.90351975,-0.48960525,0.6472377,-0.67660284,0.9013074,0.25965542,0.134882,-0.27348235,0.6410383,-0.79581445,0.39617297,-0.27765164,-0.58274317,-0.5470706,-0.07925954,-0.38872552,-0.37528795,-1.0647234,-0.08514934,-0.3350133,-0.13425201,-0.4410336,-0.009687226,-1.1071048,-0.24211353,0.27300563,-0.72293526,-0.24678302,-0.7091855,-0.17135051,-0.30551514,-0.043205462,-0.8635097,-0.35421085,-0.11184933,0.44623882,0.21501471,-0.6314713,0.067199364,0.008507685,-0.7215424,0.14178728,-0.041805197,0.26776463,-0.27076212,0.08635391,0.4184934,0.5832872,0.95403796,-0.21972337,0.37175447,0.48422927,-0.5098901,-0.16510232,0.25716266,-0.056986675,-0.035677247,0.25925738,-0.17746745,-0.07531529,0.40704936,-0.4447089,-0.21520473,-0.2657534,0.058611833,0.06219685,0.20030566,0.90778714,-0.21808423,-0.66105217,-0.3711612,-0.22862174,0.43177038,-0.5525674,0.264055,0.067135826,-1.0054091,0.83284897,-0.52970105,0.9391471
football_per_10k:low,0.813655,-0.58948904,0.06596309,0.73395914,-0.588415,0.24927612,0.71583295,0.03406269,0.099118516,-0.804304,-0.51855767,0.16533372,-0.9728642,0.4979088,0.061196376,-0.5949673,-0.16187479,-0.9439118,-0.2503057,-0.51495606,-0.27247462,-0.41466013,0.10966367,-0.40777108,-0.16799158,-0.05224865,-0.15242061,0.29577136,-0.092418976,-0.30522513,0.373734,-0.5496732,-0.6268138,0.38867882,1.2857779,0.14220594,0.57267463,0.47493052,-0.76030535,-0.035748847,-0.006340353,0.031957705,-0.38601646,-0.01755,-0.35826102,-0.004134093,-0.44385037,-0.019029753,-0.9818314,-0.30823693,-0.653377,0.04393192,-0.349092,-0.048950285,0.05928731,-0.7881355,-0.00014916959,-0.11990819,0.32542887,-0.14409244,-0.87902355,-0.27504256,-0.0991745,0.33590254,-0.38246283,-0.28453267,-0.110422865,-0.004468818,0.4093441,-0.9084878,0.21335241,0.06935597,-0.8766108,-0.30441502,-0.0051210197,0.5662177,-0.081597134,0.34768727,-0.05380416,0.37751636,-0.50207645,0.45603275,-0.35075864,0.1187846,-0.22237977,0.028752662,0.7316197,0.3479879,-0.6335593,0.07396568,1.2070738,-0.65994906,-0.35035154,-0.609546,-0.2889501,-0.1427926,0.93967,-0.6249324,0.6259297,0.20566091,0.35214257,-0.7098957,0.104207404,-0.7382197,-0.68119454,-0.43983206,-0.017919669,0.57648796,-0.43814147,-0.15994416,-0.25830597,-0.60529464,-0.17729378,-0.87786806,0.62829834,0.51479584,-0.31746447,0.4295365,-0.30174318,-0.40675092,0.05877617,-0.5110818,0.09847004,-0.20060568,0.08813014,-0.82963413,-0.33521637,0.63822323
football_per_10k:medium,1.02162,0.051902805,-0.6033938,-0.66408235,0.018493395,0.47515336,-0.15199059,0.2364498,-0.077581584,0.300575,0.3498188,0.09274097,0.8139057,-0.36213413,0.2186599,0.0067277392,-0.50718737,0.37098607,-0.50954723,-0.0057479376,0.02391532,0.019339344,-0.008111136,-0.4460127,-0.19065109,0.62999165,0.2618212,-0.17662612,0.5499528,0.30318892,0.34884208,0.43447134,-0.20037994,-0.2059881,0.120263144,-0.28610852,-0.60850054,-0.3860431,-0.99677324,0.2914573,1.0318562,0.42697713,1.0453581,0.49574658,-0.6108816,0.48249713,0.15662725,0.027953548,-0.05779242,-0.14842336,0.77889186,0.113796964,-0.023514023,0.2627153,-0.46836722,-0.5829012,-0.44547987,0.29135102,0.59608567,0.45105273,-0.46207896,-0.47396204,-0.37909418,-0.60577875,-0.69245666,-0.86795455,0.38891307,0.37174657,-0.11512729,-0.91306275,-0.052984014,-0.2672858,0.45063272,-0.44969717,0.49628714,-0.07062007,1.08534,0.5667392,0.58153963,-0.44367254,-0.022215128,-0.5346383,0.24001691,-0.5959248,-0.011953728,-0.13588393,0.29016015,0.5295902,-0.40627527,-0.33567777,-0.5928278,0.05263632,-0.59254783,-0.13027209,-0.32271218,-0.5630833,-0.4662576,0.06180042,-0.74222606,0.10370491,1.1379184,1.599762,-0.14934526,-0.4777058,0.049750213,-0.58092177,0.17076339,-0.5129413,-0.37934342,0.73997474,0.17520772,-0.35354933,-0.6091189,-0.31654456,0.15983215,0.5285822,-0.17146628,0.36141402,-0.104082994,0.6982547,0.1816116,0.15308201,-0.933818,0.34923753,-0.13679086,-0.5891496,-0.6203579,0.35869318
gps_per_1000:high,0.58098096,0.8290593,1.1171871,-0.3605501,-0.21826217,-0.45174086,0.14841522,0.6639551,0.5649279,0.3706434,0.08593973,0.10469654,-0.6663669,0.11537774,-0.35335657,0.18582116,-0.58235294,-0.48768118,0.03398018,-0.13523942,-0.64947146,-0.14445913,0.4862126,1.1595603,-0.15772298,-0.82744014,0.3345912,0.692381,0.25688127,-0.07123236,0.2721772,0.09875935,-0.54144925,-0.8114419,-0.3033122,-0.45625848,0.12257306,-0.27368006,-0.93240005,0.016312422,-0.18248206,-0.25984177,-0.009589741,-0.74963564,0.2278868,0.1766251,-0.19736594,0.49150524,0.43103954,-0.24621075,-0.15192595,0.34860218,0.27232513,0.14841558,0.16834986,0.012731739,0.44661415,-0.064050175,-0.31421888,0.06951789,0.39108327,0.13610494,-0.055651154,0.18325473,1.1224781,-0.34025466,0.6216076,0.5332573,0.5997141,-0.6535224,-0.5697837,0.38625708,-0.33214206,1.7026381,-0.05160614,0.5730973,0.43288872,-0.3084038,-0.17694144,-0.21717657,-0.70770293,-0.7426443,0.40138528,0.2134563,0.16157193,-0.7268028,0.3666486,-0.5965279,0.014361883,-0.07946663,0.02181944,-0.047591325,-0.25579706,0.22876121,-0.25223714,0.15522124,0.032983474,-0.41048214,0.65915036,0.3856739,-0.7866077,0.464852,0.77954483,0.98537993,0.3519822,-0.38574564,0.15458447,0.14797163,-0.028327575,0.17999823,0.3845739,0.21523681,0.5208943,0.48345575,-0.4186474,0.09725227,0.38286433,0.23735052,-0.5018531,1.3007017,-0.8398195,0.9909438,0.25992483,0.19434297,-0.9503147,1.0488752,0.02006158,0.34710333
gps_per_1000:low,0.16581665,0.6710723,-0.08858607,-0.42579433,-0.38292193,-0.4465647,0.2860076,0.9832382,-0.20076042,-0.375529,0.72665626,-0.5318578,-0.5076937,0.8017016,-0.7790657,-0.38979766,-0.12916532,0.21079859,-0.24870671,-0.2728291,-0.7773823,0.005035544,0.25996968,-0.5392569,0.8665139,0.32328272,0.1886119,-0.49603233,0.564439,-0.39790797,-0.5510524,-0.19251953,-0.5555713,-0.2493017,-0.20322059,0.69434226,0.09515159,-0.79375947,-0.7473947,-0.10287486,-0.5799323,-0.20197596,0.37890008,0.41006476,0.7221795,0.69090617,0.36099246,0.4459715,-1.2844332,0.18580547,-0.59679884,0.08792003,-0.31282172,0.519795,-0.10462588,0.28912696,0.02845365,-0.11010208,0.31910697,-0.6702674,0.27336705,-0.03834378,0.46189922,0.6551764,0.29004848,0.21803343,-0.11518779,0.59258235,0.31285024,-0.93874943,0.9057202,0.58517563,-0.19488212,-0.55111647,0.56477755,-0.28559425,-0.3176987,0.020790288,0.41676623,0.16737977,-0.3814464,0.28024873,0.09575278,0.5857546,0.527847,0.6304593,0.80839384,0.0723867,0.5446372,-0.29112387,-0.12436857,0.8924813,0.51936334,-0.10226674,0.5080371,-0.5380911,0.21351267,-0.42922312,-0.09636412,-0.50900733,-0.6035226,-0.44029096,0.432576,0.22120258,0.07833935,0.16374765,0.26885697,-0.2970138,0.41668382,0.03463016,0.32467067,0.034294154,-1.1422596,-0.19362377,0.04546057,-0.18138915,-0.37726143,-0.53486675,-0.54618955,-0.86135644,-0.34532607,-0.22907755,0.27560353,0.38477895,-0.7079567,0.321634,-1.1362026,-0.41782242
gps_per_1000:medium,0.28317314,0.57741684,0.112190045,0.5151817,0.9420802,-0.0649615,0.8431945,0.093463875,0.0596931,0.49938545,-0.38970858,0.11770191,0.8636849,-0.18787907,-0.064826645,-0.6316263,-0.18847208,-0.55758935,-0.3299147,0.58685786,0.33074856,-0.22509377,0.14065236,0.55926496,0.53696513,0.5168929,-0.96535933,-0.051763512,-0.5005911,-0.37331644,0.35848048,0.5801532,-0.7474428,-0.4582997,0.5943952,-0.1319375,0.42269036,0.5143564,0.11894868,0.35522884,-0.40283102,-0.6123789,-0.584952,-0.055199265,0.006528148,0.015231424,-0.3131486,0.5560539,0.084696226,0.4510013,-0.23468547,0.75273526,-0.052467383,-0.0806219,-0.40899542,0.75760406,0.10986796,-0.628322,-0.46837288,0.46576986,-0.041061766,0.5291216,0.13269721,0.23594613,0.6270959,-0.34604853,0.10984136,-0.4351485,0.20311509,-0.7797345,-0.75958365,-0.14599699,-1.0847654,-0.8793018,-0.11621601,-0.2800717,-0.4074304,-0.78265804,-0.16676225,0.5655309,-0.20526712,0.325495,0.78756076,0.10390523,-0.5141257,0.5614575,-0.15976,-0.17295013,-0.614366,0.15203117,0.35543576,0.6873101,-0.5029149,0.90286696,-1.0199808,-0.4444845,-0.03807231,0.5823164,-0.16730857,-0.14309913,0.6895641,0.01479511,0.48253155,0.19609192,0.009386743,0.22926496,-0.3743444,-0.9501906,0.2278086,-0.17620184,0.01712763,0.0898801,0.41394237,-0.0897304,-0.9231804,0.13547125,0.26041132,0.18308473,0.6007654,-0.9050138,0.37794587,-0.40675047,0.1350741,-0.93103236,-0.7804925,-0.23959146,-0.13608551,-0.8041003
kindergartens_per_10k:high,0.1759055,0.10405578,-0.18588579,0.1834964,-0.943589,-0.48995408,-0.036742516,-0.12781137,0.20810907,0.30147877,-0.5570869,-0.14446111,-0.43660706,0.27493194,-0.06273231,-0.012013135,0.10540476,0.34242028,0.045841303,-0.0697967,-0.2544166,-0.67430824,0.006043604,-0.009922527,-0.3855417,0.57461554,0.14925578,0.36027747,-1.0022273,0.54406965,0.116163954,0.050784778,-0.6875836,0.22614254,-0.38682234,-0.16387437,-0.096955225,0.3999698,0.26359385,-0.500599,0.6089392,-0.60714597,-0.76601326,-0.14336996,0.20702219,-0.030694796,0.38743815,-0.20201616,-0.014491387,0.3563123,0.41694605,0.8714709,0.7126504,0.37758926,-0.2182335,-0.11722117,-0.123254634,0.13530572,-0.5498863,-0.27967617,-0.07797718,0.18598028,0.1566626,-0.5274272,-0.57609,-0.23498487,-0.55592054,0.91887206,0.5578153,-0.9863237,0.92326254,0.32899055,0.27258477,-0.019437026,-0.39273155,0.9390151,-0.8696505,-0.09043748,-0.6739826,0.9938075,0.33518118,-0.23071009,-0.0415107,0.29731697,0.39081576,0.09855166,0.75490266,0.24363057,-0.067005716,0.6253616,-0.49542725,0.32756642,-0.46295255,-0.17716037,-0.747394,0.3733295,-0.19263615,-0.33823943,-0.19369395,0.55102795,0.21521282,-0.20057224,0.05854016,0.98678505,0.40599206,0.56262004,0.89053965,0.33971745,-1.1262698,0.15494029,0.3103276,0.012229111,0.09272547,-0.50739646,0.9718631,0.33377635,0.6043603,0.5145061,0.24646272,-0.56163603,0.42717484,0.61333203,-0.21298552,0.19338803,-0.24542965,-0.461861,-0.39979,-0.042918783
kindergartens_per_10k:low,-0.0778863,-0.4424251,0.49256662,-0.6730028,0.11418009,-0.42943984,0.21263339,0.77429265,0.3848182,0.4111972,-0.15379563,0.620482,0.8586733,-0.4904105,-0.3116143,-0.6070991,-0.33364627,0.40492114,0.57727915,-0.7443505,0.046896704,0.75372094,0.51953703,0.5532414,-0.034749553,-0.64058095,0.09592171,0.29856756,-0.3263102,0.81490934,0.31704843,-0.7494221,-0.2556924,0.03497929,0.2135206,-0.32632723,-0.08770395,0.21519835,0.63755774,-0.2698072,0.5110774,0.06528902,0.16950606,0.49799415,-0.34991685,-0.7773108,0.047529478,0.12289744,0.60388345,-0.03194389,0.64326024,0.36752436,-0.67836684,0.7186108,0.1309101,0.43567365,0.038355228,0.5033136,0.30627152,-0.25255036,-0.10879026,1.0714225,0.62243986,-0.5257172,-0.44260386,-0.58462936,-0.18606518,0.36539108,0.63271683,-0.8214804,-0.6556907,-0.5272105,0.55242753,0.26888373,0.364014,-0.0865959,-0.24301817,-0.06886429,0.26676077,-0.17829464,-0.24500798,0.21766244,0.8073325,-0.5016443,-0.38513514,-0.64522475,0.3664762,0.02508831,-0.13870502,0.3524954,-0.43976155,0.98763883,0.72613466,0.05602123,-0.02214067,-0.278521,0.15624227,0.11267345,-0.2637082,-0.06780942,-0.073978774,-0.41248828,0.027556216,-0.023132151,0.8586837,-0.06761262,-0.9025808,-0.38413885,0.30741185,0.2365846,0.09192303,0.5318792,-0.44729513,-0.80744606,-0.96785325,0.511954,-0.6706361,-0.12650438,-0.5047633,-0.029404465,0.8715017,-0.23481058,0.5844156,-0.26045525,0.09871211,-0.8362775,0.58042544,-0.5528093
kindergartens_per_10k:medium,0.034594562,-0.87250704,-0.51737833,0.60791343,0.49221894,-0.10361911,-0.7297395,0.44107574,0.137917,0.05049359,0.4683965,0.1534099,0.33678836,-0.4009614,-0.11485851,0.4711578,-0.06976176,-0.40655634,0.13389017,0.302686,-0.5798126,0.32618335,0.54859257,0.37580127,-0.5094092,-0.41871804,-0.3903312,-0.03441082,-0.09898422,0.09930687,-0.6226519,1.23868,-0.38336948,0.13360901,0.17747042,-0.1612188,-0.6694085,-0.37645146,0.6738491,-0.035877135,0.23834983,0.042412058,0.7640691,0.37045598,-0.097664006,-0.4056212,-0.28554058,0.093525305,-0.12892227,-0.16823874,0.3912759,0.36746007,-0.3285155,-0.061450604,-0.42548126,-0.487403,-0.31094012,0.054298576,0.5863249,0.45806557,-0.92802703,-0.44755042,0.22776897,-0.5062527,-1.1268848,-0.8490899,0.34783855,-0.6073812,-0.19784637,-0.83781993,0.20548819,-0.20120294,0.3221938,-0.15514843,-0.14227994,-0.5149507,0.8821091,0.99948025,0.69528025,0.3925395,-0.1426129,-0.03976526,-0.8992002,0.31836224,-0.5530379,-0.06256403,-0.1534879,0.3797081,-0.36597306,-0.1487478,-0.3024063,-0.60106117,0.23434407,-0.16428852,-0.3959441,-0.13726723,0.29212886,-0.081453525,0.623587,-0.27199483,0.110408574,-0.4487833,0.34806493,1.2099698,-0.7440084,0.31343883,-0.34744465,0.047821525,-0.88507634,0.5082478,-0.027325802,0.742739,0.40934333,-0.26774353,-0.33456916,0.08115052,0.43416464,0.3651772,0.46108687,0.56683177,-0.68195057,0.29816577,-0.40019572,-0.70806575,-0.17994069,0.2690725,0.6879186,0.10963595
line:U1,0.6050512,-0.3281672,-0.36399466,0.5111094,0.5044757,0.5459802,-0.22998032,0.7348378,-0.3069288,0.14624292,0.16009174,0.4294968,0.23543797,0.38284296,0.7739298,-0.25423357,0.06661342,0.7654878,-0.5597979,-0.0024684025,0.65096945,-0.42736852,0.60662675,-0.2888189,-0.60647887,-0.12609026,0.5260136,-0.9929678,-0.2843931,-1.1641878,-1.0236342,-0.30299464,-0.1895531,0.13417092,-0.65430677,0.020637011,-0.966679,0.7889609,-0.85149235,0.36061504,-0.52944756,0.95564294,0.5710418,-0.5318117,-0.41930333,0.75495017,-0.06951871,0.46310505,-0.76254773,0.4850134,0.42075375,1.1177701,0.19086653,-0.020822285,-0.2936325,0.89455193,0.31650904,-0.16652639,-0.037499122,0.19671625,-1.0555577,-0.05154839,-0.29459533,-0.006860007,0.18295601,0.22055803,-0.06444663,0.4734949,0.08101535,-0.20894691,-0.61160403,-0.2672266,-0.38936496,-0.182362,0.8181572,-1.1368041,0.93268293,-0.27741992,-0.20172699,0.9237734,0.23802188,0.40922746,-0.3968772,-0.3648307,0.43033192,-0.087688275,0.7123503,-0.61022174,0.44956937,-0.872297,1.0254135,0.08806357,-0.4206747,0.6548764,0.13690996,-0.6332967,-0.3454086,0.52156895,0.33116376,0.15475531,-0.092584305,0.5677161,-0.266294,0.45136517,0.89103675,-0.04569133,-0.54618955,-0.1703873,-0.19528952,0.035815928,0.59240836,-0.07030949,0.03330726,0.31506258,0.2313903,0.2203835,0.16308522,0.19109528,0.017804489,0.13021067,-0.3514448,-0.91684824,0.27612856,0.61704737,0.56808126,-0.1465029,-0.37795898,-0.820639
line:U2,0.2995427,-0.9115606,-0.8133464,-0.085755035,0.3405621,-0.045839824,-0.011975545,0.20164675,0.1453263,0.35629958,0.039779868,-0.2085836,0.41635257,-0.25025463,0.7539714,-0.16948746,0.61142397,0.7937917,-0.18009913,-0.6341129,0.81957674,-0.38328868,0.045751534,-1.0058004,-0.83985686,0.22663283,-0.20087716,-0.34636992,-0.4203653,-0.68190074,-0.49017024,-0.3134269,-0.5193154,0.28739205,-0.9904816,-0.1977886,-0.22457223,0.19599754,-0.8143501,-0.19032896,-0.5430034,0.6686307,-0.118234456,-0.28880608,0.09911062,0.7230753,-0.08158773,0.31719717,-0.46485546,1.170655,-0.08843616,0.97895026,0.36501813,0.30288404,0.24363802,-0.096408986,-0.22222091,0.06811782,0.527058,-0.61754495,-0.8983545,-0.5122117,-0.61936337,0.47118336,0.012612493,-0.2975502,0.2311063,1.4177575,-0.07215148,-0.3741826,-0.7443496,0.61111903,0.10427579,0.16267397,-0.024205174,-0.1910028,0.3511734,-0.21849084,-0.6873067,0.89853305,0.38377336,0.08330989,-0.56014925,-0.13075443,-0.2712654,0.0671659,-0.10153624,-0.66716874,-0.07535579,-0.7280743,0.515518,-0.43681714,-0.3458202,0.0056520635,0.15046704,-0.38269585,-0.0983856,0.01758037,0.6286392,-0.2282722,-0.19388777,0.7178158,-0.2608929,-0.25388783,0.9512748,0.08492547,-0.52354616,0.3665507,-0.05158424,0.8343472,0.27241075,0.02255144,0.41806337,-0.23594935,0.29212537,-0.10933905,0.12977028,0.09296021,0.47419682,0.16559812,-0.62114525,-0.78658533,0.32278606,0.39723396,0.50204575,0.2430697,-0.09648417,-0.66875726
line:U3,0.7337718,-1.0373316,-0.8488508,0.5537981,-0.084649414,1.0120393,0.21821779,-0.45774063,0.08303097,0.16041519,-0.094872914,0.5263461,0.2158631,-0.16231558,0.870741,0.19423439,0.32529938,0.3792148,-0.13653737,0.04984057,0.10477093,0.2916032,-0.3589385,-0.5710458,-0.101436324,0.26401386,-0.28783524,-0.41545364,0.25606826,-0.49726075,0.098766044,0.52219486,-0.33511078,-0.37052888,-0.24722701,0.117931284,-0.76521266,0.2313722,-0.72318536,-0.7882352,0.53050107,0.60772336,-0.40769875,0.23936893,0.091986984,-0.6715854,-0.23151208,-0.30098048,-0.2584533,0.6916706,-0.04552993,0.6010688,-0.39973262,-0.22030778,-0.22653063,0.28179613,-0.52757955,-0.34492895,0.016322695,0.1096842,-0.046409883,-0.4453185,-0.0047011925,-0.09615078,-0.47047693,0.04270407,0.3937316,0.51230013,0.001986592,0.26831317,0.112342685,0.03052925,-0.49675697,-0.12046557,0.5181268,-0.8389216,0.8915541,0.71342725,-0.79334676,0.14822431,-0.38065305,-0.45604756,0.102970265,-0.02610205,-0.6275491,-0.04100882,0.092656255,-0.16085054,-0.34036112,0.12250482,0.2916721,0.40849304,0.520958,0.029398927,0.49982336,0.6181977,0.38116136,-1.1217356,-0.17719859,-0.6193408,0.37385628,-0.578775,-0.14182504,0.55507576,1.1553438,0.1924181,-0.06536646,-0.109747,0.7479522,-0.1606925,-0.61236864,-0.9208689,-0.4002053,0.70558256,-0.3536054,0.24213384,0.5485851,-0.40659943,-0.22699778,-0.41191217,-0.088862784,0.8377309,-0.265429,-0.4276895,0.72991925,-1.0318083,0.15781865,-0.5773038
line:U4,0.74069995,-0.4768695,-0.07356457,-0.0017848336,0.5779988,0.63105834,1.0551145,0.4919163,-0.043565024,-0.3254486,-0.45548406,-0.15407111,0.84609777,-0.811232,-0.027264107,0.095014706,-0.655752,0.3737634,-0.25737762,0.012176356,1.0699781,0.035641868,0.5205185,-1.1775798,0.5580026,0.15125267,0.16561234,-0.9911208,0.5873068,0.26351658,-0.4323401,-0.14435324,0.2764843,-0.13013898,-0.6227737,-0.6170102,-0.21867402,0.68876934,-1.0345004,-0.6487257,-0.07430531,0.009832339,0.71315414,-0.17547674,0.59180576,-0.6556025,-0.7027835,0.6568551,-0.9148166,0.076332636,0.10466154,0.4190854,-0.049999315,-0.07988044,0.24996287,0.16522627,-0.3884699,0.45319298,0.76151633,-0.3080306,-0.35159045,-0.33015653,0.20768107,0.65873563,-1.1800579,0.11715274,-1.070742,0.20838419,0.90748394,0.17010514,-0.5630517,0.460276,-0.24630408,-0.20238091,-0.2685041,-0.51159966,0.29504055,0.19075258,-0.19790886,-0.059318822,1.0080355,0.31850538,0.2964607,-0.04878172,0.3281208,-0.13558,0.02387475,0.024380673,-0.56200033,0.11022494,-0.07314039,0.14581408,-0.044456854,0.54426277,0.038527668,0.39669514,-0.01447519,-0.86463374,-0.26739827,-0.17625514,0.29424843,0.1040889,-0.878524,0.43092698,0.29671615,0.14644131,-0.57319766,-0.6575694,-0.19017884,0.14316818,-0.22773986,-0.10433436,0.42810798,0.14757437,-0.23647575,0.021786883,0.2253643,0.038741708,-0.4089826,0.85787827,0.21246569,0.8844743,-0.24529006,0.11205638,0.7538561,-0.41244125,0.6418755,-0.54479116
line:U6,0.092356265,-1.004269,-0.83964354,-0.8966053,-0.3676468,0.9215402,-0.520652,0.5538837,0.10208616,-0.27185488,0.41565537,0.20605543,0.46141717,-0.37896636,-0.7348628,0.1647482,0.06002945,0.06256804,0.3568578,0.6914633,-0.18626565,-0.44257724,-0.38826945,-0.33557972,-0.5364063,0.0860492,0.22608913,0.43059206,-0.21675579,-0.12698007,0.62059444,-0.13184361,0.21882558,0.24916835,0.6021061,0.4494222,0.23920064,0.49090767,-0.6504245,-0.8406933,0.13532805,-0.19392431,-0.18944079,-0.1138981,0.10247626,0.054076787,0.13067882,0.3863927,0.99976313,-0.074219815,-0.193435,-0.29457664,0.19791876,0.12710357,-0.7384937,0.11706827,-0.72699964,-0.53203446,-0.39357442,0.0492729,-0.8861322,-0.6141695,0.30967748,0.35178655,-1.1958361,0.05731978,-0.16770658,-0.06453868,0.1115104,-0.03603504,0.31532672,0.47770405,0.19873607,0.2605737,-0.83460265,0.3289642,-0.85462546,-0.4572535,-0.5242958,0.37473652,0.3124046,0.32105076,-0.4189303,0.27284572,-0.65885425,-0.24558422,0.71941155,-0.16638722,-0.8679504,-0.47524026,-0.19822082,0.27807987,0.36879334,-0.26546323,-0.22903983,-0.34565106,-0.70354605,-0.8579182,0.59340805,-0.09643988,0.3460179,-0.12717503,-0.94934136,0.36899778,0.6684237,-0.224785,0.18477798,0.39685687,0.65118253,0.4624021,-0.6512357,0.17400202,0.03032087,-0.19583866,-0.38488084,-0.21268515,-0.14877349,0.50013447,-0.5882758,-0.09134198,-0.63858974,-0.53557605,-0.21795507,-0.47440192,0.5673392,-0.079687655,-0.26471433,-0.54045624
minutes_to_centre:high,-0.1289446,0.42021608,0.6302194,0.7941067,0.21330386,-0.86139315,0.009947112,0.054767817,0.921923,-0.015258729,-0.52823263,0.56712663,0.33753556,0.043382876,-0.29328364,0.03107127,-0.8195633,-0.094441615,0.25388753,0.17008793,0.78960294,0.36787137,-0.63730973,-0.068188295,-0.33384252,0.41410604,0.13397199,0.3660772,-1.047472,-0.17921396,0.20559116,-0.52267057,0.6649133,0.010748811,-0.06426171,0.9048778,-0.6156222,0.10718398,0.22988626,0.55834126,0.35552195,0.7420799,0.78149587,-1.0641629,0.2837063,-0.43320608,0.16557732,0.03965543,-0.28252012,-0.6636716,0.628724,-1.0199223,-0.30878636,0.3514103,-0.1897622,0.4446976,-0.002060532,-0.61442494,0.074337326,0.5427408,0.31647098,-0.4054764,-0.45659885,1.0411432,-0.61585677,-0.30794442,-0.48438576,0.13159393,0.24168427,0.045711767,-0.7352923,-0.6866747,-0.034462243,-0.8882395,-0.5990434,-0.5799333,-0.74471664,0.19337426,-0.3306578,-0.14186336,-0.36760816,-0.36960348,-0.48491463,0.01338551,-1.1642774,0.65710515,-0.095583506,0.05938312,-0.47508824,-0.3624151,0.11537692,-0.50482047,0.079308316,-0.63637024,-0.16100742,0.03881108,0.72168094,-0.07583749,0.39279592,-0.49605632,0.28598619,0.38313866,-0.04082845,0.24530031,0.07126563,0.30799258,0.19456306,-0.3452854,-0.4847407,0.23881608,0.26252264,-1.1391032,-0.040648103,-0.5050714,0.87657964,-0.5108807,-0.41183195,-0.44924664,0.2105418,-0.12632033,-0.4472586,-0.36805245,-0.115444444,-0.17067187,-0.6577437,-0.53336614,-0.45476365,0.22256112
minutes_to_centre:low,-0.019995276,1.1498299,-0.9446574,-0.91196096,0.3323458,-1.0250081,-0.81839275,0.3193991,0.7196705,0.071525306,0.52352947,-0.40520906,-0.49630547,-0.059862208,1.3223407,0.6877636,0.15355836,0.8155062,-0.41267443,-0.27781743,0.034287002,-0.45651248,0.023266284,-0.65338856,-0.5168492,-0.023867372,0.22650182,-0.37017736,0.3182954,0.39505088,0.51492816,0.11137334,-0.242761,0.55934185,0.17280468,-0.27895594,0.35134968,-0.30237722,0.30629367,0.78538173,0.043026663,-0.8066531,-0.17843123,0.11981365,0.65112215,0.27015126,0.43157104,0.6878931,-0.17879862,-0.30102643,-0.7958075,-0.040206887,0.5954057,-0.4338063,0.4749762,-0.2324013,0.71063185,0.1527847,-0.004547788,0.02627567,-0.2390923,-0.7674635,0.19897284,0.01642547,-0.98489803,0.3199313,1.3126072,0.03309898,0.26845875,-0.81190693,0.68564147,0.18206552,-0.031474337,-0.45699203,-0.019309249,0.33810043,0.0067686173,-0.13646646,-0.2360421,0.23644899,0.52182317,-0.555292,0.114956975,-0.31403658,-0.48354915,-0.116389506,-0.5031802,-0.8951109,0.061458293,-0.011201836,0.3459824,-0.34009522,-0.10018951,-0.51931334,-0.59758055,0.060050394,0.6055551,-0.29112005,0.28457132,-0.08543984,-0.34866446,-0.5924144,-0.11953698,0.04754687,-1.1310549,0.19985794,0.56106174,0.19481751,-0.6893262,0.35619754,0.28912985,0.058639947,-0.18507744,-0.1412421,0.037020497,-0.37525794,0.3462091,0.63943154,0.55178833,-0.057071846,-0.017347196,0.040535074,0.24236852,-0.28376275,-0.5933515,-0.119095854,0.13136382,0.27235925
minutes_to_centre:medium,0.6943256,0.77030545,-0.24900374,-0.61413556,-0.072681375,-0.8387598,0.18110508,0.06408944,-0.00500291,0.17788729,0.15112594,0.43584877,0.7889947,-0.6164741,0.13381119,-0.32074824,-0.37977427,-0.11915054,0.38464072,0.19414116,-0.69676816,0.964349,-1.209274,-0.48002982,-0.6075097,-0.6884485,-0.049801257,0.9963714,-0.3071975,0.9077417,0.11139507,0.034173876,0.34800404,-0.4679366,-0.3896412,0.4220459,-0.7917045,-0.37779203,0.561057,-0.6914457,-0.24755628,-0.023488611,0.22898348,0.6450758,0.105936065,0.26167816,-0.9526654,0.22764294,0.72046465,-1.066241,0.1752158,-0.5031072,-0.7444152,0.022930067,-0.022492675,-0.70981604,-0.30395618,1.0298977,0.21314336,0.27448517,0.13101403,0.6208904,0.08812795,0.07774739,-0.29119042,-0.117026486,-0.20061235,0.14795819,-0.0372996,-0.51445764,-0.31782895,-0.29485464,-0.30205542,0.45189106,0.16937903,0.72995645,-0.14089215,-0.7503696,-0.44937155,0.7487152,0.2660521,-0.03817597,-0.3873538,-0.076096416,0.5539318,0.10733978,0.032108504,0.34420395,-0.40005237,-0.9196107,0.8603991,-0.03005152,-0.31860787,0.25483337,-0.13088506,-0.65589213,0.152161,0.116641454,-0.3968434,0.15259613,-0.2777429,0.5017678,-0.52994096,-0.048675567,-0.6637505,0.28778568,-0.28534156,-0.6960377,0.12773006,0.4074419,0.417066,-0.17672487,0.681682,-0.43171906,0.13249813,-0.5119665,0.5142289,0.36948252,-0.32202232,0.79749703,-0.14841545,-0.51507306,0.28991354,0.68538547,-0.5379756,-0.37190172,-0.04288937,0.56868666
museums:high,0.63602024,0.7585891,-0.10598648,-0.2409207,-0.7807604,-0.7603174,-0.7131202,0.17116761,0.14017417,0.050025307,0.057915136,0.8744834,0.1104695,-0.5310483,-0.04406207,0.17615551,-0.20487921,0.37140664,0.9470877,-0.4973005,-0.36471432,-0.16887103,0.12949625,-0.555026,0.60602033,0.146827,-0.48279238,-0.74049747,0.53544647,0.6423988,-0.11720683,-0.52647084,0.08661554,-0.9476516,0.91673714,0.10215008,0.37747678,-0.24485198,-0.64552397,-0.75724113,0.068036415,-0.48163682,-0.26585153,0.41544315,-0.593696,0.09730449,-0.38342524,0.4068523,-0.32035413,-0.14338538,0.28296986,0.7237738,-0.58394355,-0.31908783,-0.0034141485,-0.08294784,0.32662493,0.073824905,-0.13191961,0.24830228,-0.09036357,0.05226363,0.25715616,0.06405613,0.7272597,-0.6448123,-0.20305403,-0.24912123,-0.27273747,0.50482595,-0.43557343,-0.5910847,-0.36193886,0.047257088,0.48130018,0.47739848,-0.6142216,-0.2930791,0.7202017,-0.7468438,-0.47870356,0.10718711,-0.23209205,-0.59219885,0.33276612,-0.29701003,0.31772348,0.8081783,-0.40861014,-0.06953897,0.27501333,0.2899257,0.3264063,-0.63839805,-0.7050605,0.28127158,0.18786912,-0.88174534,-0.17166471,0.6945853,0.23895422,0.07824958,0.18500315,0.2497711,0.5564891,-0.047095742,-0.653305,-0.31395367,-0.32217395,-1.150828,1.5073342,-0.28186482,-0.263636,-0.45451748,-0.3728692,0.35044375,-0.8572929,-0.55615455,-0.2517351,0.013486169,-0.6903161,0.26671645,-0.24622706,0.55273914,-0.45951474,0.7064621,-0.048069388,0.38777703
museums:low,0.35663116,0.69563735,0.21304989,0.5493809,-0.10005638,-0.08047853,0.64784265,0.06888854,0.37316915,-0.17124103,-0.53951323,-0.2631671,0.35006702,0.78642523,0.8595153,0.17949972,0.19684114,0.46231118,-0.116996296,-0.12012652,0.70212954,-0.017605167,0.7818937,0.4741221,-0.29146507,0.4087475,0.45183915,0.0055589937,0.07388418,0.28036523,-0.11744834,0.5421479,1.1556786,0.16598196,-0.361198,-0.89374894,0.5747625,0.009432396,-0.808531,-0.23619343,-0.3874618,0.12758565,-0.94186157,0.61004305,0.07186327,-0.6396457,0.44505456,0.15253626,0.7510731,0.20278865,-0.44804123,0.087263316,0.21313542,-0.15664618,-0.051353894,-0.4704362,-0.2063401,-0.26862463,-0.40842864,0.16940078,-0.40935048,0.14837053,0.1361385,0.45866877,-0.23810191,-0.27636716,0.027318854,-0.24402966,0.027976554,0.91520315,-0.5614794,0.92449224,0.19625229,0.8426013,-0.4120325,-0.037707377,-0.2951413,0.05304707,0.09874502,0.10284602,-0.84979874,-0.25983903,0.22499831,-0.5179019,0.6432511,0.28976434,0.6072956,0.11154904,-0.7840378,0.17618445,-0.8178704,-0.6199368,0.73854,0.14971977,0.64893866,0.40747008,-0.21513696,0.16556785,0.19764392,0.71320206,-0.6484841,0.23304632,-0.11243367,0.053731594,0.5190624,-0.18247408,0.628215,-0.28065103,-0.34703484,0.5562257,0.25049978,-0.14937314,1.2948352,-0.17109096,-0.38807058,-0.36635414,0.14464962,0.65296733,0.4021865,0.079524994,-0.74735034,-0.5493306,-0.4273452,-0.5153603,-0.68821293,0.5543476,-0.9181366,0.44182926
museums:medium,0.5159505,0.88955534,0.16984308,0.0061844327,-0.12886049,-0.7145741,-0.40555516,-0.93101996,-0.7276709,0.32015547,-0.057989232,-0.40860653,-0.2026474,0.36238843,0.61719966,-0.043506037,0.095746644,-0.7558375,-0.20960604,0.38457426,-0.7102493,-0.22448063,0.20123819,-0.09680128,-0.6583176,-0.36926225,-0.12578183,-0.13571621,0.59094685,0.0041146684,0.28352314,0.21733548,-0.16518891,0.43538097,0.056399725,-0.10128044,-0.39297834,-0.22097814,-1.0100921,-0.03634043,0.41978034,0.29242176,1.1406572,0.008195525,-0.20256923,-0.83142775,0.14866357,0.82146347,-0.41829017,-0.074830964,-0.74873686,-0.018963264,0.69880533,0.12571968,0.45151138,-0.3455759,0.1909319,0.076847404,0.47173905,0.3481879,-0.52343315,-0.080133446,0.78669965,-0.30180606,0.60407716,-0.703647,-0.6173956,-0.022004502,0.03396539,0.3382139,0.5428429,0.86279786,-0.105057776,-0.122057356,-0.073336676,0.021103997,0.06331551,-0.9876622,-0.5890318,0.46931267,-0.84028274,0.4998907,-0.041926313,-0.21649165,-1.2744704,-0.18949418,0.32359356,1.0938165,-0.83186626,0.16180906,-0.07311807,-0.47181955,-1.0468829,0.1366716,-0.19895282,-0.14809924,-0.44222873,-0.034860108,-0.6096549,-0.7591444,0.29728,0.18470901,0.08119958,-0.05289589,0.0917045,0.45539483,0.3612282,-0.57690006,0.19887966,0.42474666,-0.036211807,-0.09572061,-0.7435759,0.34397075,0.5154663,-0.45079425,0.29535174,0.39203066,0.3051399,-0.36629686,0.04639606,-0.0920803,-0.4778136,-0.7509644,-0.8913696,-0.22746147,0.37253848,0.56162983
net_income:high,-0.053523574,-0.10051679,1.2837963,0.23000616,0.6095159,-1.2424043,0.59237325,0.28999892,0.4402247,-0.49376425,0.794182,-1.04743,0.38710827,0.4180724,0.58415854,-0.21618295,-1.0626003,0.8934809,-0.41189727,0.114951976,0.17426234,0.6069484,-0.40756375,-0.45286366,-0.24862047,0.22463185,0.27763072,-0.621373,-0.22933814,-0.17876793,-0.33559236,0.054363932,-0.37756705,-0.5200504,0.3672321,-0.21346636,-0.53473675,0.34109178,-1.0947964,0.45688796,0.8497257,-0.5834284,-0.36561668,0.24534984,0.4367609,0.5502881,0.4611981,0.3980754,-0.6184288,0.2819423,-0.3925845,0.38435185,-0.22304371,-0.114349976,-0.6832416,0.6680642,-0.26117086,-0.1696609,-0.96869636,0.71492285,0.05798971,0.40115988,-0.30268016,-0.14381246,-0.7971581,-0.8583631,0.7061472,0.0891696,0.67728007,0.07731814,0.49197394,0.30692583,0.2627365,0.052292444,-1.4736917,-0.4587275,-0.09356873,0.22187442,0.0401197,-0.1915113,0.7283279,-0.13085525,0.12391743,-0.113259204,0.4605737,-0.3461272,-0.48724258,-0.10991087,0.3342272,0.45855197,0.26210386,-0.23378004,-0.42377597,-0.37077567,-0.304303,0.12895565,0.040938426,-0.12573488,0.09271629,0.3167463,0.85059124,-0.045073282,-0.30866677,0.37979773,0.47199786,-0.056739468,0.2228072,-0.0037952256,0.2805807,-0.6394253,0.20446967,0.48745865,-0.578948,0.21135007,0.068186216,-0.18195143,0.4294936,0.8942738,0.3870536,-0.57294506,0.25461328,0.07384594,0.4262363,-0.21044391,-0.05220603,-0.047169153,0.22474626,0.7270939
net_income:low,-0.11850828,0.36097735,-0.049989436,-0.27917603,0.6781467,-1.1103745,-0.6819419,0.52766347,-0.38593116,0.38348994,-0.1957795,0.22212453,1.1642103,0.5770609,-0.44515026,-0.23833485,-0.12630215,-0.2545015,-0.10390521,0.011448748,0.42191318,-0.634934,0.09998948,-0.084427595,0.63213307,-0.50236213,-0.24155205,0.36046863,-0.31475002,0.04301676,-0.96592444,0.3100272,-0.72765714,-0.099113844,0.42949593,0.2241669,-0.42974153,-0.14256622,-0.93585944,0.8219186,0.041643966,0.38701388,-0.26635337,-1.0212369,0.47253296,0.47915664,-0.52730805,0.6558396,0.5489463,-0.20166008,0.5553989,0.7713897,-0.1378496,-0.181749,-0.2712881,-0.80756325,0.83141226,-0.11563784,-0.40177596,0.30593666,-0.79675937,0.17734145,0.23427466,0.8075759,-0.9695483,-0.5375436,-0.5314317,0.17560223,-0.38128743,0.15287684,0.3923182,0.37668106,0.39119232,0.22122146,0.09031395,0.7887305,1.1967659,-0.7408897,-0.61412483,0.31825992,-0.066073194,-0.040736724,0.032116957,0.3961965,-0.79655844,-0.2486204,-0.2743982,0.09365104,-0.0036329362,-0.13779128,-0.050492734,-0.1302207,0.038583267,-0.45240912,-0.16547358,-0.897707,0.3252383,-0.2783619,0.4186584,-0.35602888,0.36077008,-0.80060893,0.2738258,-0.09559396,0.02402135,0.36792967,-0.5015485,-0.11722558,-0.50189567,-0.64888835,-0.038804017,-0.3144457,0.19593337,-0.045297608,0.1352594,0.47503933,-0.50146633,0.07509475,0.031071054,-0.70818144,-0.47023597,-0.3710651,0.4551832,0.5676688,-0.34833562,-0.05099959,0.9256497,-0.23019943
net_income:medium,-0.06255392,0.4392383,0.061541528,0.754934,0.36897305,-0.001286036,0.050403744,0.09892323,-0.73927385,0.9995016,0.043132175,0.17551155,-0.7865044,0.4137795,0.32675165,-0.18189959,-0.4810538,-0.45934656,-0.059978228,-0.5118132,0.6749568,-0.6102835,-0.42286432,0.12729535,0.31183413,-0.2759494,0.7868132,0.77412486,-0.24367046,0.10532986,-0.01045415,-0.3031863,0.116163135,0.14707105,-0.4246096,-0.33711562,0.03080358,0.48048124,-0.33950886,0.06470521,0.5967256,0.6068178,0.36880022,0.18560424,-0.7297652,-0.13252473,0.674775,0.4295057,0.54390055,0.9014179,-0.113435306,-0.34763646,0.09479324,0.4350553,0.4385169,-0.90791976,-1.0631552,-0.14432468,-0.6085737,-0.67101294,-0.51523876,0.54902565,0.5578552,0.74141586,-0.61222905,-0.7160629,0.64364076,0.1032005,0.7578901,0.11107078,0.49263543,-0.21220782,-0.5617489,0.13708246,0.6721526,0.3398717,-0.62249994,-0.6237943,-0.77312255,0.6753161,-0.07212563,-0.4544316,-0.49006996,-0.19892292,1.2552155,0.20847926,0.31657866,-0.36447212,0.7114629,0.0034597465,-0.66493833,-0.6174734,0.29266617,-0.54099214,0.44099984,0.16195185,0.46721336,1.1911961,-0.090521865,-1.0078341,-0.78903896,-0.04087056,-0.30998942,0.18931359,0.012181485,-0.48015043,-0.18524438,-0.108435124,0.28629544,0.11062507,-0.32198852,-0.45079985,0.6381586,-0.033250686,0.5715215,0.48567346,-0.20507967,0.10060823,-0.2717794,-0.16306949,0.548813,1.2494848,0.45965564,-0.62904674,-0.32006133,-0.30460253,0.34660062,0.3151144
nightlife_per_km2:high,0.7235374,-0.17495762,0.608162,0.13218716,0.76769596,0.6337857,-0.56272644,0.10527409,0.59017974,-0.3938319,0.03515927,0.13699307,-0.67572755,0.048825435,0.1615796,-0.8924147,-0.054786783,0.59974706,-0.22237734,0.48953223,-0.23200737,-0.9125994,0.59198666,-0.15774646,-0.107101664,-0.573895,0.5440094,0.6075955,-0.13847706,-0.17525412,-0.6431064,-0.3895694,-0.6733218,0.38324732,-0.079943016,-0.30989552,-0.54692805,-0.8651694,-0.8933701,0.83267874,0.47709343,-0.0700674,-0.9423692,0.5422263,-0.46572274,0.1775064,0.40395138,1.0135999,-0.38492954,-0.24502634,0.20295322,0.30990943,0.2807692,-0.70518893,0.112655275,0.3304812,0.26092398,-0.20861499,0.41109493,0.31455758,0.87727714,0.3928152,-0.14543752,-0.08454754,0.90027153,0.04533938,0.07796339,0.48192295,0.4729762,0.519789,0.038601223,-0.017020676,0.04447192,0.14579561,-0.3471372,-0.028296502,-0.2177631,-0.1400928,-0.11462273,0.4282429,-0.614319,0.7130026,0.01071989,-0.30580747,-0.30149737,-0.7246386,0.19549286,0.8521515,-0.52741814,-0.039878566,-1.0180706,-0.38050538,0.1634776,0.32119521,0.79700184,0.5909634,-0.11861855,0.493589,0.2918223,-0.21806985,0.2148893,0.5507697,0.0459781,-0.46802142,0.23786163,-0.10715609,0.24199879,-0.25506964,0.95280224,0.24502294,0.103692,-0.4469626,-0.80520093,-0.082419865,0.031927016,0.7243568,-0.6501552,-0.7669402,-0.1870146,0.14108191,-0.31763875,-0.28433004,-0.5978298,0.1273512,0.8485814,-0.61634815,-0.20635602,0.06624024
nightlife_per_km2:low,0.5353905,0.33261767,-0.25577277,-0.0022660904,0.34795702,-0.44689587,-0.113962665,-0.3857539,0.14743285,-1.081878,-0.345046,-0.27409148,-0.37415558,-0.18601198,0.50632465,-0.02372399,0.33838445,1.0715532,-0.724571,-0.18349342,-0.392137,0.70960593,0.047903176,0.5138896,-0.406897,-0.24860863,0.7239666,0.26235017,0.8561869,0.04934627,0.28847924,0.6403929,0.5076398,0.48357344,0.53474325,0.5214936,-0.1241609,-0.44572908,-0.6387375,-0.27134088,-0.051625084,0.3195183,0.29622018,0.1508409,0.42919403,0.013526419,0.33675018,0.34617358,0.82055247,0.6531444,0.42392465,-0.49750027,0.33304653,0.5055995,0.0048620454,-0.4253159,0.02135184,-0.48671067,-0.70541406,-0.23883514,0.43324673,0.57295495,0.92201227,-1.0605166,0.37114933,0.3297925,0.7105113,-0.15872091,-0.6751764,0.4366561,0.14243914,0.076351024,0.2115152,-0.48928183,0.14253908,-0.84463215,-0.35700756,-1.0574795,-0.35543382,-0.11905859,-0.16433918,-0.34794715,-0.40622205,-0.0426128,-0.34336886,0.5221429,-0.17980225,0.77528787,-0.28369537,-0.6291478,0.5481194,0.43345395,0.7950972,0.45873857,-0.30452085,-0.5918128,-0.39662075,0.06627832,0.45287725,-0.7835104,-0.8539046,0.38716945,0.16359955,0.20045333,0.45970333,0.19727987,-0.3609308,0.90507275,-0.11880568,-0.51501876,0.21519093,-0.4500247,0.090887316,-0.17879161,-0.72439677,0.3884562,0.29328132,0.34539425,0.33212775,-0.23478137,-0.086213276,-0.05598394,0.359934,0.19068952,0.015785767,-0.542745,0.2419703,-0.40745774
nightlife_per_km2:medium,-0.27544048,-0.27270702,0.7830341,-0.122163124,-0.784051,0.46674067,-0.46389276,-0.24491788,-0.26095617,1.1302166,-0.08812049,0.5147662,0.4429187,-0.47635022,0.4850584,-0.38650832,0.114849664,-0.15402286,0.7707021,0.20256343,-0.2573966,0.3793374,0.44652984,0.06645115,-0.7615233,0.48319736,-0.35524565,-0.062973134,-0.08967943,-0.5882717,0.33728096,-0.61510134,-0.72955596,0.30907962,0.03323978,0.21531086,-0.28456026,0.7762363,-0.88105714,0.77421343,0.36455664,-0.15556382,0.43163246,-0.54159826,0.07817121,-1.0699515,-0.3499741,-0.15652105,0.2715913,0.6223944,0.38825893,-0.394252,0.7569191,-0.27409247,0.68965703,0.6246063,0.38653806,-0.2270031,-0.44157985,0.014685689,1.0040684,-0.07517212,-0.0458311,-0.36262488,0.48162058,0.68067944,0.6124065,-0.31133282,-0.6117552,0.6867395,0.16094917,-0.0024745392,0.51764405,0.68121916,-0.31638944,0.344465,0.548831,-0.4751719,-0.50399786,-0.05219718,-0.18647923,-1.0321494,0.7078216,0.39072108,-0.049948264,0.48650894,0.11604262,0.6007121,-0.58139426,-0.31314984,1.3705624,0.07036234,-0.63468224,0.17500684,0.5686598,-0.04741323,0.017909508,0.73103,-0.46675995,0.3207134,0.44285408,-0.93983185,0.27706307,0.07106873,0.7297606,-0.11301955,0.6444448,-0.033258215,0.18727432,-0.556587,-0.34265712,-0.397731,-0.08663853,0.15275685,0.48584285,0.40588152,0.023479534,0.37114963,-0.087369904,-1.1584274,-0.16533498,0.14448944,-0.32195565,-0.6522777,0.14320017,-0.12609133,0.07131138,-0.20081016
overnight_stays_per_1000:high,0.8756356,-0.6141545,-0.48623046,0.16076636,0.273474,-0.5885798,0.32709986,-0.2940977,-0.06362277,0.08109145,0.2527732,0.16105223,0.48394296,-0.25755158,0.13136266,-0.74450237,0.684097,-0.8182147,0.09598466,0.57064563,0.21065196,0.20595141,0.32958782,0.7923799,0.64182323,0.7792996,0.35688993,-0.55254155,0.58138806,-0.8454325,-0.023400448,-0.27349332,0.56429696,-0.272714,-0.11172182,-0.07510645,-0.9463108,-0.62023014,-0.18935402,-0.7261137,-0.93549985,-0.12157731,0.5022884,-0.5425119,0.8475123,-0.6779583,0.05477267,0.47837895,0.023393305,0.17913921,0.24845187,0.41227368,-0.14886802,-0.64468825,0.06835591,-0.45535403,-0.4937235,0.13668652,0.42444882,0.23751071,-0.8629995,-0.3227819,0.27953267,-0.14521433,0.6831642,-0.17084464,0.83870244,-0.6987149,-0.84853745,-0.7350977,-0.23665257,0.43601355,0.23051809,0.6372441,-0.07865155,0.40110072,-0.28949648,0.58818537,0.18830441,-0.19601181,0.21399523,0.27694115,-0.10928639,0.24956505,0.30885595,0.16867173,-0.105283454,0.6086104,-0.56171423,0.56374204,0.03730781,0.34002674,-0.6413862,0.51184887,-0.32032695,-0.5498805,-0.09010735,-0.03993708,0.31839645,-0.3426372,-0.20386298,-0.7894634,-0.8448678,1.0645916,0.5067968,-0.59979016,0.4159497,-0.895008,-0.8585048,-0.6069954,-0.4088275,0.13674238,-0.38488483,0.2975042,-0.2133176,-0.09700213,0.14710446,0.11359801,-0.4860829,0.26759994,-0.59882045,-0.9240253,-0.29632324,0.26859832,-0.51582175,-0.1888322,-0.48549655,0.24761657
overnight_stays_per_1000:low,0.40794867,-0.36529613,-0.4792706,0.40305272,-0.53393877,-0.12597775,-0.16756216,0.14167316,0.52852124,0.22971383,-0.40442616,0.14852218,-0.36443594,-0.3295519,-0.80942565,-0.4346891,0.023327405,0.9283127,-0.65840936,0.35582745,-0.6958793,-0.23239845,0.7909631,-0.12328031,0.5656401,-0.2852552,-0.6758573,0.052916132,-0.3301547,-0.27532753,0.8778142,0.09319661,-0.21745902,-1.0867599,0.18933514,0.25261047,-0.14194107,-0.012552503,0.05833318,-0.08939159,-0.5491366,-0.26914448,-1.1189829,-0.074302725,0.12590289,0.4080644,-0.6409444,0.33613557,-0.6148117,-0.42884642,-0.6595428,0.20306331,0.36101118,0.35168794,0.9144863,-0.30134073,-0.86204165,-0.7932792,0.5973845,-0.31924444,-0.48310807,-0.36533582,0.55704314,0.58132905,0.30558047,0.98748803,0.017731931,0.7235096,0.30449688,-0.3541432,-0.13596523,-0.28975585,0.60273993,-0.0077889054,0.24970326,-0.31746453,-0.054831225,0.0636526,0.40028998,0.2955215,-0.115993984,0.99531436,0.07097135,-0.085527934,-0.99268335,-0.19800533,0.021010514,0.3703917,0.39133817,0.46868363,-0.31898552,-0.2554844,0.00711882,0.12180231,0.86179197,0.2748796,0.5320608,0.7189052,-0.55737567,-1.1390731,0.4250647,-0.56970656,-0.6767688,0.49579352,0.040796846,-0.053356323,-0.41826755,0.13328283,-0.10965975,0.07625722,0.41652903,-0.23927344,0.19916521,0.55510557,-0.023837807,0.29329,-0.0050020297,-0.022625558,0.3622557,0.31096554,0.67692465,0.09615303,0.56624043,0.2384989,0.2718363,-1.0659595,-0.30553052,0.79703575
overnight_stays_per_1000:medium,0.978919,0.036872134,0.34025514,0.019473195,-0.33165556,0.04005543,-0.9649686,-0.035747178,0.7939094,-0.536284,-0.009677676,-0.7982447,1.0197127,-0.37401313,0.10841925,-0.18357484,-0.34191963,0.07626748,0.35562918,-0.47046787,-0.7355928,0.27896136,-0.24008621,0.3730009,-0.032476008,0.15516724,0.3571563,0.2198539,-0.12811051,0.49060342,-0.67367667,-0.35962608,-0.47978753,0.22508083,-0.34806275,-0.55683106,-0.030194677,-0.5425292,-0.052433807,-0.65371454,0.28444666,0.26744917,-0.18206228,1.1688515,-0.34204274,0.54769325,0.44417357,-0.5924063,0.0077838893,-0.42539838,-0.7476058,0.60779715,-0.08673872,0.168484,-0.14563738,0.4328105,0.672389,0.5681485,-0.34394222,0.24743694,-0.85098076,0.027780486,0.6751117,-0.16322137,0.3578137,0.007857404,-0.72915006,0.005555287,-0.024531255,-0.6192879,0.22805929,-0.8891285,-0.597591,0.19619797,0.20896721,-0.039548337,-0.13711949,0.680185,0.97335756,-0.23023973,1.1846567,0.23329401,-0.30555156,-0.31942716,1.0862049,-0.89490837,-0.22382456,-0.10029122,0.021009494,-0.7914239,0.6363854,-0.60974604,0.09304788,0.9777904,0.079907216,-0.6118948,0.8445528,0.06542695,0.52883846,-0.16230497,0.09509245,0.44133434,-1.0800072,0.49740076,-0.4731786,-0.34953928,-0.56022173,0.41104102,-0.4677662,0.20322317,0.15749039,0.6088395,-0.15552102,-0.47383457,0.15911853,-0.1274419,-0.31192762,0.37461683,0.14322393,-0.19559748,-0.58791775,0.21457252,0.2908071,-0.2500579,0.3850785,-0.096596524,0.042685978,0.5114904
park_share:high,-0.34787676,0.7710773,-0.0497657,0.69731665,-0.55646884,1.1763629,0.0073703914,-0.0127385855,0.36180714,-0.21109325,0.2854033,0.767672,0.043261122,0.22097914,-0.17909451,0.5893327,0.5080474,0.27186453,0.5602025,0.09399661,-0.1194144,0.13344425,0.26603013,-0.58223027,0.017292663,-0.0071140993,0.27326444,0.039880075,-0.14984626,-0.22530226,-0.7061012,0.17840564,-0.062897824,-0.20942117,0.5052333,-0.5703341,-0.79623705,-0.26672938,-0.36988235,-0.95440996,-0.044505317,0.10597552,0.33969533,-0.8323632,0.2913386,0.3118813,0.89315695,-0.03773613,0.23935734,-0.7058088,0.2465053,-0.6088339,0.44151628,-0.39169416,-0.7206206,0.31339917,-0.04220568,0.07068384,0.19593531,0.061999097,-0.090704955,0.52814794,0.33282885,-0.37305328,0.035621494,-0.7554296,-0.5514589,0.10033576,0.50760704,0.060624175,-0.5053284,-0.11762654,0.030797698,-0.6553691,-0.62817246,-0.5817931,0.24215874,-0.6045253,-0.25159237,-0.55862087,1.0440469,-0.39064628,1.2302878,-0.40613168,-0.54815656,0.7628726,-0.45506036,0.6736357,0.17231749,0.19369622,0.11358187,0.46147084,0.12016312,0.80392164,0.46390766,0.5544754,0.73212034,-0.23347987,0.3824082,0.21390665,-0.11310119,0.2983748,0.36641073,0.42447814,-0.861431,-0.5581525,0.3328278,0.7238407,0.8568124,-0.12742566,0.13628729,0.36380395,-0.41666794,0.29620728,-0.5142997,1.1944877,-0.5358284,-0.24096757,1.0866698,-0.6945725,0.006035574,0.2526076,0.22050866,0.0060236473,-0.7487452,-0.14452419,0.31789276,-0.220871
park_share:low,-0.6753486,0.3637046,0.1646378,-0.51829153,-0.61680764,-0.068381436,-0.10373754,-0.30319884,-0.50637573,0.21015514,-0.64354575,-0.43732283,0.8122032,1.0637306,-0.2983652,0.012558895,-0.072624534,1.2366561,-0.8083012,-0.026140505,0.08058528,0.3281044,0.40154624,-0.564473,-0.11401894,0.42786282,0.5255045,-0.4934338,-0.41909596,-0.79617506,0.75448346,-0.34566757,-0.14945419,-0.22866496,0.38706297,-0.8300283,0.2776327,0.30338198,-0.460744,-0.025899759,-0.019079877,-0.014664811,0.9675642,-0.48725918,0.10457378,0.47922638,-0.33918348,0.08250101,-1.1636995,0.030332508,-0.8105177,-0.35101354,-0.1951886,0.14968328,-0.25316408,-0.4927525,-0.21969429,-0.5795055,-0.10099778,-0.10983994,-0.66344714,0.47799948,-0.6256333,-0.8972508,0.57059836,-0.90986407,-0.30517462,0.21587563,0.52319133,0.3365862,-0.3823952,-0.46238548,0.8518766,0.4860227,0.036338516,0.24221225,-0.076010056,0.99913543,0.717763,0.13019516,-0.55066276,-0.60839874,-0.46225223,0.51427215,-0.59915245,-0.4594856,0.3197913,0.2743785,0.48690888,-0.5505493,0.8397017,-0.09698463,-0.17622517,-0.40758303,-0.21573746,-0.28323278,-0.07142937,-0.5481467,0.02301992,0.8920952,-0.7594065,0.3923017,0.16065033,0.39020246,0.19399104,-0.20175889,-0.31325278,-0.38853735,-0.2768169,0.50644326,0.43452832,0.29357347,0.2816399,-0.8174332,0.1395461,0.22069147,0.32999918,0.48101795,-0.4298077,-0.22251347,-0.24315323,0.10866703,0.60953116,-0.45813575,-0.76197726,0.4628904,0.41416433,-0.69876754
park_share:medium,0.0015845131,0.6354082,-0.21019655,0.33236945,0.21591035,1.0390134,0.5289759,-0.047075238,-1.0190151,0.4947521,-0.321477,-0.4134163,-0.25289345,-0.00037914072,0.34847543,0.92695963,0.35476047,-0.21199656,0.039937537,0.31217912,-0.40868297,0.32754248,-0.22343653,0.29271364,-0.6449128,-0.40627757,0.297793,-0.2676064,0.8456698,-0.56658936,-0.23201638,0.061108273,0.17979038,0.01964591,-0.77172476,0.7705204,1.0949252,0.34473032,-0.75771856,-0.35064334,-0.63683563,0.5066289,-0.28260252,0.41936883,0.63941485,0.023323938,-0.6113401,0.25612217,0.8083115,1.3485825,-0.473965,-0.15055284,-0.17934208,-0.6594413,0.58569306,-0.6359474,-0.5262911,-0.87791955,-0.10144179,0.24565914,0.18455659,0.04215479,0.74240977,-0.10836127,0.47715047,-0.31794733,0.06081495,0.15358435,-0.5193258,-0.29044303,0.07366596,-0.30970114,0.17829631,-0.010625102,0.60711604,0.4892136,0.36436802,0.54222167,0.5256377,0.44110754,0.44441202,0.5368439,-0.24655241,-0.30696046,0.21733834,-0.286199,-0.62981164,0.42349008,1.1083097,0.036934942,-0.1653387,0.015115563,0.53105277,-0.6923375,0.21137643,0.40897483,0.6059883,-0.022145221,-0.21340384,0.18212005,0.3644118,-0.828249,0.4978727,0.07029921,-0.53686875,-0.4102066,-0.08729618,-0.2915825,0.53324825,-0.750983,-0.43929344,0.26392135,-0.05281167,-0.68184197,0.078372024,0.6168975,0.28786585,-0.32521942,-0.42851946,0.2789564,0.43278664,-0.68506104,-0.19818729,0.541258,-0.58805317,0.64332247,-0.12376666,-0.4037863
pct_tertiary_education:high,1.2904725,-0.24084795,1.0513644,0.29208255,0.6638777,0.53390527,0.43105936,-0.15860353,-0.30232495,0.22397475,-0.36403632,0.13289851,0.5811334,0.36771563,0.0240766,0.35997805,1.0807363,0.82662743,0.04853673,-0.11646322,0.3979328,0.34955385,-0.36125886,0.72727424,0.32877597,0.8756886,-0.1410082,0.76568305,0.41147846,-0.38131717,-0.3652337,-0.2531283,-0.15418394,-0.018426828,-0.29438043,-0.47810435,0.009038041,-0.1288126,1.0035515,-1.0296453,0.51852363,-0.35923028,0.23151866,0.6119527,-0.51094496,-0.76623005,0.06661154,0.3105675,-0.083535194,0.52767664,0.21478288,0.4293856,0.4177142,-0.21727836,-0.13328916,0.82739305,0.7022347,0.26171198,-0.5665251,0.6366793,0.7071878,0.23528801,0.13874501,-0.4803516,-0.20116411,-0.19164549,-0.1834349,0.040141452,-0.38835886,-0.9986456,-0.08509921,-0.3325099,0.23176625,1.0605509,0.16608141,-0.23525244,-0.39785808,-0.049530048,-0.021898745,0.47279626,-0.24746399,0.58243144,0.0066233603,-0.19561598,-0.042458627,-0.52520376,-0.199874,-0.59800845,-0.1094112,-0.5522237,-0.39401594,-0.32242745,-0.15269096,0.37085128,-0.23359343,0.08132259,0.67956173,-0.38903207,0.77528304,-0.53795904,0.293739,-0.15820836,0.06545848,-0.50940424,0.42677432,-0.610692,0.14504938,0.5353015,-0.24987903,0.62921685,-0.09581967,-0.38595396,-0.6700451,0.49887112,-0.3872717,0.6799263,0.27927005,-0.604892,0.25568888,0.99903804,0.5131773,-0.5323685,0.29953387,-0.13796411,-0.33584732,0.8921874,0.30232984,-0.15993258
pct_tertiary_education:low,0.054975796,-0.44315338,-0.48609242,0.13434242,-0.4444165,0.69064415,-0.580927,-0.36553246,-0.74583954,-0.07442535,0.053292964,-0.10788224,0.36004302,0.10071855,-0.16483332,0.41089123,0.92992055,-0.3696893,0.1315813,-0.38986522,0.71439403,-0.3073495,-0.5586305,0.14560674,0.8680933,-0.4877414,0.051668387,-0.49624527,0.2137358,0.12580608,0.22661327,-0.0809112,-0.8958382,-0.25090215,-0.36703044,0.0024129977,-0.16819535,0.60619247,0.20041917,-0.34600934,-0.3404698,-0.8356506,-0.59325814,-0.87737864,-0.5678164,-0.48230898,0.6363858,-0.30268192,-0.2517131,0.6258316,-0.6907731,0.25847155,0.11092923,-0.5959959,-0.43692356,-0.37995023,-0.2107623,-0.13636072,0.2635519,0.4972024,0.51838404,-0.05513959,0.50488746,-0.14653434,-0.36559293,-0.32783765,0.5690741,0.13962099,-0.4678669,-0.94947153,0.45233512,-0.9163986,0.32643226,-0.28567463,-0.4194943,0.5659407,0.79575974,-0.14079982,-0.32014045,0.5949793,0.7566123,-0.3532883,-0.15718009,-0.22491927,-0.03372181,1.3671051,0.2113769,0.30705994,-0.12803084,-0.5585584,0.12283318,0.75076616,-0.047466792,0.4224143,0.255323,-0.19250949,0.25298283,0.27118474,-0.5991667,0.28175798,-0.36418462,-0.82586956,-0.625325,0.1356829,0.42136332,-0.09237978,-0.5622324,0.12221422,-0.11249225,-0.4604443,-0.2759708,-0.55023223,-0.0016027722,0.3188176,0.530642,1.2380333,0.27449137,0.64793915,0.84529406,-0.16772127,-0.3569216,0.41863295,0.38507202,0.25552157,-0.072809905,0.64208746,-1.198224,0.2093139
pct_tertiary_education:medium,-0.17558485,-0.88879895,0.30371264,0.54533225,0.2746643,0.11524666,0.71083975,0.20131682,-0.62519884,-0.118280225,0.7087294,0.30421314,-0.47055426,0.63575494,1.2877591,0.79743886,0.72673553,0.6635865,-0.65134865,-0.53437626,-0.80023193,0.14552881,0.29016334,0.82066053,0.60002345,-0.5639346,1.0026513,-0.40207464,-1.0520612,0.20576677,-0.52358294,0.25463182,-0.34518448,-0.3063153,-0.5944335,-0.006525244,0.09656612,0.29345807,-0.15201575,-0.42046726,0.3235353,-1.0165461,0.48185238,-0.047848612,0.47117558,0.30077347,0.266089,0.25943258,-0.23844282,0.31180805,0.45582578,-0.634723,0.30034137,0.33828205,-0.051368225,-0.04287596,0.5902021,0.8033002,-0.2730902,0.310915,0.005613981,-0.14491668,0.40796039,-0.78995174,0.7314306,-0.39180362,-0.06865858,-0.6998574,-0.010074696,0.16976082,0.53540415,0.19934024,0.8483765,-0.6584634,-0.1705806,0.11097763,-0.4374445,0.5381157,-0.7669298,0.61952645,-0.66466236,-0.7195501,-0.07872292,0.0733118,0.7669115,0.48049167,0.29095602,-0.58656543,-0.39102736,0.6576618,0.15239799,0.8022807,-0.3306503,-0.20567101,-0.23895523,-0.41981524,-0.02735403,0.20770623,0.54482085,0.10587891,-0.3499637,0.66203505,-0.49953818,0.52616876,1.1415145,0.20408994,-0.5442036,-0.26696858,0.43931097,-0.08376455,0.37767106,-1.0879099,-0.25662416,-0.6413673,-0.5903027,0.055885088,0.23964138,-0.07416411,0.23738652,-0.7050358,-0.31496334,-0.112807326,0.6957066,-0.81044406,-0.6343404,0.26913297,0.3675502,0.598207
pharmacies_per_1000:high,-0.8838449,0.6028912,0.84452456,0.23797487,1.0207436,-1.0907973,-0.5915944,0.43473446,-0.1483803,0.06673385,0.29385972,0.2683914,-0.37514353,-0.028118929,0.3611922,0.72206587,-0.18314345,0.6337889,-0.39349577,-0.62986255,-0.38639095,0.7925982,0.16229033,0.3959589,0.25555667,-0.5428181,-0.3039693,-0.115632765,-0.39528513,-0.60844326,-0.82597035,0.17127214,-0.17185843,-0.35289192,0.007984569,1.0549704,0.4093185,-0.8297443,-0.011350621,0.038537752,0.801352,-0.26152053,-0.8579609,-0.46943012,-0.101860575,-0.54706466,-0.54520875,-0.38457325,-0.31869256,0.2378306,-0.5580189,-0.19661799,-0.020028707,0.61312354,-0.2369292,-0.60086,-0.2687456,0.031429037,-0.83839893,-0.4866462,-0.33118758,0.43289065,0.31605467,0.28808665,0.13329561,0.41586182,-0.7412637,-0.42091212,0.38695338,0.39702567,0.11193765,0.5140705,-0.46896535,-0.43867218,0.24594563,0.53234506,-0.01401015,-0.005435956,-0.22588721,0.5994124,-0.79359007,-0.7698172,-0.2659738,0.18328434,0.2765669,0.45371723,0.47449997,-0.92676234,-0.4362173,0.13677743,-0.3551437,0.5174293,-0.019842291,-0.17084675,-0.13081828,-0.3356682,0.12831649,0.4661319,0.67064893,0.031931538,0.3293354,-0.15624553,-0.4795343,0.88651586,0.30961666,-0.42562062,-0.47813773,-0.14155772,-0.70586294,0.47034353,0.082148395,-0.56044644,0.51856154,0.015693888,0.28914592,-0.5597594,-0.58496886,-0.38120028,-0.47320718,0.9436657,-0.5448153,0.2590198,0.059302036,0.038618904,1.0393158,0.013921383,-0.087449394,-0.16094826
pharmacies_per_1000:low,-0.6084015,0.58385825,0.24925902,0.6094975,0.4653201,-0.6830126,0.31403401,0.6673536,0.15906683,0.2904937,-0.58691686,-0.17671919,0.31384355,-1.0526421,0.103112794,0.3056464,-0.10836106,-0.43431398,0.07397617,-0.5847149,0.5218542,-1.0760075,-0.6407122,-0.78751504,-0.056488838,0.3061822,0.23754643,-1.1217064,0.4820623,0.02815438,0.28641358,0.11945857,0.21302848,-0.05986185,-0.91107523,-0.59147274,-0.7186754,-0.0005163159,-0.3042426,0.26129243,0.3884014,-0.41174716,0.23638022,0.2325818,-0.3740448,-0.3337974,0.029153816,-0.64435196,-0.058316413,0.99128884,0.106232315,0.25355053,0.39560118,-0.24886006,-0.9865308,-0.08271928,-0.56779295,-0.052186243,-0.18493894,-0.2786199,-0.012407586,-0.086719945,-0.58461404,0.71457106,-0.11085369,0.04112325,0.62580204,0.10343346,0.049250055,-0.46199492,0.27675518,0.082246654,-0.6637913,0.57097286,-0.62182236,-0.090997316,-1.0913604,-0.3696161,-0.5825411,-0.07825421,-0.61740214,0.2434437,-0.5271733,-0.07799686,-0.4103248,-0.45141733,0.26718628,-0.13260758,-0.69960815,0.11727144,0.45344839,0.6070798,0.09220457,0.49162865,-0.42810884,-0.2597856,0.23316829,0.069923505,0.026136829,1.0728813,-0.51344895,-0.28675333,-0.83381516,-0.28092995,0.16071334,-0.5775006,0.5608528,0.5470517,0.8896026,0.18663086,-0.68753624,-0.1110418,-0.20168723,-0.30384886,-0.6931223,-0.47310844,-0.28640136,0.42397892,-0.9112504,-0.09505752,0.02438426,0.28517374,0.10117352,0.20520158,0.75439966,0.5688176,0.47988647,-0.25732476
pharmacies_per_1000:medium,-0.99508685,0.7667163,-0.08395157,-0.51618636,-0.057814684,-0.50530744,-0.36500552,-0.14380865,-0.7846478,-0.4512478,-0.13652223,-0.23715712,-0.16147424,-0.5918077,-0.45905584,0.011779351,0.57925105,0.16602418,-0.14424676,0.4078073,-0.3459295,-0.07078428,-0.27094966,-0.41133058,-0.56615853,0.14661966,0.74706995,-0.010498184,0.40690082,0.33208087,-0.092059456,0.1372911,-0.5012171,0.08128686,0.15417989,-0.48511618,0.5184324,0.1613828,-0.45609292,-0.57080364,-0.086846106,-0.13714884,-0.13028958,0.7857301,-0.53207934,-0.06966023,0.4604589,-0.52514076,0.15123488,0.0102251535,0.8189971,-0.48776618,-0.081344664,-0.21047795,0.9456954,1.1309667,0.48740318,-0.32136443,0.58296686,0.6306859,-0.30594474,0.21530318,-0.41750303,0.60394466,0.15510173,-0.29015914,-0.16669568,0.24606526,-0.7660208,-0.06254759,-0.48738948,0.43365556,0.9765642,-0.4473268,0.3192438,-0.39404726,0.6837269,0.72272265,-0.34355336,-0.10387967,-0.45811397,-0.08270694,-0.037275095,-0.37390935,0.024744267,-0.3438165,-0.349417,-0.32860386,-0.4524919,-0.55061185,0.1102324,-0.011611146,0.35927656,0.69233584,0.56741476,0.70333225,-0.27450362,-0.06657337,-0.8311545,-0.48931786,0.46610102,-0.028482806,-0.5298624,0.9039448,0.28589445,0.13773759,-0.5819549,-0.6202628,-0.113741465,-0.86449206,0.5560458,-0.23346367,-0.37240854,-0.06795988,-0.18921863,-0.25092897,0.32006687,-0.3217737,0.8688347,-0.83006674,-0.0106686745,-0.33918425,0.5805994,0.33940932,0.71166056,-0.28206044,0.5367525,-0.07345685
playgrounds_per_10k:high,0.08414228,0.45832294,-0.18097429,-0.1282883,0.22010924,0.9607565,-0.06685224,-0.58893555,0.35378477,0.11194442,-0.42275172,-0.12889022,-0.087297454,-0.59833866,0.25104544,0.038634647,0.20309694,0.43789867,-0.52425563,-0.51375026,-0.18832144,-0.2737685,0.79126877,0.66390777,-0.31234017,-0.30157676,-1.0023934,-0.5838683,0.92065704,-0.06386639,-0.06062815,-0.5509465,0.28691304,-0.4953954,0.6242456,0.27252334,-0.48220488,-0.636777,-0.7669064,0.18357195,-0.46682203,-0.47062704,0.3972162,0.13870761,0.1791433,-0.43218872,0.5064922,-0.3010594,0.8812901,0.3896875,0.030720828,-0.8143029,-0.7599397,-0.048426144,0.41446748,-0.500712,-0.23099858,-0.6001504,-0.8099674,0.12920591,0.03421652,-0.26799,-0.009502964,0.8104573,0.5826865,-0.43942556,0.69739836,0.672944,0.62875456,0.0769832,0.42967135,0.07777712,-0.20497161,0.008236253,0.17757952,-0.21534492,-0.38656458,0.026945205,0.090046,0.4354097,-0.92997587,0.21615887,0.35611564,-0.98079854,-0.67451316,-0.066108204,0.08728677,0.95398897,-0.6882527,0.92205656,0.14959739,0.08327977,-0.05224339,-0.017001206,-0.5837869,0.3882327,0.36215493,0.29861838,0.2793724,0.24764575,0.35791636,-0.20621535,-0.63259816,0.3149466,0.3189666,0.157889,0.3592195,0.5188196,0.041052066,-1.2079971,0.04443746,-0.58622223,0.38678983,0.022405602,-0.0070976764,-0.01782445,-0.096933104,-0.18224554,-0.2897079,0.7977609,-0.45838055,1.3253541,0.5126882,0.16392517,0.74016666,0.0033437628,0.006361192,0.3609822
playgrounds_per_10k:low,0.89570284,0.6848161,-0.16396065,-0.34923324,-0.74245375,0.7073765,-1.0527468,0.075683765,-0.52595645,0.018219998,0.52347213,-0.032530576,-0.31371164,-0.4467144,-0.47700182,0.35748667,0.24667561,-0.099635094,0.87971216,0.4480705,-0.448888,0.24977198,-0.24596974,0.084456116,0.46214792,0.6091087,0.30221125,-0.2943764,-0.63964343,-0.8872011,0.26874834,0.059849173,0.711012,0.22533388,-1.3593584,-0.16925669,0.012753537,-0.04653378,-0.8795867,0.8443685,-0.41777772,0.042136926,0.009937788,-0.07390419,0.2369518,0.27367944,-0.3887875,0.15142253,-0.08267848,-0.9246706,-0.4209767,-0.14302486,0.5883082,0.18285051,-0.27521643,0.95246,-0.6153194,-0.7005674,-0.5039847,0.30435222,-0.0018761535,0.17140889,-0.46026132,0.25526112,0.158383,0.10084441,0.2260768,0.09766391,0.72718847,-0.4331211,-0.46409047,-0.44538227,-0.32384804,-1.6515404,-0.48667857,-0.17378707,0.45521072,0.69936526,0.64818627,0.3772227,-0.5342803,-0.07351418,-0.15009156,0.07613859,0.013553697,0.4394032,0.13267592,0.31686473,-0.5997588,0.025557317,-0.2968786,-0.0912292,-0.06603426,-0.65966666,0.15830907,-0.34672698,0.62387496,-0.08634368,-0.29718173,-0.3547402,-0.74780273,0.30397248,-0.8299231,-0.58541095,0.16657159,0.10941898,-0.38537002,0.019904243,-0.6929583,0.5230717,0.26367003,-0.36727676,-0.35359782,0.3998502,0.40825552,-0.50973904,-0.37256655,-0.4672278,0.47523534,-0.13011016,-0.056481723,0.20570512,-0.46223626,0.69080883,0.8060532,1.255971,-0.25198048,0.5801028
playgrounds_per_10k:medium,0.8457774,0.6161602,0.21184252,0.46568102,0.74661607,0.33815634,0.16751468,-0.5467445,-0.37740305,0.79345274,-0.21925999,-0.40769082,-0.2857012,0.07838046,0.0704471,0.7179876,0.6263651,0.45174405,-0.21263747,-0.67388535,0.1278543,0.055063818,-0.018584905,-0.011662244,0.11798116,-0.8767168,-0.011962147,-0.3955637,0.62431556,-0.30291453,-0.5313829,-0.28178144,-0.12019624,0.50846875,0.4558765,0.18796888,0.14643846,0.37424126,-0.37231565,-0.29177326,0.18991424,-0.5316161,0.104546465,-1.0853845,0.87945306,0.7007611,0.19778094,-0.04056516,-0.84018713,-0.2773046,0.29611334,-0.9386618,-0.61292684,0.12584254,-0.1226655,0.057381187,0.3609917,0.67382324,0.04534197,-0.3320648,-0.09649135,0.93999875,-0.08893374,1.0942426,-0.65898854,-0.47535858,-0.03771344,-0.5677764,0.0061048237,0.27551425,-0.50997007,-0.32268852,0.72400874,0.43295145,0.5738983,0.53526247,0.36369887,-0.20376487,0.2065433,-0.04478383,-0.045246482,0.22359993,-0.30908105,1.2471409,1.193816,0.49960282,-0.21485156,0.28983417,-0.105100796,-0.55431205,0.35230112,0.2994779,0.515254,0.2912571,-0.006522747,0.19095626,0.8697137,-0.661573,0.5994655,-0.13182001,-0.26102817,0.7579597,0.048064988,-0.5463842,0.0358167,0.34767526,0.21236354,0.3534459,0.6591045,0.21860577,-0.12733155,-0.7252199,0.16911575,-0.30934384,0.702315,0.49062398,0.46489185,0.3140079,0.2721162,0.023620944,0.49285665,-0.0068569775,-0.1415945,-0.2923512,0.71130866,-0.52032447,-0.82315695,-0.8041448
population_density:high,-0.66056144,0.09909155,0.42492464,-0.015340698,0.7189899,-1.0625994,-0.6582697,-0.012214254,-0.635269,-0.59041023,-0.123134024,-0.028387448,0.015701676,0.38092822,0.6508999,-0.75494075,0.72951907,-0.19866897,-0.19032878,-0.048960876,-0.46818352,0.16726047,0.9368993,-0.19767195,0.9793894,0.37665316,0.7589636,0.01537879,-0.41901973,-0.3567221,-0.46240014,0.76950747,-0.60191804,0.29840744,0.10954511,0.28543133,0.18126874,0.15702528,0.86935014,-0.02525236,0.08070234,-0.5730189,0.44636983,-0.16835858,0.20064805,-0.35502613,0.34910715,0.36844835,-0.10407297,0.58266294,-0.46223798,0.61246735,-0.625173,0.80733633,-0.5329461,-0.5680431,0.58955634,0.014137657,0.070275426,-0.14576253,-0.9063046,0.45956928,0.25899172,-0.13321681,-1.0288048,0.49278384,-0.057841655,-0.2478822,0.42546734,0.053060245,0.61682343,-0.1209432,0.80778104,-0.44221947,-0.26437294,0.56261474,-0.014158037,-0.37074932,0.14178567,0.28033385,-0.4589647,0.6334584,-0.15265869,-0.80857646,0.5310347,0.38560697,0.32747278,0.35064396,-0.3353847,0.41840374,0.7704477,0.3372447,0.25509575,-0.041441306,0.9069867,0.5211127,-0.03905237,0.002262308,-0.26996467,0.3607735,-0.17654328,0.6061305,0.087552525,0.61014104,0.35140097,-0.04199704,-0.00083475915,-0.13331358,0.9015085,-0.42602158,-0.06268647,0.7460056,0.19848634,-0.14477043,0.07071353,-0.6218295,-0.078978404,0.24612287,0.12585941,-0.30944207,-0.4465561,-0.7135786,0.047321342,0.5162837,-0.03339666,-0.5226343,-0.3834866,-0.19104174
population_density:low,0.056277838,0.67161965,0.13832828,0.46332163,0.63245213,-0.66009295,-0.16847412,-0.6336363,-0.012424691,-0.4788549,0.2536955,-0.19030777,1.0795907,-0.07702707,0.009577788,0.15214325,0.92547834,0.7930199,-0.80118114,0.10639531,0.27028695,-0.15080202,0.5153422,-0.122094005,0.42094037,-0.61424077,-0.6692679,0.48454016,0.54801106,-0.67213714,0.22974081,-0.80456436,-0.008066804,0.62163144,0.1853492,-1.0741363,-0.41258633,-0.29299805,0.53228164,-0.19389333,-0.3317006,-0.24210039,-0.56679404,0.5630882,0.35189244,0.12974662,-0.2118594,0.27566338,-0.04021722,-0.6862723,-0.7366758,0.43656006,0.30402926,-0.580518,-0.0787982,-0.16170008,0.18665902,-0.58593816,-0.2034715,0.42638636,-0.062734984,0.60532194,0.55458075,-0.6570704,-0.5964361,-0.19645056,0.726555,-0.052004706,-0.8163895,-0.026950665,-0.41192418,0.23983061,0.25844017,-0.49693155,0.31197828,0.6113084,-0.09233934,-0.7025759,0.40478635,-0.41159436,0.15864256,-0.3084495,-0.31435606,0.43027276,-0.3036859,-0.5639933,0.06509767,0.76548195,0.05499959,0.6476957,-0.24284251,0.7242784,0.64741963,0.2882338,-0.5682133,-0.7379081,0.026602339,-0.15630324,0.59280765,0.10260405,-0.11701443,0.5044349,-0.23415183,-0.09326597,0.15998887,0.22694784,0.34744936,0.04567961,-0.41293386,0.43986142,0.08654268,-0.017150205,-0.7804567,-0.38210496,-0.69993323,0.16386478,-0.6316636,-0.40164322,0.37075782,-0.37891108,-0.42698354,-0.47476023,-0.10470781,-0.45084184,0.47540924,-0.7177948,0.35431728,-0.94763875
population_density:medium,0.22966892,0.9941584,0.44707066,-0.2590181,0.3551781,-1.0879747,0.36238605,-0.7696802,-0.09146915,0.64166015,0.05832053,-0.09083453,-0.13000548,-0.6988789,-0.14257006,-0.12111312,0.02372999,-0.19584304,0.9107182,-0.024419513,-0.018272033,-0.036952853,-0.3335804,-0.5442003,0.18795735,-0.1815736,-0.8479813,0.30789822,-0.6687832,-0.034340613,0.088319376,0.34372765,-0.54835564,0.56779724,-0.18246397,-0.1782211,0.14552423,-0.09000025,0.50344014,-0.54886216,-0.46134153,-0.4662696,0.14688316,0.44266045,0.2194825,1.1413707,-0.44033208,0.41435707,-0.25989816,-0.92862314,0.5362981,1.0216652,-0.31672707,-0.08182305,0.69663256,0.69069475,-0.40130073,-0.02706914,0.509066,0.33178395,-0.8126191,-0.31628346,0.3844788,-0.07102385,-0.5426827,0.39561117,-0.50498414,-0.116607755,-0.39811105,0.41357735,0.2515558,0.35982218,-0.6571801,1.1717743,-0.015545171,-0.747499,0.30321565,-0.101028174,0.5348255,0.46894562,0.18285283,-0.62730515,0.5384765,0.18386123,-0.19685328,-0.54104084,-0.7261414,-0.036203764,-0.3833789,-0.5806497,-0.92311573,0.11290538,0.23729207,-0.7330622,0.5764506,0.496909,0.6933298,0.010360193,0.19080317,0.29769212,0.6329495,-0.13929686,-0.44230145,0.99879724,0.76437986,0.47494537,-0.47854388,0.60610557,0.5285548,0.30231246,0.033714958,-0.03856493,0.34629247,-0.638993,0.1171937,0.62532854,0.089948334,-0.30324662,-0.17674762,0.6278316,0.60212,0.8089602,-0.11896063,0.0041578123,0.5604367,0.0988679,-0.088319965,-0.039126765
pref:car_free,-0.93136007,0.1844659,-0.2905512,-0.45066628,-0.5447258,-0.5043694,-0.20369913,0.28351566,-0.1445643,-1.4937608,-0.19226688,0.11594857,-0.36111012,0.5715095,0.5544973,-0.6979558,0.45881277,0.29371065,0.094388805,-0.23092124,0.31223464,0.5683834,-0.84232146,0.12900451,-0.25074017,-0.9758788,0.51590693,0.6456926,-0.31736574,-0.2889326,0.021512447,0.6537395,-0.46298787,-0.3215777,-0.31654212,0.11559396,0.39131188,-0.90535027,0.66699857,0.48889357,-0.1196733,0.5637422,-1.1139393,-0.028567733,0.7311804,-0.64938486,0.19991082,-0.01109385,0.48821354,0.1796092,-0.16078229,-0.19725356,-0.72853464,0.7529516,-0.023166927,-0.4096517,-0.6396671,0.24896966,-0.32127312,0.5950971,-0.8417464,0.01681484,-0.15039688,-0.1302804,-0.11562154,0.12737122,-0.7106033,-0.40778187,-0.32581982,-0.65324247,0.13467452,0.352262,0.49756905,-0.0892008,0.040495176,-0.1714135,-0.3875949,0.29789597,-0.044179775,0.5684383,-0.2243625,-0.5234328,0.17917575,0.506071,0.13915068,0.024548175,0.46142888,0.6735373,0.9244321,-0.6082024,0.36649528,0.020200977,-0.07691496,-0.46795613,-0.2540635,0.7267154,0.33484674,-0.78103405,-0.6997036,-0.3860764,-0.45843425,0.6478147,-0.51720655,-0.77753836,-0.13534491,-0.16022143,-0.2038808,0.55769,0.82840055,-0.68593645,-0.12967053,-0.7288426,-0.41623795,-0.08263555,0.09060866,0.469832,0.051173225,0.3628467,0.16449594,-0.4965176,0.09027384,0.9806136,-0.19272704,0.33430478,-0.3431057,0.48386922,-0.0051497947,-0.052644387
pref:culture,-1.1366799,0.6967014,-0.06673183,-0.42857578,-0.54116035,-0.54662263,0.4756071,0.7901616,-0.2705161,-1.1504124,-0.35728216,0.3527237,0.28873762,0.7401549,-0.30229723,-0.67732537,0.39733803,0.023878973,0.06928841,-0.1512338,-0.38069105,0.26929018,-0.5674081,0.653428,-0.120219655,-0.5967246,0.36781755,0.48373258,0.027279377,-0.39470392,0.21162489,0.06294505,0.12149946,0.17278634,0.024972947,0.5962527,0.3192014,-0.66066897,0.5311923,0.46678457,0.84902364,0.6656486,-0.50754046,0.21861078,0.7092441,-0.86781955,0.11382481,-0.7558499,0.4287225,0.13430975,0.13890389,-0.42806032,-0.43121332,0.33639506,0.37304613,-0.005256395,0.21200943,0.7394278,0.051717363,0.17060177,-0.95074266,0.081512734,0.0403689,-0.4721134,-0.3999442,0.5670249,-0.8375353,-0.607592,-0.3121488,-0.74546987,0.1796382,0.6238395,0.14961018,0.024310792,-0.35428545,-0.39816007,0.22560374,0.4899645,-0.019560687,0.54285246,-0.5981939,-0.22661914,0.82817525,0.66773903,0.18793878,0.2885325,0.10732465,0.8855584,0.74232674,-0.5829911,0.35636428,0.37335116,0.10848036,-0.22478747,-0.45984522,0.59662926,0.25680807,0.39847752,-0.2851676,-0.2571984,0.27458724,0.34789267,-0.45036635,-0.5112353,-0.06885534,-0.4492263,0.18934284,0.43806103,0.445888,-0.091023445,-0.38997805,-0.5473886,-0.39754003,0.18000454,0.22377042,-0.39173475,-0.2750752,0.60625494,0.29031155,-0.8811685,0.63706887,0.9164005,-0.5822305,-0.8782401,-0.31690305,0.05749118,0.3356769,0.561282
pref:family,-0.19640434,0.64901376,0.38972247,0.42831063,-0.7241731,-0.8452402,0.13007182,-0.735648,0.6680644,0.65550286,0.42707217,-0.1924729,-0.1878295,-0.28903598,-0.11586662,-0.7023066,0.80097544,-0.016433163,0.028992988,-0.62836915,-0.86689085,0.59476084,0.0836312,0.28861332,-0.16034201,-0.7653478,0.12138418,0.31316626,0.1154639,-0.15133035,0.26200432,0.6582576,-0.65741575,-0.120860904,-0.5352594,0.41669706,0.655268,-0.6534537,0.58421373,0.16881463,0.55144596,0.28478295,0.035966177,-0.47605234,0.090744205,-0.29681936,-0.50811166,0.10131614,0.47419906,0.38372588,0.24199615,-1.134888,-0.29258007,0.15149078,0.03392696,0.84424704,0.059219137,-0.21345846,0.4234613,0.5117327,-0.7150741,0.19914262,-0.3255976,-0.6416909,-0.30158123,0.27178845,-0.39053833,-0.53501785,0.12785986,-0.89806265,-0.34606844,0.05404984,0.7446461,0.3333245,-0.28013808,-0.6895049,-0.32770577,-0.06496814,-0.011391664,0.20733134,0.8798079,-0.5459703,0.7498142,0.50542355,-0.17182723,-0.26235998,0.897443,0.70861274,0.0044398997,0.25808722,0.30065206,0.1256506,-0.05179902,0.10966095,0.0017624248,0.42585513,-0.28739625,-0.5590465,-0.14545834,0.47624755,-0.6372923,0.53092855,-0.3837291,-0.36678383,0.9308188,-0.06890925,-0.048638016,0.7054992,0.60716605,-0.65277404,0.35588062,-0.3361577,-0.2286421,-0.42130703,0.28845027,-0.18103908,0.23746106,-0.5724139,0.39860222,-0.21611555,-0.40598604,0.9987548,-0.3992628,-0.16374831,-0.4221372,0.12817329,0.31647965,0.07117569
pref:food,-0.9751382,-0.14202827,0.3843798,0.0053079138,-0.88998085,-0.25298458,0.44481254,-0.15590665,-0.7148098,-1.0087409,0.5388565,-0.1518858,-0.5486384,-0.09682985,0.32284266,-0.55977076,0.8388595,-0.029090818,0.00053361605,0.15051243,-0.024792908,0.78221965,-0.84152985,0.35123914,-0.21378602,-0.847226,1.1329427,0.58714736,-0.72040004,-0.30335918,0.05065966,0.59540516,-0.3523638,-0.5905151,-0.022178296,0.15353228,0.37596717,-0.8436691,0.71951014,0.5035939,-0.086930245,0.47904694,-0.86303174,-0.17160116,0.8088406,-0.5772525,0.23847342,0.5597435,0.5097117,0.095424496,-0.08028036,-0.64235705,-0.58033097,0.79831904,-0.14466129,-0.36167973,-0.49893302,-0.565586,-0.44830298,0.19361047,-0.8413061,0.14631422,0.113390304,0.1484716,0.46135494,0.13192803,-0.25065798,-0.54092926,-0.8103441,-0.3723655,0.15621068,-0.0062214816,0.5116173,0.020206805,0.17493896,-0.25879493,0.030997097,0.32249135,0.27552977,0.68939537,0.041298352,-0.6273804,0.34412304,0.44883692,-0.3745502,0.016248444,0.65044874,0.7994958,0.100460865,0.015490097,0.09403664,-0.15683067,0.22725973,-0.08936976,-0.4331574,0.93688387,-0.4403179,-0.49322057,-0.5487627,-0.7294402,-0.5594145,0.25824508,0.0010281432,-0.73200625,0.47770464,0.20068644,0.8140675,0.107524395,0.83541536,-0.04489972,0.034599125,-0.7217492,-0.42965686,-0.03403729,0.13441248,0.33970386,-0.6148293,-0.2138291,0.7376118,0.29626444,0.36058918,0.62555784,0.43137935,0.17754525,-0.527087,-0.013422227,0.022611747,0.22054447
pref:going_out,-0.45080066,0.15893568,0.12935275,-0.31882554,-0.82077944,-0.8288387,0.63147885,-0.257792,-0.42571592,-0.37629798,0.571537,-0.46868113,-0.2840287,0.14350314,0.0893613,-0.73303515,0.37353677,0.46319988,-0.13371156,-0.22543496,-0.3646413,0.7585338,-0.18705384,0.2845804,-0.1643439,-0.84900296,0.92219275,0.8885427,-0.31395164,-0.31617913,0.009192087,0.20494868,-0.72640234,-0.5395591,0.1214192,0.20341171,1.1976596,-0.7194382,0.5690137,0.04833785,0.0029887592,0.54175615,-1.1250242,-0.47011244,0.43441287,-0.61761886,0.03718955,-0.23300596,0.6770638,-0.4304174,0.4628971,-1.1159174,-0.4158667,0.57216257,0.08471076,0.58228076,-0.3270398,-0.38193828,0.42166325,-0.171349,-0.16634099,-0.06295066,0.23514485,-0.2166097,-0.28827244,-0.39100382,-0.12622507,-0.5117788,-0.745046,-0.75974435,0.35650906,0.39545864,0.13304456,-0.5659417,-0.08129489,-0.58130646,-0.72047246,-0.25230438,-0.44734484,0.46530917,0.61616826,-0.38093925,0.45652258,0.43344548,-0.26432616,0.16393651,0.90333486,0.59597147,-0.0687781,-0.15532221,0.48238066,0.17971672,-0.19023198,0.12555008,-0.7832002,0.88936436,-0.10677907,-0.43509182,-0.3868882,0.04243665,-0.91844887,0.97493935,-0.44276494,-0.26923034,0.042914785,0.094361715,0.4738427,0.318364,0.618644,0.13007317,0.42606175,-0.43040815,0.06704818,-0.23167253,0.080186084,0.19529143,-0.4069461,0.250034,0.49777174,0.019873835,-0.08044155,0.18877868,0.33013433,-0.25659806,-0.2139892,0.41127184,0.48569772,0.024559459
pref:green_quiet,-0.44814402,0.5154844,0.5339411,0.046619896,-0.8295645,0.19369449,0.40981644,-0.17656754,-0.3310156,-0.24024831,0.1469472,-0.4294447,-0.5609233,0.44824046,-0.4669656,0.33222228,0.51864445,-0.7246082,0.13095437,-0.15547535,-0.39466432,-0.65394634,0.30089468,0.4293799,0.39772892,-0.06188097,-0.3945526,-0.2277431,0.9957623,-0.37284935,0.079421066,0.075458735,0.6785085,-0.025098516,-0.88012296,0.46564552,0.39941218,-0.5704956,0.42560077,0.14834844,0.34171447,0.66413015,0.64540833,-0.42086077,-0.071041815,0.3257506,0.30796725,-0.3662821,0.9015615,0.19610268,-0.12227499,-0.43887854,0.60504615,-0.5487083,-0.060926236,-0.021464607,-0.043052357,0.25844994,0.7962941,0.28618738,-0.66532654,0.03552005,-0.54878205,-0.84138453,-0.6290396,0.35346946,0.2862731,-0.49336523,0.61447495,-0.99228716,-0.39578304,-0.090789214,-0.49519342,-0.64488375,-0.8797308,0.29550192,-0.08270041,0.6968507,0.28105628,-0.40525168,0.31193635,-0.64075446,0.11420314,-0.42764318,0.6132571,-0.55494,-0.42471611,0.98691124,0.11642865,-1.0287304,0.5869003,0.6890716,-0.23999004,-0.6562453,-0.24404183,-0.19079222,-0.22448613,0.5101016,0.4331231,-0.18387832,0.7447122,0.09597008,-0.5887844,0.02308381,0.5210724,-0.4035911,0.12555161,0.17014334,-0.363558,0.025475832,0.2107665,-0.5907252,0.7576887,0.34130222,-0.46177495,-0.18435656,0.50844127,0.05326317,-0.21775736,-0.009544547,0.23647577,-0.249933,-0.21154243,-0.33488232,0.6768921,-0.059420526,-0.5310481,0.11446616
pref:healthcare,-1.0795044,0.39113638,1.274335,0.5916098,-0.7436291,-0.6327353,0.5874801,-0.6676727,0.3462116,0.01622616,0.5347723,-0.16034293,-0.20190218,0.3056408,0.19929507,-0.050689902,0.43503708,-0.14265142,0.19724242,0.42393675,0.68062586,0.70653474,-0.39605463,0.09817298,0.032758743,0.07446813,0.10610657,0.7434453,-0.24567474,-0.315795,0.5586493,0.32031304,-0.4173217,-0.71683747,-0.9033476,-0.5582564,0.021000702,-0.4567631,1.0723305,0.77567524,-0.095585026,0.39572218,-0.29282987,-0.043872084,0.11628598,-0.20685412,-0.23374563,0.5822119,0.11532194,-0.2445363,0.07042481,-0.33712912,-0.33574903,0.45552883,-0.4929383,-0.08485287,0.06966965,-0.16473739,-0.020731531,0.8540745,-0.879554,-0.20901728,0.076164365,-0.34496754,0.19435091,-0.024662646,-0.15349683,0.26112977,-0.7320175,-0.8501001,-0.266389,0.047189895,-0.26531923,0.0063778176,0.38784292,-0.10582549,-0.07430198,0.13011341,0.1818035,0.23268858,0.62831295,-1.0316803,-0.48366192,-0.15372898,0.4073872,-0.008398335,-0.20054698,1.0706486,-0.026573274,0.6303318,0.0012886553,0.0046680453,0.25861707,-0.051902898,0.08439386,-0.5754965,0.03012038,-0.19322233,-0.095752984,-0.52560633,-0.7519843,-0.32872853,-0.008909741,-0.597244,-0.06372568,0.4989565,0.15855628,0.5435136,0.2475414,-0.8860362,-0.07511023,-0.33438984,-0.34925938,-0.03846465,0.1549951,0.384533,-0.41328543,0.16461098,0.020673294,1.2501304,0.19229816,-0.5203434,1.1171148,0.50040996,-0.21869935,0.9847848,-0.5632383,-0.54928255
pref:sport_basketball,0.07692841,0.90865374,0.53178036,0.13500927,-0.30005667,-0.8188389,0.021069456,-0.7011143,-0.5320197,0.1894036,-0.6436206,0.25728717,-0.46610546,0.604638,0.28841072,0.18062733,-0.02316373,0.096441515,-0.4051113,0.12298122,0.23965746,0.028322294,0.12887633,-0.15753952,-0.29395598,-0.5394201,-0.30517468,-0.11956548,0.746999,0.23656237,0.21969827,-0.056021582,-0.3706997,-0.39813706,-0.97683865,0.0944626,0.057623856,-0.24954538,-0.0016511406,0.22434913,0.054703873,-0.3162851,-0.11689367,-0.5039142,-0.1482719,0.30364996,0.43576875,-0.33914188,-0.009340847,0.30625394,-0.37176284,-0.72746116,0.7434257,-0.6989818,-0.44892302,0.054336175,0.615474,0.8565475,0.3669933,-0.037692796,-0.91761464,-0.24894413,-0.24302451,-0.8314332,-0.4227079,0.5010617,0.30958712,0.28711426,-0.099943064,-0.4409275,-0.6656749,-0.3280402,-0.34453893,-0.70596623,-0.49860406,0.18036716,-0.123497464,0.12837476,0.14794168,-0.647934,0.34077087,-0.5052207,-0.49921176,-0.36074287,0.44477186,-0.352049,-0.28490236,1.0450107,0.5696232,-0.002463998,0.29388922,0.7446724,-0.5045053,-0.43182233,0.08899496,-0.6751246,0.5103426,0.38918558,0.6378459,0.37857944,0.3810281,-0.05770891,-0.39382282,-0.19678873,-0.2514393,-1.0362735,-0.028656702,0.39445013,-0.11718101,-0.17294943,0.37415203,-0.6698533,0.6812616,-0.21432276,-0.2631396,-0.6999811,0.6181169,-0.047522366,-0.356639,0.51938635,0.43092376,-0.13035777,0.73568493,0.41577488,0.10633472,0.40170333,-0.6689192,0.10431268
pref:sport_fitness,-0.7751421,0.55370843,0.5188173,0.10468622,-0.011451437,-0.9656012,0.42934546,0.011462395,0.84102315,-0.29145938,0.31943583,0.35603648,0.23401676,0.007894953,0.05426541,-0.87973547,0.7602472,0.022534456,0.38365865,0.06531119,0.09433152,0.71635866,0.3694938,0.12477041,-0.020023583,-0.3457157,-0.66889215,0.4489638,0.14602873,0.3606118,0.7525959,0.049834292,-0.7351427,0.23881003,-0.44278768,-0.6049368,0.15711764,-0.011768268,0.5025829,0.10594767,0.96979886,0.30109698,-0.34091383,0.369108,-0.056952074,-0.68192637,0.026280602,-0.015703533,0.18351197,0.021263339,0.21966451,-0.22462164,0.49286863,0.6754855,-0.072115555,0.061219417,0.19525087,0.96838737,0.53677016,0.12085325,-0.8527064,-0.16621566,0.34321374,-0.17921714,-0.13276465,0.37256685,-0.7790058,-0.065605566,-0.29582992,-0.9181859,-0.32888693,0.04958817,-0.4681828,0.2557577,-0.2904764,-0.6913415,0.19452305,-0.3166275,-0.15374321,-0.36801106,0.12722436,-0.33404624,0.028574685,0.52026194,0.91764194,-0.15649411,0.2403714,1.0653409,0.9848983,0.058504958,-0.09884897,-0.24656813,-0.37776202,-0.64237845,-0.5864072,0.09173335,0.33306313,0.23088814,0.46404862,0.3963037,0.5488281,-0.1450632,-0.12116221,-0.497336,0.030018458,-0.030648278,-0.41947132,0.6887177,0.8880401,-0.8722831,0.49642256,-0.46704105,0.0071536484,0.18302393,0.5284838,0.047626983,-0.31629154,-0.00060833886,-0.44377866,0.55552167,0.60428613,0.51817286,0.45601964,-0.5811196,-0.6883949,0.5447217,-0.059003975,-0.0053861863
pref:sport_football,-0.03112373,0.6342445,0.5296685,0.7612294,-0.5977063,-0.6643837,-0.38898805,-0.6870098,-0.6374708,-0.3886906,-1.0393488,0.40958107,-0.24043958,0.15501624,0.10271207,-0.565018,0.48018163,-0.033908702,-0.58451337,-0.06266434,0.8127102,-0.63834614,-0.15608515,0.21603951,-0.17079844,-0.6541224,0.086518124,-0.50496656,-0.3397044,-0.10856318,0.5181676,0.2417867,-0.5095623,0.20996498,-0.9255402,0.5908815,-0.5369152,-0.18140195,0.25184426,0.3081032,-0.020666068,0.042253677,0.010800355,0.2526455,-0.0706351,-0.24794269,0.2510883,0.325059,-0.2818401,0.78816134,-0.27741346,-0.47563076,-0.047292035,-0.6437745,0.107658334,-0.5762405,0.06930005,1.1104825,-0.22020553,0.4178168,-1.0737699,0.22908996,0.09116888,-0.89766985,0.22667459,0.808922,0.0071230284,-0.09819114,-0.6061082,0.12408832,-0.44007337,-0.19343531,-0.50673556,-0.47494823,0.40312412,0.65725386,0.82354563,0.21394078,0.69383144,-0.22342347,0.30943108,-0.51893765,-0.13651086,-0.5951005,0.23093075,-0.4424421,0.08110719,0.7162785,0.9761438,-0.085369125,0.56771594,0.7289482,-0.11387554,-0.85587543,0.5879712,-0.680855,0.6811378,-0.12619679,0.4364157,-0.6502692,0.32608646,-0.5655234,-0.045999806,0.47092542,0.63435084,-0.8833193,0.013434343,0.17310633,-0.66954017,-1.1598725,0.0133182015,-0.80898815,0.09288952,0.98338115,-0.75515765,-0.5530008,0.7138308,-0.82164645,0.113138996,-0.15671092,0.7073767,0.879068,0.6735214,0.10858456,-0.5771764,0.13501705,-0.11460641,-0.09403002
pref:sport_swimming,-1.1226209,0.738165,1.0053266,0.6601792,-0.20585737,0.37798482,0.30345932,-0.6751541,0.052715853,-0.31756034,-0.11025541,-0.2930071,-0.4997734,0.054125648,-0.14834413,0.08398455,0.5800674,-0.64112884,-0.16815455,-0.012989199,0.39316237,-0.75678957,0.31402084,0.67441463,0.25112477,0.71324134,-0.8160879,-0.10912365,0.53346485,-0.5176592,-0.2214594,-0.07578283,0.23277092,-0.049328618,-0.3550018,0.5575408,0.13369688,-0.41149202,0.46388376,0.0624904,0.67656374,0.62082887,0.025574792,-0.26308993,0.52678853,0.48998603,-0.17373507,-0.18483733,-0.3762511,0.3124589,0.42256603,0.15355742,0.64525884,0.08313854,0.42771018,0.25649747,-0.07536358,0.42891893,0.6475926,-0.20074227,-0.91546965,0.89083403,-0.2063985,-0.96346164,-0.07012982,0.29414752,-0.03708866,0.057879902,0.24012801,-0.96144676,-0.11707181,0.3915022,-0.7921413,-0.13715658,-0.04828799,0.6446213,0.24572012,1.0448627,0.8865456,-0.06007195,0.34494004,0.12474843,0.6778235,0.19785218,0.64327407,0.18869226,0.2775991,0.45757714,0.16733244,-1.4522612,0.9175037,1.0057224,0.44254413,-0.36875516,-0.114829585,-0.21970704,-0.31597206,0.4838365,0.79491603,-0.824459,0.25733554,0.22808906,-0.14300187,0.14602047,0.22371621,0.36168262,-0.35817018,-0.639765,-0.670529,-0.6112941,0.14928979,-0.25373727,0.5188659,0.9073891,-0.2608261,-0.07620136,0.069894254,0.11816163,0.0130595025,-0.08824634,-0.22970457,-0.4116799,-0.6136687,-0.18668047,0.3747548,-0.24805109,-0.22876428,0.44031847
pref:sport_tennis,-0.19956839,0.42805117,0.6632047,0.5473951,-0.77548826,-0.6356664,-0.0301796,-0.66732913,-0.1644686,0.48711577,0.21323,-0.39888087,-0.12631011,-0.09035434,0.33076873,-0.17898266,0.81902295,-0.33592743,-0.280079,-0.49675795,-0.36898848,-0.18365027,0.13862817,0.42334667,0.3582816,-1.2238927,-0.47853512,-0.03338739,0.60289294,-0.4811236,0.7131237,0.37484396,-0.8125172,0.0677698,-0.04376415,0.4950997,0.68785244,-0.54538083,0.22146814,-0.08503794,0.046316303,-0.07410039,0.23506714,-0.12122432,-0.4249818,-0.39530468,0.44110945,0.0706237,0.6183821,0.2690089,0.52862614,-0.64098036,0.3684326,-0.18329312,0.21075654,0.84452266,0.3625123,1.1400344,0.9231593,0.30861875,-0.66778064,-0.24058755,0.21118487,-0.84985596,-0.601957,-0.12851709,0.51378435,0.013429867,0.25806013,-0.43986008,-0.53410286,0.06786879,0.105709836,-0.20135555,-0.15557934,-0.093978226,0.4324022,0.10323786,-0.019922057,-0.66894585,1.0798665,-0.6771159,0.17337537,-0.17227486,0.3006023,-0.26433015,0.7166261,0.71749794,0.7552403,0.15423611,1.1600741,0.55868644,-0.35811022,-0.6322981,0.176426,-0.40286246,-0.0939317,-0.5828208,0.761163,0.41647387,-0.05991771,-0.7337244,-0.3946463,0.37533355,0.82799894,-0.17097782,-0.30494985,0.516678,-0.349972,-0.68633676,0.68923193,-0.5919987,0.9297645,0.4002455,-0.18017662,-0.0941882,0.6264172,-0.29561922,0.30361953,0.07786402,0.51316446,0.96479386,-0.06782365,-0.34276488,-0.16985734,0.13956487,-0.16476278,-0.078661986
pref:sport_volleyball,-0.10662082,0.76916724,-0.22290608,0.28034544,-0.7431998,-0.8599485,-0.07483464,-0.9527007,-0.34703565,0.49764848,-0.70163745,0.58422315,-0.44729742,0.037632283,-0.12808444,-0.32072246,0.54912555,-0.14037901,0.08733477,-0.14233539,-0.01083038,-0.8802633,0.62964964,-0.36257106,0.3714021,-0.30204478,-0.8775466,-0.48107663,-0.1798766,-0.23805146,0.6388873,-0.035871875,-0.700204,0.48498306,-0.60827786,0.5705934,0.2897419,-0.69467765,-0.036584876,0.5336978,0.075340666,-0.41543198,0.90376705,-0.8992075,-0.34560817,-0.34542143,0.10066757,-0.3587088,-0.71800876,1.0693946,0.32059997,-0.21201149,0.30694115,-0.8012449,0.3896777,0.14450075,0.4452669,0.91215694,0.59947217,-0.36499283,-0.9769562,0.02136422,-0.24440926,-0.6850927,-0.6601304,0.40679622,0.44832492,0.21849915,0.0061340565,-0.3232286,-0.27912298,0.23221657,-0.09217766,0.44363493,-0.18044767,0.051677622,-0.0891916,0.4199582,0.25992113,-0.37120706,0.88675356,-0.09078901,0.62525856,-0.22881103,0.022426024,-1.0461602,0.10333888,0.80401725,0.10722642,0.12866668,0.527455,0.32765797,-0.7166019,-0.20920813,0.1468363,-0.16111407,0.4897213,-0.20616455,0.42428243,0.25781873,0.08102922,-0.4462862,-0.21659274,-0.39459944,0.18534155,-1.1852458,-0.10981301,0.33183292,-0.35000756,-0.6830273,0.46307746,-0.7037012,0.47493923,-0.2676555,-0.44354954,-0.8982887,0.59666383,-0.40320832,0.39994735,-0.22174452,-0.34574634,0.556306,0.436667,-0.50633854,-0.061848804,-0.13919519,-0.14693248,0.38999873
pref:students,-0.82895714,0.84807134,0.2831189,-0.019601632,-0.4864008,-1.1389773,0.51663065,0.273308,-1.0326989,-0.4931736,0.07512751,0.12714213,-0.13268663,0.43943942,-0.18312708,-0.9271927,0.5908091,0.43258536,-0.3210514,-0.26551336,0.007887606,0.56376415,-0.5940879,0.4329116,-0.5373476,-0.53070796,0.41524988,0.47761542,-0.63576514,-0.29227835,0.14249355,-0.12719864,-0.25891253,-0.4037348,-0.027305078,-0.25816366,0.20950185,-0.1807509,0.6041144,0.5860333,0.61043435,0.62981886,-0.8389775,-0.12476369,0.5252357,-0.3799179,0.5280272,-0.0538729,-0.11085155,-0.07613144,0.058968548,-0.76145405,0.004233219,0.48570842,0.15580694,-0.05974943,-0.21071583,0.15232694,-0.2962697,-0.5021273,-0.6012792,0.4585856,0.18873389,-0.3485375,-0.10905788,0.18610054,-0.98485565,-0.7851687,-0.6194892,-1.156129,0.33758384,-0.23523912,0.2508354,-0.59766364,-0.09192845,-0.5094189,0.78923154,-0.19400948,-0.048174355,0.37909687,-0.12938547,-0.0955756,0.46780515,0.47559762,-0.185239,0.107298814,0.18035412,1.0192564,0.32297373,0.07222891,0.20667325,0.18736313,0.10998789,-0.052583903,-0.9838934,0.70259285,-0.09927443,0.37955162,0.094360776,-0.09240664,-0.10106884,0.29275656,-0.32299554,-0.8780644,0.06373521,-0.40620863,0.53598595,0.29220757,0.96442485,-0.0508522,-0.33672234,-0.42632616,-0.3911886,-0.23188232,0.11612506,-0.17893067,-0.42990074,-0.09670982,0.68065006,0.27080196,0.66278327,0.36338508,0.32226112,-0.19237283,-0.61268413,0.13181701,0.033062816,0.37871775
pref:well_connected,-1.4258492,0.04208225,0.2618604,-0.32904816,-0.09085291,-0.89479643,0.53487074,-0.17908111,0.40896565,-0.60473037,0.21083522,0.4638701,-0.55371183,0.3352693,0.3333733,-0.1180249,0.2968687,0.61237746,0.32348943,0.70004773,0.4701296,0.6429676,-0.16911568,0.28350124,-0.041600537,-0.01819134,-0.48428556,0.006661773,0.03335915,0.11567971,0.1375289,0.08206179,-0.39031285,-0.6025059,-0.72952366,-0.90601516,-0.41752368,-0.57702553,0.09681431,0.27860752,0.38517204,0.42471457,-1.3989285,0.3734241,0.5155553,0.38628116,-0.2148612,0.33094227,-0.2568515,0.10547351,-0.46345153,-0.5612751,-0.26046568,0.67801017,-0.7289362,-0.5614563,0.42223537,-0.19224268,0.029467462,0.69403654,-0.46062768,0.211203,-0.045185544,-0.06949596,0.21005687,0.47488713,-0.3764077,-0.012687112,-0.9005439,-0.74312574,-0.4547286,-0.47404486,0.14985552,0.44775543,-0.21941744,-0.6141715,0.22057863,-0.2587575,0.36859167,-0.046916697,0.21234602,-0.35923946,-0.41244835,-0.08106924,0.80179244,-0.07923115,-0.39897323,1.1772081,0.48152015,0.2511224,-0.5081748,0.25347024,0.38185215,0.071198404,-0.5124612,-0.37043136,0.5126454,-0.08606758,-0.2871311,0.06753169,-0.14343502,-0.1150061,-0.51626134,-0.2385147,-0.33385673,-0.40437984,-0.1913623,0.2727266,0.6401342,-0.67688316,-0.45483267,0.13164152,-0.46985745,0.5074405,0.45474502,0.36036676,-0.51623714,0.47323498,-0.43749273,0.9944819,0.39594978,-0.08591861,1.2991909,0.6007859,-0.49017885,0.7895872,-0.11211952,-0.34842834
road_share:high,1.0853845,0.24633104,0.13916214,-0.088643886,-0.32860285,-0.25391188,-0.24871796,-0.36878738,-0.6169067,0.3169159,-0.25317362,0.06803889,-0.2954721,0.09339852,0.5534716,-0.7580888,-0.1910193,-1.0022974,-0.4121445,0.81515425,0.04004055,1.12043,-0.66540945,-0.6819434,-0.13973741,0.34156722,0.8660673,-0.663802,0.26554695,-0.3603471,-0.37114647,0.4028575,0.34840345,0.23063682,0.09958628,-0.5300252,-0.17257108,0.59039575,0.019966269,-0.75522244,0.5344734,-0.5654377,0.3293889,-0.08470167,1.1016611,0.34188536,0.36037356,0.33669445,-0.65712166,0.26460963,0.1318011,0.32092282,0.84369904,0.6896145,-0.10867046,-0.01592189,0.45435518,-0.6002895,0.1835202,-0.34174937,-0.8640437,0.28477874,-0.11912474,0.26855466,-0.055540536,-0.05204747,-0.63124174,-0.04246807,0.9180006,0.6948338,-0.55656856,0.13091436,-0.26170525,-0.6553524,0.08842736,-0.12691921,0.26935342,0.42785576,-0.09809472,0.78026503,-0.59960115,0.07977068,-0.18701048,-0.07597078,0.26040658,0.12930456,-0.37270308,-0.27644145,0.45560703,-0.17032385,-0.31966263,-0.31108922,0.43446112,-0.07887999,0.59965837,-0.8144925,-0.56493884,0.40238094,-0.0028048803,-0.09589997,-0.41717806,0.66893154,-0.90170103,0.72783756,-0.13599938,-0.31207645,-0.7658142,0.58435506,0.24387515,0.51778996,0.5615555,0.2869584,-0.2625583,-0.15810977,-0.098965555,0.7658855,-0.33626735,-0.9076027,0.0761663,0.3333805,0.25158453,-0.32422426,-0.3218694,0.08191163,0.7816207,-0.46403372,-0.23008496,-0.14923432
road_share:low,0.6154656,0.6930998,0.9292052,-0.033991087,0.90004283,-0.8784233,0.008154095,-0.28537568,0.35988757,0.10143541,-0.21829787,-0.8091339,-0.047331292,-0.6121519,-0.3621703,-0.27601618,0.18195675,-0.5012763,-0.35332087,-0.055934913,0.744761,-0.5058973,-0.006517073,-0.88332963,0.4859362,0.81038845,-0.34487075,0.76185876,-0.20250155,-0.11747446,0.17971395,-0.64356816,-0.0033110732,0.24184951,-0.9313084,0.08426844,0.32753053,0.05061004,-0.21753652,0.4092957,0.1976696,-0.26274338,-0.050278742,-0.33626914,-0.26135856,-0.46907765,-0.030528495,0.48852965,0.032338984,-0.64836323,0.5963732,-0.36614206,-0.62251604,-0.46536192,0.13825537,-0.25164172,0.17297186,-0.51302457,-0.24647287,-0.4746244,0.20226209,-0.45865518,-0.24794878,0.9148039,-0.00417348,-0.399675,-0.022905396,-0.8232693,-0.1938928,0.012780511,0.27223653,-0.5896221,-0.6906558,-0.51227415,0.60383415,0.04847486,0.48649007,0.2636301,0.5166821,-0.04699084,-0.47650978,0.7465538,-0.12414816,-0.055769138,0.16909797,-0.34812683,0.40379518,-0.11398888,0.030532867,0.9727327,0.9977194,-0.45750594,-1.09517,0.71113575,0.27432075,-0.10286213,0.57515454,-0.69780934,-0.042455584,-0.6821947,-0.58567125,0.29471195,-0.5635364,-0.25836024,0.7530628,-0.4731482,0.2334828,-0.72376937,-0.6010145,0.1791648,0.27465862,0.17924121,-0.6042505,-0.27479267,-0.5291898,0.6472337,0.82587826,0.4700975,0.2752165,-0.40291837,0.0092682205,0.19963434,0.34169802,-0.0054208958,0.3850413,-0.48405126,0.99124676,-0.54739255
road_share:medium,0.25925216,0.50471944,-0.3244407,0.061346393,0.7353603,-0.37093037,0.10500551,0.2423986,0.37291458,-0.08495366,-0.28758493,0.5940401,0.65582037,0.37922776,-0.018747192,-0.49487942,0.8225973,0.38473192,-0.47598037,-0.015353649,-0.49476865,-0.44467983,-0.2937404,-0.1735626,0.6873772,-1.1269127,-0.55126756,-0.48603877,-0.0059554446,0.262212,-0.1220653,0.33907202,0.9329858,0.27767608,0.46336803,0.7630934,0.31911832,-0.77860934,-0.32225674,-0.85759044,0.18207942,-0.40418956,-0.6375493,-0.46038955,0.8971358,-0.71442366,-0.3873916,0.06543375,-0.04247389,0.08916039,0.20012382,0.16283761,-0.18121935,-0.45423597,-0.4331176,0.4441855,-0.26663196,0.2840999,0.1123797,0.1699845,-0.15670116,0.08510268,0.69420546,0.035730824,0.28025356,-0.99634933,-0.21433428,0.39218092,-0.5773921,1.1340246,-0.22915375,-0.5032413,0.30418986,1.0902418,-0.19632669,-0.3033799,-0.3220758,0.04012471,0.13609304,0.647209,-0.81724024,0.73857903,0.7170442,0.42288956,-0.4040958,-0.50518155,-0.25430328,0.10398645,0.644481,-0.22916451,0.407757,-0.21343723,0.021833256,0.114337616,0.034311626,0.32050622,-0.60930836,-0.23934089,0.35732636,0.20415223,0.13160498,-1.1284051,-0.5983635,0.39979222,0.6640075,-0.050384026,0.45753455,-0.7639195,0.51580316,0.029447172,-0.83748156,-0.41700146,0.23591581,-0.21615481,0.71177924,0.4854476,-0.40048346,0.13002759,-0.56049395,-0.5984693,-0.19944382,-0.24641186,0.09586457,-0.45501524,0.66503483,-0.19987251,0.656786,-0.4218741
schools_per_10k:high,0.69674706,0.07119748,-0.55601454,-0.310119,0.11952083,0.6355572,0.3365541,0.25206915,-0.26368156,0.70547026,-0.024387252,-0.3495621,0.4673635,0.73853195,0.37187803,-0.70223653,-0.32355478,-0.7068836,0.14940132,0.07645361,0.21266219,-0.40207177,0.18848911,0.3457708,0.546868,-0.039461516,0.10212805,-0.7617808,0.1586714,0.7339397,-0.05732693,-0.11671247,-0.28323826,0.096197456,0.051173754,-0.6079455,0.31136888,-0.28381702,-0.045298353,0.8843044,-0.6729925,-0.4283943,0.07138735,-0.011050441,0.57764554,-0.7722316,0.7410006,0.42038816,0.4294009,-0.18037447,-0.10894413,-0.11301906,-0.4177182,0.5358713,0.13938123,0.60490793,-0.11502324,-0.5157654,-0.06742455,0.42579046,-0.7651658,-0.49606776,0.362701,0.07772332,-1.170354,-0.11839747,-0.30295235,0.40065777,-0.846921,-0.8619743,-0.57400614,-0.46702433,0.17372128,-0.17309014,-0.15331258,0.032967787,-0.84976655,0.15419453,0.30306724,0.05978764,0.13112117,0.8381891,0.13460258,0.117836684,0.40469742,-0.18869045,-0.36199367,-0.8885238,0.13170208,-0.62224776,0.0629619,-0.03655853,0.37834138,-0.68850654,0.8012656,-0.6035578,-0.4091637,0.080004,0.7424131,-0.07686119,0.08865538,0.21267448,0.86852723,0.47990525,0.47990367,0.4239792,0.69077784,0.6928242,-0.213503,0.31742808,0.15639879,-0.60183305,-0.434893,0.8002309,-0.06859853,0.12761986,-0.2864581,0.09925649,-0.03509489,0.76655275,0.56011456,0.21774702,-1.0140451,0.47926453,0.7896788,0.41857347,-0.12013356,0.35375568
schools_per_10k:low,0.35187945,0.8942458,0.51272744,0.023630207,-0.31953967,0.72703284,0.17197292,0.7335779,-0.40645978,-0.5487458,0.14056456,0.071377605,0.87080884,0.6460842,0.8744054,-0.338828,-0.37797472,0.726238,0.49982512,-0.16594893,-0.2809715,0.7044345,0.61897117,-0.5416358,0.30431083,-0.33967304,0.023808017,0.2115662,-0.22566935,-0.17370851,0.48104334,0.17043746,0.40333065,-0.22290805,-0.80194944,0.39490736,-0.0658571,0.37752336,0.4777193,-0.01418436,-0.13089646,-0.074369304,0.13587452,-0.4081312,-0.15031502,-0.046113517,-0.3911613,0.5203424,-0.22168186,0.29468465,-0.044686627,0.34421587,-0.41969386,-0.15736409,0.57031983,-0.4594877,0.27016377,-0.10198469,-0.13342786,-0.11646311,-0.63229454,-0.43551478,-0.87680507,0.41800717,-0.40297386,-0.19769077,-0.02175549,0.30342165,0.19594787,-0.48081496,0.39055938,-0.46375903,0.12775262,0.5081908,0.530066,0.10558306,0.3236674,0.40761587,0.19938247,0.5490997,0.31617692,-0.14585055,0.19047095,-0.7338209,-0.64879537,-0.6967931,-0.23927748,-0.25070837,0.89060366,0.03045642,-0.0056501674,-0.42860198,-0.21686293,-0.73179114,0.09060391,1.128383,-0.7160157,-0.0778634,-1.3265761,-0.13859423,-0.20964935,-0.11280282,0.7767062,-0.12057531,0.07935082,0.662971,-0.79394424,-0.854482,-0.48190436,-0.4044042,0.49301475,-0.65334684,-0.50572014,0.9774749,-0.51793206,-0.67675906,-0.4628029,0.060604304,-0.4180443,-0.4853174,-0.5715509,-0.37323287,-0.23618954,-0.57978785,1.0115159,0.13691662,-0.028898152,0.032804728
schools_per_10k:medium,0.356546,1.3561753,-0.78655595,-0.4319582,-0.76042455,0.68316483,1.1933964,0.50497687,0.8237789,0.6087932,-0.15046138,-0.031334918,-0.22567366,0.36775112,-0.5549307,-0.34266993,0.09633995,0.4713848,0.64849645,0.068385795,0.27596813,0.15021132,0.19364214,0.4293326,-0.05906966,-0.31034285,0.9953778,-0.06498181,-0.35344878,0.049935486,1.0576689,-0.5805932,0.89033455,-0.7465774,0.5542984,0.12357081,0.4028261,0.12541524,-0.3882119,0.5233237,0.0088982675,-0.71007025,0.7856342,-0.76955736,0.52200145,-0.4002129,0.17862223,0.5150734,-0.21352716,-0.3367013,0.7400741,0.61206335,-0.3244916,-0.6462208,-0.7337526,-0.16698444,-0.38575464,0.46056122,-0.01797419,-0.20666023,0.19676003,0.71706694,0.30952054,0.51068705,-0.67425936,-0.03267881,-0.024545202,-0.737226,0.22393063,-0.16052702,0.4250501,-0.3343385,0.5788817,-0.3372767,-1.1367627,0.22980076,0.4665167,-0.25483617,0.41029555,0.60725087,0.08421282,0.52520573,0.53834516,-0.3804425,-0.29248568,-0.27065444,0.35172716,-0.43696806,0.13419008,0.09936036,-0.19848341,-0.54501593,-0.28812343,0.13837625,-0.18199691,0.42887676,0.32647738,0.5936021,0.28514287,0.12423921,0.56499857,-0.3611833,0.08440143,0.40624776,-1.2110353,-0.42833748,-0.17347299,-0.96554375,-0.013632801,-0.3927547,-0.18096998,-0.11073377,0.65544415,-0.4175261,0.40477127,-0.84809136,-0.19428115,0.12438925,0.63955164,-0.56144917,0.22911863,-0.26096433,0.21946065,-0.70073366,0.83456254,0.3489594,-0.34516385,-0.20342802
single_household_share:high,-1.2330507,0.90520906,0.6120147,-0.62715304,-0.46302518,0.14311539,-0.50056684,0.47042686,-0.3333285,-0.58241016,-0.009412322,-0.14175284,0.25272992,0.4984981,-0.38157874,0.2438102,-0.17385805,-0.37306207,-0.48347688,-0.50853175,0.4583152,0.9644708,0.618619,-0.53842574,0.91573656,0.50063956,-0.57160646,0.77903414,-0.30131862,0.12235874,-0.9290219,-0.49641913,-0.3307336,-0.2643442,-0.4585073,-0.48871607,-0.087289535,0.17412123,-0.059399217,1.0342715,-0.18876928,0.0048704795,0.4392757,-0.15413025,0.105661824,-0.30700612,-0.97655636,-0.33567408,0.30979884,0.5230367,0.093055025,-0.58200556,0.6043896,0.30409157,0.76972765,0.41803885,-0.34560934,0.2996921,-0.05998442,-0.52988935,-0.98145616,-0.2825676,-0.0575174,-0.07127177,0.06380616,-0.058273885,0.8621707,0.14502724,-0.28744498,-0.8699475,0.046452224,0.18268889,-1.1130003,0.19788213,0.18223843,0.27984288,0.3875662,-0.33073583,-0.09588825,0.16607872,0.052114785,-0.61892813,-0.17814492,-0.28485006,0.1507505,0.058430094,-0.4891527,-0.9695722,-0.61907876,0.19058312,0.43276334,0.22109976,0.39868015,-0.21128444,0.5866654,0.25605553,0.25200218,0.17543645,-0.19496001,0.36218926,-0.20584425,0.45923144,0.6418935,0.406911,0.24787545,0.3016472,-1.2204362,-0.4650215,-1.2222363,0.25467467,0.20321138,-0.4548847,0.38074246,-0.057427876,-0.1099852,0.65272886,-0.03894773,0.39928377,0.13473,-0.031664714,0.26581195,0.22736102,-0.15775965,-0.30924335,-0.43437973,0.7325587,0.2258075,0.07413381
single_household_share:low,0.3110951,0.45927888,-0.2955995,0.3282625,0.21618356,-0.44641098,-0.16000666,0.764332,1.0160558,-0.26394618,-0.85191965,-0.7346918,0.173024,1.0197487,0.05235265,-0.39654392,0.40927738,-0.1846251,0.13976236,0.82207334,0.40161777,-0.41672754,-0.28533638,-0.15215668,0.2293259,0.07096397,0.23556149,-0.45623237,0.37045768,0.028836694,0.20721446,0.5163962,-0.4410757,-0.5975746,0.2214124,0.12927419,0.26835024,-0.13057932,0.47093868,0.38350457,-0.46134412,-0.26934814,-0.615817,0.19992118,-0.32078865,-0.3288899,0.14924143,-0.6452041,-0.32631066,-0.36623028,-0.145564,-1.0951834,-1.0393697,-1.0843211,0.39765894,-0.36758095,-0.20469049,-0.17226735,-0.6724295,-0.39141,-0.9488178,-0.28212383,-0.09974544,-0.3179603,-0.29238054,-0.12521677,-0.124024704,-0.08146496,0.6268297,-0.81109095,0.021191142,-0.6969619,0.033282023,0.34786764,0.22565272,-0.28968883,-0.034595728,0.18143706,0.29995477,0.2687388,0.012868849,0.33286667,-0.18412723,0.5174629,0.25192034,-0.8750279,-0.028774166,-0.6835604,-0.6435204,0.494439,-0.2226256,0.4179924,-0.46819764,0.6907765,-0.083172835,0.099755704,0.55076927,0.4905648,0.17397104,-0.025579285,0.74183124,-0.37729695,0.5134577,0.7258333,-0.08528198,1.1611965,0.23742017,-0.9128375,0.3075747,-0.0058264234,-0.06567319,-0.10966637,0.031696636,-0.4233897,-0.78537273,0.056390446,-0.4292357,-0.38493514,0.27419677,0.2712748,0.49671882,0.81648296,-0.32522193,0.36710095,0.29369667,0.4142304,0.412515,0.4965786
single_household_share:medium,-0.589837,0.053379375,-0.32837805,-0.101452336,-0.41664883,0.10561636,-0.015378947,0.12524861,0.18633215,0.2889193,0.5558524,0.70016956,-0.65782154,-0.39552963,-0.28004193,-0.1094811,0.35423937,0.14518388,0.37832683,-0.05261981,-0.8174586,-1.0156251,-0.10994129,-0.47526282,0.48120373,0.666476,0.36776182,-0.38393304,-0.21577172,0.11922209,0.1081329,-0.4083419,-0.32381108,-0.29276785,0.42349428,0.6527178,0.36114082,0.67471194,-0.16747662,-0.24128802,-0.3040043,-0.6183935,0.45502356,0.7230972,-0.02569582,0.19172712,0.702954,-0.2821991,-0.340394,-0.32865757,0.4863139,-0.085640624,-0.30352348,0.56797385,-0.5777147,-0.6376088,0.38078275,-0.72066045,-0.59039164,0.2963579,-0.56205136,-0.7248284,0.104466215,-0.120497614,-1.0065275,-0.42820525,-0.050178673,-0.27682236,-0.17560785,-1.0067619,-0.235549,-0.4751371,0.23942626,0.4089709,0.01799289,-0.6988435,0.2910688,0.9078026,-0.01094735,0.27360895,-0.30966595,0.31179878,0.13959374,-0.802109,-0.19339848,0.7404442,-0.80038494,0.45593032,-0.29911327,0.5112129,-0.9937392,0.9977172,0.35447097,0.8265414,0.26045433,0.3059099,-0.7759622,0.010618449,-0.49592486,-0.3768637,-0.13669154,0.36322162,0.85664403,-0.48876357,0.8153744,-0.56163067,-0.17186624,0.52515775,-0.32732934,-0.19299223,0.049025796,-0.39319015,-0.9482901,-1.0853072,-0.17940158,0.59052116,0.6692359,-0.28434506,0.3234223,0.1569436,-0.061896246,-0.15389092,0.63700277,-0.33951795,0.33778846,-0.9318211,0.3064192,0.72709364
specialists_per_1000:high,-1.1125586,-0.2143507,-1.126794,-0.30264562,-0.107410744,0.26650694,0.4022283,0.64495844,0.4099931,0.5023098,-0.34727898,-0.13462505,0.66632193,0.1497165,-0.21655455,-0.17341112,0.72213113,-0.7689604,0.23236407,-0.2882675,-0.2916251,-0.083086595,0.2439024,0.6125935,-0.07890822,-0.45407894,0.5553574,-0.6605202,-0.5094431,0.0020547092,0.6291104,-0.5249053,0.2611529,-0.21950479,-0.24670486,-0.31106278,0.009027243,0.12580551,-0.78462976,-0.61014956,0.2717104,-0.5940041,-0.46184662,-0.743781,-0.37477994,0.34963048,-0.23813078,0.5115226,-0.9648515,0.4146273,0.20224963,-0.3984729,0.19668761,-0.6195335,0.10632864,-0.7364819,0.98172146,-0.39076,-0.26763326,0.12061464,-0.84516966,-0.34643608,0.46654856,-0.6283498,0.75554603,0.7151644,-0.24822724,0.37343088,0.500725,-1.2317736,0.14547302,-0.07310107,-0.26668176,-0.9942921,-0.64740646,0.024570312,-0.69805646,0.30709147,0.34555173,0.11998988,0.69191015,-0.7838659,0.007304039,0.15873712,-0.30284512,-0.70870566,-0.20545927,-0.9023206,-0.29530936,0.11720717,-0.00572291,0.2385774,0.62638396,0.3756287,0.1253981,-0.48018402,-0.08707459,-0.43767622,-0.4428373,-0.058069568,-0.17261669,0.36416107,-1.1876361,-0.54148036,0.50262386,0.25051248,0.06873383,0.013072071,-0.24040937,0.38478252,-0.247731,0.123442575,-0.29874897,-0.3845117,0.2481498,0.18931061,-0.5017802,0.1391281,0.2210195,0.7771424,0.51853096,-0.36751702,0.14964895,-0.35360873,0.192888,0.47953895,0.38583502,-0.6610119
specialists_per_1000:low,0.08981808,-0.6226059,0.52857363,-0.33208254,0.39553413,0.15125902,-0.18730983,0.6638159,-0.23002997,-0.24512045,-0.26000574,0.216327,0.7023327,-0.2159806,-0.5523804,0.20495869,0.3683741,0.3533617,0.1449659,0.19040254,-0.660101,-0.53710705,0.75657105,0.09388782,-0.7396314,0.54752034,0.06755409,0.7253516,-0.40215203,-0.512535,-0.22709379,0.5655145,0.74144125,-0.0067556547,0.2989797,0.641973,-0.5424419,-0.6723882,-0.5495187,-0.10580145,0.29301473,0.19158179,0.2707184,0.8286989,-0.6225176,0.35792005,0.3554928,0.17499019,0.6889027,0.6385468,-0.5041343,0.105449624,0.36941636,0.28404966,0.040617123,0.102349006,0.4164624,-0.48559195,0.06624132,0.3285538,0.11330778,-0.12189427,0.3945194,0.018338718,-0.1175348,0.22947685,0.5102272,0.16330907,0.20181912,-1.2680789,-0.6738719,-0.65840715,0.17821619,0.20380844,0.4947043,-0.07060816,0.6611704,0.48072493,-0.03655934,0.3926333,0.21695346,0.8384586,-0.34747115,-0.18245514,0.85863423,0.9732214,-0.1699435,0.10864182,-0.5040611,-0.0742392,-0.5499137,-0.27898467,0.1250068,0.3831827,-0.5096612,0.49350217,0.6001575,-0.1582549,-0.39825365,-0.70060104,0.29939523,0.3375812,-0.6873261,0.28395718,0.6213964,0.6549229,-0.6371048,-0.49728924,-0.5295902,0.79298186,0.60758245,-0.3193999,0.12787853,-0.5938503,0.66273475,-0.82404584,-0.38549867,0.43668792,0.6569769,-0.4055187,-0.55012107,0.22290106,0.35798487,0.11544272,0.33721936,0.68627715,-0.9585296,0.47794604
specialists_per_1000:medium,-0.7657174,-0.19659685,-0.3746159,0.19828151,0.32026216,-0.31708884,-0.6875422,-0.35835105,0.015917087,-0.2996051,-0.13709217,-0.2625101,-0.914908,0.887862,-0.524683,0.39262488,0.06557273,-0.5085286,-0.049295124,0.24159662,-0.38681453,0.36428595,-0.29557967,0.57092917,-0.23250212,-0.38089317,-1.240313,0.3557886,0.16112046,0.5121021,0.14407787,-0.39483997,0.8059387,-0.7350645,-0.6817091,0.75929564,0.4390346,-0.46283868,-0.5711964,-0.6664973,0.16174689,0.33911082,0.23396079,0.23130983,-0.12644474,-0.13444963,0.13227232,0.4175632,1.1788231,-0.25791234,-0.2097245,0.4099567,-0.25866857,0.12995672,-0.2634,0.93732923,0.12510408,0.7665885,0.23816024,-0.68258,-0.19384138,0.4355506,-0.37196156,-0.73512083,-0.021139406,0.5242914,0.3268086,-0.07675964,0.5239882,-0.71627927,0.92004246,-0.3305955,0.97131467,-0.18753132,0.32831624,0.3507489,-0.16947243,-0.02263858,0.16477503,0.63036203,0.22906764,0.21873154,0.18535659,0.25322014,-0.4175527,0.54586864,-0.2341391,0.12732634,0.47811317,-0.23343967,0.44099638,-0.87003446,-0.2236144,0.7435031,0.116632916,0.39275748,0.12037749,-0.108172156,0.009121679,-0.40166497,-0.91002357,-0.74561197,0.07695865,0.006522682,0.6866096,0.11635413,0.52040726,-0.34362176,0.09591242,0.04249447,-0.5730627,-0.26882225,-0.34531865,-0.5170226,-1.1019726,-0.21478926,0.12919322,-0.07562741,-0.35251233,-0.6097706,0.08924946,-0.7329057,1.0509034,0.39215928,0.77466094,0.32439774,-0.2776113,0.88347393
stations_per_km2:high,0.104268655,0.2837065,0.4250478,-0.53273785,0.64866656,-0.27492312,0.29532167,-0.12147563,-0.21070166,0.19387117,0.13308665,-0.5404969,0.38648123,0.1682466,-0.20288494,0.49923575,0.21495952,-0.8551434,-0.20124534,-0.2480671,0.26051262,0.83918744,0.058144305,0.5428902,-0.3571929,0.63614625,-0.25074056,0.5738823,0.42030776,-0.04031889,0.7501639,-0.2772423,-0.013094463,-0.26033634,-0.2651309,0.27963918,0.62901187,-0.25502086,0.16626042,-1.0434169,0.6635317,-0.30959392,-0.3218017,-0.057305757,-0.9442954,0.2908131,0.23919652,-0.5781922,-0.19691312,-0.2342288,0.37078983,-0.7517432,0.3534811,-0.5704252,0.2689069,0.12896138,0.6334304,0.0008422546,-0.23709388,0.23040465,0.2236629,-0.69963354,0.15559606,0.48031992,0.9606522,0.65000045,1.1711258,-0.662336,0.101915486,-1.1981664,-0.21460566,-0.36338884,-0.2736811,-0.13016675,-0.26110458,-0.71202683,0.2573212,-0.7010012,-0.42185715,-0.6591419,-0.3380061,0.19003153,-0.3529843,0.2860173,0.5031662,-0.42763805,0.08083744,0.8493036,-0.7662291,0.23157431,-0.3208537,-0.31048748,-0.67070335,0.5109806,-0.20777845,0.6164141,0.28261888,0.1377614,0.09337788,0.058869373,-0.2666609,-0.15138313,-0.58941776,-0.11124227,-0.8816904,-0.2026581,-1.0085841,0.4985603,0.53652227,-0.25758454,0.34995246,-0.23969784,-0.14919518,1.00019,0.44532615,-0.24711029,0.15790863,0.057696376,-0.17552783,0.38735333,-0.12922661,-0.13093859,0.5129568,-0.024098484,0.8401735,0.32952115,0.19229645,0.08279425
stations_per_km2:low,0.3866185,0.5711925,-0.61577815,0.4289674,-0.37087858,0.4680419,0.3464092,0.07963338,-0.23976898,-0.26537883,-0.35068858,0.2927677,-0.33605844,0.7634416,-0.5681899,-0.18421449,0.36524147,-0.161835,1.0342652,0.6086607,0.14128028,-0.10269413,0.20386128,0.89919204,-0.40215665,-0.24927561,-0.7413536,0.8952882,-0.98168933,0.8432144,0.1885066,-0.059037037,0.30055133,-0.44742683,0.7429197,-0.8465885,0.4283998,0.28287822,-0.082669534,0.23246478,0.4370461,-0.74049014,-0.115201876,-0.4001062,0.6832755,0.2717831,0.1856617,0.19475134,-0.02727947,0.74007994,-0.027487695,-0.08956845,-0.4335363,0.45591384,-0.55427927,-0.22012897,-0.42075846,0.43472987,0.45703137,0.7605684,0.40629673,0.47760993,-0.3711069,0.8154647,0.48760888,0.8733235,0.16657636,-0.15561013,-0.3046247,-0.0015442441,-0.10432373,0.7040957,-0.7234914,0.3652238,-0.5615584,-0.0136711085,0.064615525,0.5096983,0.08510865,-0.5574923,-0.25493583,0.7863564,-0.51829654,0.43990284,0.19264771,0.7885323,0.6462869,0.09614703,-0.40419948,-0.28418243,-0.3790935,0.42762384,0.30790073,-0.29415292,0.26290488,-0.30685687,-0.1781051,0.9472435,-0.565842,-0.4414024,0.27649203,-0.017123336,-0.6949427,0.36561108,-0.052296516,-0.03178867,0.41225162,-0.4965671,0.21535525,-0.44292766,-0.590901,-0.42064488,-0.18164773,0.24053666,-0.396835,-0.49113643,0.20697586,-0.2953907,0.5685624,-0.31605238,-0.12166046,0.47303778,-0.2973544,-0.55020815,0.5676214,0.61488116,-0.65577453,0.6612773
stations_per_km2:medium,0.0013998791,0.24662459,-0.24910806,0.54445297,-0.17275748,0.12148221,-0.23188409,-0.75808406,-0.36646155,-0.16079575,-0.33791184,-0.4354655,-0.31868184,0.08093048,-0.50877076,0.33381987,0.4546138,0.52731776,-0.5913085,-0.39500797,0.7408737,-0.3741765,-0.72719806,-0.4432295,1.108013,0.38661844,-0.049411852,0.18690977,0.7440183,0.16319084,-0.6850115,0.35257384,-0.97135174,-0.6915314,-0.5958866,-0.41343325,-1.054495,0.35829678,0.55478746,-0.6485148,0.6739932,-0.18994638,-0.23796739,-0.11613089,0.12089674,0.425568,-0.1804853,0.42145658,-0.9002187,0.19625823,0.54651546,-0.40858003,-0.21990202,0.21012199,0.95714265,0.33089736,0.82093596,0.17486146,0.41868302,-0.41984853,0.518267,-1.2608831,-0.31723604,0.21050744,0.20411415,0.6209765,0.36543235,0.5644751,-0.5715145,-1.219458,0.54466337,0.18961124,-0.26799542,0.05810034,0.04683197,0.5224892,0.06861888,0.30868116,0.5379787,0.201044,-0.21014026,0.6544286,0.87238955,-0.36906844,-0.41990158,0.24196893,-0.73694855,0.7318538,-0.48512423,0.6724295,0.010247169,0.2393749,0.46334988,0.24631563,-0.16262394,0.08478173,0.12817216,-0.9793762,-0.17235442,-0.37663952,-0.6344125,-0.5031677,-0.597368,0.11454456,0.3755172,-0.2956983,0.8496574,-0.34884077,0.369896,0.34360442,0.45709592,-0.0036768434,-0.14463031,-0.0006736291,-0.47888044,0.08408636,-0.039885573,0.5386735,0.25470898,-0.10593233,-0.92080045,-0.060351714,-0.06076899,0.5275099,0.074660294,0.07407517,0.07068395,0.6860301
subway_lines:high,0.09739382,0.5861365,0.83506685,-0.059478205,-0.48944697,-0.76858246,-0.19700205,-0.4406268,-0.51536924,0.39987278,0.2548665,-0.8009951,-0.5102385,-0.17493343,0.23984167,0.47519565,-0.23712271,0.4146492,-0.29890138,-0.4833623,-0.31943682,-0.7839206,0.51315033,0.38014078,-0.22938396,0.10306919,0.37410328,0.048289903,0.6884947,-0.9651906,-0.28444356,0.4598577,-0.10508684,-0.056220397,-0.031925075,-0.5718059,-0.3740408,0.09343972,0.0009606241,0.55608565,0.499336,-0.82258856,0.20460549,-0.5644301,0.013821472,-0.45672068,0.49007097,-0.37434113,-0.5785973,-0.332301,-0.40260234,0.9096232,-0.68898684,-0.30755752,0.6251388,-0.66976887,0.15433986,0.58919847,-0.24154961,0.6666698,0.45496243,0.33248797,0.5020793,-0.30255994,0.02719022,0.33880302,0.1516346,-0.25302437,-1.4038811,-0.6747824,-0.25148973,-0.33785725,0.51150066,-0.50002563,-0.3376902,-0.46253154,0.67962945,-0.58861756,0.55767953,-0.60231143,-0.39371738,-1.0339907,0.6220034,0.37173524,-0.72086203,0.2862631,-0.6122089,0.22078273,-0.3406734,0.09041157,0.33092168,-0.94598436,-0.7908177,0.4696285,0.1518957,-0.35491553,0.09947843,-0.17536373,0.023013428,0.38584197,-1.0442691,-0.6057775,-0.25630146,0.06332802,0.17776643,0.40213805,-0.007102769,-0.27969903,0.030309843,0.59011257,0.3722869,-0.38682064,0.41604513,-0.52325016,-0.8296627,0.3183874,-0.8145369,0.6526649,-0.06797234,0.25051254,0.45068616,0.7751757,0.26135388,-0.57746893,-0.50599146,0.18367378,-0.31812724,0.56959313
subway_lines:low,-0.5029279,0.050987683,-0.037646636,0.27241343,-0.5727487,-0.5089296,-0.05316598,-0.28832647,0.6782142,0.6538374,-0.3279812,0.609593,-0.7366504,0.34260377,0.109242,0.38043824,-0.9560384,-0.28094584,0.27215445,-0.046792626,-0.9246912,0.27436954,0.59766525,0.07763028,0.13682924,-0.020924376,0.20966136,0.329208,-0.29271856,-0.3896675,0.23732615,-0.12181313,1.2438091,-0.007074858,-0.21504788,0.053620458,0.16898188,-0.0008218114,-0.5505214,0.4541569,0.32309544,-0.3268241,-0.28291097,-0.088275224,-0.45484924,0.061267015,0.6369219,-0.55668014,0.29697382,0.46882293,-0.8383014,0.35505822,0.26781133,0.42457792,0.22138591,-0.17576765,-0.38033468,-0.77536684,-0.82341665,0.22790167,0.31898832,0.9879181,0.5041827,0.7404899,-0.9037706,-0.48842633,0.47365096,0.16317788,0.054081764,-0.77595365,-0.5496694,0.19715089,-0.20551065,0.5769378,-0.03849725,0.3542793,0.1330237,0.219965,-0.5799933,0.42300132,-0.7299498,-0.5350806,-0.6884464,-0.17243834,-0.16419476,0.058903106,-0.06465016,-0.077979214,0.5222755,-0.7221471,-0.7125355,0.009213089,-0.31544337,0.72184294,0.007370195,-0.03898457,-0.3899583,-0.42942038,-0.43182853,-0.51246524,-0.71433693,-0.14496881,0.5303854,0.3038147,0.3268704,-0.18906486,-0.45395935,-0.87416506,-0.3018045,-0.16932711,0.63710326,0.3623184,-1.0706003,0.22846976,0.39972973,-0.7495225,0.13458732,0.07208625,0.14177532,0.30477682,0.39755672,-0.8159839,-0.52501404,-0.22199276,-0.18853503,-0.7241653,0.019119333,-0.31799182
subway_lines:medium,0.15219115,1.1846957,1.0453756,-0.60549897,-0.27806166,-0.15955912,-0.037814047,-0.22854425,0.13508488,0.31388482,0.45717555,0.035065185,0.6768206,0.8810659,0.9147195,0.29433137,0.1347587,-0.51458865,-0.7944374,-0.19487809,0.84299093,-0.17917822,0.78063637,-0.24030833,-0.7898765,0.52974313,-0.21402144,0.32525817,-0.33031192,-0.21258906,-0.038300432,1.0562449,-0.20435417,-0.43954748,0.50422394,-0.30839285,-0.7158483,-0.56117,-0.66105807,-0.022030175,0.40065405,-0.0009776613,1.0511457,0.46543866,-0.118860595,0.6732723,-0.28553802,-0.44453955,-0.24291754,-0.6113201,0.44965366,0.6371699,0.18187103,-0.28273422,-0.24427016,-0.061316393,0.039967984,0.32902333,-0.15324643,-0.5263145,0.6320875,-0.47533423,-0.37911442,0.8040503,-0.81165373,0.6699938,-0.25952613,-0.6922497,-0.8521087,-0.7779038,-0.026602263,-0.124335505,-0.62192684,-0.25534174,-0.16522616,0.23878768,0.12216703,0.6608244,0.060813982,-0.6114261,1.0994605,-0.09488762,0.5453154,-0.18593685,0.20251109,0.05733704,0.18422984,-0.93143314,0.11683151,-0.75041425,-0.2042068,0.48620784,0.56049925,0.18886305,-0.04291495,-0.11006473,0.1391781,0.5178028,0.5413104,-0.8188634,0.013536782,-0.45424783,0.9235652,0.26589936,-0.21496792,0.3652079,0.3049099,0.4170045,0.5996459,0.2609111,-0.22812591,0.10489251,0.19064376,-0.61997604,-0.028772254,0.5109306,0.1014032,0.05094352,-0.1304005,0.28697532,0.11055473,-0.8514009,-0.15953326,0.07094517,-0.48223215,0.30169946,0.38074607,0.012527545
swimming_per_10k:high,-0.5908132,-0.63378555,-0.009361491,-0.72457874,-0.19343653,0.6314399,0.62732536,0.5018114,-0.053374767,-0.20580916,0.42732158,0.22510682,-0.11590621,-0.8586217,0.2324124,0.07688188,0.28417894,-0.8907321,0.07686844,-0.021592753,-0.011338904,0.62840927,-0.23784448,-0.62834424,-0.025086945,-0.60161227,0.25076002,0.85957766,0.38602838,-0.2559298,0.19039392,-0.35966855,-0.34700933,-0.39399606,-0.031989083,-0.32478648,-0.33819994,-0.43544224,-0.7343162,-0.029339068,-0.4353063,-0.61256933,0.46563745,-0.5815448,-0.38460493,-0.12841931,-0.20886536,0.10523737,0.17892858,-0.912545,0.041484054,-0.50459427,0.6901339,-0.008831173,0.10853885,-0.35938165,0.052806057,0.5890325,-0.2245687,0.52032703,0.023648446,0.32488367,0.40622747,0.5447008,-0.56334114,-0.7696928,0.913191,-0.016448624,-0.55678964,-0.16205274,-0.29523513,0.32777324,0.7196965,0.45292816,-0.16327378,-0.37730774,0.5540395,0.81839657,-0.537667,-0.15678632,0.59367746,0.44347036,0.7602397,-0.14144135,0.28646368,-0.49710932,-0.025116935,0.99361616,0.05985288,0.19396919,1.25574,0.06767702,-0.35725254,0.5848459,0.17475007,-0.40380073,0.3660678,-0.35820973,0.8070717,-0.17321442,-0.64930737,0.83523977,-0.72534835,0.21596913,0.24324466,0.3901069,0.53675264,-0.2652013,0.45423084,-0.75131464,-0.18215232,0.5031325,0.75337315,-0.581316,0.12280116,0.42740044,0.35277665,0.4855491,0.42643955,0.46308532,-0.2616012,0.28849268,-0.71609735,0.35023692,-1.0607663,-0.3394665,0.57395893,0.054529168
swimming_per_10k:low,-0.4034544,-0.3098818,1.094503,-0.2897679,0.58726424,0.67393476,0.060832936,-0.3118671,-0.1641851,-0.15213484,0.0017466063,-0.11928113,-0.1211013,0.022366334,0.6218031,-0.24210255,0.21005963,-0.7577951,-0.30564517,-0.2649904,-0.3331147,0.044835012,-0.23801191,-0.9495175,-0.5111182,0.25903785,-0.12887058,-0.6234742,-0.40010804,0.20727715,0.47237,0.2490154,-0.06984359,-1.0875788,-0.53966206,-0.1753428,0.7767633,0.29943886,-0.6281407,1.0545816,-0.4219771,-0.5558552,0.18469983,0.20205972,-0.372365,0.37592256,-0.0518798,0.009449929,1.192477,-0.1044386,-0.21710925,-0.29815182,-0.10395251,-0.19834201,0.15114577,-0.19957863,0.5415566,0.053367846,0.51453596,-0.819529,0.29259944,-0.50144136,0.038352843,-0.08964329,0.65349764,-1.221645,0.11451838,-0.0072458647,-0.3045269,-0.8976246,0.4777289,0.70068645,0.30793285,-0.40862232,0.19399612,-0.2688242,0.43483704,0.5201428,-0.256554,-0.40816322,0.32342714,-0.43708453,-0.36864552,0.5399604,0.070923746,0.5624678,-0.025747774,0.049293343,-0.25259182,-0.0954201,-0.71332216,-0.5753108,0.60191953,0.736934,0.120386735,-0.07894893,0.11308718,0.18952073,-0.15218681,0.9267514,0.17576861,-1.0601498,-0.28448576,1.1181656,-0.2843806,-0.22543378,0.49632737,0.105770685,-0.8420128,0.0040631304,-0.30839074,0.0020250694,-0.9934802,-0.75770265,-0.23714133,0.6777423,-0.032420788,-0.13431555,-0.29118797,-0.46183655,-0.17597668,-0.36254236,-0.2250723,-0.3922104,-0.5981056,0.6414937,0.044980936,0.65963656
swimming_per_10k:medium,-0.811064,0.10343981,-0.2754803,0.29639667,0.92571473,0.2632102,-0.34730765,0.8215202,0.09082687,0.15962166,0.4540153,-0.13009669,-0.6213715,-0.5052273,-0.57811964,0.7060658,-0.74139243,0.6174838,-0.344537,0.73664397,0.013627122,0.24723819,0.031441055,0.24941356,-0.60884196,0.34069747,0.22973508,0.95568925,-0.49346253,-0.04088226,-0.43326578,-0.035104264,0.15771711,0.2548857,0.23224236,-0.051659245,0.21739432,1.3797882,-0.7284077,0.7321286,-0.2824905,-0.16848554,-0.4978341,0.46674594,-0.095629096,-0.02253132,-0.62077934,-0.028806735,-1.128851,0.0696913,0.22549467,0.388624,-0.24532811,-0.26127443,0.4274101,0.26464036,-0.24976945,-0.42434844,-0.6434409,-0.074091956,0.4058779,-0.74321,-0.35979384,0.83527493,-0.28642547,-0.17563833,-0.41573143,-0.014065145,0.071079075,-1.295906,0.24032766,0.30620378,-0.38511446,0.22821842,-0.43981016,0.14434017,-0.09582791,0.06098427,-0.5127554,-0.3400982,0.45107782,-0.27388448,-0.48146087,-0.3492057,-0.37177396,-0.22993577,0.55687493,-0.04509821,0.4812506,0.87647974,-0.16290951,0.6034008,0.11818625,0.10815501,0.069960155,-0.40880334,-1.0707403,0.014592068,0.108530596,-0.69753265,0.048216216,0.19617507,-0.7517033,0.5369924,0.19457291,0.4848518,-0.612031,0.19220567,-0.41910642,-0.27081,-0.02950104,0.69496316,0.47876632,0.21542636,-0.452115,0.9531472,0.18846248,-0.2597155,-0.41890454,0.031394683,-0.42251953,0.9931336,-0.32287824,-0.00021487757,-0.29762545,0.19298144,-1.1643468,-0.091691054
tennis_per_10k:high,-0.69697404,0.76847863,-0.44268528,0.34765983,0.28816536,-0.17188849,-0.6801837,0.46207225,0.2866839,-0.4531352,0.029252047,0.009984569,-0.33971578,0.37083888,-0.16171764,-0.49801046,-0.54270506,0.55247813,0.16229825,-0.36389682,0.36003107,0.2528553,0.32323787,-0.311139,-0.79408634,0.1827216,0.14643236,0.3062653,0.6461298,0.2369396,0.26716653,0.30855352,-0.41131222,0.47441483,-0.66502225,-0.20748131,0.6960746,0.40305883,0.11112164,0.17612985,0.7167433,-0.22024308,0.47646594,0.15319426,-0.29655936,0.60604966,-0.96862173,-0.92007023,0.9408427,0.47599363,-0.37629217,-0.23561002,0.37853906,-0.26056138,-0.41254628,0.20263983,0.16080855,-0.27203053,-0.25427762,-0.29922673,0.059093952,0.52271086,0.2934004,0.62854505,-0.357055,0.608256,0.89788914,-0.6443408,0.79268223,0.08208817,-0.13242157,0.55013216,-0.52843523,0.012090796,-0.28448057,0.22985134,0.053889655,0.22291909,-0.7061938,-0.40043342,0.6498447,0.64614624,0.1738153,-0.37100273,-0.28456455,-0.57419896,0.2231188,-0.42355773,0.012365541,-0.2931847,-0.92694205,-0.07831284,0.10038763,-0.7539576,0.23599891,0.3957267,0.6353799,0.031586565,0.6251503,0.4513868,-0.4502777,0.64559793,-0.5824764,0.30984756,0.08368211,0.1250708,-0.37325788,0.71249247,0.34253716,-0.16683824,0.41504583,-0.27982002,-0.36264354,0.74029225,0.12841704,0.2833317,-0.0295782,-0.23938543,0.71791846,0.7536492,0.18622231,1.1369151,-1.1316112,0.3223592,0.16288376,0.33745217,-0.6548483,-0.7334995
tennis_per_10k:low,-1.073099,0.78873706,0.77124846,0.59511393,0.05441231,0.39602214,-0.10250625,0.09890203,0.27405295,0.5307882,0.101098895,-0.47847188,1.1557512,0.56203485,-0.41736257,-0.1294115,-0.36807954,0.0077798804,0.6595252,0.9313538,-0.090572685,0.34787863,0.58029735,-0.17423804,0.3531362,-0.25505608,0.47181275,-0.7079885,-0.16169927,0.4985936,0.48048672,-0.25542548,0.13929376,-0.60831374,0.038128342,0.24219018,-0.18703134,-0.2407871,-0.26401073,0.645522,-0.50768185,0.22094364,0.17179246,-0.35409763,0.8557866,0.5755337,0.27205145,-0.09401258,-0.17656538,-0.9014175,0.23382956,-0.30830154,-0.6046411,0.6089657,-0.14524564,0.042962674,-0.018295769,0.7215098,0.725566,0.64233446,0.7668151,0.04882005,-0.5899357,-0.20275815,-0.28179508,0.32872137,0.18091755,0.85621154,-0.4677013,0.74311525,-0.5161146,0.56473166,0.1535176,-0.37386698,0.36799443,0.5834678,0.62356466,-0.100148804,-0.06902114,0.48774368,0.32194546,0.10141854,-0.61175036,0.12155769,-0.7102366,-0.3725822,0.6141988,-0.10337001,-0.44835162,0.60937464,0.24771048,0.25190315,-0.30229148,-0.12535822,-0.6183517,-0.61661136,1.1307744,0.040349267,-0.6471228,-0.22645827,-0.5800755,-0.21489127,-0.9384467,-0.461406,-0.5587644,0.6161554,-0.13135491,0.045683715,-0.76380926,0.7141353,-0.019171827,0.5942922,-0.029822052,0.2418828,0.042321235,1.004434,-0.16948117,0.11835817,-0.11032936,0.63178146,-0.5241875,-0.44857627,0.057576,-0.2783875,0.6769398,0.5196664,-0.27544007,-0.26923484
tennis_per_10k:medium,-0.10229583,0.4757659,1.0234163,-0.6245223,0.05419533,0.4429358,0.28363258,-0.25499883,0.17919627,0.96616197,-0.4751778,0.16971731,-0.6929685,0.79548067,0.47865647,0.028861772,0.6783804,0.42051536,-0.38679382,-0.72308373,-0.18812054,-0.12954782,-1.914549,-0.13003181,-0.3103157,0.5400817,-0.03571139,0.14309968,0.09436838,0.04418097,-0.22538272,0.48245594,0.15983509,-0.94861615,-0.07419775,0.026544262,0.30672446,0.3618663,0.18993588,1.2963271,0.3404943,-0.8617779,-0.5109623,0.08838319,0.9883273,0.079188,0.46501315,0.15851031,0.059579227,0.18595469,0.20345388,-0.7668503,0.334985,-0.39270562,-0.86765,0.42078087,-0.12931886,-0.41000703,-0.07522836,0.2887271,0.46568578,-0.23598029,-0.49238235,-0.22005472,-0.43834472,0.9784319,0.7514619,0.15678994,0.5346551,0.82461804,-0.089069106,0.30918896,-0.9039196,1.0438734,-0.45878625,-0.1916823,-0.17125742,0.04809812,-0.36697537,0.6245872,-0.34269363,0.57425934,0.6026002,0.006818334,-0.18583815,0.21447037,-0.22872314,-0.43452212,-1.3077027,-0.54824835,0.07586439,-0.30838445,-0.1537965,-0.24937795,-0.41982695,0.23842604,-0.48206162,0.034726765,0.10872294,0.40109193,0.36512622,-0.053020887,-0.8346731,0.21293467,-0.28220072,0.53124183,0.39718217,0.39745927,-0.7095341,0.06325736,0.41430014,0.39724833,-0.14792314,-0.31387088,0.19939978,0.90249735,0.36932054,-0.1441908,-0.3277458,-0.64855474,0.7154882,0.2017575,-0.023451408,-0.94481236,-0.11853318,0.3713685,0.06001238,-0.8345042
unemployed_per_1000:high,0.11249572,0.0438246,0.13316292,0.3485931,0.36853823,0.91938925,-0.65103525,-0.41838926,-0.26278892,-0.3215455,-0.55467004,0.54573506,1.0135565,0.54686373,0.018862326,-0.2312408,0.25434136,0.8366827,-0.13875912,-0.40947738,-0.77651495,-0.54941577,-0.93389183,0.31767052,0.49440682,0.9652692,-0.506809,-0.18848611,0.1450848,0.13213089,-0.54384893,-0.5260375,0.5086156,-0.74612993,-0.2882917,-0.0003351766,-0.023505414,-0.798445,-0.51838404,0.42729053,0.07228038,-0.26943305,-0.28794593,0.029334381,0.6865141,0.7549255,0.28736186,0.6876939,-0.11038398,-0.46053407,0.49278444,0.36470103,-0.40082988,-0.22002454,-0.12364964,0.16275334,-0.009148015,0.20602214,-0.075203575,0.76637834,0.6713337,0.31425142,1.1001389,-0.35646743,-0.78176725,-0.89602107,-0.49360675,0.19621448,0.2606982,-0.08803875,0.6352254,0.5418086,-0.00051500817,1.0715336,-0.27111137,0.30345508,0.09285653,0.22957493,-0.67746294,-0.22068608,-0.6366801,0.38494906,-0.07344324,0.0906064,-0.4287646,-0.50611514,-0.623817,-0.34175995,-0.9440755,0.15586755,-0.23036854,-0.4657783,-0.15126316,-0.029059503,0.48884237,0.9603047,-0.35902864,0.0017008644,0.8943364,-0.13792048,-0.60016066,0.48225167,0.81567055,-0.148524,0.26540396,-0.6694783,-0.33532673,-0.8419729,-0.54901075,-0.21027613,-0.5312679,0.2043165,0.41882673,-0.4625089,0.855276,-0.8233882,0.08944553,0.5286226,-0.49103963,-0.86238194,0.01598525,-0.3162412,0.16085902,0.39563742,0.34086132,-0.0075393547,-0.59550565,-0.015967552
unemployed_per_1000:low,0.7004083,-0.6822673,0.70430195,-0.29412895,-0.40705505,-0.0052725887,0.804146,-0.1736571,0.036581613,-0.067905135,0.8637256,-0.6659256,0.58742017,-0.45289248,0.18613584,0.14753981,0.15738563,-0.26856676,-0.5194505,-0.1734567,0.6519036,1.1212404,-0.19554113,0.9620997,0.27579078,-0.7864404,0.35076746,-0.41164237,-0.06292345,-0.1780732,-0.21536523,-0.04740347,0.30836675,-0.6314705,0.60877705,-0.057111625,-0.20674738,-0.39836916,-0.7716339,0.7937484,0.0219318,0.25469378,0.27715737,-0.72749484,0.9151825,1.1527451,0.67067724,0.047895677,-0.3265176,0.20265494,-0.28719252,-0.15365107,0.48918888,-0.5349817,-0.18444158,0.76555693,0.04369396,0.5540578,-0.8901192,0.3135365,0.30766642,0.7663088,-0.09546513,-0.15710966,-0.94846547,-0.30844003,1.1167907,-0.13138025,-0.19045207,-0.30036584,-0.14409171,0.735204,-0.5415779,-0.053972587,0.55194986,-0.18518478,-0.25496966,-0.36376417,0.053739578,-0.24425578,-1.404039,-0.003190045,0.050185405,0.562992,-0.09681937,-0.45540434,0.1436287,0.12592982,-0.42255813,0.29286778,0.42227188,0.8274622,0.114463024,0.2461248,-0.45078743,-0.23488043,-0.67747384,0.30702093,-0.41831246,0.68275696,-0.58178645,-0.5796964,0.8008848,-0.71090895,0.024310214,0.08830887,-0.17107494,-0.0067324727,-0.03107232,-0.5724552,0.25265855,0.23697697,-0.12956394,-0.33220115,-0.49166456,-0.114458315,0.32534727,-0.517683,-0.6554604,0.755027,0.19168521,-0.04690207,-0.18007056,-0.6499865,0.103561275,-0.85939455,0.18562523,-0.49382263
unemployed_per_1000:medium,0.53394693,-0.1489416,0.5667307,-0.7124886,-0.12958622,0.4811521,0.55192673,0.08483766,-0.96025115,-0.2384521,0.5837495,-0.49141702,-0.04905547,0.4331631,0.7649327,0.51004165,0.0032427174,-0.77713,0.7200188,-0.002131401,-0.3202048,-0.50532347,0.018735943,0.8325448,-0.9134488,-0.38468525,1.1998227,-0.489399,-0.084681585,0.3075658,-0.40216303,-0.20051853,0.39587596,0.51439273,0.11856995,0.6992618,0.6582803,0.54026526,0.5411767,-0.4512983,0.55783755,-0.033635065,0.40318838,0.15208985,0.38062575,-0.038184915,-0.5068276,0.20994452,0.5982911,-0.13509604,-0.19772737,0.6893403,-0.44974133,0.15183437,-0.15397495,0.85279065,-0.48581624,-0.8957467,-0.57784444,-0.47197068,0.37129048,-0.20661972,-0.25400957,-0.6779582,-0.07995721,-0.8678951,0.1259287,0.48616952,0.6356323,-0.17023732,-0.14513378,0.40826717,0.3674797,-0.42788696,-0.5404662,-0.19984761,0.16365398,0.11573274,0.58011,-0.65634316,-0.17862445,-0.06151377,0.022494214,0.1084211,-0.04035453,0.1231252,0.32002518,0.724574,-0.8425676,-0.49122915,-1.0837373,-0.6714671,-0.1216237,-0.49745473,-0.5470201,-0.11588195,-0.03435118,-0.13925162,-0.44265786,0.2222904,0.8452344,-0.24915227,0.4640115,0.30944684,1.0809238,-1.0091971,0.41053015,-0.6170107,0.01648253,-0.3904421,0.22763611,-0.15238176,-0.04226522,0.25536287,-0.12626655,-0.37550318,0.3922909,0.19728535,0.50594646,-0.74617285,0.31782696,0.5875287,0.061741214,0.6546618,0.500405,-0.59440017,0.36639225,0.4086581
universities:high,0.25043374,-0.47499025,0.3462009,0.23287424,0.13213222,0.94939816,-0.74133486,0.49277616,0.5013469,0.53747946,0.07336946,-0.40404257,-0.23455317,-0.41292882,-0.66091555,-0.56260616,0.8139079,0.29362085,-0.5173409,-0.5939378,0.16563939,-0.32646218,0.5844503,-0.8373889,-0.20267491,-0.57686734,-0.97624415,0.21025912,-0.28433424,-0.20527755,0.17499764,0.019312913,0.9293572,0.09116374,-0.26023987,0.22726972,-0.71216637,0.39410937,0.5279497,0.42753428,-1.0527486,0.49641016,0.05605131,0.45715207,0.94767,0.53049403,-0.40381417,-0.315451,-0.06566294,0.51941675,-0.6750208,-0.50001097,-0.4494299,-0.277304,-0.5342358,1.2993962,0.13434581,0.041366458,-0.6458845,0.14907025,0.24985546,-0.4706737,-0.49745092,0.5993301,-0.107281044,-0.5822012,0.7193216,0.53311664,0.11544012,-0.33138898,-0.27112538,-0.14648284,0.28925693,-0.51051724,-0.9498618,1.3171223,0.030933645,-0.21745868,0.21515022,-0.6693249,-0.6504046,0.30415106,-0.4810347,-0.14319956,0.5615851,-0.418109,0.553914,-0.067948796,0.6955095,0.35659474,0.2153866,0.6915794,-0.24168321,0.030356005,0.8170521,-0.25752357,-0.15704423,0.064573444,-0.33553392,0.18676579,-0.020895747,0.2913753,-0.52224404,0.26269045,-0.27372015,0.01687559,0.36393765,0.4216284,-0.018666979,0.49146414,0.094147965,-0.26348567,0.20413919,-0.19011328,-0.813988,0.79695433,-0.0016133563,0.55544233,0.40584844,0.111777894,0.20101497,0.24057625,0.134567,0.7090014,-0.019579167,0.5402834,-0.4047397,-0.4509599
universities:low,-0.4559908,-0.20293614,-0.053672742,-0.06309778,-0.06566722,0.4912271,0.28069988,-0.22609346,-0.6354465,-0.40448436,-0.60907483,0.14352515,-0.03484655,0.72153944,0.24035734,0.014691134,-0.22799702,0.34913984,0.47945446,0.7761381,0.75374365,0.018164916,-0.6586882,-0.69868064,-0.78985995,-0.43868545,0.48945883,-0.31995234,-0.34300905,0.7643536,0.22481182,0.007147238,-0.31547853,-0.4034655,0.63934416,-0.4222588,0.7027949,-0.25470048,0.66942203,-0.06230752,-0.20388201,0.59492844,-0.53603756,-0.053758364,0.35870475,0.0219854,0.3820297,0.27120972,-0.67200875,0.5704517,0.2333746,-0.32288006,0.8065797,-0.062056035,0.6433967,-0.7911676,0.21551284,0.9407404,-0.15041068,0.14931078,0.30623302,-0.9592255,0.52038616,0.69128793,-0.8182051,-1.0625924,0.41218197,0.40179712,0.3161472,0.47659472,-0.12721185,0.15372428,-0.6617996,0.952204,-0.21894418,-0.5351021,1.3738484,-0.52499056,0.5786032,-0.48050383,-0.46060503,0.55165535,0.44876927,0.11888029,-0.2565313,0.5844353,0.53866225,0.2209407,0.58976,-0.1330523,0.41788128,0.0617632,0.11058609,0.6956029,0.4954229,0.1655852,0.39252415,0.053999133,0.39742446,0.493723,-0.48134544,0.2221163,-0.23763545,-0.08071802,0.0018829985,-0.5207766,-0.67472273,0.11484893,-0.30527416,-0.5040004,-0.2733666,-0.6074086,0.20313804,-0.37926388,0.9613876,0.6465186,-0.18409222,-0.180873,-0.45730004,-0.3729895,0.5184789,-0.30242434,-0.16442515,-0.044355705,-0.74514055,0.40159795,0.13538785,-0.23678964
universities:medium,-0.31692192,-0.3819454,0.54847187,0.041614994,-0.15677449,0.79157776,-0.25244364,0.7389309,-0.55774474,-0.00036571804,-0.5217426,-0.6969844,-0.50839645,0.51851946,0.75330716,-0.56856287,0.3639284,-0.43073544,0.3416242,-1.1191903,-0.11247074,0.22961725,-0.3677333,-0.5463548,-0.8859571,-0.44691154,0.060957927,-0.03800472,-0.54379374,-0.5716895,-0.38382235,0.7177416,0.09801639,0.28424236,0.9136576,-0.1889064,-0.4188011,-0.22798531,0.022920243,0.66397864,0.4714609,-0.48120025,0.061533045,0.010257307,0.2100595,0.13642061,-0.24615061,-0.35630664,0.7406251,-0.8987207,0.57999337,0.45911315,-0.19711515,0.021104615,-0.354417,0.5036548,-0.4079336,0.17329264,0.1446008,-0.61477536,0.9221163,0.48883635,0.5781628,-0.070397876,-0.51260304,-0.7064915,0.4385974,-0.48152697,0.17889556,0.14541833,-0.2502998,0.32960847,0.5528621,-0.29563588,0.4957641,0.10385057,-0.021372706,-0.73916775,-0.3594955,0.22208789,-0.5846056,0.21805578,-0.3101648,0.6209982,-0.4615038,-0.23687613,0.38004178,-0.27944228,0.49853453,0.30632356,0.12872185,0.55914253,-0.16386636,-0.09543803,0.04928006,-0.15590559,0.25983366,0.12103191,-0.56540686,-0.040137485,-0.07030201,-1.0524505,-0.18242341,-0.800185,0.8307056,-0.8320515,0.4133362,0.7778988,0.41488713,1.1651646,0.41594934,-0.7641031,-0.18362789,0.73288184,0.39811164,0.8775028,0.45952863,-0.0071386998,-0.6405378,0.054527692,-0.40761042,0.51235455,-0.14397629,0.3314189,0.067768835,0.60695773,-0.5367729,-0.4813622
volleyball_per_10k:high,-0.4273403,-0.47018757,-0.37250873,0.8349785,0.7790619,0.14606313,0.34363404,0.51101977,0.06864389,0.26250145,-0.4117052,-0.62785035,-0.25393522,0.41836315,0.39390016,-0.4616536,-0.60102206,0.14223316,0.2214928,-0.4661309,0.22246143,-0.727392,0.3266692,-0.77332217,0.37383538,0.18562903,0.66726094,0.3708173,-0.30399472,0.10178027,-0.10409203,0.08376743,0.89538276,0.30766314,0.30749077,-0.88524085,-0.28332624,-0.8239005,-0.3755719,-0.27611712,0.77363807,0.597782,-0.28029135,-0.25452983,0.27050635,0.5864231,-0.19697705,-0.17793284,-0.43270075,-0.82375187,-0.0065727797,-0.403589,0.80501837,0.12929778,-0.5453328,1.1908523,0.6207226,1.2072461,-0.35483065,-0.014682086,-0.7308198,0.24110416,0.03388895,0.75620615,0.47224498,-0.97206724,0.5022325,-0.004304352,-0.04659693,0.18821204,-0.3370826,0.066826075,0.40619266,0.26754713,0.42881078,-0.03219839,0.6769925,-0.36756238,0.06873754,0.15880185,-0.03221244,-0.11946105,-0.24063112,0.3348855,0.40983698,-0.23594448,0.40814266,0.64441633,0.7403025,-0.937077,-0.15073754,0.01729325,0.9160301,0.3146875,0.21147951,-0.517574,0.33417314,-0.24918014,0.38132414,-0.45622048,0.024107005,-0.26430845,0.57212096,-0.2373979,-0.32018405,0.1455897,0.4003202,0.6867595,-0.019957721,0.5647403,0.40554586,0.013419159,-0.026863638,0.12898207,0.09138874,-0.38886645,-0.417701,-0.38633513,-0.6470077,-0.1079477,-0.018631315,-1.0320529,0.94068664,0.18060519,-0.79122686,-0.6544228,-0.17955193,0.38396722
volleyball_per_10k:low,0.37077197,-0.28839353,0.065100454,-0.24235705,0.74295664,-0.019801937,0.4520443,-0.6639786,-0.7503075,0.6833502,0.17201105,0.064306766,-0.017150471,-0.068666086,0.21622664,-0.8239225,-0.4181968,-0.2966966,-0.14006293,0.74225223,0.13046643,0.24457744,0.6134832,-0.24296555,0.05104659,-0.015179559,0.5717724,0.17399141,0.4430495,0.31193894,0.8208663,0.6462645,0.03334164,-0.3617001,-0.64350516,-0.093897186,0.122697175,-0.6573094,-0.75752807,-0.63951737,0.32260364,-0.5500645,0.2766876,-0.36046883,-0.7238548,-0.07405424,0.56399393,0.10599253,0.16646639,0.3750939,-0.23845772,-0.88183653,-0.5278081,0.23963222,-0.07226251,-0.22210772,0.51407886,0.29070818,-0.602625,0.037856765,-0.3799574,0.87532014,0.37623355,0.64088184,0.51049364,-0.35859793,0.4030574,-0.6978327,0.5752384,0.63119465,0.850865,0.044271585,0.042426508,0.46018052,-0.47550023,0.7385026,-0.22545603,-0.20111217,0.5806591,0.44579822,-0.40571278,0.046013206,0.17086172,0.112173274,-0.1599834,0.20832084,0.90440637,0.24590722,0.500013,-0.2688385,-0.5178824,-1.1043866,-0.5991985,0.8436202,0.5258645,-0.052778497,1.0209578,-0.04263728,-0.97706705,0.76467603,0.4178878,-0.0911951,0.39495286,0.4517246,-0.45781368,0.42280617,-1.2015151,-0.41620246,0.7351308,-1.1225132,0.797342,0.12748572,0.1420492,-0.5908408,0.11566895,-0.22231574,0.7175276,0.36901432,0.08971341,-0.14396068,0.3043066,0.09243041,-0.10532119,0.44168228,-0.49358863,0.21820346,-0.31458244,-0.47716472
volleyball_per_10k:medium,0.6955316,-1.0663667,-0.17697519,-0.30647373,0.037045386,-0.46679774,0.27233377,0.73980165,-0.23755659,0.2251934,0.16325274,0.7032022,0.10158942,0.8989195,0.41835675,-0.0051115723,0.18086575,-0.03084501,0.3119886,-0.08408976,-0.59775937,0.010179081,-0.31862307,-0.2856682,-0.32933003,0.7970738,0.06638708,-0.001296981,-0.6051415,-0.6493864,0.5584799,0.10023035,-0.016974771,-0.32525563,0.2792405,0.4209002,0.027011275,0.11674199,-0.72105485,-0.56253433,-0.4352258,-0.36670542,0.39863718,-0.4693553,-0.63590294,-1.4503635,-0.42143562,0.0019257972,0.3298126,0.47804374,0.27736494,-0.5744263,-0.2366107,-0.025896968,0.56712157,0.31696728,-0.43190566,-0.57502645,-0.21708333,0.46049416,-0.74289316,-0.076301485,0.4924272,0.6827493,0.47305235,-0.66984105,0.56130576,0.4687034,-0.68141335,0.78728974,0.20667753,0.89387256,0.008851028,0.03178033,-0.38111937,0.28918788,0.007158973,-0.37347278,-0.08604212,-0.4676352,-0.34372634,-0.21422544,0.6438192,-0.19144876,0.65030724,0.42777768,-0.2119754,0.10498157,0.5551823,0.4140942,0.6673836,0.008013471,0.22046731,-0.07776232,-0.6033731,0.40811783,0.62828606,-0.7547473,-0.013400223,-0.38134348,-0.8275782,0.6511142,0.49200624,0.81045157,-0.369612,0.00955449,0.45071712,-0.43393615,0.037025947,0.5550192,-0.3481782,0.36211485,0.5237784,-0.43543482,0.4464533,0.5547285,-1.2268872,0.2263494,-0.33398932,0.43556458,-0.14825824,0.4418936,0.24747214,-1.0220697,-0.044711094,-0.11383588,0.6203495,-0.027405702
