{"type": "FeatureCollection", "features": [{"type": "Feature", "properties": {"district": 1, "name": "Innere Stadt"}, "geometry": {"type": "Polygon", "coordinates": [[[16.36934451, 48.20068879], [16.37186658, 48.20005539], [16.37372641, 48.19963205], [16.37396101, 48.1996353], [16.37665226, 48.2003141], [16.37860819, 48.20222031], [16.37894443, 48.20260024], [16.38059217, 48.2039761], [16.38111931, 48.20454816], [16.38440071, 48.20906682], [16.38453924, 48.20944286], [16.38490083, 48.21135466], [16.3844816, 48.21139171], [16.38448715, 48.21153666], [16.38439715, 48.21167546], [16.3842315, 48.21177749], [16.38402363, 48.21182557], [16.38251989, 48.21170114], [16.38148954, 48.21167249], [16.38034056, 48.21171853], [16.37922892, 48.21184286], [16.37843415, 48.21198211], [16.37770276, 48.21215218], [16.37709006, 48.21235078], [16.37649831, 48.21260284], [16.37568814, 48.21306977], [16.37537956, 48.2133075], [16.37511756, 48.21355897], [16.37487577, 48.21385624], [16.37356576, 48.21575662], [16.37321749, 48.21614369], [16.37163866, 48.21738668], [16.3701516, 48.21849464], [16.36943533, 48.21795508], [16.3604336, 48.21381147], [16.3598323, 48.21390162], [16.35981466, 48.21386951], [16.35962319, 48.21389482], [16.35874567, 48.21405139], [16.3565129, 48.21434292], [16.35537145, 48.20939775], [16.35535535, 48.20913983], [16.35519867, 48.20860448], [16.35542699, 48.20789218], [16.35550668, 48.20746281], [16.35572361, 48.20705774], [16.35632401, 48.20655986], [16.36175256, 48.20250446], [16.36396724, 48.2013672], [16.36403058, 48.20132986], [16.36406844, 48.20117274], [16.36463311, 48.20088399], [16.36497023, 48.20066726], [16.36600592, 48.19985043], [16.36591576, 48.19980153], [16.36597425, 48.19952686], [16.36753581, 48.20040711], [16.3680599, 48.20060823], [16.36851704, 48.20069523], [16.36904722, 48.20072077], [16.36934451, 48.20068879]]]}}, {"type": "Feature", "properties": {"district": 2, "name": "Leopoldstadt"}, "geometry": {"type": "Polygon", "coordinates": [[[16.40345259, 48.23191886], [16.40053085, 48.23430211], [16.39813493, 48.23634784], [16.39528249, 48.23481682], [16.38740589, 48.2307171], [16.38678462, 48.2303688], [16.38791347, 48.22937293], [16.38818091, 48.2281661], [16.38804918, 48.22807201], [16.38797652, 48.22795666], [16.38796481, 48.22783139], [16.38469867, 48.22608454], [16.38335876, 48.22561278], [16.38319454, 48.22560264], [16.38306382, 48.22566615], [16.38130697, 48.22791315], [16.38046999, 48.22831359], [16.38013874, 48.2283013], [16.37751997, 48.22957238], [16.37216138, 48.22783473], [16.37041793, 48.22616918], [16.37036898, 48.22582197], [16.36975376, 48.22561405], [16.36934061, 48.22568315], [16.36845872, 48.22538338], [16.3674595, 48.22510685], [16.36769766, 48.22457075], [16.36784071, 48.22402296], [16.36788849, 48.22356509], [16.36788052, 48.22260229], [16.36793008, 48.22187745], [16.36805461, 48.22108324], [16.36824978, 48.22033295], [16.36844629, 48.21995896], [16.36876432, 48.21958286], [16.36923771, 48.21911813], [16.36969896, 48.21878157], [16.36969329, 48.21875729], [16.37047336, 48.21827477], [16.37264051, 48.21661682], [16.37328496, 48.21607926], [16.37358504, 48.21573009], [16.37492273, 48.21379165], [16.37534332, 48.21333912], [16.37574173, 48.21303336], [16.37626908, 48.21271939], [16.37681145, 48.21246133], [16.37739343, 48.21224523], [16.37803386, 48.21206767], [16.37887783, 48.21189903], [16.37969954, 48.21178044], [16.38053144, 48.21170515], [16.38208911, 48.21168111], [16.38405032, 48.21182278], [16.38425437, 48.21176788], [16.38440635, 48.21166654], [16.38448921, 48.21152949], [16.3844816, 48.21139171], [16.38490083, 48.21135466], [16.38492013, 48.21145924], [16.38499978, 48.21154231], [16.38508332, 48.2118265], [16.38520084, 48.21195874], [16.3864883, 48.21246581], [16.38660129, 48.21260409], [16.38677762, 48.21269723], [16.3873916, 48.21290871], [16.3880376, 48.21306045], [16.38871042, 48.21315183], [16.38939819, 48.21318064], [16.39042685, 48.21310447], [16.39179503, 48.21283064], [16.39233363, 48.21268334], [16.3928216, 48.21250009], [16.39354547, 48.21216484], [16.39413854, 48.21175777], [16.39460682, 48.21129288], [16.39588858, 48.2093237], [16.39624404, 48.2085931], [16.39651375, 48.2078275], [16.39704956, 48.2052002], [16.39717281, 48.20484465], [16.39738316, 48.20444249], [16.39766628, 48.20405479], [16.3980033, 48.20370382], [16.39843747, 48.20334269], [16.39877762, 48.20310542], [16.39915493, 48.20289474], [16.39957131, 48.20271068], [16.40001245, 48.20256007], [16.40062446, 48.20241392], [16.40285525, 48.20203458], [16.40488928, 48.20160874], [16.40579363, 48.20131963], [16.40660605, 48.20092707], [16.40725675, 48.20047964], [16.4077954, 48.19995594], [16.40878819, 48.19864078], [16.40981245, 48.19715958], [16.4101356, 48.19677067], [16.41062072, 48.19631519], [16.41153746, 48.19561553], [16.41233583, 48.1950655], [16.41315177, 48.19455206], [16.42086236, 48.19000452], [16.42218184, 48.189305], [16.42359019, 48.18867677], [16.42511899, 48.18811201], [16.43018146, 48.18660449], [16.43834143, 48.18426576], [16.4515449, 48.18039551], [16.45420316, 48.17958719], [16.46019489, 48.17787693], [16.46735482, 48.17570963], [16.46901181, 48.17512213], [16.47553714, 48.17259694], [16.47875651, 48.17116071], [16.47976156, 48.17074739], [16.4797321, 48.17069311], [16.48272121, 48.16964323], [16.48447545, 48.16885785], [16.48546535, 48.16849306], [16.48872965, 48.16747829], [16.49096864, 48.16673955], [16.49220136, 48.16627698], [16.49462551, 48.1652817], [16.4946657, 48.16532382], [16.49523053, 48.16508868], [16.49847317, 48.16717904], [16.4964572, 48.16840415], [16.49445195, 48.16955852], [16.49150745, 48.1713245], [16.48553681, 48.17504331], [16.47805391, 48.17984342], [16.45565704, 48.19462367], [16.45012126, 48.19835276], [16.44927029, 48.1989611], [16.44210797, 48.20382193], [16.43703602, 48.20732892], [16.42588347, 48.21516099], [16.42362148, 48.21682252], [16.41625763, 48.22212444], [16.4072772, 48.22892698], [16.40345259, 48.23191886]]]}}, {"type": "Feature", "properties": {"district": 3, "name": "Landstra\u00dfe"}, "geometry": {"type": "Polygon", "coordinates": [[[16.3966168, 48.20738659], [16.39640029, 48.20818547], [16.39604327, 48.20903035], [16.39568803, 48.20966418], [16.39478944, 48.21104633], [16.39453134, 48.21138109], [16.39421363, 48.21169427], [16.39384136, 48.21198012], [16.3934158, 48.21223643], [16.39233363, 48.21268334], [16.39191515, 48.21279956], [16.39063753, 48.21307062], [16.38984082, 48.21316557], [16.38903717, 48.21317348], [16.38822605, 48.21309259], [16.38743705, 48.21292161], [16.38671284, 48.21267045], [16.38658217, 48.21258777], [16.3864883, 48.21246581], [16.3852957, 48.21201253], [16.3851049, 48.21186314], [16.38499978, 48.21154231], [16.384905, 48.2114208], [16.38453924, 48.20944286], [16.38440071, 48.20906682], [16.38255416, 48.20650721], [16.38090184, 48.20428401], [16.3805276, 48.20391935], [16.37894443, 48.20260024], [16.37860819, 48.20222031], [16.37665226, 48.2003141], [16.37521392, 48.19995154], [16.37544995, 48.19952617], [16.37509332, 48.19832988], [16.37505375, 48.19805249], [16.37507033, 48.19788491], [16.37513501, 48.1977283], [16.37699715, 48.19470291], [16.37850294, 48.19290883], [16.37921671, 48.19183883], [16.38113552, 48.1884713], [16.38099251, 48.1881145], [16.38104698, 48.18812815], [16.38143413, 48.18723006], [16.38170382, 48.18684164], [16.38229262, 48.18629177], [16.38269098, 48.18600104], [16.38413596, 48.18472889], [16.38487436, 48.18359435], [16.38550617, 48.18291842], [16.39011006, 48.17923369], [16.39128705, 48.17833992], [16.39346799, 48.17679849], [16.39545185, 48.17552772], [16.39565476, 48.17553436], [16.3956566, 48.17549911], [16.39706975, 48.17537543], [16.39774177, 48.17851202], [16.40023526, 48.17987124], [16.40137513, 48.18101122], [16.40161839, 48.18100901], [16.40226327, 48.18180437], [16.40270566, 48.18156957], [16.4034483, 48.18223688], [16.40298974, 48.1825476], [16.40383126, 48.18323473], [16.40414999, 48.183452], [16.40406452, 48.18349423], [16.40282778, 48.18479187], [16.40461841, 48.18569311], [16.40568832, 48.18475744], [16.40626299, 48.18506682], [16.4128423, 48.18315254], [16.41505465, 48.18545322], [16.41601399, 48.18520638], [16.41649325, 48.18501651], [16.41694541, 48.18479172], [16.41711892, 48.18519719], [16.41727255, 48.18544044], [16.41751312, 48.18569835], [16.41781005, 48.18592345], [16.41974595, 48.18557725], [16.42044687, 48.18728591], [16.42142624, 48.18672851], [16.42211422, 48.18645208], [16.42243664, 48.18635609], [16.42712081, 48.18532964], [16.42828892, 48.18516035], [16.42853961, 48.18516969], [16.42880172, 48.18525708], [16.42949434, 48.18583417], [16.429789, 48.18597216], [16.43001561, 48.18601175], [16.43024313, 48.18600869], [16.43080089, 48.18586654], [16.43111176, 48.18634014], [16.42511899, 48.18811201], [16.42387514, 48.18856279], [16.42269744, 48.18906192], [16.42175806, 48.18951699], [16.42088738, 48.18999013], [16.41325301, 48.19449149], [16.41164389, 48.19553925], [16.41082134, 48.19615488], [16.41033466, 48.19656905], [16.40983788, 48.19712542], [16.4087357, 48.19871338], [16.40775204, 48.200006], [16.40745785, 48.20030576], [16.40713344, 48.20057659], [16.4063654, 48.20105927], [16.40561314, 48.20138829], [16.40480794, 48.20162849], [16.40258974, 48.20208587], [16.40066931, 48.20240579], [16.40015516, 48.20251986], [16.39945203, 48.20275888], [16.39881148, 48.20308449], [16.39840764, 48.2033662], [16.3978573, 48.20384515], [16.3975179, 48.20424341], [16.39725557, 48.20466786], [16.39704956, 48.2052002], [16.3966168, 48.20738659]]]}}, {"type": "Feature", "properties": {"district": 4, "name": "Wieden"}, "geometry": {"type": "Polygon", "coordinates": [[[16.37372641, 48.19963205], [16.37193231, 48.20003939], [16.3693523, 48.20068738], [16.36904722, 48.20072077], [16.36865023, 48.20070775], [16.36822057, 48.20064697], [16.36787535, 48.20055159], [16.36756582, 48.20042233], [16.36597425, 48.19952686], [16.36594085, 48.19968389], [16.36169687, 48.19736259], [16.3608901, 48.19710021], [16.35937012, 48.19671242], [16.36091479, 48.19484771], [16.36200547, 48.19419753], [16.36171022, 48.19393022], [16.364017, 48.19216162], [16.36338493, 48.19132684], [16.3621932, 48.19013919], [16.36431886, 48.1883065], [16.36476829, 48.18798614], [16.3688406, 48.18383035], [16.37168282, 48.18476354], [16.37196198, 48.18472982], [16.37235029, 48.18480569], [16.37241914, 48.18479362], [16.37355658, 48.18514057], [16.37351786, 48.18553926], [16.37353463, 48.18570726], [16.37373511, 48.18597312], [16.37395986, 48.18607878], [16.37419084, 48.18611488], [16.37630145, 48.18677449], [16.37719881, 48.18698952], [16.37949513, 48.18770434], [16.38038622, 48.18792456], [16.38099251, 48.1881145], [16.38113552, 48.1884713], [16.37914075, 48.19196168], [16.3784892, 48.19292647], [16.37701633, 48.19467477], [16.37511833, 48.19775888], [16.37505493, 48.1979765], [16.3750748, 48.19824977], [16.37544995, 48.19952617], [16.37521392, 48.19995154], [16.37396101, 48.1996353], [16.37372641, 48.19963205]]]}}, {"type": "Feature", "properties": {"district": 5, "name": "Margareten"}, "geometry": {"type": "Polygon", "coordinates": [[[16.36091479, 48.19484771], [16.35919319, 48.19692605], [16.35666162, 48.1964341], [16.35617724, 48.19629201], [16.35569533, 48.19609085], [16.35525677, 48.19583927], [16.35484485, 48.19553205], [16.35451443, 48.19515204], [16.35440842, 48.19494596], [16.35434275, 48.19473251], [16.35432091, 48.19442176], [16.35444882, 48.19338807], [16.35445218, 48.19309423], [16.35435341, 48.19263203], [16.35414119, 48.19212538], [16.35383523, 48.19164064], [16.35328514, 48.19097315], [16.35257804, 48.1903583], [16.35195446, 48.18999465], [16.35136295, 48.18977551], [16.35067298, 48.18962304], [16.34554158, 48.1887539], [16.34174301, 48.1884663], [16.3424178, 48.1877558], [16.34667898, 48.18290284], [16.34947526, 48.1796484], [16.34973561, 48.17921957], [16.35055524, 48.17935599], [16.35082242, 48.17932349], [16.35381431, 48.17961724], [16.35390117, 48.17958845], [16.3547146, 48.17966467], [16.3557892, 48.17980038], [16.35692476, 48.18002213], [16.35991789, 48.18079587], [16.36125926, 48.18120619], [16.36204298, 48.18151998], [16.36335767, 48.18194208], [16.36702692, 48.18326265], [16.3688406, 48.18383035], [16.36476829, 48.18798614], [16.36431886, 48.1883065], [16.3621932, 48.19013919], [16.36338493, 48.19132684], [16.364017, 48.19216162], [16.36171022, 48.19393022], [16.36200547, 48.19419753], [16.36091479, 48.19484771]]]}}, {"type": "Feature", "properties": {"district": 6, "name": "Mariahilf"}, "geometry": {"type": "Polygon", "coordinates": [[[16.36403058, 48.20132986], [16.36175256, 48.20250446], [16.36154156, 48.20266152], [16.36034045, 48.20162786], [16.35995077, 48.20138647], [16.35951319, 48.20119029], [16.35900354, 48.20103382], [16.35567744, 48.20027065], [16.35356036, 48.19963067], [16.35146105, 48.19886889], [16.35006229, 48.19828325], [16.3485269, 48.19774742], [16.34740859, 48.1974209], [16.34424507, 48.19672123], [16.34187488, 48.19632135], [16.34007762, 48.19597519], [16.33949061, 48.19594088], [16.33917682, 48.19584802], [16.33928281, 48.19536318], [16.33938752, 48.19515709], [16.33940171, 48.19505601], [16.33933791, 48.1947538], [16.33909585, 48.1942933], [16.33919996, 48.1942665], [16.33798474, 48.192088], [16.33778284, 48.19187486], [16.33748208, 48.19135614], [16.33751598, 48.19132799], [16.33743971, 48.19110505], [16.33741415, 48.1908705], [16.33732094, 48.19086322], [16.33737043, 48.1905749], [16.33750116, 48.1905927], [16.33818906, 48.18899225], [16.33872876, 48.18864915], [16.33906498, 48.18830893], [16.33952898, 48.18839669], [16.34000065, 48.18842923], [16.34174301, 48.1884663], [16.3454267, 48.18873783], [16.34836964, 48.18921285], [16.35067298, 48.18962304], [16.35133756, 48.18976819], [16.35189708, 48.18996889], [16.35254999, 48.19033788], [16.35325308, 48.19094248], [16.35379378, 48.19158605], [16.35408477, 48.19202185], [16.35432541, 48.19254839], [16.35444888, 48.19305641], [16.35444973, 48.19337861], [16.35431959, 48.19444511], [16.35436587, 48.19482467], [16.35448011, 48.19509411], [16.35465322, 48.19534059], [16.35489391, 48.1955743], [16.3551974, 48.1957992], [16.35587203, 48.19617289], [16.35664849, 48.19643098], [16.35919319, 48.19692605], [16.35937012, 48.19671242], [16.3608901, 48.19710021], [16.36169687, 48.19736259], [16.36594085, 48.19968389], [16.36591576, 48.19980153], [16.36600592, 48.19985043], [16.36497948, 48.20066044], [16.36463311, 48.20088399], [16.36406844, 48.20117274], [16.36403058, 48.20132986]]]}}, {"type": "Feature", "properties": {"district": 7, "name": "Neubau"}, "geometry": {"type": "Polygon", "coordinates": [[[16.34795644, 48.20662668], [16.3384475, 48.20858392], [16.33833501, 48.20841926], [16.33827002, 48.20843805], [16.3375339, 48.20725851], [16.33750013, 48.2072595], [16.33740325, 48.20711013], [16.33746918, 48.20709106], [16.33715779, 48.20661156], [16.33699733, 48.20626872], [16.33691653, 48.20592688], [16.33689587, 48.20557975], [16.33703751, 48.2037955], [16.33718601, 48.2025091], [16.33714148, 48.20250704], [16.33726805, 48.20165034], [16.33762102, 48.2005537], [16.33857804, 48.19801831], [16.33860049, 48.197654], [16.33900094, 48.19665843], [16.33904244, 48.19643594], [16.33925184, 48.195878], [16.33956016, 48.19595104], [16.34007762, 48.19597519], [16.34187488, 48.19632135], [16.34424507, 48.19672123], [16.34740859, 48.1974209], [16.3485269, 48.19774742], [16.35006229, 48.19828325], [16.35146105, 48.19886889], [16.35356036, 48.19963067], [16.35567744, 48.20027065], [16.35900354, 48.20103382], [16.35951319, 48.20119029], [16.35995077, 48.20138647], [16.36034045, 48.20162786], [16.36154156, 48.20266152], [16.35587949, 48.20691176], [16.35144161, 48.20631699], [16.34925268, 48.2064134], [16.34795644, 48.20662668]]]}}, {"type": "Feature", "properties": {"district": 8, "name": "Josefstadt"}, "geometry": {"type": "Polygon", "coordinates": [[[16.34914727, 48.21515788], [16.34608009, 48.21536853], [16.34547777, 48.21529934], [16.34088055, 48.21517515], [16.3393722, 48.21241977], [16.33919913, 48.21196787], [16.33915083, 48.2119676], [16.33907896, 48.21165383], [16.3390172, 48.21165185], [16.33897049, 48.21130957], [16.33903063, 48.21129995], [16.33901744, 48.21120273], [16.33905202, 48.21119311], [16.33883187, 48.20947572], [16.33870499, 48.20905056], [16.3384475, 48.20858392], [16.3390142, 48.20848804], [16.34795644, 48.20662668], [16.34925268, 48.2064134], [16.35144161, 48.20631699], [16.35587949, 48.20691176], [16.35570163, 48.20708427], [16.35553264, 48.20739306], [16.35542699, 48.20789218], [16.35519867, 48.20860448], [16.35535535, 48.20913983], [16.35537145, 48.20939775], [16.3565129, 48.21434292], [16.35581961, 48.21461589], [16.35583245, 48.2147409], [16.3539046, 48.21478933], [16.35098776, 48.21496834], [16.34914727, 48.21515788]]]}}, {"type": "Feature", "properties": {"district": 9, "name": "Alsergrund"}, "geometry": {"type": "Polygon", "coordinates": [[[16.36165221, 48.23191847], [16.36140333, 48.23247357], [16.36121134, 48.23303867], [16.36113508, 48.23340955], [16.36111061, 48.23381219], [16.36115513, 48.23435716], [16.36126892, 48.23503917], [16.36142223, 48.23567276], [16.36162243, 48.23630885], [16.3572614, 48.23617026], [16.35674905, 48.23612277], [16.35665915, 48.23589842], [16.3559594, 48.23341757], [16.35565984, 48.23287553], [16.35536931, 48.23248367], [16.35495465, 48.232155], [16.35446053, 48.23190365], [16.35406044, 48.23218232], [16.35370311, 48.23195269], [16.35307682, 48.23163092], [16.35293802, 48.23157356], [16.35291017, 48.23160513], [16.35279992, 48.23157646], [16.35263419, 48.23149024], [16.3526027, 48.23152559], [16.35212237, 48.23133554], [16.35215009, 48.23130415], [16.35186981, 48.23119474], [16.35188986, 48.23117199], [16.351397, 48.23094677], [16.35102072, 48.23071048], [16.35074296, 48.23045781], [16.35058043, 48.23025198], [16.35044848, 48.23000888], [16.35035955, 48.22974524], [16.34952202, 48.22599401], [16.34947115, 48.22598619], [16.34942426, 48.22578124], [16.34937177, 48.22578745], [16.3493331, 48.2256281], [16.34929132, 48.22542261], [16.34934152, 48.22541784], [16.3492984, 48.22521235], [16.34934914, 48.22519381], [16.34920822, 48.2246582], [16.34909741, 48.22406307], [16.34894769, 48.22369928], [16.34875792, 48.22345232], [16.34852902, 48.2232306], [16.34830493, 48.22307659], [16.34773221, 48.22280522], [16.3472953, 48.22267783], [16.34719736, 48.22277237], [16.34703141, 48.22278145], [16.34396576, 48.2219671], [16.34357005, 48.22166873], [16.34231862, 48.21854807], [16.34259785, 48.21847944], [16.34244756, 48.21811003], [16.34194153, 48.21714614], [16.34189214, 48.21714606], [16.34182794, 48.21703221], [16.34177964, 48.21704381], [16.34165218, 48.21682249], [16.34156079, 48.21664398], [16.34160882, 48.21662788], [16.34154933, 48.216517], [16.34159899, 48.21649613], [16.34088055, 48.21517515], [16.34547777, 48.21529934], [16.34608009, 48.21536853], [16.34863661, 48.2152109], [16.35098776, 48.21496834], [16.3539046, 48.21478933], [16.35583245, 48.2147409], [16.35581961, 48.21461589], [16.35656456, 48.21432681], [16.35874567, 48.21405139], [16.35962319, 48.21389482], [16.35981466, 48.21386951], [16.3598323, 48.21390162], [16.3604336, 48.21381147], [16.36943533, 48.21795508], [16.3701516, 48.21849464], [16.36969329, 48.21875729], [16.36969896, 48.21878157], [16.36910388, 48.21923693], [16.36844629, 48.21995896], [16.36828283, 48.22024396], [16.36807169, 48.22100333], [16.36793746, 48.22181361], [16.36788109, 48.22258095], [16.36788711, 48.22359377], [16.36782293, 48.22412268], [16.36762838, 48.22475141], [16.36731161, 48.22535972], [16.36690333, 48.22592313], [16.36665226, 48.22618234], [16.36440528, 48.22780443], [16.36390949, 48.22825612], [16.36346452, 48.22873086], [16.36318357, 48.22908664], [16.36290213, 48.22953097], [16.36165221, 48.23191847]]]}}, {"type": "Feature", "properties": {"district": 10, "name": "Favoriten"}, "geometry": {"type": "Polygon", "coordinates": [[[16.38417006, 48.18469119], [16.38269098, 48.18600104], [16.38229262, 48.18629177], [16.3816784, 48.18687057], [16.38142765, 48.18724284], [16.38104698, 48.18812815], [16.38038622, 48.18792456], [16.37949513, 48.18770434], [16.37719881, 48.18698952], [16.37630145, 48.18677449], [16.37419084, 48.18611488], [16.37395986, 48.18607878], [16.37373511, 48.18597312], [16.37353463, 48.18570726], [16.37351786, 48.18553926], [16.37355658, 48.18514057], [16.37241914, 48.18479362], [16.37235029, 48.18480569], [16.37196198, 48.18472982], [16.37168282, 48.18476354], [16.36702692, 48.18326265], [16.36335767, 48.18194208], [16.36204298, 48.18151998], [16.36125926, 48.18120619], [16.36045244, 48.18095188], [16.35740971, 48.18014193], [16.35609635, 48.17985114], [16.3550789, 48.17970598], [16.35390117, 48.17958845], [16.35381431, 48.17961724], [16.35082242, 48.17932349], [16.35055524, 48.17935599], [16.35031534, 48.17933372], [16.34781047, 48.1788185], [16.34720412, 48.17866154], [16.34710756, 48.17861712], [16.34713445, 48.17859239], [16.34632649, 48.17818318], [16.3452901, 48.17778945], [16.34388429, 48.17706695], [16.34250572, 48.17661053], [16.34249201, 48.17663652], [16.3423554, 48.17660865], [16.34160279, 48.17641947], [16.34211321, 48.17528504], [16.34340254, 48.17536887], [16.34360188, 48.17493943], [16.34525008, 48.17503338], [16.34531384, 48.17447129], [16.34535405, 48.17447336], [16.34537284, 48.1743077], [16.34558899, 48.17403816], [16.34607159, 48.17420305], [16.34635305, 48.17390353], [16.34675572, 48.17340797], [16.34708669, 48.17290628], [16.34737143, 48.17235371], [16.34754766, 48.17187788], [16.34646801, 48.17175379], [16.34557767, 48.17170323], [16.34561402, 48.17123165], [16.34555177, 48.17078698], [16.34539117, 48.17035348], [16.34511512, 48.16989301], [16.34409318, 48.17012888], [16.34304779, 48.17031187], [16.33736216, 48.17104171], [16.33691753, 48.17029059], [16.33581294, 48.16857612], [16.33349616, 48.1654047], [16.3319525, 48.16337181], [16.33281932, 48.16277522], [16.33323741, 48.16243349], [16.33405608, 48.16162501], [16.3344271, 48.16119244], [16.33509789, 48.16020228], [16.3355818, 48.1593204], [16.33560748, 48.15934091], [16.3364219, 48.15805082], [16.33806378, 48.15519777], [16.33852396, 48.15461562], [16.33892474, 48.15427221], [16.33950439, 48.15387455], [16.33996591, 48.15365195], [16.34115855, 48.15321933], [16.34290222, 48.15285384], [16.34479652, 48.15251979], [16.34760159, 48.15204704], [16.34819414, 48.1520003], [16.34817153, 48.15189346], [16.34827649, 48.15187106], [16.34843438, 48.15177454], [16.34877253, 48.1517844], [16.34917508, 48.15190289], [16.35031799, 48.15189178], [16.35704594, 48.15165387], [16.35902558, 48.15161005], [16.35961516, 48.15156902], [16.36057012, 48.15144642], [16.36198196, 48.15118791], [16.36269267, 48.15099044], [16.36288525, 48.15096593], [16.36895786, 48.14947776], [16.37004904, 48.14916385], [16.37404694, 48.14816137], [16.37453325, 48.14811229], [16.37603519, 48.14779179], [16.37711799, 48.1475244], [16.37575811, 48.14468686], [16.37417375, 48.14208553], [16.37343143, 48.14220233], [16.37277678, 48.14239653], [16.37241609, 48.14254278], [16.37134915, 48.14310079], [16.37112223, 48.14256927], [16.37092456, 48.14196129], [16.37192738, 48.14177509], [16.37008803, 48.13859435], [16.37076343, 48.13853254], [16.36917712, 48.13576693], [16.36895809, 48.13570799], [16.36846661, 48.13483614], [16.36813148, 48.13432164], [16.36781542, 48.13356071], [16.36771883, 48.13357665], [16.36684939, 48.13143521], [16.36656703, 48.13148556], [16.36563737, 48.12867314], [16.36598515, 48.12863635], [16.36589031, 48.12840039], [16.36751361, 48.12816721], [16.3675065, 48.12796388], [16.3715565, 48.12729242], [16.3736066, 48.12716596], [16.37629827, 48.12706423], [16.37820674, 48.12690518], [16.37939608, 48.12670751], [16.38192812, 48.12644347], [16.38298738, 48.12636274], [16.38448783, 48.12618998], [16.38540379, 48.12601485], [16.38670984, 48.12570042], [16.39064308, 48.12490478], [16.39105701, 48.12472166], [16.39101916, 48.1244972], [16.39381704, 48.12402206], [16.39441718, 48.12389144], [16.39575989, 48.12377924], [16.39807687, 48.12335433], [16.40338943, 48.122224], [16.40512227, 48.12198351], [16.40506955, 48.12163487], [16.40484874, 48.12093559], [16.40548579, 48.12082441], [16.40650712, 48.12052269], [16.40692756, 48.12035516], [16.40712656, 48.1202124], [16.40727054, 48.1200176], [16.40753227, 48.11952774], [16.4082924, 48.11790335], [16.41052375, 48.1181532], [16.41282259, 48.11824333], [16.41170542, 48.12036057], [16.42049489, 48.1206337], [16.42148137, 48.12132249], [16.4221018, 48.12181693], [16.42255947, 48.1225651], [16.42278196, 48.12283842], [16.42290659, 48.12306577], [16.42459354, 48.12243612], [16.42551731, 48.12215616], [16.4279572, 48.12153882], [16.42953577, 48.12120642], [16.43140919, 48.12089928], [16.43273107, 48.12072362], [16.43400549, 48.12059537], [16.43513057, 48.1204158], [16.43702226, 48.11993193], [16.43631209, 48.12128902], [16.43531131, 48.12283261], [16.43449693, 48.12417305], [16.43428492, 48.12471625], [16.43415358, 48.125437], [16.43409369, 48.12608529], [16.43403132, 48.12733677], [16.43408758, 48.12894455], [16.43407915, 48.12981197], [16.43391815, 48.13098097], [16.43390482, 48.13103764], [16.433562, 48.13090933], [16.43332099, 48.13097608], [16.43326077, 48.13110114], [16.43348371, 48.13142021], [16.43343829, 48.13155695], [16.43318046, 48.13161563], [16.43280697, 48.13160785], [16.43278231, 48.13171327], [16.43275689, 48.13284501], [16.43281497, 48.13401095], [16.43297975, 48.13575759], [16.43312682, 48.1378753], [16.43622376, 48.13797868], [16.43202941, 48.14431958], [16.42996483, 48.14734142], [16.42630448, 48.15050532], [16.42418135, 48.15239925], [16.41322839, 48.16180332], [16.40717197, 48.16706614], [16.40550951, 48.16834969], [16.39714878, 48.17405909], [16.39720986, 48.17447333], [16.39712178, 48.17448817], [16.39707502, 48.1743653], [16.39575815, 48.17517683], [16.39578993, 48.17533563], [16.39550259, 48.17533434], [16.3952817, 48.17546927], [16.39546187, 48.17547727], [16.39546178, 48.17551054], [16.39535339, 48.17561114], [16.39346799, 48.17679849], [16.39128705, 48.17833992], [16.39011006, 48.17923369], [16.38550617, 48.18291842], [16.38487436, 48.18359435], [16.38417006, 48.18469119]]]}}, {"type": "Feature", "properties": {"district": 11, "name": "Simmering"}, "geometry": {"type": "Polygon", "coordinates": [[[16.42743272, 48.18527265], [16.4227924, 48.18626838], [16.42220537, 48.18642321], [16.42131553, 48.1867815], [16.42044687, 48.18728591], [16.41974595, 48.18557725], [16.41781005, 48.18592345], [16.41751312, 48.18569835], [16.41727255, 48.18544044], [16.41711892, 48.18519719], [16.41694541, 48.18479172], [16.41649325, 48.18501651], [16.41601399, 48.18520638], [16.41505465, 48.18545322], [16.4128423, 48.18315254], [16.40626299, 48.18506682], [16.40568832, 48.18475744], [16.40461841, 48.18569311], [16.40282778, 48.18479187], [16.40406452, 48.18349423], [16.40414999, 48.183452], [16.40383126, 48.18323473], [16.40298974, 48.1825476], [16.4034483, 48.18223688], [16.40270566, 48.18156957], [16.40226327, 48.18180437], [16.40161839, 48.18100901], [16.40137513, 48.18101122], [16.40023526, 48.17987124], [16.39774177, 48.17851202], [16.39706975, 48.17537543], [16.3956566, 48.17549911], [16.39565476, 48.17553436], [16.39545185, 48.17552772], [16.39546187, 48.17547727], [16.3952817, 48.17546927], [16.39550259, 48.17533434], [16.39578993, 48.17533563], [16.39575815, 48.17517683], [16.39707502, 48.1743653], [16.39712178, 48.17448817], [16.39720986, 48.17447333], [16.39714878, 48.17405909], [16.40550951, 48.16834969], [16.40717197, 48.16706614], [16.41322839, 48.16180332], [16.42418135, 48.15239925], [16.42630448, 48.15050532], [16.42996483, 48.14734142], [16.43202941, 48.14431958], [16.43622376, 48.13797868], [16.44393984, 48.13836444], [16.44563131, 48.1384847], [16.44618515, 48.13848561], [16.45102751, 48.13870617], [16.45101563, 48.13868063], [16.45337771, 48.13891009], [16.45372091, 48.13898231], [16.4548868, 48.13934148], [16.45533112, 48.13950712], [16.45606529, 48.13985009], [16.45634254, 48.1399909], [16.45842302, 48.14138726], [16.45882504, 48.14143468], [16.45929907, 48.14176153], [16.46101626, 48.14278833], [16.46191805, 48.14290174], [16.46351988, 48.14408062], [16.46415714, 48.14442472], [16.46670194, 48.14626261], [16.46607763, 48.1465395], [16.4662716, 48.1467213], [16.46673212, 48.14697907], [16.46667425, 48.14700162], [16.467582, 48.14762328], [16.46795438, 48.14778015], [16.46811792, 48.14793573], [16.4680358, 48.14798223], [16.46838169, 48.14823841], [16.47176474, 48.15042299], [16.47246389, 48.15094206], [16.4731637, 48.15140439], [16.47307489, 48.15146241], [16.47323444, 48.1515741], [16.47465815, 48.15254034], [16.47565158, 48.15311831], [16.47711102, 48.15414248], [16.47748702, 48.15456111], [16.47780741, 48.15513872], [16.47795506, 48.15555528], [16.47802417, 48.1560974], [16.47815113, 48.15612899], [16.47762449, 48.15743628], [16.47769789, 48.15744231], [16.4779541, 48.15681372], [16.47848566, 48.15656161], [16.47925509, 48.15649023], [16.47985495, 48.156199], [16.48018202, 48.15612215], [16.48031083, 48.15613827], [16.48005729, 48.15655452], [16.48463231, 48.15580721], [16.48814077, 48.1551784], [16.48923896, 48.15584424], [16.48982812, 48.15626731], [16.49036647, 48.15673019], [16.49168123, 48.15773918], [16.49201262, 48.15802678], [16.49243055, 48.15830501], [16.49343779, 48.15881544], [16.49623207, 48.15732113], [16.49797212, 48.15662405], [16.49842968, 48.156208], [16.50679321, 48.15761503], [16.50780284, 48.15783404], [16.51378851, 48.15892807], [16.4970734, 48.16627413], [16.49523053, 48.16508868], [16.4946657, 48.16532382], [16.49462551, 48.1652817], [16.49220136, 48.16627698], [16.49096864, 48.16673955], [16.48872965, 48.16747829], [16.48546535, 48.16849306], [16.48447545, 48.16885785], [16.48272121, 48.16964323], [16.4797321, 48.17069311], [16.47976156, 48.17074739], [16.47875651, 48.17116071], [16.47637721, 48.17224245], [16.47548021, 48.17261958], [16.46879875, 48.17520256], [16.46648689, 48.17598405], [16.46019489, 48.17787693], [16.45420316, 48.17958719], [16.4515449, 48.18039551], [16.43834143, 48.18426576], [16.43111176, 48.18634014], [16.43080089, 48.18586654], [16.43022986, 48.18601001], [16.42998899, 48.18600939], [16.42975829, 48.18596311], [16.42948532, 48.18582751], [16.42884223, 48.18528095], [16.42852166, 48.18516688], [16.42828305, 48.18516089], [16.42743272, 48.18527265]]]}}, {"type": "Feature", "properties": {"district": 12, "name": "Meidling"}, "geometry": {"type": "Polygon", "coordinates": [[[16.34174301, 48.1884663], [16.33952898, 48.18839669], [16.33914312, 48.18833114], [16.33870857, 48.18821118], [16.33836346, 48.18807629], [16.33779051, 48.18772268], [16.3371978, 48.18726493], [16.33697602, 48.18704613], [16.33619493, 48.18607472], [16.33596223, 48.18582747], [16.33570713, 48.18561054], [16.33456288, 48.1847749], [16.33409075, 48.18451116], [16.3335588, 48.18429395], [16.3325732, 48.18398567], [16.33185076, 48.18385141], [16.33014316, 48.1837459], [16.32799815, 48.18375735], [16.32715885, 48.18383993], [16.32647353, 48.18397642], [16.32583823, 48.18414283], [16.32424019, 48.18459659], [16.32133103, 48.18549086], [16.32014121, 48.18581789], [16.31931978, 48.1841578], [16.31902372, 48.18231593], [16.31384604, 48.17502358], [16.3133574, 48.17476016], [16.3130301, 48.1745385], [16.30800219, 48.17045245], [16.30208014, 48.1718556], [16.30112069, 48.17267676], [16.29992068, 48.17186167], [16.29913897, 48.17123712], [16.29888051, 48.17094853], [16.29862482, 48.17034671], [16.2964218, 48.17052754], [16.29565138, 48.16887233], [16.29571068, 48.16886012], [16.29290835, 48.16399061], [16.2922073, 48.16299611], [16.29183716, 48.16229863], [16.29234376, 48.16219208], [16.29601032, 48.16183107], [16.29511753, 48.16102318], [16.29436031, 48.16014762], [16.29368109, 48.15912196], [16.29281501, 48.15760288], [16.29747455, 48.15633865], [16.29920893, 48.15750115], [16.3010211, 48.15864342], [16.30289195, 48.15978109], [16.30409433, 48.16040835], [16.30527287, 48.16003941], [16.30602626, 48.1598575], [16.30670165, 48.1597324], [16.30871148, 48.15944808], [16.31021189, 48.15906702], [16.31110411, 48.15887665], [16.31651797, 48.15812901], [16.31633836, 48.15751518], [16.31640625, 48.15749307], [16.31660747, 48.15747197], [16.31717141, 48.15760885], [16.31877997, 48.15786335], [16.3191008, 48.15667044], [16.31925537, 48.15668943], [16.31930163, 48.15661516], [16.32146984, 48.15689407], [16.32183034, 48.15732786], [16.32284341, 48.15728832], [16.32425369, 48.15711607], [16.32709322, 48.15655038], [16.32913389, 48.15599762], [16.32974561, 48.15579162], [16.33030074, 48.15555935], [16.33058529, 48.15540198], [16.33146097, 48.15620313], [16.33265181, 48.15715441], [16.33328835, 48.15755139], [16.33478984, 48.15867126], [16.33510598, 48.15883224], [16.33564538, 48.15927939], [16.33560748, 48.15934091], [16.3355818, 48.1593204], [16.33509789, 48.16020228], [16.33473494, 48.16076616], [16.3344271, 48.16119244], [16.33405608, 48.16162501], [16.33353315, 48.1621619], [16.3329309, 48.16269248], [16.3319525, 48.16337181], [16.33349616, 48.1654047], [16.33581294, 48.16857612], [16.33691753, 48.17029059], [16.33736216, 48.17104171], [16.34304779, 48.17031187], [16.34409318, 48.17012888], [16.34511512, 48.16989301], [16.34539117, 48.17035348], [16.34555177, 48.17078698], [16.34561402, 48.17123165], [16.34557767, 48.17170323], [16.34646801, 48.17175379], [16.34754766, 48.17187788], [16.34737143, 48.17235371], [16.34708669, 48.17290628], [16.34675572, 48.17340797], [16.34635305, 48.17390353], [16.34607159, 48.17420305], [16.34558899, 48.17403816], [16.34537284, 48.1743077], [16.34535405, 48.17447336], [16.34531384, 48.17447129], [16.34525008, 48.17503338], [16.34360188, 48.17493943], [16.34340254, 48.17536887], [16.34211321, 48.17528504], [16.34160279, 48.17641947], [16.3423554, 48.17660865], [16.34249201, 48.17663652], [16.34250572, 48.17661053], [16.34388429, 48.17706695], [16.3452901, 48.17778945], [16.34632649, 48.17818318], [16.34713445, 48.17859239], [16.34710756, 48.17861712], [16.34720412, 48.17866154], [16.34781047, 48.1788185], [16.34973561, 48.17921957], [16.34947526, 48.1796484], [16.34667898, 48.18290284], [16.3424178, 48.1877558], [16.34174301, 48.1884663]]]}}, {"type": "Feature", "properties": {"district": 13, "name": "Hietzing"}, "geometry": {"type": "Polygon", "coordinates": [[[16.21423418, 48.20652354], [16.21348272, 48.20705236], [16.210115, 48.20470256], [16.20972116, 48.20477875], [16.20925499, 48.20477995], [16.20892398, 48.20415104], [16.20780695, 48.20307035], [16.20591757, 48.19973749], [16.20527668, 48.19773891], [16.20396299, 48.19637889], [16.20393984, 48.19387308], [16.2030462, 48.19094954], [16.19981398, 48.18616482], [16.19591248, 48.18381342], [16.19324878, 48.18063426], [16.19011301, 48.17888725], [16.18909473, 48.1781664], [16.18779213, 48.17710532], [16.18755555, 48.17386842], [16.18724262, 48.1736082], [16.18183038, 48.17112054], [16.18292213, 48.16975358], [16.1842505, 48.1692304], [16.18457388, 48.16894278], [16.18782005, 48.1680743], [16.19373182, 48.16635453], [16.19619932, 48.1639514], [16.19744828, 48.16091633], [16.19669955, 48.15655632], [16.19822753, 48.15413838], [16.20144827, 48.1547908], [16.20346088, 48.15550703], [16.22474447, 48.15300341], [16.22773795, 48.15090723], [16.23006406, 48.14946327], [16.2322726, 48.15081654], [16.24669254, 48.15640208], [16.25249817, 48.15765787], [16.2564426, 48.16002034], [16.2578229, 48.16022669], [16.2578465, 48.1601776], [16.25884312, 48.16032703], [16.26298581, 48.1599352], [16.26676969, 48.15853253], [16.27304702, 48.15586441], [16.27916791, 48.16268876], [16.28098101, 48.16145747], [16.27933325, 48.15964452], [16.27974927, 48.1594037], [16.28120864, 48.15876948], [16.28463526, 48.15918719], [16.28506733, 48.15926859], [16.28556251, 48.15860025], [16.28631677, 48.15714519], [16.28648948, 48.1568779], [16.28655556, 48.15678826], [16.28684085, 48.15657227], [16.28670558, 48.15634334], [16.28698674, 48.15636031], [16.28738232, 48.15649372], [16.28717279, 48.15677054], [16.29118318, 48.15814312], [16.29123159, 48.1596657], [16.29136832, 48.16154228], [16.29142006, 48.16185533], [16.29152084, 48.16216208], [16.29160711, 48.16234711], [16.29183716, 48.16229863], [16.2922073, 48.16299611], [16.29290835, 48.16399061], [16.29571068, 48.16886012], [16.29565138, 48.16887233], [16.2964218, 48.17052754], [16.29862482, 48.17034671], [16.29888051, 48.17094853], [16.29913897, 48.17123712], [16.29992068, 48.17186167], [16.30112069, 48.17267676], [16.30208014, 48.1718556], [16.30800219, 48.17045245], [16.3130301, 48.1745385], [16.3133574, 48.17476016], [16.31384604, 48.17502358], [16.31902372, 48.18231593], [16.31931978, 48.1841578], [16.32014121, 48.18581789], [16.31677062, 48.18672626], [16.31323118, 48.18737237], [16.31258553, 48.18742986], [16.30862765, 48.18756464], [16.3051923, 48.18762943], [16.30437748, 48.18770619], [16.2926874, 48.19014005], [16.28981529, 48.19065146], [16.2835174, 48.19157334], [16.27975119, 48.19199253], [16.26981622, 48.19291524], [16.26825984, 48.19314384], [16.2669472, 48.19344433], [16.26543104, 48.1938482], [16.26493632, 48.19412055], [16.26461705, 48.19439358], [16.26442977, 48.19442323], [16.26382819, 48.19475399], [16.26205024, 48.19559822], [16.26066161, 48.19619618], [16.25473578, 48.19899425], [16.25150684, 48.20058165], [16.25066551, 48.20091], [16.24987346, 48.20112929], [16.24905836, 48.20129344], [16.24784031, 48.20140025], [16.24743968, 48.20132799], [16.24661787, 48.20108876], [16.24654386, 48.20127638], [16.24651725, 48.20147315], [16.24663268, 48.20146883], [16.24663782, 48.20153161], [16.24337094, 48.20167419], [16.24220899, 48.20180945], [16.24105868, 48.2020137], [16.23964842, 48.20236733], [16.23829678, 48.20282644], [16.23709477, 48.20335148], [16.23570842, 48.2040906], [16.23417467, 48.20236632], [16.23394564, 48.20232835], [16.23267494, 48.20189671], [16.23241536, 48.20186518], [16.2322752, 48.20305701], [16.22911964, 48.20247684], [16.22813128, 48.20246297], [16.22724532, 48.20225106], [16.22593155, 48.20185285], [16.22393642, 48.20268044], [16.22102015, 48.20374498], [16.22085069, 48.20371891], [16.21937964, 48.20422653], [16.21960748, 48.2042523], [16.21540528, 48.2058082], [16.21449621, 48.20648731], [16.21431924, 48.2065668], [16.21423418, 48.20652354]]]}}, {"type": "Feature", "properties": {"district": 14, "name": "Penzing"}, "geometry": {"type": "Polygon", "coordinates": [[[16.20937915, 48.26402914], [16.20895532, 48.26417481], [16.20863346, 48.2642089], [16.20818567, 48.26413223], [16.20807221, 48.26409694], [16.20804971, 48.26404566], [16.20803242, 48.26406722], [16.20793522, 48.26404589], [16.20747599, 48.26391578], [16.20744906, 48.26380244], [16.2074184, 48.26378217], [16.20734486, 48.26378281], [16.20718385, 48.26369683], [16.20675117, 48.26356082], [16.20651647, 48.26337602], [16.20649114, 48.263325], [16.20600957, 48.26308092], [16.20582468, 48.26290705], [16.20579052, 48.26278345], [16.20581727, 48.26269733], [16.20568678, 48.26253009], [16.20563097, 48.26239009], [16.205539, 48.26238432], [16.20550888, 48.26231018], [16.20522739, 48.26220239], [16.2051573, 48.26206436], [16.20515282, 48.26202604], [16.20523362, 48.26192784], [16.205492, 48.26174521], [16.20551605, 48.26166556], [16.20561809, 48.26157844], [16.20562021, 48.26148627], [16.20568037, 48.26139613], [16.20562494, 48.2612663], [16.20567166, 48.2611159], [16.20562282, 48.26088265], [16.20566293, 48.26062828], [16.20547994, 48.26040028], [16.20548061, 48.26034749], [16.20566011, 48.26009813], [16.20553548, 48.26001022], [16.20540603, 48.26001744], [16.20536098, 48.2599914], [16.20535994, 48.25987044], [16.20539421, 48.25979404], [16.20523035, 48.25951363], [16.20492985, 48.25926408], [16.20476107, 48.25922171], [16.20470591, 48.25909476], [16.2047226, 48.25904576], [16.20493979, 48.25901175], [16.2049216, 48.25890741], [16.20479395, 48.25884773], [16.20470326, 48.25876237], [16.20482184, 48.25868345], [16.20479919, 48.25858963], [16.20489481, 48.25848443], [16.20493342, 48.258235], [16.20485796, 48.25798824], [16.204851, 48.25760413], [16.20505073, 48.25749464], [16.20524102, 48.25744405], [16.20533913, 48.25736412], [16.20526405, 48.25723462], [16.20542622, 48.25696061], [16.2055349, 48.25685461], [16.20571618, 48.25658457], [16.20564711, 48.25642136], [16.20567338, 48.25625843], [16.20558875, 48.25617326], [16.20521685, 48.25615072], [16.20511787, 48.25620231], [16.20490655, 48.25621017], [16.20479651, 48.25616516], [16.2047721, 48.2560735], [16.20484579, 48.25590361], [16.20478983, 48.25577611], [16.20406222, 48.2556152], [16.20395991, 48.25544296], [16.20384314, 48.25539678], [16.20349528, 48.25540033], [16.20340369, 48.25535634], [16.20333232, 48.25530212], [16.20330975, 48.25517628], [16.20290879, 48.2549529], [16.20285926, 48.25488662], [16.20283677, 48.2546956], [16.20267576, 48.25465814], [16.20218977, 48.25465022], [16.2020684, 48.25460215], [16.20201499, 48.25438611], [16.20188253, 48.25424442], [16.20164923, 48.25417506], [16.20137144, 48.25420327], [16.2012501, 48.25416398], [16.20123118, 48.25410364], [16.20109932, 48.25398705], [16.20096748, 48.25392829], [16.20050099, 48.25386381], [16.2003796, 48.25377307], [16.20019341, 48.2534888], [16.2000405, 48.2535241], [16.1998969, 48.25345169], [16.19986522, 48.25315583], [16.19976003, 48.25305905], [16.19962862, 48.25299831], [16.19940942, 48.25295713], [16.19902185, 48.25259513], [16.19888441, 48.2523884], [16.19892935, 48.25207929], [16.19875921, 48.25198485], [16.19873286, 48.2518527], [16.19863699, 48.25178486], [16.19841838, 48.25170537], [16.19837849, 48.25161764], [16.19811546, 48.25148162], [16.19802712, 48.25138502], [16.19796299, 48.25109698], [16.1978314, 48.25095689], [16.1974972, 48.25080207], [16.19729285, 48.25063024], [16.19710576, 48.25055087], [16.19650352, 48.25007917], [16.19646535, 48.25000268], [16.19631733, 48.24991734], [16.19601042, 48.24943871], [16.19597762, 48.24931897], [16.19609624, 48.24912477], [16.19593376, 48.24851646], [16.19595916, 48.24833797], [16.19610843, 48.24816063], [16.19593397, 48.24799827], [16.19608152, 48.24778077], [16.19627747, 48.24764867], [16.19597215, 48.24718237], [16.19557359, 48.2463975], [16.19535303, 48.24605666], [16.1953154, 48.24588727], [16.19532642, 48.24579519], [16.19523572, 48.24563176], [16.19504826, 48.24539834], [16.19488055, 48.24533231], [16.19478788, 48.24524739], [16.19471195, 48.24514657], [16.19456614, 48.24475438], [16.19408873, 48.24455072], [16.19393323, 48.24439882], [16.19377897, 48.24409744], [16.19361136, 48.24355792], [16.19354283, 48.24328687], [16.19355172, 48.24316808], [16.19358033, 48.24309437], [16.19383704, 48.24296609], [16.19371954, 48.24266107], [16.19368278, 48.24241974], [16.19379148, 48.24220809], [16.19389366, 48.24207335], [16.1944816, 48.24187016], [16.19436358, 48.24165805], [16.19409477, 48.24154261], [16.19387875, 48.24137129], [16.19408483, 48.24119429], [16.19414934, 48.24108807], [16.19409898, 48.24104232], [16.19389429, 48.24106122], [16.19383919, 48.24092689], [16.19385183, 48.24073742], [16.193907, 48.24065331], [16.19409705, 48.24062081], [16.19433772, 48.24068451], [16.19444748, 48.24067439], [16.1944831, 48.24049853], [16.19438279, 48.24026009], [16.19440574, 48.23994328], [16.19428576, 48.23966219], [16.19405172, 48.23934129], [16.19397704, 48.23918409], [16.19395162, 48.2390274], [16.19393303, 48.23888726], [16.19406077, 48.23860234], [16.19422587, 48.23853347], [16.19429904, 48.23845991], [16.19430156, 48.23842502], [16.19421509, 48.23839119], [16.19401904, 48.23811333], [16.19413327, 48.23803882], [16.19418061, 48.23796028], [16.19416956, 48.23786791], [16.19407202, 48.23764916], [16.1935612, 48.23718763], [16.1934897, 48.23704968], [16.19352123, 48.2369409], [16.19344817, 48.23687884], [16.1930708, 48.23684357], [16.19289102, 48.23686547], [16.19251504, 48.23676671], [16.19250161, 48.23670545], [16.19255036, 48.23665155], [16.19279401, 48.23670176], [16.19294872, 48.23665419], [16.19298933, 48.2365163], [16.1929744, 48.23646097], [16.19276875, 48.23630061], [16.1931912, 48.23609909], [16.19355595, 48.23602687], [16.19363811, 48.23596312], [16.19345401, 48.2356029], [16.19334367, 48.2352487], [16.19311426, 48.23511406], [16.19299426, 48.2348907], [16.19299402, 48.23473817], [16.19301673, 48.23470268], [16.1931109, 48.23472276], [16.19321275, 48.23469474], [16.19318593, 48.23465918], [16.19319717, 48.23458428], [16.19341383, 48.23431772], [16.19355968, 48.23444147], [16.19366967, 48.23443738], [16.19349107, 48.23423229], [16.19362794, 48.23409694], [16.1936518, 48.23394022], [16.19366144, 48.23371828], [16.19359405, 48.23340883], [16.19595573, 48.23244298], [16.19792839, 48.23145189], [16.1980641, 48.2314401], [16.19805511, 48.23138289], [16.19825989, 48.23136497], [16.19955296, 48.23085877], [16.19952914, 48.23083526], [16.19957264, 48.23081081], [16.1995054, 48.23070733], [16.19934494, 48.23069875], [16.19901742, 48.23080467], [16.1989232, 48.23080731], [16.1984315, 48.23053953], [16.19835205, 48.23044985], [16.19830875, 48.23046067], [16.19827179, 48.23039112], [16.19889018, 48.2298086], [16.1990879, 48.22917783], [16.19910119, 48.22858537], [16.19831816, 48.22911314], [16.1977767, 48.22975083], [16.19695652, 48.22987206], [16.19672606, 48.22987744], [16.1964243, 48.2296424], [16.19638277, 48.22955264], [16.19639452, 48.2294667], [16.19618693, 48.22932925], [16.19601677, 48.22931352], [16.19578485, 48.22916755], [16.19568739, 48.22917426], [16.19547346, 48.22909234], [16.19541173, 48.22902581], [16.19530949, 48.22905401], [16.19500318, 48.22889365], [16.19474902, 48.22871185], [16.19448194, 48.22862843], [16.19447694, 48.22848938], [16.19432465, 48.22846069], [16.19408037, 48.22831191], [16.19396653, 48.22820322], [16.19390417, 48.22807445], [16.19391894, 48.22803814], [16.19373012, 48.22788448], [16.19367638, 48.22780123], [16.19363749, 48.22755503], [16.19351946, 48.22745596], [16.19348241, 48.22737021], [16.19340411, 48.22735842], [16.19320355, 48.22712336], [16.19303004, 48.22717711], [16.19263889, 48.22699172], [16.19230727, 48.22659938], [16.19222259, 48.22656015], [16.19217314, 48.22643644], [16.19207314, 48.22634008], [16.19152555, 48.22602913], [16.19133452, 48.22599921], [16.19116113, 48.22591446], [16.19098352, 48.22589625], [16.19092444, 48.22584761], [16.19092469, 48.22575858], [16.19079147, 48.22575121], [16.19071486, 48.22571424], [16.19069482, 48.22561233], [16.19043535, 48.22555921], [16.19040813, 48.22542877], [16.19023322, 48.22545607], [16.19003356, 48.22533657], [16.18972797, 48.22536316], [16.18939012, 48.22523125], [16.18923328, 48.22510667], [16.18914056, 48.22510161], [16.18901516, 48.22518238], [16.18857348, 48.22507633], [16.1885799, 48.22504216], [16.188, 48.22512038], [16.18785285, 48.22508844], [16.18767528, 48.22510467], [16.18748527, 48.22504938], [16.18739211, 48.22496518], [16.18711732, 48.22481176], [16.18640512, 48.22456883], [16.18603428, 48.22426437], [16.18602059, 48.22420437], [16.18587325, 48.22405453], [16.18569282, 48.22399431], [16.18545569, 48.22380442], [16.18516904, 48.22320672], [16.18550742, 48.22300814], [16.18607685, 48.22328345], [16.18662699, 48.223249], [16.18782009, 48.22329075], [16.1899747, 48.22308397], [16.19189887, 48.22345566], [16.19244596, 48.22350284], [16.19443072, 48.2233901], [16.19499647, 48.22340482], [16.19611562, 48.22337247], [16.19609862, 48.22334115], [16.19777084, 48.22288533], [16.19828719, 48.22235175], [16.1982301, 48.22180957], [16.19766299, 48.2214069], [16.19722539, 48.22128973], [16.19707095, 48.22121705], [16.19689556, 48.22103437], [16.19672482, 48.22092076], [16.19655121, 48.2206736], [16.1961881, 48.22048349], [16.19582106, 48.22020677], [16.19527562, 48.21986364], [16.19503994, 48.21955618], [16.19545877, 48.21903307], [16.19549417, 48.21878319], [16.19569486, 48.21866896], [16.1957734, 48.21854018], [16.195863, 48.21850054], [16.19622092, 48.21797011], [16.19620176, 48.21774246], [16.19637827, 48.21746389], [16.19623626, 48.2173308], [16.19636064, 48.2171661], [16.19630631, 48.21705326], [16.19613261, 48.21704577], [16.1960964, 48.21685192], [16.19620153, 48.2167417], [16.19634606, 48.21649177], [16.19648041, 48.21637458], [16.19663456, 48.21629553], [16.19667759, 48.21620889], [16.19685757, 48.21608635], [16.19671905, 48.2158574], [16.19707016, 48.21574783], [16.19712344, 48.21545094], [16.19722802, 48.21534225], [16.19734895, 48.21530634], [16.19769112, 48.21461796], [16.19759019, 48.21457062], [16.19772994, 48.2144948], [16.19777963, 48.21427956], [16.19788513, 48.21417752], [16.19834445, 48.21400415], [16.19851446, 48.21378069], [16.19866495, 48.2136609], [16.1989109, 48.21361803], [16.19918335, 48.21347734], [16.19919806, 48.21335927], [16.19943612, 48.21329993], [16.199481, 48.21317039], [16.19962242, 48.21311948], [16.19986177, 48.21313118], [16.19989142, 48.21306368], [16.20015487, 48.21296426], [16.20034473, 48.21301619], [16.20040426, 48.2129945], [16.2003819, 48.21290202], [16.20043526, 48.21287556], [16.20066449, 48.21284516], [16.2010949, 48.21265231], [16.2015478, 48.21250598], [16.20181521, 48.21243399], [16.20196637, 48.2124669], [16.20218093, 48.21243469], [16.20223756, 48.21239249], [16.20248998, 48.21244314], [16.20299904, 48.21242925], [16.20319969, 48.21236662], [16.2043296, 48.21219157], [16.20473527, 48.21209077], [16.20508197, 48.21211032], [16.20529484, 48.21194958], [16.20533315, 48.2117542], [16.20553994, 48.21160227], [16.20559942, 48.21149298], [16.20569618, 48.21143284], [16.20622938, 48.2112882], [16.20630667, 48.21131923], [16.20634641, 48.21140722], [16.20646778, 48.21151186], [16.2069264, 48.21143207], [16.20713146, 48.21127303], [16.20745945, 48.21123787], [16.20758121, 48.21118837], [16.20765707, 48.21119951], [16.2080166, 48.21103273], [16.20843962, 48.21098563], [16.2085394, 48.21079085], [16.20862002, 48.21078285], [16.20867987, 48.21057284], [16.20875737, 48.21052139], [16.20898522, 48.21011938], [16.20941958, 48.20983036], [16.20962244, 48.20962752], [16.20904131, 48.20936392], [16.20753658, 48.20853882], [16.20749011, 48.20839695], [16.2067542, 48.20746865], [16.20629653, 48.20702567], [16.20538866, 48.20643765], [16.20459279, 48.20614914], [16.20381491, 48.20598187], [16.20309057, 48.20592393], [16.20264966, 48.20604006], [16.20296974, 48.20567288], [16.20299813, 48.20551427], [16.20334652, 48.20500838], [16.20231528, 48.20481794], [16.20193124, 48.20479717], [16.20201315, 48.20449761], [16.20226556, 48.20407415], [16.20233189, 48.2040217], [16.2026328, 48.20393473], [16.20336184, 48.20340911], [16.20394696, 48.20313396], [16.20479227, 48.20293905], [16.20510581, 48.20271054], [16.20519396, 48.20269967], [16.20549323, 48.20251088], [16.20574299, 48.20242932], [16.20589692, 48.20241727], [16.20679024, 48.20250587], [16.20739282, 48.20233978], [16.20780695, 48.20307035], [16.20892398, 48.20415104], [16.20925499, 48.20477995], [16.20972116, 48.20477875], [16.210115, 48.20470256], [16.21348272, 48.20705236], [16.21423418, 48.20652354], [16.21431924, 48.2065668], [16.21449621, 48.20648731], [16.21540528, 48.2058082], [16.21960748, 48.2042523], [16.21937964, 48.20422653], [16.22085069, 48.20371891], [16.22102015, 48.20374498], [16.22393642, 48.20268044], [16.22593155, 48.20185285], [16.22724532, 48.20225106], [16.22813128, 48.20246297], [16.22911964, 48.20247684], [16.2322752, 48.20305701], [16.23241536, 48.20186518], [16.23267494, 48.20189671], [16.23394564, 48.20232835], [16.23417467, 48.20236632], [16.23570842, 48.2040906], [16.23709477, 48.20335148], [16.23829678, 48.20282644], [16.23964842, 48.20236733], [16.24105868, 48.2020137], [16.24220899, 48.20180945], [16.24337094, 48.20167419], [16.24663782, 48.20153161], [16.24663268, 48.20146883], [16.24651725, 48.20147315], [16.24654386, 48.20127638], [16.24661787, 48.20108876], [16.24743968, 48.20132799], [16.24784031, 48.20140025], [16.24905836, 48.20129344], [16.24987346, 48.20112929], [16.25066551, 48.20091], [16.25150684, 48.20058165], [16.25473578, 48.19899425], [16.26066161, 48.19619618], [16.26205024, 48.19559822], [16.26382819, 48.19475399], [16.26442977, 48.19442323], [16.26461705, 48.19439358], [16.26493632, 48.19412055], [16.26543104, 48.1938482], [16.2674519, 48.19331882], [16.26885045, 48.19304158], [16.26981622, 48.19291524], [16.28154214, 48.19180508], [16.2835174, 48.19157334], [16.28951761, 48.19069594], [16.29283389, 48.1901116], [16.30405631, 48.18776282], [16.30503804, 48.18763685], [16.30847449, 48.18756921], [16.31263518, 48.18742764], [16.31323118, 48.18737237], [16.31421773, 48.18719684], [16.31444175, 48.18761255], [16.31459246, 48.18764709], [16.31469364, 48.1876349], [16.31487079, 48.1878987], [16.31481236, 48.1879604], [16.3146844, 48.18822848], [16.31447382, 48.18842617], [16.31543541, 48.19019343], [16.31584468, 48.1902061], [16.31945515, 48.18997958], [16.32034206, 48.19000688], [16.32031159, 48.19022218], [16.32054357, 48.19075128], [16.31751366, 48.19165627], [16.31692874, 48.19196392], [16.31637346, 48.19244731], [16.31691568, 48.19343809], [16.3127812, 48.19442668], [16.31392657, 48.1965217], [16.31435581, 48.19904996], [16.31862991, 48.19909188], [16.31140564, 48.20269756], [16.30937102, 48.20318462], [16.30891596, 48.20307336], [16.30902661, 48.20346783], [16.309011, 48.20373007], [16.30712239, 48.20423095], [16.30563334, 48.20453852], [16.30477496, 48.20475326], [16.30433922, 48.20479316], [16.30362351, 48.20478115], [16.30355538, 48.20464785], [16.29888286, 48.20537884], [16.29394483, 48.20732561], [16.29214193, 48.2070456], [16.28999252, 48.20652582], [16.28916982, 48.20641301], [16.28839541, 48.20640891], [16.28724367, 48.20650331], [16.28455652, 48.20688884], [16.28520783, 48.20716172], [16.28588792, 48.20759342], [16.28559117, 48.2099997], [16.28562523, 48.21039146], [16.28592737, 48.21238251], [16.28586103, 48.21238689], [16.28559397, 48.21255232], [16.28546511, 48.21268519], [16.28537874, 48.21283732], [16.2853406, 48.21303002], [16.28537282, 48.21392775], [16.28528892, 48.2139903], [16.28406219, 48.21408211], [16.28347028, 48.21418725], [16.28279455, 48.21442166], [16.28215644, 48.21469898], [16.28129906, 48.21490946], [16.28099735, 48.21493324], [16.27916636, 48.2149355], [16.27857031, 48.21500256], [16.27847146, 48.21485659], [16.27837639, 48.21478142], [16.27822823, 48.21472788], [16.27805926, 48.21471708], [16.27779602, 48.21477977], [16.27788503, 48.21496085], [16.27727601, 48.21506998], [16.27662092, 48.21510679], [16.27548032, 48.21503335], [16.27512946, 48.21507948], [16.27334995, 48.21545659], [16.27311318, 48.21551969], [16.27171471, 48.21633873], [16.27153457, 48.2165158], [16.27144153, 48.21677718], [16.27118155, 48.21687874], [16.27115901, 48.21693377], [16.27037292, 48.21741392], [16.27001014, 48.21750706], [16.26993406, 48.21744236], [16.26906853, 48.21742558], [16.26873988, 48.21755686], [16.26856501, 48.2175073], [16.26718078, 48.21774426], [16.26713951, 48.21781726], [16.26696774, 48.21785933], [16.2658276, 48.21780747], [16.26535846, 48.21773416], [16.26473441, 48.21757954], [16.26473988, 48.2175174], [16.26363435, 48.21783677], [16.26326358, 48.21832721], [16.26280045, 48.21857108], [16.26272616, 48.21866798], [16.26193511, 48.21887728], [16.26086378, 48.21924621], [16.26029038, 48.21950969], [16.25988953, 48.21956492], [16.25955361, 48.21949266], [16.25940283, 48.21953015], [16.25894573, 48.21949639], [16.25880042, 48.21956716], [16.2585637, 48.2195705], [16.25788585, 48.21966133], [16.25754133, 48.21975615], [16.2571405, 48.21979338], [16.2566127, 48.22005867], [16.25628929, 48.22032959], [16.256109, 48.22039053], [16.25557622, 48.22047254], [16.25547379, 48.22056941], [16.25526388, 48.22063743], [16.25472527, 48.2209117], [16.25445342, 48.22099407], [16.25362921, 48.22144944], [16.25337706, 48.2212514], [16.25323518, 48.22102126], [16.25302702, 48.22092038], [16.2529614, 48.22080522], [16.25265541, 48.22061614], [16.25252772, 48.22059716], [16.25253184, 48.2205513], [16.25260729, 48.22049569], [16.25258868, 48.22043281], [16.25253505, 48.2203968], [16.25220702, 48.22035681], [16.25221798, 48.22032085], [16.25234712, 48.22026896], [16.2522935, 48.22022126], [16.25187912, 48.22031502], [16.251828, 48.2203024], [16.25179868, 48.22021253], [16.25174503, 48.22018551], [16.25140908, 48.22013292], [16.25130922, 48.2202173], [16.25120732, 48.22015247], [16.25104066, 48.22010549], [16.25097333, 48.22013062], [16.25089813, 48.22011429], [16.2504473, 48.21979209], [16.25043929, 48.21975431], [16.25053376, 48.21967173], [16.25053115, 48.21962146], [16.25032427, 48.21956546], [16.24985841, 48.21930251], [16.24984786, 48.21925574], [16.24993944, 48.21921453], [16.24992738, 48.21918394], [16.24970031, 48.21904878], [16.2493877, 48.21928929], [16.2509218, 48.22068664], [16.25194855, 48.22196695], [16.25282729, 48.22267301], [16.25316107, 48.22299404], [16.25333164, 48.22321459], [16.25371664, 48.22390743], [16.25467588, 48.22523965], [16.25492031, 48.22573903], [16.25543828, 48.22723451], [16.25534553, 48.22793088], [16.25545898, 48.22845149], [16.25582407, 48.22910375], [16.25613072, 48.22951117], [16.2564637, 48.22985707], [16.25688405, 48.23013825], [16.25914937, 48.23105763], [16.2602739, 48.23147989], [16.26139919, 48.23204666], [16.26244584, 48.23273891], [16.26263753, 48.23291836], [16.2630744, 48.23344312], [16.26350148, 48.23385186], [16.26476952, 48.23462796], [16.26597523, 48.23533044], [16.26693652, 48.23583482], [16.26736773, 48.2361117], [16.26783247, 48.23648295], [16.26904411, 48.23766519], [16.2691289, 48.23777945], [16.26912914, 48.23790607], [16.26920994, 48.23799084], [16.2691093, 48.23794284], [16.26907211, 48.23786962], [16.26897062, 48.23785589], [16.26889974, 48.237808], [16.26888798, 48.23774109], [16.2687783, 48.2377118], [16.26873814, 48.23764091], [16.26850404, 48.23753744], [16.2684867, 48.23741188], [16.26837636, 48.23737378], [16.26835425, 48.23729714], [16.26821763, 48.2372878], [16.26814754, 48.2372472], [16.26810969, 48.2371666], [16.26797185, 48.23715833], [16.2678416, 48.23720808], [16.26765528, 48.23721093], [16.26752542, 48.23727489], [16.26725411, 48.23731726], [16.26716398, 48.23736658], [16.26709387, 48.23734603], [16.26703917, 48.23727522], [16.26684939, 48.23725173], [16.26681505, 48.2372571], [16.26673595, 48.23741866], [16.26654521, 48.23740146], [16.2665503, 48.23742691], [16.26650234, 48.23744991], [16.26642413, 48.23744797], [16.26622244, 48.23737015], [16.26610114, 48.23737205], [16.26603864, 48.23749828], [16.26610492, 48.23755902], [16.26605345, 48.23768993], [16.26595507, 48.23767297], [16.26593115, 48.23773707], [16.26573091, 48.23778021], [16.26568627, 48.23784205], [16.26538491, 48.23779528], [16.26540362, 48.23770311], [16.26538343, 48.23770085], [16.26530936, 48.23772104], [16.26527639, 48.23780529], [16.26520691, 48.23782062], [16.26499333, 48.23777328], [16.26490494, 48.23782493], [16.26491575, 48.23789401], [16.26482071, 48.23799171], [16.26463692, 48.23801201], [16.26424376, 48.23815475], [16.26422712, 48.23820933], [16.2641047, 48.23824532], [16.26375964, 48.2382621], [16.26375201, 48.23822693], [16.26357528, 48.23820991], [16.26353175, 48.23824172], [16.26344981, 48.23820794], [16.26340899, 48.23823202], [16.26342036, 48.23828023], [16.26332903, 48.2383183], [16.26321596, 48.23831059], [16.26290621, 48.23848711], [16.2628187, 48.2384902], [16.26267131, 48.23856699], [16.26261607, 48.23868945], [16.26266289, 48.23871322], [16.2626615, 48.23874568], [16.26257206, 48.23877899], [16.26256475, 48.23880839], [16.26248154, 48.23880996], [16.26244717, 48.23884168], [16.26239311, 48.23879911], [16.26228109, 48.23880758], [16.2622421, 48.23885495], [16.26211433, 48.23887375], [16.26198648, 48.23893662], [16.26156028, 48.2390136], [16.26138119, 48.23913687], [16.26125224, 48.239117], [16.26120182, 48.23907515], [16.26117002, 48.23909599], [16.26105239, 48.23907101], [16.26098429, 48.23914785], [16.26091323, 48.23913477], [16.26075193, 48.23923925], [16.26028409, 48.23925243], [16.26025668, 48.239307], [16.26007215, 48.23936624], [16.26002443, 48.23932142], [16.25995588, 48.23933594], [16.25962427, 48.23944211], [16.25956278, 48.23960089], [16.25945084, 48.23968221], [16.25938773, 48.23967799], [16.25920836, 48.2397458], [16.25891662, 48.23965972], [16.25843992, 48.2396478], [16.25800616, 48.23973591], [16.25765716, 48.23985016], [16.25749498, 48.23982208], [16.2573187, 48.23985568], [16.25725655, 48.23982542], [16.25704842, 48.23981961], [16.25688786, 48.23987949], [16.25593402, 48.2398808], [16.25577369, 48.23996082], [16.25479786, 48.24007444], [16.25454841, 48.24023236], [16.25263775, 48.24032425], [16.25108529, 48.24036232], [16.25061553, 48.24022456], [16.25010449, 48.24029738], [16.24802564, 48.2394625], [16.24663995, 48.23906807], [16.24583067, 48.23894261], [16.24506237, 48.23893903], [16.24453408, 48.23902603], [16.24364201, 48.23882881], [16.2423808, 48.23877761], [16.24153796, 48.23831764], [16.24146067, 48.23839806], [16.24144245, 48.23849491], [16.24134098, 48.23854986], [16.24121182, 48.23872773], [16.24112218, 48.23878566], [16.24069616, 48.23882344], [16.24049963, 48.23895637], [16.24046446, 48.23904628], [16.24026832, 48.23918596], [16.24022937, 48.23928323], [16.23990327, 48.23930068], [16.23983808, 48.23938704], [16.23981292, 48.23952147], [16.23987567, 48.23966146], [16.23995709, 48.23967457], [16.23996551, 48.23970902], [16.23928506, 48.23987653], [16.23926175, 48.23995448], [16.23917885, 48.23994074], [16.23906891, 48.23998552], [16.23871209, 48.24001337], [16.2382963, 48.24025916], [16.23828493, 48.24035942], [16.23823299, 48.24041667], [16.23802579, 48.24049203], [16.23776579, 48.24078508], [16.23747941, 48.24156832], [16.2373092, 48.24277766], [16.23753237, 48.24336745], [16.23868254, 48.24401989], [16.23883131, 48.24487149], [16.23907981, 48.24546498], [16.2397465, 48.24585548], [16.23974374, 48.24639534], [16.24034514, 48.24714354], [16.24078062, 48.24785418], [16.24102856, 48.24811356], [16.24104598, 48.24837753], [16.24006662, 48.24876504], [16.23975177, 48.24885471], [16.23927092, 48.24907383], [16.23934606, 48.24921418], [16.23866493, 48.24931685], [16.23668539, 48.24988415], [16.23642736, 48.24990012], [16.23626548, 48.24998568], [16.23517131, 48.25004039], [16.23446987, 48.25018879], [16.23383668, 48.25027834], [16.23358926, 48.25071096], [16.23275879, 48.25120133], [16.23143505, 48.25162965], [16.22994374, 48.25304209], [16.22780394, 48.25400965], [16.22698671, 48.25449253], [16.22630671, 48.25452875], [16.22616222, 48.25458788], [16.2261052, 48.25467416], [16.22613908, 48.25476484], [16.22647371, 48.25502578], [16.22361712, 48.25626318], [16.22134361, 48.25819266], [16.22053067, 48.25856893], [16.21973274, 48.25861318], [16.21785579, 48.25923953], [16.21688573, 48.2594022], [16.21658376, 48.25964353], [16.2160112, 48.25971524], [16.21566077, 48.25988511], [16.21548759, 48.25993574], [16.21532932, 48.25994205], [16.21453783, 48.25981783], [16.21442021, 48.25989532], [16.21442821, 48.2600411], [16.21464228, 48.26024494], [16.21472052, 48.26047497], [16.21452822, 48.26080662], [16.21434068, 48.26094455], [16.21343171, 48.26128092], [16.21296503, 48.26156038], [16.21171968, 48.26252688], [16.21023186, 48.26349085], [16.20995887, 48.26375171], [16.20937915, 48.26402914]]]}}, {"type": "Feature", "properties": {"district": 15, "name": "Rudolfsheim-F\u00fcnfhaus"}, "geometry": {"type": "Polygon", "coordinates": [[[16.3336628, 48.20405524], [16.31272654, 48.20723087], [16.31251411, 48.20661092], [16.31255258, 48.20605182], [16.31238669, 48.20547316], [16.3125055, 48.20545529], [16.31249873, 48.20512965], [16.31260947, 48.20432981], [16.31160453, 48.20454589], [16.31069537, 48.20286746], [16.31140564, 48.20269756], [16.31862991, 48.19909188], [16.31435581, 48.19904996], [16.31392657, 48.1965217], [16.3127812, 48.19442668], [16.31691568, 48.19343809], [16.31637346, 48.19244731], [16.31692874, 48.19196392], [16.31751366, 48.19165627], [16.32054357, 48.19075128], [16.32031159, 48.19022218], [16.32034206, 48.19000688], [16.31945515, 48.18997958], [16.31584468, 48.1902061], [16.31543541, 48.19019343], [16.31447382, 48.18842617], [16.3146844, 48.18822848], [16.31481236, 48.1879604], [16.31487079, 48.1878987], [16.31469364, 48.1876349], [16.31459246, 48.18764709], [16.31444175, 48.18761255], [16.31421773, 48.18719684], [16.31697989, 48.18667579], [16.32114701, 48.18554388], [16.32437552, 48.18455664], [16.32669717, 48.18392733], [16.32734773, 48.18381139], [16.32792565, 48.18376006], [16.3306313, 48.18375831], [16.33175103, 48.18383983], [16.33243905, 48.18395349], [16.3336202, 48.18431547], [16.33425673, 48.1845949], [16.33472027, 48.18488189], [16.33590779, 48.18577722], [16.33618705, 48.1860653], [16.33697602, 48.18704613], [16.33740332, 48.18743625], [16.33779051, 48.18772268], [16.33836346, 48.18807629], [16.33906498, 48.18830893], [16.33872876, 48.18864915], [16.33818906, 48.18899225], [16.33750116, 48.1905927], [16.33737043, 48.1905749], [16.33732094, 48.19086322], [16.33741415, 48.1908705], [16.33743971, 48.19110505], [16.33751598, 48.19132799], [16.33748208, 48.19135614], [16.33778284, 48.19187486], [16.33798474, 48.192088], [16.33919996, 48.1942665], [16.33909585, 48.1942933], [16.33933895, 48.1947564], [16.33940161, 48.19506051], [16.33938752, 48.19515709], [16.33928488, 48.19535612], [16.33916777, 48.195844], [16.33925184, 48.195878], [16.33904244, 48.19643594], [16.33900094, 48.19665843], [16.33860049, 48.197654], [16.33857804, 48.19801831], [16.33762102, 48.2005537], [16.33726805, 48.20165034], [16.33715856, 48.20233122], [16.33714148, 48.20250704], [16.33718601, 48.2025091], [16.33714, 48.20273448], [16.33701897, 48.20419066], [16.3336628, 48.20405524]]]}}, {"type": "Feature", "properties": {"district": 16, "name": "Ottakring"}, "geometry": {"type": "Polygon", "coordinates": [[[16.27620627, 48.22703686], [16.27455831, 48.22692169], [16.27147018, 48.2268288], [16.27137456, 48.22676867], [16.27121108, 48.22672541], [16.27039134, 48.22667495], [16.26983222, 48.22659], [16.26926842, 48.22658482], [16.26901501, 48.22666237], [16.26877529, 48.22667446], [16.26838933, 48.22663251], [16.26801165, 48.22654073], [16.26702006, 48.22657458], [16.26653827, 48.22653859], [16.26542706, 48.22606163], [16.2650204, 48.22601039], [16.26474636, 48.22591741], [16.26450831, 48.2257928], [16.26406947, 48.22565879], [16.2637813, 48.22566347], [16.26375206, 48.22549888], [16.26363746, 48.22544943], [16.26342965, 48.22545227], [16.26297765, 48.22539155], [16.26243259, 48.22518211], [16.26228673, 48.22506501], [16.2619104, 48.22498464], [16.26168255, 48.22488611], [16.26141707, 48.22484529], [16.26134893, 48.22477752], [16.26095043, 48.2246796], [16.26072397, 48.224737], [16.2605388, 48.22472079], [16.26036405, 48.22475466], [16.26020072, 48.22471445], [16.26011146, 48.22482509], [16.25987405, 48.22491244], [16.2594458, 48.22482168], [16.2591539, 48.2248053], [16.25863631, 48.22486917], [16.25852851, 48.22477709], [16.25825784, 48.22487422], [16.25814745, 48.22471496], [16.25788329, 48.22460821], [16.25759394, 48.22433408], [16.25736893, 48.22423249], [16.25740248, 48.22412216], [16.25736569, 48.22406746], [16.25723402, 48.22400891], [16.25707829, 48.22401429], [16.2570354, 48.22398575], [16.25707704, 48.223865], [16.25690625, 48.22378143], [16.25686757, 48.22373023], [16.25681343, 48.22357776], [16.25664968, 48.22337926], [16.256658, 48.2233083], [16.25661154, 48.22323696], [16.25625043, 48.22316701], [16.25618161, 48.22302379], [16.25589249, 48.22287475], [16.25571718, 48.22283785], [16.25566882, 48.22269437], [16.25559651, 48.22263775], [16.25509575, 48.22254009], [16.25503379, 48.22248447], [16.2549537, 48.2223265], [16.25451632, 48.22198247], [16.2539153, 48.221718], [16.25362921, 48.22144944], [16.25445342, 48.22099407], [16.25472527, 48.2209117], [16.25526388, 48.22063743], [16.25547379, 48.22056941], [16.25557622, 48.22047254], [16.256109, 48.22039053], [16.25628929, 48.22032959], [16.2566127, 48.22005867], [16.2571405, 48.21979338], [16.25754133, 48.21975615], [16.25788585, 48.21966133], [16.2585637, 48.2195705], [16.25880042, 48.21956716], [16.25894573, 48.21949639], [16.25940283, 48.21953015], [16.25955361, 48.21949266], [16.25988953, 48.21956492], [16.26029038, 48.21950969], [16.26086378, 48.21924621], [16.26193511, 48.21887728], [16.26272616, 48.21866798], [16.26280045, 48.21857108], [16.26326358, 48.21832721], [16.26363435, 48.21783677], [16.26473988, 48.2175174], [16.26473441, 48.21757954], [16.26535846, 48.21773416], [16.2658276, 48.21780747], [16.26696774, 48.21785933], [16.26713951, 48.21781726], [16.26718078, 48.21774426], [16.26856501, 48.2175073], [16.26873988, 48.21755686], [16.26906853, 48.21742558], [16.26993406, 48.21744236], [16.27001014, 48.21750706], [16.27037292, 48.21741392], [16.27115901, 48.21693377], [16.27118155, 48.21687874], [16.27144153, 48.21677718], [16.27153457, 48.2165158], [16.27171471, 48.21633873], [16.27311318, 48.21551969], [16.27334995, 48.21545659], [16.27512946, 48.21507948], [16.27548032, 48.21503335], [16.27662092, 48.21510679], [16.27727601, 48.21506998], [16.27788503, 48.21496085], [16.27779602, 48.21477977], [16.27805926, 48.21471708], [16.27822823, 48.21472788], [16.27837639, 48.21478142], [16.27847146, 48.21485659], [16.27857031, 48.21500256], [16.27916636, 48.2149355], [16.28099735, 48.21493324], [16.28129906, 48.21490946], [16.28215644, 48.21469898], [16.28279455, 48.21442166], [16.28347028, 48.21418725], [16.28406219, 48.21408211], [16.28528892, 48.2139903], [16.28537282, 48.21392775], [16.2853406, 48.21303002], [16.28537874, 48.21283732], [16.28546511, 48.21268519], [16.28559397, 48.21255232], [16.28586103, 48.21238689], [16.28592737, 48.21238251], [16.28562523, 48.21039146], [16.28559117, 48.2099997], [16.28588792, 48.20759342], [16.28520783, 48.20716172], [16.28455652, 48.20688884], [16.28724367, 48.20650331], [16.28839541, 48.20640891], [16.28916982, 48.20641301], [16.28999252, 48.20652582], [16.29214193, 48.2070456], [16.29394483, 48.20732561], [16.29888286, 48.20537884], [16.30355538, 48.20464785], [16.30362351, 48.20478115], [16.30433922, 48.20479316], [16.30477496, 48.20475326], [16.30563334, 48.20453852], [16.30712239, 48.20423095], [16.309011, 48.20373007], [16.30902661, 48.20346783], [16.30891596, 48.20307336], [16.30937102, 48.20318462], [16.31069537, 48.20286746], [16.31160453, 48.20454589], [16.31260947, 48.20432981], [16.31249873, 48.20512965], [16.3125055, 48.20545529], [16.31238669, 48.20547316], [16.31255258, 48.20605182], [16.31251411, 48.20661092], [16.31272654, 48.20723087], [16.3336628, 48.20405524], [16.33701897, 48.20419066], [16.33689587, 48.20557975], [16.33691653, 48.20592688], [16.33699733, 48.20626872], [16.33715779, 48.20661156], [16.33746918, 48.20709106], [16.33740325, 48.20711013], [16.33750013, 48.2072595], [16.3375339, 48.20725851], [16.33827002, 48.20843805], [16.33833501, 48.20841926], [16.33850307, 48.20867061], [16.33868009, 48.2089949], [16.33878851, 48.20928603], [16.33886101, 48.20963558], [16.33903627, 48.21101585], [16.33903063, 48.21129995], [16.33897049, 48.21130957], [16.3390172, 48.21165185], [16.33907896, 48.21165383], [16.33915083, 48.2119676], [16.33919913, 48.21196787], [16.33925983, 48.21214494], [16.33841712, 48.2122161], [16.33858114, 48.21508313], [16.3333759, 48.21441997], [16.33169081, 48.21424715], [16.32561981, 48.21315831], [16.32557242, 48.2132977], [16.32531567, 48.21529021], [16.32226917, 48.21525104], [16.32226584, 48.21530576], [16.32255301, 48.21609184], [16.32078965, 48.21616042], [16.3211649, 48.21728516], [16.31988349, 48.21742438], [16.32091001, 48.22052304], [16.31275402, 48.22340507], [16.31213354, 48.22264682], [16.31128225, 48.22277407], [16.3103629, 48.22280894], [16.31036661, 48.22290877], [16.30973021, 48.2230946], [16.30955281, 48.22287018], [16.30912314, 48.22302018], [16.3091842, 48.22309744], [16.3084273, 48.22335968], [16.30829612, 48.22318976], [16.30824203, 48.22306084], [16.30823566, 48.22292902], [16.30828417, 48.22273282], [16.30680167, 48.22256407], [16.30620293, 48.2244491], [16.30578916, 48.22453478], [16.30498372, 48.22465049], [16.30390442, 48.22472637], [16.30300579, 48.22471011], [16.30245402, 48.22464663], [16.3024993, 48.22455546], [16.30275544, 48.22431667], [16.30284546, 48.22414394], [16.3028613, 48.22399052], [16.30279486, 48.22371576], [16.30279977, 48.22361881], [16.30199141, 48.22347289], [16.30127703, 48.22340501], [16.30117007, 48.22343168], [16.30104215, 48.22353672], [16.30004582, 48.22386122], [16.29955948, 48.2239888], [16.29907023, 48.22407228], [16.29898858, 48.2242022], [16.2987358, 48.22412791], [16.29845737, 48.22415668], [16.29761177, 48.22454592], [16.29737188, 48.22462219], [16.29635618, 48.22460527], [16.2956728, 48.22451504], [16.29144101, 48.22355308], [16.29105558, 48.22336983], [16.28994646, 48.22264328], [16.28926163, 48.22228193], [16.28918502, 48.22231796], [16.28869685, 48.22195175], [16.28794871, 48.22165042], [16.28595151, 48.22155172], [16.28664781, 48.22268418], [16.28673415, 48.22302614], [16.28671122, 48.22308081], [16.28676959, 48.22325782], [16.28688627, 48.22340697], [16.28677181, 48.22360361], [16.28676627, 48.22391099], [16.28682196, 48.22423935], [16.28631642, 48.22403649], [16.28560856, 48.22401583], [16.28530461, 48.22388634], [16.28491568, 48.22384323], [16.28456059, 48.22373843], [16.2843739, 48.22375355], [16.28338571, 48.22405936], [16.28316242, 48.22410175], [16.28298529, 48.22423459], [16.28228087, 48.22461881], [16.2820032, 48.22501861], [16.28137632, 48.22536329], [16.28103584, 48.22558868], [16.2805403, 48.22581507], [16.28030674, 48.2259771], [16.27994952, 48.22599176], [16.27944786, 48.22615106], [16.2791214, 48.22621978], [16.2789167, 48.22632598], [16.27890651, 48.22641537], [16.27880457, 48.22646019], [16.27856009, 48.22651556], [16.27841528, 48.22650317], [16.27839922, 48.22654525], [16.27825924, 48.22655318], [16.27811444, 48.22665131], [16.27779082, 48.22669953], [16.27696121, 48.22668247], [16.27670186, 48.22678891], [16.27645611, 48.22677925], [16.27620627, 48.22703686]]]}}, {"type": "Feature", "properties": {"district": 17, "name": "Hernals"}, "geometry": {"type": "Polygon", "coordinates": [[[16.28515936, 48.25680047], [16.2850742, 48.25711591], [16.28539809, 48.25806879], [16.28556228, 48.25832481], [16.28472097, 48.25804052], [16.28449782, 48.25790408], [16.28218534, 48.25763161], [16.28191722, 48.25748472], [16.28118192, 48.25721574], [16.28078728, 48.25713794], [16.28005857, 48.2567659], [16.27942937, 48.25665057], [16.27879021, 48.25665871], [16.27778116, 48.25686522], [16.2772987, 48.2569148], [16.27682495, 48.25689189], [16.27552239, 48.25701901], [16.27331375, 48.25647805], [16.27226341, 48.25618888], [16.27120776, 48.25573998], [16.27051578, 48.2553599], [16.26995757, 48.25515571], [16.26871899, 48.25488348], [16.26496077, 48.25503347], [16.26405798, 48.25492328], [16.26420087, 48.25453577], [16.26535958, 48.25440159], [16.26575276, 48.25443843], [16.26657418, 48.25426941], [16.2674597, 48.25399107], [16.26875376, 48.25404489], [16.26931766, 48.2540008], [16.26952554, 48.25392339], [16.26990353, 48.25362081], [16.27060721, 48.25283656], [16.27060734, 48.25273638], [16.27044731, 48.25235597], [16.27042535, 48.25193975], [16.27035366, 48.25187514], [16.26943891, 48.25147478], [16.26890883, 48.25131673], [16.26654964, 48.25012203], [16.2664944, 48.25004618], [16.26472043, 48.24929614], [16.2647171, 48.2491741], [16.26478137, 48.24914231], [16.26508535, 48.24860821], [16.26534282, 48.24830035], [16.26526559, 48.2481619], [16.26519456, 48.24792102], [16.26507279, 48.24785665], [16.2649794, 48.24771674], [16.26450571, 48.2474293], [16.26379184, 48.2472149], [16.26380905, 48.24685564], [16.26366165, 48.24682299], [16.26349203, 48.24689663], [16.26345378, 48.24681054], [16.26335028, 48.24697316], [16.26318588, 48.24706299], [16.26300088, 48.24706089], [16.26292551, 48.24666317], [16.26253366, 48.24630607], [16.26232785, 48.24616978], [16.26215734, 48.24611382], [16.26198612, 48.24598862], [16.26152108, 48.2461626], [16.26101042, 48.24548661], [16.26033303, 48.24576073], [16.25996477, 48.24576957], [16.25999156, 48.24586734], [16.25981221, 48.24586731], [16.2598079, 48.24577603], [16.25950117, 48.24578734], [16.25909006, 48.24599786], [16.25871349, 48.24606974], [16.25845714, 48.24570669], [16.25823526, 48.24463527], [16.25816828, 48.24396758], [16.25791046, 48.24369104], [16.25751846, 48.24338815], [16.25694402, 48.24308973], [16.25679451, 48.2429576], [16.25701271, 48.24150194], [16.25679555, 48.24106994], [16.25647722, 48.24119337], [16.256482, 48.2408904], [16.25661914, 48.23988119], [16.25688786, 48.23987949], [16.25704842, 48.23981961], [16.25725655, 48.23982542], [16.2573187, 48.23985568], [16.25749498, 48.23982208], [16.25768692, 48.23984676], [16.25800616, 48.23973591], [16.25843992, 48.2396478], [16.25891662, 48.23965972], [16.25920836, 48.2397458], [16.25938773, 48.23967799], [16.25945084, 48.23968221], [16.25956278, 48.23960089], [16.25962427, 48.23944211], [16.25995588, 48.23933594], [16.26002443, 48.23932142], [16.26007215, 48.23936624], [16.26025668, 48.239307], [16.26028409, 48.23925243], [16.26075193, 48.23923925], [16.26091323, 48.23913477], [16.26098429, 48.23914785], [16.26105239, 48.23907101], [16.26117002, 48.23909599], [16.26120182, 48.23907515], [16.26125224, 48.239117], [16.26138119, 48.23913687], [16.26156028, 48.2390136], [16.26198648, 48.23893662], [16.26211433, 48.23887375], [16.2622421, 48.23885495], [16.26228109, 48.23880758], [16.26239311, 48.23879911], [16.26244717, 48.23884168], [16.26248154, 48.23880996], [16.26256475, 48.23880839], [16.26257206, 48.23877899], [16.2626615, 48.23874568], [16.26266289, 48.23871322], [16.26261607, 48.23868945], [16.26267131, 48.23856699], [16.2628187, 48.2384902], [16.26290621, 48.23848711], [16.26321596, 48.23831059], [16.26332903, 48.2383183], [16.26342036, 48.23828023], [16.26340899, 48.23823202], [16.26344981, 48.23820794], [16.26353175, 48.23824172], [16.26357528, 48.23820991], [16.26375201, 48.23822693], [16.26375964, 48.2382621], [16.2641047, 48.23824532], [16.26422712, 48.23820933], [16.26424376, 48.23815475], [16.26463692, 48.23801201], [16.26482071, 48.23799171], [16.26491575, 48.23789401], [16.26490494, 48.23782493], [16.26499333, 48.23777328], [16.26520691, 48.23782062], [16.26527639, 48.23780529], [16.26530936, 48.23772104], [16.26538343, 48.23770085], [16.26540362, 48.23770311], [16.26538491, 48.23779528], [16.26568627, 48.23784205], [16.26573091, 48.23778021], [16.26593115, 48.23773707], [16.26595507, 48.23767297], [16.26605345, 48.23768993], [16.26610492, 48.23755902], [16.26603864, 48.23749828], [16.26610114, 48.23737205], [16.26622244, 48.23737015], [16.26642413, 48.23744797], [16.26650234, 48.23744991], [16.2665503, 48.23742691], [16.26654521, 48.23740146], [16.26673595, 48.23741866], [16.26681505, 48.2372571], [16.26684939, 48.23725173], [16.26703917, 48.23727522], [16.26709387, 48.23734603], [16.26716398, 48.23736658], [16.26725411, 48.23731726], [16.26752542, 48.23727489], [16.26765528, 48.23721093], [16.2678416, 48.23720808], [16.26797185, 48.23715833], [16.26810969, 48.2371666], [16.26814754, 48.2372472], [16.26821763, 48.2372878], [16.26835425, 48.23729714], [16.26837636, 48.23737378], [16.2684867, 48.23741188], [16.26850404, 48.23753744], [16.26873814, 48.23764091], [16.2687783, 48.2377118], [16.26887265, 48.23773038], [16.26889974, 48.237808], [16.26897062, 48.23785589], [16.26907211, 48.23786962], [16.2691093, 48.23794284], [16.2691962, 48.23799416], [16.2692163, 48.23796908], [16.26912914, 48.23790607], [16.2691289, 48.23777945], [16.26904411, 48.23766519], [16.26783247, 48.23648295], [16.26736773, 48.2361117], [16.26693652, 48.23583482], [16.26597523, 48.23533044], [16.26476952, 48.23462796], [16.26350148, 48.23385186], [16.2630744, 48.23344312], [16.26263753, 48.23291836], [16.26244584, 48.23273891], [16.26139919, 48.23204666], [16.2602739, 48.23147989], [16.25914937, 48.23105763], [16.25688405, 48.23013825], [16.2564637, 48.22985707], [16.25613072, 48.22951117], [16.25582407, 48.22910375], [16.25545898, 48.22845149], [16.25534553, 48.22793088], [16.25543828, 48.22723451], [16.25492031, 48.22573903], [16.25467588, 48.22523965], [16.25371664, 48.22390743], [16.25333164, 48.22321459], [16.25297216, 48.22280316], [16.2518991, 48.22191655], [16.2509218, 48.22068664], [16.2493877, 48.21928929], [16.24970031, 48.21904878], [16.24992738, 48.21918394], [16.24993944, 48.21921453], [16.24984786, 48.21925574], [16.24985841, 48.21930251], [16.25032427, 48.21956546], [16.25053115, 48.21962146], [16.25053376, 48.21967173], [16.25043929, 48.21975431], [16.2504473, 48.21979209], [16.25089813, 48.22011429], [16.25097333, 48.22013062], [16.25104066, 48.22010549], [16.25120732, 48.22015247], [16.25130922, 48.2202173], [16.25140908, 48.22013292], [16.25174503, 48.22018551], [16.25179868, 48.22021253], [16.251828, 48.2203024], [16.25187912, 48.22031502], [16.2522935, 48.22022126], [16.25234712, 48.22026896], [16.25221798, 48.22032085], [16.25220702, 48.22035681], [16.25253505, 48.2203968], [16.25258868, 48.22043281], [16.25260729, 48.22049569], [16.25253184, 48.2205513], [16.25252772, 48.22059716], [16.25265541, 48.22061614], [16.2529614, 48.22080522], [16.25302702, 48.22092038], [16.25323518, 48.22102126], [16.25337706, 48.2212514], [16.2539153, 48.221718], [16.25451632, 48.22198247], [16.2549537, 48.2223265], [16.25503379, 48.22248447], [16.25509575, 48.22254009], [16.25559651, 48.22263775], [16.25566882, 48.22269437], [16.25571718, 48.22283785], [16.25589249, 48.22287475], [16.25618161, 48.22302379], [16.25625043, 48.22316701], [16.25661154, 48.22323696], [16.256658, 48.2233083], [16.25664968, 48.22337926], [16.25681343, 48.22357776], [16.25686757, 48.22373023], [16.25690625, 48.22378143], [16.25707704, 48.223865], [16.2570354, 48.22398575], [16.25707829, 48.22401429], [16.25723402, 48.22400891], [16.25736569, 48.22406746], [16.25740248, 48.22412216], [16.25736893, 48.22423249], [16.25759394, 48.22433408], [16.25788329, 48.22460821], [16.25814745, 48.22471496], [16.25825784, 48.22487422], [16.25852851, 48.22477709], [16.25863631, 48.22486917], [16.2591539, 48.2248053], [16.2594458, 48.22482168], [16.25987405, 48.22491244], [16.26011146, 48.22482509], [16.26020072, 48.22471445], [16.26036405, 48.22475466], [16.2605388, 48.22472079], [16.26072397, 48.224737], [16.26095043, 48.2246796], [16.26134893, 48.22477752], [16.26141707, 48.22484529], [16.26168255, 48.22488611], [16.2619104, 48.22498464], [16.26228673, 48.22506501], [16.26243259, 48.22518211], [16.26297765, 48.22539155], [16.26342965, 48.22545227], [16.26363746, 48.22544943], [16.26375206, 48.22549888], [16.2637813, 48.22566347], [16.26406947, 48.22565879], [16.26450831, 48.2257928], [16.26474636, 48.22591741], [16.2650204, 48.22601039], [16.26542706, 48.22606163], [16.26653827, 48.22653859], [16.26702006, 48.22657458], [16.26801165, 48.22654073], [16.26838933, 48.22663251], [16.26877529, 48.22667446], [16.26901501, 48.22666237], [16.26926842, 48.22658482], [16.26983222, 48.22659], [16.27039134, 48.22667495], [16.27121108, 48.22672541], [16.27137456, 48.22676867], [16.27147018, 48.2268288], [16.27455831, 48.22692169], [16.27620627, 48.22703686], [16.27645611, 48.22677925], [16.27670186, 48.22678891], [16.27696121, 48.22668247], [16.27779082, 48.22669953], [16.27811444, 48.22665131], [16.27825924, 48.22655318], [16.27839922, 48.22654525], [16.27841528, 48.22650317], [16.27856009, 48.22651556], [16.27880457, 48.22646019], [16.27890651, 48.22641537], [16.2789167, 48.22632598], [16.2791214, 48.22621978], [16.27944786, 48.22615106], [16.27994952, 48.22599176], [16.28030674, 48.2259771], [16.2805403, 48.22581507], [16.28103584, 48.22558868], [16.28137632, 48.22536329], [16.2820032, 48.22501861], [16.28228087, 48.22461881], [16.28298529, 48.22423459], [16.28316242, 48.22410175], [16.28338571, 48.22405936], [16.2843739, 48.22375355], [16.28456059, 48.22373843], [16.28491568, 48.22384323], [16.28530461, 48.22388634], [16.28560856, 48.22401583], [16.28631642, 48.22403649], [16.28682196, 48.22423935], [16.28676627, 48.22391099], [16.28677181, 48.22360361], [16.28688627, 48.22340697], [16.28676959, 48.22325782], [16.28671122, 48.22308081], [16.28673415, 48.22302614], [16.28664781, 48.22268418], [16.28595151, 48.22155172], [16.28794871, 48.22165042], [16.28869685, 48.22195175], [16.28918502, 48.22231796], [16.28926163, 48.22228193], [16.28994646, 48.22264328], [16.29105558, 48.22336983], [16.29144101, 48.22355308], [16.2956728, 48.22451504], [16.29635618, 48.22460527], [16.29737188, 48.22462219], [16.29761177, 48.22454592], [16.29845737, 48.22415668], [16.2987358, 48.22412791], [16.29898858, 48.2242022], [16.29907023, 48.22407228], [16.29955948, 48.2239888], [16.30004582, 48.22386122], [16.30104215, 48.22353672], [16.30117007, 48.22343168], [16.30127703, 48.22340501], [16.30199141, 48.22347289], [16.30279977, 48.22361881], [16.30279486, 48.22371576], [16.3028613, 48.22399052], [16.30284546, 48.22414394], [16.30275544, 48.22431667], [16.3024993, 48.22455546], [16.30245402, 48.22464663], [16.30300579, 48.22471011], [16.30390442, 48.22472637], [16.30498372, 48.22465049], [16.30578916, 48.22453478], [16.30620293, 48.2244491], [16.30680167, 48.22256407], [16.30828417, 48.22273282], [16.30823566, 48.22292902], [16.30824203, 48.22306084], [16.30829612, 48.22318976], [16.3084273, 48.22335968], [16.3091842, 48.22309744], [16.30912314, 48.22302018], [16.30955281, 48.22287018], [16.30973021, 48.2230946], [16.31036661, 48.22290877], [16.3103629, 48.22280894], [16.31128225, 48.22277407], [16.31213354, 48.22264682], [16.31275402, 48.22340507], [16.32091001, 48.22052304], [16.31988349, 48.21742438], [16.3211649, 48.21728516], [16.32078965, 48.21616042], [16.32255301, 48.21609184], [16.32226584, 48.21530576], [16.32226917, 48.21525104], [16.32531567, 48.21529021], [16.32557242, 48.2132977], [16.32561981, 48.21315831], [16.33169081, 48.21424715], [16.3333759, 48.21441997], [16.33858114, 48.21508313], [16.33841712, 48.2122161], [16.33925983, 48.21214494], [16.3393722, 48.21241977], [16.34159899, 48.21649613], [16.34154933, 48.216517], [16.34160882, 48.21662788], [16.34156079, 48.21664398], [16.34165218, 48.21682249], [16.34177964, 48.21704381], [16.34182794, 48.21703221], [16.34199577, 48.21724561], [16.33883789, 48.21769125], [16.33903063, 48.21830179], [16.33964894, 48.21966065], [16.33626978, 48.22036208], [16.33659976, 48.2207522], [16.33574856, 48.22111643], [16.33678807, 48.22244183], [16.33652172, 48.22261362], [16.33671283, 48.22284609], [16.33208704, 48.22511968], [16.33120385, 48.22531075], [16.32918825, 48.22624882], [16.32862779, 48.22644034], [16.32865429, 48.22649142], [16.32860017, 48.22657442], [16.32868098, 48.22715287], [16.32799168, 48.22746192], [16.32756429, 48.22774922], [16.32685102, 48.22727882], [16.32680769, 48.22723286], [16.3268353, 48.22710354], [16.32680114, 48.22699247], [16.32642943, 48.22679342], [16.32554036, 48.22652661], [16.3251308, 48.22649518], [16.32498892, 48.2265673], [16.32437774, 48.22658279], [16.32401688, 48.22665704], [16.32298741, 48.22663859], [16.32233606, 48.22675427], [16.32244974, 48.22693403], [16.322851, 48.22783969], [16.32305159, 48.2282106], [16.32160043, 48.22843678], [16.32188703, 48.22926048], [16.32009449, 48.22951774], [16.31882745, 48.22964931], [16.31714684, 48.22998341], [16.31622899, 48.22998496], [16.31662362, 48.23146945], [16.31561107, 48.23158627], [16.31564155, 48.23211301], [16.31559507, 48.2325435], [16.31377649, 48.23230709], [16.31299219, 48.23216493], [16.31239481, 48.23215906], [16.31167869, 48.23217878], [16.31034611, 48.23238012], [16.30901696, 48.2327042], [16.30857889, 48.23304691], [16.30839307, 48.2331591], [16.30811612, 48.23326794], [16.3073755, 48.2334916], [16.30654284, 48.23365749], [16.30542556, 48.23411522], [16.30439885, 48.23438096], [16.30257883, 48.2350677], [16.30241288, 48.2350315], [16.30238722, 48.23515533], [16.30230842, 48.23522294], [16.30226732, 48.23570181], [16.3021479, 48.23632923], [16.30208913, 48.23645683], [16.30119338, 48.23645242], [16.30116986, 48.23640025], [16.30100044, 48.23649454], [16.30058792, 48.23695945], [16.30031447, 48.23720038], [16.29943919, 48.23755264], [16.29910789, 48.23773509], [16.29832842, 48.23774114], [16.29685533, 48.23782041], [16.29663535, 48.23748417], [16.29620304, 48.23718293], [16.29562618, 48.23703299], [16.2950712, 48.23679493], [16.29489098, 48.23674891], [16.29453154, 48.23675723], [16.2941454, 48.2366516], [16.29412327, 48.23678632], [16.29424115, 48.237764], [16.29430037, 48.23794649], [16.29431433, 48.2388254], [16.2942037, 48.23961343], [16.29287321, 48.23957922], [16.29232257, 48.23959214], [16.29172288, 48.23966538], [16.28867841, 48.23940372], [16.28780692, 48.23959492], [16.28651409, 48.23975318], [16.28548473, 48.24002226], [16.28517347, 48.24002851], [16.28380521, 48.2405861], [16.28384882, 48.24086005], [16.28402912, 48.2409614], [16.28417903, 48.24116579], [16.28432746, 48.24123286], [16.28445225, 48.24125027], [16.28453723, 48.2413558], [16.28467507, 48.24137016], [16.28494151, 48.24150176], [16.28507444, 48.24145514], [16.28511131, 48.24147161], [16.28511851, 48.24154707], [16.28522884, 48.2416179], [16.2854494, 48.24158103], [16.28559179, 48.24162795], [16.28561217, 48.24171663], [16.28574298, 48.24177424], [16.28587372, 48.24176234], [16.28682944, 48.24207859], [16.28718224, 48.24215833], [16.28749379, 48.24214695], [16.2876565, 48.24220971], [16.28803113, 48.24226985], [16.28849936, 48.24229801], [16.28878211, 48.24227978], [16.28893392, 48.24233389], [16.28901329, 48.24240713], [16.28941931, 48.24244768], [16.28936201, 48.24282941], [16.28935877, 48.24328051], [16.29001815, 48.24336], [16.29034139, 48.24353586], [16.29045671, 48.24376262], [16.29089826, 48.24412873], [16.29109032, 48.24451443], [16.29159522, 48.24452029], [16.29210084, 48.24430106], [16.29320419, 48.24448727], [16.29397092, 48.2447015], [16.29328305, 48.24581649], [16.29217547, 48.24567146], [16.29148853, 48.24566202], [16.28857484, 48.24569179], [16.28768595, 48.24580842], [16.28681998, 48.24575473], [16.28572305, 48.24561567], [16.2850582, 48.24559855], [16.28491403, 48.24556782], [16.28381242, 48.24566814], [16.28341495, 48.24580484], [16.28236559, 48.24586159], [16.28243488, 48.24593729], [16.28258502, 48.24596499], [16.28258312, 48.24615737], [16.2826315, 48.24619323], [16.28263045, 48.2462449], [16.28252147, 48.24624652], [16.28257282, 48.24638666], [16.28246812, 48.24672008], [16.28238788, 48.2472269], [16.28238558, 48.24762215], [16.28256586, 48.24776486], [16.28318487, 48.24812658], [16.28399032, 48.24854504], [16.28492746, 48.24897597], [16.28615301, 48.24943282], [16.28601578, 48.24959257], [16.28634278, 48.24994479], [16.28710747, 48.25023794], [16.28804518, 48.25054608], [16.28829104, 48.25071274], [16.28840983, 48.25097709], [16.28755928, 48.25104491], [16.28745623, 48.25151062], [16.28740002, 48.25228032], [16.28727705, 48.25272929], [16.28713068, 48.25299947], [16.28698386, 48.25317793], [16.28669483, 48.25309381], [16.2862851, 48.25373142], [16.28607208, 48.25371784], [16.28577327, 48.25494195], [16.28595641, 48.25535679], [16.2860227, 48.25560179], [16.28544509, 48.25602647], [16.28518893, 48.25632025], [16.28515936, 48.25680047]]]}}, {"type": "Feature", "properties": {"district": 18, "name": "W\u00e4hring"}, "geometry": {"type": "Polygon", "coordinates": [[[16.29557581, 48.24949642], [16.29452238, 48.24971476], [16.29401522, 48.24977951], [16.29323067, 48.2500071], [16.29191491, 48.25023566], [16.29123583, 48.25040249], [16.28970618, 48.25051547], [16.28840983, 48.25097709], [16.28829104, 48.25071274], [16.28804518, 48.25054608], [16.28710747, 48.25023794], [16.28634278, 48.24994479], [16.28601578, 48.24959257], [16.28615301, 48.24943282], [16.28492746, 48.24897597], [16.28399032, 48.24854504], [16.28318487, 48.24812658], [16.28256586, 48.24776486], [16.28238558, 48.24762215], [16.28238788, 48.2472269], [16.28246812, 48.24672008], [16.28257282, 48.24638666], [16.28252147, 48.24624652], [16.28263045, 48.2462449], [16.2826315, 48.24619323], [16.28258312, 48.24615737], [16.28258502, 48.24596499], [16.28243488, 48.24593729], [16.28236559, 48.24586159], [16.28341495, 48.24580484], [16.28381242, 48.24566814], [16.28491403, 48.24556782], [16.2850582, 48.24559855], [16.28572305, 48.24561567], [16.28681998, 48.24575473], [16.28768595, 48.24580842], [16.28857484, 48.24569179], [16.29148853, 48.24566202], [16.29217547, 48.24567146], [16.29328305, 48.24581649], [16.29397092, 48.2447015], [16.29320419, 48.24448727], [16.29210084, 48.24430106], [16.29159522, 48.24452029], [16.29109032, 48.24451443], [16.29089826, 48.24412873], [16.29045671, 48.24376262], [16.29034139, 48.24353586], [16.29001815, 48.24336], [16.28935877, 48.24328051], [16.28936201, 48.24282941], [16.28941931, 48.24244768], [16.28901329, 48.24240713], [16.28893392, 48.24233389], [16.28878211, 48.24227978], [16.28849936, 48.24229801], [16.28803113, 48.24226985], [16.2876565, 48.24220971], [16.28749379, 48.24214695], [16.28718224, 48.24215833], [16.28682944, 48.24207859], [16.28587372, 48.24176234], [16.28574298, 48.24177424], [16.28561217, 48.24171663], [16.28559179, 48.24162795], [16.2854494, 48.24158103], [16.28522884, 48.2416179], [16.28511851, 48.24154707], [16.28511131, 48.24147161], [16.28507444, 48.24145514], [16.28494151, 48.24150176], [16.28467507, 48.24137016], [16.28453723, 48.2413558], [16.28445225, 48.24125027], [16.28432746, 48.24123286], [16.28417903, 48.24116579], [16.28402912, 48.2409614], [16.28384882, 48.24086005], [16.28380521, 48.2405861], [16.28517347, 48.24002851], [16.28548473, 48.24002226], [16.28651409, 48.23975318], [16.28780692, 48.23959492], [16.28867841, 48.23940372], [16.29172288, 48.23966538], [16.29232257, 48.23959214], [16.29287321, 48.23957922], [16.2942037, 48.23961343], [16.29431433, 48.2388254], [16.29430037, 48.23794649], [16.29424115, 48.237764], [16.29412327, 48.23678632], [16.2941454, 48.2366516], [16.29453154, 48.23675723], [16.29489098, 48.23674891], [16.2950712, 48.23679493], [16.29562618, 48.23703299], [16.29620304, 48.23718293], [16.29663535, 48.23748417], [16.29685533, 48.23782041], [16.29832842, 48.23774114], [16.29910789, 48.23773509], [16.29943919, 48.23755264], [16.30031447, 48.23720038], [16.30058792, 48.23695945], [16.30100044, 48.23649454], [16.30116986, 48.23640025], [16.30119338, 48.23645242], [16.30208913, 48.23645683], [16.3021479, 48.23632923], [16.30226732, 48.23570181], [16.30230842, 48.23522294], [16.30238722, 48.23515533], [16.30241288, 48.2350315], [16.30257883, 48.2350677], [16.30439885, 48.23438096], [16.30542556, 48.23411522], [16.30654284, 48.23365749], [16.3073755, 48.2334916], [16.30811612, 48.23326794], [16.30839307, 48.2331591], [16.30857889, 48.23304691], [16.30901696, 48.2327042], [16.31034611, 48.23238012], [16.31167869, 48.23217878], [16.31239481, 48.23215906], [16.31299219, 48.23216493], [16.31377649, 48.23230709], [16.31559507, 48.2325435], [16.31564155, 48.23211301], [16.31561107, 48.23158627], [16.31662362, 48.23146945], [16.31622899, 48.22998496], [16.31714684, 48.22998341], [16.31882745, 48.22964931], [16.32009449, 48.22951774], [16.32188703, 48.22926048], [16.32160043, 48.22843678], [16.32305159, 48.2282106], [16.322851, 48.22783969], [16.32244974, 48.22693403], [16.32233606, 48.22675427], [16.32298741, 48.22663859], [16.32401688, 48.22665704], [16.32437774, 48.22658279], [16.32498892, 48.2265673], [16.3251308, 48.22649518], [16.32554036, 48.22652661], [16.32642943, 48.22679342], [16.32680114, 48.22699247], [16.3268353, 48.22710354], [16.32680769, 48.22723286], [16.32685102, 48.22727882], [16.32755944, 48.22775147], [16.32799168, 48.22746192], [16.32868098, 48.22715287], [16.32860017, 48.22657442], [16.32865429, 48.22649142], [16.32862779, 48.22644034], [16.32918825, 48.22624882], [16.33120385, 48.22531075], [16.33208704, 48.22511968], [16.33671283, 48.22284609], [16.33652172, 48.22261362], [16.33678807, 48.22244183], [16.33574856, 48.22111643], [16.33659976, 48.2207522], [16.33626978, 48.22036208], [16.33964894, 48.21966065], [16.33903063, 48.21830179], [16.33883789, 48.21769125], [16.34199577, 48.21724561], [16.3423446, 48.21788168], [16.34259785, 48.21847944], [16.34231862, 48.21854807], [16.34357005, 48.22166873], [16.34363291, 48.22172664], [16.34396576, 48.2219671], [16.34703141, 48.22278145], [16.34719736, 48.22277237], [16.3472953, 48.22267783], [16.34767077, 48.22278482], [16.34820012, 48.22301441], [16.34865259, 48.22333806], [16.34894769, 48.22369928], [16.34909531, 48.22405526], [16.34929244, 48.22503626], [16.34931383, 48.22503419], [16.34934914, 48.22519381], [16.3492984, 48.22521235], [16.34934152, 48.22541784], [16.34929132, 48.22542261], [16.3493331, 48.2256281], [16.34937177, 48.22578745], [16.34942426, 48.22578124], [16.34947115, 48.22598619], [16.34952202, 48.22599401], [16.34956608, 48.22616281], [16.35035955, 48.22974524], [16.35050664, 48.23013184], [16.35066175, 48.23035981], [16.35086669, 48.23058154], [16.35124703, 48.23086379], [16.35188986, 48.23117199], [16.35186981, 48.23119474], [16.35215009, 48.23130415], [16.35212237, 48.23133554], [16.3526027, 48.23152559], [16.35263419, 48.23149024], [16.35279992, 48.23157646], [16.35291017, 48.23160513], [16.35293802, 48.23157356], [16.35376532, 48.23199153], [16.35333218, 48.23215883], [16.35220372, 48.23193385], [16.35043648, 48.23194811], [16.35073265, 48.23303283], [16.35083097, 48.23369597], [16.34928674, 48.23380768], [16.34912356, 48.23313402], [16.34754046, 48.23335838], [16.34736675, 48.23310109], [16.34456277, 48.2335153], [16.34431554, 48.23379114], [16.34388637, 48.23361293], [16.34223661, 48.23385557], [16.33778904, 48.2338532], [16.33777864, 48.23708976], [16.33046918, 48.23707758], [16.3300521, 48.23714198], [16.32308847, 48.23952087], [16.32218966, 48.23972722], [16.32049993, 48.23994795], [16.32016203, 48.24004561], [16.31986107, 48.24019036], [16.3202693, 48.24041485], [16.32102635, 48.2406064], [16.3212166, 48.24071275], [16.32136293, 48.24084401], [16.31980006, 48.24111009], [16.31716103, 48.24184478], [16.31698951, 48.24185069], [16.31682056, 48.24181064], [16.3166978, 48.24173805], [16.31658234, 48.24160879], [16.31431143, 48.24240833], [16.31292183, 48.24278838], [16.3116892, 48.2431849], [16.31095269, 48.24355715], [16.31066325, 48.2437669], [16.31042225, 48.24402252], [16.30941772, 48.24454515], [16.3091241, 48.24473538], [16.30930209, 48.24526692], [16.3074486, 48.24551864], [16.30757553, 48.24632679], [16.30772222, 48.24693252], [16.30727831, 48.24714384], [16.30682583, 48.24727224], [16.30629664, 48.24754288], [16.30520143, 48.24797445], [16.30436428, 48.24825417], [16.30271863, 48.24861577], [16.29865357, 48.24893342], [16.29750757, 48.24909392], [16.29734546, 48.24907957], [16.29673786, 48.24914501], [16.29620572, 48.24931309], [16.29620102, 48.2492925], [16.29558379, 48.24945227], [16.29557581, 48.24949642]]]}}, {"type": "Feature", "properties": {"district": 19, "name": "D\u00f6bling"}, "geometry": {"type": "Polygon", "coordinates": [[[16.32030642, 48.24042759], [16.31986107, 48.24019036], [16.32013755, 48.24005506], [16.32045258, 48.23995827], [16.32222263, 48.23972172], [16.32313492, 48.23950684], [16.33022189, 48.23710229], [16.33046918, 48.23707758], [16.33777864, 48.23708976], [16.33778904, 48.2338532], [16.34223661, 48.23385557], [16.34388637, 48.23361293], [16.34431554, 48.23379114], [16.34456277, 48.2335153], [16.34736675, 48.23310109], [16.34754046, 48.23335838], [16.34912356, 48.23313402], [16.34928674, 48.23380768], [16.35083097, 48.23369597], [16.35073265, 48.23303283], [16.35043648, 48.23194811], [16.35220372, 48.23193385], [16.35333218, 48.23215883], [16.35376532, 48.23199153], [16.35406044, 48.23218232], [16.35446053, 48.23190365], [16.35493509, 48.23214264], [16.35533644, 48.23245284], [16.35546751, 48.23258778], [16.35584396, 48.23317991], [16.35600321, 48.23354515], [16.35665691, 48.23589068], [16.35674905, 48.23612277], [16.3572614, 48.23617026], [16.36162243, 48.23630885], [16.36189106, 48.23696925], [16.36223335, 48.23767784], [16.3630284, 48.23916243], [16.36345149, 48.23984131], [16.36470449, 48.24158658], [16.36625587, 48.24367341], [16.36882627, 48.24627578], [16.36942911, 48.24694892], [16.37045812, 48.24822286], [16.37126469, 48.24944416], [16.37160909, 48.25014912], [16.37178562, 48.25073676], [16.37185207, 48.25140161], [16.37179829, 48.25191297], [16.37143258, 48.25292751], [16.36942355, 48.25642762], [16.36904787, 48.25713854], [16.36891266, 48.25778429], [16.3690796, 48.25789387], [16.36899331, 48.25858322], [16.36909309, 48.25868775], [16.36910912, 48.25876349], [16.36896367, 48.25930007], [16.36882522, 48.25940587], [16.36837408, 48.26099854], [16.36827434, 48.26106094], [16.36823142, 48.26133803], [16.37238887, 48.26272417], [16.36271437, 48.27484819], [16.35907498, 48.27947144], [16.35595933, 48.28334912], [16.35350783, 48.28368892], [16.34812511, 48.29047795], [16.34120299, 48.28896871], [16.34213961, 48.28836694], [16.34302728, 48.28767963], [16.34315718, 48.28761389], [16.34342557, 48.28735424], [16.34345305, 48.28728049], [16.34374379, 48.28696706], [16.34383744, 48.28692038], [16.34407457, 48.2867111], [16.34517636, 48.28557366], [16.34457844, 48.28532037], [16.34463193, 48.28526398], [16.34450822, 48.28521066], [16.34452762, 48.28518934], [16.3444752, 48.28516803], [16.34450201, 48.28513872], [16.34447613, 48.28511507], [16.33667537, 48.2818247], [16.33428394, 48.28110929], [16.33351204, 48.28115783], [16.33315728, 48.28113588], [16.33223368, 48.28090518], [16.33198591, 48.28076794], [16.33172805, 48.28052934], [16.33166879, 48.28032349], [16.33157826, 48.28021359], [16.33132026, 48.28001528], [16.33123203, 48.27975906], [16.33114622, 48.2796417], [16.33080148, 48.27931829], [16.33053003, 48.27897933], [16.33034726, 48.27848605], [16.33031417, 48.27801858], [16.3301792, 48.27776884], [16.33015212, 48.27778376], [16.32984564, 48.27758113], [16.32896283, 48.27720121], [16.32870066, 48.2771565], [16.32813401, 48.27712445], [16.32544928, 48.27740275], [16.32507635, 48.27744911], [16.32408162, 48.27764992], [16.32312605, 48.27801251], [16.32255477, 48.27813808], [16.32230646, 48.27817213], [16.32170611, 48.27817233], [16.32138264, 48.27813847], [16.32071935, 48.2781999], [16.32032938, 48.27800568], [16.31980749, 48.27786064], [16.31964382, 48.27777078], [16.31930487, 48.2777013], [16.31808792, 48.27720847], [16.31786083, 48.27705304], [16.3175534, 48.27666565], [16.31689561, 48.27611076], [16.31676156, 48.27577206], [16.31624673, 48.27555775], [16.31514697, 48.27432325], [16.31458049, 48.27398402], [16.31229036, 48.27386585], [16.31159291, 48.27391381], [16.31100497, 48.2736992], [16.31057824, 48.27360783], [16.3090937, 48.27278381], [16.30836643, 48.27243974], [16.30720971, 48.27233846], [16.30651798, 48.2720711], [16.30585916, 48.27174861], [16.30541209, 48.27168428], [16.30451014, 48.27178278], [16.30403761, 48.2719394], [16.3035831, 48.27213254], [16.30244815, 48.27234463], [16.3020974, 48.27248554], [16.30119712, 48.27267727], [16.30166508, 48.27312905], [16.30034502, 48.2733085], [16.3003211, 48.27322108], [16.29973623, 48.27312935], [16.29928983, 48.27288208], [16.29890517, 48.2723903], [16.29834281, 48.27230261], [16.29728407, 48.27199128], [16.29512348, 48.27210375], [16.29448367, 48.27217457], [16.29426738, 48.27210794], [16.29399592, 48.2719635], [16.2937828, 48.27180622], [16.29332812, 48.27167287], [16.29218693, 48.27143088], [16.29159395, 48.27141447], [16.29130652, 48.27136507], [16.2911895, 48.27131188], [16.29064295, 48.27089888], [16.28901777, 48.27051134], [16.2886805, 48.2703236], [16.28831159, 48.26983845], [16.28814992, 48.26942353], [16.28790566, 48.26903789], [16.28782929, 48.26874064], [16.28772832, 48.26854032], [16.28740813, 48.26826014], [16.28699804, 48.26803496], [16.28599721, 48.26762084], [16.28588546, 48.26743005], [16.28596121, 48.26711145], [16.28608856, 48.26691321], [16.28617025, 48.26670694], [16.28650277, 48.26647686], [16.28680146, 48.26641269], [16.28775863, 48.26639961], [16.28869065, 48.26634199], [16.2891972, 48.26639787], [16.29015118, 48.26663549], [16.29065885, 48.26664136], [16.29131572, 48.26669575], [16.29252058, 48.26559825], [16.29408163, 48.26452469], [16.29409581, 48.26399608], [16.29322813, 48.26334843], [16.29269151, 48.26273283], [16.29209824, 48.26222845], [16.29087182, 48.26204928], [16.28968276, 48.26180509], [16.28949817, 48.26173523], [16.28857826, 48.26117737], [16.28836299, 48.26093626], [16.28794818, 48.26063464], [16.28772229, 48.26051691], [16.28740291, 48.26042847], [16.28711537, 48.26028302], [16.28628201, 48.25968488], [16.28584405, 48.25897963], [16.28578874, 48.25879857], [16.28581055, 48.25852888], [16.28576126, 48.25839657], [16.28556228, 48.25832481], [16.28539809, 48.25806879], [16.2850742, 48.25711591], [16.28515936, 48.25680047], [16.28518893, 48.25632025], [16.28544509, 48.25602647], [16.2860227, 48.25560179], [16.28595641, 48.25535679], [16.28577327, 48.25494195], [16.28607208, 48.25371784], [16.2862851, 48.25373142], [16.28669483, 48.25309381], [16.28698386, 48.25317793], [16.28716845, 48.2529324], [16.28727705, 48.25272929], [16.28740002, 48.25228032], [16.28745623, 48.25151062], [16.28755928, 48.25104491], [16.28839138, 48.25098401], [16.28970618, 48.25051547], [16.29123583, 48.25040249], [16.29191491, 48.25023566], [16.29287189, 48.25008269], [16.29401522, 48.24977951], [16.29452238, 48.24971476], [16.29557581, 48.24949642], [16.29558379, 48.24945227], [16.29620102, 48.2492925], [16.29620572, 48.24931309], [16.29673786, 48.24914501], [16.29734546, 48.24907957], [16.29750757, 48.24909392], [16.29865357, 48.24893342], [16.30240392, 48.24865714], [16.30292857, 48.24858121], [16.30369456, 48.24841973], [16.30464521, 48.24816405], [16.30586458, 48.24772587], [16.3058479, 48.24769943], [16.30629664, 48.24754288], [16.30681195, 48.24727799], [16.30727831, 48.24714384], [16.30772222, 48.24693252], [16.30757553, 48.24632679], [16.3074486, 48.24551864], [16.30930209, 48.24526692], [16.3091241, 48.24473538], [16.30941772, 48.24454515], [16.31042225, 48.24402252], [16.31066325, 48.2437669], [16.31095269, 48.24355715], [16.3116892, 48.2431849], [16.31292183, 48.24278838], [16.31431143, 48.24240833], [16.31658234, 48.24160879], [16.3166978, 48.24173805], [16.31682056, 48.24181064], [16.31698951, 48.24185069], [16.31716103, 48.24184478], [16.31980006, 48.24111009], [16.32136293, 48.24084401], [16.32120762, 48.24070648], [16.3210073, 48.24059827], [16.32030642, 48.24042759]]]}}, {"type": "Feature", "properties": {"district": 20, "name": "Brigittenau"}, "geometry": {"type": "Polygon", "coordinates": [[[16.37874565, 48.25519104], [16.37238887, 48.26272417], [16.36823142, 48.26133803], [16.36827434, 48.26106094], [16.36837408, 48.26099854], [16.36882522, 48.25940587], [16.36896367, 48.25930007], [16.36910912, 48.25876349], [16.36909309, 48.25868775], [16.36899331, 48.25858322], [16.3690796, 48.25789387], [16.36891266, 48.25778429], [16.36904787, 48.25713854], [16.36942355, 48.25642762], [16.37143258, 48.25292751], [16.37174186, 48.2520924], [16.37182888, 48.2517581], [16.37184698, 48.25124899], [16.37176063, 48.25062373], [16.37160909, 48.25014912], [16.37136433, 48.24962768], [16.37103768, 48.2490675], [16.37045812, 48.24822286], [16.36902083, 48.24648364], [16.36620507, 48.24361308], [16.36396076, 48.24055615], [16.3634178, 48.23979177], [16.3630284, 48.23916243], [16.36223335, 48.23767784], [16.36189106, 48.23696925], [16.36166328, 48.23643151], [16.36148554, 48.23589002], [16.36126444, 48.23501724], [16.36113165, 48.23415702], [16.36111724, 48.23360202], [16.36119198, 48.23310773], [16.36139007, 48.23250756], [16.36165221, 48.23191847], [16.36287056, 48.22958749], [16.36328188, 48.22895088], [16.36380645, 48.22835938], [16.36440528, 48.22780443], [16.36669062, 48.22614791], [16.36715831, 48.225586], [16.3674595, 48.22510685], [16.36845872, 48.22538338], [16.36934061, 48.22568315], [16.36975376, 48.22561405], [16.37036898, 48.22582197], [16.37041793, 48.22616918], [16.37216138, 48.22783473], [16.37751997, 48.22957238], [16.38013874, 48.2283013], [16.38046999, 48.22831359], [16.38130697, 48.22791315], [16.38306382, 48.22566615], [16.38318781, 48.22560397], [16.38334271, 48.22560801], [16.38469867, 48.22608454], [16.38796481, 48.22783139], [16.38797652, 48.22795666], [16.38804918, 48.22807201], [16.38818091, 48.2281661], [16.38791347, 48.22937293], [16.38678462, 48.2303688], [16.38740589, 48.2307171], [16.39528249, 48.23481682], [16.39813493, 48.23634784], [16.3954006, 48.23870792], [16.39184465, 48.2419503], [16.38611967, 48.24748903], [16.3840054, 48.24960782], [16.37874565, 48.25519104]]]}}, {"type": "Feature", "properties": {"district": 21, "name": "Floridsdorf"}, "geometry": {"type": "Polygon", "coordinates": [[[16.43776161, 48.31681107], [16.43432314, 48.31791634], [16.43109357, 48.31911845], [16.42910457, 48.31991083], [16.42663175, 48.32096391], [16.42481774, 48.32181787], [16.42396316, 48.32200935], [16.42266218, 48.32223966], [16.4217963, 48.32245632], [16.41990166, 48.32265476], [16.41861876, 48.32266666], [16.41682213, 48.32252854], [16.41287139, 48.32167493], [16.4103412, 48.32102693], [16.40422148, 48.31932419], [16.40350745, 48.31803906], [16.40288056, 48.31676205], [16.39740663, 48.3181217], [16.39699068, 48.31824719], [16.39570858, 48.31873646], [16.39412069, 48.31926237], [16.39450175, 48.31998081], [16.39515393, 48.31995683], [16.39529763, 48.32027673], [16.39530315, 48.32154879], [16.39517393, 48.32256309], [16.39438142, 48.3225394], [16.3934428, 48.32233204], [16.39177486, 48.3222878], [16.39101172, 48.32235786], [16.39132369, 48.32092297], [16.38881846, 48.32103197], [16.38882101, 48.32036378], [16.3900991, 48.32031751], [16.38971146, 48.3196924], [16.38940236, 48.31912994], [16.38938083, 48.31904326], [16.38729514, 48.31952128], [16.38624893, 48.31964882], [16.38569657, 48.31957747], [16.3851834, 48.319457], [16.38482682, 48.31924852], [16.38359671, 48.31837482], [16.38168957, 48.31710649], [16.38148599, 48.31665872], [16.38131247, 48.31636174], [16.38042444, 48.31505792], [16.38054879, 48.31463906], [16.38060139, 48.31342795], [16.38058446, 48.31286904], [16.3811979, 48.31211248], [16.38139686, 48.31163029], [16.38263043, 48.31148438], [16.38245396, 48.31044467], [16.38347334, 48.30861605], [16.38383977, 48.3071843], [16.3836966, 48.30689343], [16.38363552, 48.3062956], [16.38330632, 48.30569904], [16.38314302, 48.30548966], [16.38306979, 48.30530758], [16.3842811, 48.30430759], [16.38484297, 48.30392182], [16.38443307, 48.30364636], [16.38416012, 48.30337173], [16.38412076, 48.30322058], [16.38396028, 48.30299842], [16.38390152, 48.30271831], [16.38436467, 48.30258664], [16.38511008, 48.30230538], [16.38594488, 48.30192848], [16.38623288, 48.30174598], [16.38563127, 48.30156143], [16.3850603, 48.30128244], [16.38477279, 48.301276], [16.38438301, 48.30130485], [16.38306968, 48.30150288], [16.38215572, 48.30171342], [16.38086584, 48.30192868], [16.38023315, 48.30195258], [16.37981952, 48.30200806], [16.37871785, 48.30002225], [16.37772705, 48.29854604], [16.3764911, 48.29700282], [16.37632324, 48.29674954], [16.37556193, 48.29592586], [16.37606894, 48.29556461], [16.37673481, 48.29500645], [16.37696225, 48.29476004], [16.37845259, 48.29285198], [16.37888843, 48.29204478], [16.37889197, 48.29192445], [16.37905937, 48.29131169], [16.37908232, 48.29103838], [16.37900733, 48.29015736], [16.3789508, 48.28984424], [16.37871465, 48.28937138], [16.37834221, 48.2887509], [16.37784892, 48.28831537], [16.37743514, 48.28822019], [16.37653493, 48.28815126], [16.37576148, 48.2881965], [16.37484648, 48.28818152], [16.37385595, 48.28806494], [16.37314704, 48.28791948], [16.37177108, 48.28773466], [16.37138433, 48.28771859], [16.37066885, 48.28781683], [16.36990475, 48.28773792], [16.36929559, 48.28762748], [16.36862846, 48.2874586], [16.3676702, 48.28718278], [16.36730222, 48.28700302], [16.36713368, 48.2868349], [16.36699067, 48.28654895], [16.36688002, 48.28629538], [16.36676522, 48.28585295], [16.36679731, 48.28542936], [16.36693311, 48.2849464], [16.36722235, 48.2841882], [16.36783753, 48.28320869], [16.36854581, 48.28249084], [16.36923001, 48.28205808], [16.37059507, 48.28169651], [16.36846658, 48.28120323], [16.3680869, 48.28120855], [16.36803563, 48.28109255], [16.36766917, 48.28113043], [16.3675883, 48.28109358], [16.36704666, 48.28108149], [16.36688899, 48.28103621], [16.36643667, 48.28123778], [16.36586517, 48.28133235], [16.365808, 48.28147895], [16.36318686, 48.28230247], [16.35595933, 48.28334912], [16.35907498, 48.27947144], [16.36271437, 48.27484819], [16.37238887, 48.26272417], [16.37874565, 48.25519104], [16.3840054, 48.24960782], [16.38611967, 48.24748903], [16.39263575, 48.24121184], [16.3954006, 48.23870792], [16.39813493, 48.23634784], [16.40339154, 48.23914941], [16.40297542, 48.23956702], [16.40254537, 48.24015597], [16.40243545, 48.2404135], [16.40241376, 48.24061793], [16.40246869, 48.24081971], [16.40259669, 48.24100606], [16.40278416, 48.2411583], [16.4029675, 48.24124264], [16.40333378, 48.24130439], [16.4046702, 48.24125575], [16.40595739, 48.24134383], [16.40771914, 48.24165818], [16.40834654, 48.24182943], [16.40896035, 48.24204749], [16.4094887, 48.24227821], [16.41017918, 48.24263099], [16.41090782, 48.24306476], [16.41128872, 48.24332894], [16.4117615, 48.24374691], [16.41321256, 48.24530401], [16.41785179, 48.24582106], [16.41801675, 48.24600351], [16.41876239, 48.24591466], [16.42046748, 48.24582395], [16.42086042, 48.24584218], [16.42280948, 48.24606106], [16.42328531, 48.24607484], [16.42400276, 48.24602049], [16.42441334, 48.24589823], [16.42738191, 48.24633594], [16.42776255, 48.24647729], [16.42785377, 48.24659134], [16.42788764, 48.24670364], [16.42788275, 48.24796106], [16.42792474, 48.24893067], [16.42802275, 48.25049936], [16.42815842, 48.25189112], [16.42953515, 48.25143352], [16.43040552, 48.25125223], [16.43094563, 48.25242062], [16.43152524, 48.2535209], [16.43175979, 48.25372018], [16.43214029, 48.25440676], [16.43269496, 48.25525902], [16.43549971, 48.25909233], [16.43639818, 48.25910959], [16.43705921, 48.25917326], [16.43784533, 48.25932983], [16.43844029, 48.25950916], [16.43694818, 48.26162989], [16.44054112, 48.26200794], [16.44356081, 48.26177085], [16.44454445, 48.26172613], [16.44673827, 48.26169904], [16.44688147, 48.26196052], [16.44707329, 48.2620365], [16.4476959, 48.26140428], [16.45017078, 48.25918714], [16.45146473, 48.26108511], [16.45217291, 48.26198264], [16.45288485, 48.26298582], [16.46691274, 48.27143128], [16.46845748, 48.27221749], [16.4698074, 48.27282728], [16.47064174, 48.2732569], [16.47106711, 48.27354391], [16.47176596, 48.27413366], [16.47214375, 48.27440094], [16.47311258, 48.27498354], [16.47323411, 48.27508843], [16.47351191, 48.27504322], [16.47406211, 48.275195], [16.47406981, 48.27524994], [16.4742052, 48.27530041], [16.47471031, 48.27531536], [16.47430335, 48.27547808], [16.47438949, 48.27579777], [16.47272054, 48.2762443], [16.47228267, 48.2763879], [16.47093337, 48.27724347], [16.46732287, 48.27882333], [16.46373034, 48.28078616], [16.46285263, 48.28115243], [16.46186729, 48.28174877], [16.46121961, 48.28202287], [16.46120136, 48.28200076], [16.46088379, 48.28211316], [16.4606166, 48.2824435], [16.46063133, 48.28246381], [16.45854975, 48.2833191], [16.45711694, 48.28395896], [16.45637004, 48.28435231], [16.45420118, 48.28526739], [16.45220717, 48.28635721], [16.44837892, 48.28810682], [16.44809645, 48.28827859], [16.44681537, 48.28885521], [16.44503584, 48.28971017], [16.44422458, 48.29014729], [16.4431173, 48.29068332], [16.44040493, 48.29192092], [16.44034361, 48.29291624], [16.44033666, 48.29618982], [16.44025596, 48.29752672], [16.44028656, 48.29865703], [16.44022592, 48.29992313], [16.44026326, 48.30112025], [16.44030926, 48.3014669], [16.44031404, 48.30235712], [16.44027503, 48.30345682], [16.44022698, 48.3037585], [16.4395449, 48.30648923], [16.43860663, 48.30868707], [16.43809525, 48.30940715], [16.43785991, 48.3119354], [16.43806552, 48.31349848], [16.43829898, 48.31448715], [16.43826869, 48.31524988], [16.43804191, 48.31626683], [16.43776161, 48.31681107]]]}}, {"type": "Feature", "properties": {"district": 22, "name": "Donaustadt"}, "geometry": {"type": "Polygon", "coordinates": [[[16.50783923, 48.27344659], [16.50667904, 48.27360156], [16.50740066, 48.27479405], [16.50829659, 48.27645392], [16.50882092, 48.27728977], [16.51058983, 48.27953322], [16.51155635, 48.28070004], [16.51282216, 48.2812787], [16.51425876, 48.28404429], [16.514899, 48.28553345], [16.51287509, 48.28635163], [16.51321711, 48.28717658], [16.51043996, 48.28779523], [16.50776382, 48.28845782], [16.50425328, 48.28984345], [16.49615286, 48.29189014], [16.49645823, 48.29248883], [16.49520865, 48.29265442], [16.49335964, 48.2927344], [16.49080623, 48.29278264], [16.48455715, 48.2931667], [16.48378253, 48.29317516], [16.48120759, 48.29353232], [16.48138271, 48.2931703], [16.48106196, 48.29197912], [16.48095037, 48.2912135], [16.48092318, 48.29060596], [16.48103648, 48.289545], [16.48143998, 48.28756295], [16.48146191, 48.28698197], [16.48190646, 48.28584638], [16.48207488, 48.28498967], [16.48224368, 48.28445922], [16.48280286, 48.28431228], [16.48259462, 48.28358374], [16.48288883, 48.28351529], [16.48289307, 48.28297354], [16.48293741, 48.28269452], [16.48284273, 48.28237961], [16.48276254, 48.2819475], [16.48265726, 48.28174448], [16.48288154, 48.28144185], [16.48310884, 48.28078407], [16.48346357, 48.27993098], [16.48350278, 48.2796972], [16.48348405, 48.27941421], [16.48339011, 48.27907484], [16.48318127, 48.27855477], [16.48250443, 48.27725046], [16.48217027, 48.27681058], [16.4816166, 48.27597205], [16.481329, 48.27522391], [16.48109651, 48.274282], [16.48108577, 48.2740588], [16.48123784, 48.27343242], [16.48005271, 48.2736591], [16.47868671, 48.27385856], [16.47811909, 48.2739848], [16.47689023, 48.2744348], [16.47549334, 48.27503059], [16.47547927, 48.27501037], [16.47471031, 48.27531536], [16.4742052, 48.27530041], [16.47406981, 48.27524994], [16.47406211, 48.275195], [16.47351191, 48.27504322], [16.47323411, 48.27508843], [16.47311258, 48.27498354], [16.47214375, 48.27440094], [16.47176596, 48.27413366], [16.47106711, 48.27354391], [16.47064174, 48.2732569], [16.4698074, 48.27282728], [16.46845748, 48.27221749], [16.46691274, 48.27143128], [16.45288485, 48.26298582], [16.45217291, 48.26198264], [16.45146473, 48.26108511], [16.45017078, 48.25918714], [16.4476959, 48.26140428], [16.44707329, 48.2620365], [16.44688147, 48.26196052], [16.44673827, 48.26169904], [16.44454445, 48.26172613], [16.44356081, 48.26177085], [16.44054112, 48.26200794], [16.43694818, 48.26162989], [16.43844029, 48.25950916], [16.43784533, 48.25932983], [16.43705921, 48.25917326], [16.43639818, 48.25910959], [16.43549971, 48.25909233], [16.43269496, 48.25525902], [16.43214029, 48.25440676], [16.43175979, 48.25372018], [16.43152524, 48.2535209], [16.43094563, 48.25242062], [16.43040552, 48.25125223], [16.42953515, 48.25143352], [16.42815842, 48.25189112], [16.42802275, 48.25049936], [16.42792474, 48.24893067], [16.42788275, 48.24796106], [16.42788764, 48.24670364], [16.42785377, 48.24659134], [16.42776255, 48.24647729], [16.42738191, 48.24633594], [16.42441334, 48.24589823], [16.42400276, 48.24602049], [16.42328531, 48.24607484], [16.42280948, 48.24606106], [16.42086042, 48.24584218], [16.42046748, 48.24582395], [16.41876239, 48.24591466], [16.41801675, 48.24600351], [16.41785179, 48.24582106], [16.41321256, 48.24530401], [16.4117615, 48.24374691], [16.41128872, 48.24332894], [16.41090782, 48.24306476], [16.41017918, 48.24263099], [16.4094887, 48.24227821], [16.40896035, 48.24204749], [16.40834654, 48.24182943], [16.40771914, 48.24165818], [16.40595739, 48.24134383], [16.4046702, 48.24125575], [16.40333378, 48.24130439], [16.4029675, 48.24124264], [16.40278416, 48.2411583], [16.40259669, 48.24100606], [16.40246869, 48.24081971], [16.40241376, 48.24061793], [16.40243545, 48.2404135], [16.40254537, 48.24015597], [16.40297542, 48.23956702], [16.40339154, 48.23914941], [16.39813493, 48.23634784], [16.40053085, 48.23430211], [16.40203787, 48.23306028], [16.40503293, 48.23066532], [16.40863894, 48.22788775], [16.41625763, 48.22212444], [16.42362148, 48.21682252], [16.42588347, 48.21516099], [16.43703602, 48.20732892], [16.44210797, 48.20382193], [16.44927029, 48.1989611], [16.45012126, 48.19835276], [16.45565704, 48.19462367], [16.47805391, 48.17984342], [16.48553681, 48.17504331], [16.49150745, 48.1713245], [16.49445195, 48.16955852], [16.4964572, 48.16840415], [16.49847317, 48.16717904], [16.4970734, 48.16627413], [16.51378851, 48.15892807], [16.51656721, 48.15844601], [16.52227844, 48.15605854], [16.52540021, 48.15459931], [16.52625489, 48.15412872], [16.52676698, 48.15380573], [16.5385685, 48.14572547], [16.54020583, 48.14464761], [16.5407903, 48.14432326], [16.54283329, 48.14339994], [16.54354926, 48.14313641], [16.54447929, 48.14284523], [16.5466696, 48.14229103], [16.54999369, 48.1415781], [16.55379089, 48.14082354], [16.55964471, 48.13956772], [16.56629068, 48.13788706], [16.5712227, 48.13651324], [16.57603163, 48.13521941], [16.57631454, 48.13619118], [16.57646718, 48.13702949], [16.57685172, 48.1427328], [16.57751413, 48.15039057], [16.57745452, 48.15132016], [16.5770387, 48.15203942], [16.57654256, 48.1526556], [16.57596469, 48.15326979], [16.57529981, 48.15385007], [16.57487844, 48.15413541], [16.5739155, 48.15452466], [16.57393676, 48.15502473], [16.57353482, 48.15512683], [16.57332786, 48.15513175], [16.57331057, 48.15517226], [16.57358789, 48.15550174], [16.57396578, 48.15571976], [16.57469709, 48.15635812], [16.57540968, 48.15724437], [16.57563217, 48.1575995], [16.57595181, 48.15829276], [16.57637275, 48.15891773], [16.57638831, 48.15925593], [16.57612879, 48.16024421], [16.57589878, 48.16078743], [16.57515862, 48.16182177], [16.57435724, 48.1624696], [16.57305907, 48.16319354], [16.57108717, 48.16372406], [16.57046988, 48.16375455], [16.57026568, 48.16369507], [16.57002346, 48.16352226], [16.56979402, 48.16346976], [16.56953948, 48.16348349], [16.5689877, 48.16358183], [16.5681443, 48.16361177], [16.56728204, 48.16339309], [16.56529469, 48.16252373], [16.5641217, 48.16219007], [16.56367333, 48.16199463], [16.56321, 48.1615743], [16.5627666, 48.1610068], [16.56246425, 48.16072411], [16.56161879, 48.16036622], [16.55998374, 48.16185466], [16.55936624, 48.16282516], [16.55786269, 48.16410296], [16.55739479, 48.16427014], [16.55641824, 48.16444721], [16.55565594, 48.16445865], [16.55421668, 48.16416092], [16.55399963, 48.16366661], [16.55628957, 48.16170954], [16.55525487, 48.16201306], [16.5530528, 48.16205869], [16.55202204, 48.16292363], [16.55125714, 48.16372493], [16.55074274, 48.1638991], [16.55023733, 48.16416813], [16.54989978, 48.16445952], [16.54977393, 48.16464852], [16.55022282, 48.16604245], [16.54960662, 48.16660541], [16.54834148, 48.16707019], [16.54796728, 48.16849038], [16.5473918, 48.16997758], [16.5468614, 48.17072886], [16.54664568, 48.17163173], [16.5471298, 48.17139432], [16.5475794, 48.17133162], [16.54866118, 48.17146372], [16.54970074, 48.17139947], [16.55028136, 48.17151548], [16.55064686, 48.1717256], [16.5509044, 48.17261042], [16.55096002, 48.17305197], [16.55048141, 48.17399743], [16.55000045, 48.17473659], [16.54963027, 48.17622188], [16.54977527, 48.17675258], [16.54945168, 48.17705751], [16.54858867, 48.1774094], [16.54785981, 48.17781805], [16.54747094, 48.17785258], [16.54640341, 48.17771613], [16.54575707, 48.1778889], [16.54540317, 48.17769421], [16.54528241, 48.17729414], [16.54500797, 48.17706279], [16.544603, 48.17690471], [16.54405097, 48.17682324], [16.54339849, 48.17687262], [16.54244732, 48.17687739], [16.54166624, 48.17694723], [16.54102525, 48.17657506], [16.54093733, 48.17607303], [16.54112724, 48.17581549], [16.54164678, 48.17544242], [16.54193174, 48.17531951], [16.54330489, 48.17513574], [16.54379606, 48.17503395], [16.54399716, 48.1748208], [16.54412746, 48.17405902], [16.54469399, 48.17301576], [16.54475223, 48.17285674], [16.54322085, 48.17326358], [16.54182472, 48.17340512], [16.54132426, 48.17353426], [16.54093414, 48.17344826], [16.54006503, 48.17283826], [16.53954696, 48.17272838], [16.53897523, 48.17282221], [16.53668584, 48.17345629], [16.53638096, 48.17461165], [16.53948027, 48.17392002], [16.54081641, 48.17376503], [16.54007552, 48.17423005], [16.53957079, 48.17447079], [16.53911504, 48.17475758], [16.53628433, 48.17707508], [16.53630458, 48.1775444], [16.53643336, 48.17812325], [16.53769185, 48.18252101], [16.53886241, 48.18182125], [16.54116217, 48.18080004], [16.5418348, 48.18207777], [16.54171656, 48.18227079], [16.5414924, 48.1824748], [16.54118246, 48.18265162], [16.54028952, 48.18291932], [16.53904658, 48.18313395], [16.53798356, 48.18338322], [16.53819505, 48.18439801], [16.53832187, 48.18538956], [16.53863704, 48.18667136], [16.53969408, 48.18883777], [16.54023909, 48.18955797], [16.5410533, 48.19036097], [16.54177032, 48.19143942], [16.54132965, 48.19253963], [16.54061606, 48.19364248], [16.53983291, 48.19471533], [16.53919426, 48.19641843], [16.5388171, 48.19713856], [16.53804547, 48.19828871], [16.53627458, 48.20044119], [16.53663212, 48.20081505], [16.53677742, 48.2012328], [16.53736396, 48.20264128], [16.53752951, 48.20351918], [16.5380506, 48.20472903], [16.53913136, 48.20606577], [16.54012274, 48.20697332], [16.54038573, 48.20733456], [16.54042839, 48.20753998], [16.54101551, 48.20831028], [16.54164924, 48.2090555], [16.54358188, 48.21162328], [16.54423515, 48.21262421], [16.54487347, 48.21381187], [16.54546876, 48.21499978], [16.54599074, 48.21622137], [16.54632439, 48.21748709], [16.54659145, 48.21872029], [16.54665563, 48.22002895], [16.54644935, 48.22115384], [16.54664368, 48.22226837], [16.5469011, 48.22337461], [16.54794537, 48.22651428], [16.54889613, 48.22976159], [16.54993772, 48.23267965], [16.55116608, 48.23526344], [16.55274501, 48.23899994], [16.54784873, 48.24028177], [16.54820429, 48.24269497], [16.54560033, 48.24279768], [16.54275615, 48.24279302], [16.53941603, 48.24283783], [16.53965743, 48.24399069], [16.53993341, 48.24503484], [16.54028681, 48.24594046], [16.54113936, 48.24775718], [16.54126568, 48.24830122], [16.54134113, 48.24905318], [16.54155257, 48.24986983], [16.54232505, 48.25341302], [16.54268481, 48.25450063], [16.54454857, 48.2585065], [16.54551563, 48.26040671], [16.54698193, 48.26299891], [16.54189075, 48.26381419], [16.5386025, 48.26424144], [16.53859027, 48.26417995], [16.53704529, 48.26402483], [16.53584711, 48.26375739], [16.53440225, 48.26336339], [16.53303996, 48.26289719], [16.53263056, 48.26210199], [16.53022871, 48.26242281], [16.52749588, 48.26291815], [16.52608598, 48.26324891], [16.52453745, 48.26353717], [16.52321121, 48.26388306], [16.52194038, 48.26424682], [16.52171643, 48.26440852], [16.52082058, 48.26459063], [16.51917107, 48.26698544], [16.5128522, 48.26783879], [16.51412124, 48.27102652], [16.51357081, 48.2711012], [16.51357568, 48.27114868], [16.5124421, 48.27161852], [16.51115988, 48.27219756], [16.50929679, 48.27310905], [16.50902551, 48.27320011], [16.50783923, 48.27344659]]]}}, {"type": "Feature", "properties": {"district": 23, "name": "Liesing"}, "geometry": {"type": "Polygon", "coordinates": [[[16.28120864, 48.15876948], [16.27974927, 48.1594037], [16.27933325, 48.15964452], [16.28098101, 48.16145747], [16.27916791, 48.16268876], [16.27304702, 48.15586441], [16.26676969, 48.15853253], [16.26298581, 48.1599352], [16.25884312, 48.16032703], [16.2578465, 48.1601776], [16.25782975, 48.16022769], [16.2564426, 48.16002034], [16.25249817, 48.15765787], [16.24669254, 48.15640208], [16.2322726, 48.15081654], [16.23006406, 48.14946327], [16.22773795, 48.15090723], [16.22474447, 48.15300341], [16.22320493, 48.15318366], [16.22321351, 48.15270513], [16.22338999, 48.15263408], [16.2235246, 48.15253699], [16.22348934, 48.15231662], [16.22354652, 48.15216559], [16.22344365, 48.15212907], [16.22334736, 48.15203184], [16.22299532, 48.15211981], [16.22292518, 48.15217469], [16.22286862, 48.15228373], [16.22273208, 48.15228026], [16.22270172, 48.15233437], [16.22262531, 48.15237063], [16.2224451, 48.15236056], [16.22237813, 48.15231742], [16.2222669, 48.15235544], [16.22223137, 48.15231556], [16.22212646, 48.15235368], [16.22180861, 48.15259465], [16.22159823, 48.15255434], [16.22143527, 48.15258403], [16.22142888, 48.15261757], [16.22133632, 48.15266091], [16.22135245, 48.15271867], [16.22127024, 48.15276094], [16.22113378, 48.15277745], [16.22105064, 48.15275497], [16.22076076, 48.15280801], [16.22069108, 48.15289445], [16.22046739, 48.15303713], [16.21945991, 48.15334063], [16.21932475, 48.15325739], [16.21918952, 48.15297136], [16.21914642, 48.15236202], [16.21910616, 48.15221808], [16.21896474, 48.15205489], [16.21827844, 48.15161496], [16.21776024, 48.15154365], [16.21689638, 48.1512368], [16.21430218, 48.15105179], [16.2140525, 48.15115521], [16.2139689, 48.1512688], [16.21386252, 48.15118784], [16.21327771, 48.15098423], [16.21322863, 48.15088598], [16.21308039, 48.15088564], [16.21303843, 48.15078379], [16.21295443, 48.15073145], [16.21289026, 48.15075845], [16.21272503, 48.15072419], [16.21264663, 48.15063408], [16.21246714, 48.15055357], [16.21254148, 48.15048737], [16.21157768, 48.14968089], [16.21046054, 48.1492757], [16.21014711, 48.14807915], [16.20985862, 48.14762287], [16.21106848, 48.14735737], [16.2113553, 48.14717188], [16.21184499, 48.14700819], [16.21189553, 48.14694934], [16.21200507, 48.14694064], [16.21233309, 48.14666499], [16.2124205, 48.14630724], [16.21253526, 48.14602776], [16.21256431, 48.14584802], [16.21274461, 48.14564325], [16.21275806, 48.14558229], [16.21291483, 48.14543299], [16.21297688, 48.14527999], [16.21296481, 48.14521181], [16.21304694, 48.14514499], [16.21308522, 48.14504349], [16.21318009, 48.14498775], [16.21325118, 48.14498656], [16.21330846, 48.14485937], [16.2134591, 48.14474361], [16.21360901, 48.14454187], [16.21371118, 48.1444658], [16.2139636, 48.14438468], [16.21415543, 48.14424027], [16.21412835, 48.14415822], [16.21445959, 48.14393131], [16.21456031, 48.14378528], [16.21452727, 48.14355277], [16.21465651, 48.14305305], [16.21479623, 48.14289402], [16.21472648, 48.1427818], [16.21488231, 48.14268798], [16.21516065, 48.14266363], [16.21524988, 48.1425469], [16.21540554, 48.14252306], [16.21564188, 48.14230396], [16.21598273, 48.14209594], [16.21596738, 48.14193485], [16.21601921, 48.14183832], [16.21596339, 48.14174707], [16.21596268, 48.14164805], [16.21600278, 48.14156409], [16.21598589, 48.14137621], [16.21629038, 48.1411391], [16.21629295, 48.14107624], [16.21640565, 48.14097284], [16.21684814, 48.1409081], [16.21714069, 48.14078304], [16.21740168, 48.14076181], [16.21742999, 48.14071948], [16.21758225, 48.14065471], [16.21801813, 48.14065525], [16.21849704, 48.14058982], [16.21859782, 48.14052877], [16.21874293, 48.14052919], [16.21907966, 48.14028968], [16.21903783, 48.14019359], [16.21971071, 48.13965591], [16.22004487, 48.1390537], [16.22019732, 48.13864507], [16.22022565, 48.13839334], [16.22028656, 48.13825256], [16.22052365, 48.13816125], [16.22057405, 48.13809322], [16.22091067, 48.13795173], [16.22100572, 48.13774696], [16.22106982, 48.13732083], [16.22117586, 48.13712785], [16.22107818, 48.13713009], [16.22150805, 48.13655881], [16.22169399, 48.13608127], [16.22151545, 48.13613308], [16.22139806, 48.1361147], [16.22122681, 48.13603179], [16.22104618, 48.13623783], [16.22073, 48.13601592], [16.22078813, 48.13555659], [16.22096537, 48.13554463], [16.22109996, 48.13549665], [16.22151747, 48.13546721], [16.22254578, 48.13548496], [16.22307419, 48.13554601], [16.22413287, 48.13574633], [16.22434536, 48.13583755], [16.22481456, 48.1359471], [16.22605424, 48.13595477], [16.22717042, 48.13622941], [16.22754463, 48.1362786], [16.2283259, 48.13635146], [16.23005173, 48.13640819], [16.23039815, 48.13644655], [16.23050241, 48.13651185], [16.23146564, 48.13657618], [16.23233108, 48.1366798], [16.23287228, 48.13680611], [16.23398047, 48.13681171], [16.23418988, 48.13674208], [16.23479907, 48.13676265], [16.235199, 48.13685386], [16.23559773, 48.13687616], [16.23733428, 48.13717156], [16.23843551, 48.13715758], [16.23766829, 48.13562841], [16.23617003, 48.13483364], [16.23669056, 48.13445736], [16.23764631, 48.13419171], [16.23869722, 48.13397119], [16.23846019, 48.13342096], [16.238399, 48.13281808], [16.23861689, 48.13204781], [16.23749323, 48.13190565], [16.23480498, 48.13143188], [16.23212434, 48.1310068], [16.22894616, 48.13005445], [16.22685753, 48.1295717], [16.22586757, 48.12938783], [16.22454982, 48.12927585], [16.22206139, 48.12889065], [16.22024257, 48.12830795], [16.21922597, 48.12822517], [16.21809778, 48.12806771], [16.21771344, 48.12719353], [16.2155807, 48.1262022], [16.2149331, 48.12611589], [16.21466548, 48.12588698], [16.2148853, 48.1256662], [16.21486672, 48.12534826], [16.21539784, 48.12522753], [16.21587736, 48.12521929], [16.21608646, 48.12517348], [16.21664939, 48.12478942], [16.21677128, 48.12467333], [16.21694641, 48.12458137], [16.21714333, 48.12452161], [16.21744935, 48.12436454], [16.21762081, 48.1243251], [16.21787676, 48.12419384], [16.21802728, 48.12419052], [16.21850943, 48.12398749], [16.21891254, 48.12376237], [16.21924167, 48.12408627], [16.2201765, 48.12441803], [16.22103655, 48.12467202], [16.22157764, 48.12476596], [16.22214723, 48.12481545], [16.22381767, 48.12486768], [16.22407808, 48.12492857], [16.22527837, 48.12533034], [16.22530193, 48.12533918], [16.22528515, 48.12535969], [16.22534223, 48.12536307], [16.22590777, 48.12567002], [16.22602026, 48.12576977], [16.22636723, 48.12593279], [16.22686582, 48.12630804], [16.22743656, 48.1266019], [16.22943267, 48.12724367], [16.23054987, 48.12763674], [16.23068055, 48.12765908], [16.23103766, 48.1276387], [16.23115354, 48.12766624], [16.23137439, 48.1277954], [16.23161739, 48.12806273], [16.23194249, 48.12825764], [16.23217096, 48.12834382], [16.23278597, 48.12873109], [16.23344995, 48.12896084], [16.23377403, 48.12913038], [16.23416804, 48.12926806], [16.23462262, 48.12948628], [16.23527303, 48.12971672], [16.23561906, 48.12987261], [16.23605526, 48.13000933], [16.23687711, 48.13010124], [16.23740948, 48.1302508], [16.23794441, 48.13026026], [16.23830294, 48.13034591], [16.23870769, 48.13049608], [16.23926679, 48.13051004], [16.24000258, 48.13057991], [16.24185263, 48.13085745], [16.24321458, 48.13101054], [16.24409014, 48.13113689], [16.24419875, 48.13117573], [16.24534155, 48.13120803], [16.24592288, 48.1312718], [16.24676984, 48.13131149], [16.24717199, 48.13143196], [16.24745015, 48.13131418], [16.24764681, 48.13117197], [16.24856691, 48.13101879], [16.24879113, 48.13117662], [16.24927768, 48.13112168], [16.24951984, 48.13099856], [16.25017876, 48.13101453], [16.25094724, 48.13074844], [16.25131428, 48.13065734], [16.25136888, 48.13070316], [16.25188826, 48.13045508], [16.2525141, 48.13028515], [16.25315925, 48.1300377], [16.25325039, 48.12991815], [16.25350755, 48.12982247], [16.25358439, 48.12982662], [16.2537423, 48.1300311], [16.25422013, 48.13005424], [16.25595681, 48.12974156], [16.25631059, 48.12969594], [16.25667273, 48.12972263], [16.2572246, 48.12963119], [16.25738404, 48.12964218], [16.25753004, 48.12966215], [16.25762507, 48.12971321], [16.25777172, 48.12992636], [16.25853553, 48.12995764], [16.25888249, 48.13007002], [16.25911155, 48.13006433], [16.25945408, 48.12999926], [16.25963463, 48.13000334], [16.25979881, 48.13007819], [16.25996102, 48.13022138], [16.26016961, 48.13033762], [16.26065324, 48.13045202], [16.26068053, 48.13041773], [16.26118813, 48.13065225], [16.26174538, 48.13083652], [16.26219302, 48.13111066], [16.26251405, 48.13151853], [16.26388456, 48.13233366], [16.26541918, 48.1328386], [16.26720192, 48.13357876], [16.26816491, 48.13375807], [16.26867424, 48.13378908], [16.27111421, 48.13365262], [16.27110267, 48.13385146], [16.27114311, 48.13384986], [16.27398743, 48.13352066], [16.27481019, 48.13329555], [16.27602173, 48.13284472], [16.27733947, 48.1324417], [16.27781306, 48.13230434], [16.27838832, 48.13218799], [16.27930012, 48.13207485], [16.28076849, 48.13197224], [16.28089603, 48.13193129], [16.28084544, 48.13187605], [16.28388391, 48.13015623], [16.28402096, 48.1301419], [16.28452008, 48.13022541], [16.28512386, 48.13057615], [16.28527253, 48.13062415], [16.28754013, 48.13085977], [16.29785715, 48.12949182], [16.29785806, 48.12903183], [16.29805126, 48.12895291], [16.29813129, 48.12881894], [16.29821117, 48.12853154], [16.29829542, 48.12794484], [16.29828316, 48.12780868], [16.29839657, 48.12721992], [16.29865826, 48.12702431], [16.29903504, 48.12686975], [16.29904674, 48.1266638], [16.29870461, 48.12608812], [16.29880108, 48.12587851], [16.29876538, 48.1256436], [16.29855459, 48.12532336], [16.29948753, 48.12507743], [16.30023821, 48.12480328], [16.30066698, 48.1246034], [16.30082811, 48.12450128], [16.30179111, 48.12366375], [16.30353954, 48.1224784], [16.30481428, 48.12175434], [16.30565695, 48.12137235], [16.30731571, 48.12052138], [16.30813913, 48.12015663], [16.30889097, 48.11999727], [16.30965527, 48.11963276], [16.31090418, 48.11950093], [16.31180423, 48.11944672], [16.31259068, 48.11963259], [16.31254845, 48.1200443], [16.31265584, 48.12106228], [16.31303325, 48.12290905], [16.31359622, 48.12468274], [16.31392654, 48.12559005], [16.31413542, 48.12558758], [16.31429215, 48.12565605], [16.31478039, 48.12543868], [16.31540426, 48.12530857], [16.31553387, 48.12535761], [16.31563917, 48.12544162], [16.31742446, 48.12482984], [16.31828413, 48.12487315], [16.31832998, 48.12474275], [16.31850158, 48.1245621], [16.31904949, 48.12578267], [16.32068297, 48.12880458], [16.32272548, 48.1327182], [16.32288812, 48.13292057], [16.32444385, 48.13536126], [16.32489613, 48.13597632], [16.32488061, 48.13607456], [16.32503146, 48.13631004], [16.32460395, 48.13779227], [16.32548932, 48.13766572], [16.32870814, 48.13705667], [16.33561283, 48.13558632], [16.34106698, 48.13451017], [16.34595783, 48.13334243], [16.34634179, 48.13328951], [16.34722405, 48.13327495], [16.3477175, 48.13322598], [16.34884287, 48.13295246], [16.34996112, 48.13272202], [16.35071371, 48.13263037], [16.35111832, 48.13248633], [16.35220459, 48.13188112], [16.35259937, 48.13169589], [16.35439783, 48.13090663], [16.35490209, 48.13073648], [16.3571851, 48.12977902], [16.35752193, 48.12954126], [16.35791119, 48.12942859], [16.35958468, 48.12920406], [16.36197069, 48.12901199], [16.36472323, 48.12870412], [16.36518818, 48.12872073], [16.36563737, 48.12867314], [16.36656703, 48.13148556], [16.36684939, 48.13143521], [16.36771883, 48.13357665], [16.36781542, 48.13356071], [16.36813148, 48.13432164], [16.36846661, 48.13483614], [16.36895809, 48.13570799], [16.36917712, 48.13576693], [16.37076343, 48.13853254], [16.37008803, 48.13859435], [16.37192738, 48.14177509], [16.37092456, 48.14196129], [16.37112223, 48.14256927], [16.37134915, 48.14310079], [16.37241609, 48.14254278], [16.37277678, 48.14239653], [16.37343143, 48.14220233], [16.37417375, 48.14208553], [16.37575811, 48.14468686], [16.37711799, 48.1475244], [16.37603519, 48.14779179], [16.37453325, 48.14811229], [16.37404694, 48.14816137], [16.37004904, 48.14916385], [16.36895786, 48.14947776], [16.36288525, 48.15096593], [16.36269267, 48.15099044], [16.36198196, 48.15118791], [16.36057012, 48.15144642], [16.35961516, 48.15156902], [16.35902558, 48.15161005], [16.35704594, 48.15165387], [16.35031799, 48.15189178], [16.34917508, 48.15190289], [16.34877253, 48.1517844], [16.34843438, 48.15177454], [16.34827649, 48.15187106], [16.34817153, 48.15189346], [16.34819414, 48.1520003], [16.34760159, 48.15204704], [16.34479652, 48.15251979], [16.34290222, 48.15285384], [16.34115855, 48.15321933], [16.33996591, 48.15365195], [16.33950439, 48.15387455], [16.33892474, 48.15427221], [16.33852396, 48.15461562], [16.33806378, 48.15519777], [16.33691707, 48.15722128], [16.33564538, 48.15927939], [16.33510598, 48.15883224], [16.33478984, 48.15867126], [16.33328835, 48.15755139], [16.33265181, 48.15715441], [16.33146097, 48.15620313], [16.33058529, 48.15540198], [16.33030074, 48.15555935], [16.32974561, 48.15579162], [16.32913389, 48.15599762], [16.32709322, 48.15655038], [16.32425369, 48.15711607], [16.32284341, 48.15728832], [16.32183034, 48.15732786], [16.32146984, 48.15689407], [16.31930163, 48.15661516], [16.31925537, 48.15668943], [16.3191008, 48.15667044], [16.31877997, 48.15786335], [16.31717141, 48.15760885], [16.31660747, 48.15747197], [16.31640625, 48.15749307], [16.31633836, 48.15751518], [16.31651797, 48.15812901], [16.31110411, 48.15887665], [16.31021189, 48.15906702], [16.30871148, 48.15944808], [16.30670165, 48.1597324], [16.30602626, 48.1598575], [16.30527287, 48.16003941], [16.30409433, 48.16040835], [16.30289195, 48.15978109], [16.3010211, 48.15864342], [16.29920893, 48.15750115], [16.29747455, 48.15633865], [16.29281501, 48.15760288], [16.29368109, 48.15912196], [16.29436031, 48.16014762], [16.29511753, 48.16102318], [16.29601032, 48.16183107], [16.29234376, 48.16219208], [16.29160711, 48.16234711], [16.2914503, 48.16196521], [16.29137116, 48.16157279], [16.29123159, 48.1596657], [16.29118318, 48.15814312], [16.28717279, 48.15677054], [16.28738232, 48.15649372], [16.28701031, 48.15636688], [16.28670558, 48.15634334], [16.28684085, 48.15657227], [16.28655556, 48.15678826], [16.28648948, 48.1568779], [16.28631677, 48.15714519], [16.28556251, 48.15860025], [16.28506733, 48.15926859], [16.28463526, 48.15918719], [16.28120864, 48.15876948]]]}}]}