wfs:PARKINFOOGD.3855694,park,d11,parks
wfs:PARKINFOOGD.3855695,park,d11,parks
wfs:PARKINFOOGD.3855696,park,d11,parks
wfs:PARKINFOOGD.3855697,park,d11,parks
wfs:PARKINFOOGD.3855698,park,d11,parks
wfs:PARKINFOOGD.3855699,park,d11,parks
wfs:PARKINFOOGD.3855700,park,d11,parks
wfs:PARKINFOOGD.3855701,park,d11,parks
wfs:PARKINFOOGD.3855702,park,d11,parks
wfs:PARKINFOOGD.3855703,park,d11,parks
wfs:PARKINFOOGD.3855704,park,d11,parks
wfs:PARKINFOOGD.3855705,park,d11,parks
wfs:PARKINFOOGD.3855706,park,d13,parks
wfs:PARKINFOOGD.3855707,park,d15,parks
wfs:PARKINFOOGD.3855708,park,d22,parks
wfs:PARKINFOOGD.3855709,park,d02,parks
wfs:PARKINFOOGD.3855710,park,d02,parks
wfs:PARKINFOOGD.3855711,park,d19,parks
wfs:PARKINFOOGD.3855712,park,d22,parks
wfs:PARKINFOOGD.3855713,park,d03,parks
wfs:PARKINFOOGD.3855714,park,d15,parks
wfs:PARKINFOOGD.3855715,park,d15,parks
wfs:PARKINFOOGD.3855716,park,d15,parks
wfs:PARKINFOOGD.3855717,park,d17,parks
wfs:PARKINFOOGD.3855718,park,d17,parks
wfs:PARKINFOOGD.3855719,park,d17,parks
wfs:PARKINFOOGD.3855720,park,d17,parks
wfs:PARKINFOOGD.3855721,park,d17,parks
wfs:PARKINFOOGD.3855722,park,d17,parks
wfs:PARKINFOOGD.3855723,park,d17,parks
wfs:PARKINFOOGD.3855724,park,d23,parks
wfs:PARKINFOOGD.3855725,park,d23,parks
wfs:PARKINFOOGD.3855726,park,d02,parks
wfs:PARKINFOOGD.3855727,park,d23,parks
wfs:PARKINFOOGD.3855728,park,d23,parks
wfs:PARKINFOOGD.3855729,park,d23,parks
wfs:PARKINFOOGD.3855730,park,d23,parks
wfs:PARKINFOOGD.3855731,park,d23,parks
wfs:PARKINFOOGD.3855732,park,d23,parks
wfs:PARKINFOOGD.3855733,park,d11,parks
wfs:PARKINFOOGD.3855734,park,d23,parks
wfs:PARKINFOOGD.3855735,park,d23,parks
wfs:PARKINFOOGD.3855736,park,d23,parks
wfs:PARKINFOOGD.3855737,park,d23,parks
wfs:PARKINFOOGD.3855738,park,d23,parks
wfs:PARKINFOOGD.3855739,park,d23,parks
wfs:PARKINFOOGD.3855740,park,d23,parks
wfs:PARKINFOOGD.3855741,park,d23,parks
wfs:PARKINFOOGD.3855742,park,d08,parks
wfs:PARKINFOOGD.3855743,park,d08,parks
wfs:PARKINFOOGD.3855744,park,d04,parks
wfs:PARKINFOOGD.3855745,park,d03,parks
wfs:PARKINFOOGD.3855746,park,d03,parks
wfs:PARKINFOOGD.3855747,park,d22,parks
wfs:PARKINFOOGD.3855748,park,d01,parks
wfs:PARKINFOOGD.3855749,park,d01,parks
wfs:PARKINFOOGD.3855750,park,d07,parks
wfs:PARKINFOOGD.3855751,park,d05,parks
wfs:PARKINFOOGD.3855752,park,d08,parks
wfs:PARKINFOOGD.3855753,park,d23,parks
wfs:PARKINFOOGD.3855754,park,d23,parks
wfs:PARKINFOOGD.3855755,park,d22,parks
wfs:PARKINFOOGD.3855756,park,d21,parks
wfs:PARKINFOOGD.3855757,park,d21,parks
wfs:PARKINFOOGD.3855758,park,d19,parks
wfs:PARKINFOOGD.3855759,park,d17,parks
wfs:PARKINFOOGD.3855794,park,d14,parks
wfs:PARKINFOOGD.3855795,park,d14,parks
wfs:PARKINFOOGD.3855796,park,d13,parks
wfs:PARKINFOOGD.3855797,park,d13,parks
wfs:PARKINFOOGD.3855798,park,d13,parks
wfs:PARKINFOOGD.3855799,park,d13,parks
wfs:PARKINFOOGD.3855800,park,d13,parks
wfs:PARKINFOOGD.3855801,park,d02,parks
wfs:PARKINFOOGD.3855802,park,d02,parks
wfs:PARKINFOOGD.3855803,park,d02,parks
wfs:PARKINFOOGD.3855804,park,d14,parks
wfs:PARKINFOOGD.3855805,park,d02,parks
wfs:PARKINFOOGD.3855806,park,d02,parks
wfs:PARKINFOOGD.3855807,park,d11,parks
wfs:PARKINFOOGD.3855808,park,d12,parks
wfs:PARKINFOOGD.3855809,park,d01,parks
wfs:PARKINFOOGD.3855810,park,d02,parks
wfs:PARKINFOOGD.3855811,park,d02,parks
wfs:PARKINFOOGD.3855812,park,d02,parks
wfs:PARKINFOOGD.3855813,park,d02,parks
wfs:PARKINFOOGD.3855814,park,d02,parks
wfs:PARKINFOOGD.3855815,park,d02,parks
wfs:PARKINFOOGD.3855816,park,d11,parks
wfs:PARKINFOOGD.3855817,park,d11,parks
wfs:PARKINFOOGD.3855818,park,d13,parks
wfs:PARKINFOOGD.3855819,park,d13,parks
wfs:PARKINFOOGD.3855820,park,d13,parks
wfs:PARKINFOOGD.3855821,park,d13,parks
wfs:PARKINFOOGD.3855822,park,d12,parks
wfs:PARKINFOOGD.3855823,park,d12,parks
wfs:PARKINFOOGD.3855824,park,d12,parks
wfs:PARKINFOOGD.3855825,park,d12,parks
wfs:PARKINFOOGD.3855826,park,d12,parks
wfs:PARKINFOOGD.3855827,park,d12,parks
wfs:PARKINFOOGD.3855828,park,d12,parks
wfs:PARKINFOOGD.3855829,park,d12,parks
wfs:PARKINFOOGD.3855830,park,d12,parks
wfs:PARKINFOOGD.3855831,park,d12,parks
wfs:PARKINFOOGD.3855832,park,d12,parks
wfs:PARKINFOOGD.3855833,park,d12,parks
wfs:PARKINFOOGD.3855834,park,d13,parks
wfs:PARKINFOOGD.3855835,park,d12,parks
wfs:PARKINFOOGD.3855836,park,d13,parks
wfs:PARKINFOOGD.3855837,park,d13,parks
wfs:PARKINFOOGD.3855838,park,d13,parks
wfs:PARKINFOOGD.3855839,park,d13,parks
wfs:PARKINFOOGD.3855840,park,d13,parks
wfs:PARKINFOOGD.3855841,park,d13,parks
wfs:PARKINFOOGD.3855842,park,d13,parks
wfs:PARKINFOOGD.3855843,park,d13,parks
wfs:PARKINFOOGD.3855844,park,d13,parks
wfs:PARKINFOOGD.3855845,park,d13,parks
wfs:PARKINFOOGD.3855846,park,d13,parks
wfs:PARKINFOOGD.3855847,park,d13,parks
wfs:PARKINFOOGD.3855848,park,d13,parks
wfs:PARKINFOOGD.3855849,park,d13,parks
wfs:PARKINFOOGD.3855850,park,d13,parks
wfs:PARKINFOOGD.3855851,park,d13,parks
wfs:PARKINFOOGD.3855852,park,d13,parks
wfs:PARKINFOOGD.3855853,park,d13,parks
wfs:PARKINFOOGD.3855854,park,d13,parks
wfs:PARKINFOOGD.3855855,park,d13,parks
wfs:PARKINFOOGD.3855856,park,d13,parks
wfs:PARKINFOOGD.3855857,park,d15,parks
wfs:PARKINFOOGD.3855858,park,d14,parks
wfs:PARKINFOOGD.3855859,park,d14,parks
wfs:PARKINFOOGD.3855860,park,d14,parks
wfs:PARKINFOOGD.3855861,park,d14,parks
wfs:PARKINFOOGD.3855862,park,d14,parks
wfs:PARKINFOOGD.3855863,park,d14,parks
wfs:PARKINFOOGD.3855864,park,d14,parks
wfs:PARKINFOOGD.3855865,park,d14,parks
wfs:PARKINFOOGD.3855866,park,d14,parks
wfs:PARKINFOOGD.3855867,park,d15,parks
wfs:PARKINFOOGD.3855868,park,d15,parks
wfs:PARKINFOOGD.3855869,park,d15,parks
wfs:PARKINFOOGD.3855870,park,d20,parks
wfs:PARKINFOOGD.3855871,park,d20,parks
wfs:PARKINFOOGD.3855872,park,d21,parks
wfs:PARKINFOOGD.3855873,park,d21,parks
wfs:PARKINFOOGD.3855874,park,d21,parks
wfs:PARKINFOOGD.3855875,park,d21,parks
wfs:PARKINFOOGD.3855876,park,d21,parks
wfs:PARKINFOOGD.3855877,park,d21,parks
wfs:PARKINFOOGD.3855878,park,d21,parks
wfs:PARKINFOOGD.3855879,park,d21,parks
wfs:PARKINFOOGD.3855880,park,d21,parks
wfs:PARKINFOOGD.3855881,park,d21,parks
wfs:PARKINFOOGD.3855882,park,d21,parks
wfs:PARKINFOOGD.3855883,park,d21,parks
wfs:PARKINFOOGD.3855884,park,d22,parks
wfs:PARKINFOOGD.3855885,park,d22,parks
wfs:PARKINFOOGD.3855886,park,d22,parks
wfs:PARKINFOOGD.3855887,park,d22,parks
wfs:PARKINFOOGD.3855888,park,d22,parks
wfs:PARKINFOOGD.3855889,park,d22,parks
wfs:PARKINFOOGD.3855890,park,d22,parks
wfs:PARKINFOOGD.3855891,park,d22,parks
wfs:PARKINFOOGD.3855892,park,d21,parks
wfs:PARKINFOOGD.3855893,park,d21,parks
wfs:PARKINFOOGD.3855894,park,d21,parks
wfs:PARKINFOOGD.3855895,park,d21,parks
wfs:PARKINFOOGD.3855896,park,d21,parks
wfs:PARKINFOOGD.3855897,park,d21,parks
wfs:PARKINFOOGD.3855898,park,d21,parks
wfs:PARKINFOOGD.3855899,park,d21,parks
wfs:PARKINFOOGD.3855900,park,d21,parks
wfs:PARKINFOOGD.3855901,park,d21,parks
wfs:PARKINFOOGD.3855902,park,d22,parks
wfs:PARKINFOOGD.3855903,park,d22,parks
wfs:PARKINFOOGD.3855904,park,d22,parks
wfs:PARKINFOOGD.3855905,park,d22,parks
wfs:PARKINFOOGD.3855906,park,d22,parks
wfs:PARKINFOOGD.3855907,park,d22,parks
wfs:PARKINFOOGD.3855908,park,d22,parks
wfs:PARKINFOOGD.3855909,park,d22,parks
wfs:PARKINFOOGD.3855910,park,d22,parks
wfs:PARKINFOOGD.3855911,park,d22,parks
wfs:PARKINFOOGD.3855912,park,d22,parks
wfs:PARKINFOOGD.3855913,park,d22,parks
wfs:PARKINFOOGD.3855914,park,d22,parks
wfs:PARKINFOOGD.3855915,park,d22,parks
wfs:PARKINFOOGD.3855916,park,d22,parks
wfs:PARKINFOOGD.3855917,park,d22,parks
wfs:PARKINFOOGD.3855918,park,d23,parks
wfs:PARKINFOOGD.3855919,park,d23,parks
wfs:PARKINFOOGD.3855920,park,d23,parks
wfs:PARKINFOOGD.3855921,park,d23,parks
wfs:PARKINFOOGD.3855922,park,d23,parks
wfs:PARKINFOOGD.3855923,park,d23,parks
wfs:PARKINFOOGD.3855924,park,d23,parks
wfs:PARKINFOOGD.3855925,park,d23,parks
wfs:PARKINFOOGD.3855926,park,d23,parks
wfs:PARKINFOOGD.3855761,park,d14,parks
wfs:PARKINFOOGD.3855762,park,d12,parks
wfs:PARKINFOOGD.3855763,park,d10,parks
wfs:PARKINFOOGD.3855764,park,d10,parks
wfs:PARKINFOOGD.3855765,park,d09,parks
wfs:PARKINFOOGD.3855766,park,d09,parks
wfs:PARKINFOOGD.3855767,park,d08,parks
wfs:PARKINFOOGD.3855768,park,d02,parks
wfs:PARKINFOOGD.3855769,park,d04,parks
wfs:PARKINFOOGD.3855770,park,d02,parks
wfs:PARKINFOOGD.3855771,park,d01,parks
wfs:PARKINFOOGD.3855772,park,d22,parks
wfs:PARKINFOOGD.3855773,park,d22,parks
wfs:PARKINFOOGD.3855774,park,d21,parks
wfs:PARKINFOOGD.3855775,park,d17,parks
wfs:PARKINFOOGD.3855776,park,d23,parks
wfs:PARKINFOOGD.3855777,park,d21,parks
wfs:PARKINFOOGD.3855778,park,d17,parks
wfs:PARKINFOOGD.3855779,park,d13,parks
wfs:PARKINFOOGD.3855780,park,d03,parks
wfs:PARKINFOOGD.3855781,park,d22,parks
wfs:PARKINFOOGD.3855782,park,d12,parks
wfs:PARKINFOOGD.3855783,park,d11,parks
wfs:PARKINFOOGD.3855784,park,d11,parks
wfs:PARKINFOOGD.3855785,park,d11,parks
wfs:PARKINFOOGD.3855786,park,d10,parks
wfs:PARKINFOOGD.3855787,park,d10,parks
wfs:PARKINFOOGD.3855788,park,d10,parks
wfs:PARKINFOOGD.3855789,park,d10,parks
wfs:PARKINFOOGD.3855790,park,d10,parks
wfs:PARKINFOOGD.3855760,park,d14,parks
wfs:PARKINFOOGD.3855791,park,d10,parks
wfs:PARKINFOOGD.3855792,park,d10,parks
wfs:PARKINFOOGD.3855793,park,d09,parks
wfs:PARKINFOOGD.3853743,park,d02,parks
wfs:PARKINFOOGD.3853744,park,d22,parks
wfs:PARKINFOOGD.3855505,park,d09,parks
wfs:PARKINFOOGD.3855506,park,d09,parks
wfs:PARKINFOOGD.3855507,park,d01,parks
wfs:PARKINFOOGD.3855508,park,d07,parks
wfs:PARKINFOOGD.3855509,park,d22,parks
wfs:PARKINFOOGD.3855510,park,d21,parks
wfs:PARKINFOOGD.3855511,park,d21,parks
wfs:PARKINFOOGD.3855512,park,d22,parks
wfs:PARKINFOOGD.3855513,park,d22,parks
wfs:PARKINFOOGD.3855514,park,d12,parks
wfs:PARKINFOOGD.3855515,park,d02,parks
wfs:PARKINFOOGD.3855516,park,d14,parks
wfs:PARKINFOOGD.3855517,park,d14,parks
wfs:PARKINFOOGD.3855518,park,d14,parks
wfs:PARKINFOOGD.3855519,park,d14,parks
wfs:PARKINFOOGD.3855520,park,d02,parks
wfs:PARKINFOOGD.3855521,park,d02,parks
wfs:PARKINFOOGD.3855522,park,d02,parks
wfs:PARKINFOOGD.3855523,park,d01,parks
wfs:PARKINFOOGD.3855524,park,d01,parks
wfs:PARKINFOOGD.3855525,park,d01,parks
wfs:PARKINFOOGD.3855526,park,d01,parks
wfs:PARKINFOOGD.3855527,park,d04,parks
wfs:PARKINFOOGD.3855528,park,d04,parks
wfs:PARKINFOOGD.3855529,park,d04,parks
wfs:PARKINFOOGD.3855530,park,d03,parks
wfs:PARKINFOOGD.3855531,park,d03,parks
wfs:PARKINFOOGD.3855532,park,d03,parks
wfs:PARKINFOOGD.3855533,park,d03,parks
wfs:PARKINFOOGD.3855534,park,d03,parks
wfs:PARKINFOOGD.3855535,park,d03,parks
wfs:PARKINFOOGD.3855536,park,d03,parks
wfs:PARKINFOOGD.3855537,park,d03,parks
wfs:PARKINFOOGD.3855538,park,d03,parks
wfs:PARKINFOOGD.3855539,park,d03,parks
wfs:PARKINFOOGD.3855540,park,d03,parks
wfs:PARKINFOOGD.3855541,park,d03,parks
wfs:PARKINFOOGD.3855542,park,d06,parks
wfs:PARKINFOOGD.3855543,park,d06,parks
wfs:PARKINFOOGD.3855544,park,d06,parks
wfs:PARKINFOOGD.3855545,park,d14,parks
wfs:PARKINFOOGD.3855546,park,d14,parks
wfs:PARKINFOOGD.3855547,park,d14,parks
wfs:PARKINFOOGD.3855548,park,d16,parks
wfs:PARKINFOOGD.3855549,park,d16,parks
wfs:PARKINFOOGD.3855550,park,d16,parks
wfs:PARKINFOOGD.3855551,park,d16,parks
wfs:PARKINFOOGD.3855552,park,d16,parks
wfs:PARKINFOOGD.3855553,park,d16,parks
wfs:PARKINFOOGD.3855554,park,d16,parks
wfs:PARKINFOOGD.3855555,park,d16,parks
wfs:PARKINFOOGD.3855556,park,d15,parks
wfs:PARKINFOOGD.3855557,park,d15,parks
wfs:PARKINFOOGD.3855558,park,d15,parks
wfs:PARKINFOOGD.3855559,park,d15,parks
wfs:PARKINFOOGD.3855560,park,d15,parks
wfs:PARKINFOOGD.3855561,park,d15,parks
wfs:PARKINFOOGD.3855562,park,d15,parks
wfs:PARKINFOOGD.3855563,park,d17,parks
wfs:PARKINFOOGD.3855564,park,d17,parks
wfs:PARKINFOOGD.3855565,park,d16,parks
wfs:PARKINFOOGD.3855566,park,d16,parks
wfs:PARKINFOOGD.3855567,park,d16,parks
wfs:PARKINFOOGD.3855568,park,d15,parks
wfs:PARKINFOOGD.3855569,park,d16,parks
wfs:PARKINFOOGD.3855570,park,d16,parks
wfs:PARKINFOOGD.3855571,park,d12,parks
wfs:PARKINFOOGD.3855572,park,d02,parks
wfs:PARKINFOOGD.3855573,park,d02,parks
wfs:PARKINFOOGD.3855574,park,d21,parks
wfs:PARKINFOOGD.3855575,park,d19,parks
wfs:PARKINFOOGD.3855576,park,d10,parks
wfs:PARKINFOOGD.3855577,park,d15,parks
wfs:PARKINFOOGD.3855578,park,d23,parks
wfs:PARKINFOOGD.3855579,park,d19,parks
wfs:PARKINFOOGD.3855580,park,d19,parks
wfs:PARKINFOOGD.3855581,park,d23,parks
wfs:PARKINFOOGD.3855582,park,d10,parks
wfs:PARKINFOOGD.3855583,park,d13,parks
wfs:PARKINFOOGD.3855584,park,d10,parks
wfs:PARKINFOOGD.3855585,park,d21,parks
wfs:PARKINFOOGD.3855586,park,d21,parks
wfs:PARKINFOOGD.3855587,park,d22,parks
wfs:PARKINFOOGD.3855588,park,d14,parks
wfs:PARKINFOOGD.3855589,park,d14,parks
wfs:PARKINFOOGD.3855590,park,d22,parks
wfs:PARKINFOOGD.3855591,park,d22,parks
wfs:PARKINFOOGD.3855592,park,d05,parks
wfs:PARKINFOOGD.3855593,park,d21,parks
wfs:PARKINFOOGD.3855594,park,d07,parks
wfs:PARKINFOOGD.3855595,park,d22,parks
wfs:PARKINFOOGD.3855596,park,d11,parks
wfs:PARKINFOOGD.3855597,park,d19,parks
wfs:PARKINFOOGD.3855598,park,d14,parks
wfs:PARKINFOOGD.3855599,park,d16,parks
wfs:PARKINFOOGD.3855600,park,d22,parks
wfs:PARKINFOOGD.3855601,park,d15,parks
wfs:PARKINFOOGD.3855602,park,d04,parks
wfs:PARKINFOOGD.3855603,park,d01,parks
wfs:PARKINFOOGD.3855604,park,d23,parks
wfs:PARKINFOOGD.3855605,park,d12,parks
wfs:PARKINFOOGD.3855606,park,d21,parks
wfs:PARKINFOOGD.3855607,park,d02,parks
wfs:PARKINFOOGD.3855608,park,d16,parks
wfs:PARKINFOOGD.3855609,park,d22,parks
wfs:PARKINFOOGD.3855610,park,d19,parks
wfs:PARKINFOOGD.3855611,park,d11,parks
wfs:PARKINFOOGD.3855612,park,d11,parks
wfs:PARKINFOOGD.3855613,park,d10,parks
wfs:PARKINFOOGD.3855614,park,d11,parks
wfs:PARKINFOOGD.3855615,park,d11,parks
wfs:PARKINFOOGD.3855616,park,d09,parks
wfs:PARKINFOOGD.3855617,park,d03,parks
wfs:PARKINFOOGD.3855618,park,d19,parks
wfs:PARKINFOOGD.3855619,park,d21,parks
wfs:PARKINFOOGD.3855620,park,d18,parks
wfs:PARKINFOOGD.3855621,park,d16,parks
wfs:PARKINFOOGD.3855622,park,d19,parks
wfs:PARKINFOOGD.3855623,park,d19,parks
wfs:PARKINFOOGD.3855624,park,d19,parks
wfs:PARKINFOOGD.3855625,park,d19,parks
wfs:PARKINFOOGD.3855626,park,d04,parks
wfs:PARKINFOOGD.3855627,park,d18,parks
wfs:PARKINFOOGD.3855628,park,d18,parks
wfs:PARKINFOOGD.3855629,park,d03,parks
wfs:PARKINFOOGD.3855630,park,d22,parks
wfs:PARKINFOOGD.3855631,park,d22,parks
wfs:PARKINFOOGD.3855632,park,d10,parks
wfs:PARKINFOOGD.3855633,park,d10,parks
wfs:PARKINFOOGD.3855634,park,d04,parks
wfs:PARKINFOOGD.3855635,park,d02,parks
wfs:PARKINFOOGD.3855636,park,d02,parks
wfs:PARKINFOOGD.3855637,park,d02,parks
wfs:PARKINFOOGD.3855638,park,d05,parks
wfs:PARKINFOOGD.3855639,park,d23,parks
wfs:PARKINFOOGD.3855640,park,d02,parks
wfs:PARKINFOOGD.3855641,park,d02,parks
wfs:PARKINFOOGD.3855642,park,d02,parks
wfs:PARKINFOOGD.3855643,park,d02,parks
wfs:PARKINFOOGD.3855644,park,d02,parks
wfs:PARKINFOOGD.3855645,park,d02,parks
wfs:PARKINFOOGD.3855646,park,d05,parks
wfs:PARKINFOOGD.3855647,park,d05,parks
wfs:PARKINFOOGD.3855648,park,d05,parks
wfs:PARKINFOOGD.3855649,park,d05,parks
wfs:PARKINFOOGD.3855650,park,d05,parks
wfs:PARKINFOOGD.3855651,park,d05,parks
wfs:PARKINFOOGD.3855652,park,d05,parks
wfs:PARKINFOOGD.3855653,park,d05,parks
wfs:PARKINFOOGD.3855654,park,d04,parks
wfs:PARKINFOOGD.3855655,park,d10,parks
wfs:PARKINFOOGD.3855656,park,d09,parks
wfs:PARKINFOOGD.3855657,park,d08,parks
wfs:PARKINFOOGD.3855658,park,d08,parks
wfs:PARKINFOOGD.3855659,park,d08,parks
wfs:PARKINFOOGD.3855660,park,d06,parks
wfs:PARKINFOOGD.3855661,park,d06,parks
wfs:PARKINFOOGD.3855662,park,d06,parks
wfs:PARKINFOOGD.3855663,park,d10,parks
wfs:PARKINFOOGD.3855664,park,d10,parks
wfs:PARKINFOOGD.3855665,park,d10,parks
wfs:PARKINFOOGD.3855666,park,d10,parks
wfs:PARKINFOOGD.3855667,park,d10,parks
wfs:PARKINFOOGD.3855668,park,d10,parks
wfs:PARKINFOOGD.3855669,park,d11,parks
wfs:PARKINFOOGD.3855670,park,d11,parks
wfs:PARKINFOOGD.3855671,park,d11,parks
wfs:PARKINFOOGD.3855672,park,d11,parks
wfs:PARKINFOOGD.3855673,park,d11,parks
wfs:PARKINFOOGD.3855674,park,d11,parks
wfs:PARKINFOOGD.3855675,park,d11,parks
wfs:PARKINFOOGD.3855676,park,d10,parks
wfs:PARKINFOOGD.3855677,park,d10,parks
wfs:PARKINFOOGD.3855678,park,d10,parks
wfs:PARKINFOOGD.3855679,park,d10,parks
wfs:PARKINFOOGD.3855680,park,d10,parks
wfs:PARKINFOOGD.3855681,park,d10,parks
wfs:PARKINFOOGD.3855682,park,d10,parks
wfs:PARKINFOOGD.3855683,park,d10,parks
wfs:PARKINFOOGD.3855684,park,d10,parks
wfs:PARKINFOOGD.3855685,park,d10,parks
wfs:PARKINFOOGD.3855686,park,d10,parks
wfs:PARKINFOOGD.3855687,park,d12,parks
wfs:PARKINFOOGD.3855688,park,d12,parks
wfs:PARKINFOOGD.3855689,park,d12,parks
wfs:PARKINFOOGD.3855690,park,d12,parks
wfs:PARKINFOOGD.3855691,park,d12,parks
wfs:PARKINFOOGD.3855692,park,d12,parks
wfs:PARKINFOOGD.3855693,park,d11,parks
wfs:PARKINFOOGD.3856158,park,d10,parks
wfs:PARKINFOOGD.3856159,park,d10,parks
wfs:PARKINFOOGD.3856160,park,d15,parks
wfs:PARKINFOOGD.3856161,park,d23,parks
wfs:PARKINFOOGD.3856162,park,d23,parks
wfs:PARKINFOOGD.3856163,park,d22,parks
wfs:PARKINFOOGD.3856164,park,d09,parks
wfs:PARKINFOOGD.3856165,park,d10,parks
wfs:PARKINFOOGD.3856166,park,d10,parks
wfs:PARKINFOOGD.3856167,park,d12,parks
wfs:PARKINFOOGD.3856168,park,d13,parks
wfs:PARKINFOOGD.3856169,park,d13,parks
wfs:PARKINFOOGD.3856170,park,d13,parks
wfs:PARKINFOOGD.3856171,park,d14,parks
wfs:PARKINFOOGD.3856172,park,d14,parks
wfs:PARKINFOOGD.3856173,park,d21,parks
wfs:PARKINFOOGD.3856174,park,d21,parks
wfs:PARKINFOOGD.3856175,park,d11,parks
wfs:PARKINFOOGD.3856176,park,d21,parks
wfs:PARKINFOOGD.3856177,park,d22,parks
wfs:PARKINFOOGD.3856178,park,d22,parks
wfs:PARKINFOOGD.3856179,park,d22,parks
wfs:PARKINFOOGD.3856180,park,d23,parks
wfs:PARKINFOOGD.3856181,park,d23,parks
wfs:PARKINFOOGD.3856182,park,d12,parks
wfs:PARKINFOOGD.3856183,park,d12,parks
wfs:PARKINFOOGD.3856184,park,d17,parks
wfs:PARKINFOOGD.3856185,park,d21,parks
wfs:PARKINFOOGD.3856186,park,d20,parks
wfs:PARKINFOOGD.3856187,park,d02,parks
wfs:PARKINFOOGD.3856188,park,d02,parks
wfs:PARKINFOOGD.3856189,park,d02,parks
wfs:PARKINFOOGD.3856190,park,d02,parks
wfs:PARKINFOOGD.3856355,park,d10,parks
wfs:PARKINFOOGD.3856356,park,d12,parks
wfs:PARKINFOOGD.3856357,park,d05,parks
wfs:PARKINFOOGD.3856358,park,d03,parks
wfs:PARKINFOOGD.3856359,park,d03,parks
wfs:PARKINFOOGD.3856360,park,d12,parks
wfs:PARKINFOOGD.3856361,park,d15,parks
wfs:PARKINFOOGD.3856362,park,d23,parks
wfs:PARKINFOOGD.3856363,park,d05,parks
wfs:PARKINFOOGD.3856364,park,d01,parks
wfs:PARKINFOOGD.3856365,park,d03,parks
wfs:PARKINFOOGD.3856366,park,d01,parks
wfs:PARKINFOOGD.3856367,park,d14,parks
wfs:PARKINFOOGD.3856368,park,d07,parks
wfs:PARKINFOOGD.3856369,park,d14,parks
wfs:PARKINFOOGD.3856370,park,d16,parks
wfs:PARKINFOOGD.3856371,park,d16,parks
wfs:PARKINFOOGD.3856372,park,d10,parks
wfs:PARKINFOOGD.3856373,park,d10,parks
wfs:PARKINFOOGD.3856374,park,d10,parks
wfs:PARKINFOOGD.3856375,park,d10,parks
wfs:PARKINFOOGD.3856376,park,d22,parks
wfs:PARKINFOOGD.3856377,park,d09,parks
wfs:PARKINFOOGD.3856378,park,d10,parks
wfs:PARKINFOOGD.3856379,park,d18,parks
wfs:PARKINFOOGD.3856380,park,d17,parks
wfs:PARKINFOOGD.3856381,park,d15,parks
wfs:PARKINFOOGD.3856382,park,d17,parks
wfs:PARKINFOOGD.3856383,park,d16,parks
wfs:PARKINFOOGD.3856384,park,d09,parks
wfs:PARKINFOOGD.3856385,park,d07,parks
wfs:PARKINFOOGD.3856418,park,d18,parks
wfs:PARKINFOOGD.3856419,park,d21,parks
wfs:PARKINFOOGD.3856420,park,d16,parks
wfs:PARKINFOOGD.3856421,park,d16,parks
wfs:PARKINFOOGD.3856422,park,d16,parks
wfs:PARKINFOOGD.3856423,park,d22,parks
wfs:PARKINFOOGD.3856424,park,d03,parks
wfs:PARKINFOOGD.3856425,park,d23,parks
wfs:PARKINFOOGD.3856426,park,d09,parks
wfs:PARKINFOOGD.3856427,park,d14,parks
wfs:PARKINFOOGD.3856428,park,d14,parks
wfs:PARKINFOOGD.3856429,park,d23,parks
wfs:PARKINFOOGD.3856430,park,d23,parks
wfs:PARKINFOOGD.3856431,park,d22,parks
wfs:PARKINFOOGD.3856432,park,d21,parks
wfs:PARKINFOOGD.3856433,park,d21,parks
wfs:PARKINFOOGD.3856434,park,d16,parks
wfs:PARKINFOOGD.3856435,park,d07,parks
wfs:PARKINFOOGD.3856436,park,d12,parks
wfs:PARKINFOOGD.3856437,park,d12,parks
wfs:PARKINFOOGD.3856438,park,d22,parks
wfs:PARKINFOOGD.3856439,park,d13,parks
wfs:PARKINFOOGD.3856440,park,d09,parks
wfs:PARKINFOOGD.3856441,park,d09,parks
wfs:PARKINFOOGD.3856442,park,d13,parks
wfs:PARKINFOOGD.3856443,park,d23,parks
wfs:PARKINFOOGD.3856444,park,d14,parks
wfs:PARKINFOOGD.3856445,park,d03,parks
wfs:PARKINFOOGD.3856446,park,d19,parks
wfs:PARKINFOOGD.3856447,park,d15,parks
wfs:PARKINFOOGD.3856448,park,d15,parks
wfs:PARKINFOOGD.3856449,park,d22,parks
wfs:PARKINFOOGD.3856450,park,d08,parks
wfs:PARKINFOOGD.3856451,park,d07,parks
wfs:PARKINFOOGD.3856452,park,d21,parks
wfs:PARKINFOOGD.3856453,park,d23,parks
wfs:PARKINFOOGD.3856454,park,d11,parks
wfs:PARKINFOOGD.3856455,park,d22,parks
wfs:PARKINFOOGD.3856456,park,d22,parks
wfs:PARKINFOOGD.3856457,park,d16,parks
wfs:PARKINFOOGD.3856458,park,d09,parks
wfs:PARKINFOOGD.3856459,park,d16,parks
wfs:PARKINFOOGD.3856460,park,d10,parks
wfs:PARKINFOOGD.3856461,park,d22,parks
wfs:PARKINFOOGD.3856462,park,d10,parks
wfs:PARKINFOOGD.3856463,park,d22,parks
wfs:PARKINFOOGD.3856464,park,d22,parks
wfs:PARKINFOOGD.3856465,park,d18,parks
wfs:PARKINFOOGD.3856466,park,d22,parks
wfs:PARKINFOOGD.3856467,park,d08,parks
wfs:PARKINFOOGD.3856468,park,d01,parks
wfs:PARKINFOOGD.3856469,park,d18,parks
wfs:PARKINFOOGD.3856470,park,d06,parks
wfs:PARKINFOOGD.3856471,park,d09,parks
wfs:PARKINFOOGD.3856472,park,d22,parks
wfs:PARKINFOOGD.3856473,park,d22,parks
wfs:PARKINFOOGD.3856474,park,d22,parks
wfs:PARKINFOOGD.3856475,park,d15,parks
wfs:PARKINFOOGD.3856476,park,d09,parks
wfs:PARKINFOOGD.3856477,park,d04,parks
wfs:PARKINFOOGD.3856478,park,d22,parks
wfs:PARKINFOOGD.3856479,park,d11,parks
wfs:PARKINFOOGD.3856480,park,d22,parks
wfs:PARKINFOOGD.3856481,park,d22,parks
wfs:PARKINFOOGD.3856482,park,d11,parks
wfs:PARKINFOOGD.3856515,park,d22,parks
wfs:PARKINFOOGD.3856516,park,d23,parks
wfs:PARKINFOOGD.3856517,park,d15,parks
wfs:PARKINFOOGD.3856518,park,d16,parks
wfs:PARKINFOOGD.3856519,park,d23,parks
wfs:PARKINFOOGD.3856520,park,d02,parks
wfs:PARKINFOOGD.3856521,park,d02,parks
wfs:PARKINFOOGD.3856522,park,d02,parks
wfs:PARKINFOOGD.3856523,park,d13,parks
wfs:PARKINFOOGD.3856524,park,d03,parks
wfs:PARKINFOOGD.3856525,park,d19,parks
wfs:PARKINFOOGD.3856526,park,d23,parks
wfs:PARKINFOOGD.3856527,park,d05,parks
wfs:PARKINFOOGD.3856528,park,d02,parks
wfs:PARKINFOOGD.3856529,park,d23,parks
wfs:PARKINFOOGD.3856530,park,d07,parks
wfs:PARKINFOOGD.3856531,park,d05,parks
wfs:PARKINFOOGD.3856532,park,d15,parks
wfs:PARKINFOOGD.3856533,park,d22,parks
wfs:PARKINFOOGD.3856534,park,d04,parks
wfs:PARKINFOOGD.3856535,park,d04,parks
wfs:PARKINFOOGD.3856536,park,d23,parks
wfs:PARKINFOOGD.3856537,park,d20,parks
wfs:PARKINFOOGD.3856538,park,d15,parks
wfs:PARKINFOOGD.3856539,park,d09,parks
wfs:PARKINFOOGD.3856540,park,d09,parks
wfs:PARKINFOOGD.3856541,park,d06,parks
wfs:PARKINFOOGD.3856542,park,d02,parks
wfs:PARKINFOOGD.3856543,park,d07,parks
wfs:PARKINFOOGD.3856544,park,d08,parks
wfs:PARKINFOOGD.3856545,park,d02,parks
wfs:PARKINFOOGD.3856546,park,d02,parks
wfs:PARKINFOOGD.3856547,park,d02,parks
wfs:PARKINFOOGD.3856548,park,d02,parks
wfs:PARKINFOOGD.3856549,park,d05,parks
wfs:PARKINFOOGD.3856550,park,d15,parks
wfs:PARKINFOOGD.3856551,park,d05,parks
wfs:PARKINFOOGD.3856552,park,d17,parks
wfs:PARKINFOOGD.3856553,park,d20,parks
wfs:PARKINFOOGD.3856554,park,d03,parks
wfs:PARKINFOOGD.3856555,park,d01,parks
wfs:PARKINFOOGD.3856556,park,d04,parks
wfs:PARKINFOOGD.3856483,park,d23,parks
wfs:PARKINFOOGD.3856484,park,d22,parks
wfs:PARKINFOOGD.3856485,park,d04,parks
wfs:PARKINFOOGD.3856486,park,d03,parks
wfs:PARKINFOOGD.3856487,park,d19,parks
wfs:PARKINFOOGD.3856488,park,d19,parks
wfs:PARKINFOOGD.3856489,park,d19,parks
wfs:PARKINFOOGD.3856490,park,d19,parks
wfs:PARKINFOOGD.3856491,park,d15,parks
wfs:PARKINFOOGD.3856492,park,d22,parks
wfs:PARKINFOOGD.3856493,park,d02,parks
wfs:PARKINFOOGD.3856494,park,d13,parks
wfs:PARKINFOOGD.3856495,park,d07,parks
wfs:PARKINFOOGD.3856496,park,d11,parks
wfs:PARKINFOOGD.3856497,park,d11,parks
wfs:PARKINFOOGD.3856498,park,d14,parks
wfs:PARKINFOOGD.3856499,park,d07,parks
wfs:PARKINFOOGD.3856500,park,d21,parks
wfs:PARKINFOOGD.3856501,park,d05,parks
wfs:PARKINFOOGD.3856502,park,d12,parks
wfs:PARKINFOOGD.3856503,park,d05,parks
wfs:PARKINFOOGD.3856504,park,d05,parks
wfs:PARKINFOOGD.3856505,park,d09,parks
wfs:PARKINFOOGD.3856506,park,d03,parks
wfs:PARKINFOOGD.3856507,park,d03,parks
wfs:PARKINFOOGD.3856508,park,d02,parks
wfs:PARKINFOOGD.3856509,park,d02,parks
wfs:PARKINFOOGD.3856510,park,d02,parks
wfs:PARKINFOOGD.3856511,park,d23,parks
wfs:PARKINFOOGD.3856512,park,d03,parks
wfs:PARKINFOOGD.3856513,park,d04,parks
wfs:PARKINFOOGD.3856514,park,d14,parks
wfs:PARKINFOOGD.3856386,park,d12,parks
wfs:PARKINFOOGD.3856387,park,d08,parks
wfs:PARKINFOOGD.3856388,park,d10,parks
wfs:PARKINFOOGD.3856389,park,d10,parks
wfs:PARKINFOOGD.3856390,park,d15,parks
wfs:PARKINFOOGD.3856391,park,d10,parks
wfs:PARKINFOOGD.3856392,park,d10,parks
wfs:PARKINFOOGD.3856393,park,d19,parks
wfs:PARKINFOOGD.3856394,park,d19,parks
wfs:PARKINFOOGD.3856395,park,d19,parks
wfs:PARKINFOOGD.3856396,park,d01,parks
wfs:PARKINFOOGD.3856397,park,d03,parks
wfs:PARKINFOOGD.3856398,park,d17,parks
wfs:PARKINFOOGD.3856399,park,d23,parks
wfs:PARKINFOOGD.3856400,park,d23,parks
wfs:PARKINFOOGD.3856401,park,d04,parks
wfs:PARKINFOOGD.3856402,park,d10,parks
wfs:PARKINFOOGD.3856403,park,d22,parks
wfs:PARKINFOOGD.3856404,park,d04,parks
wfs:PARKINFOOGD.3856405,park,d22,parks
wfs:PARKINFOOGD.3856406,park,d19,parks
wfs:PARKINFOOGD.3856407,park,d21,parks
wfs:PARKINFOOGD.3856408,park,d21,parks
wfs:PARKINFOOGD.3856409,park,d21,parks
wfs:PARKINFOOGD.3856410,park,d21,parks
wfs:PARKINFOOGD.3856411,park,d21,parks
wfs:PARKINFOOGD.3856412,park,d21,parks
wfs:PARKINFOOGD.3856413,park,d21,parks
wfs:PARKINFOOGD.3856414,park,d21,parks
wfs:PARKINFOOGD.3856415,park,d23,parks
wfs:PARKINFOOGD.3856416,park,d23,parks
wfs:PARKINFOOGD.3856417,park,d22,parks
wfs:PARKINFOOGD.3856191,park,d02,parks
wfs:PARKINFOOGD.3856192,park,d02,parks
wfs:PARKINFOOGD.3856193,park,d02,parks
wfs:PARKINFOOGD.3856194,park,d02,parks
wfs:PARKINFOOGD.3856195,park,d02,parks
wfs:PARKINFOOGD.3856196,park,d02,parks
wfs:PARKINFOOGD.3856197,park,d02,parks
wfs:PARKINFOOGD.3856198,park,d02,parks
wfs:PARKINFOOGD.3856199,park,d02,parks
wfs:PARKINFOOGD.3856200,park,d07,parks
wfs:PARKINFOOGD.3856201,park,d07,parks
wfs:PARKINFOOGD.3856202,park,d07,parks
wfs:PARKINFOOGD.3856203,park,d07,parks
wfs:PARKINFOOGD.3856204,park,d07,parks
wfs:PARKINFOOGD.3856205,park,d08,parks
wfs:PARKINFOOGD.3856206,park,d09,parks
wfs:PARKINFOOGD.3856207,park,d09,parks
wfs:PARKINFOOGD.3856208,park,d10,parks
wfs:PARKINFOOGD.3856209,park,d10,parks
wfs:PARKINFOOGD.3856210,park,d10,parks
wfs:PARKINFOOGD.3856211,park,d10,parks
wfs:PARKINFOOGD.3856212,park,d10,parks
wfs:PARKINFOOGD.3856213,park,d10,parks
wfs:PARKINFOOGD.3856214,park,d10,parks
wfs:PARKINFOOGD.3856215,park,d10,parks
wfs:PARKINFOOGD.3856216,park,d10,parks
wfs:PARKINFOOGD.3856217,park,d15,parks
wfs:PARKINFOOGD.3856218,park,d11,parks
wfs:PARKINFOOGD.3856219,park,d11,parks
wfs:PARKINFOOGD.3856220,park,d15,parks
wfs:PARKINFOOGD.3856221,park,d23,parks
wfs:PARKINFOOGD.3856222,park,d11,parks
wfs:PARKINFOOGD.3856223,park,d13,parks
wfs:PARKINFOOGD.3856224,park,d10,parks
wfs:PARKINFOOGD.3856225,park,d11,parks
wfs:PARKINFOOGD.3856226,park,d23,parks
wfs:PARKINFOOGD.3856227,park,d23,parks
wfs:PARKINFOOGD.3856228,park,d15,parks
wfs:PARKINFOOGD.3856229,park,d15,parks
wfs:PARKINFOOGD.3856230,park,d15,parks
wfs:PARKINFOOGD.3856231,park,d15,parks
wfs:PARKINFOOGD.3856232,park,d15,parks
wfs:PARKINFOOGD.3856233,park,d16,parks
wfs:PARKINFOOGD.3856234,park,d11,parks
wfs:PARKINFOOGD.3856235,park,d12,parks
wfs:PARKINFOOGD.3856236,park,d12,parks
wfs:PARKINFOOGD.3856237,park,d12,parks
wfs:PARKINFOOGD.3856238,park,d13,parks
wfs:PARKINFOOGD.3856239,park,d14,parks
wfs:PARKINFOOGD.3856240,park,d14,parks
wfs:PARKINFOOGD.3856241,park,d15,parks
wfs:PARKINFOOGD.3856242,park,d15,parks
wfs:PARKINFOOGD.3856243,park,d15,parks
wfs:PARKINFOOGD.3856244,park,d15,parks
wfs:PARKINFOOGD.3856245,park,d16,parks
wfs:PARKINFOOGD.3856246,park,d16,parks
wfs:PARKINFOOGD.3856247,park,d17,parks
wfs:PARKINFOOGD.3856248,park,d18,parks
wfs:PARKINFOOGD.3856249,park,d19,parks
wfs:PARKINFOOGD.3856250,park,d19,parks
wfs:PARKINFOOGD.3856251,park,d19,parks
wfs:PARKINFOOGD.3856252,park,d19,parks
wfs:PARKINFOOGD.3856253,park,d19,parks
wfs:PARKINFOOGD.3856254,park,d21,parks
wfs:PARKINFOOGD.3856255,park,d21,parks
wfs:PARKINFOOGD.3856256,park,d21,parks
wfs:PARKINFOOGD.3856257,park,d21,parks
wfs:PARKINFOOGD.3856258,park,d21,parks
wfs:PARKINFOOGD.3856259,park,d21,parks
wfs:PARKINFOOGD.3856260,park,d21,parks
wfs:PARKINFOOGD.3856261,park,d21,parks
wfs:PARKINFOOGD.3856262,park,d21,parks
wfs:PARKINFOOGD.3856263,park,d21,parks
wfs:PARKINFOOGD.3856264,park,d21,parks
wfs:PARKINFOOGD.3856265,park,d21,parks
wfs:PARKINFOOGD.3856266,park,d10,parks
wfs:PARKINFOOGD.3856267,park,d02,parks
wfs:PARKINFOOGD.3856268,park,d22,parks
wfs:PARKINFOOGD.3856269,park,d22,parks
wfs:PARKINFOOGD.3856270,park,d22,parks
wfs:PARKINFOOGD.3856271,park,d22,parks
wfs:PARKINFOOGD.3856272,park,d22,parks
wfs:PARKINFOOGD.3856273,park,d02,parks
wfs:PARKINFOOGD.3856274,park,d21,parks
wfs:PARKINFOOGD.3856275,park,d10,parks
wfs:PARKINFOOGD.3856276,park,d22,parks
wfs:PARKINFOOGD.3856277,park,d22,parks
wfs:PARKINFOOGD.3856278,park,d23,parks
wfs:PARKINFOOGD.3856279,park,d23,parks
wfs:PARKINFOOGD.3856280,park,d02,parks
wfs:PARKINFOOGD.3856281,park,d20,parks
wfs:PARKINFOOGD.3856282,park,d20,parks
wfs:PARKINFOOGD.3856283,park,d19,parks
wfs:PARKINFOOGD.3856284,park,d02,parks
wfs:PARKINFOOGD.3856285,park,d17,parks
wfs:PARKINFOOGD.3856286,park,d06,parks
wfs:PARKINFOOGD.3856287,park,d12,parks
wfs:PARKINFOOGD.3856288,park,d10,parks
wfs:PARKINFOOGD.3856315,park,d09,parks
wfs:PARKINFOOGD.3856316,park,d19,parks
wfs:PARKINFOOGD.3856317,park,d09,parks
wfs:PARKINFOOGD.3856318,park,d07,parks
wfs:PARKINFOOGD.3856319,park,d12,parks
wfs:PARKINFOOGD.3856320,park,d18,parks
wfs:PARKINFOOGD.3856321,park,d02,parks
wfs:PARKINFOOGD.3856289,park,d11,parks
wfs:PARKINFOOGD.3856290,park,d03,parks
wfs:PARKINFOOGD.3856291,park,d12,parks
wfs:PARKINFOOGD.3856292,park,d03,parks
wfs:PARKINFOOGD.3856293,park,d03,parks
wfs:PARKINFOOGD.3856294,park,d03,parks
wfs:PARKINFOOGD.3856295,park,d23,parks
wfs:PARKINFOOGD.3856296,park,d16,parks
wfs:PARKINFOOGD.3856297,park,d10,parks
wfs:PARKINFOOGD.3856298,park,d22,parks
wfs:PARKINFOOGD.3856299,park,d18,parks
wfs:PARKINFOOGD.3856300,park,d17,parks
wfs:PARKINFOOGD.3856301,park,d16,parks
wfs:PARKINFOOGD.3856302,park,d16,parks
wfs:PARKINFOOGD.3856303,park,d16,parks
wfs:PARKINFOOGD.3856304,park,d17,parks
wfs:PARKINFOOGD.3856305,park,d14,parks
wfs:PARKINFOOGD.3856306,park,d02,parks
wfs:PARKINFOOGD.3856307,park,d21,parks
wfs:PARKINFOOGD.3856308,park,d10,parks
wfs:PARKINFOOGD.3856309,park,d10,parks
wfs:PARKINFOOGD.3856310,park,d17,parks
wfs:PARKINFOOGD.3856311,park,d22,parks
wfs:PARKINFOOGD.3856312,park,d07,parks
wfs:PARKINFOOGD.3856313,park,d10,parks
wfs:PARKINFOOGD.3856314,park,d22,parks
wfs:PARKINFOOGD.3856322,park,d10,parks
wfs:PARKINFOOGD.3856323,park,d22,parks
wfs:PARKINFOOGD.3856324,park,d01,parks
wfs:PARKINFOOGD.3856325,park,d12,parks
wfs:PARKINFOOGD.3856326,park,d10,parks
wfs:PARKINFOOGD.3856327,park,d10,parks
wfs:PARKINFOOGD.3856328,park,d14,parks
wfs:PARKINFOOGD.3856329,park,d10,parks
wfs:PARKINFOOGD.3856330,park,d10,parks
wfs:PARKINFOOGD.3856331,park,d10,parks
wfs:PARKINFOOGD.3856332,park,d10,parks
wfs:PARKINFOOGD.3856333,park,d02,parks
wfs:PARKINFOOGD.3856334,park,d19,parks
wfs:PARKINFOOGD.3856335,park,d19,parks
wfs:PARKINFOOGD.3856336,park,d20,parks
wfs:PARKINFOOGD.3856337,park,d20,parks
wfs:PARKINFOOGD.3856338,park,d20,parks
wfs:PARKINFOOGD.3856339,park,d20,parks
wfs:PARKINFOOGD.3856340,park,d20,parks
wfs:PARKINFOOGD.3856341,park,d20,parks
wfs:PARKINFOOGD.3856342,park,d21,parks
wfs:PARKINFOOGD.3856343,park,d21,parks
wfs:PARKINFOOGD.3856344,park,d21,parks
wfs:PARKINFOOGD.3856345,park,d21,parks
wfs:PARKINFOOGD.3856346,park,d10,parks
wfs:PARKINFOOGD.3856347,park,d05,parks
wfs:PARKINFOOGD.3856348,park,d10,parks
wfs:PARKINFOOGD.3856349,park,d11,parks
wfs:PARKINFOOGD.3856350,park,d11,parks
wfs:PARKINFOOGD.3856351,park,d12,parks
wfs:PARKINFOOGD.3856352,park,d12,parks
wfs:PARKINFOOGD.3856353,park,d12,parks
wfs:PARKINFOOGD.3856354,park,d12,parks
wfs:PARKINFOOGD.3856092,park,d10,parks
wfs:PARKINFOOGD.3856093,park,d10,parks
wfs:PARKINFOOGD.3856094,park,d12,parks
wfs:PARKINFOOGD.3856095,park,d11,parks
wfs:PARKINFOOGD.3856096,park,d23,parks
wfs:PARKINFOOGD.3856097,park,d22,parks
wfs:PARKINFOOGD.3856098,park,d12,parks
wfs:PARKINFOOGD.3856099,park,d06,parks
wfs:PARKINFOOGD.3856100,park,d23,parks
wfs:PARKINFOOGD.3856101,park,d11,parks
wfs:PARKINFOOGD.3856102,park,d10,parks
wfs:PARKINFOOGD.3856103,park,d22,parks
wfs:PARKINFOOGD.3856104,park,d02,parks
wfs:PARKINFOOGD.3856105,park,d12,parks
wfs:PARKINFOOGD.3856106,park,d12,parks
wfs:PARKINFOOGD.3856107,park,d14,parks
wfs:PARKINFOOGD.3856108,park,d13,parks
wfs:PARKINFOOGD.3856109,park,d13,parks
wfs:PARKINFOOGD.3856110,park,d14,parks
wfs:PARKINFOOGD.3856111,park,d21,parks
wfs:PARKINFOOGD.3856112,park,d21,parks
wfs:PARKINFOOGD.3856113,park,d21,parks
wfs:PARKINFOOGD.3856114,park,d21,parks
wfs:PARKINFOOGD.3856115,park,d21,parks
wfs:PARKINFOOGD.3856116,park,d22,parks
wfs:PARKINFOOGD.3856117,park,d22,parks
wfs:PARKINFOOGD.3856118,park,d23,parks
wfs:PARKINFOOGD.3856119,park,d23,parks
wfs:PARKINFOOGD.3856120,park,d15,parks
wfs:PARKINFOOGD.3856121,park,d21,parks
wfs:PARKINFOOGD.3856122,park,d22,parks
wfs:PARKINFOOGD.3856123,park,d21,parks
wfs:PARKINFOOGD.3856124,park,d10,parks
wfs:PARKINFOOGD.3856125,park,d18,parks
wfs:PARKINFOOGD.3856126,park,d21,parks
wfs:PARKINFOOGD.3856127,park,d20,parks
wfs:PARKINFOOGD.3856128,park,d20,parks
wfs:PARKINFOOGD.3856129,park,d20,parks
wfs:PARKINFOOGD.3856130,park,d20,parks
wfs:PARKINFOOGD.3856131,park,d01,parks
wfs:PARKINFOOGD.3856132,park,d10,parks
wfs:PARKINFOOGD.3856133,park,d21,parks
wfs:PARKINFOOGD.3856134,park,d01,parks
wfs:PARKINFOOGD.3856135,park,d22,parks
wfs:PARKINFOOGD.3856136,park,d21,parks
wfs:PARKINFOOGD.3856137,park,d01,parks
wfs:PARKINFOOGD.3856138,park,d17,parks
wfs:PARKINFOOGD.3856139,park,d21,parks
wfs:PARKINFOOGD.3856140,park,d07,parks
wfs:PARKINFOOGD.3856141,park,d16,parks
wfs:PARKINFOOGD.3856142,park,d21,parks
wfs:PARKINFOOGD.3856143,park,d11,parks
wfs:PARKINFOOGD.3856144,park,d10,parks
wfs:PARKINFOOGD.3856145,park,d10,parks
wfs:PARKINFOOGD.3856146,park,d01,parks
wfs:PARKINFOOGD.3856147,park,d01,parks
wfs:PARKINFOOGD.3856148,park,d01,parks
wfs:PARKINFOOGD.3856149,park,d01,parks
wfs:PARKINFOOGD.3856150,park,d01,parks
wfs:PARKINFOOGD.3856151,park,d02,parks
wfs:PARKINFOOGD.3856152,park,d02,parks
wfs:PARKINFOOGD.3856153,park,d02,parks
wfs:PARKINFOOGD.3856154,park,d05,parks
wfs:PARKINFOOGD.3856155,park,d05,parks
wfs:PARKINFOOGD.3856156,park,d05,parks
wfs:PARKINFOOGD.3856157,park,d06,parks
wfs:PARKINFOOGD.3855927,park,d23,parks
wfs:PARKINFOOGD.3855928,park,d23,parks
wfs:PARKINFOOGD.3855929,park,d22,parks
wfs:PARKINFOOGD.3855930,park,d22,parks
wfs:PARKINFOOGD.3855931,park,d22,parks
wfs:PARKINFOOGD.3855932,park,d22,parks
wfs:PARKINFOOGD.3855933,park,d22,parks
wfs:PARKINFOOGD.3855934,park,d22,parks
wfs:PARKINFOOGD.3855935,park,d21,parks
wfs:PARKINFOOGD.3855936,park,d21,parks
wfs:PARKINFOOGD.3855937,park,d02,parks
wfs:PARKINFOOGD.3855938,park,d13,parks
wfs:PARKINFOOGD.3855939,park,d13,parks
wfs:PARKINFOOGD.3855940,park,d13,parks
wfs:PARKINFOOGD.3855941,park,d13,parks
wfs:PARKINFOOGD.3855942,park,d12,parks
wfs:PARKINFOOGD.3855943,park,d12,parks
wfs:PARKINFOOGD.3855944,park,d12,parks
wfs:PARKINFOOGD.3855945,park,d12,parks
wfs:PARKINFOOGD.3855946,park,d02,parks
wfs:PARKINFOOGD.3855947,park,d12,parks
wfs:PARKINFOOGD.3855948,park,d12,parks
wfs:PARKINFOOGD.3855949,park,d12,parks
wfs:PARKINFOOGD.3855950,park,d02,parks
wfs:PARKINFOOGD.3855951,park,d19,parks
wfs:PARKINFOOGD.3855952,park,d18,parks
wfs:PARKINFOOGD.3855953,park,d17,parks
wfs:PARKINFOOGD.3855954,park,d17,parks
wfs:PARKINFOOGD.3855955,park,d17,parks
wfs:PARKINFOOGD.3855956,park,d16,parks
wfs:PARKINFOOGD.3855957,park,d16,parks
wfs:PARKINFOOGD.3855958,park,d16,parks
wfs:PARKINFOOGD.3855959,park,d02,parks
wfs:PARKINFOOGD.3855961,park,d15,parks
wfs:PARKINFOOGD.3855962,park,d15,parks
wfs:PARKINFOOGD.3855963,park,d15,parks
wfs:PARKINFOOGD.3855964,park,d14,parks
wfs:PARKINFOOGD.3855965,park,d14,parks
wfs:PARKINFOOGD.3855966,park,d14,parks
wfs:PARKINFOOGD.3855967,park,d14,parks
wfs:PARKINFOOGD.3855968,park,d14,parks
wfs:PARKINFOOGD.3855969,park,d21,parks
wfs:PARKINFOOGD.3855970,park,d21,parks
wfs:PARKINFOOGD.3855971,park,d21,parks
wfs:PARKINFOOGD.3855972,park,d21,parks
wfs:PARKINFOOGD.3855973,park,d02,parks
wfs:PARKINFOOGD.3855974,park,d21,parks
wfs:PARKINFOOGD.3855975,park,d21,parks
wfs:PARKINFOOGD.3855976,park,d20,parks
wfs:PARKINFOOGD.3855977,park,d20,parks
wfs:PARKINFOOGD.3855978,park,d19,parks
wfs:PARKINFOOGD.3855979,park,d19,parks
wfs:PARKINFOOGD.3855980,park,d19,parks
wfs:PARKINFOOGD.3855981,park,d19,parks
wfs:PARKINFOOGD.3855982,park,d19,parks
wfs:PARKINFOOGD.3855983,park,d19,parks
wfs:PARKINFOOGD.3855984,park,d22,parks
wfs:PARKINFOOGD.3855985,park,d22,parks
wfs:PARKINFOOGD.3855986,park,d22,parks
wfs:PARKINFOOGD.3855987,park,d22,parks
wfs:PARKINFOOGD.3855988,park,d22,parks
wfs:PARKINFOOGD.3855989,park,d22,parks
wfs:PARKINFOOGD.3855990,park,d22,parks
wfs:PARKINFOOGD.3855991,park,d22,parks
wfs:PARKINFOOGD.3855992,park,d21,parks
wfs:PARKINFOOGD.3855993,park,d21,parks
wfs:PARKINFOOGD.3855960,park,d16,parks
wfs:PARKINFOOGD.3855994,park,d21,parks
wfs:PARKINFOOGD.3855995,park,d23,parks
wfs:PARKINFOOGD.3855996,park,d21,parks
wfs:PARKINFOOGD.3855997,park,d21,parks
wfs:PARKINFOOGD.3855998,park,d21,parks
wfs:PARKINFOOGD.3855999,park,d22,parks
wfs:PARKINFOOGD.3856000,park,d22,parks
wfs:PARKINFOOGD.3856001,park,d14,parks
wfs:PARKINFOOGD.3856002,park,d13,parks
wfs:PARKINFOOGD.3856003,park,d09,parks
wfs:PARKINFOOGD.3856004,park,d09,parks
wfs:PARKINFOOGD.3856005,park,d05,parks
wfs:PARKINFOOGD.3856006,park,d03,parks
wfs:PARKINFOOGD.3856007,park,d01,parks
wfs:PARKINFOOGD.3856008,park,d22,parks
wfs:PARKINFOOGD.3856009,park,d22,parks
wfs:PARKINFOOGD.3856010,park,d23,parks
wfs:PARKINFOOGD.3856011,park,d23,parks
wfs:PARKINFOOGD.3856012,park,d23,parks
wfs:PARKINFOOGD.3856013,park,d23,parks
wfs:PARKINFOOGD.3856014,park,d13,parks
wfs:PARKINFOOGD.3856015,park,d18,parks
wfs:PARKINFOOGD.3856016,park,d18,parks
wfs:PARKINFOOGD.3856017,park,d18,parks
wfs:PARKINFOOGD.3856018,park,d18,parks
wfs:PARKINFOOGD.3856019,park,d18,parks
wfs:PARKINFOOGD.3856020,park,d18,parks
wfs:PARKINFOOGD.3856021,park,d18,parks
wfs:PARKINFOOGD.3856022,park,d18,parks
wfs:PARKINFOOGD.3856023,park,d17,parks
wfs:PARKINFOOGD.3856024,park,d20,parks
wfs:PARKINFOOGD.3856025,park,d20,parks
wfs:PARKINFOOGD.3856026,park,d20,parks
wfs:PARKINFOOGD.3856027,park,d19,parks
wfs:PARKINFOOGD.3856028,park,d19,parks
wfs:PARKINFOOGD.3856029,park,d19,parks
wfs:PARKINFOOGD.3856030,park,d19,parks
wfs:PARKINFOOGD.3856031,park,d19,parks
wfs:PARKINFOOGD.3856032,park,d19,parks
wfs:PARKINFOOGD.3856033,park,d19,parks
wfs:PARKINFOOGD.3856034,park,d19,parks
wfs:PARKINFOOGD.3856035,park,d19,parks
wfs:PARKINFOOGD.3856036,park,d19,parks
wfs:PARKINFOOGD.3856037,park,d19,parks
wfs:PARKINFOOGD.3856038,park,d19,parks
wfs:PARKINFOOGD.3856039,park,d19,parks
wfs:PARKINFOOGD.3856040,park,d19,parks
wfs:PARKINFOOGD.3856041,park,d19,parks
wfs:PARKINFOOGD.3856042,park,d21,parks
wfs:PARKINFOOGD.3856043,park,d21,parks
wfs:PARKINFOOGD.3856044,park,d21,parks
wfs:PARKINFOOGD.3856045,park,d21,parks
wfs:PARKINFOOGD.3856046,park,d21,parks
wfs:PARKINFOOGD.3856047,park,d21,parks
wfs:PARKINFOOGD.3856048,park,d20,parks
wfs:PARKINFOOGD.3856049,park,d20,parks
wfs:PARKINFOOGD.3856050,park,d20,parks
wfs:PARKINFOOGD.3856051,park,d20,parks
wfs:PARKINFOOGD.3856052,park,d20,parks
wfs:PARKINFOOGD.3856053,park,d20,parks
wfs:PARKINFOOGD.3856054,park,d20,parks
wfs:PARKINFOOGD.3856055,park,d02,parks
wfs:PARKINFOOGD.3856056,park,d22,parks
wfs:PARKINFOOGD.3856057,park,d21,parks
wfs:PARKINFOOGD.3856058,park,d14,parks
wfs:PARKINFOOGD.3856059,park,d06,parks
wfs:PARKINFOOGD.3856060,park,d16,parks
wfs:PARKINFOOGD.3856061,park,d18,parks
wfs:PARKINFOOGD.3856062,park,d19,parks
wfs:PARKINFOOGD.3856063,park,d10,parks
wfs:PARKINFOOGD.3856064,park,d22,parks
wfs:PARKINFOOGD.3856065,park,d23,parks
wfs:PARKINFOOGD.3856066,park,d19,parks
wfs:PARKINFOOGD.3856067,park,d22,parks
wfs:PARKINFOOGD.3856068,park,d14,parks
wfs:PARKINFOOGD.3856069,park,d21,parks
wfs:PARKINFOOGD.3856070,park,d21,parks
wfs:PARKINFOOGD.3856071,park,d11,parks
wfs:PARKINFOOGD.3856072,park,d18,parks
wfs:PARKINFOOGD.3856073,park,d18,parks
wfs:PARKINFOOGD.3856074,park,d19,parks
wfs:PARKINFOOGD.3856075,park,d21,parks
wfs:PARKINFOOGD.3856076,park,d22,parks
wfs:PARKINFOOGD.3856077,park,d14,parks
wfs:PARKINFOOGD.3856078,park,d03,parks
wfs:PARKINFOOGD.3856079,park,d06,parks
wfs:PARKINFOOGD.3856080,park,d14,parks
wfs:PARKINFOOGD.3856081,park,d15,parks
wfs:PARKINFOOGD.3856082,park,d16,parks
wfs:PARKINFOOGD.3856083,park,d19,parks
wfs:PARKINFOOGD.3856084,park,d03,parks
wfs:PARKINFOOGD.3856085,park,d14,parks
wfs:PARKINFOOGD.3856086,park,d02,parks
wfs:PARKINFOOGD.3856087,park,d09,parks
wfs:PARKINFOOGD.3856088,park,d19,parks
wfs:PARKINFOOGD.3856089,park,d22,parks
wfs:PARKINFOOGD.3856090,park,d09,parks
wfs:PARKINFOOGD.3856091,park,d05,parks
wfs:SCHULEOGD.1900662,school,d11,schools
wfs:SCHULEOGD.1900663,school,d04,schools
wfs:SCHULEOGD.1900664,school,d12,schools
wfs:SCHULEOGD.1900665,school,d12,schools
wfs:SCHULEOGD.1900666,school,d12,schools
wfs:SCHULEOGD.1900667,school,d12,schools
wfs:SCHULEOGD.1900668,school,d12,schools
wfs:SCHULEOGD.1900669,school,d12,schools
wfs:SCHULEOGD.1900670,school,d12,schools
wfs:SCHULEOGD.1900671,school,d12,schools
wfs:SCHULEOGD.1900672,school,d12,schools
wfs:SCHULEOGD.1900673,school,d16,schools
wfs:SCHULEOGD.1900674,school,d15,schools
wfs:SCHULEOGD.1900675,school,d14,schools
wfs:SCHULEOGD.1900676,school,d12,schools
wfs:SCHULEOGD.1900677,school,d12,schools
wfs:SCHULEOGD.1900678,school,d12,schools
wfs:SCHULEOGD.1900679,school,d12,schools
wfs:SCHULEOGD.1900680,school,d12,schools
wfs:SCHULEOGD.1900681,school,d12,schools
wfs:SCHULEOGD.1900682,school,d12,schools
wfs:SCHULEOGD.1900885,school,d18,schools
wfs:SCHULEOGD.1900886,school,d18,schools
wfs:SCHULEOGD.1900887,school,d19,schools
wfs:SCHULEOGD.1900888,school,d19,schools
wfs:SCHULEOGD.1900889,school,d19,schools
wfs:SCHULEOGD.1900890,school,d19,schools
wfs:SCHULEOGD.1900891,school,d19,schools
wfs:SCHULEOGD.1900892,school,d19,schools
wfs:SCHULEOGD.1900893,school,d19,schools
wfs:SCHULEOGD.1900894,school,d19,schools
wfs:SCHULEOGD.1900895,school,d19,schools
wfs:SCHULEOGD.1900896,school,d19,schools
wfs:SCHULEOGD.1900897,school,d19,schools
wfs:SCHULEOGD.1900898,school,d19,schools
wfs:SCHULEOGD.1900899,school,d19,schools
wfs:SCHULEOGD.1900900,school,d19,schools
wfs:SCHULEOGD.1900901,school,d19,schools
wfs:SCHULEOGD.1900902,school,d19,schools
wfs:SCHULEOGD.1900903,school,d19,schools
wfs:SCHULEOGD.1900904,school,d19,schools
wfs:SCHULEOGD.1900905,school,d19,schools
wfs:SCHULEOGD.1900906,school,d19,schools
wfs:SCHULEOGD.1900907,school,d19,schools
wfs:SCHULEOGD.1900908,school,d19,schools
wfs:SCHULEOGD.1900909,school,d19,schools
wfs:SCHULEOGD.1900910,school,d19,schools
wfs:SCHULEOGD.1900911,school,d19,schools
wfs:SCHULEOGD.1900912,school,d19,schools
wfs:SCHULEOGD.1900913,school,d19,schools
wfs:SCHULEOGD.1900914,school,d19,schools
wfs:SCHULEOGD.1900915,school,d19,schools
wfs:SCHULEOGD.1900916,school,d19,schools
wfs:SCHULEOGD.1900917,school,d20,schools
wfs:SCHULEOGD.1900918,school,d20,schools
wfs:SCHULEOGD.1900919,school,d20,schools
wfs:SCHULEOGD.1900920,school,d20,schools
wfs:SCHULEOGD.1900921,school,d20,schools
wfs:SCHULEOGD.1900922,school,d20,schools
wfs:SCHULEOGD.1900923,school,d20,schools
wfs:SCHULEOGD.1900924,school,d20,schools
wfs:SCHULEOGD.1900683,school,d12,schools
wfs:SCHULEOGD.1900684,school,d12,schools
wfs:SCHULEOGD.1900685,school,d12,schools
wfs:SCHULEOGD.1900686,school,d12,schools
wfs:SCHULEOGD.1900687,school,d12,schools
wfs:SCHULEOGD.1900688,school,d12,schools
wfs:SCHULEOGD.1900689,school,d12,schools
wfs:SCHULEOGD.1900690,school,d12,schools
wfs:SCHULEOGD.1900691,school,d12,schools
wfs:SCHULEOGD.1900692,school,d12,schools
wfs:SCHULEOGD.1900693,school,d12,schools
wfs:SCHULEOGD.1900694,school,d12,schools
wfs:SCHULEOGD.1900695,school,d13,schools
wfs:SCHULEOGD.1900696,school,d13,schools
wfs:SCHULEOGD.1900697,school,d13,schools
wfs:SCHULEOGD.1900698,school,d13,schools
wfs:SCHULEOGD.1900699,school,d13,schools
wfs:SCHULEOGD.1900700,school,d13,schools
wfs:SCHULEOGD.1900701,school,d23,schools
wfs:SCHULEOGD.1900702,school,d13,schools
wfs:SCHULEOGD.1900703,school,d13,schools
wfs:SCHULEOGD.1900704,school,d13,schools
wfs:SCHULEOGD.1900705,school,d13,schools
wfs:SCHULEOGD.1900706,school,d13,schools
wfs:SCHULEOGD.1900707,school,d13,schools
wfs:SCHULEOGD.1900708,school,d13,schools
wfs:SCHULEOGD.1900709,school,d13,schools
wfs:SCHULEOGD.1900710,school,d13,schools
wfs:SCHULEOGD.1900711,school,d13,schools
wfs:SCHULEOGD.1900712,school,d13,schools
wfs:SCHULEOGD.1900713,school,d13,schools
wfs:SCHULEOGD.1900714,school,d13,schools
wfs:SCHULEOGD.1900715,school,d13,schools
wfs:SCHULEOGD.1900716,school,d13,schools
wfs:SCHULEOGD.1900717,school,d13,schools
wfs:SCHULEOGD.1900718,school,d13,schools
wfs:SCHULEOGD.1900719,school,d13,schools
wfs:SCHULEOGD.1900720,school,d13,schools
wfs:SCHULEOGD.1900721,school,d13,schools
wfs:SCHULEOGD.1900722,school,d13,schools
wfs:SCHULEOGD.1900723,school,d13,schools
wfs:SCHULEOGD.1900724,school,d13,schools
wfs:SCHULEOGD.1900725,school,d13,schools
wfs:SCHULEOGD.1900726,school,d14,schools
wfs:SCHULEOGD.1900727,school,d14,schools
wfs:SCHULEOGD.1900728,school,d14,schools
wfs:SCHULEOGD.1900729,school,d15,schools
wfs:SCHULEOGD.1900730,school,d14,schools
wfs:SCHULEOGD.1900731,school,d19,schools
wfs:SCHULEOGD.1900732,school,d14,schools
wfs:SCHULEOGD.1900733,school,d14,schools
wfs:SCHULEOGD.1900734,school,d14,schools
wfs:SCHULEOGD.1900735,school,d14,schools
wfs:SCHULEOGD.1900736,school,d14,schools
wfs:SCHULEOGD.1900737,school,d14,schools
wfs:SCHULEOGD.1900738,school,d14,schools
wfs:SCHULEOGD.1900739,school,d14,schools
wfs:SCHULEOGD.1900740,school,d14,schools
wfs:SCHULEOGD.1900753,school,d14,schools
wfs:SCHULEOGD.1900754,school,d14,schools
wfs:SCHULEOGD.1900755,school,d14,schools
wfs:SCHULEOGD.1900756,school,d14,schools
wfs:SCHULEOGD.1900757,school,d14,schools
wfs:SCHULEOGD.1900758,school,d14,schools
wfs:SCHULEOGD.1900741,school,d14,schools
wfs:SCHULEOGD.1900742,school,d14,schools
wfs:SCHULEOGD.1900743,school,d14,schools
wfs:SCHULEOGD.1900744,school,d14,schools
wfs:SCHULEOGD.1900745,school,d14,schools
wfs:SCHULEOGD.1900746,school,d14,schools
wfs:SCHULEOGD.1900747,school,d14,schools
wfs:SCHULEOGD.1900748,school,d14,schools
wfs:SCHULEOGD.1900749,school,d14,schools
wfs:SCHULEOGD.1900750,school,d14,schools
wfs:SCHULEOGD.1900751,school,d14,schools
wfs:SCHULEOGD.1900752,school,d14,schools
wfs:SCHULEOGD.1900759,school,d14,schools
wfs:SCHULEOGD.1900760,school,d15,schools
wfs:SCHULEOGD.1900761,school,d15,schools
wfs:SCHULEOGD.1900762,school,d15,schools
wfs:SCHULEOGD.1900763,school,d17,schools
wfs:SCHULEOGD.1900764,school,d15,schools
wfs:SCHULEOGD.1900765,school,d15,schools
wfs:SCHULEOGD.1900766,school,d15,schools
wfs:SCHULEOGD.1900767,school,d15,schools
wfs:SCHULEOGD.1900768,school,d15,schools
wfs:SCHULEOGD.1900769,school,d15,schools
wfs:SCHULEOGD.1900770,school,d15,schools
wfs:SCHULEOGD.1900771,school,d15,schools
wfs:SCHULEOGD.1900772,school,d15,schools
wfs:SCHULEOGD.1900773,school,d15,schools
wfs:SCHULEOGD.1900774,school,d15,schools
wfs:SCHULEOGD.1900775,school,d15,schools
wfs:SCHULEOGD.1900776,school,d15,schools
wfs:SCHULEOGD.1900777,school,d15,schools
wfs:SCHULEOGD.1900778,school,d15,schools
wfs:SCHULEOGD.1900779,school,d15,schools
wfs:SCHULEOGD.1900780,school,d15,schools
wfs:SCHULEOGD.1900782,school,d15,schools
wfs:SCHULEOGD.1900783,school,d15,schools
wfs:SCHULEOGD.1900784,school,d15,schools
wfs:SCHULEOGD.1900785,school,d15,schools
wfs:SCHULEOGD.1900786,school,d15,schools
wfs:SCHULEOGD.1900787,school,d15,schools
wfs:SCHULEOGD.1900788,school,d15,schools
wfs:SCHULEOGD.1900789,school,d15,schools
wfs:SCHULEOGD.1900790,school,d15,schools
wfs:SCHULEOGD.1900791,school,d15,schools
wfs:SCHULEOGD.1900792,school,d15,schools
wfs:SCHULEOGD.1900793,school,d15,schools
wfs:SCHULEOGD.1900794,school,d15,schools
wfs:SCHULEOGD.1900795,school,d16,schools
wfs:SCHULEOGD.1900796,school,d16,schools
wfs:SCHULEOGD.1900797,school,d16,schools
wfs:SCHULEOGD.1900798,school,d16,schools
wfs:SCHULEOGD.1900799,school,d16,schools
wfs:SCHULEOGD.1900800,school,d16,schools
wfs:SCHULEOGD.1900781,school,d15,schools
wfs:SCHULEOGD.1900801,school,d16,schools
wfs:SCHULEOGD.1900802,school,d16,schools
wfs:SCHULEOGD.1900803,school,d16,schools
wfs:SCHULEOGD.1900804,school,d16,schools
wfs:SCHULEOGD.1900805,school,d16,schools
wfs:SCHULEOGD.1900806,school,d16,schools
wfs:SCHULEOGD.1900807,school,d16,schools
wfs:SCHULEOGD.1900808,school,d16,schools
wfs:SCHULEOGD.1900809,school,d16,schools
wfs:SCHULEOGD.1900810,school,d16,schools
wfs:SCHULEOGD.1900811,school,d16,schools
wfs:SCHULEOGD.1900812,school,d16,schools
wfs:SCHULEOGD.1900813,school,d16,schools
wfs:SCHULEOGD.1900814,school,d16,schools
wfs:SCHULEOGD.1900815,school,d16,schools
wfs:SCHULEOGD.1900816,school,d17,schools
wfs:SCHULEOGD.1900817,school,d17,schools
wfs:SCHULEOGD.1900818,school,d17,schools
wfs:SCHULEOGD.1900819,school,d17,schools
wfs:SCHULEOGD.1900820,school,d17,schools
wfs:SCHULEOGD.1900821,school,d17,schools
wfs:SCHULEOGD.1900822,school,d17,schools
wfs:SCHULEOGD.1900823,school,d17,schools
wfs:SCHULEOGD.1900824,school,d17,schools
wfs:SCHULEOGD.1900825,school,d22,schools
wfs:SCHULEOGD.1900826,school,d13,schools
wfs:SCHULEOGD.1900827,school,d03,schools
wfs:SCHULEOGD.1900828,school,d09,schools
wfs:SCHULEOGD.1900829,school,d09,schools
wfs:SCHULEOGD.1900830,school,d09,schools
wfs:SCHULEOGD.1900831,school,d09,schools
wfs:SCHULEOGD.1900832,school,d10,schools
wfs:SCHULEOGD.1900833,school,d12,schools
wfs:SCHULEOGD.1900834,school,d13,schools
wfs:SCHULEOGD.1900835,school,d14,schools
wfs:SCHULEOGD.1900836,school,d16,schools
wfs:SCHULEOGD.1900837,school,d20,schools
wfs:SCHULEOGD.1900838,school,d23,schools
wfs:SCHULEOGD.1900839,school,d09,schools
wfs:SCHULEOGD.1900840,school,d21,schools
wfs:SCHULEOGD.1900841,school,d17,schools
wfs:SCHULEOGD.1900842,school,d17,schools
wfs:SCHULEOGD.1900843,school,d17,schools
wfs:SCHULEOGD.1900844,school,d17,schools
wfs:SCHULEOGD.1900845,school,d17,schools
wfs:SCHULEOGD.1900846,school,d17,schools
wfs:SCHULEOGD.1900847,school,d17,schools
wfs:SCHULEOGD.1900848,school,d17,schools
wfs:SCHULEOGD.1900849,school,d18,schools
wfs:SCHULEOGD.1900850,school,d18,schools
wfs:SCHULEOGD.1900851,school,d09,schools
wfs:SCHULEOGD.1900852,school,d18,schools
wfs:SCHULEOGD.1900853,school,d19,schools
wfs:SCHULEOGD.1900854,school,d07,schools
wfs:SCHULEOGD.1900855,school,d18,schools
wfs:SCHULEOGD.1900856,school,d18,schools
wfs:SCHULEOGD.1900857,school,d18,schools
wfs:SCHULEOGD.1900858,school,d18,schools
wfs:SCHULEOGD.1900859,school,d18,schools
wfs:SCHULEOGD.1900860,school,d18,schools
wfs:SCHULEOGD.1900861,school,d18,schools
wfs:SCHULEOGD.1900862,school,d18,schools
wfs:SCHULEOGD.1900863,school,d18,schools
wfs:SCHULEOGD.1900864,school,d18,schools
wfs:SCHULEOGD.1900865,school,d18,schools
wfs:SCHULEOGD.1900866,school,d18,schools
wfs:SCHULEOGD.1900867,school,d18,schools
wfs:SCHULEOGD.1900868,school,d18,schools
wfs:SCHULEOGD.1900869,school,d18,schools
wfs:SCHULEOGD.1900870,school,d18,schools
wfs:SCHULEOGD.1900871,school,d18,schools
wfs:SCHULEOGD.1900872,school,d18,schools
wfs:SCHULEOGD.1900873,school,d18,schools
wfs:SCHULEOGD.1900874,school,d18,schools
wfs:SCHULEOGD.1900875,school,d18,schools
wfs:SCHULEOGD.1900876,school,d18,schools
wfs:SCHULEOGD.1900877,school,d18,schools
wfs:SCHULEOGD.1900878,school,d18,schools
wfs:SCHULEOGD.1900879,school,d18,schools
wfs:SCHULEOGD.1900880,school,d18,schools
wfs:SCHULEOGD.1900881,school,d18,schools
wfs:SCHULEOGD.1900882,school,d18,schools
wfs:SCHULEOGD.1900883,school,d18,schools
wfs:SCHULEOGD.1900884,school,d18,schools
wfs:SCHULEOGD.1901169,school,d11,schools
wfs:SCHULEOGD.1901170,school,d03,schools
wfs:SCHULEOGD.1901171,school,d08,schools
wfs:SCHULEOGD.1901172,school,d10,schools
wfs:SCHULEOGD.1901173,school,d21,schools
wfs:SCHULEOGD.1901174,school,d21,schools
wfs:SCHULEOGD.1901175,school,d23,schools
wfs:SCHULEOGD.1901176,school,d05,schools
wfs:SCHULEOGD.1901177,school,d11,schools
wfs:SCHULEOGD.1901178,school,d21,schools
wfs:SCHULEOGD.1901179,school,d22,schools
wfs:SCHULEOGD.1901180,school,d02,schools
wfs:SCHULEOGD.1901181,school,d15,schools
wfs:SCHULEOGD.1901182,school,d15,schools
wfs:SCHULEOGD.1901183,school,d13,schools
wfs:SCHULEOGD.1901184,school,d09,schools
wfs:SCHULEOGD.1901185,school,d11,schools
wfs:SCHULEOGD.1901186,school,d11,schools
wfs:SCHULEOGD.1901187,school,d03,schools
wfs:SCHULEOGD.1901188,school,d17,schools
wfs:SCHULEOGD.1901189,school,d22,schools
wfs:SCHULEOGD.1901190,school,d22,schools
wfs:SCHULEOGD.1900925,school,d20,schools
wfs:SCHULEOGD.1900926,school,d20,schools
wfs:SCHULEOGD.1900927,school,d04,schools
wfs:SCHULEOGD.1900928,school,d20,schools
wfs:SCHULEOGD.1900929,school,d20,schools
wfs:SCHULEOGD.1900930,school,d20,schools
wfs:SCHULEOGD.1900931,school,d20,schools
wfs:SCHULEOGD.1900932,school,d20,schools
wfs:SCHULEOGD.1900933,school,d20,schools
wfs:SCHULEOGD.1900934,school,d20,schools
wfs:SCHULEOGD.1900935,school,d20,schools
wfs:SCHULEOGD.1900936,school,d20,schools
wfs:SCHULEOGD.1900937,school,d20,schools
wfs:SCHULEOGD.1900938,school,d20,schools
wfs:SCHULEOGD.1900939,school,d20,schools
wfs:SCHULEOGD.1900940,school,d20,schools
wfs:SCHULEOGD.1900941,school,d21,schools
wfs:SCHULEOGD.1900942,school,d21,schools
wfs:SCHULEOGD.1900943,school,d21,schools
wfs:SCHULEOGD.1900944,school,d21,schools
wfs:SCHULEOGD.1900945,school,d21,schools
wfs:SCHULEOGD.1900946,school,d21,schools
wfs:SCHULEOGD.1900947,school,d21,schools
wfs:SCHULEOGD.1900948,school,d21,schools
wfs:SCHULEOGD.1900949,school,d21,schools
wfs:SCHULEOGD.1900950,school,d21,schools
wfs:SCHULEOGD.1900951,school,d21,schools
wfs:SCHULEOGD.1900952,school,d21,schools
wfs:SCHULEOGD.1900953,school,d21,schools
wfs:SCHULEOGD.1900954,school,d22,schools
wfs:SCHULEOGD.1900955,school,d21,schools
wfs:SCHULEOGD.1900956,school,d21,schools
wfs:SCHULEOGD.1900957,school,d21,schools
wfs:SCHULEOGD.1900958,school,d21,schools
wfs:SCHULEOGD.1900959,school,d21,schools
wfs:SCHULEOGD.1900960,school,d21,schools
wfs:SCHULEOGD.1900961,school,d21,schools
wfs:SCHULEOGD.1900962,school,d19,schools
wfs:SCHULEOGD.1900963,school,d21,schools
wfs:SCHULEOGD.1900964,school,d20,schools
wfs:SCHULEOGD.1900965,school,d21,schools
wfs:SCHULEOGD.1900966,school,d21,schools
wfs:SCHULEOGD.1900967,school,d21,schools
wfs:SCHULEOGD.1900968,school,d21,schools
wfs:SCHULEOGD.1900969,school,d21,schools
wfs:SCHULEOGD.1900970,school,d21,schools
wfs:SCHULEOGD.1900971,school,d21,schools
wfs:SCHULEOGD.1900972,school,d21,schools
wfs:SCHULEOGD.1900973,school,d21,schools
wfs:SCHULEOGD.1900974,school,d21,schools
wfs:SCHULEOGD.1900975,school,d21,schools
wfs:SCHULEOGD.1900976,school,d21,schools
wfs:SCHULEOGD.1900977,school,d15,schools
wfs:SCHULEOGD.1900978,school,d21,schools
wfs:SCHULEOGD.1900979,school,d21,schools
wfs:SCHULEOGD.1900980,school,d21,schools
wfs:SCHULEOGD.1900981,school,d21,schools
wfs:SCHULEOGD.1900982,school,d21,schools
wfs:SCHULEOGD.1900983,school,d21,schools
wfs:SCHULEOGD.1900984,school,d21,schools
wfs:SCHULEOGD.1900985,school,d21,schools
wfs:SCHULEOGD.1900986,school,d21,schools
wfs:SCHULEOGD.1900987,school,d21,schools
wfs:SCHULEOGD.1900988,school,d21,schools
wfs:SCHULEOGD.1900989,school,d21,schools
wfs:SCHULEOGD.1900990,school,d21,schools
wfs:SCHULEOGD.1900991,school,d21,schools
wfs:SCHULEOGD.1900992,school,d21,schools
wfs:SCHULEOGD.1900993,school,d21,schools
wfs:SCHULEOGD.1900994,school,d21,schools
wfs:SCHULEOGD.1900995,school,d21,schools
wfs:SCHULEOGD.1900996,school,d21,schools
wfs:SCHULEOGD.1900997,school,d21,schools
wfs:SCHULEOGD.1900998,school,d21,schools
wfs:SCHULEOGD.1900999,school,d21,schools
wfs:SCHULEOGD.1901000,school,d21,schools
wfs:SCHULEOGD.1901001,school,d21,schools
wfs:SCHULEOGD.1901002,school,d21,schools
wfs:SCHULEOGD.1901003,school,d21,schools
wfs:SCHULEOGD.1901004,school,d21,schools
wfs:SCHULEOGD.1901005,school,d21,schools
wfs:SCHULEOGD.1901006,school,d21,schools
wfs:SCHULEOGD.1901007,school,d21,schools
wfs:SCHULEOGD.1901008,school,d21,schools
wfs:SCHULEOGD.1901009,school,d21,schools
wfs:SCHULEOGD.1901010,school,d22,schools
wfs:SCHULEOGD.1901011,school,d22,schools
wfs:SCHULEOGD.1901012,school,d22,schools
wfs:SCHULEOGD.1901013,school,d22,schools
wfs:SCHULEOGD.1901014,school,d22,schools
wfs:SCHULEOGD.1901015,school,d22,schools
wfs:SCHULEOGD.1901016,school,d22,schools
wfs:SCHULEOGD.1901017,school,d22,schools
wfs:SCHULEOGD.1901018,school,d22,schools
wfs:SCHULEOGD.1901019,school,d22,schools
wfs:SCHULEOGD.1901020,school,d22,schools
wfs:SCHULEOGD.1901021,school,d22,schools
wfs:SCHULEOGD.1901022,school,d22,schools
wfs:SCHULEOGD.1901023,school,d22,schools
wfs:SCHULEOGD.1901024,school,d07,schools
wfs:SCHULEOGD.1901025,school,d22,schools
wfs:SCHULEOGD.1901026,school,d22,schools
wfs:SCHULEOGD.1901027,school,d22,schools
wfs:SCHULEOGD.1901028,school,d22,schools
wfs:SCHULEOGD.1901029,school,d22,schools
wfs:SCHULEOGD.1901030,school,d22,schools
wfs:SCHULEOGD.1901031,school,d22,schools
wfs:SCHULEOGD.1901032,school,d20,schools
wfs:SCHULEOGD.1901033,school,d20,schools
wfs:SCHULEOGD.1901034,school,d22,schools
wfs:SCHULEOGD.1901035,school,d22,schools
wfs:SCHULEOGD.1901036,school,d22,schools
wfs:SCHULEOGD.1901037,school,d22,schools
wfs:SCHULEOGD.1901038,school,d22,schools
wfs:SCHULEOGD.1901039,school,d22,schools
wfs:SCHULEOGD.1901040,school,d22,schools
wfs:SCHULEOGD.1901041,school,d22,schools
wfs:SCHULEOGD.1901042,school,d22,schools
wfs:SCHULEOGD.1901043,school,d22,schools
wfs:SCHULEOGD.1901044,school,d22,schools
wfs:SCHULEOGD.1901045,school,d22,schools
wfs:SCHULEOGD.1901046,school,d22,schools
wfs:SCHULEOGD.1901047,school,d22,schools
wfs:SCHULEOGD.1901048,school,d22,schools
wfs:SCHULEOGD.1901049,school,d22,schools
wfs:SCHULEOGD.1901050,school,d22,schools
wfs:SCHULEOGD.1901051,school,d22,schools
wfs:SCHULEOGD.1901052,school,d22,schools
wfs:SCHULEOGD.1901053,school,d22,schools
wfs:SCHULEOGD.1901054,school,d22,schools
wfs:SCHULEOGD.1901055,school,d22,schools
wfs:SCHULEOGD.1901056,school,d22,schools
wfs:SCHULEOGD.1901057,school,d22,schools
wfs:SCHULEOGD.1901058,school,d22,schools
wfs:SCHULEOGD.1901059,school,d22,schools
wfs:SCHULEOGD.1901060,school,d22,schools
wfs:SCHULEOGD.1901061,school,d22,schools
wfs:SCHULEOGD.1901062,school,d22,schools
wfs:SCHULEOGD.1901063,school,d22,schools
wfs:SCHULEOGD.1901064,school,d22,schools
wfs:SCHULEOGD.1901065,school,d22,schools
wfs:SCHULEOGD.1901066,school,d22,schools
wfs:SCHULEOGD.1901067,school,d22,schools
wfs:SCHULEOGD.1901068,school,d22,schools
wfs:SCHULEOGD.1901069,school,d22,schools
wfs:SCHULEOGD.1901070,school,d22,schools
wfs:SCHULEOGD.1901071,school,d22,schools
wfs:SCHULEOGD.1901072,school,d22,schools
wfs:SCHULEOGD.1901073,school,d22,schools
wfs:SCHULEOGD.1901074,school,d22,schools
wfs:SCHULEOGD.1901075,school,d22,schools
wfs:SCHULEOGD.1901076,school,d22,schools
wfs:SCHULEOGD.1901077,school,d22,schools
wfs:SCHULEOGD.1901078,school,d22,schools
wfs:SCHULEOGD.1901079,school,d22,schools
wfs:SCHULEOGD.1901080,school,d22,schools
wfs:SCHULEOGD.1901081,school,d22,schools
wfs:SCHULEOGD.1901082,school,d23,schools
wfs:SCHULEOGD.1901083,school,d23,schools
wfs:SCHULEOGD.1901084,school,d23,schools
wfs:SCHULEOGD.1901085,school,d23,schools
wfs:SCHULEOGD.1901086,school,d23,schools
wfs:SCHULEOGD.1901087,school,d23,schools
wfs:SCHULEOGD.1901088,school,d23,schools
wfs:SCHULEOGD.1901089,school,d23,schools
wfs:SCHULEOGD.1901090,school,d23,schools
wfs:SCHULEOGD.1901091,school,d23,schools
wfs:SCHULEOGD.1901092,school,d23,schools
wfs:SCHULEOGD.1901093,school,d23,schools
wfs:SCHULEOGD.1901094,school,d23,schools
wfs:SCHULEOGD.1901095,school,d23,schools
wfs:SCHULEOGD.1901096,school,d23,schools
wfs:SCHULEOGD.1901097,school,d23,schools
wfs:SCHULEOGD.1901098,school,d23,schools
wfs:SCHULEOGD.1901099,school,d23,schools
wfs:SCHULEOGD.1901100,school,d23,schools
wfs:SCHULEOGD.1901101,school,d23,schools
wfs:SCHULEOGD.1901102,school,d23,schools
wfs:SCHULEOGD.1901103,school,d23,schools
wfs:SCHULEOGD.1901104,school,d23,schools
wfs:SCHULEOGD.1901105,school,d23,schools
wfs:SCHULEOGD.1901106,school,d23,schools
wfs:SCHULEOGD.1901107,school,d23,schools
wfs:SCHULEOGD.1901108,school,d23,schools
wfs:SCHULEOGD.1901109,school,d23,schools
wfs:SCHULEOGD.1901110,school,d23,schools
wfs:SCHULEOGD.1901111,school,d23,schools
wfs:SCHULEOGD.1901112,school,d23,schools
wfs:SCHULEOGD.1901113,school,d23,schools
wfs:SCHULEOGD.1901114,school,d23,schools
wfs:SCHULEOGD.1901115,school,d23,schools
wfs:SCHULEOGD.1901116,school,d23,schools
wfs:SCHULEOGD.1901117,school,d23,schools
wfs:SCHULEOGD.1901118,school,d23,schools
wfs:SCHULEOGD.1901119,school,d23,schools
wfs:SCHULEOGD.1901120,school,d23,schools
wfs:SCHULEOGD.1901121,school,d23,schools
wfs:SCHULEOGD.1901122,school,d23,schools
wfs:SCHULEOGD.1901123,school,d23,schools
wfs:SCHULEOGD.1901124,school,d23,schools
wfs:SCHULEOGD.1901125,school,d23,schools
wfs:SCHULEOGD.1901126,school,d10,schools
wfs:SCHULEOGD.1901127,school,d06,schools
wfs:SCHULEOGD.1901128,school,d07,schools
wfs:SCHULEOGD.1901129,school,d10,schools
wfs:SCHULEOGD.1901130,school,d02,schools
wfs:SCHULEOGD.1901131,school,d12,schools
wfs:SCHULEOGD.1901132,school,d09,schools
wfs:SCHULEOGD.1901133,school,d10,schools
wfs:SCHULEOGD.1901134,school,d14,schools
wfs:SCHULEOGD.1901135,school,d19,schools
wfs:SCHULEOGD.1901136,school,d10,schools
wfs:SCHULEOGD.1901137,school,d17,schools
wfs:SCHULEOGD.1901138,school,d23,schools
wfs:SCHULEOGD.1901139,school,d16,schools
wfs:SCHULEOGD.1901140,school,d02,schools
wfs:SCHULEOGD.1901141,school,d20,schools
wfs:SCHULEOGD.1901142,school,d08,schools
wfs:SCHULEOGD.1901143,school,d12,schools
wfs:SCHULEOGD.1901144,school,d04,schools
wfs:SCHULEOGD.1901145,school,d17,schools
wfs:SCHULEOGD.1901146,school,d20,schools
wfs:SCHULEOGD.1901147,school,d11,schools
wfs:SCHULEOGD.1901148,school,d12,schools
wfs:SCHULEOGD.1901149,school,d06,schools
wfs:SCHULEOGD.1901150,school,d21,schools
wfs:SCHULEOGD.1901151,school,d22,schools
wfs:SCHULEOGD.1901152,school,d22,schools
wfs:SCHULEOGD.1901153,school,d10,schools
wfs:SCHULEOGD.1901154,school,d23,schools
wfs:SCHULEOGD.1901155,school,d21,schools
wfs:SCHULEOGD.1901156,school,d21,schools
wfs:SCHULEOGD.1901157,school,d14,schools
wfs:SCHULEOGD.1901158,school,d11,schools
wfs:SCHULEOGD.1901159,school,d13,schools
wfs:SCHULEOGD.1901160,school,d23,schools
wfs:SCHULEOGD.1901161,school,d10,schools
wfs:SCHULEOGD.1901162,school,d19,schools
wfs:SCHULEOGD.1901163,school,d15,schools
wfs:SCHULEOGD.1901164,school,d03,schools
wfs:SCHULEOGD.1901165,school,d02,schools
wfs:SCHULEOGD.1901166,school,d10,schools
wfs:SCHULEOGD.1901167,school,d23,schools
wfs:SCHULEOGD.1901168,school,d11,schools
wfs:SCHULEOGD.1900385,school,d01,schools
wfs:SCHULEOGD.1900386,school,d01,schools
wfs:SCHULEOGD.1900387,school,d01,schools
wfs:SCHULEOGD.1900388,school,d01,schools
wfs:SCHULEOGD.1900389,school,d01,schools
wfs:SCHULEOGD.1900390,school,d01,schools
wfs:SCHULEOGD.1900391,school,d01,schools
wfs:SCHULEOGD.1900392,school,d01,schools
wfs:SCHULEOGD.1900393,school,d01,schools
wfs:SCHULEOGD.1900394,school,d01,schools
wfs:SCHULEOGD.1900395,school,d01,schools
wfs:SCHULEOGD.1900396,school,d01,schools
wfs:SCHULEOGD.1900397,school,d01,schools
wfs:SCHULEOGD.1900398,school,d01,schools
wfs:SCHULEOGD.1900399,school,d01,schools
wfs:SCHULEOGD.1900400,school,d02,schools
wfs:SCHULEOGD.1900401,school,d02,schools
wfs:SCHULEOGD.1900402,school,d02,schools
wfs:SCHULEOGD.1900403,school,d02,schools
wfs:SCHULEOGD.1900404,school,d02,schools
wfs:SCHULEOGD.1900405,school,d02,schools
wfs:SCHULEOGD.1900406,school,d02,schools
wfs:SCHULEOGD.1900407,school,d02,schools
wfs:SCHULEOGD.1900408,school,d02,schools
wfs:SCHULEOGD.1900409,school,d02,schools
wfs:SCHULEOGD.1900410,school,d02,schools
wfs:SCHULEOGD.1900411,school,d02,schools
wfs:SCHULEOGD.1900412,school,d02,schools
wfs:SCHULEOGD.1900413,school,d02,schools
wfs:SCHULEOGD.1900414,school,d02,schools
wfs:SCHULEOGD.1900415,school,d02,schools
wfs:SCHULEOGD.1900416,school,d02,schools
wfs:SCHULEOGD.1900417,school,d02,schools
wfs:SCHULEOGD.1900418,school,d02,schools
wfs:SCHULEOGD.1900419,school,d02,schools
wfs:SCHULEOGD.1900420,school,d02,schools
wfs:SCHULEOGD.1900619,school,d10,schools
wfs:SCHULEOGD.1900620,school,d10,schools
wfs:SCHULEOGD.1900621,school,d10,schools
wfs:SCHULEOGD.1900622,school,d10,schools
wfs:SCHULEOGD.1900623,school,d10,schools
wfs:SCHULEOGD.1900624,school,d10,schools
wfs:SCHULEOGD.1900625,school,d10,schools
wfs:SCHULEOGD.1900626,school,d10,schools
wfs:SCHULEOGD.1900627,school,d10,schools
wfs:SCHULEOGD.1900628,school,d10,schools
wfs:SCHULEOGD.1900629,school,d10,schools
wfs:SCHULEOGD.1900630,school,d10,schools
wfs:SCHULEOGD.1900631,school,d10,schools
wfs:SCHULEOGD.1900632,school,d11,schools
wfs:SCHULEOGD.1900633,school,d11,schools
wfs:SCHULEOGD.1900634,school,d11,schools
wfs:SCHULEOGD.1900635,school,d11,schools
wfs:SCHULEOGD.1900636,school,d11,schools
wfs:SCHULEOGD.1900637,school,d11,schools
wfs:SCHULEOGD.1900638,school,d10,schools
wfs:SCHULEOGD.1900639,school,d03,schools
wfs:SCHULEOGD.1900640,school,d11,schools
wfs:SCHULEOGD.1900641,school,d10,schools
wfs:SCHULEOGD.1900642,school,d11,schools
wfs:SCHULEOGD.1900643,school,d11,schools
wfs:SCHULEOGD.1900644,school,d11,schools
wfs:SCHULEOGD.1900645,school,d11,schools
wfs:SCHULEOGD.1900646,school,d11,schools
wfs:SCHULEOGD.1900647,school,d11,schools
wfs:SCHULEOGD.1900648,school,d11,schools
wfs:SCHULEOGD.1900649,school,d11,schools
wfs:SCHULEOGD.1900650,school,d11,schools
wfs:SCHULEOGD.1900651,school,d11,schools
wfs:SCHULEOGD.1900652,school,d11,schools
wfs:SCHULEOGD.1900653,school,d11,schools
wfs:SCHULEOGD.1900654,school,d11,schools
wfs:SCHULEOGD.1900655,school,d11,schools
wfs:SCHULEOGD.1900656,school,d11,schools
wfs:SCHULEOGD.1900657,school,d11,schools
wfs:SCHULEOGD.1900658,school,d11,schools
wfs:SCHULEOGD.1900659,school,d11,schools
wfs:SCHULEOGD.1900660,school,d11,schools
wfs:SCHULEOGD.1900661,school,d11,schools
wfs:SCHULEOGD.1900421,school,d02,schools
wfs:SCHULEOGD.1900422,school,d02,schools
wfs:SCHULEOGD.1900423,school,d02,schools
wfs:SCHULEOGD.1900424,school,d02,schools
wfs:SCHULEOGD.1900425,school,d02,schools
wfs:SCHULEOGD.1900426,school,d02,schools
wfs:SCHULEOGD.1900427,school,d02,schools
wfs:SCHULEOGD.1900428,school,d02,schools
wfs:SCHULEOGD.1900429,school,d02,schools
wfs:SCHULEOGD.1900430,school,d02,schools
wfs:SCHULEOGD.1900431,school,d02,schools
wfs:SCHULEOGD.1900432,school,d02,schools
wfs:SCHULEOGD.1900433,school,d02,schools
wfs:SCHULEOGD.1900434,school,d02,schools
wfs:SCHULEOGD.1900435,school,d02,schools
wfs:SCHULEOGD.1900436,school,d02,schools
wfs:SCHULEOGD.1900437,school,d02,schools
wfs:SCHULEOGD.1900438,school,d02,schools
wfs:SCHULEOGD.1900439,school,d02,schools
wfs:SCHULEOGD.1900440,school,d02,schools
wfs:SCHULEOGD.1900441,school,d02,schools
wfs:SCHULEOGD.1900442,school,d02,schools
wfs:SCHULEOGD.1900443,school,d02,schools
wfs:SCHULEOGD.1900444,school,d02,schools
wfs:SCHULEOGD.1900445,school,d02,schools
wfs:SCHULEOGD.1900446,school,d02,schools
wfs:SCHULEOGD.1900447,school,d02,schools
wfs:SCHULEOGD.1900448,school,d03,schools
wfs:SCHULEOGD.1900449,school,d03,schools
wfs:SCHULEOGD.1900450,school,d03,schools
wfs:SCHULEOGD.1900451,school,d03,schools
wfs:SCHULEOGD.1900452,school,d03,schools
wfs:SCHULEOGD.1900453,school,d03,schools
wfs:SCHULEOGD.1900454,school,d03,schools
wfs:SCHULEOGD.1900455,school,d03,schools
wfs:SCHULEOGD.1900456,school,d03,schools
wfs:SCHULEOGD.1900457,school,d03,schools
wfs:SCHULEOGD.1900458,school,d03,schools
wfs:SCHULEOGD.1900459,school,d03,schools
wfs:SCHULEOGD.1900460,school,d03,schools
wfs:SCHULEOGD.1900461,school,d03,schools
wfs:SCHULEOGD.1900462,school,d23,schools
wfs:SCHULEOGD.1900463,school,d21,schools
wfs:SCHULEOGD.1900464,school,d03,schools
wfs:SCHULEOGD.1900465,school,d03,schools
wfs:SCHULEOGD.1900466,school,d03,schools
wfs:SCHULEOGD.1900467,school,d03,schools
wfs:SCHULEOGD.1900468,school,d03,schools
wfs:SCHULEOGD.1900469,school,d03,schools
wfs:SCHULEOGD.1900470,school,d03,schools
wfs:SCHULEOGD.1900471,school,d03,schools
wfs:SCHULEOGD.1900472,school,d03,schools
wfs:SCHULEOGD.1900473,school,d03,schools
wfs:SCHULEOGD.1900474,school,d03,schools
wfs:SCHULEOGD.1900475,school,d03,schools
wfs:SCHULEOGD.1900476,school,d03,schools
wfs:SCHULEOGD.1900477,school,d03,schools
wfs:SCHULEOGD.1900478,school,d03,schools
wfs:SCHULEOGD.1900479,school,d15,schools
wfs:SCHULEOGD.1900480,school,d03,schools
wfs:SCHULEOGD.1900481,school,d03,schools
wfs:SCHULEOGD.1900482,school,d03,schools
wfs:SCHULEOGD.1900483,school,d03,schools
wfs:SCHULEOGD.1900484,school,d03,schools
wfs:SCHULEOGD.1900485,school,d03,schools
wfs:SCHULEOGD.1900486,school,d13,schools
wfs:SCHULEOGD.1900487,school,d13,schools
wfs:SCHULEOGD.1900488,school,d03,schools
wfs:SCHULEOGD.1900489,school,d04,schools
wfs:SCHULEOGD.1900490,school,d04,schools
wfs:SCHULEOGD.1900491,school,d04,schools
wfs:SCHULEOGD.1900492,school,d04,schools
wfs:SCHULEOGD.1900493,school,d04,schools
wfs:SCHULEOGD.1900494,school,d04,schools
wfs:SCHULEOGD.1900495,school,d04,schools
wfs:SCHULEOGD.1900496,school,d04,schools
wfs:SCHULEOGD.1900497,school,d04,schools
wfs:SCHULEOGD.1900498,school,d04,schools
wfs:SCHULEOGD.1900499,school,d04,schools
wfs:SCHULEOGD.1900500,school,d04,schools
wfs:SCHULEOGD.1900501,school,d04,schools
wfs:SCHULEOGD.1900502,school,d04,schools
wfs:SCHULEOGD.1900503,school,d05,schools
wfs:SCHULEOGD.1900504,school,d05,schools
wfs:SCHULEOGD.1900505,school,d05,schools
wfs:SCHULEOGD.1900506,school,d05,schools
wfs:SCHULEOGD.1900507,school,d05,schools
wfs:SCHULEOGD.1900508,school,d05,schools
wfs:SCHULEOGD.1900509,school,d05,schools
wfs:SCHULEOGD.1900510,school,d05,schools
wfs:SCHULEOGD.1900511,school,d05,schools
wfs:SCHULEOGD.1900512,school,d05,schools
wfs:SCHULEOGD.1900513,school,d05,schools
wfs:SCHULEOGD.1900514,school,d05,schools
wfs:SCHULEOGD.1900515,school,d05,schools
wfs:SCHULEOGD.1900516,school,d06,schools
wfs:SCHULEOGD.1900517,school,d06,schools
wfs:SCHULEOGD.1900518,school,d06,schools
wfs:SCHULEOGD.1900519,school,d06,schools
wfs:SCHULEOGD.1900520,school,d06,schools
wfs:SCHULEOGD.1900521,school,d06,schools
wfs:SCHULEOGD.1900522,school,d06,schools
wfs:SCHULEOGD.1900523,school,d06,schools
wfs:SCHULEOGD.1900524,school,d06,schools
wfs:SCHULEOGD.1900525,school,d06,schools
wfs:SCHULEOGD.1900526,school,d06,schools
wfs:SCHULEOGD.1900527,school,d06,schools
wfs:SCHULEOGD.1900528,school,d06,schools
wfs:SCHULEOGD.1900529,school,d06,schools
wfs:SCHULEOGD.1900530,school,d06,schools
wfs:SCHULEOGD.1900531,school,d06,schools
wfs:SCHULEOGD.1900532,school,d07,schools
wfs:SCHULEOGD.1900533,school,d07,schools
wfs:SCHULEOGD.1900534,school,d07,schools
wfs:SCHULEOGD.1900535,school,d07,schools
wfs:SCHULEOGD.1900536,school,d07,schools
wfs:SCHULEOGD.1900537,school,d07,schools
wfs:SCHULEOGD.1900538,school,d07,schools
wfs:SCHULEOGD.1900539,school,d07,schools
wfs:SCHULEOGD.1900540,school,d07,schools
wfs:SCHULEOGD.1900541,school,d07,schools
wfs:SCHULEOGD.1900542,school,d07,schools
wfs:SCHULEOGD.1900543,school,d07,schools
wfs:SCHULEOGD.1900544,school,d07,schools
wfs:SCHULEOGD.1900545,school,d07,schools
wfs:SCHULEOGD.1900546,school,d07,schools
wfs:SCHULEOGD.1900547,school,d07,schools
wfs:SCHULEOGD.1900548,school,d07,schools
wfs:SCHULEOGD.1900549,school,d08,schools
wfs:SCHULEOGD.1900550,school,d08,schools
wfs:SCHULEOGD.1900551,school,d08,schools
wfs:SCHULEOGD.1900552,school,d08,schools
wfs:SCHULEOGD.1900553,school,d08,schools
wfs:SCHULEOGD.1900554,school,d08,schools
wfs:SCHULEOGD.1900555,school,d08,schools
wfs:SCHULEOGD.1900556,school,d08,schools
wfs:SCHULEOGD.1900557,school,d08,schools
wfs:SCHULEOGD.1900558,school,d08,schools
wfs:SCHULEOGD.1900559,school,d09,schools
wfs:SCHULEOGD.1900560,school,d10,schools
wfs:SCHULEOGD.1900561,school,d02,schools
wfs:SCHULEOGD.1900562,school,d08,schools
wfs:SCHULEOGD.1900563,school,d09,schools
wfs:SCHULEOGD.1900564,school,d09,schools
wfs:SCHULEOGD.1900565,school,d09,schools
wfs:SCHULEOGD.1900566,school,d09,schools
wfs:SCHULEOGD.1900567,school,d09,schools
wfs:SCHULEOGD.1900568,school,d09,schools
wfs:SCHULEOGD.1900569,school,d09,schools
wfs:SCHULEOGD.1900570,school,d09,schools
wfs:SCHULEOGD.1900571,school,d09,schools
wfs:SCHULEOGD.1900572,school,d09,schools
wfs:SCHULEOGD.1900573,school,d09,schools
wfs:SCHULEOGD.1900574,school,d09,schools
wfs:SCHULEOGD.1900575,school,d10,schools
wfs:SCHULEOGD.1900576,school,d10,schools
wfs:SCHULEOGD.1900577,school,d10,schools
wfs:SCHULEOGD.1900578,school,d10,schools
wfs:SCHULEOGD.1900579,school,d10,schools
wfs:SCHULEOGD.1900580,school,d10,schools
wfs:SCHULEOGD.1900581,school,d10,schools
wfs:SCHULEOGD.1900582,school,d10,schools
wfs:SCHULEOGD.1900583,school,d10,schools
wfs:SCHULEOGD.1900584,school,d10,schools
wfs:SCHULEOGD.1900585,school,d10,schools
wfs:SCHULEOGD.1900586,school,d10,schools
wfs:SCHULEOGD.1900587,school,d10,schools
wfs:SCHULEOGD.1900588,school,d10,schools
wfs:SCHULEOGD.1900589,school,d10,schools
wfs:SCHULEOGD.1900590,school,d10,schools
wfs:SCHULEOGD.1900591,school,d10,schools
wfs:SCHULEOGD.1900592,school,d10,schools
wfs:SCHULEOGD.1900593,school,d10,schools
wfs:SCHULEOGD.1900594,school,d10,schools
wfs:SCHULEOGD.1900595,school,d10,schools
wfs:SCHULEOGD.1900596,school,d10,schools
wfs:SCHULEOGD.1900597,school,d10,schools
wfs:SCHULEOGD.1900598,school,d10,schools
wfs:SCHULEOGD.1900599,school,d10,schools
wfs:SCHULEOGD.1900600,school,d10,schools
wfs:SCHULEOGD.1900601,school,d10,schools
wfs:SCHULEOGD.1900602,school,d10,schools
wfs:SCHULEOGD.1900603,school,d10,schools
wfs:SCHULEOGD.1900604,school,d10,schools
wfs:SCHULEOGD.1900605,school,d10,schools
wfs:SCHULEOGD.1900606,school,d10,schools
wfs:SCHULEOGD.1900607,school,d10,schools
wfs:SCHULEOGD.1900608,school,d10,schools
wfs:SCHULEOGD.1900609,school,d10,schools
wfs:SCHULEOGD.1900610,school,d10,schools
wfs:SCHULEOGD.1900611,school,d10,schools
wfs:SCHULEOGD.1900612,school,d10,schools
wfs:SCHULEOGD.1900613,school,d10,schools
wfs:SCHULEOGD.1900614,school,d10,schools
wfs:SCHULEOGD.1900615,school,d10,schools
wfs:SCHULEOGD.1900616,school,d10,schools
wfs:SCHULEOGD.1900617,school,d10,schools
wfs:SCHULEOGD.1900618,school,d10,schools
wfs:KINDERGARTENOGD.8944229,kindergarten,d17,kindergartens
wfs:KINDERGARTENOGD.8944230,kindergarten,d17,kindergartens
wfs:KINDERGARTENOGD.8944231,kindergarten,d22,kindergartens
wfs:KINDERGARTENOGD.8944232,kindergarten,d15,kindergartens
wfs:KINDERGARTENOGD.8944233,kindergarten,d15,kindergartens
wfs:KINDERGARTENOGD.8944234,kindergarten,d16,kindergartens
wfs:KINDERGARTENOGD.8944235,kindergarten,d16,kindergartens
wfs:KINDERGARTENOGD.8944236,kindergarten,d14,kindergartens
wfs:KINDERGARTENOGD.8944237,kindergarten,d22,kindergartens
wfs:KINDERGARTENOGD.8944238,kindergarten,d22,kindergartens
wfs:KINDERGARTENOGD.8944239,kindergarten,d03,kindergartens
wfs:KINDERGARTENOGD.8944240,kindergarten,d02,kindergartens
wfs:KINDERGARTENOGD.8944241,kindergarten,d03,kindergartens
wfs:KINDERGARTENOGD.8944242,kindergarten,d19,kindergartens
wfs:KINDERGARTENOGD.8944311,kindergarten,d10,kindergartens
wfs:KINDERGARTENOGD.8944312,kindergarten,d18,kindergartens
wfs:KINDERGARTENOGD.8944313,kindergarten,d03,kindergartens
wfs:KINDERGARTENOGD.8944314,kindergarten,d21,kindergartens
wfs:KINDERGARTENOGD.8944315,kindergarten,d18,kindergartens
wfs:KINDERGARTENOGD.8944316,kindergarten,d11,kindergartens
wfs:KINDERGARTENOGD.8944317,kindergarten,d20,kindergartens
wfs:KINDERGARTENOGD.8944318,kindergarten,d02,kindergartens
wfs:KINDERGARTENOGD.8944319,kindergarten,d18,kindergartens
wfs:KINDERGARTENOGD.8944320,kindergarten,d22,kindergartens
wfs:KINDERGARTENOGD.8944321,kindergarten,d10,kindergartens
wfs:KINDERGARTENOGD.8944322,kindergarten,d11,kindergartens
wfs:KINDERGARTENOGD.8944323,kindergarten,d02,kindergartens
wfs:KINDERGARTENOGD.8944324,kindergarten,d15,kindergartens
wfs:KINDERGARTENOGD.8944325,kindergarten,d22,kindergartens
wfs:KINDERGARTENOGD.8944326,kindergarten,d22,kindergartens
wfs:KINDERGARTENOGD.8944327,kindergarten,d15,kindergartens
wfs:KINDERGARTENOGD.8944328,kindergarten,d21,kindergartens
wfs:KINDERGARTENOGD.8944329,kindergarten,d15,kindergartens
wfs:KINDERGARTENOGD.8944330,kindergarten,d22,kindergartens
wfs:KINDERGARTENOGD.8944331,kindergarten,d15,kindergartens
wfs:KINDERGARTENOGD.8944332,kindergarten,d21,kindergartens
wfs:KINDERGARTENOGD.8944333,kindergarten,d02,kindergartens
wfs:KINDERGARTENOGD.8944334,kindergarten,d23,kindergartens
wfs:KINDERGARTENOGD.8944335,kindergarten,d12,kindergartens
wfs:KINDERGARTENOGD.8944336,kindergarten,d10,kindergartens
wfs:KINDERGARTENOGD.8944337,kindergarten,d23,kindergartens
wfs:KINDERGARTENOGD.8944338,kindergarten,d22,kindergartens
wfs:KINDERGARTENOGD.8944339,kindergarten,d06,kindergartens
wfs:KINDERGARTENOGD.8944340,kindergarten,d21,kindergartens
wfs:KINDERGARTENOGD.8944341,kindergarten,d08,kindergartens
wfs:KINDERGARTENOGD.8944342,kindergarten,d10,kindergartens
wfs:KINDERGARTENOGD.8944343,kindergarten,d10,kindergartens
wfs:KINDERGARTENOGD.8944344,kindergarten,d14,kindergartens
wfs:KINDERGARTENOGD.8944345,kindergarten,d21,kindergartens
wfs:KINDERGARTENOGD.8944346,kindergarten,d11,kindergartens
wfs:KINDERGARTENOGD.8944347,kindergarten,d22,kindergartens
wfs:KINDERGARTENOGD.8944348,kindergarten,d14,kindergartens
wfs:KINDERGARTENOGD.8944349,kindergarten,d10,kindergartens
wfs:KINDERGARTENOGD.8944350,kindergarten,d23,kindergartens
wfs:KINDERGARTENOGD.8944351,kindergarten,d22,kindergartens
wfs:KINDERGARTENOGD.8944352,kindergarten,d19,kindergartens
wfs:KINDERGARTENOGD.8944243,kindergarten,d12,kindergartens
wfs:KINDERGARTENOGD.8944244,kindergarten,d21,kindergartens
wfs:KINDERGARTENOGD.8944245,kindergarten,d10,kindergartens
wfs:KINDERGARTENOGD.8944246,kindergarten,d21,kindergartens
wfs:KINDERGARTENOGD.8944247,kindergarten,d14,kindergartens
wfs:KINDERGARTENOGD.8944248,kindergarten,d10,kindergartens
wfs:KINDERGARTENOGD.8944249,kindergarten,d21,kindergartens
wfs:KINDERGARTENOGD.8944250,kindergarten,d23,kindergartens
wfs:KINDERGARTENOGD.8944251,kindergarten,d16,kindergartens
wfs:KINDERGARTENOGD.8944252,kindergarten,d07,kindergartens
wfs:KINDERGARTENOGD.8944253,kindergarten,d22,kindergartens
wfs:KINDERGARTENOGD.8944254,kindergarten,d11,kindergartens
wfs:KINDERGARTENOGD.8944255,kindergarten,d13,kindergartens
wfs:KINDERGARTENOGD.8944256,kindergarten,d10,kindergartens
wfs:KINDERGARTENOGD.8944257,kindergarten,d22,kindergartens
wfs:KINDERGARTENOGD.8944258,kindergarten,d09,kindergartens
wfs:KINDERGARTENOGD.8944259,kindergarten,d21,kindergartens
wfs:KINDERGARTENOGD.8944260,kindergarten,d09,kindergartens
wfs:KINDERGARTENOGD.8944261,kindergarten,d14,kindergartens
wfs:KINDERGARTENOGD.8944262,kindergarten,d02,kindergartens
wfs:KINDERGARTENOGD.8944263,kindergarten,d11,kindergartens
wfs:KINDERGARTENOGD.8944264,kindergarten,d03,kindergartens
wfs:KINDERGARTENOGD.8944265,kindergarten,d10,kindergartens
wfs:KINDERGARTENOGD.8944266,kindergarten,d19,kindergartens
wfs:KINDERGARTENOGD.8944267,kindergarten,d10,kindergartens
wfs:KINDERGARTENOGD.8944268,kindergarten,d23,kindergartens
wfs:KINDERGARTENOGD.8944269,kindergarten,d05,kindergartens
wfs:KINDERGARTENOGD.8944270,kindergarten,d05,kindergartens
wfs:KINDERGARTENOGD.8944271,kindergarten,d23,kindergartens
wfs:KINDERGARTENOGD.8944272,kindergarten,d08,kindergartens
wfs:KINDERGARTENOGD.8944273,kindergarten,d19,kindergartens
wfs:KINDERGARTENOGD.8944274,kindergarten,d09,kindergartens
wfs:KINDERGARTENOGD.8944275,kindergarten,d10,kindergartens
wfs:KINDERGARTENOGD.8944276,kindergarten,d20,kindergartens
wfs:KINDERGARTENOGD.8944277,kindergarten,d11,kindergartens
wfs:KINDERGARTENOGD.8944278,kindergarten,d09,kindergartens
wfs:KINDERGARTENOGD.8944279,kindergarten,d09,kindergartens
wfs:KINDERGARTENOGD.8944280,kindergarten,d15,kindergartens
wfs:KINDERGARTENOGD.8944281,kindergarten,d18,kindergartens
wfs:KINDERGARTENOGD.8944282,kindergarten,d02,kindergartens
wfs:KINDERGARTENOGD.8944283,kindergarten,d17,kindergartens
wfs:KINDERGARTENOGD.8944284,kindergarten,d03,kindergartens
wfs:KINDERGARTENOGD.8944285,kindergarten,d06,kindergartens
wfs:KINDERGARTENOGD.8944286,kindergarten,d06,kindergartens
wfs:KINDERGARTENOGD.8944287,kindergarten,d23,kindergartens
wfs:KINDERGARTENOGD.8944288,kindergarten,d22,kindergartens
wfs:KINDERGARTENOGD.8944289,kindergarten,d21,kindergartens
wfs:KINDERGARTENOGD.8944290,kindergarten,d16,kindergartens
wfs:KINDERGARTENOGD.8944291,kindergarten,d14,kindergartens
wfs:KINDERGARTENOGD.8944292,kindergarten,d14,kindergartens
wfs:KINDERGARTENOGD.8944293,kindergarten,d21,kindergartens
wfs:KINDERGARTENOGD.8944294,kindergarten,d16,kindergartens
wfs:KINDERGARTENOGD.8944295,kindergarten,d15,kindergartens
wfs:KINDERGARTENOGD.8944296,kindergarten,d16,kindergartens
wfs:KINDERGARTENOGD.8944297,kindergarten,d23,kindergartens
wfs:KINDERGARTENOGD.8944298,kindergarten,d16,kindergartens
wfs:KINDERGARTENOGD.8944299,kindergarten,d05,kindergartens
wfs:KINDERGARTENOGD.8944300,kindergarten,d20,kindergartens
wfs:KINDERGARTENOGD.8944301,kindergarten,d15,kindergartens
wfs:KINDERGARTENOGD.8944302,kindergarten,d12,kindergartens
wfs:KINDERGARTENOGD.8944303,kindergarten,d18,kindergartens
wfs:KINDERGARTENOGD.8944304,kindergarten,d23,kindergartens
wfs:KINDERGARTENOGD.8944305,kindergarten,d21,kindergartens
wfs:KINDERGARTENOGD.8944306,kindergarten,d11,kindergartens
wfs:KINDERGARTENOGD.8944307,kindergarten,d02,kindergartens
wfs:KINDERGARTENOGD.8944308,kindergarten,d22,kindergartens
wfs:KINDERGARTENOGD.8944309,kindergarten,d22,kindergartens
wfs:KINDERGARTENOGD.8944310,kindergarten,d22,kindergartens
wfs:KINDERGARTENOGD.8944144,kindergarten,d07,kindergartens
wfs:KINDERGARTENOGD.8944145,kindergarten,d03,kindergartens
wfs:KINDERGARTENOGD.8944146,kindergarten,d12,kindergartens
wfs:KINDERGARTENOGD.8944147,kindergarten,d10,kindergartens
wfs:KINDERGARTENOGD.8944148,kindergarten,d02,kindergartens
wfs:KINDERGARTENOGD.8944149,kindergarten,d22,kindergartens
wfs:KINDERGARTENOGD.8944150,kindergarten,d22,kindergartens
wfs:KINDERGARTENOGD.8944151,kindergarten,d16,kindergartens
wfs:KINDERGARTENOGD.8944152,kindergarten,d22,kindergartens
wfs:KINDERGARTENOGD.8944153,kindergarten,d08,kindergartens
wfs:KINDERGARTENOGD.8944154,kindergarten,d02,kindergartens
wfs:KINDERGARTENOGD.8944155,kindergarten,d02,kindergartens
wfs:KINDERGARTENOGD.8944156,kindergarten,d23,kindergartens
wfs:KINDERGARTENOGD.8944157,kindergarten,d15,kindergartens
wfs:KINDERGARTENOGD.8944158,kindergarten,d01,kindergartens
wfs:KINDERGARTENOGD.8944159,kindergarten,d21,kindergartens
wfs:KINDERGARTENOGD.8944160,kindergarten,d10,kindergartens
wfs:KINDERGARTENOGD.8944161,kindergarten,d22,kindergartens
wfs:KINDERGARTENOGD.8944162,kindergarten,d23,kindergartens
wfs:KINDERGARTENOGD.8944163,kindergarten,d17,kindergartens
wfs:KINDERGARTENOGD.8944164,kindergarten,d04,kindergartens
wfs:KINDERGARTENOGD.8944165,kindergarten,d10,kindergartens
wfs:KINDERGARTENOGD.8944166,kindergarten,d15,kindergartens
wfs:KINDERGARTENOGD.8944167,kindergarten,d18,kindergartens
wfs:KINDERGARTENOGD.8944168,kindergarten,d12,kindergartens
wfs:KINDERGARTENOGD.8944169,kindergarten,d12,kindergartens
wfs:KINDERGARTENOGD.8944170,kindergarten,d20,kindergartens
wfs:KINDERGARTENOGD.8944171,kindergarten,d22,kindergartens
wfs:KINDERGARTENOGD.8944172,kindergarten,d22,kindergartens
wfs:KINDERGARTENOGD.8944173,kindergarten,d10,kindergartens
wfs:KINDERGARTENOGD.8944174,kindergarten,d16,kindergartens
wfs:KINDERGARTENOGD.8944175,kindergarten,d23,kindergartens
wfs:KINDERGARTENOGD.8944176,kindergarten,d16,kindergartens
wfs:KINDERGARTENOGD.8944177,kindergarten,d02,kindergartens
wfs:KINDERGARTENOGD.8944178,kindergarten,d13,kindergartens
wfs:KINDERGARTENOGD.8944179,kindergarten,d12,kindergartens
wfs:KINDERGARTENOGD.8944180,kindergarten,d10,kindergartens
wfs:KINDERGARTENOGD.8944181,kindergarten,d03,kindergartens
wfs:KINDERGARTENOGD.8944182,kindergarten,d01,kindergartens
wfs:KINDERGARTENOGD.8944183,kindergarten,d14,kindergartens
wfs:KINDERGARTENOGD.8944184,kindergarten,d16,kindergartens
wfs:KINDERGARTENOGD.8944185,kindergarten,d16,kindergartens
wfs:KINDERGARTENOGD.8944186,kindergarten,d19,kindergartens
wfs:KINDERGARTENOGD.8944187,kindergarten,d21,kindergartens
wfs:KINDERGARTENOGD.8944188,kindergarten,d05,kindergartens
wfs:KINDERGARTENOGD.8944189,kindergarten,d21,kindergartens
wfs:KINDERGARTENOGD.8944190,kindergarten,d10,kindergartens
wfs:KINDERGARTENOGD.8944191,kindergarten,d04,kindergartens
wfs:KINDERGARTENOGD.8944192,kindergarten,d13,kindergartens
wfs:KINDERGARTENOGD.8944193,kindergarten,d21,kindergartens
wfs:KINDERGARTENOGD.8944194,kindergarten,d23,kindergartens
wfs:KINDERGARTENOGD.8944195,kindergarten,d19,kindergartens
wfs:KINDERGARTENOGD.8944196,kindergarten,d23,kindergartens
wfs:KINDERGARTENOGD.8944197,kindergarten,d22,kindergartens
wfs:KINDERGARTENOGD.8944198,kindergarten,d19,kindergartens
wfs:KINDERGARTENOGD.8944199,kindergarten,d02,kindergartens
wfs:KINDERGARTENOGD.8944200,kindergarten,d16,kindergartens
wfs:KINDERGARTENOGD.8944201,kindergarten,d16,kindergartens
wfs:KINDERGARTENOGD.8944202,kindergarten,d15,kindergartens
wfs:KINDERGARTENOGD.8944203,kindergarten,d09,kindergartens
wfs:KINDERGARTENOGD.8944204,kindergarten,d09,kindergartens
wfs:KINDERGARTENOGD.8944205,kindergarten,d19,kindergartens
wfs:KINDERGARTENOGD.8944206,kindergarten,d14,kindergartens
wfs:KINDERGARTENOGD.8944207,kindergarten,d04,kindergartens
wfs:KINDERGARTENOGD.8944208,kindergarten,d14,kindergartens
wfs:KINDERGARTENOGD.8944209,kindergarten,d22,kindergartens
wfs:KINDERGARTENOGD.8944210,kindergarten,d21,kindergartens
wfs:KINDERGARTENOGD.8944211,kindergarten,d21,kindergartens
wfs:KINDERGARTENOGD.8944212,kindergarten,d22,kindergartens
wfs:KINDERGARTENOGD.8944213,kindergarten,d22,kindergartens
wfs:KINDERGARTENOGD.8944214,kindergarten,d22,kindergartens
wfs:KINDERGARTENOGD.8944215,kindergarten,d22,kindergartens
wfs:KINDERGARTENOGD.8944216,kindergarten,d05,kindergartens
wfs:KINDERGARTENOGD.8944217,kindergarten,d05,kindergartens
wfs:KINDERGARTENOGD.8944218,kindergarten,d07,kindergartens
wfs:KINDERGARTENOGD.8944219,kindergarten,d05,kindergartens
wfs:KINDERGARTENOGD.8944220,kindergarten,d03,kindergartens
wfs:KINDERGARTENOGD.8944221,kindergarten,d10,kindergartens
wfs:KINDERGARTENOGD.8944222,kindergarten,d10,kindergartens
wfs:KINDERGARTENOGD.8944223,kindergarten,d11,kindergartens
wfs:KINDERGARTENOGD.8944224,kindergarten,d18,kindergartens
wfs:KINDERGARTENOGD.8944225,kindergarten,d10,kindergartens
wfs:KINDERGARTENOGD.8944226,kindergarten,d11,kindergartens
wfs:KINDERGARTENOGD.8944227,kindergarten,d13,kindergartens
wfs:KINDERGARTENOGD.8944228,kindergarten,d13,kindergartens
wfs:KINDERGARTENOGD.8944022,kindergarten,d14,kindergartens
wfs:KINDERGARTENOGD.8944023,kindergarten,d19,kindergartens
wfs:KINDERGARTENOGD.8944024,kindergarten,d13,kindergartens
wfs:KINDERGARTENOGD.8944025,kindergarten,d10,kindergartens
wfs:KINDERGARTENOGD.8944026,kindergarten,d16,kindergartens
wfs:KINDERGARTENOGD.8944027,kindergarten,d19,kindergartens
wfs:KINDERGARTENOGD.8944028,kindergarten,d16,kindergartens
wfs:KINDERGARTENOGD.8944029,kindergarten,d23,kindergartens
wfs:KINDERGARTENOGD.8944030,kindergarten,d19,kindergartens
wfs:KINDERGARTENOGD.8944031,kindergarten,d19,kindergartens
wfs:KINDERGARTENOGD.8944032,kindergarten,d22,kindergartens
wfs:KINDERGARTENOGD.8944033,kindergarten,d19,kindergartens
wfs:KINDERGARTENOGD.8944034,kindergarten,d14,kindergartens
wfs:KINDERGARTENOGD.8944035,kindergarten,d03,kindergartens
wfs:KINDERGARTENOGD.8944103,kindergarten,d10,kindergartens
wfs:KINDERGARTENOGD.8944104,kindergarten,d19,kindergartens
wfs:KINDERGARTENOGD.8944105,kindergarten,d11,kindergartens
wfs:KINDERGARTENOGD.8944106,kindergarten,d12,kindergartens
wfs:KINDERGARTENOGD.8944107,kindergarten,d12,kindergartens
wfs:KINDERGARTENOGD.8944108,kindergarten,d01,kindergartens
wfs:KINDERGARTENOGD.8944109,kindergarten,d15,kindergartens
wfs:KINDERGARTENOGD.8944110,kindergarten,d16,kindergartens
wfs:KINDERGARTENOGD.8944111,kindergarten,d10,kindergartens
wfs:KINDERGARTENOGD.8944112,kindergarten,d17,kindergartens
wfs:KINDERGARTENOGD.8944113,kindergarten,d03,kindergartens
wfs:KINDERGARTENOGD.8944114,kindergarten,d10,kindergartens
wfs:KINDERGARTENOGD.8944115,kindergarten,d14,kindergartens
wfs:KINDERGARTENOGD.8944116,kindergarten,d13,kindergartens
wfs:KINDERGARTENOGD.8944117,kindergarten,d03,kindergartens
wfs:KINDERGARTENOGD.8944118,kindergarten,d22,kindergartens
wfs:KINDERGARTENOGD.8944119,kindergarten,d11,kindergartens
wfs:KINDERGARTENOGD.8944120,kindergarten,d15,kindergartens
wfs:KINDERGARTENOGD.8944121,kindergarten,d20,kindergartens
wfs:KINDERGARTENOGD.8944122,kindergarten,d22,kindergartens
wfs:KINDERGARTENOGD.8944123,kindergarten,d02,kindergartens
wfs:KINDERGARTENOGD.8944124,kindergarten,d02,kindergartens
wfs:KINDERGARTENOGD.8944125,kindergarten,d10,kindergartens
wfs:KINDERGARTENOGD.8944126,kindergarten,d21,kindergartens
wfs:KINDERGARTENOGD.8944127,kindergarten,d23,kindergartens
wfs:KINDERGARTENOGD.8944128,kindergarten,d03,kindergartens
wfs:KINDERGARTENOGD.8944129,kindergarten,d11,kindergartens
wfs:KINDERGARTENOGD.8944130,kindergarten,d10,kindergartens
wfs:KINDERGARTENOGD.8944131,kindergarten,d21,kindergartens
wfs:KINDERGARTENOGD.8944132,kindergarten,d20,kindergartens
wfs:KINDERGARTENOGD.8944133,kindergarten,d03,kindergartens
wfs:KINDERGARTENOGD.8944134,kindergarten,d16,kindergartens
wfs:KINDERGARTENOGD.8944135,kindergarten,d12,kindergartens
wfs:KINDERGARTENOGD.8944136,kindergarten,d19,kindergartens
wfs:KINDERGARTENOGD.8944137,kindergarten,d03,kindergartens
wfs:KINDERGARTENOGD.8944138,kindergarten,d13,kindergartens
wfs:KINDERGARTENOGD.8944139,kindergarten,d10,kindergartens
wfs:KINDERGARTENOGD.8944140,kindergarten,d15,kindergartens
wfs:KINDERGARTENOGD.8944141,kindergarten,d16,kindergartens
wfs:KINDERGARTENOGD.8944142,kindergarten,d22,kindergartens
wfs:KINDERGARTENOGD.8944143,kindergarten,d22,kindergartens
wfs:KINDERGARTENOGD.8944036,kindergarten,d14,kindergartens
wfs:KINDERGARTENOGD.8944037,kindergarten,d14,kindergartens
wfs:KINDERGARTENOGD.8944038,kindergarten,d16,kindergartens
wfs:KINDERGARTENOGD.8944039,kindergarten,d02,kindergartens
wfs:KINDERGARTENOGD.8944040,kindergarten,d22,kindergartens
wfs:KINDERGARTENOGD.8944041,kindergarten,d13,kindergartens
wfs:KINDERGARTENOGD.8944042,kindergarten,d16,kindergartens
wfs:KINDERGARTENOGD.8944043,kindergarten,d02,kindergartens
wfs:KINDERGARTENOGD.8944044,kindergarten,d20,kindergartens
wfs:KINDERGARTENOGD.8944045,kindergarten,d14,kindergartens
wfs:KINDERGARTENOGD.8944046,kindergarten,d18,kindergartens
wfs:KINDERGARTENOGD.8944047,kindergarten,d02,kindergartens
wfs:KINDERGARTENOGD.8944048,kindergarten,d22,kindergartens
wfs:KINDERGARTENOGD.8944049,kindergarten,d03,kindergartens
wfs:KINDERGARTENOGD.8944050,kindergarten,d18,kindergartens
wfs:KINDERGARTENOGD.8944051,kindergarten,d04,kindergartens
wfs:KINDERGARTENOGD.8944052,kindergarten,d01,kindergartens
wfs:KINDERGARTENOGD.8944053,kindergarten,d20,kindergartens
wfs:KINDERGARTENOGD.8944054,kindergarten,d19,kindergartens
wfs:KINDERGARTENOGD.8944055,kindergarten,d02,kindergartens
wfs:KINDERGARTENOGD.8944056,kindergarten,d10,kindergartens
wfs:KINDERGARTENOGD.8944057,kindergarten,d15,kindergartens
wfs:KINDERGARTENOGD.8944058,kindergarten,d02,kindergartens
wfs:KINDERGARTENOGD.8944059,kindergarten,d12,kindergartens
wfs:KINDERGARTENOGD.8944060,kindergarten,d05,kindergartens
wfs:KINDERGARTENOGD.8944061,kindergarten,d08,kindergartens
wfs:KINDERGARTENOGD.8944062,kindergarten,d02,kindergartens
wfs:KINDERGARTENOGD.8944063,kindergarten,d10,kindergartens
wfs:KINDERGARTENOGD.8944064,kindergarten,d10,kindergartens
wfs:KINDERGARTENOGD.8944065,kindergarten,d10,kindergartens
wfs:KINDERGARTENOGD.8944066,kindergarten,d10,kindergartens
wfs:KINDERGARTENOGD.8944067,kindergarten,d03,kindergartens
wfs:KINDERGARTENOGD.8944068,kindergarten,d18,kindergartens
wfs:KINDERGARTENOGD.8944069,kindergarten,d16,kindergartens
wfs:KINDERGARTENOGD.8944070,kindergarten,d18,kindergartens
wfs:KINDERGARTENOGD.8944071,kindergarten,d18,kindergartens
wfs:KINDERGARTENOGD.8944072,kindergarten,d16,kindergartens
wfs:KINDERGARTENOGD.8944073,kindergarten,d12,kindergartens
wfs:KINDERGARTENOGD.8944074,kindergarten,d16,kindergartens
wfs:KINDERGARTENOGD.8944075,kindergarten,d15,kindergartens
wfs:KINDERGARTENOGD.8944076,kindergarten,d22,kindergartens
wfs:KINDERGARTENOGD.8944077,kindergarten,d12,kindergartens
wfs:KINDERGARTENOGD.8944078,kindergarten,d13,kindergartens
wfs:KINDERGARTENOGD.8944079,kindergarten,d10,kindergartens
wfs:KINDERGARTENOGD.8944080,kindergarten,d22,kindergartens
wfs:KINDERGARTENOGD.8944081,kindergarten,d22,kindergartens
wfs:KINDERGARTENOGD.8944082,kindergarten,d22,kindergartens
wfs:KINDERGARTENOGD.8944083,kindergarten,d13,kindergartens
wfs:KINDERGARTENOGD.8944084,kindergarten,d20,kindergartens
wfs:KINDERGARTENOGD.8944085,kindergarten,d15,kindergartens
wfs:KINDERGARTENOGD.8944086,kindergarten,d21,kindergartens
wfs:KINDERGARTENOGD.8944087,kindergarten,d06,kindergartens
wfs:KINDERGARTENOGD.8944088,kindergarten,d04,kindergartens
wfs:KINDERGARTENOGD.8944089,kindergarten,d20,kindergartens
wfs:KINDERGARTENOGD.8944090,kindergarten,d14,kindergartens
wfs:KINDERGARTENOGD.8944091,kindergarten,d10,kindergartens
wfs:KINDERGARTENOGD.8944092,kindergarten,d03,kindergartens
wfs:KINDERGARTENOGD.8944093,kindergarten,d03,kindergartens
wfs:KINDERGARTENOGD.8944094,kindergarten,d04,kindergartens
wfs:KINDERGARTENOGD.8944095,kindergarten,d23,kindergartens
wfs:KINDERGARTENOGD.8944096,kindergarten,d11,kindergartens
wfs:KINDERGARTENOGD.8944097,kindergarten,d11,kindergartens
wfs:KINDERGARTENOGD.8944098,kindergarten,d01,kindergartens
wfs:KINDERGARTENOGD.8944099,kindergarten,d10,kindergartens
wfs:KINDERGARTENOGD.8944100,kindergarten,d18,kindergartens
wfs:KINDERGARTENOGD.8944101,kindergarten,d02,kindergartens
wfs:KINDERGARTENOGD.8944102,kindergarten,d02,kindergartens
wfs:KINDERGARTENOGD.8943941,kindergarten,d12,kindergartens
wfs:KINDERGARTENOGD.8943942,kindergarten,d12,kindergartens
wfs:KINDERGARTENOGD.8943943,kindergarten,d13,kindergartens
wfs:KINDERGARTENOGD.8943944,kindergarten,d16,kindergartens
wfs:KINDERGARTENOGD.8943945,kindergarten,d13,kindergartens
wfs:KINDERGARTENOGD.8943946,kindergarten,d13,kindergartens
wfs:KINDERGARTENOGD.8943947,kindergarten,d13,kindergartens
wfs:KINDERGARTENOGD.8943948,kindergarten,d13,kindergartens
wfs:KINDERGARTENOGD.8943949,kindergarten,d13,kindergartens
wfs:KINDERGARTENOGD.8943950,kindergarten,d13,kindergartens
wfs:KINDERGARTENOGD.8943951,kindergarten,d13,kindergartens
wfs:KINDERGARTENOGD.8943952,kindergarten,d14,kindergartens
wfs:KINDERGARTENOGD.8943953,kindergarten,d14,kindergartens
wfs:KINDERGARTENOGD.8943954,kindergarten,d15,kindergartens
wfs:KINDERGARTENOGD.8943955,kindergarten,d15,kindergartens
wfs:KINDERGARTENOGD.8943956,kindergarten,d15,kindergartens
wfs:KINDERGARTENOGD.8943957,kindergarten,d15,kindergartens
wfs:KINDERGARTENOGD.8943958,kindergarten,d15,kindergartens
wfs:KINDERGARTENOGD.8943959,kindergarten,d16,kindergartens
wfs:KINDERGARTENOGD.8943960,kindergarten,d16,kindergartens
wfs:KINDERGARTENOGD.8943961,kindergarten,d16,kindergartens
wfs:KINDERGARTENOGD.8943962,kindergarten,d23,kindergartens
wfs:KINDERGARTENOGD.8943963,kindergarten,d23,kindergartens
wfs:KINDERGARTENOGD.8943964,kindergarten,d23,kindergartens
wfs:KINDERGARTENOGD.8943965,kindergarten,d23,kindergartens
wfs:KINDERGARTENOGD.8943966,kindergarten,d10,kindergartens
wfs:KINDERGARTENOGD.8943967,kindergarten,d10,kindergartens
wfs:KINDERGARTENOGD.8943968,kindergarten,d10,kindergartens
wfs:KINDERGARTENOGD.8943969,kindergarten,d14,kindergartens
wfs:KINDERGARTENOGD.8943970,kindergarten,d14,kindergartens
wfs:KINDERGARTENOGD.8943971,kindergarten,d16,kindergartens
wfs:KINDERGARTENOGD.8943972,kindergarten,d16,kindergartens
wfs:KINDERGARTENOGD.8943973,kindergarten,d16,kindergartens
wfs:KINDERGARTENOGD.8943974,kindergarten,d23,kindergartens
wfs:KINDERGARTENOGD.8943975,kindergarten,d23,kindergartens
wfs:KINDERGARTENOGD.8943976,kindergarten,d16,kindergartens
wfs:KINDERGARTENOGD.8943977,kindergarten,d14,kindergartens
wfs:KINDERGARTENOGD.8943978,kindergarten,d13,kindergartens
wfs:KINDERGARTENOGD.8943979,kindergarten,d16,kindergartens
wfs:KINDERGARTENOGD.8943980,kindergarten,d14,kindergartens
wfs:KINDERGARTENOGD.8943981,kindergarten,d10,kindergartens
wfs:KINDERGARTENOGD.8943982,kindergarten,d14,kindergartens
wfs:KINDERGARTENOGD.8943983,kindergarten,d10,kindergartens
wfs:KINDERGARTENOGD.8943984,kindergarten,d12,kindergartens
wfs:KINDERGARTENOGD.8943985,kindergarten,d15,kindergartens
wfs:KINDERGARTENOGD.8943986,kindergarten,d15,kindergartens
wfs:KINDERGARTENOGD.8943987,kindergarten,d16,kindergartens
wfs:KINDERGARTENOGD.8943988,kindergarten,d22,kindergartens
wfs:KINDERGARTENOGD.8943989,kindergarten,d20,kindergartens
wfs:KINDERGARTENOGD.8943990,kindergarten,d16,kindergartens
wfs:KINDERGARTENOGD.8943991,kindergarten,d16,kindergartens
wfs:KINDERGARTENOGD.8943992,kindergarten,d02,kindergartens
wfs:KINDERGARTENOGD.8943993,kindergarten,d02,kindergartens
wfs:KINDERGARTENOGD.8943994,kindergarten,d02,kindergartens
wfs:KINDERGARTENOGD.8943995,kindergarten,d02,kindergartens
wfs:KINDERGARTENOGD.8943996,kindergarten,d02,kindergartens
wfs:KINDERGARTENOGD.8943997,kindergarten,d02,kindergartens
wfs:KINDERGARTENOGD.8943998,kindergarten,d02,kindergartens
wfs:KINDERGARTENOGD.8943999,kindergarten,d02,kindergartens
wfs:KINDERGARTENOGD.8944000,kindergarten,d08,kindergartens
wfs:KINDERGARTENOGD.8944001,kindergarten,d10,kindergartens
wfs:KINDERGARTENOGD.8944002,kindergarten,d10,kindergartens
wfs:KINDERGARTENOGD.8944003,kindergarten,d02,kindergartens
wfs:KINDERGARTENOGD.8944004,kindergarten,d22,kindergartens
wfs:KINDERGARTENOGD.8944005,kindergarten,d19,kindergartens
wfs:KINDERGARTENOGD.8944006,kindergarten,d20,kindergartens
wfs:KINDERGARTENOGD.8944007,kindergarten,d20,kindergartens
wfs:KINDERGARTENOGD.8944008,kindergarten,d20,kindergartens
wfs:KINDERGARTENOGD.8944009,kindergarten,d20,kindergartens
wfs:KINDERGARTENOGD.8944010,kindergarten,d20,kindergartens
wfs:KINDERGARTENOGD.8944011,kindergarten,d20,kindergartens
wfs:KINDERGARTENOGD.8944012,kindergarten,d20,kindergartens
wfs:KINDERGARTENOGD.8944013,kindergarten,d20,kindergartens
wfs:KINDERGARTENOGD.8944014,kindergarten,d20,kindergartens
wfs:KINDERGARTENOGD.8944015,kindergarten,d20,kindergartens
wfs:KINDERGARTENOGD.8944016,kindergarten,d20,kindergartens
wfs:KINDERGARTENOGD.8944017,kindergarten,d20,kindergartens
wfs:KINDERGARTENOGD.8944018,kindergarten,d02,kindergartens
wfs:KINDERGARTENOGD.8944019,kindergarten,d21,kindergartens
wfs:KINDERGARTENOGD.8944020,kindergarten,d21,kindergartens
wfs:KINDERGARTENOGD.8944021,kindergarten,d02,kindergartens
wfs:KINDERGARTENOGD.8944667,kindergarten,d22,kindergartens
wfs:KINDERGARTENOGD.8944668,kindergarten,d23,kindergartens
wfs:KINDERGARTENOGD.8944669,kindergarten,d20,kindergartens
wfs:KINDERGARTENOGD.8944670,kindergarten,d15,kindergartens
wfs:KINDERGARTENOGD.8944671,kindergarten,d02,kindergartens
wfs:KINDERGARTENOGD.8944672,kindergarten,d21,kindergartens
wfs:KINDERGARTENOGD.8944673,kindergarten,d22,kindergartens
wfs:KINDERGARTENOGD.8944674,kindergarten,d07,kindergartens
wfs:KINDERGARTENOGD.8944675,kindergarten,d14,kindergartens
wfs:KINDERGARTENOGD.8944676,kindergarten,d21,kindergartens
wfs:KINDERGARTENOGD.8944677,kindergarten,d22,kindergartens
wfs:KINDERGARTENOGD.8944678,kindergarten,d23,kindergartens
wfs:KINDERGARTENOGD.8944679,kindergarten,d23,kindergartens
wfs:KINDERGARTENOGD.8944666,kindergarten,d21,kindergartens
wfs:KINDERGARTENOGD.8944680,kindergarten,d10,kindergartens
wfs:KINDERGARTENOGD.8944681,kindergarten,d08,kindergartens
wfs:KINDERGARTENOGD.8944682,kindergarten,d21,kindergartens
wfs:KINDERGARTENOGD.8944683,kindergarten,d21,kindergartens
wfs:KINDERGARTENOGD.8944684,kindergarten,d19,kindergartens
wfs:KINDERGARTENOGD.8944685,kindergarten,d11,kindergartens
wfs:KINDERGARTENOGD.8944686,kindergarten,d21,kindergartens
wfs:KINDERGARTENOGD.8944687,kindergarten,d11,kindergartens
wfs:KINDERGARTENOGD.8944688,kindergarten,d13,kindergartens
wfs:KINDERGARTENOGD.8944689,kindergarten,d21,kindergartens
wfs:KINDERGARTENOGD.8944690,kindergarten,d23,kindergartens
wfs:KINDERGARTENOGD.8944691,kindergarten,d21,kindergartens
wfs:KINDERGARTENOGD.8944692,kindergarten,d22,kindergartens
wfs:KINDERGARTENOGD.8944693,kindergarten,d22,kindergartens
wfs:KINDERGARTENOGD.8944694,kindergarten,d23,kindergartens
wfs:KINDERGARTENOGD.8944695,kindergarten,d23,kindergartens
wfs:KINDERGARTENOGD.8944696,kindergarten,d12,kindergartens
wfs:KINDERGARTENOGD.8944697,kindergarten,d08,kindergartens
wfs:KINDERGARTENOGD.8944698,kindergarten,d22,kindergartens
wfs:KINDERGARTENOGD.8944699,kindergarten,d04,kindergartens
wfs:KINDERGARTENOGD.8944700,kindergarten,d12,kindergartens
wfs:KINDERGARTENOGD.8944701,kindergarten,d01,kindergartens
wfs:KINDERGARTENOGD.8944702,kindergarten,d14,kindergartens
wfs:KINDERGARTENOGD.8944703,kindergarten,d23,kindergartens
wfs:KINDERGARTENOGD.8944561,kindergarten,d02,kindergartens
wfs:KINDERGARTENOGD.8944562,kindergarten,d10,kindergartens
wfs:KINDERGARTENOGD.8944563,kindergarten,d04,kindergartens
wfs:KINDERGARTENOGD.8944564,kindergarten,d21,kindergartens
wfs:KINDERGARTENOGD.8944565,kindergarten,d03,kindergartens
wfs:KINDERGARTENOGD.8944566,kindergarten,d18,kindergartens
wfs:KINDERGARTENOGD.8944567,kindergarten,d23,kindergartens
wfs:KINDERGARTENOGD.8944568,kindergarten,d15,kindergartens
wfs:KINDERGARTENOGD.8944569,kindergarten,d14,kindergartens
wfs:KINDERGARTENOGD.8944570,kindergarten,d22,kindergartens
wfs:KINDERGARTENOGD.8944571,kindergarten,d22,kindergartens
wfs:KINDERGARTENOGD.8944572,kindergarten,d13,kindergartens
wfs:KINDERGARTENOGD.8944573,kindergarten,d02,kindergartens
wfs:KINDERGARTENOGD.8944574,kindergarten,d07,kindergartens
wfs:KINDERGARTENOGD.8944575,kindergarten,d18,kindergartens
wfs:KINDERGARTENOGD.8944576,kindergarten,d16,kindergartens
wfs:KINDERGARTENOGD.8944577,kindergarten,d22,kindergartens
wfs:KINDERGARTENOGD.8944578,kindergarten,d10,kindergartens
wfs:KINDERGARTENOGD.8944579,kindergarten,d11,kindergartens
wfs:KINDERGARTENOGD.8944580,kindergarten,d22,kindergartens
wfs:KINDERGARTENOGD.8944581,kindergarten,d09,kindergartens
wfs:KINDERGARTENOGD.8944582,kindergarten,d03,kindergartens
wfs:KINDERGARTENOGD.8944583,kindergarten,d03,kindergartens
wfs:KINDERGARTENOGD.8944584,kindergarten,d06,kindergartens
wfs:KINDERGARTENOGD.8944585,kindergarten,d12,kindergartens
wfs:KINDERGARTENOGD.8944586,kindergarten,d15,kindergartens
wfs:KINDERGARTENOGD.8944587,kindergarten,d15,kindergartens
wfs:KINDERGARTENOGD.8944588,kindergarten,d21,kindergartens
wfs:KINDERGARTENOGD.8944589,kindergarten,d10,kindergartens
wfs:KINDERGARTENOGD.8944590,kindergarten,d13,kindergartens
wfs:KINDERGARTENOGD.8944591,kindergarten,d22,kindergartens
wfs:KINDERGARTENOGD.8944592,kindergarten,d16,kindergartens
wfs:KINDERGARTENOGD.8944593,kindergarten,d16,kindergartens
wfs:KINDERGARTENOGD.8944594,kindergarten,d16,kindergartens
wfs:KINDERGARTENOGD.8944595,kindergarten,d16,kindergartens
wfs:KINDERGARTENOGD.8944596,kindergarten,d22,kindergartens
wfs:KINDERGARTENOGD.8944597,kindergarten,d16,kindergartens
wfs:KINDERGARTENOGD.8944598,kindergarten,d12,kindergartens
wfs:KINDERGARTENOGD.8944599,kindergarten,d10,kindergartens
wfs:KINDERGARTENOGD.8944600,kindergarten,d10,kindergartens
wfs:KINDERGARTENOGD.8944601,kindergarten,d14,kindergartens
wfs:KINDERGARTENOGD.8944602,kindergarten,d13,kindergartens
wfs:KINDERGARTENOGD.8944603,kindergarten,d20,kindergartens
wfs:KINDERGARTENOGD.8944604,kindergarten,d22,kindergartens
wfs:KINDERGARTENOGD.8944605,kindergarten,d09,kindergartens
wfs:KINDERGARTENOGD.8944606,kindergarten,d04,kindergartens
wfs:KINDERGARTENOGD.8944607,kindergarten,d21,kindergartens
wfs:KINDERGARTENOGD.8944608,kindergarten,d22,kindergartens
wfs:KINDERGARTENOGD.8944609,kindergarten,d10,kindergartens
wfs:KINDERGARTENOGD.8944610,kindergarten,d11,kindergartens
wfs:KINDERGARTENOGD.8944611,kindergarten,d03,kindergartens
wfs:KINDERGARTENOGD.8944612,kindergarten,d23,kindergartens
wfs:KINDERGARTENOGD.8944613,kindergarten,d23,kindergartens
wfs:KINDERGARTENOGD.8944614,kindergarten,d11,kindergartens
wfs:KINDERGARTENOGD.8944615,kindergarten,d02,kindergartens
wfs:KINDERGARTENOGD.8944616,kindergarten,d10,kindergartens
wfs:KINDERGARTENOGD.8944617,kindergarten,d14,kindergartens
wfs:KINDERGARTENOGD.8944618,kindergarten,d21,kindergartens
wfs:KINDERGARTENOGD.8944619,kindergarten,d15,kindergartens
wfs:KINDERGARTENOGD.8944620,kindergarten,d10,kindergartens
wfs:KINDERGARTENOGD.8944621,kindergarten,d21,kindergartens
wfs:KINDERGARTENOGD.8944622,kindergarten,d03,kindergartens
wfs:KINDERGARTENOGD.8944623,kindergarten,d23,kindergartens
wfs:KINDERGARTENOGD.8944624,kindergarten,d21,kindergartens
wfs:KINDERGARTENOGD.8944625,kindergarten,d17,kindergartens
wfs:KINDERGARTENOGD.8944626,kindergarten,d20,kindergartens
wfs:KINDERGARTENOGD.8944627,kindergarten,d14,kindergartens
wfs:KINDERGARTENOGD.8944628,kindergarten,d03,kindergartens
wfs:KINDERGARTENOGD.8944629,kindergarten,d19,kindergartens
wfs:KINDERGARTENOGD.8944630,kindergarten,d11,kindergartens
wfs:KINDERGARTENOGD.8944631,kindergarten,d10,kindergartens
wfs:KINDERGARTENOGD.8944632,kindergarten,d02,kindergartens
wfs:KINDERGARTENOGD.8944633,kindergarten,d22,kindergartens
wfs:KINDERGARTENOGD.8944634,kindergarten,d18,kindergartens
wfs:KINDERGARTENOGD.8944635,kindergarten,d12,kindergartens
wfs:KINDERGARTENOGD.8944636,kindergarten,d11,kindergartens
wfs:KINDERGARTENOGD.8944637,kindergarten,d12,kindergartens
wfs:KINDERGARTENOGD.8944638,kindergarten,d10,kindergartens
wfs:KINDERGARTENOGD.8944639,kindergarten,d10,kindergartens
wfs:KINDERGARTENOGD.8944640,kindergarten,d14,kindergartens
wfs:KINDERGARTENOGD.8944641,kindergarten,d23,kindergartens
wfs:KINDERGARTENOGD.8944642,kindergarten,d22,kindergartens
wfs:KINDERGARTENOGD.8944643,kindergarten,d04,kindergartens
wfs:KINDERGARTENOGD.8944644,kindergarten,d22,kindergartens
wfs:KINDERGARTENOGD.8944645,kindergarten,d14,kindergartens
wfs:KINDERGARTENOGD.8944646,kindergarten,d17,kindergartens
wfs:KINDERGARTENOGD.8944647,kindergarten,d16,kindergartens
wfs:KINDERGARTENOGD.8944648,kindergarten,d03,kindergartens
wfs:KINDERGARTENOGD.8944649,kindergarten,d15,kindergartens
wfs:KINDERGARTENOGD.8944650,kindergarten,d12,kindergartens
wfs:KINDERGARTENOGD.8944651,kindergarten,d12,kindergartens
wfs:KINDERGARTENOGD.8944652,kindergarten,d07,kindergartens
wfs:KINDERGARTENOGD.8944653,kindergarten,d15,kindergartens
wfs:KINDERGARTENOGD.8944654,kindergarten,d02,kindergartens
wfs:KINDERGARTENOGD.8944655,kindergarten,d04,kindergartens
wfs:KINDERGARTENOGD.8944656,kindergarten,d22,kindergartens
wfs:KINDERGARTENOGD.8944657,kindergarten,d16,kindergartens
wfs:KINDERGARTENOGD.8944658,kindergarten,d21,kindergartens
wfs:KINDERGARTENOGD.8944659,kindergarten,d21,kindergartens
wfs:KINDERGARTENOGD.8944660,kindergarten,d10,kindergartens
wfs:KINDERGARTENOGD.8944661,kindergarten,d19,kindergartens
wfs:KINDERGARTENOGD.8944662,kindergarten,d10,kindergartens
wfs:KINDERGARTENOGD.8944663,kindergarten,d22,kindergartens
wfs:KINDERGARTENOGD.8944664,kindergarten,d22,kindergartens
wfs:KINDERGARTENOGD.8944665,kindergarten,d03,kindergartens
wfs:KINDERGARTENOGD.8944437,kindergarten,d21,kindergartens
wfs:KINDERGARTENOGD.8944438,kindergarten,d09,kindergartens
wfs:KINDERGARTENOGD.8944439,kindergarten,d18,kindergartens
wfs:KINDERGARTENOGD.8944440,kindergarten,d03,kindergartens
wfs:KINDERGARTENOGD.8944441,kindergarten,d12,kindergartens
wfs:KINDERGARTENOGD.8944442,kindergarten,d22,kindergartens
wfs:KINDERGARTENOGD.8944443,kindergarten,d21,kindergartens
wfs:KINDERGARTENOGD.8944444,kindergarten,d10,kindergartens
wfs:KINDERGARTENOGD.8944445,kindergarten,d04,kindergartens
wfs:KINDERGARTENOGD.8944446,kindergarten,d23,kindergartens
wfs:KINDERGARTENOGD.8944447,kindergarten,d21,kindergartens
wfs:KINDERGARTENOGD.8944448,kindergarten,d23,kindergartens
wfs:KINDERGARTENOGD.8944449,kindergarten,d22,kindergartens
wfs:KINDERGARTENOGD.8944520,kindergarten,d02,kindergartens
wfs:KINDERGARTENOGD.8944521,kindergarten,d03,kindergartens
wfs:KINDERGARTENOGD.8944522,kindergarten,d12,kindergartens
wfs:KINDERGARTENOGD.8944523,kindergarten,d19,kindergartens
wfs:KINDERGARTENOGD.8944524,kindergarten,d02,kindergartens
wfs:KINDERGARTENOGD.8944525,kindergarten,d16,kindergartens
wfs:KINDERGARTENOGD.8944526,kindergarten,d03,kindergartens
wfs:KINDERGARTENOGD.8944527,kindergarten,d03,kindergartens
wfs:KINDERGARTENOGD.8944528,kindergarten,d23,kindergartens
wfs:KINDERGARTENOGD.8944529,kindergarten,d14,kindergartens
wfs:KINDERGARTENOGD.8944530,kindergarten,d22,kindergartens
wfs:KINDERGARTENOGD.8944531,kindergarten,d22,kindergartens
wfs:KINDERGARTENOGD.8944532,kindergarten,d14,kindergartens
wfs:KINDERGARTENOGD.8944533,kindergarten,d22,kindergartens
wfs:KINDERGARTENOGD.8944534,kindergarten,d11,kindergartens
wfs:KINDERGARTENOGD.8944535,kindergarten,d10,kindergartens
wfs:KINDERGARTENOGD.8944536,kindergarten,d22,kindergartens
wfs:KINDERGARTENOGD.8944537,kindergarten,d17,kindergartens
wfs:KINDERGARTENOGD.8944538,kindergarten,d21,kindergartens
wfs:KINDERGARTENOGD.8944539,kindergarten,d17,kindergartens
wfs:KINDERGARTENOGD.8944540,kindergarten,d05,kindergartens
wfs:KINDERGARTENOGD.8944541,kindergarten,d22,kindergartens
wfs:KINDERGARTENOGD.8944542,kindergarten,d17,kindergartens
wfs:KINDERGARTENOGD.8944543,kindergarten,d12,kindergartens
wfs:KINDERGARTENOGD.8944544,kindergarten,d17,kindergartens
wfs:KINDERGARTENOGD.8944545,kindergarten,d11,kindergartens
wfs:KINDERGARTENOGD.8944546,kindergarten,d11,kindergartens
wfs:KINDERGARTENOGD.8944547,kindergarten,d10,kindergartens
wfs:KINDERGARTENOGD.8944548,kindergarten,d16,kindergartens
wfs:KINDERGARTENOGD.8944549,kindergarten,d16,kindergartens
wfs:KINDERGARTENOGD.8944550,kindergarten,d10,kindergartens
wfs:KINDERGARTENOGD.8944551,kindergarten,d22,kindergartens
wfs:KINDERGARTENOGD.8944552,kindergarten,d10,kindergartens
wfs:KINDERGARTENOGD.8944553,kindergarten,d22,kindergartens
wfs:KINDERGARTENOGD.8944554,kindergarten,d14,kindergartens
wfs:KINDERGARTENOGD.8944555,kindergarten,d10,kindergartens
wfs:KINDERGARTENOGD.8944556,kindergarten,d22,kindergartens
wfs:KINDERGARTENOGD.8944557,kindergarten,d23,kindergartens
wfs:KINDERGARTENOGD.8944558,kindergarten,d23,kindergartens
wfs:KINDERGARTENOGD.8944559,kindergarten,d08,kindergartens
wfs:KINDERGARTENOGD.8944560,kindergarten,d02,kindergartens
wfs:KINDERGARTENOGD.8944450,kindergarten,d04,kindergartens
wfs:KINDERGARTENOGD.8944451,kindergarten,d21,kindergartens
wfs:KINDERGARTENOGD.8944452,kindergarten,d10,kindergartens
wfs:KINDERGARTENOGD.8944453,kindergarten,d22,kindergartens
wfs:KINDERGARTENOGD.8944454,kindergarten,d16,kindergartens
wfs:KINDERGARTENOGD.8944455,kindergarten,d12,kindergartens
wfs:KINDERGARTENOGD.8944456,kindergarten,d10,kindergartens
wfs:KINDERGARTENOGD.8944457,kindergarten,d10,kindergartens
wfs:KINDERGARTENOGD.8944458,kindergarten,d10,kindergartens
wfs:KINDERGARTENOGD.8944459,kindergarten,d09,kindergartens
wfs:KINDERGARTENOGD.8944460,kindergarten,d02,kindergartens
wfs:KINDERGARTENOGD.8944461,kindergarten,d21,kindergartens
wfs:KINDERGARTENOGD.8944462,kindergarten,d21,kindergartens
wfs:KINDERGARTENOGD.8944463,kindergarten,d02,kindergartens
wfs:KINDERGARTENOGD.8944464,kindergarten,d16,kindergartens
wfs:KINDERGARTENOGD.8944465,kindergarten,d10,kindergartens
wfs:KINDERGARTENOGD.8944466,kindergarten,d10,kindergartens
wfs:KINDERGARTENOGD.8944467,kindergarten,d23,kindergartens
wfs:KINDERGARTENOGD.8944468,kindergarten,d03,kindergartens
wfs:KINDERGARTENOGD.8944469,kindergarten,d21,kindergartens
wfs:KINDERGARTENOGD.8944470,kindergarten,d16,kindergartens
wfs:KINDERGARTENOGD.8944471,kindergarten,d21,kindergartens
wfs:KINDERGARTENOGD.8944472,kindergarten,d17,kindergartens
wfs:KINDERGARTENOGD.8944473,kindergarten,d16,kindergartens
wfs:KINDERGARTENOGD.8944474,kindergarten,d10,kindergartens
wfs:KINDERGARTENOGD.8944475,kindergarten,d12,kindergartens
wfs:KINDERGARTENOGD.8944476,kindergarten,d10,kindergartens
wfs:KINDERGARTENOGD.8944477,kindergarten,d02,kindergartens
wfs:KINDERGARTENOGD.8944478,kindergarten,d11,kindergartens
wfs:KINDERGARTENOGD.8944479,kindergarten,d20,kindergartens
wfs:KINDERGARTENOGD.8944480,kindergarten,d22,kindergartens
wfs:KINDERGARTENOGD.8944481,kindergarten,d21,kindergartens
wfs:KINDERGARTENOGD.8944482,kindergarten,d10,kindergartens
wfs:KINDERGARTENOGD.8944483,kindergarten,d22,kindergartens
wfs:KINDERGARTENOGD.8944484,kindergarten,d23,kindergartens
wfs:KINDERGARTENOGD.8944485,kindergarten,d10,kindergartens
wfs:KINDERGARTENOGD.8944486,kindergarten,d03,kindergartens
wfs:KINDERGARTENOGD.8944487,kindergarten,d04,kindergartens
wfs:KINDERGARTENOGD.8944488,kindergarten,d10,kindergartens
wfs:KINDERGARTENOGD.8944489,kindergarten,d11,kindergartens
wfs:KINDERGARTENOGD.8944490,kindergarten,d01,kindergartens
wfs:KINDERGARTENOGD.8944491,kindergarten,d15,kindergartens
wfs:KINDERGARTENOGD.8944492,kindergarten,d23,kindergartens
wfs:KINDERGARTENOGD.8944493,kindergarten,d10,kindergartens
wfs:KINDERGARTENOGD.8944494,kindergarten,d02,kindergartens
wfs:KINDERGARTENOGD.8944495,kindergarten,d03,kindergartens
wfs:KINDERGARTENOGD.8944496,kindergarten,d06,kindergartens
wfs:KINDERGARTENOGD.8944497,kindergarten,d22,kindergartens
wfs:KINDERGARTENOGD.8944498,kindergarten,d02,kindergartens
wfs:KINDERGARTENOGD.8944499,kindergarten,d22,kindergartens
wfs:KINDERGARTENOGD.8944500,kindergarten,d15,kindergartens
wfs:KINDERGARTENOGD.8944501,kindergarten,d19,kindergartens
wfs:KINDERGARTENOGD.8944502,kindergarten,d21,kindergartens
wfs:KINDERGARTENOGD.8944503,kindergarten,d16,kindergartens
wfs:KINDERGARTENOGD.8944504,kindergarten,d11,kindergartens
wfs:KINDERGARTENOGD.8944505,kindergarten,d21,kindergartens
wfs:KINDERGARTENOGD.8944506,kindergarten,d22,kindergartens
wfs:KINDERGARTENOGD.8944507,kindergarten,d10,kindergartens
wfs:KINDERGARTENOGD.8944508,kindergarten,d22,kindergartens
wfs:KINDERGARTENOGD.8944509,kindergarten,d22,kindergartens
wfs:KINDERGARTENOGD.8944510,kindergarten,d22,kindergartens
wfs:KINDERGARTENOGD.8944511,kindergarten,d14,kindergartens
wfs:KINDERGARTENOGD.8944512,kindergarten,d11,kindergartens
wfs:KINDERGARTENOGD.8944513,kindergarten,d13,kindergartens
wfs:KINDERGARTENOGD.8944514,kindergarten,d21,kindergartens
wfs:KINDERGARTENOGD.8944515,kindergarten,d22,kindergartens
wfs:KINDERGARTENOGD.8944516,kindergarten,d02,kindergartens
wfs:KINDERGARTENOGD.8944517,kindergarten,d21,kindergartens
wfs:KINDERGARTENOGD.8944518,kindergarten,d23,kindergartens
wfs:KINDERGARTENOGD.8944519,kindergarten,d14,kindergartens
wfs:KINDERGARTENOGD.8944353,kindergarten,d16,kindergartens
wfs:KINDERGARTENOGD.8944354,kindergarten,d10,kindergartens
wfs:KINDERGARTENOGD.8944355,kindergarten,d08,kindergartens
wfs:KINDERGARTENOGD.8944356,kindergarten,d10,kindergartens
wfs:KINDERGARTENOGD.8944357,kindergarten,d21,kindergartens
wfs:KINDERGARTENOGD.8944358,kindergarten,d23,kindergartens
wfs:KINDERGARTENOGD.8944359,kindergarten,d22,kindergartens
wfs:KINDERGARTENOGD.8944360,kindergarten,d22,kindergartens
wfs:KINDERGARTENOGD.8944361,kindergarten,d02,kindergartens
wfs:KINDERGARTENOGD.8944362,kindergarten,d02,kindergartens
wfs:KINDERGARTENOGD.8944363,kindergarten,d18,kindergartens
wfs:KINDERGARTENOGD.8944364,kindergarten,d13,kindergartens
wfs:KINDERGARTENOGD.8944365,kindergarten,d13,kindergartens
wfs:KINDERGARTENOGD.8944366,kindergarten,d11,kindergartens
wfs:KINDERGARTENOGD.8944367,kindergarten,d19,kindergartens
wfs:KINDERGARTENOGD.8944368,kindergarten,d21,kindergartens
wfs:KINDERGARTENOGD.8944369,kindergarten,d22,kindergartens
wfs:KINDERGARTENOGD.8944370,kindergarten,d19,kindergartens
wfs:KINDERGARTENOGD.8944371,kindergarten,d23,kindergartens
wfs:KINDERGARTENOGD.8944372,kindergarten,d13,kindergartens
wfs:KINDERGARTENOGD.8944373,kindergarten,d10,kindergartens
wfs:KINDERGARTENOGD.8944374,kindergarten,d16,kindergartens
wfs:KINDERGARTENOGD.8944375,kindergarten,d10,kindergartens
wfs:KINDERGARTENOGD.8944376,kindergarten,d23,kindergartens
wfs:KINDERGARTENOGD.8944377,kindergarten,d22,kindergartens
wfs:KINDERGARTENOGD.8944378,kindergarten,d04,kindergartens
wfs:KINDERGARTENOGD.8944379,kindergarten,d12,kindergartens
wfs:KINDERGARTENOGD.8944380,kindergarten,d12,kindergartens
wfs:KINDERGARTENOGD.8944381,kindergarten,d21,kindergartens
wfs:KINDERGARTENOGD.8944382,kindergarten,d23,kindergartens
wfs:KINDERGARTENOGD.8944383,kindergarten,d10,kindergartens
wfs:KINDERGARTENOGD.8944384,kindergarten,d10,kindergartens
wfs:KINDERGARTENOGD.8944385,kindergarten,d10,kindergartens
wfs:KINDERGARTENOGD.8944386,kindergarten,d21,kindergartens
wfs:KINDERGARTENOGD.8944387,kindergarten,d22,kindergartens
wfs:KINDERGARTENOGD.8944388,kindergarten,d02,kindergartens
wfs:KINDERGARTENOGD.8944389,kindergarten,d02,kindergartens
wfs:KINDERGARTENOGD.8944390,kindergarten,d02,kindergartens
wfs:KINDERGARTENOGD.8944391,kindergarten,d23,kindergartens
wfs:KINDERGARTENOGD.8944392,kindergarten,d12,kindergartens
wfs:KINDERGARTENOGD.8944393,kindergarten,d22,kindergartens
wfs:KINDERGARTENOGD.8944394,kindergarten,d09,kindergartens
wfs:KINDERGARTENOGD.8944395,kindergarten,d22,kindergartens
wfs:KINDERGARTENOGD.8944396,kindergarten,d12,kindergartens
wfs:KINDERGARTENOGD.8944397,kindergarten,d11,kindergartens
wfs:KINDERGARTENOGD.8944398,kindergarten,d10,kindergartens
wfs:KINDERGARTENOGD.8944399,kindergarten,d18,kindergartens
wfs:KINDERGARTENOGD.8944400,kindergarten,d23,kindergartens
wfs:KINDERGARTENOGD.8944401,kindergarten,d07,kindergartens
wfs:KINDERGARTENOGD.8944402,kindergarten,d21,kindergartens
wfs:KINDERGARTENOGD.8944403,kindergarten,d18,kindergartens
wfs:KINDERGARTENOGD.8944404,kindergarten,d10,kindergartens
wfs:KINDERGARTENOGD.8944405,kindergarten,d12,kindergartens
wfs:KINDERGARTENOGD.8944406,kindergarten,d10,kindergartens
wfs:KINDERGARTENOGD.8944407,kindergarten,d10,kindergartens
wfs:KINDERGARTENOGD.8944408,kindergarten,d22,kindergartens
wfs:KINDERGARTENOGD.8944409,kindergarten,d10,kindergartens
wfs:KINDERGARTENOGD.8944410,kindergarten,d04,kindergartens
wfs:KINDERGARTENOGD.8944411,kindergarten,d11,kindergartens
wfs:KINDERGARTENOGD.8944412,kindergarten,d14,kindergartens
wfs:KINDERGARTENOGD.8944413,kindergarten,d15,kindergartens
wfs:KINDERGARTENOGD.8944414,kindergarten,d23,kindergartens
wfs:KINDERGARTENOGD.8944415,kindergarten,d02,kindergartens
wfs:KINDERGARTENOGD.8944416,kindergarten,d15,kindergartens
wfs:KINDERGARTENOGD.8944417,kindergarten,d08,kindergartens
wfs:KINDERGARTENOGD.8944418,kindergarten,d17,kindergartens
wfs:KINDERGARTENOGD.8944419,kindergarten,d10,kindergartens
wfs:KINDERGARTENOGD.8944420,kindergarten,d20,kindergartens
wfs:KINDERGARTENOGD.8944421,kindergarten,d20,kindergartens
wfs:KINDERGARTENOGD.8944422,kindergarten,d22,kindergartens
wfs:KINDERGARTENOGD.8944423,kindergarten,d12,kindergartens
wfs:KINDERGARTENOGD.8944424,kindergarten,d14,kindergartens
wfs:KINDERGARTENOGD.8944425,kindergarten,d14,kindergartens
wfs:KINDERGARTENOGD.8944426,kindergarten,d14,kindergartens
wfs:KINDERGARTENOGD.8944427,kindergarten,d02,kindergartens
wfs:KINDERGARTENOGD.8944428,kindergarten,d10,kindergartens
wfs:KINDERGARTENOGD.8944429,kindergarten,d21,kindergartens
wfs:KINDERGARTENOGD.8944430,kindergarten,d17,kindergartens
wfs:KINDERGARTENOGD.8944431,kindergarten,d11,kindergartens
wfs:KINDERGARTENOGD.8944432,kindergarten,d22,kindergartens
wfs:KINDERGARTENOGD.8944433,kindergarten,d11,kindergartens
wfs:KINDERGARTENOGD.8944434,kindergarten,d11,kindergartens
wfs:KINDERGARTENOGD.8944435,kindergarten,d23,kindergartens
wfs:KINDERGARTENOGD.8944436,kindergarten,d02,kindergartens
wfs:KINDERGARTENOGD.8943704,kindergarten,d08,kindergartens
wfs:KINDERGARTENOGD.8943705,kindergarten,d09,kindergartens
wfs:KINDERGARTENOGD.8943706,kindergarten,d09,kindergartens
wfs:KINDERGARTENOGD.8943707,kindergarten,d11,kindergartens
wfs:KINDERGARTENOGD.8943708,kindergarten,d11,kindergartens
wfs:KINDERGARTENOGD.8943709,kindergarten,d11,kindergartens
wfs:KINDERGARTENOGD.8943710,kindergarten,d11,kindergartens
wfs:KINDERGARTENOGD.8943711,kindergarten,d11,kindergartens
wfs:KINDERGARTENOGD.8943712,kindergarten,d11,kindergartens
wfs:KINDERGARTENOGD.8943713,kindergarten,d11,kindergartens
wfs:KINDERGARTENOGD.8943714,kindergarten,d17,kindergartens
wfs:KINDERGARTENOGD.8943715,kindergarten,d17,kindergartens
wfs:KINDERGARTENOGD.8943716,kindergarten,d17,kindergartens
wfs:KINDERGARTENOGD.8943717,kindergarten,d18,kindergartens
wfs:KINDERGARTENOGD.8943916,kindergarten,d10,kindergartens
wfs:KINDERGARTENOGD.8943917,kindergarten,d10,kindergartens
wfs:KINDERGARTENOGD.8943918,kindergarten,d12,kindergartens
wfs:KINDERGARTENOGD.8943919,kindergarten,d12,kindergartens
wfs:KINDERGARTENOGD.8943920,kindergarten,d12,kindergartens
wfs:KINDERGARTENOGD.8943921,kindergarten,d12,kindergartens
wfs:KINDERGARTENOGD.8943922,kindergarten,d13,kindergartens
wfs:KINDERGARTENOGD.8943923,kindergarten,d13,kindergartens
wfs:KINDERGARTENOGD.8943924,kindergarten,d14,kindergartens
wfs:KINDERGARTENOGD.8943925,kindergarten,d14,kindergartens
wfs:KINDERGARTENOGD.8943926,kindergarten,d15,kindergartens
wfs:KINDERGARTENOGD.8943927,kindergarten,d15,kindergartens
wfs:KINDERGARTENOGD.8943263,kindergarten,d02,kindergartens
wfs:KINDERGARTENOGD.8943264,kindergarten,d20,kindergartens
wfs:KINDERGARTENOGD.8943265,kindergarten,d02,kindergartens
wfs:KINDERGARTENOGD.8943266,kindergarten,d05,kindergartens
wfs:KINDERGARTENOGD.8943267,kindergarten,d05,kindergartens
wfs:KINDERGARTENOGD.8943268,kindergarten,d03,kindergartens
wfs:KINDERGARTENOGD.8943269,kindergarten,d15,kindergartens
wfs:KINDERGARTENOGD.8943270,kindergarten,d02,kindergartens
wfs:KINDERGARTENOGD.8943271,kindergarten,d20,kindergartens
wfs:KINDERGARTENOGD.8943272,kindergarten,d20,kindergartens
wfs:KINDERGARTENOGD.8943273,kindergarten,d07,kindergartens
wfs:KINDERGARTENOGD.8943274,kindergarten,d23,kindergartens
wfs:KINDERGARTENOGD.8943275,kindergarten,d06,kindergartens
wfs:KINDERGARTENOGD.8943276,kindergarten,d13,kindergartens
wfs:KINDERGARTENOGD.8943277,kindergarten,d16,kindergartens
wfs:KINDERGARTENOGD.8943278,kindergarten,d15,kindergartens
wfs:KINDERGARTENOGD.8943500,kindergarten,d01,kindergartens
wfs:KINDERGARTENOGD.8943501,kindergarten,d01,kindergartens
wfs:KINDERGARTENOGD.8943502,kindergarten,d02,kindergartens
wfs:KINDERGARTENOGD.8943503,kindergarten,d02,kindergartens
wfs:KINDERGARTENOGD.8943504,kindergarten,d19,kindergartens
wfs:KINDERGARTENOGD.8943505,kindergarten,d20,kindergartens
wfs:KINDERGARTENOGD.8943506,kindergarten,d20,kindergartens
wfs:KINDERGARTENOGD.8943507,kindergarten,d20,kindergartens
wfs:KINDERGARTENOGD.8943508,kindergarten,d21,kindergartens
wfs:KINDERGARTENOGD.8943509,kindergarten,d21,kindergartens
wfs:KINDERGARTENOGD.8943510,kindergarten,d21,kindergartens
wfs:KINDERGARTENOGD.8943511,kindergarten,d21,kindergartens
wfs:KINDERGARTENOGD.8943928,kindergarten,d15,kindergartens
wfs:KINDERGARTENOGD.8943929,kindergarten,d23,kindergartens
wfs:KINDERGARTENOGD.8943930,kindergarten,d23,kindergartens
wfs:KINDERGARTENOGD.8943931,kindergarten,d23,kindergartens
wfs:KINDERGARTENOGD.8943932,kindergarten,d23,kindergartens
wfs:KINDERGARTENOGD.8943933,kindergarten,d10,kindergartens
wfs:KINDERGARTENOGD.8943934,kindergarten,d10,kindergartens
wfs:KINDERGARTENOGD.8943935,kindergarten,d10,kindergartens
wfs:KINDERGARTENOGD.8943936,kindergarten,d10,kindergartens
wfs:KINDERGARTENOGD.8943937,kindergarten,d10,kindergartens
wfs:KINDERGARTENOGD.8943938,kindergarten,d10,kindergartens
wfs:KINDERGARTENOGD.8943939,kindergarten,d12,kindergartens
wfs:KINDERGARTENOGD.8943940,kindergarten,d12,kindergartens
wfs:KINDERGARTENOGD.8943028,kindergarten,d09,kindergartens
wfs:KINDERGARTENOGD.8943029,kindergarten,d09,kindergartens
wfs:KINDERGARTENOGD.8943030,kindergarten,d09,kindergartens
wfs:KINDERGARTENOGD.8943031,kindergarten,d02,kindergartens
wfs:KINDERGARTENOGD.8943032,kindergarten,d02,kindergartens
wfs:KINDERGARTENOGD.8943033,kindergarten,d02,kindergartens
wfs:KINDERGARTENOGD.8943034,kindergarten,d02,kindergartens
wfs:KINDERGARTENOGD.8943035,kindergarten,d02,kindergartens
wfs:KINDERGARTENOGD.8943036,kindergarten,d03,kindergartens
wfs:KINDERGARTENOGD.8943037,kindergarten,d03,kindergartens
wfs:KINDERGARTENOGD.8943038,kindergarten,d03,kindergartens
wfs:KINDERGARTENOGD.8943039,kindergarten,d04,kindergartens
wfs:KINDERGARTENOGD.8943040,kindergarten,d04,kindergartens
wfs:KINDERGARTENOGD.8943027,kindergarten,d09,kindergartens
wfs:KINDERGARTENOGD.8943041,kindergarten,d04,kindergartens
wfs:KINDERGARTENOGD.8943042,kindergarten,d02,kindergartens
wfs:KINDERGARTENOGD.8943043,kindergarten,d06,kindergartens
wfs:KINDERGARTENOGD.8943280,kindergarten,d03,kindergartens
wfs:KINDERGARTENOGD.8943281,kindergarten,d22,kindergartens
wfs:KINDERGARTENOGD.8943282,kindergarten,d22,kindergartens
wfs:KINDERGARTENOGD.8943283,kindergarten,d05,kindergartens
wfs:KINDERGARTENOGD.8943284,kindergarten,d05,kindergartens
wfs:KINDERGARTENOGD.8943285,kindergarten,d22,kindergartens
wfs:KINDERGARTENOGD.8943286,kindergarten,d22,kindergartens
wfs:KINDERGARTENOGD.8943287,kindergarten,d07,kindergartens
wfs:KINDERGARTENOGD.8943288,kindergarten,d14,kindergartens
wfs:KINDERGARTENOGD.8943289,kindergarten,d02,kindergartens
wfs:KINDERGARTENOGD.8943290,kindergarten,d02,kindergartens
wfs:KINDERGARTENOGD.8943291,kindergarten,d14,kindergartens
wfs:KINDERGARTENOGD.8943292,kindergarten,d23,kindergartens
wfs:KINDERGARTENOGD.8943279,kindergarten,d18,kindergartens
wfs:KINDERGARTENOGD.8943293,kindergarten,d18,kindergartens
wfs:KINDERGARTENOGD.8943294,kindergarten,d10,kindergartens
wfs:KINDERGARTENOGD.8943512,kindergarten,d21,kindergartens
wfs:KINDERGARTENOGD.8943513,kindergarten,d21,kindergartens
wfs:KINDERGARTENOGD.8943514,kindergarten,d22,kindergartens
wfs:KINDERGARTENOGD.8943515,kindergarten,d22,kindergartens
wfs:KINDERGARTENOGD.8943516,kindergarten,d22,kindergartens
wfs:KINDERGARTENOGD.8943517,kindergarten,d22,kindergartens
wfs:KINDERGARTENOGD.8943518,kindergarten,d22,kindergartens
wfs:KINDERGARTENOGD.8943519,kindergarten,d22,kindergartens
wfs:KINDERGARTENOGD.8943520,kindergarten,d22,kindergartens
wfs:KINDERGARTENOGD.8943521,kindergarten,d22,kindergartens
wfs:KINDERGARTENOGD.8943522,kindergarten,d22,kindergartens
wfs:KINDERGARTENOGD.8943523,kindergarten,d22,kindergartens
wfs:KINDERGARTENOGD.8943524,kindergarten,d02,kindergartens
wfs:KINDERGARTENOGD.8943719,kindergarten,d18,kindergartens
wfs:KINDERGARTENOGD.8943720,kindergarten,d18,kindergartens
wfs:KINDERGARTENOGD.8943721,kindergarten,d18,kindergartens
wfs:KINDERGARTENOGD.8943722,kindergarten,d18,kindergartens
wfs:KINDERGARTENOGD.8943723,kindergarten,d03,kindergartens
wfs:KINDERGARTENOGD.8943724,kindergarten,d03,kindergartens
wfs:KINDERGARTENOGD.8943725,kindergarten,d03,kindergartens
wfs:KINDERGARTENOGD.8943726,kindergarten,d03,kindergartens
wfs:KINDERGARTENOGD.8943727,kindergarten,d04,kindergartens
wfs:KINDERGARTENOGD.8943728,kindergarten,d04,kindergartens
wfs:KINDERGARTENOGD.8943729,kindergarten,d04,kindergartens
wfs:KINDERGARTENOGD.8943730,kindergarten,d05,kindergartens
wfs:KINDERGARTENOGD.8943731,kindergarten,d05,kindergartens
wfs:KINDERGARTENOGD.8943718,kindergarten,d18,kindergartens
wfs:KINDERGARTENOGD.8943044,kindergarten,d06,kindergartens
wfs:KINDERGARTENOGD.8943045,kindergarten,d07,kindergartens
wfs:KINDERGARTENOGD.8943046,kindergarten,d07,kindergartens
wfs:KINDERGARTENOGD.8943047,kindergarten,d14,kindergartens
wfs:KINDERGARTENOGD.8943048,kindergarten,d14,kindergartens
wfs:KINDERGARTENOGD.8943049,kindergarten,d14,kindergartens
wfs:KINDERGARTENOGD.8943050,kindergarten,d16,kindergartens
wfs:KINDERGARTENOGD.8943051,kindergarten,d16,kindergartens
wfs:KINDERGARTENOGD.8943052,kindergarten,d16,kindergartens
wfs:KINDERGARTENOGD.8943053,kindergarten,d18,kindergartens
wfs:KINDERGARTENOGD.8943054,kindergarten,d18,kindergartens
wfs:KINDERGARTENOGD.8943055,kindergarten,d18,kindergartens
wfs:KINDERGARTENOGD.8943056,kindergarten,d17,kindergartens
wfs:KINDERGARTENOGD.8943057,kindergarten,d19,kindergartens
wfs:KINDERGARTENOGD.8943058,kindergarten,d22,kindergartens
wfs:KINDERGARTENOGD.8943059,kindergarten,d22,kindergartens
wfs:KINDERGARTENOGD.8943295,kindergarten,d10,kindergartens
wfs:KINDERGARTENOGD.8943296,kindergarten,d12,kindergartens
wfs:KINDERGARTENOGD.8943297,kindergarten,d10,kindergartens
wfs:KINDERGARTENOGD.8943298,kindergarten,d10,kindergartens
wfs:KINDERGARTENOGD.8943299,kindergarten,d12,kindergartens
wfs:KINDERGARTENOGD.8943300,kindergarten,d20,kindergartens
wfs:KINDERGARTENOGD.8943301,kindergarten,d07,kindergartens
wfs:KINDERGARTENOGD.8943302,kindergarten,d22,kindergartens
wfs:KINDERGARTENOGD.8943303,kindergarten,d02,kindergartens
wfs:KINDERGARTENOGD.8943304,kindergarten,d10,kindergartens
wfs:KINDERGARTENOGD.8943305,kindergarten,d22,kindergartens
wfs:KINDERGARTENOGD.8943306,kindergarten,d06,kindergartens
wfs:KINDERGARTENOGD.8943307,kindergarten,d03,kindergartens
wfs:KINDERGARTENOGD.8943308,kindergarten,d12,kindergartens
wfs:KINDERGARTENOGD.8943309,kindergarten,d03,kindergartens
wfs:KINDERGARTENOGD.8943310,kindergarten,d10,kindergartens
wfs:KINDERGARTENOGD.8943525,kindergarten,d02,kindergartens
wfs:KINDERGARTENOGD.8943526,kindergarten,d02,kindergartens
wfs:KINDERGARTENOGD.8943527,kindergarten,d19,kindergartens
wfs:KINDERGARTENOGD.8943528,kindergarten,d19,kindergartens
wfs:KINDERGARTENOGD.8943529,kindergarten,d19,kindergartens
wfs:KINDERGARTENOGD.8943530,kindergarten,d19,kindergartens
wfs:KINDERGARTENOGD.8943531,kindergarten,d02,kindergartens
wfs:KINDERGARTENOGD.8943532,kindergarten,d01,kindergartens
wfs:KINDERGARTENOGD.8943533,kindergarten,d20,kindergartens
wfs:KINDERGARTENOGD.8943534,kindergarten,d21,kindergartens
wfs:KINDERGARTENOGD.8943535,kindergarten,d21,kindergartens
wfs:KINDERGARTENOGD.8943536,kindergarten,d21,kindergartens
wfs:KINDERGARTENOGD.8943537,kindergarten,d22,kindergartens
wfs:KINDERGARTENOGD.8943732,kindergarten,d06,kindergartens
wfs:KINDERGARTENOGD.8943733,kindergarten,d06,kindergartens
wfs:KINDERGARTENOGD.8943734,kindergarten,d07,kindergartens
wfs:KINDERGARTENOGD.8943735,kindergarten,d07,kindergartens
wfs:KINDERGARTENOGD.8943736,kindergarten,d07,kindergartens
wfs:KINDERGARTENOGD.8943737,kindergarten,d08,kindergartens
wfs:KINDERGARTENOGD.8943738,kindergarten,d08,kindergartens
wfs:KINDERGARTENOGD.8943739,kindergarten,d09,kindergartens
wfs:KINDERGARTENOGD.8943740,kindergarten,d09,kindergartens
wfs:KINDERGARTENOGD.8943741,kindergarten,d09,kindergartens
wfs:KINDERGARTENOGD.8943742,kindergarten,d09,kindergartens
wfs:KINDERGARTENOGD.8943743,kindergarten,d09,kindergartens
wfs:KINDERGARTENOGD.8943744,kindergarten,d09,kindergartens
wfs:KINDERGARTENOGD.8943745,kindergarten,d21,kindergartens
wfs:KINDERGARTENOGD.8943060,kindergarten,d22,kindergartens
wfs:KINDERGARTENOGD.8943061,kindergarten,d23,kindergartens
wfs:KINDERGARTENOGD.8943062,kindergarten,d09,kindergartens
wfs:KINDERGARTENOGD.8943063,kindergarten,d04,kindergartens
wfs:KINDERGARTENOGD.8943064,kindergarten,d23,kindergartens
wfs:KINDERGARTENOGD.8943065,kindergarten,d23,kindergartens
wfs:KINDERGARTENOGD.8943066,kindergarten,d16,kindergartens
wfs:KINDERGARTENOGD.8943067,kindergarten,d14,kindergartens
wfs:KINDERGARTENOGD.8943068,kindergarten,d03,kindergartens
wfs:KINDERGARTENOGD.8943069,kindergarten,d03,kindergartens
wfs:KINDERGARTENOGD.8943070,kindergarten,d04,kindergartens
wfs:KINDERGARTENOGD.8943071,kindergarten,d12,kindergartens
wfs:KINDERGARTENOGD.8943072,kindergarten,d14,kindergartens
wfs:KINDERGARTENOGD.8943073,kindergarten,d12,kindergartens
wfs:KINDERGARTENOGD.8943311,kindergarten,d11,kindergartens
wfs:KINDERGARTENOGD.8943312,kindergarten,d23,kindergartens
wfs:KINDERGARTENOGD.8943313,kindergarten,d11,kindergartens
wfs:KINDERGARTENOGD.8943314,kindergarten,d10,kindergartens
wfs:KINDERGARTENOGD.8943315,kindergarten,d15,kindergartens
wfs:KINDERGARTENOGD.8943316,kindergarten,d22,kindergartens
wfs:KINDERGARTENOGD.8943317,kindergarten,d10,kindergartens
wfs:KINDERGARTENOGD.8943318,kindergarten,d16,kindergartens
wfs:KINDERGARTENOGD.8943319,kindergarten,d20,kindergartens
wfs:KINDERGARTENOGD.8943320,kindergarten,d03,kindergartens
wfs:KINDERGARTENOGD.8943321,kindergarten,d03,kindergartens
wfs:KINDERGARTENOGD.8943322,kindergarten,d02,kindergartens
wfs:KINDERGARTENOGD.8943323,kindergarten,d18,kindergartens
wfs:KINDERGARTENOGD.8943324,kindergarten,d02,kindergartens
wfs:KINDERGARTENOGD.8943325,kindergarten,d20,kindergartens
wfs:KINDERGARTENOGD.8943326,kindergarten,d09,kindergartens
wfs:KINDERGARTENOGD.8943538,kindergarten,d22,kindergartens
wfs:KINDERGARTENOGD.8943539,kindergarten,d22,kindergartens
wfs:KINDERGARTENOGD.8943540,kindergarten,d22,kindergartens
wfs:KINDERGARTENOGD.8943541,kindergarten,d22,kindergartens
wfs:KINDERGARTENOGD.8943542,kindergarten,d22,kindergartens
wfs:KINDERGARTENOGD.8943543,kindergarten,d22,kindergartens
wfs:KINDERGARTENOGD.8943544,kindergarten,d02,kindergartens
wfs:KINDERGARTENOGD.8943545,kindergarten,d22,kindergartens
wfs:KINDERGARTENOGD.8943546,kindergarten,d22,kindergartens
wfs:KINDERGARTENOGD.8943547,kindergarten,d22,kindergartens
wfs:KINDERGARTENOGD.8943548,kindergarten,d22,kindergartens
wfs:KINDERGARTENOGD.8943549,kindergarten,d19,kindergartens
wfs:KINDERGARTENOGD.8943550,kindergarten,d01,kindergartens
wfs:KINDERGARTENOGD.8943551,kindergarten,d22,kindergartens
wfs:KINDERGARTENOGD.8943746,kindergarten,d17,kindergartens
wfs:KINDERGARTENOGD.8943747,kindergarten,d17,kindergartens
wfs:KINDERGARTENOGD.8943748,kindergarten,d17,kindergartens
wfs:KINDERGARTENOGD.8943749,kindergarten,d17,kindergartens
wfs:KINDERGARTENOGD.8943750,kindergarten,d18,kindergartens
wfs:KINDERGARTENOGD.8943751,kindergarten,d18,kindergartens
wfs:KINDERGARTENOGD.8943752,kindergarten,d03,kindergartens
wfs:KINDERGARTENOGD.8943753,kindergarten,d03,kindergartens
wfs:KINDERGARTENOGD.8943754,kindergarten,d03,kindergartens
wfs:KINDERGARTENOGD.8943755,kindergarten,d03,kindergartens
wfs:KINDERGARTENOGD.8943756,kindergarten,d03,kindergartens
wfs:KINDERGARTENOGD.8943757,kindergarten,d03,kindergartens
wfs:KINDERGARTENOGD.8943758,kindergarten,d03,kindergartens
wfs:KINDERGARTENOGD.8943759,kindergarten,d03,kindergartens
wfs:KINDERGARTENOGD.8943074,kindergarten,d07,kindergartens
wfs:KINDERGARTENOGD.8943075,kindergarten,d06,kindergartens
wfs:KINDERGARTENOGD.8943076,kindergarten,d02,kindergartens
wfs:KINDERGARTENOGD.8943077,kindergarten,d22,kindergartens
wfs:KINDERGARTENOGD.8943078,kindergarten,d14,kindergartens
wfs:KINDERGARTENOGD.8943079,kindergarten,d19,kindergartens
wfs:KINDERGARTENOGD.8943080,kindergarten,d09,kindergartens
wfs:KINDERGARTENOGD.8943081,kindergarten,d04,kindergartens
wfs:KINDERGARTENOGD.8943082,kindergarten,d07,kindergartens
wfs:KINDERGARTENOGD.8943083,kindergarten,d18,kindergartens
wfs:KINDERGARTENOGD.8943084,kindergarten,d23,kindergartens
wfs:KINDERGARTENOGD.8943085,kindergarten,d23,kindergartens
wfs:KINDERGARTENOGD.8943086,kindergarten,d23,kindergartens
wfs:KINDERGARTENOGD.8943087,kindergarten,d14,kindergartens
wfs:KINDERGARTENOGD.8943088,kindergarten,d14,kindergartens
wfs:KINDERGARTENOGD.8943327,kindergarten,d07,kindergartens
wfs:KINDERGARTENOGD.8943328,kindergarten,d05,kindergartens
wfs:KINDERGARTENOGD.8943329,kindergarten,d05,kindergartens
wfs:KINDERGARTENOGD.8943330,kindergarten,d18,kindergartens
wfs:KINDERGARTENOGD.8943331,kindergarten,d23,kindergartens
wfs:KINDERGARTENOGD.8943332,kindergarten,d22,kindergartens
wfs:KINDERGARTENOGD.8943333,kindergarten,d21,kindergartens
wfs:KINDERGARTENOGD.8943334,kindergarten,d15,kindergartens
wfs:KINDERGARTENOGD.8943335,kindergarten,d18,kindergartens
wfs:KINDERGARTENOGD.8943336,kindergarten,d10,kindergartens
wfs:KINDERGARTENOGD.8943337,kindergarten,d12,kindergartens
wfs:KINDERGARTENOGD.8943338,kindergarten,d10,kindergartens
wfs:KINDERGARTENOGD.8943339,kindergarten,d03,kindergartens
wfs:KINDERGARTENOGD.8943340,kindergarten,d04,kindergartens
wfs:KINDERGARTENOGD.8943341,kindergarten,d03,kindergartens
wfs:KINDERGARTENOGD.8943553,kindergarten,d01,kindergartens
wfs:KINDERGARTENOGD.8943554,kindergarten,d01,kindergartens
wfs:KINDERGARTENOGD.8943555,kindergarten,d01,kindergartens
wfs:KINDERGARTENOGD.8943556,kindergarten,d19,kindergartens
wfs:KINDERGARTENOGD.8943557,kindergarten,d19,kindergartens
wfs:KINDERGARTENOGD.8943558,kindergarten,d19,kindergartens
wfs:KINDERGARTENOGD.8943559,kindergarten,d19,kindergartens
wfs:KINDERGARTENOGD.8943560,kindergarten,d19,kindergartens
wfs:KINDERGARTENOGD.8943561,kindergarten,d19,kindergartens
wfs:KINDERGARTENOGD.8943562,kindergarten,d19,kindergartens
wfs:KINDERGARTENOGD.8943563,kindergarten,d21,kindergartens
wfs:KINDERGARTENOGD.8943564,kindergarten,d21,kindergartens
wfs:KINDERGARTENOGD.8943565,kindergarten,d21,kindergartens
wfs:KINDERGARTENOGD.8943552,kindergarten,d01,kindergartens
wfs:KINDERGARTENOGD.8943760,kindergarten,d03,kindergartens
wfs:KINDERGARTENOGD.8943761,kindergarten,d03,kindergartens
wfs:KINDERGARTENOGD.8943762,kindergarten,d03,kindergartens
wfs:KINDERGARTENOGD.8943763,kindergarten,d03,kindergartens
wfs:KINDERGARTENOGD.8943764,kindergarten,d04,kindergartens
wfs:KINDERGARTENOGD.8943765,kindergarten,d04,kindergartens
wfs:KINDERGARTENOGD.8943766,kindergarten,d04,kindergartens
wfs:KINDERGARTENOGD.8943767,kindergarten,d04,kindergartens
wfs:KINDERGARTENOGD.8943768,kindergarten,d04,kindergartens
wfs:KINDERGARTENOGD.8943769,kindergarten,d05,kindergartens
wfs:KINDERGARTENOGD.8943770,kindergarten,d05,kindergartens
wfs:KINDERGARTENOGD.8943771,kindergarten,d05,kindergartens
wfs:KINDERGARTENOGD.8943772,kindergarten,d05,kindergartens
wfs:KINDERGARTENOGD.8943773,kindergarten,d05,kindergartens
wfs:KINDERGARTENOGD.8943774,kindergarten,d05,kindergartens
wfs:KINDERGARTENOGD.8943089,kindergarten,d05,kindergartens
wfs:KINDERGARTENOGD.8943090,kindergarten,d06,kindergartens
wfs:KINDERGARTENOGD.8943091,kindergarten,d06,kindergartens
wfs:KINDERGARTENOGD.8943092,kindergarten,d13,kindergartens
wfs:KINDERGARTENOGD.8943093,kindergarten,d08,kindergartens
wfs:KINDERGARTENOGD.8943094,kindergarten,d09,kindergartens
wfs:KINDERGARTENOGD.8943095,kindergarten,d14,kindergartens
wfs:KINDERGARTENOGD.8943096,kindergarten,d03,kindergartens
wfs:KINDERGARTENOGD.8943097,kindergarten,d03,kindergartens
wfs:KINDERGARTENOGD.8943098,kindergarten,d15,kindergartens
wfs:KINDERGARTENOGD.8943099,kindergarten,d02,kindergartens
wfs:KINDERGARTENOGD.8943100,kindergarten,d08,kindergartens
wfs:KINDERGARTENOGD.8943101,kindergarten,d03,kindergartens
wfs:KINDERGARTENOGD.8943102,kindergarten,d18,kindergartens
wfs:KINDERGARTENOGD.8943103,kindergarten,d18,kindergartens
wfs:KINDERGARTENOGD.8943104,kindergarten,d09,kindergartens
wfs:KINDERGARTENOGD.8943105,kindergarten,d09,kindergartens
wfs:KINDERGARTENOGD.8943342,kindergarten,d19,kindergartens
wfs:KINDERGARTENOGD.8943343,kindergarten,d23,kindergartens
wfs:KINDERGARTENOGD.8943344,kindergarten,d16,kindergartens
wfs:KINDERGARTENOGD.8943345,kindergarten,d16,kindergartens
wfs:KINDERGARTENOGD.8943346,kindergarten,d17,kindergartens
wfs:KINDERGARTENOGD.8943347,kindergarten,d21,kindergartens
wfs:KINDERGARTENOGD.8943348,kindergarten,d19,kindergartens
wfs:KINDERGARTENOGD.8943349,kindergarten,d19,kindergartens
wfs:KINDERGARTENOGD.8943350,kindergarten,d12,kindergartens
wfs:KINDERGARTENOGD.8943351,kindergarten,d10,kindergartens
wfs:KINDERGARTENOGD.8943352,kindergarten,d10,kindergartens
wfs:KINDERGARTENOGD.8943353,kindergarten,d15,kindergartens
wfs:KINDERGARTENOGD.8943354,kindergarten,d13,kindergartens
wfs:KINDERGARTENOGD.8943355,kindergarten,d18,kindergartens
wfs:KINDERGARTENOGD.8943356,kindergarten,d23,kindergartens
wfs:KINDERGARTENOGD.8943357,kindergarten,d21,kindergartens
wfs:KINDERGARTENOGD.8943566,kindergarten,d21,kindergartens
wfs:KINDERGARTENOGD.8943567,kindergarten,d21,kindergartens
wfs:KINDERGARTENOGD.8943568,kindergarten,d21,kindergartens
wfs:KINDERGARTENOGD.8943569,kindergarten,d21,kindergartens
wfs:KINDERGARTENOGD.8943570,kindergarten,d21,kindergartens
wfs:KINDERGARTENOGD.8943571,kindergarten,d21,kindergartens
wfs:KINDERGARTENOGD.8943572,kindergarten,d21,kindergartens
wfs:KINDERGARTENOGD.8943573,kindergarten,d21,kindergartens
wfs:KINDERGARTENOGD.8943574,kindergarten,d21,kindergartens
wfs:KINDERGARTENOGD.8943575,kindergarten,d21,kindergartens
wfs:KINDERGARTENOGD.8943576,kindergarten,d21,kindergartens
wfs:KINDERGARTENOGD.8943577,kindergarten,d21,kindergartens
wfs:KINDERGARTENOGD.8943578,kindergarten,d21,kindergartens
wfs:KINDERGARTENOGD.8943579,kindergarten,d21,kindergartens
wfs:KINDERGARTENOGD.8943775,kindergarten,d05,kindergartens
wfs:KINDERGARTENOGD.8943776,kindergarten,d06,kindergartens
wfs:KINDERGARTENOGD.8943777,kindergarten,d06,kindergartens
wfs:KINDERGARTENOGD.8943778,kindergarten,d06,kindergartens
wfs:KINDERGARTENOGD.8943779,kindergarten,d07,kindergartens
wfs:KINDERGARTENOGD.8943780,kindergarten,d08,kindergartens
wfs:KINDERGARTENOGD.8943781,kindergarten,d09,kindergartens
wfs:KINDERGARTENOGD.8943782,kindergarten,d09,kindergartens
wfs:KINDERGARTENOGD.8943783,kindergarten,d09,kindergartens
wfs:KINDERGARTENOGD.8943784,kindergarten,d09,kindergartens
wfs:KINDERGARTENOGD.8943785,kindergarten,d09,kindergartens
wfs:KINDERGARTENOGD.8943786,kindergarten,d09,kindergartens
wfs:KINDERGARTENOGD.8943787,kindergarten,d11,kindergartens
wfs:KINDERGARTENOGD.8943788,kindergarten,d11,kindergartens
wfs:KINDERGARTENOGD.8943107,kindergarten,d09,kindergartens
wfs:KINDERGARTENOGD.8943108,kindergarten,d12,kindergartens
wfs:KINDERGARTENOGD.8943109,kindergarten,d09,kindergartens
wfs:KINDERGARTENOGD.8943110,kindergarten,d02,kindergartens
wfs:KINDERGARTENOGD.8943111,kindergarten,d08,kindergartens
wfs:KINDERGARTENOGD.8943112,kindergarten,d03,kindergartens
wfs:KINDERGARTENOGD.8943113,kindergarten,d14,kindergartens
wfs:KINDERGARTENOGD.8943114,kindergarten,d23,kindergartens
wfs:KINDERGARTENOGD.8943115,kindergarten,d09,kindergartens
wfs:KINDERGARTENOGD.8943116,kindergarten,d12,kindergartens
wfs:KINDERGARTENOGD.8943117,kindergarten,d21,kindergartens
wfs:KINDERGARTENOGD.8943118,kindergarten,d06,kindergartens
wfs:KINDERGARTENOGD.8943119,kindergarten,d15,kindergartens
wfs:KINDERGARTENOGD.8943106,kindergarten,d14,kindergartens
wfs:KINDERGARTENOGD.8943120,kindergarten,d14,kindergartens
wfs:KINDERGARTENOGD.8943358,kindergarten,d10,kindergartens
wfs:KINDERGARTENOGD.8943359,kindergarten,d21,kindergartens
wfs:KINDERGARTENOGD.8943360,kindergarten,d20,kindergartens
wfs:KINDERGARTENOGD.8943361,kindergarten,d12,kindergartens
wfs:KINDERGARTENOGD.8943362,kindergarten,d21,kindergartens
wfs:KINDERGARTENOGD.8943363,kindergarten,d21,kindergartens
wfs:KINDERGARTENOGD.8943364,kindergarten,d21,kindergartens
wfs:KINDERGARTENOGD.8943365,kindergarten,d21,kindergartens
wfs:KINDERGARTENOGD.8943366,kindergarten,d10,kindergartens
wfs:KINDERGARTENOGD.8943367,kindergarten,d10,kindergartens
wfs:KINDERGARTENOGD.8943368,kindergarten,d22,kindergartens
wfs:KINDERGARTENOGD.8943369,kindergarten,d19,kindergartens
wfs:KINDERGARTENOGD.8943370,kindergarten,d22,kindergartens
wfs:KINDERGARTENOGD.8943371,kindergarten,d22,kindergartens
wfs:KINDERGARTENOGD.8943372,kindergarten,d22,kindergartens
wfs:KINDERGARTENOGD.8943373,kindergarten,d22,kindergartens
wfs:KINDERGARTENOGD.8943580,kindergarten,d21,kindergartens
wfs:KINDERGARTENOGD.8943581,kindergarten,d21,kindergartens
wfs:KINDERGARTENOGD.8943582,kindergarten,d21,kindergartens
wfs:KINDERGARTENOGD.8943583,kindergarten,d21,kindergartens
wfs:KINDERGARTENOGD.8943584,kindergarten,d21,kindergartens
wfs:KINDERGARTENOGD.8943585,kindergarten,d21,kindergartens
wfs:KINDERGARTENOGD.8943586,kindergarten,d21,kindergartens
wfs:KINDERGARTENOGD.8943587,kindergarten,d21,kindergartens
wfs:KINDERGARTENOGD.8943588,kindergarten,d21,kindergartens
wfs:KINDERGARTENOGD.8943589,kindergarten,d21,kindergartens
wfs:KINDERGARTENOGD.8943590,kindergarten,d21,kindergartens
wfs:KINDERGARTENOGD.8943591,kindergarten,d21,kindergartens
wfs:KINDERGARTENOGD.8943592,kindergarten,d21,kindergartens
wfs:KINDERGARTENOGD.8943593,kindergarten,d21,kindergartens
wfs:KINDERGARTENOGD.8943789,kindergarten,d11,kindergartens
wfs:KINDERGARTENOGD.8943790,kindergarten,d11,kindergartens
wfs:KINDERGARTENOGD.8943791,kindergarten,d11,kindergartens
wfs:KINDERGARTENOGD.8943792,kindergarten,d11,kindergartens
wfs:KINDERGARTENOGD.8943793,kindergarten,d11,kindergartens
wfs:KINDERGARTENOGD.8943794,kindergarten,d11,kindergartens
wfs:KINDERGARTENOGD.8943795,kindergarten,d11,kindergartens
wfs:KINDERGARTENOGD.8943796,kindergarten,d11,kindergartens
wfs:KINDERGARTENOGD.8943797,kindergarten,d11,kindergartens
wfs:KINDERGARTENOGD.8943798,kindergarten,d11,kindergartens
wfs:KINDERGARTENOGD.8943799,kindergarten,d11,kindergartens
wfs:KINDERGARTENOGD.8943800,kindergarten,d11,kindergartens
wfs:KINDERGARTENOGD.8943801,kindergarten,d11,kindergartens
wfs:KINDERGARTENOGD.8943121,kindergarten,d14,kindergartens
wfs:KINDERGARTENOGD.8943122,kindergarten,d17,kindergartens
wfs:KINDERGARTENOGD.8943123,kindergarten,d14,kindergartens
wfs:KINDERGARTENOGD.8943124,kindergarten,d03,kindergartens
wfs:KINDERGARTENOGD.8943125,kindergarten,d19,kindergartens
wfs:KINDERGARTENOGD.8943126,kindergarten,d02,kindergartens
wfs:KINDERGARTENOGD.8943127,kindergarten,d09,kindergartens
wfs:KINDERGARTENOGD.8943128,kindergarten,d11,kindergartens
wfs:KINDERGARTENOGD.8943129,kindergarten,d05,kindergartens
wfs:KINDERGARTENOGD.8943130,kindergarten,d09,kindergartens
wfs:KINDERGARTENOGD.8943131,kindergarten,d19,kindergartens
wfs:KINDERGARTENOGD.8943132,kindergarten,d08,kindergartens
wfs:KINDERGARTENOGD.8943133,kindergarten,d04,kindergartens
wfs:KINDERGARTENOGD.8943134,kindergarten,d20,kindergartens
wfs:KINDERGARTENOGD.8943135,kindergarten,d10,kindergartens
wfs:KINDERGARTENOGD.8943375,kindergarten,d10,kindergartens
wfs:KINDERGARTENOGD.8943376,kindergarten,d10,kindergartens
wfs:KINDERGARTENOGD.8943377,kindergarten,d22,kindergartens
wfs:KINDERGARTENOGD.8943378,kindergarten,d10,kindergartens
wfs:KINDERGARTENOGD.8943379,kindergarten,d10,kindergartens
wfs:KINDERGARTENOGD.8943380,kindergarten,d16,kindergartens
wfs:KINDERGARTENOGD.8943381,kindergarten,d04,kindergartens
wfs:KINDERGARTENOGD.8943382,kindergarten,d16,kindergartens
wfs:KINDERGARTENOGD.8943383,kindergarten,d03,kindergartens
wfs:KINDERGARTENOGD.8943384,kindergarten,d03,kindergartens
wfs:KINDERGARTENOGD.8943385,kindergarten,d21,kindergartens
wfs:KINDERGARTENOGD.8943386,kindergarten,d23,kindergartens
wfs:KINDERGARTENOGD.8943387,kindergarten,d12,kindergartens
wfs:KINDERGARTENOGD.8943374,kindergarten,d21,kindergartens
wfs:KINDERGARTENOGD.8943388,kindergarten,d19,kindergartens
wfs:KINDERGARTENOGD.8943389,kindergarten,d11,kindergartens
wfs:KINDERGARTENOGD.8943390,kindergarten,d22,kindergartens
wfs:KINDERGARTENOGD.8943594,kindergarten,d21,kindergartens
wfs:KINDERGARTENOGD.8943595,kindergarten,d21,kindergartens
wfs:KINDERGARTENOGD.8943596,kindergarten,d21,kindergartens
wfs:KINDERGARTENOGD.8943597,kindergarten,d21,kindergartens
wfs:KINDERGARTENOGD.8943598,kindergarten,d21,kindergartens
wfs:KINDERGARTENOGD.8943599,kindergarten,d22,kindergartens
wfs:KINDERGARTENOGD.8943600,kindergarten,d22,kindergartens
wfs:KINDERGARTENOGD.8943601,kindergarten,d22,kindergartens
wfs:KINDERGARTENOGD.8943602,kindergarten,d22,kindergartens
wfs:KINDERGARTENOGD.8943603,kindergarten,d22,kindergartens
wfs:KINDERGARTENOGD.8943604,kindergarten,d22,kindergartens
wfs:KINDERGARTENOGD.8943605,kindergarten,d22,kindergartens
wfs:KINDERGARTENOGD.8943606,kindergarten,d22,kindergartens
wfs:KINDERGARTENOGD.8943607,kindergarten,d22,kindergartens
wfs:KINDERGARTENOGD.8943802,kindergarten,d17,kindergartens
wfs:KINDERGARTENOGD.8943803,kindergarten,d17,kindergartens
wfs:KINDERGARTENOGD.8943804,kindergarten,d17,kindergartens
wfs:KINDERGARTENOGD.8943805,kindergarten,d17,kindergartens
wfs:KINDERGARTENOGD.8943806,kindergarten,d17,kindergartens
wfs:KINDERGARTENOGD.8943807,kindergarten,d17,kindergartens
wfs:KINDERGARTENOGD.8943808,kindergarten,d18,kindergartens
wfs:KINDERGARTENOGD.8943809,kindergarten,d18,kindergartens
wfs:KINDERGARTENOGD.8943810,kindergarten,d18,kindergartens
wfs:KINDERGARTENOGD.8943811,kindergarten,d18,kindergartens
wfs:KINDERGARTENOGD.8943812,kindergarten,d18,kindergartens
wfs:KINDERGARTENOGD.8943813,kindergarten,d10,kindergartens
wfs:KINDERGARTENOGD.8943814,kindergarten,d12,kindergartens
wfs:KINDERGARTENOGD.8943815,kindergarten,d14,kindergartens
wfs:KINDERGARTENOGD.8943816,kindergarten,d23,kindergartens
wfs:KINDERGARTENOGD.8943136,kindergarten,d02,kindergartens
wfs:KINDERGARTENOGD.8943137,kindergarten,d09,kindergartens
wfs:KINDERGARTENOGD.8943138,kindergarten,d06,kindergartens
wfs:KINDERGARTENOGD.8943139,kindergarten,d05,kindergartens
wfs:KINDERGARTENOGD.8943140,kindergarten,d09,kindergartens
wfs:KINDERGARTENOGD.8943141,kindergarten,d08,kindergartens
wfs:KINDERGARTENOGD.8943142,kindergarten,d09,kindergartens
wfs:KINDERGARTENOGD.8943143,kindergarten,d12,kindergartens
wfs:KINDERGARTENOGD.8943144,kindergarten,d12,kindergartens
wfs:KINDERGARTENOGD.8943145,kindergarten,d20,kindergartens
wfs:KINDERGARTENOGD.8943146,kindergarten,d11,kindergartens
wfs:KINDERGARTENOGD.8943147,kindergarten,d06,kindergartens
wfs:KINDERGARTENOGD.8943148,kindergarten,d14,kindergartens
wfs:KINDERGARTENOGD.8943149,kindergarten,d21,kindergartens
wfs:KINDERGARTENOGD.8943150,kindergarten,d08,kindergartens
wfs:KINDERGARTENOGD.8943151,kindergarten,d19,kindergartens
wfs:KINDERGARTENOGD.8943391,kindergarten,d21,kindergartens
wfs:KINDERGARTENOGD.8943392,kindergarten,d16,kindergartens
wfs:KINDERGARTENOGD.8943393,kindergarten,d15,kindergartens
wfs:KINDERGARTENOGD.8943394,kindergarten,d02,kindergartens
wfs:KINDERGARTENOGD.8943395,kindergarten,d13,kindergartens
wfs:KINDERGARTENOGD.8943396,kindergarten,d20,kindergartens
wfs:KINDERGARTENOGD.8943397,kindergarten,d05,kindergartens
wfs:KINDERGARTENOGD.8943398,kindergarten,d21,kindergartens
wfs:KINDERGARTENOGD.8943399,kindergarten,d21,kindergartens
wfs:KINDERGARTENOGD.8943400,kindergarten,d10,kindergartens
wfs:KINDERGARTENOGD.8943401,kindergarten,d11,kindergartens
wfs:KINDERGARTENOGD.8943402,kindergarten,d05,kindergartens
wfs:KINDERGARTENOGD.8943403,kindergarten,d13,kindergartens
wfs:KINDERGARTENOGD.8943404,kindergarten,d12,kindergartens
wfs:KINDERGARTENOGD.8943405,kindergarten,d12,kindergartens
wfs:KINDERGARTENOGD.8943406,kindergarten,d12,kindergartens
wfs:KINDERGARTENOGD.8943608,kindergarten,d22,kindergartens
wfs:KINDERGARTENOGD.8943609,kindergarten,d22,kindergartens
wfs:KINDERGARTENOGD.8943610,kindergarten,d22,kindergartens
wfs:KINDERGARTENOGD.8943611,kindergarten,d22,kindergartens
wfs:KINDERGARTENOGD.8943612,kindergarten,d22,kindergartens
wfs:KINDERGARTENOGD.8943613,kindergarten,d22,kindergartens
wfs:KINDERGARTENOGD.8943614,kindergarten,d22,kindergartens
wfs:KINDERGARTENOGD.8943615,kindergarten,d22,kindergartens
wfs:KINDERGARTENOGD.8943616,kindergarten,d22,kindergartens
wfs:KINDERGARTENOGD.8943617,kindergarten,d22,kindergartens
wfs:KINDERGARTENOGD.8943618,kindergarten,d22,kindergartens
wfs:KINDERGARTENOGD.8943619,kindergarten,d22,kindergartens
wfs:KINDERGARTENOGD.8943620,kindergarten,d22,kindergartens
wfs:KINDERGARTENOGD.8943621,kindergarten,d22,kindergartens
wfs:KINDERGARTENOGD.8943818,kindergarten,d23,kindergartens
wfs:KINDERGARTENOGD.8943819,kindergarten,d10,kindergartens
wfs:KINDERGARTENOGD.8943820,kindergarten,d10,kindergartens
wfs:KINDERGARTENOGD.8943821,kindergarten,d10,kindergartens
wfs:KINDERGARTENOGD.8943822,kindergarten,d10,kindergartens
wfs:KINDERGARTENOGD.8943823,kindergarten,d10,kindergartens
wfs:KINDERGARTENOGD.8943824,kindergarten,d10,kindergartens
wfs:KINDERGARTENOGD.8943825,kindergarten,d10,kindergartens
wfs:KINDERGARTENOGD.8943826,kindergarten,d10,kindergartens
wfs:KINDERGARTENOGD.8943827,kindergarten,d10,kindergartens
wfs:KINDERGARTENOGD.8943828,kindergarten,d10,kindergartens
wfs:KINDERGARTENOGD.8943829,kindergarten,d10,kindergartens
wfs:KINDERGARTENOGD.8943830,kindergarten,d10,kindergartens
wfs:KINDERGARTENOGD.8943817,kindergarten,d23,kindergartens
wfs:KINDERGARTENOGD.8943831,kindergarten,d10,kindergartens
wfs:KINDERGARTENOGD.8943152,kindergarten,d12,kindergartens
wfs:KINDERGARTENOGD.8943153,kindergarten,d10,kindergartens
wfs:KINDERGARTENOGD.8943154,kindergarten,d10,kindergartens
wfs:KINDERGARTENOGD.8943155,kindergarten,d13,kindergartens
wfs:KINDERGARTENOGD.8943156,kindergarten,d02,kindergartens
wfs:KINDERGARTENOGD.8943157,kindergarten,d22,kindergartens
wfs:KINDERGARTENOGD.8943158,kindergarten,d22,kindergartens
wfs:KINDERGARTENOGD.8943159,kindergarten,d04,kindergartens
wfs:KINDERGARTENOGD.8943160,kindergarten,d23,kindergartens
wfs:KINDERGARTENOGD.8943161,kindergarten,d08,kindergartens
wfs:KINDERGARTENOGD.8943162,kindergarten,d17,kindergartens
wfs:KINDERGARTENOGD.8943163,kindergarten,d16,kindergartens
wfs:KINDERGARTENOGD.8943164,kindergarten,d16,kindergartens
wfs:KINDERGARTENOGD.8943165,kindergarten,d16,kindergartens
wfs:KINDERGARTENOGD.8943166,kindergarten,d16,kindergartens
wfs:KINDERGARTENOGD.8943167,kindergarten,d02,kindergartens
wfs:KINDERGARTENOGD.8943407,kindergarten,d10,kindergartens
wfs:KINDERGARTENOGD.8943408,kindergarten,d18,kindergartens
wfs:KINDERGARTENOGD.8943409,kindergarten,d18,kindergartens
wfs:KINDERGARTENOGD.8943410,kindergarten,d05,kindergartens
wfs:KINDERGARTENOGD.8943411,kindergarten,d05,kindergartens
wfs:KINDERGARTENOGD.8943412,kindergarten,d10,kindergartens
wfs:KINDERGARTENOGD.8943413,kindergarten,d16,kindergartens
wfs:KINDERGARTENOGD.8943414,kindergarten,d05,kindergartens
wfs:KINDERGARTENOGD.8943415,kindergarten,d05,kindergartens
wfs:KINDERGARTENOGD.8943416,kindergarten,d16,kindergartens
wfs:KINDERGARTENOGD.8943417,kindergarten,d10,kindergartens
wfs:KINDERGARTENOGD.8943418,kindergarten,d10,kindergartens
wfs:KINDERGARTENOGD.8943419,kindergarten,d16,kindergartens
wfs:KINDERGARTENOGD.8943420,kindergarten,d06,kindergartens
wfs:KINDERGARTENOGD.8943421,kindergarten,d12,kindergartens
wfs:KINDERGARTENOGD.8943422,kindergarten,d06,kindergartens
wfs:KINDERGARTENOGD.8943622,kindergarten,d22,kindergartens
wfs:KINDERGARTENOGD.8943623,kindergarten,d22,kindergartens
wfs:KINDERGARTENOGD.8943624,kindergarten,d22,kindergartens
wfs:KINDERGARTENOGD.8943625,kindergarten,d22,kindergartens
wfs:KINDERGARTENOGD.8943626,kindergarten,d22,kindergartens
wfs:KINDERGARTENOGD.8943627,kindergarten,d22,kindergartens
wfs:KINDERGARTENOGD.8943628,kindergarten,d22,kindergartens
wfs:KINDERGARTENOGD.8943629,kindergarten,d22,kindergartens
wfs:KINDERGARTENOGD.8943630,kindergarten,d22,kindergartens
wfs:KINDERGARTENOGD.8943631,kindergarten,d02,kindergartens
wfs:KINDERGARTENOGD.8943632,kindergarten,d02,kindergartens
wfs:KINDERGARTENOGD.8943633,kindergarten,d01,kindergartens
wfs:KINDERGARTENOGD.8943634,kindergarten,d22,kindergartens
wfs:KINDERGARTENOGD.8943832,kindergarten,d10,kindergartens
wfs:KINDERGARTENOGD.8943833,kindergarten,d10,kindergartens
wfs:KINDERGARTENOGD.8943834,kindergarten,d10,kindergartens
wfs:KINDERGARTENOGD.8943835,kindergarten,d10,kindergartens
wfs:KINDERGARTENOGD.8943836,kindergarten,d10,kindergartens
wfs:KINDERGARTENOGD.8943837,kindergarten,d10,kindergartens
wfs:KINDERGARTENOGD.8943838,kindergarten,d10,kindergartens
wfs:KINDERGARTENOGD.8943839,kindergarten,d10,kindergartens
wfs:KINDERGARTENOGD.8943840,kindergarten,d10,kindergartens
wfs:KINDERGARTENOGD.8943841,kindergarten,d12,kindergartens
wfs:KINDERGARTENOGD.8943842,kindergarten,d12,kindergartens
wfs:KINDERGARTENOGD.8943843,kindergarten,d12,kindergartens
wfs:KINDERGARTENOGD.8943844,kindergarten,d12,kindergartens
wfs:KINDERGARTENOGD.8943845,kindergarten,d12,kindergartens
wfs:KINDERGARTENOGD.8943168,kindergarten,d19,kindergartens
wfs:KINDERGARTENOGD.8943169,kindergarten,d19,kindergartens
wfs:KINDERGARTENOGD.8943170,kindergarten,d02,kindergartens
wfs:KINDERGARTENOGD.8943171,kindergarten,d05,kindergartens
wfs:KINDERGARTENOGD.8943172,kindergarten,d05,kindergartens
wfs:KINDERGARTENOGD.8943173,kindergarten,d19,kindergartens
wfs:KINDERGARTENOGD.8943174,kindergarten,d17,kindergartens
wfs:KINDERGARTENOGD.8943175,kindergarten,d07,kindergartens
wfs:KINDERGARTENOGD.8943176,kindergarten,d05,kindergartens
wfs:KINDERGARTENOGD.8943177,kindergarten,d05,kindergartens
wfs:KINDERGARTENOGD.8943178,kindergarten,d21,kindergartens
wfs:KINDERGARTENOGD.8943179,kindergarten,d17,kindergartens
wfs:KINDERGARTENOGD.8943180,kindergarten,d03,kindergartens
wfs:KINDERGARTENOGD.8943181,kindergarten,d03,kindergartens
wfs:KINDERGARTENOGD.8943182,kindergarten,d01,kindergartens
wfs:KINDERGARTENOGD.8943423,kindergarten,d11,kindergartens
wfs:KINDERGARTENOGD.8943424,kindergarten,d11,kindergartens
wfs:KINDERGARTENOGD.8943425,kindergarten,d10,kindergartens
wfs:KINDERGARTENOGD.8943426,kindergarten,d18,kindergartens
wfs:KINDERGARTENOGD.8943427,kindergarten,d18,kindergartens
wfs:KINDERGARTENOGD.8943428,kindergarten,d02,kindergartens
wfs:KINDERGARTENOGD.8943429,kindergarten,d16,kindergartens
wfs:KINDERGARTENOGD.8943430,kindergarten,d04,kindergartens
wfs:KINDERGARTENOGD.8943431,kindergarten,d04,kindergartens
wfs:KINDERGARTENOGD.8943432,kindergarten,d07,kindergartens
wfs:KINDERGARTENOGD.8943433,kindergarten,d18,kindergartens
wfs:KINDERGARTENOGD.8943434,kindergarten,d13,kindergartens
wfs:KINDERGARTENOGD.8943435,kindergarten,d14,kindergartens
wfs:KINDERGARTENOGD.8943436,kindergarten,d21,kindergartens
wfs:KINDERGARTENOGD.8943437,kindergarten,d21,kindergartens
wfs:KINDERGARTENOGD.8943635,kindergarten,d22,kindergartens
wfs:KINDERGARTENOGD.8943636,kindergarten,d22,kindergartens
wfs:KINDERGARTENOGD.8943637,kindergarten,d02,kindergartens
wfs:KINDERGARTENOGD.8943638,kindergarten,d02,kindergartens
wfs:KINDERGARTENOGD.8943639,kindergarten,d02,kindergartens
wfs:KINDERGARTENOGD.8943640,kindergarten,d02,kindergartens
wfs:KINDERGARTENOGD.8943641,kindergarten,d02,kindergartens
wfs:KINDERGARTENOGD.8943642,kindergarten,d19,kindergartens
wfs:KINDERGARTENOGD.8943643,kindergarten,d19,kindergartens
wfs:KINDERGARTENOGD.8943644,kindergarten,d19,kindergartens
wfs:KINDERGARTENOGD.8943645,kindergarten,d20,kindergartens
wfs:KINDERGARTENOGD.8943646,kindergarten,d21,kindergartens
wfs:KINDERGARTENOGD.8943647,kindergarten,d22,kindergartens
wfs:KINDERGARTENOGD.8943648,kindergarten,d22,kindergartens
wfs:KINDERGARTENOGD.8943846,kindergarten,d12,kindergartens
wfs:KINDERGARTENOGD.8943847,kindergarten,d12,kindergartens
wfs:KINDERGARTENOGD.8943848,kindergarten,d12,kindergartens
wfs:KINDERGARTENOGD.8943849,kindergarten,d12,kindergartens
wfs:KINDERGARTENOGD.8943850,kindergarten,d12,kindergartens
wfs:KINDERGARTENOGD.8943851,kindergarten,d12,kindergartens
wfs:KINDERGARTENOGD.8943852,kindergarten,d13,kindergartens
wfs:KINDERGARTENOGD.8943853,kindergarten,d13,kindergartens
wfs:KINDERGARTENOGD.8943854,kindergarten,d13,kindergartens
wfs:KINDERGARTENOGD.8943855,kindergarten,d13,kindergartens
wfs:KINDERGARTENOGD.8943856,kindergarten,d14,kindergartens
wfs:KINDERGARTENOGD.8943857,kindergarten,d14,kindergartens
wfs:KINDERGARTENOGD.8943858,kindergarten,d14,kindergartens
wfs:KINDERGARTENOGD.8943859,kindergarten,d14,kindergartens
wfs:KINDERGARTENOGD.8943183,kindergarten,d01,kindergartens
wfs:KINDERGARTENOGD.8943184,kindergarten,d02,kindergartens
wfs:KINDERGARTENOGD.8943185,kindergarten,d12,kindergartens
wfs:KINDERGARTENOGD.8943186,kindergarten,d13,kindergartens
wfs:KINDERGARTENOGD.8943187,kindergarten,d05,kindergartens
wfs:KINDERGARTENOGD.8943188,kindergarten,d09,kindergartens
wfs:KINDERGARTENOGD.8943189,kindergarten,d17,kindergartens
wfs:KINDERGARTENOGD.8943190,kindergarten,d22,kindergartens
wfs:KINDERGARTENOGD.8943191,kindergarten,d18,kindergartens
wfs:KINDERGARTENOGD.8943192,kindergarten,d20,kindergartens
wfs:KINDERGARTENOGD.8943193,kindergarten,d20,kindergartens
wfs:KINDERGARTENOGD.8943194,kindergarten,d20,kindergartens
wfs:KINDERGARTENOGD.8943195,kindergarten,d20,kindergartens
wfs:KINDERGARTENOGD.8943196,kindergarten,d20,kindergartens
wfs:KINDERGARTENOGD.8943197,kindergarten,d20,kindergartens
wfs:KINDERGARTENOGD.8943198,kindergarten,d10,kindergartens
wfs:KINDERGARTENOGD.8943439,kindergarten,d21,kindergartens
wfs:KINDERGARTENOGD.8943440,kindergarten,d17,kindergartens
wfs:KINDERGARTENOGD.8943441,kindergarten,d07,kindergartens
wfs:KINDERGARTENOGD.8943442,kindergarten,d16,kindergartens
wfs:KINDERGARTENOGD.8943443,kindergarten,d12,kindergartens
wfs:KINDERGARTENOGD.8943444,kindergarten,d12,kindergartens
wfs:KINDERGARTENOGD.8943445,kindergarten,d12,kindergartens
wfs:KINDERGARTENOGD.8943446,kindergarten,d12,kindergartens
wfs:KINDERGARTENOGD.8943447,kindergarten,d12,kindergartens
wfs:KINDERGARTENOGD.8943448,kindergarten,d10,kindergartens
wfs:KINDERGARTENOGD.8943449,kindergarten,d10,kindergartens
wfs:KINDERGARTENOGD.8943450,kindergarten,d10,kindergartens
wfs:KINDERGARTENOGD.8943451,kindergarten,d10,kindergartens
wfs:KINDERGARTENOGD.8943438,kindergarten,d21,kindergartens
wfs:KINDERGARTENOGD.8943452,kindergarten,d10,kindergartens
wfs:KINDERGARTENOGD.8943453,kindergarten,d10,kindergartens
wfs:KINDERGARTENOGD.8943649,kindergarten,d22,kindergartens
wfs:KINDERGARTENOGD.8943650,kindergarten,d03,kindergartens
wfs:KINDERGARTENOGD.8943651,kindergarten,d03,kindergartens
wfs:KINDERGARTENOGD.8943652,kindergarten,d03,kindergartens
wfs:KINDERGARTENOGD.8943653,kindergarten,d04,kindergartens
wfs:KINDERGARTENOGD.8943654,kindergarten,d05,kindergartens
wfs:KINDERGARTENOGD.8943655,kindergarten,d05,kindergartens
wfs:KINDERGARTENOGD.8943656,kindergarten,d05,kindergartens
wfs:KINDERGARTENOGD.8943657,kindergarten,d07,kindergartens
wfs:KINDERGARTENOGD.8943658,kindergarten,d09,kindergartens
wfs:KINDERGARTENOGD.8943659,kindergarten,d09,kindergartens
wfs:KINDERGARTENOGD.8943660,kindergarten,d11,kindergartens
wfs:KINDERGARTENOGD.8943661,kindergarten,d11,kindergartens
wfs:KINDERGARTENOGD.8943860,kindergarten,d14,kindergartens
wfs:KINDERGARTENOGD.8943861,kindergarten,d14,kindergartens
wfs:KINDERGARTENOGD.8943862,kindergarten,d14,kindergartens
wfs:KINDERGARTENOGD.8943863,kindergarten,d14,kindergartens
wfs:KINDERGARTENOGD.8943864,kindergarten,d14,kindergartens
wfs:KINDERGARTENOGD.8943865,kindergarten,d14,kindergartens
wfs:KINDERGARTENOGD.8943866,kindergarten,d15,kindergartens
wfs:KINDERGARTENOGD.8943867,kindergarten,d15,kindergartens
wfs:KINDERGARTENOGD.8943868,kindergarten,d15,kindergartens
wfs:KINDERGARTENOGD.8943869,kindergarten,d15,kindergartens
wfs:KINDERGARTENOGD.8943870,kindergarten,d15,kindergartens
wfs:KINDERGARTENOGD.8943871,kindergarten,d15,kindergartens
wfs:KINDERGARTENOGD.8943872,kindergarten,d16,kindergartens
wfs:KINDERGARTENOGD.8943873,kindergarten,d16,kindergartens
wfs:KINDERGARTENOGD.8943200,kindergarten,d20,kindergartens
wfs:KINDERGARTENOGD.8943201,kindergarten,d23,kindergartens
wfs:KINDERGARTENOGD.8943202,kindergarten,d23,kindergartens
wfs:KINDERGARTENOGD.8943203,kindergarten,d10,kindergartens
wfs:KINDERGARTENOGD.8943204,kindergarten,d10,kindergartens
wfs:KINDERGARTENOGD.8943205,kindergarten,d23,kindergartens
wfs:KINDERGARTENOGD.8943206,kindergarten,d23,kindergartens
wfs:KINDERGARTENOGD.8943207,kindergarten,d10,kindergartens
wfs:KINDERGARTENOGD.8943208,kindergarten,d10,kindergartens
wfs:KINDERGARTENOGD.8943209,kindergarten,d12,kindergartens
wfs:KINDERGARTENOGD.8943210,kindergarten,d02,kindergartens
wfs:KINDERGARTENOGD.8943211,kindergarten,d11,kindergartens
wfs:KINDERGARTENOGD.8943212,kindergarten,d11,kindergartens
wfs:KINDERGARTENOGD.8943213,kindergarten,d22,kindergartens
wfs:KINDERGARTENOGD.8943199,kindergarten,d10,kindergartens
wfs:KINDERGARTENOGD.8943214,kindergarten,d22,kindergartens
wfs:KINDERGARTENOGD.8943454,kindergarten,d10,kindergartens
wfs:KINDERGARTENOGD.8943455,kindergarten,d10,kindergartens
wfs:KINDERGARTENOGD.8943456,kindergarten,d10,kindergartens
wfs:KINDERGARTENOGD.8943457,kindergarten,d16,kindergartens
wfs:KINDERGARTENOGD.8943458,kindergarten,d02,kindergartens
wfs:KINDERGARTENOGD.8943459,kindergarten,d16,kindergartens
wfs:KINDERGARTENOGD.8943460,kindergarten,d22,kindergartens
wfs:KINDERGARTENOGD.8943461,kindergarten,d05,kindergartens
wfs:KINDERGARTENOGD.8943462,kindergarten,d05,kindergartens
wfs:KINDERGARTENOGD.8943463,kindergarten,d10,kindergartens
wfs:KINDERGARTENOGD.8943464,kindergarten,d20,kindergartens
wfs:KINDERGARTENOGD.8943465,kindergarten,d17,kindergartens
wfs:KINDERGARTENOGD.8943466,kindergarten,d02,kindergartens
wfs:KINDERGARTENOGD.8943467,kindergarten,d11,kindergartens
wfs:KINDERGARTENOGD.8943468,kindergarten,d10,kindergartens
wfs:KINDERGARTENOGD.8943469,kindergarten,d08,kindergartens
wfs:KINDERGARTENOGD.8943662,kindergarten,d11,kindergartens
wfs:KINDERGARTENOGD.8943663,kindergarten,d11,kindergartens
wfs:KINDERGARTENOGD.8943664,kindergarten,d11,kindergartens
wfs:KINDERGARTENOGD.8943665,kindergarten,d11,kindergartens
wfs:KINDERGARTENOGD.8943666,kindergarten,d17,kindergartens
wfs:KINDERGARTENOGD.8943667,kindergarten,d17,kindergartens
wfs:KINDERGARTENOGD.8943668,kindergarten,d18,kindergartens
wfs:KINDERGARTENOGD.8943669,kindergarten,d03,kindergartens
wfs:KINDERGARTENOGD.8943670,kindergarten,d03,kindergartens
wfs:KINDERGARTENOGD.8943671,kindergarten,d03,kindergartens
wfs:KINDERGARTENOGD.8943672,kindergarten,d06,kindergartens
wfs:KINDERGARTENOGD.8943673,kindergarten,d09,kindergartens
wfs:KINDERGARTENOGD.8943674,kindergarten,d03,kindergartens
wfs:KINDERGARTENOGD.8943675,kindergarten,d03,kindergartens
wfs:KINDERGARTENOGD.8943874,kindergarten,d16,kindergartens
wfs:KINDERGARTENOGD.8943875,kindergarten,d16,kindergartens
wfs:KINDERGARTENOGD.8943876,kindergarten,d16,kindergartens
wfs:KINDERGARTENOGD.8943877,kindergarten,d23,kindergartens
wfs:KINDERGARTENOGD.8943878,kindergarten,d23,kindergartens
wfs:KINDERGARTENOGD.8943879,kindergarten,d23,kindergartens
wfs:KINDERGARTENOGD.8943880,kindergarten,d23,kindergartens
wfs:KINDERGARTENOGD.8943881,kindergarten,d23,kindergartens
wfs:KINDERGARTENOGD.8943882,kindergarten,d23,kindergartens
wfs:KINDERGARTENOGD.8943883,kindergarten,d23,kindergartens
wfs:KINDERGARTENOGD.8943884,kindergarten,d23,kindergartens
wfs:KINDERGARTENOGD.8943885,kindergarten,d23,kindergartens
wfs:KINDERGARTENOGD.8943886,kindergarten,d23,kindergartens
wfs:KINDERGARTENOGD.8943215,kindergarten,d22,kindergartens
wfs:KINDERGARTENOGD.8943216,kindergarten,d22,kindergartens
wfs:KINDERGARTENOGD.8943217,kindergarten,d15,kindergartens
wfs:KINDERGARTENOGD.8943218,kindergarten,d15,kindergartens
wfs:KINDERGARTENOGD.8943219,kindergarten,d15,kindergartens
wfs:KINDERGARTENOGD.8943220,kindergarten,d15,kindergartens
wfs:KINDERGARTENOGD.8943221,kindergarten,d02,kindergartens
wfs:KINDERGARTENOGD.8943222,kindergarten,d02,kindergartens
wfs:KINDERGARTENOGD.8943223,kindergarten,d02,kindergartens
wfs:KINDERGARTENOGD.8943224,kindergarten,d07,kindergartens
wfs:KINDERGARTENOGD.8943225,kindergarten,d10,kindergartens
wfs:KINDERGARTENOGD.8943226,kindergarten,d03,kindergartens
wfs:KINDERGARTENOGD.8943227,kindergarten,d16,kindergartens
wfs:KINDERGARTENOGD.8943228,kindergarten,d10,kindergartens
wfs:KINDERGARTENOGD.8943229,kindergarten,d10,kindergartens
wfs:KINDERGARTENOGD.8943230,kindergarten,d03,kindergartens
wfs:KINDERGARTENOGD.8943231,kindergarten,d17,kindergartens
wfs:KINDERGARTENOGD.8943470,kindergarten,d08,kindergartens
wfs:KINDERGARTENOGD.8943471,kindergarten,d02,kindergartens
wfs:KINDERGARTENOGD.8943472,kindergarten,d12,kindergartens
wfs:KINDERGARTENOGD.8943473,kindergarten,d22,kindergartens
wfs:KINDERGARTENOGD.8943474,kindergarten,d19,kindergartens
wfs:KINDERGARTENOGD.8943475,kindergarten,d10,kindergartens
wfs:KINDERGARTENOGD.8943476,kindergarten,d10,kindergartens
wfs:KINDERGARTENOGD.8943477,kindergarten,d22,kindergartens
wfs:KINDERGARTENOGD.8943478,kindergarten,d06,kindergartens
wfs:KINDERGARTENOGD.8943479,kindergarten,d13,kindergartens
wfs:KINDERGARTENOGD.8943480,kindergarten,d06,kindergartens
wfs:KINDERGARTENOGD.8943481,kindergarten,d05,kindergartens
wfs:KINDERGARTENOGD.8943482,kindergarten,d21,kindergartens
wfs:KINDERGARTENOGD.8943483,kindergarten,d10,kindergartens
wfs:KINDERGARTENOGD.8943484,kindergarten,d21,kindergartens
wfs:KINDERGARTENOGD.8943485,kindergarten,d10,kindergartens
wfs:KINDERGARTENOGD.8943676,kindergarten,d03,kindergartens
wfs:KINDERGARTENOGD.8943677,kindergarten,d06,kindergartens
wfs:KINDERGARTENOGD.8943678,kindergarten,d11,kindergartens
wfs:KINDERGARTENOGD.8943679,kindergarten,d11,kindergartens
wfs:KINDERGARTENOGD.8943680,kindergarten,d18,kindergartens
wfs:KINDERGARTENOGD.8943681,kindergarten,d03,kindergartens
wfs:KINDERGARTENOGD.8943682,kindergarten,d08,kindergartens
wfs:KINDERGARTENOGD.8943683,kindergarten,d18,kindergartens
wfs:KINDERGARTENOGD.8943684,kindergarten,d03,kindergartens
wfs:KINDERGARTENOGD.8943685,kindergarten,d03,kindergartens
wfs:KINDERGARTENOGD.8943686,kindergarten,d03,kindergartens
wfs:KINDERGARTENOGD.8943687,kindergarten,d03,kindergartens
wfs:KINDERGARTENOGD.8943688,kindergarten,d03,kindergartens
wfs:KINDERGARTENOGD.8943689,kindergarten,d03,kindergartens
wfs:KINDERGARTENOGD.8943887,kindergarten,d23,kindergartens
wfs:KINDERGARTENOGD.8943888,kindergarten,d23,kindergartens
wfs:KINDERGARTENOGD.8943889,kindergarten,d23,kindergartens
wfs:KINDERGARTENOGD.8943890,kindergarten,d23,kindergartens
wfs:KINDERGARTENOGD.8943891,kindergarten,d23,kindergartens
wfs:KINDERGARTENOGD.8943892,kindergarten,d23,kindergartens
wfs:KINDERGARTENOGD.8943893,kindergarten,d23,kindergartens
wfs:KINDERGARTENOGD.8943894,kindergarten,d10,kindergartens
wfs:KINDERGARTENOGD.8943895,kindergarten,d19,kindergartens
wfs:KINDERGARTENOGD.8943896,kindergarten,d16,kindergartens
wfs:KINDERGARTENOGD.8943897,kindergarten,d16,kindergartens
wfs:KINDERGARTENOGD.8943898,kindergarten,d15,kindergartens
wfs:KINDERGARTENOGD.8943899,kindergarten,d16,kindergartens
wfs:KINDERGARTENOGD.8943900,kindergarten,d16,kindergartens
wfs:KINDERGARTENOGD.8943232,kindergarten,d17,kindergartens
wfs:KINDERGARTENOGD.8943233,kindergarten,d14,kindergartens
wfs:KINDERGARTENOGD.8943234,kindergarten,d11,kindergartens
wfs:KINDERGARTENOGD.8943235,kindergarten,d11,kindergartens
wfs:KINDERGARTENOGD.8943236,kindergarten,d11,kindergartens
wfs:KINDERGARTENOGD.8943237,kindergarten,d11,kindergartens
wfs:KINDERGARTENOGD.8943238,kindergarten,d11,kindergartens
wfs:KINDERGARTENOGD.8943239,kindergarten,d11,kindergartens
wfs:KINDERGARTENOGD.8943240,kindergarten,d17,kindergartens
wfs:KINDERGARTENOGD.8943241,kindergarten,d05,kindergartens
wfs:KINDERGARTENOGD.8943242,kindergarten,d02,kindergartens
wfs:KINDERGARTENOGD.8943243,kindergarten,d17,kindergartens
wfs:KINDERGARTENOGD.8943244,kindergarten,d04,kindergartens
wfs:KINDERGARTENOGD.8943245,kindergarten,d20,kindergartens
wfs:KINDERGARTENOGD.8943246,kindergarten,d09,kindergartens
wfs:KINDERGARTENOGD.8943247,kindergarten,d13,kindergartens
wfs:KINDERGARTENOGD.8943486,kindergarten,d17,kindergartens
wfs:KINDERGARTENOGD.8943487,kindergarten,d18,kindergartens
wfs:KINDERGARTENOGD.8943488,kindergarten,d18,kindergartens
wfs:KINDERGARTENOGD.8943489,kindergarten,d21,kindergartens
wfs:KINDERGARTENOGD.8943490,kindergarten,d21,kindergartens
wfs:KINDERGARTENOGD.8943491,kindergarten,d05,kindergartens
wfs:KINDERGARTENOGD.8943492,kindergarten,d17,kindergartens
wfs:KINDERGARTENOGD.8943493,kindergarten,d18,kindergartens
wfs:KINDERGARTENOGD.8943494,kindergarten,d15,kindergartens
wfs:KINDERGARTENOGD.8943495,kindergarten,d19,kindergartens
wfs:KINDERGARTENOGD.8943496,kindergarten,d21,kindergartens
wfs:KINDERGARTENOGD.8943497,kindergarten,d17,kindergartens
wfs:KINDERGARTENOGD.8943498,kindergarten,d17,kindergartens
wfs:KINDERGARTENOGD.8943499,kindergarten,d15,kindergartens
wfs:KINDERGARTENOGD.8943701,kindergarten,d07,kindergartens
wfs:KINDERGARTENOGD.8943702,kindergarten,d07,kindergartens
wfs:KINDERGARTENOGD.8943703,kindergarten,d08,kindergartens
wfs:KINDERGARTENOGD.8943690,kindergarten,d04,kindergartens
wfs:KINDERGARTENOGD.8943691,kindergarten,d04,kindergartens
wfs:KINDERGARTENOGD.8943692,kindergarten,d04,kindergartens
wfs:KINDERGARTENOGD.8943693,kindergarten,d04,kindergartens
wfs:KINDERGARTENOGD.8943694,kindergarten,d05,kindergartens
wfs:KINDERGARTENOGD.8943695,kindergarten,d05,kindergartens
wfs:KINDERGARTENOGD.8943696,kindergarten,d05,kindergartens
wfs:KINDERGARTENOGD.8943697,kindergarten,d06,kindergartens
wfs:KINDERGARTENOGD.8943698,kindergarten,d06,kindergartens
wfs:KINDERGARTENOGD.8943699,kindergarten,d07,kindergartens
wfs:KINDERGARTENOGD.8943700,kindergarten,d07,kindergartens
wfs:KINDERGARTENOGD.8943901,kindergarten,d14,kindergartens
wfs:KINDERGARTENOGD.8943902,kindergarten,d15,kindergartens
wfs:KINDERGARTENOGD.8943903,kindergarten,d15,kindergartens
wfs:KINDERGARTENOGD.8943904,kindergarten,d10,kindergartens
wfs:KINDERGARTENOGD.8943905,kindergarten,d10,kindergartens
wfs:KINDERGARTENOGD.8943906,kindergarten,d10,kindergartens
wfs:KINDERGARTENOGD.8943907,kindergarten,d10,kindergartens
wfs:KINDERGARTENOGD.8943908,kindergarten,d10,kindergartens
wfs:KINDERGARTENOGD.8943909,kindergarten,d16,kindergartens
wfs:KINDERGARTENOGD.8943910,kindergarten,d12,kindergartens
wfs:KINDERGARTENOGD.8943911,kindergarten,d12,kindergartens
wfs:KINDERGARTENOGD.8943912,kindergarten,d14,kindergartens
wfs:KINDERGARTENOGD.8943913,kindergarten,d23,kindergartens
wfs:KINDERGARTENOGD.8943914,kindergarten,d23,kindergartens
wfs:KINDERGARTENOGD.8943915,kindergarten,d10,kindergartens
wfs:KINDERGARTENOGD.8943248,kindergarten,d09,kindergartens
wfs:KINDERGARTENOGD.8943249,kindergarten,d03,kindergartens
wfs:KINDERGARTENOGD.8943250,kindergarten,d02,kindergartens
wfs:KINDERGARTENOGD.8943251,kindergarten,d20,kindergartens
wfs:KINDERGARTENOGD.8943252,kindergarten,d20,kindergartens
wfs:KINDERGARTENOGD.8943253,kindergarten,d10,kindergartens
wfs:KINDERGARTENOGD.8943254,kindergarten,d10,kindergartens
wfs:KINDERGARTENOGD.8943255,kindergarten,d16,kindergartens
wfs:KINDERGARTENOGD.8943256,kindergarten,d17,kindergartens
wfs:KINDERGARTENOGD.8943257,kindergarten,d10,kindergartens
wfs:KINDERGARTENOGD.8943258,kindergarten,d20,kindergartens
wfs:KINDERGARTENOGD.8943259,kindergarten,d02,kindergartens
wfs:KINDERGARTENOGD.8943260,kindergarten,d02,kindergartens
wfs:KINDERGARTENOGD.8943261,kindergarten,d02,kindergartens
wfs:KINDERGARTENOGD.8943262,kindergarten,d20,kindergartens
wfs:UNIVERSITAETOGD.5734675,university,d02,universities
wfs:UNIVERSITAETOGD.5734676,university,d21,universities
wfs:UNIVERSITAETOGD.5734677,university,d18,universities
wfs:UNIVERSITAETOGD.5734678,university,d19,universities
wfs:UNIVERSITAETOGD.5734679,university,d06,universities
wfs:UNIVERSITAETOGD.5734680,university,d20,universities
wfs:UNIVERSITAETOGD.5734681,university,d21,universities
wfs:UNIVERSITAETOGD.5734902,university,d13,universities
wfs:UNIVERSITAETOGD.5734903,university,d09,universities
wfs:UNIVERSITAETOGD.5734712,university,d19,universities
wfs:UNIVERSITAETOGD.5734713,university,d18,universities
wfs:UNIVERSITAETOGD.5734714,university,d09,universities
wfs:UNIVERSITAETOGD.5734715,university,d03,universities
wfs:UNIVERSITAETOGD.5734716,university,d03,universities
wfs:UNIVERSITAETOGD.5734717,university,d01,universities
wfs:UNIVERSITAETOGD.5734718,university,d09,universities
wfs:UNIVERSITAETOGD.5734411,university,d01,universities
wfs:UNIVERSITAETOGD.5734412,university,d01,universities
wfs:UNIVERSITAETOGD.5734413,university,d03,universities
wfs:UNIVERSITAETOGD.5734414,university,d01,universities
wfs:UNIVERSITAETOGD.5734415,university,d02,universities
wfs:UNIVERSITAETOGD.5734416,university,d03,universities
wfs:UNIVERSITAETOGD.5734417,university,d03,universities
wfs:UNIVERSITAETOGD.5734418,university,d01,universities
wfs:UNIVERSITAETOGD.5734419,university,d01,universities
wfs:UNIVERSITAETOGD.5734420,university,d01,universities
wfs:UNIVERSITAETOGD.5734421,university,d07,universities
wfs:UNIVERSITAETOGD.5734422,university,d02,universities
wfs:UNIVERSITAETOGD.5734423,university,d09,universities
wfs:UNIVERSITAETOGD.5734424,university,d09,universities
wfs:UNIVERSITAETOGD.5734425,university,d09,universities
wfs:UNIVERSITAETOGD.5734426,university,d09,universities
wfs:UNIVERSITAETOGD.5734490,university,d07,universities
wfs:UNIVERSITAETOGD.5734517,university,d03,universities
wfs:UNIVERSITAETOGD.5734518,university,d03,universities
wfs:UNIVERSITAETOGD.5734519,university,d14,universities
wfs:UNIVERSITAETOGD.5734520,university,d01,universities
wfs:UNIVERSITAETOGD.5734559,university,d19,universities
wfs:UNIVERSITAETOGD.5734560,university,d19,universities
wfs:UNIVERSITAETOGD.5734561,university,d04,universities
wfs:UNIVERSITAETOGD.5734562,university,d04,universities
wfs:UNIVERSITAETOGD.5734563,university,d04,universities
wfs:UNIVERSITAETOGD.5734564,university,d04,universities
wfs:UNIVERSITAETOGD.5734565,university,d04,universities
wfs:UNIVERSITAETOGD.5734566,university,d04,universities
wfs:UNIVERSITAETOGD.5734567,university,d06,universities
wfs:UNIVERSITAETOGD.5734568,university,d06,universities
wfs:UNIVERSITAETOGD.5734569,university,d04,universities
wfs:UNIVERSITAETOGD.5734570,university,d04,universities
wfs:UNIVERSITAETOGD.5734571,university,d04,universities
wfs:UNIVERSITAETOGD.5734572,university,d04,universities
wfs:UNIVERSITAETOGD.5734574,university,d04,universities
wfs:UNIVERSITAETOGD.5734575,university,d04,universities
wfs:UNIVERSITAETOGD.5734576,university,d04,universities
wfs:UNIVERSITAETOGD.5734577,university,d04,universities
wfs:UNIVERSITAETOGD.5734578,university,d04,universities
wfs:UNIVERSITAETOGD.5734579,university,d04,universities
wfs:UNIVERSITAETOGD.5734580,university,d04,universities
wfs:UNIVERSITAETOGD.5734581,university,d04,universities
wfs:UNIVERSITAETOGD.5734582,university,d04,universities
wfs:UNIVERSITAETOGD.5734583,university,d04,universities
wfs:UNIVERSITAETOGD.5734584,university,d04,universities
wfs:UNIVERSITAETOGD.5734585,university,d03,universities
wfs:UNIVERSITAETOGD.5734586,university,d03,universities
wfs:UNIVERSITAETOGD.5734587,university,d20,universities
wfs:UNIVERSITAETOGD.5734588,university,d04,universities
wfs:UNIVERSITAETOGD.5734589,university,d04,universities
wfs:UNIVERSITAETOGD.5734590,university,d02,universities
wfs:UNIVERSITAETOGD.5734573,university,d04,universities
wfs:UNIVERSITAETOGD.5734373,university,d09,universities
wfs:UNIVERSITAETOGD.5734374,university,d09,universities
wfs:UNIVERSITAETOGD.5734375,university,d09,universities
wfs:UNIVERSITAETOGD.5734376,university,d09,universities
wfs:UNIVERSITAETOGD.5734377,university,d09,universities
wfs:UNIVERSITAETOGD.5734378,university,d09,universities
wfs:UNIVERSITAETOGD.5734379,university,d18,universities
wfs:UNIVERSITAETOGD.5734380,university,d18,universities
wfs:UNIVERSITAETOGD.5734381,university,d18,universities
wfs:UNIVERSITAETOGD.5734382,university,d18,universities
wfs:UNIVERSITAETOGD.5734383,university,d19,universities
wfs:UNIVERSITAETOGD.5734384,university,d19,universities
wfs:UNIVERSITAETOGD.5734385,university,d19,universities
wfs:UNIVERSITAETOGD.5734386,university,d19,universities
wfs:UNIVERSITAETOGD.5734387,university,d18,universities
wfs:UNIVERSITAETOGD.5734388,university,d19,universities
wfs:UNIVERSITAETOGD.5734389,university,d22,universities
wfs:UNIVERSITAETOGD.5734390,university,d21,universities
wfs:UNIVERSITAETOGD.5734353,university,d02,universities
wfs:UNIVERSITAETOGD.5734354,university,d02,universities
wfs:UNIVERSITAETOGD.5734355,university,d02,universities
wfs:UNIVERSITAETOGD.5734356,university,d02,universities
wfs:UNIVERSITAETOGD.5734357,university,d02,universities
wfs:UNIVERSITAETOGD.5734358,university,d02,universities
wfs:UNIVERSITAETOGD.5734359,university,d02,universities
wfs:UNIVERSITAETOGD.5734682,university,d06,universities
wfs:UNIVERSITAETOGD.5734683,university,d06,universities
wfs:UNIVERSITAETOGD.5734391,university,d14,universities
wfs:UNIVERSITAETOGD.5734392,university,d19,universities
wfs:UNIVERSITAETOGD.5734393,university,d19,universities
wfs:UNIVERSITAETOGD.5734394,university,d19,universities
wfs:UNIVERSITAETOGD.5734395,university,d19,universities
wfs:UNIVERSITAETOGD.5734396,university,d21,universities
wfs:UNIVERSITAETOGD.5734397,university,d16,universities
wfs:UNIVERSITAETOGD.5734399,university,d03,universities
wfs:UNIVERSITAETOGD.5734400,university,d03,universities
wfs:UNIVERSITAETOGD.5734401,university,d03,universities
wfs:UNIVERSITAETOGD.5734402,university,d13,universities
wfs:UNIVERSITAETOGD.5734403,university,d04,universities
wfs:UNIVERSITAETOGD.5734404,university,d01,universities
wfs:UNIVERSITAETOGD.5734405,university,d01,universities
wfs:UNIVERSITAETOGD.5734406,university,d01,universities
wfs:UNIVERSITAETOGD.5734407,university,d01,universities
wfs:UNIVERSITAETOGD.5734408,university,d03,universities
wfs:UNIVERSITAETOGD.5734409,university,d01,universities
wfs:UNIVERSITAETOGD.5734410,university,d01,universities
wfs:UNIVERSITAETOGD.5734719,university,d03,universities
wfs:UNIVERSITAETOGD.5734720,university,d09,universities
wfs:UNIVERSITAETOGD.5734721,university,d09,universities
wfs:UNIVERSITAETOGD.5734722,university,d09,universities
wfs:UNIVERSITAETOGD.5734723,university,d09,universities
wfs:UNIVERSITAETOGD.5734724,university,d09,universities
wfs:UNIVERSITAETOGD.5734725,university,d09,universities
wfs:UNIVERSITAETOGD.5734786,university,d19,universities
wfs:UNIVERSITAETOGD.5734788,university,d19,universities
wfs:UNIVERSITAETOGD.5734835,university,d09,universities
wfs:UNIVERSITAETOGD.5734836,university,d03,universities
wfs:UNIVERSITAETOGD.5734845,university,d01,universities
wfs:UNIVERSITAETOGD.5734846,university,d01,universities
wfs:UNIVERSITAETOGD.5734847,university,d01,universities
wfs:UNIVERSITAETOGD.5734848,university,d01,universities
wfs:UNIVERSITAETOGD.5734849,university,d01,universities
wfs:UNIVERSITAETOGD.5734850,university,d01,universities
wfs:UNIVERSITAETOGD.5734851,university,d01,universities
wfs:UNIVERSITAETOGD.5734852,university,d09,universities
wfs:UNIVERSITAETOGD.5734853,university,d09,universities
wfs:UNIVERSITAETOGD.5734854,university,d09,universities
wfs:UNIVERSITAETOGD.5734856,university,d09,universities
wfs:UNIVERSITAETOGD.5734857,university,d09,universities
wfs:UNIVERSITAETOGD.5734867,university,d15,universities
wfs:UNIVERSITAETOGD.5734868,university,d15,universities
wfs:UNIVERSITAETOGD.5734870,university,d19,universities
wfs:UNIVERSITAETOGD.5734491,university,d01,universities
wfs:UNIVERSITAETOGD.5734492,university,d01,universities
wfs:UNIVERSITAETOGD.5734493,university,d01,universities
wfs:UNIVERSITAETOGD.5734494,university,d22,universities
wfs:UNIVERSITAETOGD.5734495,university,d19,universities
wfs:UNIVERSITAETOGD.5734787,university,d02,universities
wfs:UNIVERSITAETOGD.5734246,university,d10,universities
wfs:UNIVERSITAETOGD.5734247,university,d10,universities
wfs:UNIVERSITAETOGD.5734248,university,d10,universities
wfs:UNIVERSITAETOGD.5734343,university,d10,universities
wfs:UNIVERSITAETOGD.5734344,university,d15,universities
wfs:UNIVERSITAETOGD.5734345,university,d02,universities
wfs:UNIVERSITAETOGD.5734346,university,d21,universities
wfs:UNIVERSITAETOGD.5734347,university,d21,universities
wfs:UNIVERSITAETOGD.5734348,university,d18,universities
wfs:UNIVERSITAETOGD.5734349,university,d01,universities
wfs:UNIVERSITAETOGD.5734350,university,d10,universities
wfs:UNIVERSITAETOGD.5734351,university,d01,universities
wfs:UNIVERSITAETOGD.5734352,university,d10,universities
wfs:UNIVERSITAETOGD.5734684,university,d02,universities
wfs:MAERKTEOGD.148339,market,d18,markets
wfs:MAERKTEOGD.148340,market,d19,markets
wfs:MAERKTEOGD.148341,market,d19,markets
wfs:MAERKTEOGD.147714,market,d02,markets
wfs:MAERKTEOGD.147715,market,d02,markets
wfs:MAERKTEOGD.147716,market,d02,markets
wfs:MAERKTEOGD.147717,market,d03,markets
wfs:MAERKTEOGD.147718,market,d06,markets
wfs:MAERKTEOGD.147719,market,d10,markets
wfs:MAERKTEOGD.147720,market,d12,markets
wfs:MAERKTEOGD.147721,market,d15,markets
wfs:MAERKTEOGD.147722,market,d16,markets
wfs:MAERKTEOGD.147723,market,d18,markets
wfs:MAERKTEOGD.147724,market,d20,markets
wfs:MAERKTEOGD.147725,market,d21,markets
wfs:MAERKTEOGD.147726,market,d01,markets
wfs:MAERKTEOGD.147727,market,d01,markets
wfs:MAERKTEOGD.147728,market,d06,markets
wfs:MAERKTEOGD.148337,market,d15,markets
wfs:MAERKTEOGD.148338,market,d18,markets
wfs:MAERKTEOGD.148342,market,d22,markets
wfs:MAERKTEOGD.148343,market,d06,markets
wfs:MAERKTEOGD.148344,market,d13,markets
wfs:MUSEUMOGD.140627,museum,d05,museums
wfs:MUSEUMOGD.140628,museum,d01,museums
wfs:MUSEUMOGD.140629,museum,d03,museums
wfs:MUSEUMOGD.140630,museum,d19,museums
wfs:MUSEUMOGD.140631,museum,d22,museums
wfs:MUSEUMOGD.140632,museum,d07,museums
wfs:MUSEUMOGD.140633,museum,d07,museums
wfs:MUSEUMOGD.140634,museum,d01,museums
wfs:MUSEUMOGD.140635,museum,d08,museums
wfs:MUSEUMOGD.140636,museum,d01,museums
wfs:MUSEUMOGD.140637,museum,d14,museums
wfs:MUSEUMOGD.140638,museum,d14,museums
wfs:MUSEUMOGD.140639,museum,d01,museums
wfs:MUSEUMOGD.140640,museum,d06,museums
wfs:MUSEUMOGD.140641,museum,d07,museums
wfs:MUSEUMOGD.140642,museum,d21,museums
wfs:MUSEUMOGD.140643,museum,d02,museums
wfs:MUSEUMOGD.140644,museum,d01,museums
wfs:MUSEUMOGD.140645,museum,d09,museums
wfs:MUSEUMOGD.140646,museum,d17,museums
wfs:MUSEUMOGD.140647,museum,d01,museums
wfs:MUSEUMOGD.140648,museum,d01,museums
wfs:MUSEUMOGD.140649,museum,d07,museums
wfs:MUSEUMOGD.140650,museum,d08,museums
wfs:MUSEUMOGD.140651,museum,d22,museums
wfs:MUSEUMOGD.140652,museum,d06,museums
wfs:MUSEUMOGD.140653,museum,d14,museums
wfs:MUSEUMOGD.140654,museum,d06,museums
wfs:MUSEUMOGD.140655,museum,d07,museums
wfs:MUSEUMOGD.140656,museum,d05,museums
wfs:MUSEUMOGD.140657,museum,d05,museums
wfs:MUSEUMOGD.140658,museum,d01,museums
wfs:MUSEUMOGD.140659,museum,d01,museums
wfs:MUSEUMOGD.140660,museum,d01,museums
wfs:MUSEUMOGD.140661,museum,d01,museums
wfs:MUSEUMOGD.140662,museum,d19,museums
wfs:MUSEUMOGD.140663,museum,d03,museums
wfs:MUSEUMOGD.140664,museum,d01,museums
wfs:MUSEUMOGD.140665,museum,d11,museums
wfs:MUSEUMOGD.140666,museum,d09,museums
wfs:MUSEUMOGD.140667,museum,d23,museums
wfs:MUSEUMOGD.140668,museum,d03,museums
wfs:MUSEUMOGD.140669,museum,d01,museums
wfs:MUSEUMOGD.140670,museum,d15,museums
wfs:MUSEUMOGD.140671,museum,d01,museums
wfs:MUSEUMOGD.140672,museum,d09,museums
wfs:MUSEUMOGD.140673,museum,d09,museums
wfs:MUSEUMOGD.140674,museum,d15,museums
wfs:MUSEUMOGD.140675,museum,d13,museums
wfs:MUSEUMOGD.140676,museum,d12,museums
wfs:MUSEUMOGD.140692,museum,d14,museums
wfs:MUSEUMOGD.140693,museum,d05,museums
wfs:MUSEUMOGD.140694,museum,d01,museums
wfs:MUSEUMOGD.140695,museum,d01,museums
wfs:MUSEUMOGD.140696,museum,d02,museums
wfs:MUSEUMOGD.140697,museum,d01,museums
wfs:MUSEUMOGD.140698,museum,d01,museums
wfs:MUSEUMOGD.140699,museum,d03,museums
wfs:MUSEUMOGD.140700,museum,d07,museums
wfs:MUSEUMOGD.140701,museum,d05,museums
wfs:MUSEUMOGD.140677,museum,d22,museums
wfs:MUSEUMOGD.140678,museum,d02,museums
wfs:MUSEUMOGD.140679,museum,d03,museums
wfs:MUSEUMOGD.140680,museum,d04,museums
wfs:MUSEUMOGD.140681,museum,d07,museums
wfs:MUSEUMOGD.140682,museum,d01,museums
wfs:MUSEUMOGD.140683,museum,d01,museums
wfs:MUSEUMOGD.140684,museum,d07,museums
wfs:MUSEUMOGD.140685,museum,d01,museums
wfs:MUSEUMOGD.140686,museum,d11,museums
wfs:MUSEUMOGD.140687,museum,d01,museums
wfs:MUSEUMOGD.140688,museum,d01,museums
wfs:MUSEUMOGD.140689,museum,d01,museums
wfs:MUSEUMOGD.140690,museum,d01,museums
wfs:MUSEUMOGD.140691,museum,d09,museums
wfs:MUSEUMOGD.140702,museum,d14,museums
wfs:MUSEUMOGD.140703,museum,d04,museums
wfs:MUSEUMOGD.140704,museum,d13,museums
wfs:MUSEUMOGD.140705,museum,d01,museums
wfs:MUSEUMOGD.140706,museum,d02,museums
wfs:MUSEUMOGD.140707,museum,d01,museums
wfs:MUSEUMOGD.140708,museum,d03,museums
wfs:MUSEUMOGD.140709,museum,d02,museums
wfs:MUSEUMOGD.140710,museum,d01,museums
wfs:MUSEUMOGD.140711,museum,d01,museums
wfs:MUSEUMOGD.140712,museum,d01,museums
wfs:MUSEUMOGD.140713,museum,d01,museums
wfs:MUSEUMOGD.140577,museum,d10,museums
wfs:MUSEUMOGD.140578,museum,d21,museums
wfs:MUSEUMOGD.140579,museum,d01,museums
wfs:MUSEUMOGD.140580,museum,d06,museums
wfs:MUSEUMOGD.140581,museum,d01,museums
wfs:MUSEUMOGD.140582,museum,d12,museums
wfs:MUSEUMOGD.140583,museum,d05,museums
wfs:MUSEUMOGD.140584,museum,d01,museums
wfs:MUSEUMOGD.140585,museum,d01,museums
wfs:MUSEUMOGD.140586,museum,d23,museums
wfs:MUSEUMOGD.140587,museum,d09,museums
wfs:MUSEUMOGD.140588,museum,d01,museums
wfs:MUSEUMOGD.140589,museum,d03,museums
wfs:MUSEUMOGD.140590,museum,d13,museums
wfs:MUSEUMOGD.140591,museum,d01,museums
wfs:MUSEUMOGD.140592,museum,d01,museums
wfs:MUSEUMOGD.140593,museum,d01,museums
wfs:MUSEUMOGD.140594,museum,d01,museums
wfs:MUSEUMOGD.140595,museum,d01,museums
wfs:MUSEUMOGD.140596,museum,d04,museums
wfs:MUSEUMOGD.140597,museum,d03,museums
wfs:MUSEUMOGD.140598,museum,d02,museums
wfs:MUSEUMOGD.140599,museum,d01,museums
wfs:MUSEUMOGD.140600,museum,d01,museums
wfs:MUSEUMOGD.140601,museum,d01,museums
wfs:MUSEUMOGD.140602,museum,d19,museums
wfs:MUSEUMOGD.140603,museum,d01,museums
wfs:MUSEUMOGD.140604,museum,d01,museums
wfs:MUSEUMOGD.140605,museum,d01,museums
wfs:MUSEUMOGD.140606,museum,d02,museums
wfs:MUSEUMOGD.140607,museum,d01,museums
wfs:MUSEUMOGD.140608,museum,d01,museums
wfs:MUSEUMOGD.140609,museum,d02,museums
wfs:MUSEUMOGD.140610,museum,d04,museums
wfs:MUSEUMOGD.140611,museum,d22,museums
wfs:MUSEUMOGD.140612,museum,d01,museums
wfs:MUSEUMOGD.140613,museum,d08,museums
wfs:MUSEUMOGD.140614,museum,d01,museums
wfs:MUSEUMOGD.140615,museum,d01,museums
wfs:MUSEUMOGD.140616,museum,d12,museums
wfs:MUSEUMOGD.140617,museum,d12,museums
wfs:MUSEUMOGD.140618,museum,d18,museums
wfs:MUSEUMOGD.140619,museum,d01,museums
wfs:MUSEUMOGD.140620,museum,d07,museums
wfs:MUSEUMOGD.140621,museum,d15,museums
wfs:MUSEUMOGD.140622,museum,d18,museums
wfs:MUSEUMOGD.140623,museum,d14,museums
wfs:MUSEUMOGD.140624,museum,d01,museums
wfs:MUSEUMOGD.140625,museum,d01,museums
wfs:MUSEUMOGD.140626,museum,d04,museums
wfs:SPORTSTAETTENOGD.16353,sport_facility,d21,sport_facilities
wfs:SPORTSTAETTENOGD.16354,sport_facility,d21,sport_facilities
wfs:SPORTSTAETTENOGD.16355,sport_facility,d21,sport_facilities
wfs:SPORTSTAETTENOGD.16356,sport_facility,d21,sport_facilities
wfs:SPORTSTAETTENOGD.16357,sport_facility,d21,sport_facilities
wfs:SPORTSTAETTENOGD.16358,sport_facility,d21,sport_facilities
wfs:SPORTSTAETTENOGD.16359,sport_facility,d21,sport_facilities
wfs:SPORTSTAETTENOGD.16360,sport_facility,d21,sport_facilities
wfs:SPORTSTAETTENOGD.16361,sport_facility,d21,sport_facilities
wfs:SPORTSTAETTENOGD.16362,sport_facility,d21,sport_facilities
wfs:SPORTSTAETTENOGD.16363,sport_facility,d21,sport_facilities
wfs:SPORTSTAETTENOGD.16365,sport_facility,d21,sport_facilities
wfs:SPORTSTAETTENOGD.16366,sport_facility,d21,sport_facilities
wfs:SPORTSTAETTENOGD.16367,sport_facility,d21,sport_facilities
wfs:SPORTSTAETTENOGD.16368,sport_facility,d21,sport_facilities
wfs:SPORTSTAETTENOGD.16369,sport_facility,d21,sport_facilities
wfs:SPORTSTAETTENOGD.16370,sport_facility,d21,sport_facilities
wfs:SPORTSTAETTENOGD.16371,sport_facility,d21,sport_facilities
wfs:SPORTSTAETTENOGD.16372,sport_facility,d21,sport_facilities
wfs:SPORTSTAETTENOGD.16373,sport_facility,d22,sport_facilities
wfs:SPORTSTAETTENOGD.16374,sport_facility,d22,sport_facilities
wfs:SPORTSTAETTENOGD.16375,sport_facility,d22,sport_facilities
wfs:SPORTSTAETTENOGD.16376,sport_facility,d22,sport_facilities
wfs:SPORTSTAETTENOGD.16377,sport_facility,d22,sport_facilities
wfs:SPORTSTAETTENOGD.16378,sport_facility,d22,sport_facilities
wfs:SPORTSTAETTENOGD.16379,sport_facility,d22,sport_facilities
wfs:SPORTSTAETTENOGD.16380,sport_facility,d22,sport_facilities
wfs:SPORTSTAETTENOGD.16381,sport_facility,d22,sport_facilities
wfs:SPORTSTAETTENOGD.11144,sport_facility,d02,sport_facilities
wfs:SPORTSTAETTENOGD.11145,sport_facility,d02,sport_facilities
wfs:SPORTSTAETTENOGD.11146,sport_facility,d02,sport_facilities
wfs:SPORTSTAETTENOGD.11147,sport_facility,d02,sport_facilities
wfs:SPORTSTAETTENOGD.11148,sport_facility,d02,sport_facilities
wfs:SPORTSTAETTENOGD.11149,sport_facility,d02,sport_facilities
wfs:SPORTSTAETTENOGD.11150,sport_facility,d02,sport_facilities
wfs:SPORTSTAETTENOGD.11151,sport_facility,d02,sport_facilities
wfs:SPORTSTAETTENOGD.11152,sport_facility,d02,sport_facilities
wfs:SPORTSTAETTENOGD.11153,sport_facility,d02,sport_facilities
wfs:SPORTSTAETTENOGD.11154,sport_facility,d02,sport_facilities
wfs:SPORTSTAETTENOGD.11155,sport_facility,d02,sport_facilities
wfs:SPORTSTAETTENOGD.11156,sport_facility,d03,sport_facilities
wfs:SPORTSTAETTENOGD.11157,sport_facility,d03,sport_facilities
wfs:SPORTSTAETTENOGD.11158,sport_facility,d03,sport_facilities
wfs:SPORTSTAETTENOGD.11159,sport_facility,d03,sport_facilities
wfs:SPORTSTAETTENOGD.11160,sport_facility,d03,sport_facilities
wfs:SPORTSTAETTENOGD.11161,sport_facility,d03,sport_facilities
wfs:SPORTSTAETTENOGD.11162,sport_facility,d03,sport_facilities
wfs:SPORTSTAETTENOGD.11163,sport_facility,d05,sport_facilities
wfs:SPORTSTAETTENOGD.11164,sport_facility,d05,sport_facilities
wfs:SPORTSTAETTENOGD.11165,sport_facility,d05,sport_facilities
wfs:SPORTSTAETTENOGD.11166,sport_facility,d05,sport_facilities
wfs:SPORTSTAETTENOGD.11167,sport_facility,d05,sport_facilities
wfs:SPORTSTAETTENOGD.11168,sport_facility,d05,sport_facilities
wfs:SPORTSTAETTENOGD.11169,sport_facility,d05,sport_facilities
wfs:SPORTSTAETTENOGD.11170,sport_facility,d05,sport_facilities
wfs:SPORTSTAETTENOGD.11171,sport_facility,d05,sport_facilities
wfs:SPORTSTAETTENOGD.11172,sport_facility,d05,sport_facilities
wfs:SPORTSTAETTENOGD.11173,sport_facility,d05,sport_facilities
wfs:SPORTSTAETTENOGD.11174,sport_facility,d05,sport_facilities
wfs:SPORTSTAETTENOGD.11175,sport_facility,d06,sport_facilities
wfs:SPORTSTAETTENOGD.11176,sport_facility,d06,sport_facilities
wfs:SPORTSTAETTENOGD.11177,sport_facility,d06,sport_facilities
wfs:SPORTSTAETTENOGD.11178,sport_facility,d06,sport_facilities
wfs:SPORTSTAETTENOGD.11179,sport_facility,d06,sport_facilities
wfs:SPORTSTAETTENOGD.11180,sport_facility,d06,sport_facilities
wfs:SPORTSTAETTENOGD.11181,sport_facility,d03,sport_facilities
wfs:SPORTSTAETTENOGD.11182,sport_facility,d03,sport_facilities
wfs:SPORTSTAETTENOGD.11183,sport_facility,d03,sport_facilities
wfs:SPORTSTAETTENOGD.11184,sport_facility,d03,sport_facilities
wfs:SPORTSTAETTENOGD.11185,sport_facility,d03,sport_facilities
wfs:SPORTSTAETTENOGD.11186,sport_facility,d03,sport_facilities
wfs:SPORTSTAETTENOGD.11187,sport_facility,d03,sport_facilities
wfs:SPORTSTAETTENOGD.11188,sport_facility,d03,sport_facilities
wfs:SPORTSTAETTENOGD.11189,sport_facility,d03,sport_facilities
wfs:SPORTSTAETTENOGD.11190,sport_facility,d03,sport_facilities
wfs:SPORTSTAETTENOGD.11191,sport_facility,d03,sport_facilities
wfs:SPORTSTAETTENOGD.11192,sport_facility,d03,sport_facilities
wfs:SPORTSTAETTENOGD.11193,sport_facility,d03,sport_facilities
wfs:SPORTSTAETTENOGD.11194,sport_facility,d03,sport_facilities
wfs:SPORTSTAETTENOGD.11195,sport_facility,d03,sport_facilities
wfs:SPORTSTAETTENOGD.11196,sport_facility,d04,sport_facilities
wfs:SPORTSTAETTENOGD.11197,sport_facility,d04,sport_facilities
wfs:SPORTSTAETTENOGD.11198,sport_facility,d04,sport_facilities
wfs:SPORTSTAETTENOGD.11199,sport_facility,d04,sport_facilities
wfs:SPORTSTAETTENOGD.11200,sport_facility,d05,sport_facilities
wfs:SPORTSTAETTENOGD.16001,sport_facility,d01,sport_facilities
wfs:SPORTSTAETTENOGD.16002,sport_facility,d01,sport_facilities
wfs:SPORTSTAETTENOGD.16003,sport_facility,d01,sport_facilities
wfs:SPORTSTAETTENOGD.16004,sport_facility,d01,sport_facilities
wfs:SPORTSTAETTENOGD.16005,sport_facility,d01,sport_facilities
wfs:SPORTSTAETTENOGD.16006,sport_facility,d02,sport_facilities
wfs:SPORTSTAETTENOGD.16007,sport_facility,d02,sport_facilities
wfs:SPORTSTAETTENOGD.16008,sport_facility,d02,sport_facilities
wfs:SPORTSTAETTENOGD.16009,sport_facility,d02,sport_facilities
wfs:SPORTSTAETTENOGD.16010,sport_facility,d02,sport_facilities
wfs:SPORTSTAETTENOGD.16011,sport_facility,d02,sport_facilities
wfs:SPORTSTAETTENOGD.16012,sport_facility,d02,sport_facilities
wfs:SPORTSTAETTENOGD.16013,sport_facility,d02,sport_facilities
wfs:SPORTSTAETTENOGD.16014,sport_facility,d02,sport_facilities
wfs:SPORTSTAETTENOGD.16015,sport_facility,d02,sport_facilities
wfs:SPORTSTAETTENOGD.16016,sport_facility,d02,sport_facilities
wfs:SPORTSTAETTENOGD.16017,sport_facility,d02,sport_facilities
wfs:SPORTSTAETTENOGD.16018,sport_facility,d02,sport_facilities
wfs:SPORTSTAETTENOGD.16019,sport_facility,d02,sport_facilities
wfs:SPORTSTAETTENOGD.16020,sport_facility,d02,sport_facilities
wfs:SPORTSTAETTENOGD.16021,sport_facility,d02,sport_facilities
wfs:SPORTSTAETTENOGD.16022,sport_facility,d02,sport_facilities
wfs:SPORTSTAETTENOGD.16023,sport_facility,d02,sport_facilities
wfs:SPORTSTAETTENOGD.16024,sport_facility,d02,sport_facilities
wfs:SPORTSTAETTENOGD.16025,sport_facility,d02,sport_facilities
wfs:SPORTSTAETTENOGD.16026,sport_facility,d02,sport_facilities
wfs:SPORTSTAETTENOGD.16027,sport_facility,d02,sport_facilities
wfs:SPORTSTAETTENOGD.16028,sport_facility,d02,sport_facilities
wfs:SPORTSTAETTENOGD.16029,sport_facility,d02,sport_facilities
wfs:SPORTSTAETTENOGD.16030,sport_facility,d02,sport_facilities
wfs:SPORTSTAETTENOGD.16031,sport_facility,d02,sport_facilities
wfs:SPORTSTAETTENOGD.16032,sport_facility,d02,sport_facilities
wfs:SPORTSTAETTENOGD.16033,sport_facility,d02,sport_facilities
wfs:SPORTSTAETTENOGD.16034,sport_facility,d02,sport_facilities
wfs:SPORTSTAETTENOGD.16035,sport_facility,d02,sport_facilities
wfs:SPORTSTAETTENOGD.16036,sport_facility,d02,sport_facilities
wfs:SPORTSTAETTENOGD.16037,sport_facility,d02,sport_facilities
wfs:SPORTSTAETTENOGD.16038,sport_facility,d02,sport_facilities
wfs:SPORTSTAETTENOGD.16039,sport_facility,d10,sport_facilities
wfs:SPORTSTAETTENOGD.16040,sport_facility,d10,sport_facilities
wfs:SPORTSTAETTENOGD.16041,sport_facility,d10,sport_facilities
wfs:SPORTSTAETTENOGD.16042,sport_facility,d10,sport_facilities
wfs:SPORTSTAETTENOGD.16043,sport_facility,d10,sport_facilities
wfs:SPORTSTAETTENOGD.16044,sport_facility,d10,sport_facilities
wfs:SPORTSTAETTENOGD.16045,sport_facility,d10,sport_facilities
wfs:SPORTSTAETTENOGD.16046,sport_facility,d10,sport_facilities
wfs:SPORTSTAETTENOGD.16047,sport_facility,d10,sport_facilities
wfs:SPORTSTAETTENOGD.16048,sport_facility,d10,sport_facilities
wfs:SPORTSTAETTENOGD.16049,sport_facility,d10,sport_facilities
wfs:SPORTSTAETTENOGD.16050,sport_facility,d10,sport_facilities
wfs:SPORTSTAETTENOGD.16051,sport_facility,d10,sport_facilities
wfs:SPORTSTAETTENOGD.16052,sport_facility,d10,sport_facilities
wfs:SPORTSTAETTENOGD.16053,sport_facility,d10,sport_facilities
wfs:SPORTSTAETTENOGD.16054,sport_facility,d10,sport_facilities
wfs:SPORTSTAETTENOGD.16055,sport_facility,d10,sport_facilities
wfs:SPORTSTAETTENOGD.16056,sport_facility,d10,sport_facilities
wfs:SPORTSTAETTENOGD.16057,sport_facility,d10,sport_facilities
wfs:SPORTSTAETTENOGD.16058,sport_facility,d10,sport_facilities
wfs:SPORTSTAETTENOGD.16059,sport_facility,d10,sport_facilities
wfs:SPORTSTAETTENOGD.16060,sport_facility,d10,sport_facilities
wfs:SPORTSTAETTENOGD.16061,sport_facility,d10,sport_facilities
wfs:SPORTSTAETTENOGD.16062,sport_facility,d11,sport_facilities
wfs:SPORTSTAETTENOGD.16063,sport_facility,d11,sport_facilities
wfs:SPORTSTAETTENOGD.16064,sport_facility,d11,sport_facilities
wfs:SPORTSTAETTENOGD.16065,sport_facility,d11,sport_facilities
wfs:SPORTSTAETTENOGD.16066,sport_facility,d11,sport_facilities
wfs:SPORTSTAETTENOGD.16067,sport_facility,d11,sport_facilities
wfs:SPORTSTAETTENOGD.16068,sport_facility,d11,sport_facilities
wfs:SPORTSTAETTENOGD.16069,sport_facility,d11,sport_facilities
wfs:SPORTSTAETTENOGD.16070,sport_facility,d11,sport_facilities
wfs:SPORTSTAETTENOGD.16071,sport_facility,d11,sport_facilities
wfs:SPORTSTAETTENOGD.16072,sport_facility,d11,sport_facilities
wfs:SPORTSTAETTENOGD.16073,sport_facility,d11,sport_facilities
wfs:SPORTSTAETTENOGD.16074,sport_facility,d11,sport_facilities
wfs:SPORTSTAETTENOGD.16075,sport_facility,d11,sport_facilities
wfs:SPORTSTAETTENOGD.16076,sport_facility,d11,sport_facilities
wfs:SPORTSTAETTENOGD.16077,sport_facility,d11,sport_facilities
wfs:SPORTSTAETTENOGD.16078,sport_facility,d11,sport_facilities
wfs:SPORTSTAETTENOGD.16079,sport_facility,d11,sport_facilities
wfs:SPORTSTAETTENOGD.16080,sport_facility,d11,sport_facilities
wfs:SPORTSTAETTENOGD.16081,sport_facility,d11,sport_facilities
wfs:SPORTSTAETTENOGD.16082,sport_facility,d11,sport_facilities
wfs:SPORTSTAETTENOGD.16083,sport_facility,d11,sport_facilities
wfs:SPORTSTAETTENOGD.16084,sport_facility,d11,sport_facilities
wfs:SPORTSTAETTENOGD.16085,sport_facility,d11,sport_facilities
wfs:SPORTSTAETTENOGD.16086,sport_facility,d11,sport_facilities
wfs:SPORTSTAETTENOGD.16087,sport_facility,d11,sport_facilities
wfs:SPORTSTAETTENOGD.16088,sport_facility,d11,sport_facilities
wfs:SPORTSTAETTENOGD.16089,sport_facility,d11,sport_facilities
wfs:SPORTSTAETTENOGD.16090,sport_facility,d11,sport_facilities
wfs:SPORTSTAETTENOGD.16091,sport_facility,d12,sport_facilities
wfs:SPORTSTAETTENOGD.16092,sport_facility,d12,sport_facilities
wfs:SPORTSTAETTENOGD.16093,sport_facility,d12,sport_facilities
wfs:SPORTSTAETTENOGD.16094,sport_facility,d12,sport_facilities
wfs:SPORTSTAETTENOGD.16095,sport_facility,d05,sport_facilities
wfs:SPORTSTAETTENOGD.16096,sport_facility,d12,sport_facilities
wfs:SPORTSTAETTENOGD.16097,sport_facility,d12,sport_facilities
wfs:SPORTSTAETTENOGD.16098,sport_facility,d12,sport_facilities
wfs:SPORTSTAETTENOGD.16099,sport_facility,d12,sport_facilities
wfs:SPORTSTAETTENOGD.16100,sport_facility,d12,sport_facilities
wfs:SPORTSTAETTENOGD.16101,sport_facility,d12,sport_facilities
wfs:SPORTSTAETTENOGD.16102,sport_facility,d12,sport_facilities
wfs:SPORTSTAETTENOGD.16103,sport_facility,d12,sport_facilities
wfs:SPORTSTAETTENOGD.16104,sport_facility,d12,sport_facilities
wfs:SPORTSTAETTENOGD.16105,sport_facility,d12,sport_facilities
wfs:SPORTSTAETTENOGD.16106,sport_facility,d12,sport_facilities
wfs:SPORTSTAETTENOGD.16107,sport_facility,d12,sport_facilities
wfs:SPORTSTAETTENOGD.16108,sport_facility,d12,sport_facilities
wfs:SPORTSTAETTENOGD.16109,sport_facility,d12,sport_facilities
wfs:SPORTSTAETTENOGD.16110,sport_facility,d12,sport_facilities
wfs:SPORTSTAETTENOGD.16111,sport_facility,d12,sport_facilities
wfs:SPORTSTAETTENOGD.16112,sport_facility,d12,sport_facilities
wfs:SPORTSTAETTENOGD.16113,sport_facility,d12,sport_facilities
wfs:SPORTSTAETTENOGD.16114,sport_facility,d12,sport_facilities
wfs:SPORTSTAETTENOGD.16115,sport_facility,d13,sport_facilities
wfs:SPORTSTAETTENOGD.16116,sport_facility,d13,sport_facilities
wfs:SPORTSTAETTENOGD.16117,sport_facility,d13,sport_facilities
wfs:SPORTSTAETTENOGD.16118,sport_facility,d13,sport_facilities
wfs:SPORTSTAETTENOGD.16119,sport_facility,d13,sport_facilities
wfs:SPORTSTAETTENOGD.16120,sport_facility,d13,sport_facilities
wfs:SPORTSTAETTENOGD.16121,sport_facility,d13,sport_facilities
wfs:SPORTSTAETTENOGD.16122,sport_facility,d13,sport_facilities
wfs:SPORTSTAETTENOGD.16123,sport_facility,d13,sport_facilities
wfs:SPORTSTAETTENOGD.16124,sport_facility,d13,sport_facilities
wfs:SPORTSTAETTENOGD.16125,sport_facility,d13,sport_facilities
wfs:SPORTSTAETTENOGD.16126,sport_facility,d13,sport_facilities
wfs:SPORTSTAETTENOGD.16127,sport_facility,d13,sport_facilities
wfs:SPORTSTAETTENOGD.16128,sport_facility,d13,sport_facilities
wfs:SPORTSTAETTENOGD.16129,sport_facility,d13,sport_facilities
wfs:SPORTSTAETTENOGD.16130,sport_facility,d13,sport_facilities
wfs:SPORTSTAETTENOGD.16131,sport_facility,d13,sport_facilities
wfs:SPORTSTAETTENOGD.16132,sport_facility,d06,sport_facilities
wfs:SPORTSTAETTENOGD.16133,sport_facility,d06,sport_facilities
wfs:SPORTSTAETTENOGD.16134,sport_facility,d07,sport_facilities
wfs:SPORTSTAETTENOGD.16135,sport_facility,d07,sport_facilities
wfs:SPORTSTAETTENOGD.16136,sport_facility,d07,sport_facilities
wfs:SPORTSTAETTENOGD.16137,sport_facility,d07,sport_facilities
wfs:SPORTSTAETTENOGD.16138,sport_facility,d07,sport_facilities
wfs:SPORTSTAETTENOGD.16139,sport_facility,d08,sport_facilities
wfs:SPORTSTAETTENOGD.16140,sport_facility,d08,sport_facilities
wfs:SPORTSTAETTENOGD.16141,sport_facility,d08,sport_facilities
wfs:SPORTSTAETTENOGD.16142,sport_facility,d08,sport_facilities
wfs:SPORTSTAETTENOGD.16143,sport_facility,d08,sport_facilities
wfs:SPORTSTAETTENOGD.16144,sport_facility,d08,sport_facilities
wfs:SPORTSTAETTENOGD.16145,sport_facility,d08,sport_facilities
wfs:SPORTSTAETTENOGD.16146,sport_facility,d09,sport_facilities
wfs:SPORTSTAETTENOGD.16147,sport_facility,d09,sport_facilities
wfs:SPORTSTAETTENOGD.16148,sport_facility,d09,sport_facilities
wfs:SPORTSTAETTENOGD.16149,sport_facility,d09,sport_facilities
wfs:SPORTSTAETTENOGD.16150,sport_facility,d09,sport_facilities
wfs:SPORTSTAETTENOGD.16151,sport_facility,d09,sport_facilities
wfs:SPORTSTAETTENOGD.16152,sport_facility,d10,sport_facilities
wfs:SPORTSTAETTENOGD.16153,sport_facility,d10,sport_facilities
wfs:SPORTSTAETTENOGD.16154,sport_facility,d10,sport_facilities
wfs:SPORTSTAETTENOGD.16155,sport_facility,d10,sport_facilities
wfs:SPORTSTAETTENOGD.16156,sport_facility,d10,sport_facilities
wfs:SPORTSTAETTENOGD.16157,sport_facility,d10,sport_facilities
wfs:SPORTSTAETTENOGD.16158,sport_facility,d10,sport_facilities
wfs:SPORTSTAETTENOGD.16159,sport_facility,d10,sport_facilities
wfs:SPORTSTAETTENOGD.16160,sport_facility,d10,sport_facilities
wfs:SPORTSTAETTENOGD.16161,sport_facility,d10,sport_facilities
wfs:SPORTSTAETTENOGD.16162,sport_facility,d10,sport_facilities
wfs:SPORTSTAETTENOGD.16163,sport_facility,d10,sport_facilities
wfs:SPORTSTAETTENOGD.16164,sport_facility,d10,sport_facilities
wfs:SPORTSTAETTENOGD.16165,sport_facility,d10,sport_facilities
wfs:SPORTSTAETTENOGD.16166,sport_facility,d10,sport_facilities
wfs:SPORTSTAETTENOGD.16167,sport_facility,d10,sport_facilities
wfs:SPORTSTAETTENOGD.16168,sport_facility,d10,sport_facilities
wfs:SPORTSTAETTENOGD.16169,sport_facility,d10,sport_facilities
wfs:SPORTSTAETTENOGD.16170,sport_facility,d10,sport_facilities
wfs:SPORTSTAETTENOGD.16171,sport_facility,d10,sport_facilities
wfs:SPORTSTAETTENOGD.16172,sport_facility,d10,sport_facilities
wfs:SPORTSTAETTENOGD.16173,sport_facility,d10,sport_facilities
wfs:SPORTSTAETTENOGD.16174,sport_facility,d10,sport_facilities
wfs:SPORTSTAETTENOGD.16175,sport_facility,d10,sport_facilities
wfs:SPORTSTAETTENOGD.16176,sport_facility,d10,sport_facilities
wfs:SPORTSTAETTENOGD.16177,sport_facility,d10,sport_facilities
wfs:SPORTSTAETTENOGD.16178,sport_facility,d10,sport_facilities
wfs:SPORTSTAETTENOGD.16179,sport_facility,d10,sport_facilities
wfs:SPORTSTAETTENOGD.16180,sport_facility,d10,sport_facilities
wfs:SPORTSTAETTENOGD.16181,sport_facility,d10,sport_facilities
wfs:SPORTSTAETTENOGD.16182,sport_facility,d10,sport_facilities
wfs:SPORTSTAETTENOGD.16183,sport_facility,d10,sport_facilities
wfs:SPORTSTAETTENOGD.16184,sport_facility,d10,sport_facilities
wfs:SPORTSTAETTENOGD.16185,sport_facility,d10,sport_facilities
wfs:SPORTSTAETTENOGD.16186,sport_facility,d14,sport_facilities
wfs:SPORTSTAETTENOGD.16187,sport_facility,d14,sport_facilities
wfs:SPORTSTAETTENOGD.16188,sport_facility,d14,sport_facilities
wfs:SPORTSTAETTENOGD.16189,sport_facility,d14,sport_facilities
wfs:SPORTSTAETTENOGD.16190,sport_facility,d15,sport_facilities
wfs:SPORTSTAETTENOGD.16191,sport_facility,d15,sport_facilities
wfs:SPORTSTAETTENOGD.16192,sport_facility,d15,sport_facilities
wfs:SPORTSTAETTENOGD.16193,sport_facility,d15,sport_facilities
wfs:SPORTSTAETTENOGD.16194,sport_facility,d15,sport_facilities
wfs:SPORTSTAETTENOGD.16195,sport_facility,d15,sport_facilities
wfs:SPORTSTAETTENOGD.16196,sport_facility,d15,sport_facilities
wfs:SPORTSTAETTENOGD.16197,sport_facility,d15,sport_facilities
wfs:SPORTSTAETTENOGD.16198,sport_facility,d15,sport_facilities
wfs:SPORTSTAETTENOGD.16199,sport_facility,d15,sport_facilities
wfs:SPORTSTAETTENOGD.16200,sport_facility,d15,sport_facilities
wfs:SPORTSTAETTENOGD.16201,sport_facility,d15,sport_facilities
wfs:SPORTSTAETTENOGD.16202,sport_facility,d15,sport_facilities
wfs:SPORTSTAETTENOGD.16203,sport_facility,d15,sport_facilities
wfs:SPORTSTAETTENOGD.16204,sport_facility,d15,sport_facilities
wfs:SPORTSTAETTENOGD.16205,sport_facility,d16,sport_facilities
wfs:SPORTSTAETTENOGD.16206,sport_facility,d16,sport_facilities
wfs:SPORTSTAETTENOGD.16207,sport_facility,d16,sport_facilities
wfs:SPORTSTAETTENOGD.16208,sport_facility,d16,sport_facilities
wfs:SPORTSTAETTENOGD.16209,sport_facility,d16,sport_facilities
wfs:SPORTSTAETTENOGD.16210,sport_facility,d16,sport_facilities
wfs:SPORTSTAETTENOGD.16211,sport_facility,d16,sport_facilities
wfs:SPORTSTAETTENOGD.16212,sport_facility,d16,sport_facilities
wfs:SPORTSTAETTENOGD.16213,sport_facility,d16,sport_facilities
wfs:SPORTSTAETTENOGD.16214,sport_facility,d16,sport_facilities
wfs:SPORTSTAETTENOGD.16215,sport_facility,d16,sport_facilities
wfs:SPORTSTAETTENOGD.16216,sport_facility,d16,sport_facilities
wfs:SPORTSTAETTENOGD.16217,sport_facility,d16,sport_facilities
wfs:SPORTSTAETTENOGD.16218,sport_facility,d17,sport_facilities
wfs:SPORTSTAETTENOGD.16219,sport_facility,d17,sport_facilities
wfs:SPORTSTAETTENOGD.16220,sport_facility,d17,sport_facilities
wfs:SPORTSTAETTENOGD.16221,sport_facility,d17,sport_facilities
wfs:SPORTSTAETTENOGD.16222,sport_facility,d17,sport_facilities
wfs:SPORTSTAETTENOGD.16223,sport_facility,d17,sport_facilities
wfs:SPORTSTAETTENOGD.16224,sport_facility,d17,sport_facilities
wfs:SPORTSTAETTENOGD.16225,sport_facility,d17,sport_facilities
wfs:SPORTSTAETTENOGD.16226,sport_facility,d17,sport_facilities
wfs:SPORTSTAETTENOGD.16227,sport_facility,d17,sport_facilities
wfs:SPORTSTAETTENOGD.16228,sport_facility,d17,sport_facilities
wfs:SPORTSTAETTENOGD.16229,sport_facility,d17,sport_facilities
wfs:SPORTSTAETTENOGD.16230,sport_facility,d17,sport_facilities
wfs:SPORTSTAETTENOGD.16231,sport_facility,d17,sport_facilities
wfs:SPORTSTAETTENOGD.16232,sport_facility,d17,sport_facilities
wfs:SPORTSTAETTENOGD.16233,sport_facility,d17,sport_facilities
wfs:SPORTSTAETTENOGD.16234,sport_facility,d17,sport_facilities
wfs:SPORTSTAETTENOGD.16235,sport_facility,d17,sport_facilities
wfs:SPORTSTAETTENOGD.16236,sport_facility,d17,sport_facilities
wfs:SPORTSTAETTENOGD.16237,sport_facility,d18,sport_facilities
wfs:SPORTSTAETTENOGD.16238,sport_facility,d18,sport_facilities
wfs:SPORTSTAETTENOGD.16239,sport_facility,d18,sport_facilities
wfs:SPORTSTAETTENOGD.16240,sport_facility,d18,sport_facilities
wfs:SPORTSTAETTENOGD.16241,sport_facility,d18,sport_facilities
wfs:SPORTSTAETTENOGD.16242,sport_facility,d18,sport_facilities
wfs:SPORTSTAETTENOGD.16243,sport_facility,d18,sport_facilities
wfs:SPORTSTAETTENOGD.16244,sport_facility,d18,sport_facilities
wfs:SPORTSTAETTENOGD.16245,sport_facility,d18,sport_facilities
wfs:SPORTSTAETTENOGD.16246,sport_facility,d18,sport_facilities
wfs:SPORTSTAETTENOGD.16247,sport_facility,d18,sport_facilities
wfs:SPORTSTAETTENOGD.16248,sport_facility,d19,sport_facilities
wfs:SPORTSTAETTENOGD.16249,sport_facility,d19,sport_facilities
wfs:SPORTSTAETTENOGD.16250,sport_facility,d19,sport_facilities
wfs:SPORTSTAETTENOGD.16251,sport_facility,d19,sport_facilities
wfs:SPORTSTAETTENOGD.16252,sport_facility,d19,sport_facilities
wfs:SPORTSTAETTENOGD.16253,sport_facility,d19,sport_facilities
wfs:SPORTSTAETTENOGD.16254,sport_facility,d19,sport_facilities
wfs:SPORTSTAETTENOGD.16255,sport_facility,d19,sport_facilities
wfs:SPORTSTAETTENOGD.16256,sport_facility,d19,sport_facilities
wfs:SPORTSTAETTENOGD.16257,sport_facility,d19,sport_facilities
wfs:SPORTSTAETTENOGD.16258,sport_facility,d15,sport_facilities
wfs:SPORTSTAETTENOGD.16259,sport_facility,d15,sport_facilities
wfs:SPORTSTAETTENOGD.16260,sport_facility,d15,sport_facilities
wfs:SPORTSTAETTENOGD.16261,sport_facility,d15,sport_facilities
wfs:SPORTSTAETTENOGD.16262,sport_facility,d15,sport_facilities
wfs:SPORTSTAETTENOGD.16263,sport_facility,d15,sport_facilities
wfs:SPORTSTAETTENOGD.16287,sport_facility,d14,sport_facilities
wfs:SPORTSTAETTENOGD.16288,sport_facility,d14,sport_facilities
wfs:SPORTSTAETTENOGD.16289,sport_facility,d14,sport_facilities
wfs:SPORTSTAETTENOGD.16290,sport_facility,d14,sport_facilities
wfs:SPORTSTAETTENOGD.16291,sport_facility,d14,sport_facilities
wfs:SPORTSTAETTENOGD.16292,sport_facility,d14,sport_facilities
wfs:SPORTSTAETTENOGD.16293,sport_facility,d14,sport_facilities
wfs:SPORTSTAETTENOGD.16264,sport_facility,d15,sport_facilities
wfs:SPORTSTAETTENOGD.16265,sport_facility,d15,sport_facilities
wfs:SPORTSTAETTENOGD.16266,sport_facility,d15,sport_facilities
wfs:SPORTSTAETTENOGD.16267,sport_facility,d16,sport_facilities
wfs:SPORTSTAETTENOGD.16268,sport_facility,d16,sport_facilities
wfs:SPORTSTAETTENOGD.16269,sport_facility,d16,sport_facilities
wfs:SPORTSTAETTENOGD.16270,sport_facility,d16,sport_facilities
wfs:SPORTSTAETTENOGD.16271,sport_facility,d16,sport_facilities
wfs:SPORTSTAETTENOGD.16272,sport_facility,d16,sport_facilities
wfs:SPORTSTAETTENOGD.16273,sport_facility,d16,sport_facilities
wfs:SPORTSTAETTENOGD.16274,sport_facility,d16,sport_facilities
wfs:SPORTSTAETTENOGD.16275,sport_facility,d16,sport_facilities
wfs:SPORTSTAETTENOGD.16276,sport_facility,d16,sport_facilities
wfs:SPORTSTAETTENOGD.16277,sport_facility,d16,sport_facilities
wfs:SPORTSTAETTENOGD.16278,sport_facility,d13,sport_facilities
wfs:SPORTSTAETTENOGD.16279,sport_facility,d13,sport_facilities
wfs:SPORTSTAETTENOGD.16280,sport_facility,d13,sport_facilities
wfs:SPORTSTAETTENOGD.16281,sport_facility,d13,sport_facilities
wfs:SPORTSTAETTENOGD.16282,sport_facility,d14,sport_facilities
wfs:SPORTSTAETTENOGD.16283,sport_facility,d17,sport_facilities
wfs:SPORTSTAETTENOGD.16284,sport_facility,d14,sport_facilities
wfs:SPORTSTAETTENOGD.16285,sport_facility,d14,sport_facilities
wfs:SPORTSTAETTENOGD.16286,sport_facility,d14,sport_facilities
wfs:SPORTSTAETTENOGD.16294,sport_facility,d14,sport_facilities
wfs:SPORTSTAETTENOGD.16295,sport_facility,d13,sport_facilities
wfs:SPORTSTAETTENOGD.16296,sport_facility,d14,sport_facilities
wfs:SPORTSTAETTENOGD.16297,sport_facility,d14,sport_facilities
wfs:SPORTSTAETTENOGD.16298,sport_facility,d14,sport_facilities
wfs:SPORTSTAETTENOGD.16299,sport_facility,d14,sport_facilities
wfs:SPORTSTAETTENOGD.16300,sport_facility,d14,sport_facilities
wfs:SPORTSTAETTENOGD.16301,sport_facility,d14,sport_facilities
wfs:SPORTSTAETTENOGD.16302,sport_facility,d14,sport_facilities
wfs:SPORTSTAETTENOGD.16303,sport_facility,d14,sport_facilities
wfs:SPORTSTAETTENOGD.16304,sport_facility,d14,sport_facilities
wfs:SPORTSTAETTENOGD.16305,sport_facility,d14,sport_facilities
wfs:SPORTSTAETTENOGD.16306,sport_facility,d14,sport_facilities
wfs:SPORTSTAETTENOGD.16307,sport_facility,d14,sport_facilities
wfs:SPORTSTAETTENOGD.16308,sport_facility,d14,sport_facilities
wfs:SPORTSTAETTENOGD.16309,sport_facility,d14,sport_facilities
wfs:SPORTSTAETTENOGD.16310,sport_facility,d14,sport_facilities
wfs:SPORTSTAETTENOGD.16311,sport_facility,d14,sport_facilities
wfs:SPORTSTAETTENOGD.16312,sport_facility,d14,sport_facilities
wfs:SPORTSTAETTENOGD.16313,sport_facility,d14,sport_facilities
wfs:SPORTSTAETTENOGD.16314,sport_facility,d14,sport_facilities
wfs:SPORTSTAETTENOGD.16315,sport_facility,d14,sport_facilities
wfs:SPORTSTAETTENOGD.16316,sport_facility,d21,sport_facilities
wfs:SPORTSTAETTENOGD.16317,sport_facility,d21,sport_facilities
wfs:SPORTSTAETTENOGD.16318,sport_facility,d21,sport_facilities
wfs:SPORTSTAETTENOGD.16319,sport_facility,d21,sport_facilities
wfs:SPORTSTAETTENOGD.16320,sport_facility,d21,sport_facilities
wfs:SPORTSTAETTENOGD.16321,sport_facility,d21,sport_facilities
wfs:SPORTSTAETTENOGD.16322,sport_facility,d21,sport_facilities
wfs:SPORTSTAETTENOGD.16323,sport_facility,d21,sport_facilities
wfs:SPORTSTAETTENOGD.16324,sport_facility,d21,sport_facilities
wfs:SPORTSTAETTENOGD.16325,sport_facility,d21,sport_facilities
wfs:SPORTSTAETTENOGD.16326,sport_facility,d21,sport_facilities
wfs:SPORTSTAETTENOGD.16327,sport_facility,d21,sport_facilities
wfs:SPORTSTAETTENOGD.16328,sport_facility,d21,sport_facilities
wfs:SPORTSTAETTENOGD.16329,sport_facility,d21,sport_facilities
wfs:SPORTSTAETTENOGD.16330,sport_facility,d21,sport_facilities
wfs:SPORTSTAETTENOGD.16331,sport_facility,d21,sport_facilities
wfs:SPORTSTAETTENOGD.16332,sport_facility,d21,sport_facilities
wfs:SPORTSTAETTENOGD.16333,sport_facility,d21,sport_facilities
wfs:SPORTSTAETTENOGD.16334,sport_facility,d21,sport_facilities
wfs:SPORTSTAETTENOGD.16335,sport_facility,d21,sport_facilities
wfs:SPORTSTAETTENOGD.16336,sport_facility,d21,sport_facilities
wfs:SPORTSTAETTENOGD.16337,sport_facility,d21,sport_facilities
wfs:SPORTSTAETTENOGD.16338,sport_facility,d21,sport_facilities
wfs:SPORTSTAETTENOGD.16339,sport_facility,d21,sport_facilities
wfs:SPORTSTAETTENOGD.16340,sport_facility,d21,sport_facilities
wfs:SPORTSTAETTENOGD.16341,sport_facility,d21,sport_facilities
wfs:SPORTSTAETTENOGD.16342,sport_facility,d21,sport_facilities
wfs:SPORTSTAETTENOGD.16343,sport_facility,d21,sport_facilities
wfs:SPORTSTAETTENOGD.16344,sport_facility,d21,sport_facilities
wfs:SPORTSTAETTENOGD.16345,sport_facility,d21,sport_facilities
wfs:SPORTSTAETTENOGD.16346,sport_facility,d21,sport_facilities
wfs:SPORTSTAETTENOGD.16347,sport_facility,d21,sport_facilities
wfs:SPORTSTAETTENOGD.16348,sport_facility,d21,sport_facilities
wfs:SPORTSTAETTENOGD.16349,sport_facility,d21,sport_facilities
wfs:SPORTSTAETTENOGD.16350,sport_facility,d21,sport_facilities
wfs:SPORTSTAETTENOGD.16351,sport_facility,d21,sport_facilities
wfs:SPORTSTAETTENOGD.16352,sport_facility,d21,sport_facilities
wfs:SPORTSTAETTENOGD.16836,sport_facility,d13,sport_facilities
wfs:SPORTSTAETTENOGD.16837,sport_facility,d13,sport_facilities
wfs:SPORTSTAETTENOGD.16838,sport_facility,d13,sport_facilities
wfs:SPORTSTAETTENOGD.16839,sport_facility,d13,sport_facilities
wfs:SPORTSTAETTENOGD.16840,sport_facility,d13,sport_facilities
wfs:SPORTSTAETTENOGD.16841,sport_facility,d13,sport_facilities
wfs:SPORTSTAETTENOGD.16842,sport_facility,d13,sport_facilities
wfs:SPORTSTAETTENOGD.16843,sport_facility,d13,sport_facilities
wfs:SPORTSTAETTENOGD.16844,sport_facility,d13,sport_facilities
wfs:SPORTSTAETTENOGD.16845,sport_facility,d13,sport_facilities
wfs:SPORTSTAETTENOGD.16846,sport_facility,d13,sport_facilities
wfs:SPORTSTAETTENOGD.16847,sport_facility,d13,sport_facilities
wfs:SPORTSTAETTENOGD.16848,sport_facility,d13,sport_facilities
wfs:SPORTSTAETTENOGD.16849,sport_facility,d13,sport_facilities
wfs:SPORTSTAETTENOGD.16850,sport_facility,d14,sport_facilities
wfs:SPORTSTAETTENOGD.16851,sport_facility,d14,sport_facilities
wfs:SPORTSTAETTENOGD.16852,sport_facility,d14,sport_facilities
wfs:SPORTSTAETTENOGD.16853,sport_facility,d14,sport_facilities
wfs:SPORTSTAETTENOGD.16854,sport_facility,d14,sport_facilities
wfs:SPORTSTAETTENOGD.16855,sport_facility,d14,sport_facilities
wfs:SPORTSTAETTENOGD.16856,sport_facility,d14,sport_facilities
wfs:SPORTSTAETTENOGD.16857,sport_facility,d14,sport_facilities
wfs:SPORTSTAETTENOGD.16858,sport_facility,d14,sport_facilities
wfs:SPORTSTAETTENOGD.16859,sport_facility,d14,sport_facilities
wfs:SPORTSTAETTENOGD.16860,sport_facility,d14,sport_facilities
wfs:SPORTSTAETTENOGD.16861,sport_facility,d14,sport_facilities
wfs:SPORTSTAETTENOGD.16862,sport_facility,d14,sport_facilities
wfs:SPORTSTAETTENOGD.16863,sport_facility,d14,sport_facilities
wfs:SPORTSTAETTENOGD.16864,sport_facility,d14,sport_facilities
wfs:SPORTSTAETTENOGD.16865,sport_facility,d14,sport_facilities
wfs:SPORTSTAETTENOGD.16866,sport_facility,d14,sport_facilities
wfs:SPORTSTAETTENOGD.16867,sport_facility,d14,sport_facilities
wfs:SPORTSTAETTENOGD.16868,sport_facility,d14,sport_facilities
wfs:SPORTSTAETTENOGD.16869,sport_facility,d14,sport_facilities
wfs:SPORTSTAETTENOGD.16382,sport_facility,d22,sport_facilities
wfs:SPORTSTAETTENOGD.16383,sport_facility,d22,sport_facilities
wfs:SPORTSTAETTENOGD.16384,sport_facility,d22,sport_facilities
wfs:SPORTSTAETTENOGD.16385,sport_facility,d22,sport_facilities
wfs:SPORTSTAETTENOGD.16386,sport_facility,d22,sport_facilities
wfs:SPORTSTAETTENOGD.16387,sport_facility,d22,sport_facilities
wfs:SPORTSTAETTENOGD.16388,sport_facility,d22,sport_facilities
wfs:SPORTSTAETTENOGD.16389,sport_facility,d22,sport_facilities
wfs:SPORTSTAETTENOGD.16390,sport_facility,d22,sport_facilities
wfs:SPORTSTAETTENOGD.16391,sport_facility,d22,sport_facilities
wfs:SPORTSTAETTENOGD.16392,sport_facility,d22,sport_facilities
wfs:SPORTSTAETTENOGD.16393,sport_facility,d22,sport_facilities
wfs:SPORTSTAETTENOGD.16394,sport_facility,d22,sport_facilities
wfs:SPORTSTAETTENOGD.16395,sport_facility,d22,sport_facilities
wfs:SPORTSTAETTENOGD.16396,sport_facility,d22,sport_facilities
wfs:SPORTSTAETTENOGD.16397,sport_facility,d22,sport_facilities
wfs:SPORTSTAETTENOGD.16398,sport_facility,d22,sport_facilities
wfs:SPORTSTAETTENOGD.16399,sport_facility,d22,sport_facilities
wfs:SPORTSTAETTENOGD.16400,sport_facility,d22,sport_facilities
wfs:SPORTSTAETTENOGD.16401,sport_facility,d22,sport_facilities
wfs:SPORTSTAETTENOGD.16402,sport_facility,d22,sport_facilities
wfs:SPORTSTAETTENOGD.16403,sport_facility,d22,sport_facilities
wfs:SPORTSTAETTENOGD.16404,sport_facility,d22,sport_facilities
wfs:SPORTSTAETTENOGD.16405,sport_facility,d22,sport_facilities
wfs:SPORTSTAETTENOGD.16406,sport_facility,d22,sport_facilities
wfs:SPORTSTAETTENOGD.16407,sport_facility,d22,sport_facilities
wfs:SPORTSTAETTENOGD.16408,sport_facility,d22,sport_facilities
wfs:SPORTSTAETTENOGD.16409,sport_facility,d19,sport_facilities
wfs:SPORTSTAETTENOGD.16410,sport_facility,d19,sport_facilities
wfs:SPORTSTAETTENOGD.16411,sport_facility,d19,sport_facilities
wfs:SPORTSTAETTENOGD.16412,sport_facility,d19,sport_facilities
wfs:SPORTSTAETTENOGD.16413,sport_facility,d19,sport_facilities
wfs:SPORTSTAETTENOGD.16414,sport_facility,d19,sport_facilities
wfs:SPORTSTAETTENOGD.16415,sport_facility,d19,sport_facilities
wfs:SPORTSTAETTENOGD.16416,sport_facility,d19,sport_facilities
wfs:SPORTSTAETTENOGD.16417,sport_facility,d19,sport_facilities
wfs:SPORTSTAETTENOGD.16418,sport_facility,d19,sport_facilities
wfs:SPORTSTAETTENOGD.16419,sport_facility,d19,sport_facilities
wfs:SPORTSTAETTENOGD.16420,sport_facility,d19,sport_facilities
wfs:SPORTSTAETTENOGD.16421,sport_facility,d19,sport_facilities
wfs:SPORTSTAETTENOGD.16422,sport_facility,d19,sport_facilities
wfs:SPORTSTAETTENOGD.16423,sport_facility,d19,sport_facilities
wfs:SPORTSTAETTENOGD.16424,sport_facility,d19,sport_facilities
wfs:SPORTSTAETTENOGD.16425,sport_facility,d19,sport_facilities
wfs:SPORTSTAETTENOGD.16426,sport_facility,d19,sport_facilities
wfs:SPORTSTAETTENOGD.16427,sport_facility,d19,sport_facilities
wfs:SPORTSTAETTENOGD.16428,sport_facility,d19,sport_facilities
wfs:SPORTSTAETTENOGD.16429,sport_facility,d19,sport_facilities
wfs:SPORTSTAETTENOGD.16430,sport_facility,d20,sport_facilities
wfs:SPORTSTAETTENOGD.16431,sport_facility,d20,sport_facilities
wfs:SPORTSTAETTENOGD.16432,sport_facility,d20,sport_facilities
wfs:SPORTSTAETTENOGD.16433,sport_facility,d20,sport_facilities
wfs:SPORTSTAETTENOGD.16434,sport_facility,d20,sport_facilities
wfs:SPORTSTAETTENOGD.16435,sport_facility,d20,sport_facilities
wfs:SPORTSTAETTENOGD.16436,sport_facility,d20,sport_facilities
wfs:SPORTSTAETTENOGD.16437,sport_facility,d20,sport_facilities
wfs:SPORTSTAETTENOGD.16438,sport_facility,d20,sport_facilities
wfs:SPORTSTAETTENOGD.16439,sport_facility,d20,sport_facilities
wfs:SPORTSTAETTENOGD.16440,sport_facility,d20,sport_facilities
wfs:SPORTSTAETTENOGD.16441,sport_facility,d20,sport_facilities
wfs:SPORTSTAETTENOGD.16442,sport_facility,d20,sport_facilities
wfs:SPORTSTAETTENOGD.16443,sport_facility,d20,sport_facilities
wfs:SPORTSTAETTENOGD.16444,sport_facility,d20,sport_facilities
wfs:SPORTSTAETTENOGD.16445,sport_facility,d20,sport_facilities
wfs:SPORTSTAETTENOGD.16446,sport_facility,d20,sport_facilities
wfs:SPORTSTAETTENOGD.16447,sport_facility,d20,sport_facilities
wfs:SPORTSTAETTENOGD.16448,sport_facility,d20,sport_facilities
wfs:SPORTSTAETTENOGD.16449,sport_facility,d20,sport_facilities
wfs:SPORTSTAETTENOGD.16450,sport_facility,d20,sport_facilities
wfs:SPORTSTAETTENOGD.16451,sport_facility,d21,sport_facilities
wfs:SPORTSTAETTENOGD.16452,sport_facility,d21,sport_facilities
wfs:SPORTSTAETTENOGD.16453,sport_facility,d21,sport_facilities
wfs:SPORTSTAETTENOGD.16454,sport_facility,d21,sport_facilities
wfs:SPORTSTAETTENOGD.16455,sport_facility,d21,sport_facilities
wfs:SPORTSTAETTENOGD.16456,sport_facility,d21,sport_facilities
wfs:SPORTSTAETTENOGD.16457,sport_facility,d21,sport_facilities
wfs:SPORTSTAETTENOGD.16458,sport_facility,d21,sport_facilities
wfs:SPORTSTAETTENOGD.16459,sport_facility,d21,sport_facilities
wfs:SPORTSTAETTENOGD.16460,sport_facility,d22,sport_facilities
wfs:SPORTSTAETTENOGD.16461,sport_facility,d21,sport_facilities
wfs:SPORTSTAETTENOGD.16462,sport_facility,d21,sport_facilities
wfs:SPORTSTAETTENOGD.16463,sport_facility,d21,sport_facilities
wfs:SPORTSTAETTENOGD.16464,sport_facility,d21,sport_facilities
wfs:SPORTSTAETTENOGD.16465,sport_facility,d22,sport_facilities
wfs:SPORTSTAETTENOGD.16466,sport_facility,d22,sport_facilities
wfs:SPORTSTAETTENOGD.16467,sport_facility,d22,sport_facilities
wfs:SPORTSTAETTENOGD.16468,sport_facility,d22,sport_facilities
wfs:SPORTSTAETTENOGD.16469,sport_facility,d22,sport_facilities
wfs:SPORTSTAETTENOGD.16470,sport_facility,d22,sport_facilities
wfs:SPORTSTAETTENOGD.16471,sport_facility,d22,sport_facilities
wfs:SPORTSTAETTENOGD.16472,sport_facility,d22,sport_facilities
wfs:SPORTSTAETTENOGD.16473,sport_facility,d22,sport_facilities
wfs:SPORTSTAETTENOGD.16474,sport_facility,d22,sport_facilities
wfs:SPORTSTAETTENOGD.16475,sport_facility,d22,sport_facilities
wfs:SPORTSTAETTENOGD.16476,sport_facility,d22,sport_facilities
wfs:SPORTSTAETTENOGD.16477,sport_facility,d22,sport_facilities
wfs:SPORTSTAETTENOGD.16478,sport_facility,d22,sport_facilities
wfs:SPORTSTAETTENOGD.16479,sport_facility,d22,sport_facilities
wfs:SPORTSTAETTENOGD.16480,sport_facility,d22,sport_facilities
wfs:SPORTSTAETTENOGD.16481,sport_facility,d22,sport_facilities
wfs:SPORTSTAETTENOGD.16482,sport_facility,d22,sport_facilities
wfs:SPORTSTAETTENOGD.16483,sport_facility,d23,sport_facilities
wfs:SPORTSTAETTENOGD.16484,sport_facility,d23,sport_facilities
wfs:SPORTSTAETTENOGD.16485,sport_facility,d23,sport_facilities
wfs:SPORTSTAETTENOGD.16486,sport_facility,d23,sport_facilities
wfs:SPORTSTAETTENOGD.16487,sport_facility,d23,sport_facilities
wfs:SPORTSTAETTENOGD.16488,sport_facility,d23,sport_facilities
wfs:SPORTSTAETTENOGD.16489,sport_facility,d23,sport_facilities
wfs:SPORTSTAETTENOGD.16490,sport_facility,d23,sport_facilities
wfs:SPORTSTAETTENOGD.16491,sport_facility,d23,sport_facilities
wfs:SPORTSTAETTENOGD.16492,sport_facility,d23,sport_facilities
wfs:SPORTSTAETTENOGD.16493,sport_facility,d23,sport_facilities
wfs:SPORTSTAETTENOGD.16494,sport_facility,d23,sport_facilities
wfs:SPORTSTAETTENOGD.16495,sport_facility,d23,sport_facilities
wfs:SPORTSTAETTENOGD.16496,sport_facility,d10,sport_facilities
wfs:SPORTSTAETTENOGD.16497,sport_facility,d23,sport_facilities
wfs:SPORTSTAETTENOGD.16498,sport_facility,d23,sport_facilities
wfs:SPORTSTAETTENOGD.16499,sport_facility,d23,sport_facilities
wfs:SPORTSTAETTENOGD.16500,sport_facility,d23,sport_facilities
wfs:SPORTSTAETTENOGD.16501,sport_facility,d23,sport_facilities
wfs:SPORTSTAETTENOGD.16502,sport_facility,d23,sport_facilities
wfs:SPORTSTAETTENOGD.16503,sport_facility,d23,sport_facilities
wfs:SPORTSTAETTENOGD.16504,sport_facility,d23,sport_facilities
wfs:SPORTSTAETTENOGD.16505,sport_facility,d23,sport_facilities
wfs:SPORTSTAETTENOGD.16506,sport_facility,d23,sport_facilities
wfs:SPORTSTAETTENOGD.16507,sport_facility,d23,sport_facilities
wfs:SPORTSTAETTENOGD.16508,sport_facility,d23,sport_facilities
wfs:SPORTSTAETTENOGD.16509,sport_facility,d23,sport_facilities
wfs:SPORTSTAETTENOGD.16510,sport_facility,d23,sport_facilities
wfs:SPORTSTAETTENOGD.16511,sport_facility,d23,sport_facilities
wfs:SPORTSTAETTENOGD.16512,sport_facility,d23,sport_facilities
wfs:SPORTSTAETTENOGD.16513,sport_facility,d23,sport_facilities
wfs:SPORTSTAETTENOGD.16514,sport_facility,d23,sport_facilities
wfs:SPORTSTAETTENOGD.16515,sport_facility,d23,sport_facilities
wfs:SPORTSTAETTENOGD.16516,sport_facility,d23,sport_facilities
wfs:SPORTSTAETTENOGD.16517,sport_facility,d23,sport_facilities
wfs:SPORTSTAETTENOGD.16518,sport_facility,d15,sport_facilities
wfs:SPORTSTAETTENOGD.16519,sport_facility,d01,sport_facilities
wfs:SPORTSTAETTENOGD.16520,sport_facility,d01,sport_facilities
wfs:SPORTSTAETTENOGD.16521,sport_facility,d01,sport_facilities
wfs:SPORTSTAETTENOGD.16522,sport_facility,d01,sport_facilities
wfs:SPORTSTAETTENOGD.16523,sport_facility,d01,sport_facilities
wfs:SPORTSTAETTENOGD.16524,sport_facility,d01,sport_facilities
wfs:SPORTSTAETTENOGD.16525,sport_facility,d01,sport_facilities
wfs:SPORTSTAETTENOGD.16526,sport_facility,d01,sport_facilities
wfs:SPORTSTAETTENOGD.16527,sport_facility,d01,sport_facilities
wfs:SPORTSTAETTENOGD.16528,sport_facility,d01,sport_facilities
wfs:SPORTSTAETTENOGD.16529,sport_facility,d01,sport_facilities
wfs:SPORTSTAETTENOGD.16530,sport_facility,d01,sport_facilities
wfs:SPORTSTAETTENOGD.16531,sport_facility,d01,sport_facilities
wfs:SPORTSTAETTENOGD.16532,sport_facility,d02,sport_facilities
wfs:SPORTSTAETTENOGD.16533,sport_facility,d02,sport_facilities
wfs:SPORTSTAETTENOGD.16534,sport_facility,d02,sport_facilities
wfs:SPORTSTAETTENOGD.16535,sport_facility,d02,sport_facilities
wfs:SPORTSTAETTENOGD.16536,sport_facility,d02,sport_facilities
wfs:SPORTSTAETTENOGD.16537,sport_facility,d02,sport_facilities
wfs:SPORTSTAETTENOGD.16538,sport_facility,d02,sport_facilities
wfs:SPORTSTAETTENOGD.16539,sport_facility,d02,sport_facilities
wfs:SPORTSTAETTENOGD.16540,sport_facility,d02,sport_facilities
wfs:SPORTSTAETTENOGD.16541,sport_facility,d02,sport_facilities
wfs:SPORTSTAETTENOGD.16542,sport_facility,d02,sport_facilities
wfs:SPORTSTAETTENOGD.16543,sport_facility,d22,sport_facilities
wfs:SPORTSTAETTENOGD.16544,sport_facility,d22,sport_facilities
wfs:SPORTSTAETTENOGD.16545,sport_facility,d22,sport_facilities
wfs:SPORTSTAETTENOGD.16546,sport_facility,d22,sport_facilities
wfs:SPORTSTAETTENOGD.16547,sport_facility,d22,sport_facilities
wfs:SPORTSTAETTENOGD.16548,sport_facility,d22,sport_facilities
wfs:SPORTSTAETTENOGD.16549,sport_facility,d22,sport_facilities
wfs:SPORTSTAETTENOGD.16550,sport_facility,d22,sport_facilities
wfs:SPORTSTAETTENOGD.16551,sport_facility,d23,sport_facilities
wfs:SPORTSTAETTENOGD.16552,sport_facility,d23,sport_facilities
wfs:SPORTSTAETTENOGD.16553,sport_facility,d23,sport_facilities
wfs:SPORTSTAETTENOGD.16554,sport_facility,d23,sport_facilities
wfs:SPORTSTAETTENOGD.16555,sport_facility,d23,sport_facilities
wfs:SPORTSTAETTENOGD.16556,sport_facility,d23,sport_facilities
wfs:SPORTSTAETTENOGD.16557,sport_facility,d23,sport_facilities
wfs:SPORTSTAETTENOGD.16558,sport_facility,d23,sport_facilities
wfs:SPORTSTAETTENOGD.16559,sport_facility,d23,sport_facilities
wfs:SPORTSTAETTENOGD.16560,sport_facility,d22,sport_facilities
wfs:SPORTSTAETTENOGD.16561,sport_facility,d22,sport_facilities
wfs:SPORTSTAETTENOGD.16562,sport_facility,d22,sport_facilities
wfs:SPORTSTAETTENOGD.16563,sport_facility,d22,sport_facilities
wfs:SPORTSTAETTENOGD.16564,sport_facility,d22,sport_facilities
wfs:SPORTSTAETTENOGD.16565,sport_facility,d22,sport_facilities
wfs:SPORTSTAETTENOGD.16566,sport_facility,d22,sport_facilities
wfs:SPORTSTAETTENOGD.16567,sport_facility,d22,sport_facilities
wfs:SPORTSTAETTENOGD.16568,sport_facility,d22,sport_facilities
wfs:SPORTSTAETTENOGD.16569,sport_facility,d22,sport_facilities
wfs:SPORTSTAETTENOGD.16570,sport_facility,d22,sport_facilities
wfs:SPORTSTAETTENOGD.16571,sport_facility,d22,sport_facilities
wfs:SPORTSTAETTENOGD.16572,sport_facility,d22,sport_facilities
wfs:SPORTSTAETTENOGD.16573,sport_facility,d22,sport_facilities
wfs:SPORTSTAETTENOGD.16574,sport_facility,d22,sport_facilities
wfs:SPORTSTAETTENOGD.16575,sport_facility,d22,sport_facilities
wfs:SPORTSTAETTENOGD.16576,sport_facility,d22,sport_facilities
wfs:SPORTSTAETTENOGD.16577,sport_facility,d22,sport_facilities
wfs:SPORTSTAETTENOGD.16578,sport_facility,d22,sport_facilities
wfs:SPORTSTAETTENOGD.16579,sport_facility,d22,sport_facilities
wfs:SPORTSTAETTENOGD.16580,sport_facility,d22,sport_facilities
wfs:SPORTSTAETTENOGD.16581,sport_facility,d22,sport_facilities
wfs:SPORTSTAETTENOGD.16582,sport_facility,d22,sport_facilities
wfs:SPORTSTAETTENOGD.16583,sport_facility,d22,sport_facilities
wfs:SPORTSTAETTENOGD.16584,sport_facility,d22,sport_facilities
wfs:SPORTSTAETTENOGD.16585,sport_facility,d22,sport_facilities
wfs:SPORTSTAETTENOGD.16586,sport_facility,d22,sport_facilities
wfs:SPORTSTAETTENOGD.16587,sport_facility,d22,sport_facilities
wfs:SPORTSTAETTENOGD.16588,sport_facility,d22,sport_facilities
wfs:SPORTSTAETTENOGD.16589,sport_facility,d22,sport_facilities
wfs:SPORTSTAETTENOGD.16590,sport_facility,d22,sport_facilities
wfs:SPORTSTAETTENOGD.16591,sport_facility,d22,sport_facilities
wfs:SPORTSTAETTENOGD.16592,sport_facility,d22,sport_facilities
wfs:SPORTSTAETTENOGD.16593,sport_facility,d22,sport_facilities
wfs:SPORTSTAETTENOGD.16594,sport_facility,d22,sport_facilities
wfs:SPORTSTAETTENOGD.16595,sport_facility,d22,sport_facilities
wfs:SPORTSTAETTENOGD.16596,sport_facility,d22,sport_facilities
wfs:SPORTSTAETTENOGD.16597,sport_facility,d03,sport_facilities
wfs:SPORTSTAETTENOGD.16598,sport_facility,d03,sport_facilities
wfs:SPORTSTAETTENOGD.16599,sport_facility,d03,sport_facilities
wfs:SPORTSTAETTENOGD.16600,sport_facility,d04,sport_facilities
wfs:SPORTSTAETTENOGD.16601,sport_facility,d04,sport_facilities
wfs:SPORTSTAETTENOGD.16602,sport_facility,d04,sport_facilities
wfs:SPORTSTAETTENOGD.16603,sport_facility,d04,sport_facilities
wfs:SPORTSTAETTENOGD.16604,sport_facility,d04,sport_facilities
wfs:SPORTSTAETTENOGD.16605,sport_facility,d04,sport_facilities
wfs:SPORTSTAETTENOGD.16606,sport_facility,d04,sport_facilities
wfs:SPORTSTAETTENOGD.16607,sport_facility,d04,sport_facilities
wfs:SPORTSTAETTENOGD.16608,sport_facility,d04,sport_facilities
wfs:SPORTSTAETTENOGD.16609,sport_facility,d04,sport_facilities
wfs:SPORTSTAETTENOGD.16610,sport_facility,d04,sport_facilities
wfs:SPORTSTAETTENOGD.16611,sport_facility,d04,sport_facilities
wfs:SPORTSTAETTENOGD.16612,sport_facility,d04,sport_facilities
wfs:SPORTSTAETTENOGD.16613,sport_facility,d05,sport_facilities
wfs:SPORTSTAETTENOGD.16614,sport_facility,d05,sport_facilities
wfs:SPORTSTAETTENOGD.16615,sport_facility,d05,sport_facilities
wfs:SPORTSTAETTENOGD.16616,sport_facility,d05,sport_facilities
wfs:SPORTSTAETTENOGD.16617,sport_facility,d05,sport_facilities
wfs:SPORTSTAETTENOGD.16618,sport_facility,d05,sport_facilities
wfs:SPORTSTAETTENOGD.16619,sport_facility,d05,sport_facilities
wfs:SPORTSTAETTENOGD.16620,sport_facility,d05,sport_facilities
wfs:SPORTSTAETTENOGD.16621,sport_facility,d05,sport_facilities
wfs:SPORTSTAETTENOGD.16622,sport_facility,d05,sport_facilities
wfs:SPORTSTAETTENOGD.16623,sport_facility,d05,sport_facilities
wfs:SPORTSTAETTENOGD.16624,sport_facility,d05,sport_facilities
wfs:SPORTSTAETTENOGD.16625,sport_facility,d05,sport_facilities
wfs:SPORTSTAETTENOGD.16626,sport_facility,d05,sport_facilities
wfs:SPORTSTAETTENOGD.16627,sport_facility,d05,sport_facilities
wfs:SPORTSTAETTENOGD.16628,sport_facility,d05,sport_facilities
wfs:SPORTSTAETTENOGD.16629,sport_facility,d05,sport_facilities
wfs:SPORTSTAETTENOGD.16630,sport_facility,d05,sport_facilities
wfs:SPORTSTAETTENOGD.16631,sport_facility,d05,sport_facilities
wfs:SPORTSTAETTENOGD.16632,sport_facility,d05,sport_facilities
wfs:SPORTSTAETTENOGD.16633,sport_facility,d06,sport_facilities
wfs:SPORTSTAETTENOGD.16634,sport_facility,d06,sport_facilities
wfs:SPORTSTAETTENOGD.16635,sport_facility,d06,sport_facilities
wfs:SPORTSTAETTENOGD.16636,sport_facility,d06,sport_facilities
wfs:SPORTSTAETTENOGD.16637,sport_facility,d06,sport_facilities
wfs:SPORTSTAETTENOGD.16638,sport_facility,d06,sport_facilities
wfs:SPORTSTAETTENOGD.16639,sport_facility,d06,sport_facilities
wfs:SPORTSTAETTENOGD.16640,sport_facility,d06,sport_facilities
wfs:SPORTSTAETTENOGD.16641,sport_facility,d06,sport_facilities
wfs:SPORTSTAETTENOGD.16642,sport_facility,d06,sport_facilities
wfs:SPORTSTAETTENOGD.16643,sport_facility,d06,sport_facilities
wfs:SPORTSTAETTENOGD.16644,sport_facility,d06,sport_facilities
wfs:SPORTSTAETTENOGD.16645,sport_facility,d07,sport_facilities
wfs:SPORTSTAETTENOGD.16646,sport_facility,d07,sport_facilities
wfs:SPORTSTAETTENOGD.16647,sport_facility,d07,sport_facilities
wfs:SPORTSTAETTENOGD.16648,sport_facility,d07,sport_facilities
wfs:SPORTSTAETTENOGD.16649,sport_facility,d07,sport_facilities
wfs:SPORTSTAETTENOGD.16650,sport_facility,d07,sport_facilities
wfs:SPORTSTAETTENOGD.16651,sport_facility,d07,sport_facilities
wfs:SPORTSTAETTENOGD.16652,sport_facility,d07,sport_facilities
wfs:SPORTSTAETTENOGD.16653,sport_facility,d07,sport_facilities
wfs:SPORTSTAETTENOGD.16654,sport_facility,d07,sport_facilities
wfs:SPORTSTAETTENOGD.16655,sport_facility,d07,sport_facilities
wfs:SPORTSTAETTENOGD.16656,sport_facility,d07,sport_facilities
wfs:SPORTSTAETTENOGD.16657,sport_facility,d07,sport_facilities
wfs:SPORTSTAETTENOGD.16658,sport_facility,d08,sport_facilities
wfs:SPORTSTAETTENOGD.16659,sport_facility,d08,sport_facilities
wfs:SPORTSTAETTENOGD.16660,sport_facility,d08,sport_facilities
wfs:SPORTSTAETTENOGD.16661,sport_facility,d08,sport_facilities
wfs:SPORTSTAETTENOGD.16662,sport_facility,d08,sport_facilities
wfs:SPORTSTAETTENOGD.16663,sport_facility,d08,sport_facilities
wfs:SPORTSTAETTENOGD.16664,sport_facility,d08,sport_facilities
wfs:SPORTSTAETTENOGD.16665,sport_facility,d08,sport_facilities
wfs:SPORTSTAETTENOGD.16666,sport_facility,d08,sport_facilities
wfs:SPORTSTAETTENOGD.16667,sport_facility,d08,sport_facilities
wfs:SPORTSTAETTENOGD.16668,sport_facility,d08,sport_facilities
wfs:SPORTSTAETTENOGD.16669,sport_facility,d08,sport_facilities
wfs:SPORTSTAETTENOGD.16670,sport_facility,d09,sport_facilities
wfs:SPORTSTAETTENOGD.16671,sport_facility,d09,sport_facilities
wfs:SPORTSTAETTENOGD.16672,sport_facility,d09,sport_facilities
wfs:SPORTSTAETTENOGD.16673,sport_facility,d09,sport_facilities
wfs:SPORTSTAETTENOGD.16674,sport_facility,d09,sport_facilities
wfs:SPORTSTAETTENOGD.16675,sport_facility,d09,sport_facilities
wfs:SPORTSTAETTENOGD.16676,sport_facility,d09,sport_facilities
wfs:SPORTSTAETTENOGD.16677,sport_facility,d09,sport_facilities
wfs:SPORTSTAETTENOGD.16678,sport_facility,d09,sport_facilities
wfs:SPORTSTAETTENOGD.16679,sport_facility,d09,sport_facilities
wfs:SPORTSTAETTENOGD.16680,sport_facility,d09,sport_facilities
wfs:SPORTSTAETTENOGD.16681,sport_facility,d09,sport_facilities
wfs:SPORTSTAETTENOGD.16682,sport_facility,d09,sport_facilities
wfs:SPORTSTAETTENOGD.16683,sport_facility,d09,sport_facilities
wfs:SPORTSTAETTENOGD.16684,sport_facility,d09,sport_facilities
wfs:SPORTSTAETTENOGD.16685,sport_facility,d10,sport_facilities
wfs:SPORTSTAETTENOGD.16686,sport_facility,d10,sport_facilities
wfs:SPORTSTAETTENOGD.16687,sport_facility,d10,sport_facilities
wfs:SPORTSTAETTENOGD.16688,sport_facility,d10,sport_facilities
wfs:SPORTSTAETTENOGD.16689,sport_facility,d10,sport_facilities
wfs:SPORTSTAETTENOGD.16690,sport_facility,d10,sport_facilities
wfs:SPORTSTAETTENOGD.16691,sport_facility,d10,sport_facilities
wfs:SPORTSTAETTENOGD.16692,sport_facility,d10,sport_facilities
wfs:SPORTSTAETTENOGD.16693,sport_facility,d10,sport_facilities
wfs:SPORTSTAETTENOGD.16694,sport_facility,d10,sport_facilities
wfs:SPORTSTAETTENOGD.16695,sport_facility,d10,sport_facilities
wfs:SPORTSTAETTENOGD.16696,sport_facility,d10,sport_facilities
wfs:SPORTSTAETTENOGD.16697,sport_facility,d10,sport_facilities
wfs:SPORTSTAETTENOGD.16698,sport_facility,d10,sport_facilities
wfs:SPORTSTAETTENOGD.16699,sport_facility,d10,sport_facilities
wfs:SPORTSTAETTENOGD.16700,sport_facility,d10,sport_facilities
wfs:SPORTSTAETTENOGD.16701,sport_facility,d10,sport_facilities
wfs:SPORTSTAETTENOGD.16702,sport_facility,d10,sport_facilities
wfs:SPORTSTAETTENOGD.16703,sport_facility,d10,sport_facilities
wfs:SPORTSTAETTENOGD.16704,sport_facility,d10,sport_facilities
wfs:SPORTSTAETTENOGD.16705,sport_facility,d10,sport_facilities
wfs:SPORTSTAETTENOGD.16706,sport_facility,d10,sport_facilities
wfs:SPORTSTAETTENOGD.16707,sport_facility,d10,sport_facilities
wfs:SPORTSTAETTENOGD.16708,sport_facility,d10,sport_facilities
wfs:SPORTSTAETTENOGD.16709,sport_facility,d10,sport_facilities
wfs:SPORTSTAETTENOGD.16710,sport_facility,d10,sport_facilities
wfs:SPORTSTAETTENOGD.16711,sport_facility,d10,sport_facilities
wfs:SPORTSTAETTENOGD.16712,sport_facility,d10,sport_facilities
wfs:SPORTSTAETTENOGD.16713,sport_facility,d10,sport_facilities
wfs:SPORTSTAETTENOGD.16714,sport_facility,d10,sport_facilities
wfs:SPORTSTAETTENOGD.16715,sport_facility,d10,sport_facilities
wfs:SPORTSTAETTENOGD.16716,sport_facility,d10,sport_facilities
wfs:SPORTSTAETTENOGD.16717,sport_facility,d02,sport_facilities
wfs:SPORTSTAETTENOGD.16718,sport_facility,d02,sport_facilities
wfs:SPORTSTAETTENOGD.16719,sport_facility,d02,sport_facilities
wfs:SPORTSTAETTENOGD.16720,sport_facility,d02,sport_facilities
wfs:SPORTSTAETTENOGD.16721,sport_facility,d02,sport_facilities
wfs:SPORTSTAETTENOGD.16722,sport_facility,d02,sport_facilities
wfs:SPORTSTAETTENOGD.16723,sport_facility,d02,sport_facilities
wfs:SPORTSTAETTENOGD.16724,sport_facility,d02,sport_facilities
wfs:SPORTSTAETTENOGD.16725,sport_facility,d02,sport_facilities
wfs:SPORTSTAETTENOGD.16726,sport_facility,d02,sport_facilities
wfs:SPORTSTAETTENOGD.16727,sport_facility,d02,sport_facilities
wfs:SPORTSTAETTENOGD.16728,sport_facility,d02,sport_facilities
wfs:SPORTSTAETTENOGD.16729,sport_facility,d02,sport_facilities
wfs:SPORTSTAETTENOGD.16730,sport_facility,d02,sport_facilities
wfs:SPORTSTAETTENOGD.16731,sport_facility,d02,sport_facilities
wfs:SPORTSTAETTENOGD.16732,sport_facility,d02,sport_facilities
wfs:SPORTSTAETTENOGD.16733,sport_facility,d02,sport_facilities
wfs:SPORTSTAETTENOGD.16734,sport_facility,d02,sport_facilities
wfs:SPORTSTAETTENOGD.16735,sport_facility,d02,sport_facilities
wfs:SPORTSTAETTENOGD.16736,sport_facility,d02,sport_facilities
wfs:SPORTSTAETTENOGD.16737,sport_facility,d02,sport_facilities
wfs:SPORTSTAETTENOGD.16738,sport_facility,d02,sport_facilities
wfs:SPORTSTAETTENOGD.16739,sport_facility,d02,sport_facilities
wfs:SPORTSTAETTENOGD.16740,sport_facility,d02,sport_facilities
wfs:SPORTSTAETTENOGD.16741,sport_facility,d02,sport_facilities
wfs:SPORTSTAETTENOGD.16742,sport_facility,d02,sport_facilities
wfs:SPORTSTAETTENOGD.16743,sport_facility,d02,sport_facilities
wfs:SPORTSTAETTENOGD.16744,sport_facility,d02,sport_facilities
wfs:SPORTSTAETTENOGD.16745,sport_facility,d02,sport_facilities
wfs:SPORTSTAETTENOGD.16746,sport_facility,d02,sport_facilities
wfs:SPORTSTAETTENOGD.16747,sport_facility,d02,sport_facilities
wfs:SPORTSTAETTENOGD.16748,sport_facility,d02,sport_facilities
wfs:SPORTSTAETTENOGD.16749,sport_facility,d02,sport_facilities
wfs:SPORTSTAETTENOGD.16750,sport_facility,d02,sport_facilities
wfs:SPORTSTAETTENOGD.16751,sport_facility,d02,sport_facilities
wfs:SPORTSTAETTENOGD.16752,sport_facility,d03,sport_facilities
wfs:SPORTSTAETTENOGD.16753,sport_facility,d03,sport_facilities
wfs:SPORTSTAETTENOGD.16754,sport_facility,d03,sport_facilities
wfs:SPORTSTAETTENOGD.16755,sport_facility,d03,sport_facilities
wfs:SPORTSTAETTENOGD.16756,sport_facility,d03,sport_facilities
wfs:SPORTSTAETTENOGD.16757,sport_facility,d03,sport_facilities
wfs:SPORTSTAETTENOGD.16758,sport_facility,d03,sport_facilities
wfs:SPORTSTAETTENOGD.16759,sport_facility,d03,sport_facilities
wfs:SPORTSTAETTENOGD.16760,sport_facility,d03,sport_facilities
wfs:SPORTSTAETTENOGD.16761,sport_facility,d03,sport_facilities
wfs:SPORTSTAETTENOGD.16762,sport_facility,d03,sport_facilities
wfs:SPORTSTAETTENOGD.16763,sport_facility,d03,sport_facilities
wfs:SPORTSTAETTENOGD.16764,sport_facility,d03,sport_facilities
wfs:SPORTSTAETTENOGD.16765,sport_facility,d03,sport_facilities
wfs:SPORTSTAETTENOGD.16766,sport_facility,d03,sport_facilities
wfs:SPORTSTAETTENOGD.16768,sport_facility,d03,sport_facilities
wfs:SPORTSTAETTENOGD.16769,sport_facility,d03,sport_facilities
wfs:SPORTSTAETTENOGD.16770,sport_facility,d03,sport_facilities
wfs:SPORTSTAETTENOGD.16771,sport_facility,d03,sport_facilities
wfs:SPORTSTAETTENOGD.16772,sport_facility,d03,sport_facilities
wfs:SPORTSTAETTENOGD.16773,sport_facility,d03,sport_facilities
wfs:SPORTSTAETTENOGD.16774,sport_facility,d03,sport_facilities
wfs:SPORTSTAETTENOGD.16775,sport_facility,d03,sport_facilities
wfs:SPORTSTAETTENOGD.16776,sport_facility,d03,sport_facilities
wfs:SPORTSTAETTENOGD.16777,sport_facility,d03,sport_facilities
wfs:SPORTSTAETTENOGD.16778,sport_facility,d03,sport_facilities
wfs:SPORTSTAETTENOGD.16779,sport_facility,d03,sport_facilities
wfs:SPORTSTAETTENOGD.16780,sport_facility,d03,sport_facilities
wfs:SPORTSTAETTENOGD.16781,sport_facility,d03,sport_facilities
wfs:SPORTSTAETTENOGD.16782,sport_facility,d03,sport_facilities
wfs:SPORTSTAETTENOGD.16783,sport_facility,d03,sport_facilities
wfs:SPORTSTAETTENOGD.16784,sport_facility,d03,sport_facilities
wfs:SPORTSTAETTENOGD.16785,sport_facility,d03,sport_facilities
wfs:SPORTSTAETTENOGD.16786,sport_facility,d03,sport_facilities
wfs:SPORTSTAETTENOGD.16787,sport_facility,d03,sport_facilities
wfs:SPORTSTAETTENOGD.16788,sport_facility,d11,sport_facilities
wfs:SPORTSTAETTENOGD.16789,sport_facility,d11,sport_facilities
wfs:SPORTSTAETTENOGD.16790,sport_facility,d11,sport_facilities
wfs:SPORTSTAETTENOGD.16791,sport_facility,d11,sport_facilities
wfs:SPORTSTAETTENOGD.16792,sport_facility,d11,sport_facilities
wfs:SPORTSTAETTENOGD.16793,sport_facility,d11,sport_facilities
wfs:SPORTSTAETTENOGD.16794,sport_facility,d11,sport_facilities
wfs:SPORTSTAETTENOGD.16795,sport_facility,d11,sport_facilities
wfs:SPORTSTAETTENOGD.16796,sport_facility,d11,sport_facilities
wfs:SPORTSTAETTENOGD.16797,sport_facility,d11,sport_facilities
wfs:SPORTSTAETTENOGD.16767,sport_facility,d03,sport_facilities
wfs:SPORTSTAETTENOGD.16798,sport_facility,d11,sport_facilities
wfs:SPORTSTAETTENOGD.16799,sport_facility,d11,sport_facilities
wfs:SPORTSTAETTENOGD.16800,sport_facility,d11,sport_facilities
wfs:SPORTSTAETTENOGD.16801,sport_facility,d11,sport_facilities
wfs:SPORTSTAETTENOGD.16802,sport_facility,d11,sport_facilities
wfs:SPORTSTAETTENOGD.16803,sport_facility,d11,sport_facilities
wfs:SPORTSTAETTENOGD.16804,sport_facility,d11,sport_facilities
wfs:SPORTSTAETTENOGD.16805,sport_facility,d11,sport_facilities
wfs:SPORTSTAETTENOGD.16806,sport_facility,d11,sport_facilities
wfs:SPORTSTAETTENOGD.16807,sport_facility,d11,sport_facilities
wfs:SPORTSTAETTENOGD.16808,sport_facility,d11,sport_facilities
wfs:SPORTSTAETTENOGD.16809,sport_facility,d11,sport_facilities
wfs:SPORTSTAETTENOGD.16810,sport_facility,d11,sport_facilities
wfs:SPORTSTAETTENOGD.16811,sport_facility,d12,sport_facilities
wfs:SPORTSTAETTENOGD.16812,sport_facility,d12,sport_facilities
wfs:SPORTSTAETTENOGD.16813,sport_facility,d12,sport_facilities
wfs:SPORTSTAETTENOGD.16814,sport_facility,d12,sport_facilities
wfs:SPORTSTAETTENOGD.16815,sport_facility,d12,sport_facilities
wfs:SPORTSTAETTENOGD.16816,sport_facility,d12,sport_facilities
wfs:SPORTSTAETTENOGD.16817,sport_facility,d12,sport_facilities
wfs:SPORTSTAETTENOGD.16818,sport_facility,d12,sport_facilities
wfs:SPORTSTAETTENOGD.16819,sport_facility,d12,sport_facilities
wfs:SPORTSTAETTENOGD.16820,sport_facility,d12,sport_facilities
wfs:SPORTSTAETTENOGD.16821,sport_facility,d12,sport_facilities
wfs:SPORTSTAETTENOGD.16822,sport_facility,d13,sport_facilities
wfs:SPORTSTAETTENOGD.16823,sport_facility,d13,sport_facilities
wfs:SPORTSTAETTENOGD.16824,sport_facility,d13,sport_facilities
wfs:SPORTSTAETTENOGD.16825,sport_facility,d13,sport_facilities
wfs:SPORTSTAETTENOGD.16826,sport_facility,d13,sport_facilities
wfs:SPORTSTAETTENOGD.16827,sport_facility,d13,sport_facilities
wfs:SPORTSTAETTENOGD.16828,sport_facility,d13,sport_facilities
wfs:SPORTSTAETTENOGD.16829,sport_facility,d13,sport_facilities
wfs:SPORTSTAETTENOGD.16830,sport_facility,d13,sport_facilities
wfs:SPORTSTAETTENOGD.16831,sport_facility,d13,sport_facilities
wfs:SPORTSTAETTENOGD.16832,sport_facility,d13,sport_facilities
wfs:SPORTSTAETTENOGD.16833,sport_facility,d13,sport_facilities
wfs:SPORTSTAETTENOGD.16834,sport_facility,d13,sport_facilities
wfs:SPORTSTAETTENOGD.16835,sport_facility,d13,sport_facilities
wfs:SPORTSTAETTENOGD.17327,sport_facility,d22,sport_facilities
wfs:SPORTSTAETTENOGD.17328,sport_facility,d22,sport_facilities
wfs:SPORTSTAETTENOGD.17329,sport_facility,d22,sport_facilities
wfs:SPORTSTAETTENOGD.17330,sport_facility,d23,sport_facilities
wfs:SPORTSTAETTENOGD.17331,sport_facility,d23,sport_facilities
wfs:SPORTSTAETTENOGD.17332,sport_facility,d01,sport_facilities
wfs:SPORTSTAETTENOGD.17333,sport_facility,d02,sport_facilities
wfs:SPORTSTAETTENOGD.17334,sport_facility,d02,sport_facilities
wfs:SPORTSTAETTENOGD.17335,sport_facility,d03,sport_facilities
wfs:SPORTSTAETTENOGD.17336,sport_facility,d10,sport_facilities
wfs:SPORTSTAETTENOGD.17337,sport_facility,d14,sport_facilities
wfs:SPORTSTAETTENOGD.17338,sport_facility,d18,sport_facilities
wfs:SPORTSTAETTENOGD.17339,sport_facility,d21,sport_facilities
wfs:SPORTSTAETTENOGD.17340,sport_facility,d21,sport_facilities
wfs:SPORTSTAETTENOGD.17341,sport_facility,d14,sport_facilities
wfs:SPORTSTAETTENOGD.17342,sport_facility,d02,sport_facilities
wfs:SPORTSTAETTENOGD.17343,sport_facility,d11,sport_facilities
wfs:SPORTSTAETTENOGD.17344,sport_facility,d21,sport_facilities
wfs:SPORTSTAETTENOGD.17345,sport_facility,d22,sport_facilities
wfs:SPORTSTAETTENOGD.17346,sport_facility,d10,sport_facilities
wfs:SPORTSTAETTENOGD.17347,sport_facility,d02,sport_facilities
wfs:SPORTSTAETTENOGD.17348,sport_facility,d21,sport_facilities
wfs:SPORTSTAETTENOGD.17349,sport_facility,d21,sport_facilities
wfs:SPORTSTAETTENOGD.17350,sport_facility,d22,sport_facilities
wfs:SPORTSTAETTENOGD.17351,sport_facility,d22,sport_facilities
wfs:SPORTSTAETTENOGD.17352,sport_facility,d22,sport_facilities
wfs:SPORTSTAETTENOGD.17353,sport_facility,d22,sport_facilities
wfs:SPORTSTAETTENOGD.17354,sport_facility,d22,sport_facilities
wfs:SPORTSTAETTENOGD.17355,sport_facility,d22,sport_facilities
wfs:SPORTSTAETTENOGD.17356,sport_facility,d22,sport_facilities
wfs:SPORTSTAETTENOGD.17357,sport_facility,d22,sport_facilities
wfs:SPORTSTAETTENOGD.17358,sport_facility,d22,sport_facilities
wfs:SPORTSTAETTENOGD.16870,sport_facility,d14,sport_facilities
wfs:SPORTSTAETTENOGD.16871,sport_facility,d14,sport_facilities
wfs:SPORTSTAETTENOGD.16872,sport_facility,d14,sport_facilities
wfs:SPORTSTAETTENOGD.16873,sport_facility,d14,sport_facilities
wfs:SPORTSTAETTENOGD.16874,sport_facility,d14,sport_facilities
wfs:SPORTSTAETTENOGD.16875,sport_facility,d14,sport_facilities
wfs:SPORTSTAETTENOGD.16876,sport_facility,d14,sport_facilities
wfs:SPORTSTAETTENOGD.16877,sport_facility,d14,sport_facilities
wfs:SPORTSTAETTENOGD.16878,sport_facility,d14,sport_facilities
wfs:SPORTSTAETTENOGD.16879,sport_facility,d14,sport_facilities
wfs:SPORTSTAETTENOGD.16880,sport_facility,d14,sport_facilities
wfs:SPORTSTAETTENOGD.16881,sport_facility,d15,sport_facilities
wfs:SPORTSTAETTENOGD.16882,sport_facility,d15,sport_facilities
wfs:SPORTSTAETTENOGD.16883,sport_facility,d11,sport_facilities
wfs:SPORTSTAETTENOGD.16884,sport_facility,d11,sport_facilities
wfs:SPORTSTAETTENOGD.16885,sport_facility,d11,sport_facilities
wfs:SPORTSTAETTENOGD.16886,sport_facility,d12,sport_facilities
wfs:SPORTSTAETTENOGD.16887,sport_facility,d12,sport_facilities
wfs:SPORTSTAETTENOGD.16888,sport_facility,d12,sport_facilities
wfs:SPORTSTAETTENOGD.16889,sport_facility,d12,sport_facilities
wfs:SPORTSTAETTENOGD.16890,sport_facility,d12,sport_facilities
wfs:SPORTSTAETTENOGD.16891,sport_facility,d12,sport_facilities
wfs:SPORTSTAETTENOGD.16892,sport_facility,d12,sport_facilities
wfs:SPORTSTAETTENOGD.16893,sport_facility,d12,sport_facilities
wfs:SPORTSTAETTENOGD.16894,sport_facility,d12,sport_facilities
wfs:SPORTSTAETTENOGD.16895,sport_facility,d12,sport_facilities
wfs:SPORTSTAETTENOGD.16896,sport_facility,d12,sport_facilities
wfs:SPORTSTAETTENOGD.16897,sport_facility,d12,sport_facilities
wfs:SPORTSTAETTENOGD.16898,sport_facility,d12,sport_facilities
wfs:SPORTSTAETTENOGD.16899,sport_facility,d12,sport_facilities
wfs:SPORTSTAETTENOGD.16900,sport_facility,d12,sport_facilities
wfs:SPORTSTAETTENOGD.16901,sport_facility,d12,sport_facilities
wfs:SPORTSTAETTENOGD.16902,sport_facility,d12,sport_facilities
wfs:SPORTSTAETTENOGD.16903,sport_facility,d12,sport_facilities
wfs:SPORTSTAETTENOGD.16904,sport_facility,d12,sport_facilities
wfs:SPORTSTAETTENOGD.16905,sport_facility,d12,sport_facilities
wfs:SPORTSTAETTENOGD.16906,sport_facility,d10,sport_facilities
wfs:SPORTSTAETTENOGD.16907,sport_facility,d10,sport_facilities
wfs:SPORTSTAETTENOGD.16908,sport_facility,d10,sport_facilities
wfs:SPORTSTAETTENOGD.16909,sport_facility,d10,sport_facilities
wfs:SPORTSTAETTENOGD.16910,sport_facility,d10,sport_facilities
wfs:SPORTSTAETTENOGD.16911,sport_facility,d10,sport_facilities
wfs:SPORTSTAETTENOGD.16912,sport_facility,d10,sport_facilities
wfs:SPORTSTAETTENOGD.16913,sport_facility,d10,sport_facilities
wfs:SPORTSTAETTENOGD.16914,sport_facility,d10,sport_facilities
wfs:SPORTSTAETTENOGD.16915,sport_facility,d10,sport_facilities
wfs:SPORTSTAETTENOGD.16916,sport_facility,d10,sport_facilities
wfs:SPORTSTAETTENOGD.16917,sport_facility,d10,sport_facilities
wfs:SPORTSTAETTENOGD.16918,sport_facility,d10,sport_facilities
wfs:SPORTSTAETTENOGD.16919,sport_facility,d10,sport_facilities
wfs:SPORTSTAETTENOGD.16920,sport_facility,d10,sport_facilities
wfs:SPORTSTAETTENOGD.16921,sport_facility,d10,sport_facilities
wfs:SPORTSTAETTENOGD.16922,sport_facility,d10,sport_facilities
wfs:SPORTSTAETTENOGD.16923,sport_facility,d10,sport_facilities
wfs:SPORTSTAETTENOGD.16924,sport_facility,d10,sport_facilities
wfs:SPORTSTAETTENOGD.16925,sport_facility,d10,sport_facilities
wfs:SPORTSTAETTENOGD.16926,sport_facility,d10,sport_facilities
wfs:SPORTSTAETTENOGD.16927,sport_facility,d10,sport_facilities
wfs:SPORTSTAETTENOGD.16928,sport_facility,d10,sport_facilities
wfs:SPORTSTAETTENOGD.16929,sport_facility,d10,sport_facilities
wfs:SPORTSTAETTENOGD.16930,sport_facility,d10,sport_facilities
wfs:SPORTSTAETTENOGD.16931,sport_facility,d10,sport_facilities
wfs:SPORTSTAETTENOGD.16932,sport_facility,d10,sport_facilities
wfs:SPORTSTAETTENOGD.16933,sport_facility,d10,sport_facilities
wfs:SPORTSTAETTENOGD.16934,sport_facility,d10,sport_facilities
wfs:SPORTSTAETTENOGD.16935,sport_facility,d10,sport_facilities
wfs:SPORTSTAETTENOGD.16936,sport_facility,d10,sport_facilities
wfs:SPORTSTAETTENOGD.16937,sport_facility,d10,sport_facilities
wfs:SPORTSTAETTENOGD.16938,sport_facility,d10,sport_facilities
wfs:SPORTSTAETTENOGD.16939,sport_facility,d10,sport_facilities
wfs:SPORTSTAETTENOGD.16940,sport_facility,d10,sport_facilities
wfs:SPORTSTAETTENOGD.16941,sport_facility,d10,sport_facilities
wfs:SPORTSTAETTENOGD.16942,sport_facility,d11,sport_facilities
wfs:SPORTSTAETTENOGD.16943,sport_facility,d11,sport_facilities
wfs:SPORTSTAETTENOGD.16944,sport_facility,d11,sport_facilities
wfs:SPORTSTAETTENOGD.16945,sport_facility,d11,sport_facilities
wfs:SPORTSTAETTENOGD.16946,sport_facility,d11,sport_facilities
wfs:SPORTSTAETTENOGD.16947,sport_facility,d11,sport_facilities
wfs:SPORTSTAETTENOGD.16948,sport_facility,d11,sport_facilities
wfs:SPORTSTAETTENOGD.16949,sport_facility,d11,sport_facilities
wfs:SPORTSTAETTENOGD.16950,sport_facility,d11,sport_facilities
wfs:SPORTSTAETTENOGD.16951,sport_facility,d11,sport_facilities
wfs:SPORTSTAETTENOGD.16952,sport_facility,d11,sport_facilities
wfs:SPORTSTAETTENOGD.16953,sport_facility,d17,sport_facilities
wfs:SPORTSTAETTENOGD.16954,sport_facility,d17,sport_facilities
wfs:SPORTSTAETTENOGD.16955,sport_facility,d17,sport_facilities
wfs:SPORTSTAETTENOGD.16956,sport_facility,d17,sport_facilities
wfs:SPORTSTAETTENOGD.16957,sport_facility,d17,sport_facilities
wfs:SPORTSTAETTENOGD.16958,sport_facility,d17,sport_facilities
wfs:SPORTSTAETTENOGD.16959,sport_facility,d17,sport_facilities
wfs:SPORTSTAETTENOGD.16960,sport_facility,d17,sport_facilities
wfs:SPORTSTAETTENOGD.16961,sport_facility,d17,sport_facilities
wfs:SPORTSTAETTENOGD.16962,sport_facility,d17,sport_facilities
wfs:SPORTSTAETTENOGD.16963,sport_facility,d17,sport_facilities
wfs:SPORTSTAETTENOGD.16964,sport_facility,d17,sport_facilities
wfs:SPORTSTAETTENOGD.16965,sport_facility,d17,sport_facilities
wfs:SPORTSTAETTENOGD.16966,sport_facility,d17,sport_facilities
wfs:SPORTSTAETTENOGD.16967,sport_facility,d17,sport_facilities
wfs:SPORTSTAETTENOGD.16968,sport_facility,d17,sport_facilities
wfs:SPORTSTAETTENOGD.16969,sport_facility,d17,sport_facilities
wfs:SPORTSTAETTENOGD.16970,sport_facility,d18,sport_facilities
wfs:SPORTSTAETTENOGD.16971,sport_facility,d18,sport_facilities
wfs:SPORTSTAETTENOGD.16972,sport_facility,d18,sport_facilities
wfs:SPORTSTAETTENOGD.16973,sport_facility,d18,sport_facilities
wfs:SPORTSTAETTENOGD.16974,sport_facility,d18,sport_facilities
wfs:SPORTSTAETTENOGD.16975,sport_facility,d18,sport_facilities
wfs:SPORTSTAETTENOGD.16976,sport_facility,d18,sport_facilities
wfs:SPORTSTAETTENOGD.16977,sport_facility,d18,sport_facilities
wfs:SPORTSTAETTENOGD.16978,sport_facility,d18,sport_facilities
wfs:SPORTSTAETTENOGD.16979,sport_facility,d18,sport_facilities
wfs:SPORTSTAETTENOGD.16980,sport_facility,d18,sport_facilities
wfs:SPORTSTAETTENOGD.16981,sport_facility,d18,sport_facilities
wfs:SPORTSTAETTENOGD.16982,sport_facility,d18,sport_facilities
wfs:SPORTSTAETTENOGD.16983,sport_facility,d18,sport_facilities
wfs:SPORTSTAETTENOGD.16984,sport_facility,d18,sport_facilities
wfs:SPORTSTAETTENOGD.16985,sport_facility,d18,sport_facilities
wfs:SPORTSTAETTENOGD.16986,sport_facility,d18,sport_facilities
wfs:SPORTSTAETTENOGD.16987,sport_facility,d18,sport_facilities
wfs:SPORTSTAETTENOGD.16988,sport_facility,d18,sport_facilities
wfs:SPORTSTAETTENOGD.16989,sport_facility,d18,sport_facilities
wfs:SPORTSTAETTENOGD.16990,sport_facility,d18,sport_facilities
wfs:SPORTSTAETTENOGD.16991,sport_facility,d18,sport_facilities
wfs:SPORTSTAETTENOGD.16992,sport_facility,d18,sport_facilities
wfs:SPORTSTAETTENOGD.16993,sport_facility,d19,sport_facilities
wfs:SPORTSTAETTENOGD.16994,sport_facility,d19,sport_facilities
wfs:SPORTSTAETTENOGD.16995,sport_facility,d19,sport_facilities
wfs:SPORTSTAETTENOGD.16996,sport_facility,d19,sport_facilities
wfs:SPORTSTAETTENOGD.16997,sport_facility,d19,sport_facilities
wfs:SPORTSTAETTENOGD.16998,sport_facility,d19,sport_facilities
wfs:SPORTSTAETTENOGD.16999,sport_facility,d19,sport_facilities
wfs:SPORTSTAETTENOGD.17000,sport_facility,d19,sport_facilities
wfs:SPORTSTAETTENOGD.17001,sport_facility,d19,sport_facilities
wfs:SPORTSTAETTENOGD.17002,sport_facility,d19,sport_facilities
wfs:SPORTSTAETTENOGD.17003,sport_facility,d19,sport_facilities
wfs:SPORTSTAETTENOGD.17004,sport_facility,d19,sport_facilities
wfs:SPORTSTAETTENOGD.17005,sport_facility,d19,sport_facilities
wfs:SPORTSTAETTENOGD.17007,sport_facility,d19,sport_facilities
wfs:SPORTSTAETTENOGD.17008,sport_facility,d19,sport_facilities
wfs:SPORTSTAETTENOGD.17009,sport_facility,d19,sport_facilities
wfs:SPORTSTAETTENOGD.17010,sport_facility,d19,sport_facilities
wfs:SPORTSTAETTENOGD.17011,sport_facility,d19,sport_facilities
wfs:SPORTSTAETTENOGD.17012,sport_facility,d19,sport_facilities
wfs:SPORTSTAETTENOGD.17013,sport_facility,d19,sport_facilities
wfs:SPORTSTAETTENOGD.17014,sport_facility,d19,sport_facilities
wfs:SPORTSTAETTENOGD.17015,sport_facility,d19,sport_facilities
wfs:SPORTSTAETTENOGD.17016,sport_facility,d19,sport_facilities
wfs:SPORTSTAETTENOGD.17017,sport_facility,d19,sport_facilities
wfs:SPORTSTAETTENOGD.17018,sport_facility,d19,sport_facilities
wfs:SPORTSTAETTENOGD.17019,sport_facility,d19,sport_facilities
wfs:SPORTSTAETTENOGD.17020,sport_facility,d19,sport_facilities
wfs:SPORTSTAETTENOGD.17021,sport_facility,d19,sport_facilities
wfs:SPORTSTAETTENOGD.17022,sport_facility,d19,sport_facilities
wfs:SPORTSTAETTENOGD.17023,sport_facility,d19,sport_facilities
wfs:SPORTSTAETTENOGD.17024,sport_facility,d19,sport_facilities
wfs:SPORTSTAETTENOGD.17025,sport_facility,d19,sport_facilities
wfs:SPORTSTAETTENOGD.17026,sport_facility,d19,sport_facilities
wfs:SPORTSTAETTENOGD.17027,sport_facility,d19,sport_facilities
wfs:SPORTSTAETTENOGD.17028,sport_facility,d19,sport_facilities
wfs:SPORTSTAETTENOGD.17029,sport_facility,d19,sport_facilities
wfs:SPORTSTAETTENOGD.17030,sport_facility,d19,sport_facilities
wfs:SPORTSTAETTENOGD.17031,sport_facility,d19,sport_facilities
wfs:SPORTSTAETTENOGD.17032,sport_facility,d20,sport_facilities
wfs:SPORTSTAETTENOGD.17033,sport_facility,d20,sport_facilities
wfs:SPORTSTAETTENOGD.17034,sport_facility,d20,sport_facilities
wfs:SPORTSTAETTENOGD.17035,sport_facility,d20,sport_facilities
wfs:SPORTSTAETTENOGD.17036,sport_facility,d20,sport_facilities
wfs:SPORTSTAETTENOGD.17006,sport_facility,d19,sport_facilities
wfs:SPORTSTAETTENOGD.17037,sport_facility,d20,sport_facilities
wfs:SPORTSTAETTENOGD.17038,sport_facility,d20,sport_facilities
wfs:SPORTSTAETTENOGD.17039,sport_facility,d20,sport_facilities
wfs:SPORTSTAETTENOGD.17040,sport_facility,d20,sport_facilities
wfs:SPORTSTAETTENOGD.17041,sport_facility,d20,sport_facilities
wfs:SPORTSTAETTENOGD.17042,sport_facility,d20,sport_facilities
wfs:SPORTSTAETTENOGD.17043,sport_facility,d20,sport_facilities
wfs:SPORTSTAETTENOGD.17044,sport_facility,d20,sport_facilities
wfs:SPORTSTAETTENOGD.17045,sport_facility,d20,sport_facilities
wfs:SPORTSTAETTENOGD.17046,sport_facility,d20,sport_facilities
wfs:SPORTSTAETTENOGD.17047,sport_facility,d20,sport_facilities
wfs:SPORTSTAETTENOGD.17048,sport_facility,d20,sport_facilities
wfs:SPORTSTAETTENOGD.17049,sport_facility,d20,sport_facilities
wfs:SPORTSTAETTENOGD.17050,sport_facility,d20,sport_facilities
wfs:SPORTSTAETTENOGD.17051,sport_facility,d20,sport_facilities
wfs:SPORTSTAETTENOGD.17052,sport_facility,d20,sport_facilities
wfs:SPORTSTAETTENOGD.17053,sport_facility,d20,sport_facilities
wfs:SPORTSTAETTENOGD.17054,sport_facility,d20,sport_facilities
wfs:SPORTSTAETTENOGD.17055,sport_facility,d20,sport_facilities
wfs:SPORTSTAETTENOGD.17056,sport_facility,d20,sport_facilities
wfs:SPORTSTAETTENOGD.17057,sport_facility,d02,sport_facilities
wfs:SPORTSTAETTENOGD.17058,sport_facility,d20,sport_facilities
wfs:SPORTSTAETTENOGD.17059,sport_facility,d20,sport_facilities
wfs:SPORTSTAETTENOGD.17060,sport_facility,d21,sport_facilities
wfs:SPORTSTAETTENOGD.17061,sport_facility,d21,sport_facilities
wfs:SPORTSTAETTENOGD.17062,sport_facility,d21,sport_facilities
wfs:SPORTSTAETTENOGD.17063,sport_facility,d21,sport_facilities
wfs:SPORTSTAETTENOGD.17064,sport_facility,d21,sport_facilities
wfs:SPORTSTAETTENOGD.17065,sport_facility,d21,sport_facilities
wfs:SPORTSTAETTENOGD.17066,sport_facility,d21,sport_facilities
wfs:SPORTSTAETTENOGD.17067,sport_facility,d21,sport_facilities
wfs:SPORTSTAETTENOGD.17068,sport_facility,d21,sport_facilities
wfs:SPORTSTAETTENOGD.17069,sport_facility,d21,sport_facilities
wfs:SPORTSTAETTENOGD.17070,sport_facility,d15,sport_facilities
wfs:SPORTSTAETTENOGD.17071,sport_facility,d15,sport_facilities
wfs:SPORTSTAETTENOGD.17072,sport_facility,d15,sport_facilities
wfs:SPORTSTAETTENOGD.17073,sport_facility,d15,sport_facilities
wfs:SPORTSTAETTENOGD.17074,sport_facility,d15,sport_facilities
wfs:SPORTSTAETTENOGD.17075,sport_facility,d15,sport_facilities
wfs:SPORTSTAETTENOGD.17076,sport_facility,d15,sport_facilities
wfs:SPORTSTAETTENOGD.17077,sport_facility,d15,sport_facilities
wfs:SPORTSTAETTENOGD.17078,sport_facility,d15,sport_facilities
wfs:SPORTSTAETTENOGD.17079,sport_facility,d15,sport_facilities
wfs:SPORTSTAETTENOGD.17080,sport_facility,d15,sport_facilities
wfs:SPORTSTAETTENOGD.17081,sport_facility,d15,sport_facilities
wfs:SPORTSTAETTENOGD.17082,sport_facility,d15,sport_facilities
wfs:SPORTSTAETTENOGD.17083,sport_facility,d15,sport_facilities
wfs:SPORTSTAETTENOGD.17084,sport_facility,d15,sport_facilities
wfs:SPORTSTAETTENOGD.17085,sport_facility,d15,sport_facilities
wfs:SPORTSTAETTENOGD.17086,sport_facility,d15,sport_facilities
wfs:SPORTSTAETTENOGD.17087,sport_facility,d15,sport_facilities
wfs:SPORTSTAETTENOGD.17088,sport_facility,d15,sport_facilities
wfs:SPORTSTAETTENOGD.17089,sport_facility,d15,sport_facilities
wfs:SPORTSTAETTENOGD.17090,sport_facility,d15,sport_facilities
wfs:SPORTSTAETTENOGD.17091,sport_facility,d15,sport_facilities
wfs:SPORTSTAETTENOGD.17092,sport_facility,d15,sport_facilities
wfs:SPORTSTAETTENOGD.17093,sport_facility,d15,sport_facilities
wfs:SPORTSTAETTENOGD.17094,sport_facility,d15,sport_facilities
wfs:SPORTSTAETTENOGD.17095,sport_facility,d15,sport_facilities
wfs:SPORTSTAETTENOGD.17096,sport_facility,d15,sport_facilities
wfs:SPORTSTAETTENOGD.17097,sport_facility,d15,sport_facilities
wfs:SPORTSTAETTENOGD.17098,sport_facility,d15,sport_facilities
wfs:SPORTSTAETTENOGD.17099,sport_facility,d15,sport_facilities
wfs:SPORTSTAETTENOGD.17100,sport_facility,d15,sport_facilities
wfs:SPORTSTAETTENOGD.17101,sport_facility,d15,sport_facilities
wfs:SPORTSTAETTENOGD.17102,sport_facility,d15,sport_facilities
wfs:SPORTSTAETTENOGD.17103,sport_facility,d16,sport_facilities
wfs:SPORTSTAETTENOGD.17104,sport_facility,d16,sport_facilities
wfs:SPORTSTAETTENOGD.17105,sport_facility,d16,sport_facilities
wfs:SPORTSTAETTENOGD.17106,sport_facility,d16,sport_facilities
wfs:SPORTSTAETTENOGD.17107,sport_facility,d16,sport_facilities
wfs:SPORTSTAETTENOGD.17108,sport_facility,d16,sport_facilities
wfs:SPORTSTAETTENOGD.17109,sport_facility,d16,sport_facilities
wfs:SPORTSTAETTENOGD.17110,sport_facility,d16,sport_facilities
wfs:SPORTSTAETTENOGD.17111,sport_facility,d16,sport_facilities
wfs:SPORTSTAETTENOGD.17112,sport_facility,d16,sport_facilities
wfs:SPORTSTAETTENOGD.17113,sport_facility,d16,sport_facilities
wfs:SPORTSTAETTENOGD.17114,sport_facility,d16,sport_facilities
wfs:SPORTSTAETTENOGD.17115,sport_facility,d16,sport_facilities
wfs:SPORTSTAETTENOGD.17116,sport_facility,d16,sport_facilities
wfs:SPORTSTAETTENOGD.17117,sport_facility,d16,sport_facilities
wfs:SPORTSTAETTENOGD.17118,sport_facility,d16,sport_facilities
wfs:SPORTSTAETTENOGD.17119,sport_facility,d16,sport_facilities
wfs:SPORTSTAETTENOGD.17120,sport_facility,d16,sport_facilities
wfs:SPORTSTAETTENOGD.17121,sport_facility,d16,sport_facilities
wfs:SPORTSTAETTENOGD.17122,sport_facility,d16,sport_facilities
wfs:SPORTSTAETTENOGD.17123,sport_facility,d16,sport_facilities
wfs:SPORTSTAETTENOGD.17124,sport_facility,d16,sport_facilities
wfs:SPORTSTAETTENOGD.17125,sport_facility,d16,sport_facilities
wfs:SPORTSTAETTENOGD.17126,sport_facility,d16,sport_facilities
wfs:SPORTSTAETTENOGD.17127,sport_facility,d16,sport_facilities
wfs:SPORTSTAETTENOGD.17128,sport_facility,d16,sport_facilities
wfs:SPORTSTAETTENOGD.17129,sport_facility,d16,sport_facilities
wfs:SPORTSTAETTENOGD.17130,sport_facility,d16,sport_facilities
wfs:SPORTSTAETTENOGD.17131,sport_facility,d16,sport_facilities
wfs:SPORTSTAETTENOGD.17132,sport_facility,d16,sport_facilities
wfs:SPORTSTAETTENOGD.17133,sport_facility,d17,sport_facilities
wfs:SPORTSTAETTENOGD.17134,sport_facility,d17,sport_facilities
wfs:SPORTSTAETTENOGD.17135,sport_facility,d17,sport_facilities
wfs:SPORTSTAETTENOGD.17136,sport_facility,d17,sport_facilities
wfs:SPORTSTAETTENOGD.17137,sport_facility,d21,sport_facilities
wfs:SPORTSTAETTENOGD.17138,sport_facility,d21,sport_facilities
wfs:SPORTSTAETTENOGD.17139,sport_facility,d21,sport_facilities
wfs:SPORTSTAETTENOGD.17140,sport_facility,d21,sport_facilities
wfs:SPORTSTAETTENOGD.17141,sport_facility,d21,sport_facilities
wfs:SPORTSTAETTENOGD.17142,sport_facility,d21,sport_facilities
wfs:SPORTSTAETTENOGD.17143,sport_facility,d21,sport_facilities
wfs:SPORTSTAETTENOGD.17144,sport_facility,d21,sport_facilities
wfs:SPORTSTAETTENOGD.17145,sport_facility,d21,sport_facilities
wfs:SPORTSTAETTENOGD.17146,sport_facility,d21,sport_facilities
wfs:SPORTSTAETTENOGD.17147,sport_facility,d21,sport_facilities
wfs:SPORTSTAETTENOGD.17148,sport_facility,d21,sport_facilities
wfs:SPORTSTAETTENOGD.17149,sport_facility,d21,sport_facilities
wfs:SPORTSTAETTENOGD.17150,sport_facility,d21,sport_facilities
wfs:SPORTSTAETTENOGD.17151,sport_facility,d21,sport_facilities
wfs:SPORTSTAETTENOGD.17152,sport_facility,d22,sport_facilities
wfs:SPORTSTAETTENOGD.17153,sport_facility,d22,sport_facilities
wfs:SPORTSTAETTENOGD.17154,sport_facility,d22,sport_facilities
wfs:SPORTSTAETTENOGD.17155,sport_facility,d22,sport_facilities
wfs:SPORTSTAETTENOGD.17156,sport_facility,d22,sport_facilities
wfs:SPORTSTAETTENOGD.17157,sport_facility,d22,sport_facilities
wfs:SPORTSTAETTENOGD.17158,sport_facility,d22,sport_facilities
wfs:SPORTSTAETTENOGD.17159,sport_facility,d22,sport_facilities
wfs:SPORTSTAETTENOGD.17160,sport_facility,d22,sport_facilities
wfs:SPORTSTAETTENOGD.17161,sport_facility,d20,sport_facilities
wfs:SPORTSTAETTENOGD.17162,sport_facility,d22,sport_facilities
wfs:SPORTSTAETTENOGD.17163,sport_facility,d22,sport_facilities
wfs:SPORTSTAETTENOGD.17164,sport_facility,d22,sport_facilities
wfs:SPORTSTAETTENOGD.17165,sport_facility,d22,sport_facilities
wfs:SPORTSTAETTENOGD.17166,sport_facility,d22,sport_facilities
wfs:SPORTSTAETTENOGD.17167,sport_facility,d22,sport_facilities
wfs:SPORTSTAETTENOGD.17168,sport_facility,d22,sport_facilities
wfs:SPORTSTAETTENOGD.17169,sport_facility,d22,sport_facilities
wfs:SPORTSTAETTENOGD.17170,sport_facility,d22,sport_facilities
wfs:SPORTSTAETTENOGD.17171,sport_facility,d22,sport_facilities
wfs:SPORTSTAETTENOGD.17172,sport_facility,d22,sport_facilities
wfs:SPORTSTAETTENOGD.17173,sport_facility,d22,sport_facilities
wfs:SPORTSTAETTENOGD.17174,sport_facility,d22,sport_facilities
wfs:SPORTSTAETTENOGD.17175,sport_facility,d22,sport_facilities
wfs:SPORTSTAETTENOGD.17176,sport_facility,d22,sport_facilities
wfs:SPORTSTAETTENOGD.17177,sport_facility,d22,sport_facilities
wfs:SPORTSTAETTENOGD.17178,sport_facility,d22,sport_facilities
wfs:SPORTSTAETTENOGD.17179,sport_facility,d22,sport_facilities
wfs:SPORTSTAETTENOGD.17180,sport_facility,d22,sport_facilities
wfs:SPORTSTAETTENOGD.17181,sport_facility,d22,sport_facilities
wfs:SPORTSTAETTENOGD.17182,sport_facility,d22,sport_facilities
wfs:SPORTSTAETTENOGD.17183,sport_facility,d22,sport_facilities
wfs:SPORTSTAETTENOGD.17184,sport_facility,d22,sport_facilities
wfs:SPORTSTAETTENOGD.17185,sport_facility,d22,sport_facilities
wfs:SPORTSTAETTENOGD.17186,sport_facility,d22,sport_facilities
wfs:SPORTSTAETTENOGD.17187,sport_facility,d22,sport_facilities
wfs:SPORTSTAETTENOGD.17188,sport_facility,d22,sport_facilities
wfs:SPORTSTAETTENOGD.17189,sport_facility,d22,sport_facilities
wfs:SPORTSTAETTENOGD.17190,sport_facility,d22,sport_facilities
wfs:SPORTSTAETTENOGD.17191,sport_facility,d22,sport_facilities
wfs:SPORTSTAETTENOGD.17192,sport_facility,d22,sport_facilities
wfs:SPORTSTAETTENOGD.17193,sport_facility,d22,sport_facilities
wfs:SPORTSTAETTENOGD.17194,sport_facility,d22,sport_facilities
wfs:SPORTSTAETTENOGD.17195,sport_facility,d22,sport_facilities
wfs:SPORTSTAETTENOGD.17196,sport_facility,d22,sport_facilities
wfs:SPORTSTAETTENOGD.17197,sport_facility,d22,sport_facilities
wfs:SPORTSTAETTENOGD.17198,sport_facility,d22,sport_facilities
wfs:SPORTSTAETTENOGD.17199,sport_facility,d22,sport_facilities
wfs:SPORTSTAETTENOGD.17200,sport_facility,d22,sport_facilities
wfs:SPORTSTAETTENOGD.17201,sport_facility,d22,sport_facilities
wfs:SPORTSTAETTENOGD.17202,sport_facility,d22,sport_facilities
wfs:SPORTSTAETTENOGD.17203,sport_facility,d23,sport_facilities
wfs:SPORTSTAETTENOGD.17204,sport_facility,d23,sport_facilities
wfs:SPORTSTAETTENOGD.17205,sport_facility,d23,sport_facilities
wfs:SPORTSTAETTENOGD.17206,sport_facility,d23,sport_facilities
wfs:SPORTSTAETTENOGD.17207,sport_facility,d23,sport_facilities
wfs:SPORTSTAETTENOGD.17208,sport_facility,d23,sport_facilities
wfs:SPORTSTAETTENOGD.17209,sport_facility,d23,sport_facilities
wfs:SPORTSTAETTENOGD.17210,sport_facility,d23,sport_facilities
wfs:SPORTSTAETTENOGD.17211,sport_facility,d23,sport_facilities
wfs:SPORTSTAETTENOGD.17212,sport_facility,d23,sport_facilities
wfs:SPORTSTAETTENOGD.17213,sport_facility,d23,sport_facilities
wfs:SPORTSTAETTENOGD.17214,sport_facility,d23,sport_facilities
wfs:SPORTSTAETTENOGD.17215,sport_facility,d23,sport_facilities
wfs:SPORTSTAETTENOGD.17216,sport_facility,d23,sport_facilities
wfs:SPORTSTAETTENOGD.17217,sport_facility,d23,sport_facilities
wfs:SPORTSTAETTENOGD.17218,sport_facility,d23,sport_facilities
wfs:SPORTSTAETTENOGD.17219,sport_facility,d23,sport_facilities
wfs:SPORTSTAETTENOGD.17220,sport_facility,d23,sport_facilities
wfs:SPORTSTAETTENOGD.17221,sport_facility,d23,sport_facilities
wfs:SPORTSTAETTENOGD.17222,sport_facility,d23,sport_facilities
wfs:SPORTSTAETTENOGD.17223,sport_facility,d23,sport_facilities
wfs:SPORTSTAETTENOGD.17224,sport_facility,d23,sport_facilities
wfs:SPORTSTAETTENOGD.17225,sport_facility,d23,sport_facilities
wfs:SPORTSTAETTENOGD.17226,sport_facility,d23,sport_facilities
wfs:SPORTSTAETTENOGD.17227,sport_facility,d23,sport_facilities
wfs:SPORTSTAETTENOGD.17228,sport_facility,d23,sport_facilities
wfs:SPORTSTAETTENOGD.17229,sport_facility,d22,sport_facilities
wfs:SPORTSTAETTENOGD.17230,sport_facility,d22,sport_facilities
wfs:SPORTSTAETTENOGD.17231,sport_facility,d22,sport_facilities
wfs:SPORTSTAETTENOGD.17232,sport_facility,d22,sport_facilities
wfs:SPORTSTAETTENOGD.17233,sport_facility,d22,sport_facilities
wfs:SPORTSTAETTENOGD.17234,sport_facility,d22,sport_facilities
wfs:SPORTSTAETTENOGD.17235,sport_facility,d22,sport_facilities
wfs:SPORTSTAETTENOGD.17236,sport_facility,d22,sport_facilities
wfs:SPORTSTAETTENOGD.17237,sport_facility,d22,sport_facilities
wfs:SPORTSTAETTENOGD.17238,sport_facility,d22,sport_facilities
wfs:SPORTSTAETTENOGD.17239,sport_facility,d22,sport_facilities
wfs:SPORTSTAETTENOGD.17240,sport_facility,d22,sport_facilities
wfs:SPORTSTAETTENOGD.17241,sport_facility,d22,sport_facilities
wfs:SPORTSTAETTENOGD.17242,sport_facility,d22,sport_facilities
wfs:SPORTSTAETTENOGD.17243,sport_facility,d22,sport_facilities
wfs:SPORTSTAETTENOGD.17244,sport_facility,d22,sport_facilities
wfs:SPORTSTAETTENOGD.17245,sport_facility,d22,sport_facilities
wfs:SPORTSTAETTENOGD.17246,sport_facility,d22,sport_facilities
wfs:SPORTSTAETTENOGD.17247,sport_facility,d22,sport_facilities
wfs:SPORTSTAETTENOGD.17248,sport_facility,d22,sport_facilities
wfs:SPORTSTAETTENOGD.17249,sport_facility,d22,sport_facilities
wfs:SPORTSTAETTENOGD.17250,sport_facility,d22,sport_facilities
wfs:SPORTSTAETTENOGD.17251,sport_facility,d22,sport_facilities
wfs:SPORTSTAETTENOGD.17252,sport_facility,d21,sport_facilities
wfs:SPORTSTAETTENOGD.17253,sport_facility,d21,sport_facilities
wfs:SPORTSTAETTENOGD.17254,sport_facility,d21,sport_facilities
wfs:SPORTSTAETTENOGD.17255,sport_facility,d20,sport_facilities
wfs:SPORTSTAETTENOGD.17256,sport_facility,d21,sport_facilities
wfs:SPORTSTAETTENOGD.17257,sport_facility,d21,sport_facilities
wfs:SPORTSTAETTENOGD.17258,sport_facility,d21,sport_facilities
wfs:SPORTSTAETTENOGD.17259,sport_facility,d21,sport_facilities
wfs:SPORTSTAETTENOGD.17260,sport_facility,d21,sport_facilities
wfs:SPORTSTAETTENOGD.17261,sport_facility,d21,sport_facilities
wfs:SPORTSTAETTENOGD.17262,sport_facility,d21,sport_facilities
wfs:SPORTSTAETTENOGD.17263,sport_facility,d21,sport_facilities
wfs:SPORTSTAETTENOGD.17264,sport_facility,d21,sport_facilities
wfs:SPORTSTAETTENOGD.17265,sport_facility,d21,sport_facilities
wfs:SPORTSTAETTENOGD.17266,sport_facility,d21,sport_facilities
wfs:SPORTSTAETTENOGD.17267,sport_facility,d21,sport_facilities
wfs:SPORTSTAETTENOGD.17268,sport_facility,d21,sport_facilities
wfs:SPORTSTAETTENOGD.17269,sport_facility,d21,sport_facilities
wfs:SPORTSTAETTENOGD.17270,sport_facility,d21,sport_facilities
wfs:SPORTSTAETTENOGD.17271,sport_facility,d21,sport_facilities
wfs:SPORTSTAETTENOGD.17272,sport_facility,d21,sport_facilities
wfs:SPORTSTAETTENOGD.17273,sport_facility,d21,sport_facilities
wfs:SPORTSTAETTENOGD.17274,sport_facility,d21,sport_facilities
wfs:SPORTSTAETTENOGD.17275,sport_facility,d21,sport_facilities
wfs:SPORTSTAETTENOGD.17276,sport_facility,d21,sport_facilities
wfs:SPORTSTAETTENOGD.17277,sport_facility,d21,sport_facilities
wfs:SPORTSTAETTENOGD.17278,sport_facility,d21,sport_facilities
wfs:SPORTSTAETTENOGD.17279,sport_facility,d21,sport_facilities
wfs:SPORTSTAETTENOGD.17280,sport_facility,d22,sport_facilities
wfs:SPORTSTAETTENOGD.17281,sport_facility,d21,sport_facilities
wfs:SPORTSTAETTENOGD.17282,sport_facility,d21,sport_facilities
wfs:SPORTSTAETTENOGD.17283,sport_facility,d21,sport_facilities
wfs:SPORTSTAETTENOGD.17284,sport_facility,d21,sport_facilities
wfs:SPORTSTAETTENOGD.17285,sport_facility,d21,sport_facilities
wfs:SPORTSTAETTENOGD.17286,sport_facility,d21,sport_facilities
wfs:SPORTSTAETTENOGD.17287,sport_facility,d21,sport_facilities
wfs:SPORTSTAETTENOGD.17288,sport_facility,d21,sport_facilities
wfs:SPORTSTAETTENOGD.17289,sport_facility,d21,sport_facilities
wfs:SPORTSTAETTENOGD.17290,sport_facility,d21,sport_facilities
wfs:SPORTSTAETTENOGD.17291,sport_facility,d21,sport_facilities
wfs:SPORTSTAETTENOGD.17292,sport_facility,d21,sport_facilities
wfs:SPORTSTAETTENOGD.17293,sport_facility,d21,sport_facilities
wfs:SPORTSTAETTENOGD.17294,sport_facility,d21,sport_facilities
wfs:SPORTSTAETTENOGD.17295,sport_facility,d21,sport_facilities
wfs:SPORTSTAETTENOGD.17296,sport_facility,d21,sport_facilities
wfs:SPORTSTAETTENOGD.17297,sport_facility,d21,sport_facilities
wfs:SPORTSTAETTENOGD.17298,sport_facility,d22,sport_facilities
wfs:SPORTSTAETTENOGD.17299,sport_facility,d22,sport_facilities
wfs:SPORTSTAETTENOGD.17300,sport_facility,d14,sport_facilities
wfs:SPORTSTAETTENOGD.17301,sport_facility,d22,sport_facilities
wfs:SPORTSTAETTENOGD.17302,sport_facility,d03,sport_facilities
wfs:SPORTSTAETTENOGD.17303,sport_facility,d15,sport_facilities
wfs:SPORTSTAETTENOGD.17304,sport_facility,d22,sport_facilities
wfs:SPORTSTAETTENOGD.17305,sport_facility,d05,sport_facilities
wfs:SPORTSTAETTENOGD.17306,sport_facility,d07,sport_facilities
wfs:SPORTSTAETTENOGD.17307,sport_facility,d09,sport_facilities
wfs:SPORTSTAETTENOGD.17308,sport_facility,d09,sport_facilities
wfs:SPORTSTAETTENOGD.17309,sport_facility,d10,sport_facilities
wfs:SPORTSTAETTENOGD.17310,sport_facility,d10,sport_facilities
wfs:SPORTSTAETTENOGD.17311,sport_facility,d10,sport_facilities
wfs:SPORTSTAETTENOGD.17312,sport_facility,d11,sport_facilities
wfs:SPORTSTAETTENOGD.17313,sport_facility,d11,sport_facilities
wfs:SPORTSTAETTENOGD.17314,sport_facility,d11,sport_facilities
wfs:SPORTSTAETTENOGD.17315,sport_facility,d11,sport_facilities
wfs:SPORTSTAETTENOGD.17316,sport_facility,d12,sport_facilities
wfs:SPORTSTAETTENOGD.17317,sport_facility,d21,sport_facilities
wfs:SPORTSTAETTENOGD.17318,sport_facility,d21,sport_facilities
wfs:SPORTSTAETTENOGD.17319,sport_facility,d21,sport_facilities
wfs:SPORTSTAETTENOGD.17320,sport_facility,d21,sport_facilities
wfs:SPORTSTAETTENOGD.17321,sport_facility,d21,sport_facilities
wfs:SPORTSTAETTENOGD.17322,sport_facility,d22,sport_facilities
wfs:SPORTSTAETTENOGD.17323,sport_facility,d22,sport_facilities
wfs:SPORTSTAETTENOGD.17324,sport_facility,d22,sport_facilities
wfs:SPORTSTAETTENOGD.17325,sport_facility,d22,sport_facilities
wfs:SPORTSTAETTENOGD.17326,sport_facility,d22,sport_facilities
wfs:SPORTSTAETTENOGD.17359,sport_facility,d22,sport_facilities
wfs:SPORTSTAETTENOGD.17360,sport_facility,d22,sport_facilities
wfs:SPORTSTAETTENOGD.17361,sport_facility,d23,sport_facilities
wfs:SPORTSTAETTENOGD.17362,sport_facility,d23,sport_facilities
wfs:SPORTSTAETTENOGD.17363,sport_facility,d23,sport_facilities
wfs:SPORTSTAETTENOGD.17364,sport_facility,d01,sport_facilities
wfs:SPORTSTAETTENOGD.17365,sport_facility,d02,sport_facilities
wfs:SPORTSTAETTENOGD.17366,sport_facility,d02,sport_facilities
wfs:SPORTSTAETTENOGD.17367,sport_facility,d11,sport_facilities
wfs:SPORTSTAETTENOGD.17368,sport_facility,d16,sport_facilities
wfs:SPORTSTAETTENOGD.17369,sport_facility,d19,sport_facilities
wfs:SPORTSTAETTENOGD.17370,sport_facility,d22,sport_facilities
wfs:SPORTSTAETTENOGD.17371,sport_facility,d21,sport_facilities
wfs:SPORTSTAETTENOGD.17372,sport_facility,d03,sport_facilities
wfs:SPORTSTAETTENOGD.17373,sport_facility,d10,sport_facilities
wfs:SPORTSTAETTENOGD.17374,sport_facility,d14,sport_facilities
wfs:SPORTSTAETTENOGD.17375,sport_facility,d15,sport_facilities
wfs:SPORTSTAETTENOGD.17376,sport_facility,d20,sport_facilities
wfs:SPORTSTAETTENOGD.17377,sport_facility,d21,sport_facilities
wfs:SPORTSTAETTENOGD.17378,sport_facility,d22,sport_facilities
wfs:SPORTSTAETTENOGD.17379,sport_facility,d23,sport_facilities
wfs:SPORTSTAETTENOGD.17380,sport_facility,d17,sport_facilities
wfs:SPORTSTAETTENOGD.17381,sport_facility,d16,sport_facilities
wfs:SPORTSTAETTENOGD.17382,sport_facility,d23,sport_facilities
wfs:SPORTSTAETTENOGD.17383,sport_facility,d02,sport_facilities
wfs:SPORTSTAETTENOGD.17384,sport_facility,d10,sport_facilities
wfs:SPORTSTAETTENOGD.17385,sport_facility,d12,sport_facilities
wfs:SPORTSTAETTENOGD.17386,sport_facility,d15,sport_facilities
wfs:SPORTSTAETTENOGD.17387,sport_facility,d20,sport_facilities
wfs:SPORTSTAETTENOGD.17388,sport_facility,d22,sport_facilities
wfs:SPORTSTAETTENOGD.17389,sport_facility,d22,sport_facilities
wfs:SPORTSTAETTENOGD.17390,sport_facility,d10,sport_facilities
wfs:SPORTSTAETTENOGD.17391,sport_facility,d02,sport_facilities
wfs:SPORTSTAETTENOGD.17392,sport_facility,d15,sport_facilities
wfs:SPORTSTAETTENOGD.17393,sport_facility,d20,sport_facilities
wfs:SPORTSTAETTENOGD.17394,sport_facility,d22,sport_facilities
wfs:SPORTSTAETTENOGD.17395,sport_facility,d22,sport_facilities
wfs:SPORTSTAETTENOGD.17396,sport_facility,d03,sport_facilities
wfs:SPORTSTAETTENOGD.17397,sport_facility,d22,sport_facilities
wfs:SPORTSTAETTENOGD.17398,sport_facility,d22,sport_facilities
wfs:SPORTSTAETTENOGD.17399,sport_facility,d01,sport_facilities
wfs:SPORTSTAETTENOGD.17400,sport_facility,d09,sport_facilities
wfs:SPORTSTAETTENOGD.17401,sport_facility,d14,sport_facilities
wfs:SPORTSTAETTENOGD.17402,sport_facility,d20,sport_facilities
wfs:SPORTSTAETTENOGD.17403,sport_facility,d10,sport_facilities
wfs:SPORTSTAETTENOGD.17404,sport_facility,d23,sport_facilities
wfs:SPORTSTAETTENOGD.17405,sport_facility,d23,sport_facilities
wfs:SPORTSTAETTENOGD.17406,sport_facility,d23,sport_facilities
wfs:SPORTSTAETTENOGD.17407,sport_facility,d23,sport_facilities
wfs:SPORTSTAETTENOGD.17408,sport_facility,d23,sport_facilities
wfs:SPORTSTAETTENOGD.17409,sport_facility,d23,sport_facilities
wfs:SPORTSTAETTENOGD.17410,sport_facility,d23,sport_facilities
wfs:SPORTSTAETTENOGD.17411,sport_facility,d23,sport_facilities
wfs:SPORTSTAETTENOGD.17412,sport_facility,d23,sport_facilities
wfs:SPORTSTAETTENOGD.17413,sport_facility,d23,sport_facilities
wfs:SPORTSTAETTENOGD.17414,sport_facility,d02,sport_facilities
wfs:SPORTSTAETTENOGD.17415,sport_facility,d02,sport_facilities
wfs:SPORTSTAETTENOGD.17416,sport_facility,d05,sport_facilities
wfs:SPORTSTAETTENOGD.17417,sport_facility,d10,sport_facilities
wfs:SPORTSTAETTENOGD.17418,sport_facility,d10,sport_facilities
wfs:SPORTSTAETTENOGD.17419,sport_facility,d10,sport_facilities
wfs:SPORTSTAETTENOGD.17420,sport_facility,d11,sport_facilities
wfs:SPORTSTAETTENOGD.17421,sport_facility,d15,sport_facilities
wfs:SPORTSTAETTENOGD.17422,sport_facility,d23,sport_facilities
wfs:SPORTSTAETTENOGD.17423,sport_facility,d23,sport_facilities
wfs:SPORTSTAETTENOGD.17424,sport_facility,d03,sport_facilities
wfs:SPORTSTAETTENOGD.17425,sport_facility,d03,sport_facilities
wfs:SPORTSTAETTENOGD.17426,sport_facility,d03,sport_facilities
wfs:SPORTSTAETTENOGD.17427,sport_facility,d04,sport_facilities
wfs:SPORTSTAETTENOGD.17428,sport_facility,d04,sport_facilities
wfs:SPORTSTAETTENOGD.17429,sport_facility,d05,sport_facilities
wfs:SPORTSTAETTENOGD.17430,sport_facility,d06,sport_facilities
wfs:SPORTSTAETTENOGD.17431,sport_facility,d06,sport_facilities
wfs:SPORTSTAETTENOGD.17432,sport_facility,d09,sport_facilities
wfs:SPORTSTAETTENOGD.17433,sport_facility,d10,sport_facilities
wfs:SPORTSTAETTENOGD.17434,sport_facility,d10,sport_facilities
wfs:SPORTSTAETTENOGD.17435,sport_facility,d10,sport_facilities
wfs:SPORTSTAETTENOGD.17436,sport_facility,d11,sport_facilities
wfs:SPORTSTAETTENOGD.17437,sport_facility,d11,sport_facilities
wfs:SPORTSTAETTENOGD.17438,sport_facility,d12,sport_facilities
wfs:SPORTSTAETTENOGD.17439,sport_facility,d12,sport_facilities
wfs:SPORTSTAETTENOGD.17440,sport_facility,d13,sport_facilities
wfs:SPORTSTAETTENOGD.17441,sport_facility,d14,sport_facilities
wfs:SPORTSTAETTENOGD.17442,sport_facility,d06,sport_facilities
wfs:SPORTSTAETTENOGD.17443,sport_facility,d17,sport_facilities
wfs:SPORTSTAETTENOGD.17444,sport_facility,d19,sport_facilities
wfs:SPORTSTAETTENOGD.17445,sport_facility,d21,sport_facilities
wfs:SPORTSTAETTENOGD.17446,sport_facility,d22,sport_facilities
wfs:SPORTSTAETTENOGD.17447,sport_facility,d09,sport_facilities
wfs:SPORTSTAETTENOGD.17448,sport_facility,d02,sport_facilities
wfs:SPORTSTAETTENOGD.17449,sport_facility,d23,sport_facilities
wfs:SPORTSTAETTENOGD.17450,sport_facility,d22,sport_facilities
wfs:SPORTSTAETTENOGD.17451,sport_facility,d22,sport_facilities
wfs:SPORTSTAETTENOGD.17452,sport_facility,d20,sport_facilities
wfs:SPORTSTAETTENOGD.17453,sport_facility,d17,sport_facilities
wfs:SPORTSTAETTENOGD.17454,sport_facility,d16,sport_facilities
wfs:SPORTSTAETTENOGD.17455,sport_facility,d11,sport_facilities
wfs:SPORTSTAETTENOGD.17456,sport_facility,d10,sport_facilities
wfs:SPORTSTAETTENOGD.17457,sport_facility,d13,sport_facilities
wfs:SPORTSTAETTENOGD.17458,sport_facility,d14,sport_facilities
wfs:SPORTSTAETTENOGD.17459,sport_facility,d21,sport_facilities
wfs:SPORTSTAETTENOGD.17460,sport_facility,d16,sport_facilities
wfs:SPORTSTAETTENOGD.17461,sport_facility,d21,sport_facilities
wfs:SPORTSTAETTENOGD.17462,sport_facility,d21,sport_facilities
wfs:SPORTSTAETTENOGD.17463,sport_facility,d22,sport_facilities
wfs:SPORTSTAETTENOGD.17464,sport_facility,d22,sport_facilities
wfs:SPORTSTAETTENOGD.17465,sport_facility,d23,sport_facilities
wfs:SPORTSTAETTENOGD.17466,sport_facility,d06,sport_facilities
wfs:SPORTSTAETTENOGD.17467,sport_facility,d13,sport_facilities
wfs:SPORTSTAETTENOGD.17468,sport_facility,d17,sport_facilities
wfs:SPORTSTAETTENOGD.17469,sport_facility,d21,sport_facilities
wfs:SPORTSTAETTENOGD.17470,sport_facility,d10,sport_facilities
wfs:SPORTSTAETTENOGD.17471,sport_facility,d13,sport_facilities
wfs:SPORTSTAETTENOGD.17472,sport_facility,d13,sport_facilities
wfs:SPORTSTAETTENOGD.17473,sport_facility,d15,sport_facilities
wfs:SPORTSTAETTENOGD.17474,sport_facility,d05,sport_facilities
wfs:SPORTSTAETTENOGD.17475,sport_facility,d17,sport_facilities
wfs:SPORTSTAETTENOGD.17476,sport_facility,d18,sport_facilities
wfs:SPORTSTAETTENOGD.17477,sport_facility,d20,sport_facilities
wfs:SPORTSTAETTENOGD.17478,sport_facility,d21,sport_facilities
wfs:SPORTSTAETTENOGD.17479,sport_facility,d10,sport_facilities
wfs:SPORTSTAETTENOGD.17480,sport_facility,d12,sport_facilities
wfs:SPORTSTAETTENOGD.17481,sport_facility,d13,sport_facilities
wfs:SPORTSTAETTENOGD.17482,sport_facility,d14,sport_facilities
wfs:SPORTSTAETTENOGD.17483,sport_facility,d16,sport_facilities
wfs:SPORTSTAETTENOGD.17484,sport_facility,d17,sport_facilities
wfs:SPORTSTAETTENOGD.17485,sport_facility,d19,sport_facilities
wfs:SPORTSTAETTENOGD.17486,sport_facility,d19,sport_facilities
wfs:SPIELPLATZPUNKTOGD.2960638,playground,d02,playgrounds
wfs:SPIELPLATZPUNKTOGD.2960639,playground,d11,playgrounds
wfs:SPIELPLATZPUNKTOGD.2960640,playground,d22,playgrounds
wfs:SPIELPLATZPUNKTOGD.2960641,playground,d10,playgrounds
wfs:SPIELPLATZPUNKTOGD.2960642,playground,d03,playgrounds
wfs:SPIELPLATZPUNKTOGD.2960643,playground,d23,playgrounds
wfs:SPIELPLATZPUNKTOGD.2960644,playground,d15,playgrounds
wfs:SPIELPLATZPUNKTOGD.2960645,playground,d21,playgrounds
wfs:SPIELPLATZPUNKTOGD.2960646,playground,d07,playgrounds
wfs:SPIELPLATZPUNKTOGD.2960647,playground,d22,playgrounds
wfs:SPIELPLATZPUNKTOGD.2960648,playground,d13,playgrounds
wfs:SPIELPLATZPUNKTOGD.2960649,playground,d09,playgrounds
wfs:SPIELPLATZPUNKTOGD.2960650,playground,d02,playgrounds
wfs:SPIELPLATZPUNKTOGD.2960651,playground,d15,playgrounds
wfs:SPIELPLATZPUNKTOGD.2960652,playground,d11,playgrounds
wfs:SPIELPLATZPUNKTOGD.2960653,playground,d11,playgrounds
wfs:SPIELPLATZPUNKTOGD.2960654,playground,d23,playgrounds
wfs:SPIELPLATZPUNKTOGD.2960655,playground,d23,playgrounds
wfs:SPIELPLATZPUNKTOGD.2960656,playground,d21,playgrounds
wfs:SPIELPLATZPUNKTOGD.2960657,playground,d05,playgrounds
wfs:SPIELPLATZPUNKTOGD.2960658,playground,d14,playgrounds
wfs:SPIELPLATZPUNKTOGD.2960659,playground,d20,playgrounds
wfs:SPIELPLATZPUNKTOGD.2960660,playground,d13,playgrounds
wfs:SPIELPLATZPUNKTOGD.2960661,playground,d03,playgrounds
wfs:SPIELPLATZPUNKTOGD.2960662,playground,d21,playgrounds
wfs:SPIELPLATZPUNKTOGD.2960663,playground,d10,playgrounds
wfs:SPIELPLATZPUNKTOGD.2960664,playground,d06,playgrounds
wfs:SPIELPLATZPUNKTOGD.2960665,playground,d12,playgrounds
wfs:SPIELPLATZPUNKTOGD.2960666,playground,d17,playgrounds
wfs:SPIELPLATZPUNKTOGD.2960667,playground,d02,playgrounds
wfs:SPIELPLATZPUNKTOGD.2960671,playground,d14,playgrounds
wfs:SPIELPLATZPUNKTOGD.2960672,playground,d14,playgrounds
wfs:SPIELPLATZPUNKTOGD.2960673,playground,d11,playgrounds
wfs:SPIELPLATZPUNKTOGD.2960674,playground,d22,playgrounds
wfs:SPIELPLATZPUNKTOGD.2960675,playground,d22,playgrounds
wfs:SPIELPLATZPUNKTOGD.2960676,playground,d22,playgrounds
wfs:SPIELPLATZPUNKTOGD.2960677,playground,d21,playgrounds
wfs:SPIELPLATZPUNKTOGD.2960678,playground,d21,playgrounds
wfs:SPIELPLATZPUNKTOGD.2960679,playground,d21,playgrounds
wfs:SPIELPLATZPUNKTOGD.2960680,playground,d15,playgrounds
wfs:SPIELPLATZPUNKTOGD.2960681,playground,d09,playgrounds
wfs:SPIELPLATZPUNKTOGD.2960682,playground,d02,playgrounds
wfs:SPIELPLATZPUNKTOGD.2960683,playground,d10,playgrounds
wfs:SPIELPLATZPUNKTOGD.2960684,playground,d03,playgrounds
wfs:SPIELPLATZPUNKTOGD.2960685,playground,d18,playgrounds
wfs:SPIELPLATZPUNKTOGD.2960686,playground,d22,playgrounds
wfs:SPIELPLATZPUNKTOGD.2960687,playground,d16,playgrounds
wfs:SPIELPLATZPUNKTOGD.2960688,playground,d16,playgrounds
wfs:SPIELPLATZPUNKTOGD.2960689,playground,d16,playgrounds
wfs:SPIELPLATZPUNKTOGD.2960690,playground,d10,playgrounds
wfs:SPIELPLATZPUNKTOGD.2960691,playground,d14,playgrounds
wfs:SPIELPLATZPUNKTOGD.2960692,playground,d16,playgrounds
wfs:SPIELPLATZPUNKTOGD.2960693,playground,d15,playgrounds
wfs:SPIELPLATZPUNKTOGD.2960694,playground,d23,playgrounds
wfs:SPIELPLATZPUNKTOGD.2960668,playground,d13,playgrounds
wfs:SPIELPLATZPUNKTOGD.2960669,playground,d14,playgrounds
wfs:SPIELPLATZPUNKTOGD.2960670,playground,d10,playgrounds
wfs:SPIELPLATZPUNKTOGD.2960695,playground,d10,playgrounds
wfs:SPIELPLATZPUNKTOGD.2960696,playground,d10,playgrounds
wfs:SPIELPLATZPUNKTOGD.2960725,playground,d03,playgrounds
wfs:SPIELPLATZPUNKTOGD.2960726,playground,d06,playgrounds
wfs:SPIELPLATZPUNKTOGD.2960727,playground,d14,playgrounds
wfs:SPIELPLATZPUNKTOGD.2960728,playground,d10,playgrounds
wfs:SPIELPLATZPUNKTOGD.2960729,playground,d15,playgrounds
wfs:SPIELPLATZPUNKTOGD.2960730,playground,d23,playgrounds
wfs:SPIELPLATZPUNKTOGD.2960731,playground,d05,playgrounds
wfs:SPIELPLATZPUNKTOGD.2960732,playground,d09,playgrounds
wfs:SPIELPLATZPUNKTOGD.2960733,playground,d09,playgrounds
wfs:SPIELPLATZPUNKTOGD.2960734,playground,d21,playgrounds
wfs:SPIELPLATZPUNKTOGD.2960735,playground,d01,playgrounds
wfs:SPIELPLATZPUNKTOGD.2960736,playground,d16,playgrounds
wfs:SPIELPLATZPUNKTOGD.2960737,playground,d03,playgrounds
wfs:SPIELPLATZPUNKTOGD.2960738,playground,d15,playgrounds
wfs:SPIELPLATZPUNKTOGD.2960739,playground,d21,playgrounds
wfs:SPIELPLATZPUNKTOGD.2960740,playground,d13,playgrounds
wfs:SPIELPLATZPUNKTOGD.2960741,playground,d13,playgrounds
wfs:SPIELPLATZPUNKTOGD.2960742,playground,d11,playgrounds
wfs:SPIELPLATZPUNKTOGD.2960743,playground,d02,playgrounds
wfs:SPIELPLATZPUNKTOGD.2960744,playground,d22,playgrounds
wfs:SPIELPLATZPUNKTOGD.2960745,playground,d10,playgrounds
wfs:SPIELPLATZPUNKTOGD.2960746,playground,d11,playgrounds
wfs:SPIELPLATZPUNKTOGD.2960747,playground,d20,playgrounds
wfs:SPIELPLATZPUNKTOGD.2960748,playground,d22,playgrounds
wfs:SPIELPLATZPUNKTOGD.2960749,playground,d21,playgrounds
wfs:SPIELPLATZPUNKTOGD.2960750,playground,d10,playgrounds
wfs:SPIELPLATZPUNKTOGD.2960751,playground,d18,playgrounds
wfs:SPIELPLATZPUNKTOGD.2960752,playground,d10,playgrounds
wfs:SPIELPLATZPUNKTOGD.2960753,playground,d10,playgrounds
wfs:SPIELPLATZPUNKTOGD.2960754,playground,d22,playgrounds
wfs:SPIELPLATZPUNKTOGD.2960755,playground,d22,playgrounds
wfs:SPIELPLATZPUNKTOGD.2960756,playground,d14,playgrounds
wfs:SPIELPLATZPUNKTOGD.2960757,playground,d21,playgrounds
wfs:SPIELPLATZPUNKTOGD.2960758,playground,d16,playgrounds
wfs:SPIELPLATZPUNKTOGD.2960759,playground,d06,playgrounds
wfs:SPIELPLATZPUNKTOGD.2960760,playground,d22,playgrounds
wfs:SPIELPLATZPUNKTOGD.2960761,playground,d20,playgrounds
wfs:SPIELPLATZPUNKTOGD.2960762,playground,d18,playgrounds
wfs:SPIELPLATZPUNKTOGD.2960763,playground,d10,playgrounds
wfs:SPIELPLATZPUNKTOGD.2960764,playground,d22,playgrounds
wfs:SPIELPLATZPUNKTOGD.2960765,playground,d12,playgrounds
wfs:SPIELPLATZPUNKTOGD.2960766,playground,d13,playgrounds
wfs:SPIELPLATZPUNKTOGD.2960767,playground,d02,playgrounds
wfs:SPIELPLATZPUNKTOGD.2960768,playground,d10,playgrounds
wfs:SPIELPLATZPUNKTOGD.2960769,playground,d10,playgrounds
wfs:SPIELPLATZPUNKTOGD.2960770,playground,d10,playgrounds
wfs:SPIELPLATZPUNKTOGD.2960771,playground,d10,playgrounds
wfs:SPIELPLATZPUNKTOGD.2960772,playground,d10,playgrounds
wfs:SPIELPLATZPUNKTOGD.2960773,playground,d19,playgrounds
wfs:SPIELPLATZPUNKTOGD.2960774,playground,d19,playgrounds
wfs:SPIELPLATZPUNKTOGD.2960775,playground,d19,playgrounds
wfs:SPIELPLATZPUNKTOGD.2960776,playground,d23,playgrounds
wfs:SPIELPLATZPUNKTOGD.2960777,playground,d21,playgrounds
wfs:SPIELPLATZPUNKTOGD.2960778,playground,d20,playgrounds
wfs:SPIELPLATZPUNKTOGD.2960779,playground,d22,playgrounds
wfs:SPIELPLATZPUNKTOGD.2960780,playground,d20,playgrounds
wfs:SPIELPLATZPUNKTOGD.2960781,playground,d06,playgrounds
wfs:SPIELPLATZPUNKTOGD.2960782,playground,d10,playgrounds
wfs:SPIELPLATZPUNKTOGD.2960783,playground,d13,playgrounds
wfs:SPIELPLATZPUNKTOGD.2960784,playground,d21,playgrounds
wfs:SPIELPLATZPUNKTOGD.2960785,playground,d15,playgrounds
wfs:SPIELPLATZPUNKTOGD.2960786,playground,d10,playgrounds
wfs:SPIELPLATZPUNKTOGD.2960787,playground,d02,playgrounds
wfs:SPIELPLATZPUNKTOGD.2960788,playground,d10,playgrounds
wfs:SPIELPLATZPUNKTOGD.2960789,playground,d07,playgrounds
wfs:SPIELPLATZPUNKTOGD.2960790,playground,d07,playgrounds
wfs:SPIELPLATZPUNKTOGD.2960791,playground,d07,playgrounds
wfs:SPIELPLATZPUNKTOGD.2960792,playground,d22,playgrounds
wfs:SPIELPLATZPUNKTOGD.2960793,playground,d21,playgrounds
wfs:SPIELPLATZPUNKTOGD.2960794,playground,d03,playgrounds
wfs:SPIELPLATZPUNKTOGD.2960795,playground,d03,playgrounds
wfs:SPIELPLATZPUNKTOGD.2960796,playground,d20,playgrounds
wfs:SPIELPLATZPUNKTOGD.2960797,playground,d22,playgrounds
wfs:SPIELPLATZPUNKTOGD.2960798,playground,d15,playgrounds
wfs:SPIELPLATZPUNKTOGD.2960799,playground,d20,playgrounds
wfs:SPIELPLATZPUNKTOGD.2960800,playground,d10,playgrounds
wfs:SPIELPLATZPUNKTOGD.2960801,playground,d19,playgrounds
wfs:SPIELPLATZPUNKTOGD.2960802,playground,d22,playgrounds
wfs:SPIELPLATZPUNKTOGD.2960803,playground,d02,playgrounds
wfs:SPIELPLATZPUNKTOGD.2960804,playground,d12,playgrounds
wfs:SPIELPLATZPUNKTOGD.2960805,playground,d13,playgrounds
wfs:SPIELPLATZPUNKTOGD.2960806,playground,d19,playgrounds
wfs:SPIELPLATZPUNKTOGD.2960807,playground,d14,playgrounds
wfs:SPIELPLATZPUNKTOGD.2960808,playground,d21,playgrounds
wfs:SPIELPLATZPUNKTOGD.2960809,playground,d21,playgrounds
wfs:SPIELPLATZPUNKTOGD.2960810,playground,d19,playgrounds
wfs:SPIELPLATZPUNKTOGD.2960811,playground,d22,playgrounds
wfs:SPIELPLATZPUNKTOGD.2960812,playground,d22,playgrounds
wfs:SPIELPLATZPUNKTOGD.2960813,playground,d22,playgrounds
wfs:SPIELPLATZPUNKTOGD.2960814,playground,d05,playgrounds
wfs:SPIELPLATZPUNKTOGD.2960815,playground,d21,playgrounds
wfs:SPIELPLATZPUNKTOGD.2960816,playground,d22,playgrounds
wfs:SPIELPLATZPUNKTOGD.2960817,playground,d11,playgrounds
wfs:SPIELPLATZPUNKTOGD.2960818,playground,d11,playgrounds
wfs:SPIELPLATZPUNKTOGD.2960819,playground,d11,playgrounds
wfs:SPIELPLATZPUNKTOGD.2960820,playground,d04,playgrounds
wfs:SPIELPLATZPUNKTOGD.2960821,playground,d19,playgrounds
wfs:SPIELPLATZPUNKTOGD.2960822,playground,d02,playgrounds
wfs:SPIELPLATZPUNKTOGD.2960823,playground,d09,playgrounds
wfs:SPIELPLATZPUNKTOGD.2960824,playground,d18,playgrounds
wfs:SPIELPLATZPUNKTOGD.2960825,playground,d19,playgrounds
wfs:SPIELPLATZPUNKTOGD.2960826,playground,d22,playgrounds
wfs:SPIELPLATZPUNKTOGD.2960827,playground,d11,playgrounds
wfs:SPIELPLATZPUNKTOGD.2960828,playground,d11,playgrounds
wfs:SPIELPLATZPUNKTOGD.2960829,playground,d11,playgrounds
wfs:SPIELPLATZPUNKTOGD.2960830,playground,d05,playgrounds
wfs:SPIELPLATZPUNKTOGD.2960831,playground,d11,playgrounds
wfs:SPIELPLATZPUNKTOGD.2960832,playground,d10,playgrounds
wfs:SPIELPLATZPUNKTOGD.2960833,playground,d10,playgrounds
wfs:SPIELPLATZPUNKTOGD.2960834,playground,d10,playgrounds
wfs:SPIELPLATZPUNKTOGD.2960835,playground,d10,playgrounds
wfs:SPIELPLATZPUNKTOGD.2960836,playground,d23,playgrounds
wfs:SPIELPLATZPUNKTOGD.2960837,playground,d10,playgrounds
wfs:SPIELPLATZPUNKTOGD.2960838,playground,d11,playgrounds
wfs:SPIELPLATZPUNKTOGD.2960839,playground,d22,playgrounds
wfs:SPIELPLATZPUNKTOGD.2960840,playground,d22,playgrounds
wfs:SPIELPLATZPUNKTOGD.2960697,playground,d22,playgrounds
wfs:SPIELPLATZPUNKTOGD.2960698,playground,d14,playgrounds
wfs:SPIELPLATZPUNKTOGD.2960699,playground,d22,playgrounds
wfs:SPIELPLATZPUNKTOGD.2960700,playground,d22,playgrounds
wfs:SPIELPLATZPUNKTOGD.2960701,playground,d22,playgrounds
wfs:SPIELPLATZPUNKTOGD.2960702,playground,d22,playgrounds
wfs:SPIELPLATZPUNKTOGD.2960703,playground,d02,playgrounds
wfs:SPIELPLATZPUNKTOGD.2960704,playground,d10,playgrounds
wfs:SPIELPLATZPUNKTOGD.2960705,playground,d19,playgrounds
wfs:SPIELPLATZPUNKTOGD.2960706,playground,d04,playgrounds
wfs:SPIELPLATZPUNKTOGD.2960707,playground,d03,playgrounds
wfs:SPIELPLATZPUNKTOGD.2960708,playground,d23,playgrounds
wfs:SPIELPLATZPUNKTOGD.2960709,playground,d02,playgrounds
wfs:SPIELPLATZPUNKTOGD.2960710,playground,d20,playgrounds
wfs:SPIELPLATZPUNKTOGD.2960711,playground,d22,playgrounds
wfs:SPIELPLATZPUNKTOGD.2960712,playground,d14,playgrounds
wfs:SPIELPLATZPUNKTOGD.2960713,playground,d14,playgrounds
wfs:SPIELPLATZPUNKTOGD.2960714,playground,d18,playgrounds
wfs:SPIELPLATZPUNKTOGD.2960715,playground,d23,playgrounds
wfs:SPIELPLATZPUNKTOGD.2960716,playground,d23,playgrounds
wfs:SPIELPLATZPUNKTOGD.2960717,playground,d10,playgrounds
wfs:SPIELPLATZPUNKTOGD.2960718,playground,d10,playgrounds
wfs:SPIELPLATZPUNKTOGD.2960719,playground,d23,playgrounds
wfs:SPIELPLATZPUNKTOGD.2960720,playground,d13,playgrounds
wfs:SPIELPLATZPUNKTOGD.2960721,playground,d14,playgrounds
wfs:SPIELPLATZPUNKTOGD.2960722,playground,d14,playgrounds
wfs:SPIELPLATZPUNKTOGD.2960723,playground,d16,playgrounds
wfs:SPIELPLATZPUNKTOGD.2960724,playground,d03,playgrounds
wfs:SPIELPLATZPUNKTOGD.2960453,playground,d10,playgrounds
wfs:SPIELPLATZPUNKTOGD.2960454,playground,d18,playgrounds
wfs:SPIELPLATZPUNKTOGD.2960455,playground,d22,playgrounds
wfs:SPIELPLATZPUNKTOGD.2960456,playground,d12,playgrounds
wfs:SPIELPLATZPUNKTOGD.2960457,playground,d03,playgrounds
wfs:SPIELPLATZPUNKTOGD.2960458,playground,d23,playgrounds
wfs:SPIELPLATZPUNKTOGD.2960459,playground,d21,playgrounds
wfs:SPIELPLATZPUNKTOGD.2960460,playground,d21,playgrounds
wfs:SPIELPLATZPUNKTOGD.2960461,playground,d21,playgrounds
wfs:SPIELPLATZPUNKTOGD.2960462,playground,d10,playgrounds
wfs:SPIELPLATZPUNKTOGD.2960463,playground,d16,playgrounds
wfs:SPIELPLATZPUNKTOGD.2960464,playground,d19,playgrounds
wfs:SPIELPLATZPUNKTOGD.2960465,playground,d16,playgrounds
wfs:SPIELPLATZPUNKTOGD.2960466,playground,d21,playgrounds
wfs:SPIELPLATZPUNKTOGD.2960467,playground,d15,playgrounds
wfs:SPIELPLATZPUNKTOGD.2960468,playground,d21,playgrounds
wfs:SPIELPLATZPUNKTOGD.2960469,playground,d21,playgrounds
wfs:SPIELPLATZPUNKTOGD.2960470,playground,d21,playgrounds
wfs:SPIELPLATZPUNKTOGD.2960471,playground,d12,playgrounds
wfs:SPIELPLATZPUNKTOGD.2960472,playground,d05,playgrounds
wfs:SPIELPLATZPUNKTOGD.2960473,playground,d16,playgrounds
wfs:SPIELPLATZPUNKTOGD.2960474,playground,d03,playgrounds
wfs:SPIELPLATZPUNKTOGD.2960475,playground,d03,playgrounds
wfs:SPIELPLATZPUNKTOGD.2960476,playground,d03,playgrounds
wfs:SPIELPLATZPUNKTOGD.2960477,playground,d03,playgrounds
wfs:SPIELPLATZPUNKTOGD.2960478,playground,d05,playgrounds
wfs:SPIELPLATZPUNKTOGD.2960479,playground,d22,playgrounds
wfs:SPIELPLATZPUNKTOGD.2960480,playground,d22,playgrounds
wfs:SPIELPLATZPUNKTOGD.2960481,playground,d04,playgrounds
wfs:SPIELPLATZPUNKTOGD.2960482,playground,d22,playgrounds
wfs:SPIELPLATZPUNKTOGD.2960483,playground,d22,playgrounds
wfs:SPIELPLATZPUNKTOGD.2960484,playground,d22,playgrounds
wfs:SPIELPLATZPUNKTOGD.2960485,playground,d02,playgrounds
wfs:SPIELPLATZPUNKTOGD.2960486,playground,d19,playgrounds
wfs:SPIELPLATZPUNKTOGD.2960487,playground,d21,playgrounds
wfs:SPIELPLATZPUNKTOGD.2960488,playground,d19,playgrounds
wfs:SPIELPLATZPUNKTOGD.2960489,playground,d19,playgrounds
wfs:SPIELPLATZPUNKTOGD.2960490,playground,d11,playgrounds
wfs:SPIELPLATZPUNKTOGD.2960491,playground,d22,playgrounds
wfs:SPIELPLATZPUNKTOGD.2960492,playground,d21,playgrounds
wfs:SPIELPLATZPUNKTOGD.2960493,playground,d23,playgrounds
wfs:SPIELPLATZPUNKTOGD.2960494,playground,d21,playgrounds
wfs:SPIELPLATZPUNKTOGD.2960495,playground,d10,playgrounds
wfs:SPIELPLATZPUNKTOGD.2960496,playground,d23,playgrounds
wfs:SPIELPLATZPUNKTOGD.2960497,playground,d01,playgrounds
wfs:SPIELPLATZPUNKTOGD.2960498,playground,d05,playgrounds
wfs:SPIELPLATZPUNKTOGD.2960499,playground,d21,playgrounds
wfs:SPIELPLATZPUNKTOGD.2960500,playground,d10,playgrounds
wfs:SPIELPLATZPUNKTOGD.2960501,playground,d22,playgrounds
wfs:SPIELPLATZPUNKTOGD.2960502,playground,d23,playgrounds
wfs:SPIELPLATZPUNKTOGD.2960503,playground,d22,playgrounds
wfs:SPIELPLATZPUNKTOGD.2960504,playground,d11,playgrounds
wfs:SPIELPLATZPUNKTOGD.2960505,playground,d21,playgrounds
wfs:SPIELPLATZPUNKTOGD.2960506,playground,d21,playgrounds
wfs:SPIELPLATZPUNKTOGD.2960507,playground,d16,playgrounds
wfs:SPIELPLATZPUNKTOGD.2960508,playground,d12,playgrounds
wfs:SPIELPLATZPUNKTOGD.2960509,playground,d09,playgrounds
wfs:SPIELPLATZPUNKTOGD.2960510,playground,d22,playgrounds
wfs:SPIELPLATZPUNKTOGD.2960511,playground,d11,playgrounds
wfs:SPIELPLATZPUNKTOGD.2960512,playground,d09,playgrounds
wfs:SPIELPLATZPUNKTOGD.2960513,playground,d20,playgrounds
wfs:SPIELPLATZPUNKTOGD.2960514,playground,d04,playgrounds
wfs:SPIELPLATZPUNKTOGD.2960515,playground,d02,playgrounds
wfs:SPIELPLATZPUNKTOGD.2960516,playground,d22,playgrounds
wfs:SPIELPLATZPUNKTOGD.2960518,playground,d19,playgrounds
wfs:SPIELPLATZPUNKTOGD.2960519,playground,d15,playgrounds
wfs:SPIELPLATZPUNKTOGD.2960520,playground,d10,playgrounds
wfs:SPIELPLATZPUNKTOGD.2960521,playground,d22,playgrounds
wfs:SPIELPLATZPUNKTOGD.2960522,playground,d08,playgrounds
wfs:SPIELPLATZPUNKTOGD.2960523,playground,d21,playgrounds
wfs:SPIELPLATZPUNKTOGD.2960524,playground,d12,playgrounds
wfs:SPIELPLATZPUNKTOGD.2960525,playground,d22,playgrounds
wfs:SPIELPLATZPUNKTOGD.2960526,playground,d22,playgrounds
wfs:SPIELPLATZPUNKTOGD.2960527,playground,d22,playgrounds
wfs:SPIELPLATZPUNKTOGD.2960528,playground,d03,playgrounds
wfs:SPIELPLATZPUNKTOGD.2960529,playground,d19,playgrounds
wfs:SPIELPLATZPUNKTOGD.2960530,playground,d19,playgrounds
wfs:SPIELPLATZPUNKTOGD.2960531,playground,d11,playgrounds
wfs:SPIELPLATZPUNKTOGD.2960532,playground,d20,playgrounds
wfs:SPIELPLATZPUNKTOGD.2960533,playground,d09,playgrounds
wfs:SPIELPLATZPUNKTOGD.2960534,playground,d22,playgrounds
wfs:SPIELPLATZPUNKTOGD.2960535,playground,d02,playgrounds
wfs:SPIELPLATZPUNKTOGD.2960536,playground,d17,playgrounds
wfs:SPIELPLATZPUNKTOGD.2960537,playground,d21,playgrounds
wfs:SPIELPLATZPUNKTOGD.2960538,playground,d22,playgrounds
wfs:SPIELPLATZPUNKTOGD.2960539,playground,d19,playgrounds
wfs:SPIELPLATZPUNKTOGD.2960540,playground,d22,playgrounds
wfs:SPIELPLATZPUNKTOGD.2960541,playground,d07,playgrounds
wfs:SPIELPLATZPUNKTOGD.2960542,playground,d07,playgrounds
wfs:SPIELPLATZPUNKTOGD.2960543,playground,d03,playgrounds
wfs:SPIELPLATZPUNKTOGD.2960544,playground,d03,playgrounds
wfs:SPIELPLATZPUNKTOGD.2960545,playground,d19,playgrounds
wfs:SPIELPLATZPUNKTOGD.2960517,playground,d03,playgrounds
wfs:SPIELPLATZPUNKTOGD.2960547,playground,d22,playgrounds
wfs:SPIELPLATZPUNKTOGD.2960548,playground,d22,playgrounds
wfs:SPIELPLATZPUNKTOGD.2960549,playground,d22,playgrounds
wfs:SPIELPLATZPUNKTOGD.2960550,playground,d22,playgrounds
wfs:SPIELPLATZPUNKTOGD.2960551,playground,d22,playgrounds
wfs:SPIELPLATZPUNKTOGD.2960552,playground,d22,playgrounds
wfs:SPIELPLATZPUNKTOGD.2960553,playground,d22,playgrounds
wfs:SPIELPLATZPUNKTOGD.2960554,playground,d22,playgrounds
wfs:SPIELPLATZPUNKTOGD.2960555,playground,d22,playgrounds
wfs:SPIELPLATZPUNKTOGD.2960556,playground,d22,playgrounds
wfs:SPIELPLATZPUNKTOGD.2960557,playground,d22,playgrounds
wfs:SPIELPLATZPUNKTOGD.2960558,playground,d22,playgrounds
wfs:SPIELPLATZPUNKTOGD.2960559,playground,d16,playgrounds
wfs:SPIELPLATZPUNKTOGD.2960560,playground,d12,playgrounds
wfs:SPIELPLATZPUNKTOGD.2960561,playground,d12,playgrounds
wfs:SPIELPLATZPUNKTOGD.2960562,playground,d10,playgrounds
wfs:SPIELPLATZPUNKTOGD.2960563,playground,d10,playgrounds
wfs:SPIELPLATZPUNKTOGD.2960564,playground,d10,playgrounds
wfs:SPIELPLATZPUNKTOGD.2960565,playground,d10,playgrounds
wfs:SPIELPLATZPUNKTOGD.2960566,playground,d10,playgrounds
wfs:SPIELPLATZPUNKTOGD.2960567,playground,d22,playgrounds
wfs:SPIELPLATZPUNKTOGD.2960568,playground,d11,playgrounds
wfs:SPIELPLATZPUNKTOGD.2960569,playground,d12,playgrounds
wfs:SPIELPLATZPUNKTOGD.2960570,playground,d18,playgrounds
wfs:SPIELPLATZPUNKTOGD.2960571,playground,d18,playgrounds
wfs:SPIELPLATZPUNKTOGD.2960572,playground,d08,playgrounds
wfs:SPIELPLATZPUNKTOGD.2960573,playground,d15,playgrounds
wfs:SPIELPLATZPUNKTOGD.2960574,playground,d22,playgrounds
wfs:SPIELPLATZPUNKTOGD.2960546,playground,d07,playgrounds
wfs:SPIELPLATZPUNKTOGD.2960575,playground,d13,playgrounds
wfs:SPIELPLATZPUNKTOGD.2960576,playground,d10,playgrounds
wfs:SPIELPLATZPUNKTOGD.2960577,playground,d10,playgrounds
wfs:SPIELPLATZPUNKTOGD.2960578,playground,d19,playgrounds
wfs:SPIELPLATZPUNKTOGD.2960579,playground,d12,playgrounds
wfs:SPIELPLATZPUNKTOGD.2960580,playground,d07,playgrounds
wfs:SPIELPLATZPUNKTOGD.2960581,playground,d15,playgrounds
wfs:SPIELPLATZPUNKTOGD.2960582,playground,d22,playgrounds
wfs:SPIELPLATZPUNKTOGD.2960583,playground,d15,playgrounds
wfs:SPIELPLATZPUNKTOGD.2960584,playground,d16,playgrounds
wfs:SPIELPLATZPUNKTOGD.2960585,playground,d10,playgrounds
wfs:SPIELPLATZPUNKTOGD.2960586,playground,d18,playgrounds
wfs:SPIELPLATZPUNKTOGD.2960587,playground,d18,playgrounds
wfs:SPIELPLATZPUNKTOGD.2960588,playground,d18,playgrounds
wfs:SPIELPLATZPUNKTOGD.2960589,playground,d15,playgrounds
wfs:SPIELPLATZPUNKTOGD.2960590,playground,d21,playgrounds
wfs:SPIELPLATZPUNKTOGD.2960591,playground,d12,playgrounds
wfs:SPIELPLATZPUNKTOGD.2960592,playground,d17,playgrounds
wfs:SPIELPLATZPUNKTOGD.2960593,playground,d18,playgrounds
wfs:SPIELPLATZPUNKTOGD.2960594,playground,d10,playgrounds
wfs:SPIELPLATZPUNKTOGD.2960595,playground,d12,playgrounds
wfs:SPIELPLATZPUNKTOGD.2960596,playground,d22,playgrounds
wfs:SPIELPLATZPUNKTOGD.2960597,playground,d23,playgrounds
wfs:SPIELPLATZPUNKTOGD.2960598,playground,d22,playgrounds
wfs:SPIELPLATZPUNKTOGD.2960599,playground,d23,playgrounds
wfs:SPIELPLATZPUNKTOGD.2960600,playground,d12,playgrounds
wfs:SPIELPLATZPUNKTOGD.2960601,playground,d09,playgrounds
wfs:SPIELPLATZPUNKTOGD.2960602,playground,d02,playgrounds
wfs:SPIELPLATZPUNKTOGD.2960603,playground,d11,playgrounds
wfs:SPIELPLATZPUNKTOGD.2960604,playground,d02,playgrounds
wfs:SPIELPLATZPUNKTOGD.2960605,playground,d20,playgrounds
wfs:SPIELPLATZPUNKTOGD.2960606,playground,d20,playgrounds
wfs:SPIELPLATZPUNKTOGD.2960607,playground,d15,playgrounds
wfs:SPIELPLATZPUNKTOGD.2960608,playground,d17,playgrounds
wfs:SPIELPLATZPUNKTOGD.2960609,playground,d12,playgrounds
wfs:SPIELPLATZPUNKTOGD.2960610,playground,d07,playgrounds
wfs:SPIELPLATZPUNKTOGD.2960611,playground,d04,playgrounds
wfs:SPIELPLATZPUNKTOGD.2960612,playground,d14,playgrounds
wfs:SPIELPLATZPUNKTOGD.2960613,playground,d10,playgrounds
wfs:SPIELPLATZPUNKTOGD.2960614,playground,d23,playgrounds
wfs:SPIELPLATZPUNKTOGD.2960615,playground,d21,playgrounds
wfs:SPIELPLATZPUNKTOGD.2960616,playground,d12,playgrounds
wfs:SPIELPLATZPUNKTOGD.2960617,playground,d12,playgrounds
wfs:SPIELPLATZPUNKTOGD.2960618,playground,d10,playgrounds
wfs:SPIELPLATZPUNKTOGD.2960619,playground,d10,playgrounds
wfs:SPIELPLATZPUNKTOGD.2960620,playground,d13,playgrounds
wfs:SPIELPLATZPUNKTOGD.2960621,playground,d13,playgrounds
wfs:SPIELPLATZPUNKTOGD.2960622,playground,d19,playgrounds
wfs:SPIELPLATZPUNKTOGD.2960623,playground,d21,playgrounds
wfs:SPIELPLATZPUNKTOGD.2960624,playground,d19,playgrounds
wfs:SPIELPLATZPUNKTOGD.2960625,playground,d01,playgrounds
wfs:SPIELPLATZPUNKTOGD.2960626,playground,d13,playgrounds
wfs:SPIELPLATZPUNKTOGD.2960627,playground,d13,playgrounds
wfs:SPIELPLATZPUNKTOGD.2960628,playground,d02,playgrounds
wfs:SPIELPLATZPUNKTOGD.2960629,playground,d16,playgrounds
wfs:SPIELPLATZPUNKTOGD.2960630,playground,d22,playgrounds
wfs:SPIELPLATZPUNKTOGD.2960631,playground,d04,playgrounds
wfs:SPIELPLATZPUNKTOGD.2960632,playground,d15,playgrounds
wfs:SPIELPLATZPUNKTOGD.2960633,playground,d05,playgrounds
wfs:SPIELPLATZPUNKTOGD.2960634,playground,d23,playgrounds
wfs:SPIELPLATZPUNKTOGD.2960635,playground,d17,playgrounds
wfs:SPIELPLATZPUNKTOGD.2960636,playground,d17,playgrounds
wfs:SPIELPLATZPUNKTOGD.2960637,playground,d20,playgrounds
wfs:SPIELPLATZPUNKTOGD.2958869,playground,d16,playgrounds
wfs:SPIELPLATZPUNKTOGD.2958870,playground,d16,playgrounds
wfs:SPIELPLATZPUNKTOGD.2958871,playground,d21,playgrounds
wfs:SPIELPLATZPUNKTOGD.2958872,playground,d02,playgrounds
wfs:SPIELPLATZPUNKTOGD.2958873,playground,d02,playgrounds
wfs:SPIELPLATZPUNKTOGD.2958874,playground,d02,playgrounds
wfs:SPIELPLATZPUNKTOGD.2958875,playground,d16,playgrounds
wfs:SPIELPLATZPUNKTOGD.2958876,playground,d12,playgrounds
wfs:SPIELPLATZPUNKTOGD.2958877,playground,d02,playgrounds
wfs:SPIELPLATZPUNKTOGD.2958878,playground,d06,playgrounds
wfs:SPIELPLATZPUNKTOGD.2958879,playground,d10,playgrounds
wfs:SPIELPLATZPUNKTOGD.2958880,playground,d02,playgrounds
wfs:SPIELPLATZPUNKTOGD.2958881,playground,d10,playgrounds
wfs:SPIELPLATZPUNKTOGD.2958882,playground,d10,playgrounds
wfs:SPIELPLATZPUNKTOGD.2958883,playground,d22,playgrounds
wfs:SPIELPLATZPUNKTOGD.2958884,playground,d12,playgrounds
wfs:SPIELPLATZPUNKTOGD.2958885,playground,d02,playgrounds
wfs:SPIELPLATZPUNKTOGD.2958886,playground,d22,playgrounds
wfs:SPIELPLATZPUNKTOGD.2958887,playground,d12,playgrounds
wfs:SPIELPLATZPUNKTOGD.2958888,playground,d16,playgrounds
wfs:SPIELPLATZPUNKTOGD.2958889,playground,d23,playgrounds
wfs:SPIELPLATZPUNKTOGD.2958890,playground,d10,playgrounds
wfs:SPIELPLATZPUNKTOGD.2958891,playground,d10,playgrounds
wfs:SPIELPLATZPUNKTOGD.2958892,playground,d16,playgrounds
wfs:SPIELPLATZPUNKTOGD.2958893,playground,d10,playgrounds
wfs:SPIELPLATZPUNKTOGD.2958894,playground,d17,playgrounds
wfs:SPIELPLATZPUNKTOGD.2958895,playground,d10,playgrounds
wfs:SPIELPLATZPUNKTOGD.2958896,playground,d06,playgrounds
wfs:SPIELPLATZPUNKTOGD.2958897,playground,d20,playgrounds
wfs:SPIELPLATZPUNKTOGD.2958898,playground,d10,playgrounds
wfs:SPIELPLATZPUNKTOGD.2958899,playground,d22,playgrounds
wfs:SPIELPLATZPUNKTOGD.2958900,playground,d22,playgrounds
wfs:SPIELPLATZPUNKTOGD.2958901,playground,d22,playgrounds
wfs:SPIELPLATZPUNKTOGD.2958902,playground,d16,playgrounds
wfs:SPIELPLATZPUNKTOGD.2958903,playground,d15,playgrounds
wfs:SPIELPLATZPUNKTOGD.2958904,playground,d11,playgrounds
wfs:SPIELPLATZPUNKTOGD.2958905,playground,d14,playgrounds
wfs:SPIELPLATZPUNKTOGD.2958906,playground,d02,playgrounds
wfs:SPIELPLATZPUNKTOGD.2958907,playground,d13,playgrounds
wfs:SPIELPLATZPUNKTOGD.2958908,playground,d13,playgrounds
wfs:SPIELPLATZPUNKTOGD.2958909,playground,d16,playgrounds
wfs:SPIELPLATZPUNKTOGD.2958910,playground,d11,playgrounds
wfs:SPIELPLATZPUNKTOGD.2958911,playground,d22,playgrounds
wfs:SPIELPLATZPUNKTOGD.2958912,playground,d04,playgrounds
wfs:SPIELPLATZPUNKTOGD.2958913,playground,d11,playgrounds
wfs:SPIELPLATZPUNKTOGD.2958914,playground,d11,playgrounds
wfs:SPIELPLATZPUNKTOGD.2958915,playground,d11,playgrounds
wfs:SPIELPLATZPUNKTOGD.2958916,playground,d22,playgrounds
wfs:SPIELPLATZPUNKTOGD.2958917,playground,d10,playgrounds
wfs:SPIELPLATZPUNKTOGD.2958918,playground,d15,playgrounds
wfs:SPIELPLATZPUNKTOGD.2958919,playground,d13,playgrounds
wfs:SPIELPLATZPUNKTOGD.2958920,playground,d07,playgrounds
wfs:SPIELPLATZPUNKTOGD.2958921,playground,d03,playgrounds
wfs:SPIELPLATZPUNKTOGD.2958922,playground,d12,playgrounds
wfs:SPIELPLATZPUNKTOGD.2958923,playground,d12,playgrounds
wfs:SPIELPLATZPUNKTOGD.2958924,playground,d09,playgrounds
wfs:SPIELPLATZPUNKTOGD.2958925,playground,d03,playgrounds
wfs:SPIELPLATZPUNKTOGD.2958926,playground,d20,playgrounds
wfs:SPIELPLATZPUNKTOGD.2958927,playground,d21,playgrounds
wfs:SPIELPLATZPUNKTOGD.2958928,playground,d17,playgrounds
wfs:SPIELPLATZPUNKTOGD.2958929,playground,d03,playgrounds
wfs:SPIELPLATZPUNKTOGD.2958960,playground,d22,playgrounds
wfs:SPIELPLATZPUNKTOGD.2958961,playground,d06,playgrounds
wfs:SPIELPLATZPUNKTOGD.2958962,playground,d14,playgrounds
wfs:SPIELPLATZPUNKTOGD.2958963,playground,d10,playgrounds
wfs:SPIELPLATZPUNKTOGD.2958964,playground,d14,playgrounds
wfs:SPIELPLATZPUNKTOGD.2958965,playground,d14,playgrounds
wfs:SPIELPLATZPUNKTOGD.2958966,playground,d04,playgrounds
wfs:SPIELPLATZPUNKTOGD.2958967,playground,d23,playgrounds
wfs:SPIELPLATZPUNKTOGD.2958968,playground,d21,playgrounds
wfs:SPIELPLATZPUNKTOGD.2958969,playground,d21,playgrounds
wfs:SPIELPLATZPUNKTOGD.2958970,playground,d18,playgrounds
wfs:SPIELPLATZPUNKTOGD.2958971,playground,d23,playgrounds
wfs:SPIELPLATZPUNKTOGD.2958972,playground,d11,playgrounds
wfs:SPIELPLATZPUNKTOGD.2958973,playground,d23,playgrounds
wfs:SPIELPLATZPUNKTOGD.2958974,playground,d05,playgrounds
wfs:SPIELPLATZPUNKTOGD.2958975,playground,d21,playgrounds
wfs:SPIELPLATZPUNKTOGD.2958976,playground,d05,playgrounds
wfs:SPIELPLATZPUNKTOGD.2958977,playground,d11,playgrounds
wfs:SPIELPLATZPUNKTOGD.2958978,playground,d23,playgrounds
wfs:SPIELPLATZPUNKTOGD.2958979,playground,d15,playgrounds
wfs:SPIELPLATZPUNKTOGD.2958980,playground,d22,playgrounds
wfs:SPIELPLATZPUNKTOGD.2958981,playground,d11,playgrounds
wfs:SPIELPLATZPUNKTOGD.2958982,playground,d11,playgrounds
wfs:SPIELPLATZPUNKTOGD.2958983,playground,d05,playgrounds
wfs:SPIELPLATZPUNKTOGD.2958984,playground,d19,playgrounds
wfs:SPIELPLATZPUNKTOGD.2958985,playground,d09,playgrounds
wfs:SPIELPLATZPUNKTOGD.2958986,playground,d21,playgrounds
wfs:SPIELPLATZPUNKTOGD.2958987,playground,d21,playgrounds
wfs:SPIELPLATZPUNKTOGD.2958988,playground,d08,playgrounds
wfs:SPIELPLATZPUNKTOGD.2958989,playground,d17,playgrounds
wfs:SPIELPLATZPUNKTOGD.2958990,playground,d19,playgrounds
wfs:SPIELPLATZPUNKTOGD.2958991,playground,d19,playgrounds
wfs:SPIELPLATZPUNKTOGD.2958992,playground,d13,playgrounds
wfs:SPIELPLATZPUNKTOGD.2958993,playground,d12,playgrounds
wfs:SPIELPLATZPUNKTOGD.2958994,playground,d12,playgrounds
wfs:SPIELPLATZPUNKTOGD.2958995,playground,d22,playgrounds
wfs:SPIELPLATZPUNKTOGD.2958996,playground,d15,playgrounds
wfs:SPIELPLATZPUNKTOGD.2958997,playground,d13,playgrounds
wfs:SPIELPLATZPUNKTOGD.2958998,playground,d13,playgrounds
wfs:SPIELPLATZPUNKTOGD.2958999,playground,d13,playgrounds
wfs:SPIELPLATZPUNKTOGD.2959000,playground,d10,playgrounds
wfs:SPIELPLATZPUNKTOGD.2959001,playground,d22,playgrounds
wfs:SPIELPLATZPUNKTOGD.2959002,playground,d02,playgrounds
wfs:SPIELPLATZPUNKTOGD.2959003,playground,d21,playgrounds
wfs:SPIELPLATZPUNKTOGD.2959004,playground,d22,playgrounds
wfs:SPIELPLATZPUNKTOGD.2959005,playground,d10,playgrounds
wfs:SPIELPLATZPUNKTOGD.2959006,playground,d22,playgrounds
wfs:SPIELPLATZPUNKTOGD.2959007,playground,d12,playgrounds
wfs:SPIELPLATZPUNKTOGD.2959008,playground,d05,playgrounds
wfs:SPIELPLATZPUNKTOGD.2959009,playground,d23,playgrounds
wfs:SPIELPLATZPUNKTOGD.2959010,playground,d21,playgrounds
wfs:SPIELPLATZPUNKTOGD.2959011,playground,d10,playgrounds
wfs:SPIELPLATZPUNKTOGD.2959012,playground,d22,playgrounds
wfs:SPIELPLATZPUNKTOGD.2959013,playground,d22,playgrounds
wfs:SPIELPLATZPUNKTOGD.2959014,playground,d10,playgrounds
wfs:SPIELPLATZPUNKTOGD.2959015,playground,d15,playgrounds
wfs:SPIELPLATZPUNKTOGD.2959016,playground,d15,playgrounds
wfs:SPIELPLATZPUNKTOGD.2959017,playground,d09,playgrounds
wfs:SPIELPLATZPUNKTOGD.2959018,playground,d17,playgrounds
wfs:SPIELPLATZPUNKTOGD.2959019,playground,d22,playgrounds
wfs:SPIELPLATZPUNKTOGD.2959020,playground,d04,playgrounds
wfs:SPIELPLATZPUNKTOGD.2959021,playground,d22,playgrounds
wfs:SPIELPLATZPUNKTOGD.2959022,playground,d15,playgrounds
wfs:SPIELPLATZPUNKTOGD.2959023,playground,d03,playgrounds
wfs:SPIELPLATZPUNKTOGD.2959024,playground,d21,playgrounds
wfs:SPIELPLATZPUNKTOGD.2959025,playground,d22,playgrounds
wfs:SPIELPLATZPUNKTOGD.2959026,playground,d18,playgrounds
wfs:SPIELPLATZPUNKTOGD.2959027,playground,d18,playgrounds
wfs:SPIELPLATZPUNKTOGD.2959028,playground,d15,playgrounds
wfs:SPIELPLATZPUNKTOGD.2959029,playground,d07,playgrounds
wfs:SPIELPLATZPUNKTOGD.2959030,playground,d12,playgrounds
wfs:SPIELPLATZPUNKTOGD.2959031,playground,d02,playgrounds
wfs:SPIELPLATZPUNKTOGD.2959032,playground,d04,playgrounds
wfs:SPIELPLATZPUNKTOGD.2959033,playground,d22,playgrounds
wfs:SPIELPLATZPUNKTOGD.2959034,playground,d05,playgrounds
wfs:SPIELPLATZPUNKTOGD.2959035,playground,d07,playgrounds
wfs:SPIELPLATZPUNKTOGD.2959036,playground,d12,playgrounds
wfs:SPIELPLATZPUNKTOGD.2959037,playground,d04,playgrounds
wfs:SPIELPLATZPUNKTOGD.2959038,playground,d04,playgrounds
wfs:SPIELPLATZPUNKTOGD.2959039,playground,d04,playgrounds
wfs:SPIELPLATZPUNKTOGD.2959040,playground,d09,playgrounds
wfs:SPIELPLATZPUNKTOGD.2959041,playground,d21,playgrounds
wfs:SPIELPLATZPUNKTOGD.2959042,playground,d10,playgrounds
wfs:SPIELPLATZPUNKTOGD.2959043,playground,d10,playgrounds
wfs:SPIELPLATZPUNKTOGD.2959044,playground,d19,playgrounds
wfs:SPIELPLATZPUNKTOGD.2959045,playground,d11,playgrounds
wfs:SPIELPLATZPUNKTOGD.2959046,playground,d11,playgrounds
wfs:SPIELPLATZPUNKTOGD.2959047,playground,d11,playgrounds
wfs:SPIELPLATZPUNKTOGD.2959048,playground,d22,playgrounds
wfs:SPIELPLATZPUNKTOGD.2959049,playground,d21,playgrounds
wfs:SPIELPLATZPUNKTOGD.2959050,playground,d02,playgrounds
wfs:SPIELPLATZPUNKTOGD.2959051,playground,d16,playgrounds
wfs:SPIELPLATZPUNKTOGD.2959052,playground,d03,playgrounds
wfs:SPIELPLATZPUNKTOGD.2959053,playground,d21,playgrounds
wfs:SPIELPLATZPUNKTOGD.2959054,playground,d19,playgrounds
wfs:SPIELPLATZPUNKTOGD.2959055,playground,d07,playgrounds
wfs:SPIELPLATZPUNKTOGD.2959056,playground,d22,playgrounds
wfs:SPIELPLATZPUNKTOGD.2960433,playground,d22,playgrounds
wfs:SPIELPLATZPUNKTOGD.2960434,playground,d12,playgrounds
wfs:SPIELPLATZPUNKTOGD.2960435,playground,d21,playgrounds
wfs:SPIELPLATZPUNKTOGD.2960436,playground,d22,playgrounds
wfs:SPIELPLATZPUNKTOGD.2960437,playground,d22,playgrounds
wfs:SPIELPLATZPUNKTOGD.2960438,playground,d23,playgrounds
wfs:SPIELPLATZPUNKTOGD.2960439,playground,d01,playgrounds
wfs:SPIELPLATZPUNKTOGD.2960440,playground,d16,playgrounds
wfs:SPIELPLATZPUNKTOGD.2960441,playground,d22,playgrounds
wfs:SPIELPLATZPUNKTOGD.2960442,playground,d22,playgrounds
wfs:SPIELPLATZPUNKTOGD.2960443,playground,d22,playgrounds
wfs:SPIELPLATZPUNKTOGD.2960444,playground,d22,playgrounds
wfs:SPIELPLATZPUNKTOGD.2960445,playground,d15,playgrounds
wfs:SPIELPLATZPUNKTOGD.2960446,playground,d22,playgrounds
wfs:SPIELPLATZPUNKTOGD.2960447,playground,d22,playgrounds
wfs:SPIELPLATZPUNKTOGD.2960448,playground,d02,playgrounds
wfs:SPIELPLATZPUNKTOGD.2960449,playground,d22,playgrounds
wfs:SPIELPLATZPUNKTOGD.2960450,playground,d10,playgrounds
wfs:SPIELPLATZPUNKTOGD.2960451,playground,d10,playgrounds
wfs:SPIELPLATZPUNKTOGD.2960452,playground,d10,playgrounds
wfs:SPIELPLATZPUNKTOGD.2958930,playground,d06,playgrounds
wfs:SPIELPLATZPUNKTOGD.2958931,playground,d01,playgrounds
wfs:SPIELPLATZPUNKTOGD.2958932,playground,d12,playgrounds
wfs:SPIELPLATZPUNKTOGD.2958933,playground,d21,playgrounds
wfs:SPIELPLATZPUNKTOGD.2958934,playground,d21,playgrounds
wfs:SPIELPLATZPUNKTOGD.2958935,playground,d20,playgrounds
wfs:SPIELPLATZPUNKTOGD.2958936,playground,d12,playgrounds
wfs:SPIELPLATZPUNKTOGD.2958937,playground,d12,playgrounds
wfs:SPIELPLATZPUNKTOGD.2958938,playground,d23,playgrounds
wfs:SPIELPLATZPUNKTOGD.2958939,playground,d21,playgrounds
wfs:SPIELPLATZPUNKTOGD.2958940,playground,d11,playgrounds
wfs:SPIELPLATZPUNKTOGD.2958941,playground,d16,playgrounds
wfs:SPIELPLATZPUNKTOGD.2958942,playground,d20,playgrounds
wfs:SPIELPLATZPUNKTOGD.2958943,playground,d02,playgrounds
wfs:SPIELPLATZPUNKTOGD.2958944,playground,d22,playgrounds
wfs:SPIELPLATZPUNKTOGD.2958945,playground,d17,playgrounds
wfs:SPIELPLATZPUNKTOGD.2958946,playground,d15,playgrounds
wfs:SPIELPLATZPUNKTOGD.2958947,playground,d22,playgrounds
wfs:SPIELPLATZPUNKTOGD.2958948,playground,d18,playgrounds
wfs:SPIELPLATZPUNKTOGD.2958949,playground,d14,playgrounds
wfs:SPIELPLATZPUNKTOGD.2958950,playground,d06,playgrounds
wfs:SPIELPLATZPUNKTOGD.2958951,playground,d16,playgrounds
wfs:SPIELPLATZPUNKTOGD.2958952,playground,d17,playgrounds
wfs:SPIELPLATZPUNKTOGD.2958953,playground,d21,playgrounds
wfs:SPIELPLATZPUNKTOGD.2958954,playground,d11,playgrounds
wfs:SPIELPLATZPUNKTOGD.2958955,playground,d02,playgrounds
wfs:SPIELPLATZPUNKTOGD.2958956,playground,d21,playgrounds
wfs:SPIELPLATZPUNKTOGD.2958957,playground,d10,playgrounds
wfs:SPIELPLATZPUNKTOGD.2958958,playground,d12,playgrounds
wfs:SPIELPLATZPUNKTOGD.2958959,playground,d10,playgrounds
wfs:SPIELPLATZPUNKTOGD.2958692,playground,d21,playgrounds
wfs:SPIELPLATZPUNKTOGD.2958693,playground,d11,playgrounds
wfs:SPIELPLATZPUNKTOGD.2958694,playground,d11,playgrounds
wfs:SPIELPLATZPUNKTOGD.2958695,playground,d11,playgrounds
wfs:SPIELPLATZPUNKTOGD.2958696,playground,d21,playgrounds
wfs:SPIELPLATZPUNKTOGD.2958697,playground,d21,playgrounds
wfs:SPIELPLATZPUNKTOGD.2958698,playground,d05,playgrounds
wfs:SPIELPLATZPUNKTOGD.2958699,playground,d18,playgrounds
wfs:SPIELPLATZPUNKTOGD.2958700,playground,d11,playgrounds
wfs:SPIELPLATZPUNKTOGD.2958701,playground,d22,playgrounds
wfs:SPIELPLATZPUNKTOGD.2958702,playground,d19,playgrounds
wfs:SPIELPLATZPUNKTOGD.2958703,playground,d19,playgrounds
wfs:SPIELPLATZPUNKTOGD.2958704,playground,d11,playgrounds
wfs:SPIELPLATZPUNKTOGD.2958705,playground,d11,playgrounds
wfs:SPIELPLATZPUNKTOGD.2958706,playground,d22,playgrounds
wfs:SPIELPLATZPUNKTOGD.2958707,playground,d22,playgrounds
wfs:SPIELPLATZPUNKTOGD.2958708,playground,d22,playgrounds
wfs:SPIELPLATZPUNKTOGD.2958709,playground,d22,playgrounds
wfs:SPIELPLATZPUNKTOGD.2958710,playground,d19,playgrounds
wfs:SPIELPLATZPUNKTOGD.2958711,playground,d08,playgrounds
wfs:SPIELPLATZPUNKTOGD.2958712,playground,d14,playgrounds
wfs:SPIELPLATZPUNKTOGD.2958713,playground,d13,playgrounds
wfs:SPIELPLATZPUNKTOGD.2958714,playground,d19,playgrounds
wfs:SPIELPLATZPUNKTOGD.2958715,playground,d02,playgrounds
wfs:SPIELPLATZPUNKTOGD.2958716,playground,d16,playgrounds
wfs:SPIELPLATZPUNKTOGD.2958717,playground,d16,playgrounds
wfs:SPIELPLATZPUNKTOGD.2958718,playground,d06,playgrounds
wfs:SPIELPLATZPUNKTOGD.2958719,playground,d09,playgrounds
wfs:SPIELPLATZPUNKTOGD.2958720,playground,d21,playgrounds
wfs:SPIELPLATZPUNKTOGD.2958721,playground,d15,playgrounds
wfs:SPIELPLATZPUNKTOGD.2958722,playground,d20,playgrounds
wfs:SPIELPLATZPUNKTOGD.2958723,playground,d17,playgrounds
wfs:SPIELPLATZPUNKTOGD.2958724,playground,d21,playgrounds
wfs:SPIELPLATZPUNKTOGD.2958725,playground,d21,playgrounds
wfs:SPIELPLATZPUNKTOGD.2958726,playground,d16,playgrounds
wfs:SPIELPLATZPUNKTOGD.2958727,playground,d15,playgrounds
wfs:SPIELPLATZPUNKTOGD.2958728,playground,d23,playgrounds
wfs:SPIELPLATZPUNKTOGD.2958729,playground,d14,playgrounds
wfs:SPIELPLATZPUNKTOGD.2958730,playground,d14,playgrounds
wfs:SPIELPLATZPUNKTOGD.2958731,playground,d16,playgrounds
wfs:SPIELPLATZPUNKTOGD.2958732,playground,d02,playgrounds
wfs:SPIELPLATZPUNKTOGD.2958733,playground,d02,playgrounds
wfs:SPIELPLATZPUNKTOGD.2958734,playground,d02,playgrounds
wfs:SPIELPLATZPUNKTOGD.2958735,playground,d19,playgrounds
wfs:SPIELPLATZPUNKTOGD.2958736,playground,d15,playgrounds
wfs:SPIELPLATZPUNKTOGD.2958737,playground,d17,playgrounds
wfs:SPIELPLATZPUNKTOGD.2958738,playground,d20,playgrounds
wfs:SPIELPLATZPUNKTOGD.2958739,playground,d09,playgrounds
wfs:SPIELPLATZPUNKTOGD.2958740,playground,d19,playgrounds
wfs:SPIELPLATZPUNKTOGD.2958741,playground,d14,playgrounds
wfs:SPIELPLATZPUNKTOGD.2958742,playground,d10,playgrounds
wfs:SPIELPLATZPUNKTOGD.2958743,playground,d02,playgrounds
wfs:SPIELPLATZPUNKTOGD.2958744,playground,d02,playgrounds
wfs:SPIELPLATZPUNKTOGD.2958745,playground,d02,playgrounds
wfs:SPIELPLATZPUNKTOGD.2958746,playground,d02,playgrounds
wfs:SPIELPLATZPUNKTOGD.2958747,playground,d22,playgrounds
wfs:SPIELPLATZPUNKTOGD.2958748,playground,d22,playgrounds
wfs:SPIELPLATZPUNKTOGD.2958749,playground,d22,playgrounds
wfs:SPIELPLATZPUNKTOGD.2958750,playground,d22,playgrounds
wfs:SPIELPLATZPUNKTOGD.2958751,playground,d02,playgrounds
wfs:SPIELPLATZPUNKTOGD.2958752,playground,d14,playgrounds
wfs:SPIELPLATZPUNKTOGD.2958753,playground,d10,playgrounds
wfs:SPIELPLATZPUNKTOGD.2958754,playground,d11,playgrounds
wfs:SPIELPLATZPUNKTOGD.2958755,playground,d14,playgrounds
wfs:SPIELPLATZPUNKTOGD.2958756,playground,d15,playgrounds
wfs:SPIELPLATZPUNKTOGD.2958757,playground,d22,playgrounds
wfs:SPIELPLATZPUNKTOGD.2958758,playground,d10,playgrounds
wfs:SPIELPLATZPUNKTOGD.2958759,playground,d20,playgrounds
wfs:SPIELPLATZPUNKTOGD.2958760,playground,d12,playgrounds
wfs:SPIELPLATZPUNKTOGD.2958761,playground,d21,playgrounds
wfs:SPIELPLATZPUNKTOGD.2958762,playground,d17,playgrounds
wfs:SPIELPLATZPUNKTOGD.2958763,playground,d02,playgrounds
wfs:SPIELPLATZPUNKTOGD.2958764,playground,d23,playgrounds
wfs:SPIELPLATZPUNKTOGD.2958765,playground,d03,playgrounds
wfs:SPIELPLATZPUNKTOGD.2958766,playground,d23,playgrounds
wfs:SPIELPLATZPUNKTOGD.2958767,playground,d22,playgrounds
wfs:SPIELPLATZPUNKTOGD.2958768,playground,d10,playgrounds
wfs:SPIELPLATZPUNKTOGD.2958769,playground,d02,playgrounds
wfs:SPIELPLATZPUNKTOGD.2958770,playground,d02,playgrounds
wfs:SPIELPLATZPUNKTOGD.2958771,playground,d02,playgrounds
wfs:SPIELPLATZPUNKTOGD.2958772,playground,d20,playgrounds
wfs:SPIELPLATZPUNKTOGD.2958773,playground,d03,playgrounds
wfs:SPIELPLATZPUNKTOGD.2958774,playground,d03,playgrounds
wfs:SPIELPLATZPUNKTOGD.2958775,playground,d03,playgrounds
wfs:SPIELPLATZPUNKTOGD.2958776,playground,d03,playgrounds
wfs:SPIELPLATZPUNKTOGD.2958777,playground,d03,playgrounds
wfs:SPIELPLATZPUNKTOGD.2958778,playground,d22,playgrounds
wfs:SPIELPLATZPUNKTOGD.2958779,playground,d22,playgrounds
wfs:SPIELPLATZPUNKTOGD.2958780,playground,d22,playgrounds
wfs:SPIELPLATZPUNKTOGD.2958781,playground,d21,playgrounds
wfs:SPIELPLATZPUNKTOGD.2958782,playground,d02,playgrounds
wfs:SPIELPLATZPUNKTOGD.2958783,playground,d05,playgrounds
wfs:SPIELPLATZPUNKTOGD.2958784,playground,d05,playgrounds
wfs:SPIELPLATZPUNKTOGD.2958785,playground,d07,playgrounds
wfs:SPIELPLATZPUNKTOGD.2958786,playground,d18,playgrounds
wfs:SPIELPLATZPUNKTOGD.2958787,playground,d03,playgrounds
wfs:SPIELPLATZPUNKTOGD.2958788,playground,d15,playgrounds
wfs:SPIELPLATZPUNKTOGD.2958789,playground,d11,playgrounds
wfs:SPIELPLATZPUNKTOGD.2958790,playground,d21,playgrounds
wfs:SPIELPLATZPUNKTOGD.2958791,playground,d16,playgrounds
wfs:SPIELPLATZPUNKTOGD.2958792,playground,d06,playgrounds
wfs:SPIELPLATZPUNKTOGD.2958793,playground,d10,playgrounds
wfs:SPIELPLATZPUNKTOGD.2958794,playground,d15,playgrounds
wfs:SPIELPLATZPUNKTOGD.2958795,playground,d10,playgrounds
wfs:SPIELPLATZPUNKTOGD.2958796,playground,d19,playgrounds
wfs:SPIELPLATZPUNKTOGD.2958797,playground,d02,playgrounds
wfs:SPIELPLATZPUNKTOGD.2958798,playground,d02,playgrounds
wfs:SPIELPLATZPUNKTOGD.2958799,playground,d02,playgrounds
wfs:SPIELPLATZPUNKTOGD.2958800,playground,d21,playgrounds
wfs:SPIELPLATZPUNKTOGD.2958801,playground,d04,playgrounds
wfs:SPIELPLATZPUNKTOGD.2958802,playground,d02,playgrounds
wfs:SPIELPLATZPUNKTOGD.2958803,playground,d20,playgrounds
wfs:SPIELPLATZPUNKTOGD.2958804,playground,d21,playgrounds
wfs:SPIELPLATZPUNKTOGD.2958805,playground,d21,playgrounds
wfs:SPIELPLATZPUNKTOGD.2958806,playground,d18,playgrounds
wfs:SPIELPLATZPUNKTOGD.2958807,playground,d18,playgrounds
wfs:SPIELPLATZPUNKTOGD.2958808,playground,d18,playgrounds
wfs:SPIELPLATZPUNKTOGD.2958809,playground,d18,playgrounds
wfs:SPIELPLATZPUNKTOGD.2958810,playground,d18,playgrounds
wfs:SPIELPLATZPUNKTOGD.2958811,playground,d20,playgrounds
wfs:SPIELPLATZPUNKTOGD.2958812,playground,d16,playgrounds
wfs:SPIELPLATZPUNKTOGD.2958813,playground,d13,playgrounds
wfs:SPIELPLATZPUNKTOGD.2958814,playground,d16,playgrounds
wfs:SPIELPLATZPUNKTOGD.2958815,playground,d16,playgrounds
wfs:SPIELPLATZPUNKTOGD.2958816,playground,d21,playgrounds
wfs:SPIELPLATZPUNKTOGD.2958817,playground,d08,playgrounds
wfs:SPIELPLATZPUNKTOGD.2958818,playground,d19,playgrounds
wfs:SPIELPLATZPUNKTOGD.2958819,playground,d22,playgrounds
wfs:SPIELPLATZPUNKTOGD.2958820,playground,d23,playgrounds
wfs:SPIELPLATZPUNKTOGD.2958821,playground,d22,playgrounds
wfs:SPIELPLATZPUNKTOGD.2958822,playground,d21,playgrounds
wfs:SPIELPLATZPUNKTOGD.2958823,playground,d15,playgrounds
wfs:SPIELPLATZPUNKTOGD.2958824,playground,d17,playgrounds
wfs:SPIELPLATZPUNKTOGD.2958825,playground,d11,playgrounds
wfs:SPIELPLATZPUNKTOGD.2958826,playground,d11,playgrounds
wfs:SPIELPLATZPUNKTOGD.2958827,playground,d21,playgrounds
wfs:SPIELPLATZPUNKTOGD.2958828,playground,d21,playgrounds
wfs:SPIELPLATZPUNKTOGD.2958829,playground,d21,playgrounds
wfs:SPIELPLATZPUNKTOGD.2958830,playground,d02,playgrounds
wfs:SPIELPLATZPUNKTOGD.2958831,playground,d14,playgrounds
wfs:SPIELPLATZPUNKTOGD.2958832,playground,d07,playgrounds
wfs:SPIELPLATZPUNKTOGD.2958833,playground,d14,playgrounds
wfs:SPIELPLATZPUNKTOGD.2958834,playground,d14,playgrounds
wfs:SPIELPLATZPUNKTOGD.2958835,playground,d14,playgrounds
wfs:SPIELPLATZPUNKTOGD.2958836,playground,d10,playgrounds
wfs:SPIELPLATZPUNKTOGD.2958837,playground,d10,playgrounds
wfs:SPIELPLATZPUNKTOGD.2958838,playground,d10,playgrounds
wfs:SPIELPLATZPUNKTOGD.2958839,playground,d17,playgrounds
wfs:SPIELPLATZPUNKTOGD.2958840,playground,d16,playgrounds
wfs:SPIELPLATZPUNKTOGD.2958841,playground,d21,playgrounds
wfs:SPIELPLATZPUNKTOGD.2958842,playground,d05,playgrounds
wfs:SPIELPLATZPUNKTOGD.2958843,playground,d09,playgrounds
wfs:SPIELPLATZPUNKTOGD.2958844,playground,d13,playgrounds
wfs:SPIELPLATZPUNKTOGD.2958845,playground,d13,playgrounds
wfs:SPIELPLATZPUNKTOGD.2958846,playground,d02,playgrounds
wfs:SPIELPLATZPUNKTOGD.2958847,playground,d02,playgrounds
wfs:SPIELPLATZPUNKTOGD.2958848,playground,d02,playgrounds
wfs:SPIELPLATZPUNKTOGD.2958849,playground,d02,playgrounds
wfs:SPIELPLATZPUNKTOGD.2958850,playground,d13,playgrounds
wfs:SPIELPLATZPUNKTOGD.2958851,playground,d23,playgrounds
wfs:SPIELPLATZPUNKTOGD.2958852,playground,d20,playgrounds
wfs:SPIELPLATZPUNKTOGD.2958853,playground,d22,playgrounds
wfs:SPIELPLATZPUNKTOGD.2958854,playground,d21,playgrounds
wfs:SPIELPLATZPUNKTOGD.2958855,playground,d13,playgrounds
wfs:SPIELPLATZPUNKTOGD.2958856,playground,d22,playgrounds
wfs:SPIELPLATZPUNKTOGD.2958857,playground,d19,playgrounds
wfs:SPIELPLATZPUNKTOGD.2958858,playground,d19,playgrounds
wfs:SPIELPLATZPUNKTOGD.2958859,playground,d05,playgrounds
wfs:SPIELPLATZPUNKTOGD.2958860,playground,d05,playgrounds
wfs:SPIELPLATZPUNKTOGD.2958861,playground,d10,playgrounds
wfs:SPIELPLATZPUNKTOGD.2958862,playground,d17,playgrounds
wfs:SPIELPLATZPUNKTOGD.2958863,playground,d17,playgrounds
wfs:SPIELPLATZPUNKTOGD.2958864,playground,d22,playgrounds
wfs:SPIELPLATZPUNKTOGD.2958865,playground,d02,playgrounds
wfs:SPIELPLATZPUNKTOGD.2958866,playground,d03,playgrounds
wfs:SPIELPLATZPUNKTOGD.2958867,playground,d15,playgrounds
wfs:SPIELPLATZPUNKTOGD.2958868,playground,d15,playgrounds
osm:node/46823888,restaurant,d15,osm
osm:node/46823910,restaurant,d15,osm
osm:node/46823914,cafe,d15,osm
osm:node/46823935,restaurant,d15,osm
osm:node/46823962,restaurant,d15,osm
osm:node/55411636,restaurant,d02,osm
osm:node/60648368,restaurant,d07,osm
osm:node/76469902,restaurant,d03,osm
osm:node/76470536,cafe,d03,osm
osm:node/76514684,restaurant,d01,osm
osm:node/76515393,cafe,d01,osm
osm:node/76518712,restaurant,d01,osm
osm:node/76656467,restaurant,d03,osm
osm:node/81609136,restaurant,d21,osm
osm:node/83453802,sports_centre,d21,osm
osm:node/106061288,restaurant,d16,osm
osm:node/115180054,fitness_centre,d03,osm
osm:node/115513011,cafe,d03,osm
osm:node/119371746,restaurant,d03,osm
osm:node/126502432,restaurant,d16,osm
osm:node/138297090,restaurant,d15,osm
osm:node/139128641,restaurant,d12,osm
osm:node/146317179,restaurant,d09,osm
osm:node/146317846,cafe,d09,osm
osm:node/146340019,restaurant,d09,osm
osm:node/154622635,restaurant,d03,osm
osm:node/154622735,restaurant,d03,osm
osm:node/217881130,restaurant,d16,osm
osm:node/236858381,restaurant,d03,osm
osm:node/244496511,restaurant,d08,osm
osm:node/244496574,pub,d08,osm
osm:node/244497017,restaurant,d07,osm
osm:node/244497023,cafe,d07,osm
osm:node/244497161,restaurant,d07,osm
osm:node/244497172,restaurant,d07,osm
osm:node/244497186,restaurant,d07,osm
osm:node/244522889,cafe,d08,osm
osm:node/245495351,restaurant,d16,osm
osm:node/246836952,restaurant,d07,osm
osm:node/248529367,restaurant,d17,osm
osm:node/249485841,restaurant,d18,osm
osm:node/249485842,restaurant,d18,osm
osm:node/249568684,restaurant,d16,osm
osm:node/249711653,cafe,d04,osm
osm:node/249711654,restaurant,d04,osm
osm:node/249711655,restaurant,d04,osm
osm:node/249733140,cafe,d20,osm
osm:node/249884081,restaurant,d18,osm
osm:node/250077138,restaurant,d18,osm
osm:node/250380570,restaurant,d03,osm
osm:node/251523468,restaurant,d18,osm
osm:node/252467398,restaurant,d18,osm
osm:node/252467399,restaurant,d18,osm
osm:node/252549221,pub,d15,osm
osm:node/252549228,restaurant,d15,osm
osm:node/252549230,restaurant,d15,osm
osm:node/254640433,fitness_centre,d15,osm
osm:node/254904592,restaurant,d12,osm
osm:node/256669740,cafe,d07,osm
osm:node/256669781,cafe,d07,osm
osm:node/256669819,restaurant,d07,osm
osm:node/256669972,pub,d07,osm
osm:node/257613384,restaurant,d08,osm
osm:node/259640958,cafe,d02,osm
osm:node/259641273,restaurant,d02,osm
osm:node/260990967,restaurant,d14,osm
osm:node/265002408,cafe,d13,osm
osm:node/266281901,restaurant,d22,osm
osm:node/267244783,pub,d01,osm
osm:node/267263160,restaurant,d12,osm
osm:node/267275362,pub,d02,osm
osm:node/268500778,restaurant,d02,osm
osm:node/269208762,restaurant,d01,osm
osm:node/269208764,restaurant,d01,osm
osm:node/269209054,cafe,d01,osm
osm:node/269209069,nightclub,d01,osm
osm:node/269542815,pub,d18,osm
osm:node/269904458,cafe,d12,osm
osm:node/270066222,restaurant,d01,osm
osm:node/271817593,cafe,d21,osm
osm:node/276184676,sports_centre,d15,osm
osm:node/277843035,restaurant,d04,osm
osm:node/278113676,fitness_centre,d07,osm
osm:node/279452021,cafe,d04,osm
osm:node/280812411,restaurant,d18,osm
osm:node/280813671,restaurant,d18,osm
osm:node/281295823,restaurant,d19,osm
osm:node/281657531,pub,d04,osm
osm:node/283318282,restaurant,d21,osm
osm:node/286557366,restaurant,d17,osm
osm:node/288015983,restaurant,d18,osm
osm:node/288015984,restaurant,d18,osm
osm:node/288089459,restaurant,d14,osm
osm:node/288187563,cafe,d18,osm
osm:node/288643493,restaurant,d13,osm
osm:node/289642463,cafe,d15,osm
osm:node/289642464,cafe,d15,osm
osm:node/289942099,cafe,d23,osm
osm:node/289943660,restaurant,d23,osm
osm:node/290257793,restaurant,d05,osm
osm:node/290481672,restaurant,d13,osm
osm:node/291576552,restaurant,d19,osm
osm:node/291765444,restaurant,d05,osm
osm:node/294137696,restaurant,d08,osm
osm:node/294285276,restaurant,d22,osm
osm:node/294507916,cafe,d19,osm
osm:node/295386885,restaurant,d20,osm
osm:node/295387954,restaurant,d20,osm
osm:node/295413442,cafe,d18,osm
osm:node/295413458,pub,d18,osm
osm:node/295413460,restaurant,d18,osm
osm:node/295811116,pub,d07,osm
osm:node/295929282,pub,d06,osm
osm:node/296854420,restaurant,d09,osm
osm:node/296920676,restaurant,d17,osm
osm:node/297160436,cafe,d15,osm
osm:node/297478688,cafe,d04,osm
osm:node/297783442,nightclub,d04,osm
osm:node/298163080,restaurant,d23,osm
osm:node/298347612,restaurant,d04,osm
osm:node/298620530,restaurant,d22,osm
osm:node/298713610,restaurant,d01,osm
osm:node/299893744,restaurant,d03,osm
osm:node/301428914,restaurant,d23,osm
osm:node/301430742,restaurant,d23,osm
osm:node/301431463,restaurant,d23,osm
osm:node/302734708,bar,d15,osm
osm:node/303507170,restaurant,d06,osm
osm:node/304983570,restaurant,d19,osm
osm:node/306005700,restaurant,d18,osm
osm:node/306005705,pub,d18,osm
osm:node/306016537,restaurant,d09,osm
osm:node/306083017,restaurant,d09,osm
osm:node/306095249,restaurant,d04,osm
osm:node/307433233,restaurant,d04,osm
osm:node/307643605,restaurant,d02,osm
osm:node/307643606,restaurant,d20,osm
osm:node/308111492,restaurant,d08,osm
osm:node/309293361,restaurant,d16,osm
osm:node/309293363,pub,d16,osm
osm:node/309293364,bar,d04,osm
osm:node/310192247,pub,d06,osm
osm:node/310649397,pub,d04,osm
osm:node/310676113,restaurant,d18,osm
osm:node/311283080,cafe,d09,osm
osm:node/311283313,restaurant,d09,osm
osm:node/311536058,restaurant,d07,osm
osm:node/311562414,restaurant,d09,osm
osm:node/311820993,pub,d10,osm
osm:node/311821005,restaurant,d10,osm
osm:node/311875082,restaurant,d21,osm
osm:node/312073547,restaurant,d18,osm
osm:node/313010814,fitness_centre,d22,osm
osm:node/313351706,restaurant,d06,osm
osm:node/313955132,restaurant,d09,osm
osm:node/315337583,restaurant,d07,osm
osm:node/315893443,pub,d07,osm
osm:node/315986749,restaurant,d08,osm
osm:node/315986941,cafe,d08,osm
osm:node/315987356,restaurant,d07,osm
osm:node/316011440,restaurant,d02,osm
osm:node/316012422,pub,d02,osm
osm:node/316407266,restaurant,d12,osm
osm:node/316683922,restaurant,d02,osm
osm:node/317080908,restaurant,d21,osm
osm:node/317767122,restaurant,d07,osm
osm:node/317767352,cafe,d09,osm
osm:node/317815743,cafe,d06,osm
osm:node/318023658,cafe,d09,osm
osm:node/318023660,restaurant,d07,osm
osm:node/318297340,cafe,d01,osm
osm:node/318456944,restaurant,d18,osm
osm:node/319734659,cafe,d01,osm
osm:node/319735103,cafe,d01,osm
osm:node/319755259,restaurant,d19,osm
osm:node/321241248,restaurant,d06,osm
osm:node/321595780,pub,d01,osm
osm:node/323058537,cafe,d22,osm
osm:node/323060577,restaurant,d02,osm
osm:node/323060590,restaurant,d02,osm
osm:node/323060637,restaurant,d02,osm
osm:node/323177975,pub,d07,osm
osm:node/323243151,cafe,d23,osm
osm:node/323661731,cafe,d09,osm
osm:node/323672015,pub,d09,osm
osm:node/324188355,restaurant,d09,osm
osm:node/324479730,fitness_centre,d07,osm
osm:node/325140051,cafe,d07,osm
osm:node/325148691,restaurant,d08,osm
osm:node/326889002,bar,d09,osm
osm:node/329464821,cafe,d01,osm
osm:node/330273415,restaurant,d18,osm
osm:node/330375942,restaurant,d09,osm
osm:node/331584946,restaurant,d08,osm
osm:node/331855628,cafe,d09,osm
osm:node/332254536,restaurant,d22,osm
osm:node/332309218,restaurant,d18,osm
osm:node/332412903,restaurant,d09,osm
osm:node/333052979,cafe,d20,osm
osm:node/333121653,restaurant,d20,osm
osm:node/333371991,bar,d16,osm
osm:node/333532257,restaurant,d04,osm
osm:node/333539957,cafe,d09,osm
osm:node/333640319,restaurant,d20,osm
osm:node/333641376,restaurant,d20,osm
osm:node/333653457,pub,d15,osm
osm:node/333655633,restaurant,d07,osm
osm:node/333655634,restaurant,d07,osm
osm:node/333655635,restaurant,d07,osm
osm:node/333672130,restaurant,d03,osm
osm:node/333696995,cafe,d20,osm
osm:node/334230868,restaurant,d18,osm
osm:node/334236925,restaurant,d07,osm
osm:node/334355382,pub,d09,osm
osm:node/334390933,pub,d01,osm
osm:node/334497913,cafe,d19,osm
osm:node/334634698,restaurant,d01,osm
osm:node/334634963,restaurant,d01,osm
osm:node/334636027,restaurant,d01,osm
osm:node/334641013,pub,d01,osm
osm:node/334756752,restaurant,d18,osm
osm:node/334793287,cafe,d13,osm
osm:node/334795583,restaurant,d13,osm
osm:node/334800902,cafe,d13,osm
osm:node/335296359,restaurant,d20,osm
osm:node/335317816,restaurant,d20,osm
osm:node/335654627,restaurant,d10,osm
osm:node/335933214,restaurant,d02,osm
osm:node/335937019,restaurant,d02,osm
osm:node/336003485,restaurant,d17,osm
osm:node/336005050,restaurant,d19,osm
osm:node/336038309,restaurant,d11,osm
osm:node/336038681,sports_centre,d11,osm
osm:node/336094131,restaurant,d19,osm
osm:node/336244940,restaurant,d02,osm
osm:node/336250391,restaurant,d02,osm
osm:node/337468339,cafe,d19,osm
osm:node/337934421,restaurant,d18,osm
osm:node/337947384,pub,d02,osm
osm:node/337947389,bar,d02,osm
osm:node/337947392,nightclub,d02,osm
osm:node/338287510,restaurant,d12,osm
osm:node/338293881,restaurant,d12,osm
osm:node/338470656,restaurant,d02,osm
osm:node/338470657,pub,d02,osm
osm:node/338470662,restaurant,d02,osm
osm:node/338470667,restaurant,d02,osm
osm:node/338470669,restaurant,d02,osm
osm:node/338470672,restaurant,d02,osm
osm:node/338470676,pub,d02,osm
osm:node/338470684,cafe,d02,osm
osm:node/338470686,restaurant,d02,osm
osm:node/338470689,cafe,d02,osm
osm:node/338473232,pub,d02,osm
osm:node/338473236,bar,d02,osm
osm:node/338525606,cafe,d03,osm
osm:node/339910920,cafe,d01,osm
osm:node/340069340,restaurant,d04,osm
osm:node/340070539,restaurant,d08,osm
osm:node/340216977,restaurant,d03,osm
osm:node/341255640,cafe,d09,osm
osm:node/342245314,restaurant,d21,osm
osm:node/342288876,restaurant,d08,osm
osm:node/342301304,restaurant,d03,osm
osm:node/342301942,restaurant,d03,osm
osm:node/342302681,restaurant,d03,osm
osm:node/342303156,restaurant,d03,osm
osm:node/342303837,restaurant,d03,osm
osm:node/342304875,restaurant,d03,osm
osm:node/342305562,restaurant,d03,osm
osm:node/342305687,restaurant,d03,osm
osm:node/342306706,cafe,d03,osm
osm:node/342306957,cafe,d03,osm
osm:node/342308867,restaurant,d03,osm
osm:node/342370822,restaurant,d21,osm
osm:node/342372654,restaurant,d21,osm
osm:node/343320228,restaurant,d01,osm
osm:node/343347085,restaurant,d09,osm
osm:node/344481901,cafe,d09,osm
osm:node/344482365,restaurant,d09,osm
osm:node/344491374,restaurant,d02,osm
osm:node/344621456,restaurant,d11,osm
osm:node/344666078,cafe,d03,osm
osm:node/344666762,pub,d03,osm
osm:node/344667725,sports_centre,d03,osm
osm:node/344671406,restaurant,d03,osm
osm:node/344872252,cafe,d21,osm
osm:node/344923915,cafe,d03,osm
osm:node/344925907,restaurant,d03,osm
osm:node/344926482,restaurant,d03,osm
osm:node/344927480,cafe,d03,osm
osm:node/344929843,cafe,d21,osm
osm:node/344930884,restaurant,d21,osm
osm:node/344931801,cafe,d21,osm
osm:node/344983588,restaurant,d11,osm
osm:node/345289488,bar,d01,osm
osm:node/345298530,cafe,d01,osm
osm:node/345622346,restaurant,d08,osm
osm:node/345682057,restaurant,d21,osm
osm:node/345758417,pub,d02,osm
osm:node/346144460,pub,d11,osm
osm:node/346279199,restaurant,d17,osm
osm:node/347403008,restaurant,d21,osm
osm:node/347403015,restaurant,d21,osm
osm:node/347442567,bar,d11,osm
osm:node/349242464,cafe,d01,osm
osm:node/350449333,restaurant,d09,osm
osm:node/350646644,nightclub,d07,osm
osm:node/351628384,cafe,d06,osm
osm:node/352270388,bar,d11,osm
osm:node/352545403,restaurant,d03,osm
osm:node/352725976,restaurant,d21,osm
osm:node/352985492,cafe,d21,osm
osm:node/353071638,cafe,d21,osm
osm:node/353077280,restaurant,d21,osm
osm:node/353282827,nightclub,d01,osm
osm:node/353834931,restaurant,d11,osm
osm:node/353893638,restaurant,d12,osm
osm:node/354501505,restaurant,d02,osm
osm:node/354558151,pub,d21,osm
osm:node/355123976,restaurant,d06,osm
osm:node/355211469,cafe,d17,osm
osm:node/355686988,restaurant,d09,osm
osm:node/356280748,restaurant,d09,osm
osm:node/356308812,restaurant,d21,osm
osm:node/356313158,cafe,d21,osm
osm:node/356313837,pub,d21,osm
osm:node/356746043,pub,d01,osm
osm:node/356892384,restaurant,d02,osm
osm:node/356892391,cafe,d02,osm
osm:node/358089451,restaurant,d06,osm
osm:node/358546165,restaurant,d04,osm
osm:node/358546222,restaurant,d04,osm
osm:node/359238262,restaurant,d01,osm
osm:node/359238264,restaurant,d01,osm
osm:node/360183913,restaurant,d21,osm
osm:node/360184046,restaurant,d21,osm
osm:node/360187254,restaurant,d21,osm
osm:node/360192261,cafe,d21,osm
osm:node/361527735,cafe,d17,osm
osm:node/361528151,pub,d17,osm
osm:node/361528538,restaurant,d17,osm
osm:node/361528726,pub,d17,osm
osm:node/362372212,cafe,d11,osm
osm:node/363281553,restaurant,d20,osm
osm:node/363281556,restaurant,d20,osm
osm:node/364040659,restaurant,d16,osm
osm:node/364439550,cafe,d21,osm
osm:node/365305618,restaurant,d07,osm
osm:node/365859732,restaurant,d01,osm
osm:node/365865111,restaurant,d01,osm
osm:node/365865114,restaurant,d01,osm
osm:node/365947932,cafe,d21,osm
osm:node/365948633,restaurant,d21,osm
osm:node/366220354,cafe,d02,osm
osm:node/366220850,restaurant,d02,osm
osm:node/366223123,restaurant,d04,osm
osm:node/366223947,restaurant,d04,osm
osm:node/366224622,restaurant,d04,osm
osm:node/366550146,restaurant,d02,osm
osm:node/367390337,restaurant,d01,osm
osm:node/367817578,cafe,d02,osm
osm:node/367850770,cafe,d01,osm
osm:node/367992124,restaurant,d21,osm
osm:node/367997616,cafe,d21,osm
osm:node/368276452,restaurant,d18,osm
osm:node/370358446,nightclub,d03,osm
osm:node/370438683,cafe,d18,osm
osm:node/370483984,restaurant,d11,osm
osm:node/370521980,cafe,d21,osm
osm:node/370523406,restaurant,d14,osm
osm:node/370653407,restaurant,d22,osm
osm:node/370833407,restaurant,d21,osm
osm:node/370931029,pub,d04,osm
osm:node/370931244,pub,d01,osm
osm:node/371798859,restaurant,d19,osm
osm:node/373470635,restaurant,d02,osm
osm:node/373480650,restaurant,d02,osm
osm:node/373550671,cafe,d06,osm
osm:node/373550674,restaurant,d13,osm
osm:node/374485605,restaurant,d03,osm
osm:node/374572757,restaurant,d03,osm
osm:node/374572860,restaurant,d03,osm
osm:node/374723778,restaurant,d03,osm
osm:node/374756697,pub,d03,osm
osm:node/375844890,pub,d09,osm
osm:node/375990308,restaurant,d17,osm
osm:node/380762894,cafe,d21,osm
osm:node/380765915,restaurant,d21,osm
osm:node/380840764,nightclub,d17,osm
osm:node/380842186,bar,d17,osm
osm:node/381909771,restaurant,d02,osm
osm:node/382371488,pub,d06,osm
osm:node/385285783,bar,d01,osm
osm:node/386115006,restaurant,d18,osm
osm:node/390020832,restaurant,d21,osm
osm:node/392031212,sports_centre,d21,osm
osm:node/392032121,restaurant,d21,osm
osm:node/392046634,restaurant,d21,osm
osm:node/394053172,cafe,d01,osm
osm:node/394941622,cafe,d01,osm
osm:node/394941625,cafe,d01,osm
osm:node/394941626,restaurant,d01,osm
osm:node/395492367,restaurant,d03,osm
osm:node/398597854,restaurant,d02,osm
osm:node/398603916,restaurant,d02,osm
osm:node/401268104,restaurant,d08,osm
osm:node/402504350,restaurant,d10,osm
osm:node/403107779,restaurant,d16,osm
osm:node/406361098,restaurant,d04,osm
osm:node/409168050,cafe,d07,osm
osm:node/409168053,bar,d06,osm
osm:node/409168057,cafe,d04,osm
osm:node/409188522,restaurant,d05,osm
osm:node/409188525,pub,d06,osm
osm:node/409188527,cafe,d05,osm
osm:node/409188534,cafe,d06,osm
osm:node/409188535,bar,d06,osm
osm:node/409188537,restaurant,d06,osm
osm:node/409188538,cafe,d04,osm
osm:node/409188539,restaurant,d04,osm
osm:node/409230019,pub,d08,osm
osm:node/410455891,restaurant,d03,osm
osm:node/410689272,restaurant,d10,osm
osm:node/410711013,restaurant,d16,osm
osm:node/410711016,restaurant,d16,osm
osm:node/410711018,pub,d16,osm
osm:node/410753771,pub,d01,osm
osm:node/411753258,restaurant,d03,osm
osm:node/411757173,restaurant,d01,osm
osm:node/412345248,restaurant,d04,osm
osm:node/412345268,bar,d04,osm
osm:node/412568587,restaurant,d03,osm
osm:node/412862778,restaurant,d01,osm
osm:node/413128344,restaurant,d01,osm
osm:node/414714707,restaurant,d21,osm
osm:node/415357334,cafe,d22,osm
osm:node/415409740,bar,d07,osm
osm:node/415409756,restaurant,d07,osm
osm:node/415627424,restaurant,d21,osm
osm:node/415889061,restaurant,d01,osm
osm:node/415889385,restaurant,d01,osm
osm:node/415906772,cafe,d07,osm
osm:node/417310013,restaurant,d11,osm
osm:node/417340746,restaurant,d11,osm
osm:node/417751930,restaurant,d07,osm
osm:node/417751931,restaurant,d07,osm
osm:node/417751940,cafe,d05,osm
osm:node/417751942,pub,d04,osm
osm:node/417865183,pub,d19,osm
osm:node/417883472,restaurant,d19,osm
osm:node/418134093,restaurant,d01,osm
osm:node/418164970,restaurant,d01,osm
osm:node/418185343,restaurant,d22,osm
osm:node/418743589,restaurant,d16,osm
osm:node/419114021,pub,d17,osm
osm:node/419240555,cafe,d01,osm
osm:node/419289410,restaurant,d05,osm
osm:node/419294544,restaurant,d05,osm
osm:node/420021014,restaurant,d20,osm
osm:node/420021015,pub,d20,osm
osm:node/423005402,restaurant,d04,osm
osm:node/423005412,cafe,d04,osm
osm:node/423005424,restaurant,d04,osm
osm:node/423005429,restaurant,d04,osm
osm:node/425448602,cafe,d01,osm
osm:node/426869281,restaurant,d22,osm
osm:node/428023078,restaurant,d18,osm
osm:node/428028612,cafe,d18,osm
osm:node/430383191,restaurant,d13,osm
osm:node/430384039,restaurant,d13,osm
osm:node/430384865,restaurant,d13,osm
osm:node/430388313,pub,d13,osm
osm:node/430388832,restaurant,d13,osm
osm:node/432692936,pub,d07,osm
osm:node/434487717,pub,d03,osm
osm:node/437164262,restaurant,d01,osm
osm:node/437164275,restaurant,d01,osm
osm:node/437993816,restaurant,d06,osm
osm:node/440396315,cafe,d01,osm
osm:node/441075962,pub,d15,osm
osm:node/441230552,restaurant,d07,osm
osm:node/441576820,restaurant,d15,osm
osm:node/441576825,cafe,d15,osm
osm:node/441577404,restaurant,d15,osm
osm:node/441595498,pub,d03,osm
osm:node/441595499,restaurant,d03,osm
osm:node/441696299,cafe,d09,osm
osm:node/441752543,restaurant,d15,osm
osm:node/441752550,restaurant,d16,osm
osm:node/441752555,restaurant,d15,osm
osm:node/441768597,restaurant,d15,osm
osm:node/442046095,cafe,d19,osm
osm:node/442051738,cafe,d19,osm
osm:node/442052509,restaurant,d19,osm
osm:node/442053766,restaurant,d19,osm
osm:node/442054259,restaurant,d19,osm
osm:node/442056679,restaurant,d15,osm
osm:node/442056989,restaurant,d15,osm
osm:node/442059975,cafe,d15,osm
osm:node/442060467,bar,d15,osm
osm:node/442065626,restaurant,d15,osm
osm:node/442443224,cafe,d07,osm
osm:node/442541342,restaurant,d15,osm
osm:node/442541444,restaurant,d07,osm
osm:node/442542434,restaurant,d07,osm
osm:node/442542985,restaurant,d07,osm
osm:node/442546268,restaurant,d07,osm
osm:node/442551000,restaurant,d15,osm
osm:node/442564943,restaurant,d07,osm
osm:node/442567405,restaurant,d07,osm
osm:node/442567957,restaurant,d07,osm
osm:node/442568337,restaurant,d07,osm
osm:node/442569612,restaurant,d07,osm
osm:node/442570132,restaurant,d07,osm
osm:node/442571315,restaurant,d07,osm
osm:node/442571782,pub,d07,osm
osm:node/442573169,restaurant,d07,osm
osm:node/442573493,cafe,d06,osm
osm:node/442579134,cafe,d06,osm
osm:node/442579784,restaurant,d07,osm
osm:node/442585871,restaurant,d07,osm
osm:node/442586670,restaurant,d07,osm
osm:node/442587345,restaurant,d07,osm
osm:node/442587405,restaurant,d07,osm
osm:node/442588977,restaurant,d07,osm
osm:node/442588993,restaurant,d07,osm
osm:node/442715461,cafe,d03,osm
osm:node/442963335,restaurant,d07,osm
osm:node/442972880,restaurant,d15,osm
osm:node/442972884,pub,d07,osm
osm:node/442972885,cafe,d07,osm
osm:node/442972887,restaurant,d07,osm
osm:node/442981695,restaurant,d07,osm
osm:node/442981702,cafe,d07,osm
osm:node/442981719,bar,d07,osm
osm:node/442981725,restaurant,d07,osm
osm:node/442981736,restaurant,d07,osm
osm:node/442981741,restaurant,d07,osm
osm:node/442997731,cafe,d07,osm
osm:node/442997737,restaurant,d07,osm
osm:node/442997817,fitness_centre,d06,osm
osm:node/442997840,restaurant,d07,osm
osm:node/442997852,cafe,d07,osm
osm:node/443013016,cafe,d06,osm
osm:node/443013020,cafe,d07,osm
osm:node/443013028,restaurant,d07,osm
osm:node/443025460,restaurant,d07,osm
osm:node/443025463,restaurant,d07,osm
osm:node/443025467,pub,d07,osm
osm:node/443025470,restaurant,d07,osm
osm:node/443025473,restaurant,d07,osm
osm:node/443025483,restaurant,d07,osm
osm:node/443025490,restaurant,d07,osm
osm:node/443216730,restaurant,d03,osm
osm:node/443216739,restaurant,d03,osm
osm:node/443221943,cafe,d13,osm
osm:node/443503611,restaurant,d01,osm
osm:node/443503613,restaurant,d01,osm
osm:node/443503615,restaurant,d01,osm
osm:node/444247110,pub,d02,osm
osm:node/444884075,cafe,d06,osm
osm:node/448748498,restaurant,d21,osm
osm:node/448887987,restaurant,d15,osm
osm:node/448897302,restaurant,d23,osm
osm:node/449210154,cafe,d13,osm
osm:node/450170234,bar,d02,osm
osm:node/450174393,restaurant,d02,osm
osm:node/451617621,cafe,d03,osm
osm:node/451617628,restaurant,d03,osm
osm:node/451631513,restaurant,d03,osm
osm:node/451731690,restaurant,d13,osm
osm:node/452422529,restaurant,d08,osm
osm:node/452658942,pub,d14,osm
osm:node/456408025,restaurant,d03,osm
osm:node/456408034,restaurant,d03,osm
osm:node/456420667,restaurant,d03,osm
osm:node/457117732,pub,d04,osm
osm:node/457217069,cafe,d11,osm
osm:node/457217761,cafe,d11,osm
osm:node/457256038,restaurant,d03,osm
osm:node/457260720,restaurant,d03,osm
osm:node/457352899,restaurant,d22,osm
osm:node/457352904,pub,d22,osm
osm:node/457352905,restaurant,d22,osm
osm:node/458747386,restaurant,d05,osm
osm:node/463862679,pub,d19,osm
osm:node/469485014,restaurant,d16,osm
osm:node/470017960,pub,d03,osm
osm:node/470324872,restaurant,d01,osm
osm:node/470624579,pub,d23,osm
osm:node/471025098,restaurant,d23,osm
osm:node/471037178,restaurant,d01,osm
osm:node/471045128,cafe,d01,osm
osm:node/471545864,restaurant,d23,osm
osm:node/471546666,restaurant,d23,osm
osm:node/474953068,fitness_centre,d06,osm
osm:node/475197374,restaurant,d06,osm
osm:node/476340834,pub,d05,osm
osm:node/476441840,restaurant,d20,osm
osm:node/476609598,restaurant,d04,osm
osm:node/477197219,restaurant,d10,osm
osm:node/477233994,restaurant,d08,osm
osm:node/477364149,cafe,d07,osm
osm:node/478688452,restaurant,d06,osm
osm:node/478701714,nightclub,d07,osm
osm:node/478814056,restaurant,d01,osm
osm:node/478814058,restaurant,d01,osm
osm:node/478814062,restaurant,d01,osm
osm:node/478887917,restaurant,d01,osm
osm:node/478887930,cafe,d01,osm
osm:node/478928080,restaurant,d01,osm
osm:node/479988405,restaurant,d21,osm
osm:node/482820116,restaurant,d06,osm
osm:node/483195713,restaurant,d22,osm
osm:node/491481641,pub,d02,osm
osm:node/491481648,restaurant,d02,osm
osm:node/492537190,restaurant,d02,osm
osm:node/495320725,cafe,d10,osm
osm:node/495681249,pitch,d16,osm
osm:node/497126272,restaurant,d01,osm
osm:node/499643069,restaurant,d01,osm
osm:node/512411257,cafe,d03,osm
osm:node/512456917,restaurant,d14,osm
osm:node/518666024,restaurant,d15,osm
osm:node/518666043,cafe,d15,osm
osm:node/520277930,cafe,d07,osm
osm:node/521346501,restaurant,d21,osm
osm:node/524581338,cafe,d04,osm
osm:node/524673105,restaurant,d06,osm
osm:node/526684626,cafe,d01,osm
osm:node/526684628,restaurant,d01,osm
osm:node/526701250,restaurant,d01,osm
osm:node/527555412,cafe,d16,osm
osm:node/527555429,restaurant,d16,osm
osm:node/527555451,pub,d16,osm
osm:node/527555531,pub,d17,osm
osm:node/530867127,cafe,d01,osm
osm:node/538383574,restaurant,d13,osm
osm:node/539048655,restaurant,d23,osm
osm:node/539455727,restaurant,d19,osm
osm:node/539466664,cafe,d07,osm
osm:node/539649025,restaurant,d19,osm
osm:node/540677157,restaurant,d01,osm
osm:node/541587670,restaurant,d14,osm
osm:node/543402668,restaurant,d13,osm
osm:node/549357083,restaurant,d01,osm
osm:node/549357084,cafe,d01,osm
osm:node/549357085,restaurant,d01,osm
osm:node/557985692,restaurant,d06,osm
osm:node/558617172,restaurant,d06,osm
osm:node/558703592,restaurant,d06,osm
osm:node/560858180,restaurant,d14,osm
osm:node/561058334,bar,d03,osm
osm:node/561197349,cafe,d10,osm
osm:node/561323738,restaurant,d03,osm
osm:node/563271467,pub,d04,osm
osm:node/563271468,restaurant,d04,osm
osm:node/563271473,restaurant,d04,osm
osm:node/563271476,restaurant,d04,osm
osm:node/564153820,restaurant,d01,osm
osm:node/566452294,restaurant,d19,osm
osm:node/566660659,cafe,d01,osm
osm:node/566660717,restaurant,d01,osm
osm:node/566660740,bar,d01,osm
osm:node/566660742,restaurant,d01,osm
osm:node/566660785,bar,d01,osm
osm:node/566991847,restaurant,d01,osm
osm:node/566992020,cafe,d09,osm
osm:node/566992033,sports_centre,d01,osm
osm:node/567053680,restaurant,d01,osm
osm:node/567053686,restaurant,d01,osm
osm:node/567059350,restaurant,d01,osm
osm:node/567066325,pub,d01,osm
osm:node/567066360,cafe,d01,osm
osm:node/567070930,restaurant,d01,osm
osm:node/567070957,restaurant,d01,osm
osm:node/567077591,restaurant,d01,osm
osm:node/567084187,restaurant,d01,osm
osm:node/567084249,restaurant,d01,osm
osm:node/567096858,pub,d01,osm
osm:node/567096861,restaurant,d01,osm
osm:node/567097850,pub,d01,osm
osm:node/567097871,restaurant,d01,osm
osm:node/567104171,restaurant,d01,osm
osm:node/567332964,restaurant,d01,osm
osm:node/568068784,cafe,d17,osm
osm:node/568494734,cafe,d14,osm
osm:node/570203038,restaurant,d08,osm
osm:node/571651943,restaurant,d10,osm
osm:node/571786498,restaurant,d01,osm
osm:node/571913355,restaurant,d03,osm
osm:node/577545200,restaurant,d06,osm
osm:node/581027412,restaurant,d01,osm
osm:node/582370267,restaurant,d02,osm
osm:node/582575376,restaurant,d04,osm
osm:node/583229905,restaurant,d23,osm
osm:node/583236351,cafe,d23,osm
osm:node/587006002,restaurant,d09,osm
osm:node/588084968,bar,d08,osm
osm:node/598633997,restaurant,d10,osm
osm:node/598634155,cafe,d10,osm
osm:node/598635594,fitness_centre,d10,osm
osm:node/599189787,restaurant,d20,osm
osm:node/600318645,sports_centre,d18,osm
osm:node/600706376,restaurant,d05,osm
osm:node/600708082,restaurant,d05,osm
osm:node/600710635,pub,d05,osm
osm:node/600711084,cafe,d05,osm
osm:node/600714231,restaurant,d05,osm
osm:node/600717331,restaurant,d05,osm
osm:node/600720878,cafe,d05,osm
osm:node/600938801,cafe,d22,osm
osm:node/601411472,restaurant,d01,osm
osm:node/601411477,restaurant,d01,osm
osm:node/601412786,cafe,d01,osm
osm:node/605216835,nightclub,d09,osm
osm:node/611890965,cafe,d13,osm
osm:node/611890966,cafe,d13,osm
osm:node/618284053,restaurant,d04,osm
osm:node/618284057,restaurant,d04,osm
osm:node/618377108,restaurant,d03,osm
osm:node/618477202,restaurant,d16,osm
osm:node/619517317,restaurant,d23,osm
osm:node/619522966,cafe,d09,osm
osm:node/619522967,cafe,d09,osm
osm:node/620848232,cafe,d20,osm
osm:node/621953646,cafe,d23,osm
osm:node/628757252,restaurant,d04,osm
osm:node/631489469,pitch,d09,osm
osm:node/631533980,restaurant,d08,osm
osm:node/631852939,cafe,d12,osm
osm:node/634327154,restaurant,d09,osm
osm:node/636106660,bar,d08,osm
osm:node/637647122,restaurant,d06,osm
osm:node/637647125,restaurant,d04,osm
osm:node/637647128,restaurant,d04,osm
osm:node/637819745,restaurant,d04,osm
osm:node/637820915,restaurant,d06,osm
osm:node/637822653,cafe,d06,osm
osm:node/637823444,restaurant,d06,osm
osm:node/637825905,cafe,d06,osm
osm:node/653112532,cafe,d01,osm
osm:node/656294836,cafe,d17,osm
osm:node/659823599,bar,d07,osm
osm:node/660130435,pub,d03,osm
osm:node/661599772,restaurant,d03,osm
osm:node/661599784,restaurant,d03,osm
osm:node/668640708,cafe,d01,osm
osm:node/671352043,sports_centre,d15,osm
osm:node/671352056,sports_centre,d15,osm
osm:node/672213953,restaurant,d21,osm
osm:node/672213954,restaurant,d21,osm
osm:node/672213955,restaurant,d21,osm
osm:node/672213956,restaurant,d21,osm
osm:node/672213957,restaurant,d21,osm
osm:node/672213960,restaurant,d21,osm
osm:node/672213961,pub,d21,osm
osm:node/672213962,restaurant,d21,osm
osm:node/672222034,restaurant,d03,osm
osm:node/672222106,cafe,d03,osm
osm:node/672222121,restaurant,d03,osm
osm:node/674930703,restaurant,d10,osm
osm:node/675546635,pitch,d03,osm
osm:node/677560320,restaurant,d10,osm
osm:node/677560332,cafe,d10,osm
osm:node/677560337,restaurant,d10,osm
osm:node/678972405,restaurant,d06,osm
osm:node/679652173,restaurant,d15,osm
osm:node/683569941,pub,d07,osm
osm:node/683569946,pub,d07,osm
osm:node/685160110,restaurant,d22,osm
osm:node/687758947,restaurant,d01,osm
osm:node/693438046,restaurant,d15,osm
osm:node/694078151,restaurant,d15,osm
osm:node/696546390,restaurant,d04,osm
osm:node/696546391,cafe,d04,osm
osm:node/696546392,restaurant,d04,osm
osm:node/696747465,cafe,d09,osm
osm:node/699688591,restaurant,d23,osm
osm:node/701019028,restaurant,d18,osm
osm:node/701320966,pub,d07,osm
osm:node/701332160,restaurant,d16,osm
osm:node/702453489,restaurant,d07,osm
osm:node/710536919,cafe,d22,osm
osm:node/710536920,restaurant,d22,osm
osm:node/719147734,restaurant,d14,osm
osm:node/727633539,cafe,d13,osm
osm:node/727641972,pub,d13,osm
osm:node/728538341,restaurant,d07,osm
osm:node/738034317,restaurant,d03,osm
osm:node/746332341,bar,d18,osm
osm:node/761175368,restaurant,d10,osm
osm:node/761213100,pub,d06,osm
osm:node/761218853,restaurant,d10,osm
osm:node/766034545,cafe,d13,osm
osm:node/766879983,restaurant,d08,osm
osm:node/766879987,cafe,d08,osm
osm:node/766880008,bar,d08,osm
osm:node/766880019,bar,d08,osm
osm:node/767358619,bar,d07,osm
osm:node/767358625,restaurant,d07,osm
osm:node/767358632,restaurant,d07,osm
osm:node/767358656,pub,d07,osm
osm:node/767384563,cafe,d07,osm
osm:node/768480198,bar,d16,osm
osm:node/772126266,restaurant,d22,osm
osm:node/773401132,restaurant,d20,osm
osm:node/775798714,cafe,d02,osm
osm:node/794570859,cafe,d10,osm
osm:node/794570861,sports_centre,d10,osm
osm:node/794570886,restaurant,d10,osm
osm:node/799513821,restaurant,d10,osm
osm:node/801005233,cafe,d03,osm
osm:node/802389619,cafe,d03,osm
osm:node/805972617,restaurant,d13,osm
osm:node/807099498,cafe,d05,osm
osm:node/807251283,cafe,d05,osm
osm:node/807587684,sports_centre,d05,osm
osm:node/808478292,cafe,d10,osm
osm:node/808478325,restaurant,d10,osm
osm:node/808610315,restaurant,d10,osm
osm:node/808610393,restaurant,d10,osm
osm:node/808734710,cafe,d10,osm
osm:node/808734749,cafe,d10,osm
osm:node/808734760,restaurant,d10,osm
osm:node/809561675,restaurant,d10,osm
osm:node/809580005,cafe,d10,osm
osm:node/810229242,pitch,d10,osm
osm:node/810229820,fitness_centre,d10,osm
osm:node/810356720,bar,d10,osm
osm:node/810356761,cafe,d10,osm
osm:node/810608203,restaurant,d13,osm
osm:node/813542571,restaurant,d14,osm
osm:node/814103864,restaurant,d15,osm
osm:node/815228846,restaurant,d02,osm
osm:node/815910747,restaurant,d10,osm
osm:node/817436691,restaurant,d06,osm
osm:node/821210016,cafe,d10,osm
osm:node/821210018,restaurant,d10,osm
osm:node/822797021,restaurant,d02,osm
osm:node/824076169,restaurant,d18,osm
osm:node/824832612,cafe,d03,osm
osm:node/828027113,cafe,d03,osm
osm:node/828037635,restaurant,d02,osm
osm:node/830645042,restaurant,d05,osm
osm:node/830645055,cafe,d05,osm
osm:node/835284255,restaurant,d10,osm
osm:node/836251309,restaurant,d12,osm
osm:node/836868334,restaurant,d13,osm
osm:node/839356635,restaurant,d01,osm
osm:node/839473189,cafe,d01,osm
osm:node/840690636,restaurant,d10,osm
osm:node/843188907,pitch,d20,osm
osm:node/843363509,restaurant,d07,osm
osm:node/844543582,cafe,d04,osm
osm:node/844544378,restaurant,d04,osm
osm:node/845973629,cafe,d09,osm
osm:node/847071492,cafe,d03,osm
osm:node/848000061,bar,d10,osm
osm:node/848109557,restaurant,d10,osm
osm:node/848217223,cafe,d10,osm
osm:node/848248678,restaurant,d10,osm
osm:node/854902860,restaurant,d03,osm
osm:node/867428501,restaurant,d19,osm
osm:node/870980192,bar,d01,osm
osm:node/871777982,restaurant,d09,osm
osm:node/871777995,restaurant,d16,osm
osm:node/871778002,restaurant,d16,osm
osm:node/872404403,restaurant,d07,osm
osm:node/872404421,pub,d07,osm
osm:node/874117230,restaurant,d11,osm
osm:node/893028434,cafe,d01,osm
osm:node/893324046,cafe,d15,osm
osm:node/893918475,restaurant,d09,osm
osm:node/894087114,restaurant,d01,osm
osm:node/894087120,cafe,d01,osm
osm:node/895302724,restaurant,d05,osm
osm:node/896492823,restaurant,d15,osm
osm:node/897441890,restaurant,d10,osm
osm:node/897648009,bar,d10,osm
osm:node/899114348,restaurant,d13,osm
osm:node/901058081,restaurant,d01,osm
osm:node/901058104,nightclub,d01,osm
osm:node/901058136,restaurant,d01,osm
osm:node/901058189,restaurant,d01,osm
osm:node/901058218,bar,d01,osm
osm:node/901058229,restaurant,d01,osm
osm:node/901058296,restaurant,d01,osm
osm:node/901058327,restaurant,d01,osm
osm:node/902496915,pub,d01,osm
osm:node/902496928,pub,d01,osm
osm:node/902496930,restaurant,d01,osm
osm:node/902496931,restaurant,d01,osm
osm:node/902496936,restaurant,d01,osm
osm:node/902496940,cafe,d01,osm
osm:node/902496942,restaurant,d01,osm
osm:node/904303308,restaurant,d01,osm
osm:node/905829638,bar,d10,osm
osm:node/906476408,restaurant,d10,osm
osm:node/906476449,fitness_centre,d10,osm
osm:node/906476541,pub,d10,osm
osm:node/912021095,restaurant,d03,osm
osm:node/913272967,pub,d06,osm
osm:node/913963125,restaurant,d03,osm
osm:node/913963143,restaurant,d03,osm
osm:node/914767733,restaurant,d10,osm
osm:node/915174265,pub,d10,osm
osm:node/915174270,cafe,d10,osm
osm:node/915174274,cafe,d10,osm
osm:node/915644331,bar,d06,osm
osm:node/915964012,restaurant,d10,osm
osm:node/915964024,pub,d10,osm
osm:node/915964052,restaurant,d10,osm
osm:node/916277771,pub,d10,osm
osm:node/916277781,cafe,d10,osm
osm:node/919481751,restaurant,d07,osm
osm:node/920427496,cafe,d01,osm
osm:node/920740479,restaurant,d10,osm
osm:node/921126754,sports_centre,d10,osm
osm:node/921126802,restaurant,d10,osm
osm:node/921127554,pub,d10,osm
osm:node/921348845,restaurant,d04,osm
osm:node/922054634,restaurant,d10,osm
osm:node/922847980,fitness_centre,d10,osm
osm:node/923938958,restaurant,d03,osm
osm:node/923938959,restaurant,d03,osm
osm:node/923938964,cafe,d03,osm
osm:node/924763158,sports_centre,d10,osm
osm:node/926621132,restaurant,d07,osm
osm:node/927883779,pub,d09,osm
osm:node/928313174,bar,d02,osm
osm:node/928623392,cafe,d10,osm
osm:node/929228045,restaurant,d02,osm
osm:node/929515605,cafe,d10,osm
osm:node/930439503,restaurant,d03,osm
osm:node/931460381,cafe,d10,osm
osm:node/935989106,restaurant,d09,osm
osm:node/941388867,cafe,d22,osm
osm:node/944529379,restaurant,d22,osm
osm:node/945128195,pub,d10,osm
osm:node/945128197,restaurant,d10,osm
osm:node/947077611,restaurant,d03,osm
osm:node/947077620,restaurant,d03,osm
osm:node/948326965,restaurant,d10,osm
osm:node/948329570,restaurant,d05,osm
osm:node/948339782,cafe,d10,osm
osm:node/948462336,cafe,d01,osm
osm:node/948462380,restaurant,d01,osm
osm:node/948462441,restaurant,d01,osm
osm:node/948462468,restaurant,d01,osm
osm:node/948462504,restaurant,d01,osm
osm:node/948462526,bar,d01,osm
osm:node/948462584,restaurant,d01,osm
osm:node/948703166,restaurant,d01,osm
osm:node/948703255,restaurant,d01,osm
osm:node/950535972,nightclub,d03,osm
osm:node/950536072,cafe,d03,osm
osm:node/954998679,cafe,d12,osm
osm:node/956080252,restaurant,d03,osm
osm:node/956080279,sports_centre,d03,osm
osm:node/956080337,restaurant,d03,osm
osm:node/956080359,sports_centre,d03,osm
osm:node/956080362,sports_centre,d03,osm
osm:node/956080380,pub,d03,osm
osm:node/956159131,bar,d01,osm
osm:node/956159141,restaurant,d01,osm
osm:node/956159161,restaurant,d01,osm
osm:node/956159179,restaurant,d01,osm
osm:node/956159191,restaurant,d01,osm
osm:node/956159203,restaurant,d01,osm
osm:node/956159205,restaurant,d01,osm
osm:node/956159222,nightclub,d01,osm
osm:node/956159223,restaurant,d01,osm
osm:node/956159244,restaurant,d01,osm
osm:node/956430037,bar,d01,osm
osm:node/956430055,cafe,d01,osm
osm:node/956430057,restaurant,d01,osm
osm:node/956430067,restaurant,d01,osm
osm:node/956430106,restaurant,d01,osm
osm:node/956430111,cafe,d01,osm
osm:node/956430114,restaurant,d01,osm
osm:node/956430117,bar,d01,osm
osm:node/956430121,restaurant,d01,osm
osm:node/956430126,restaurant,d01,osm
osm:node/956430135,bar,d01,osm
osm:node/956430137,bar,d01,osm
osm:node/956430160,cafe,d01,osm
osm:node/956430162,restaurant,d01,osm
osm:node/956432196,restaurant,d01,osm
osm:node/956432227,restaurant,d01,osm
osm:node/957695876,restaurant,d01,osm
osm:node/957695888,cafe,d01,osm
osm:node/957695900,cafe,d01,osm
osm:node/957695903,cafe,d01,osm
osm:node/957695904,restaurant,d01,osm
osm:node/960200368,restaurant,d04,osm
osm:node/964363605,restaurant,d07,osm
osm:node/964884519,cafe,d01,osm
osm:node/967784700,restaurant,d22,osm
osm:node/970182177,restaurant,d22,osm
osm:node/974112051,pub,d03,osm
osm:node/982838162,pub,d08,osm
osm:node/991076841,restaurant,d09,osm
osm:node/991972892,pub,d03,osm
osm:node/991984348,restaurant,d01,osm
osm:node/999259356,restaurant,d21,osm
osm:node/1005962562,restaurant,d21,osm
osm:node/1009032977,bar,d01,osm
osm:node/1016849141,bar,d01,osm
osm:node/1021979986,restaurant,d23,osm
osm:node/1021980006,restaurant,d23,osm
osm:node/1021980072,cafe,d23,osm
osm:node/1022111986,restaurant,d23,osm
osm:node/1022767615,restaurant,d23,osm
osm:node/1031098737,restaurant,d08,osm
osm:node/1033377457,restaurant,d14,osm
osm:node/1039767505,restaurant,d21,osm
osm:node/1057637970,restaurant,d21,osm
osm:node/1066143899,bar,d01,osm
osm:node/1068145208,pub,d07,osm
osm:node/1068145293,restaurant,d16,osm
osm:node/1086064568,restaurant,d22,osm
osm:node/1091505630,bar,d02,osm
osm:node/1092841007,restaurant,d10,osm
osm:node/1107533195,restaurant,d19,osm
osm:node/1110205284,bar,d02,osm
osm:node/1110205293,restaurant,d02,osm
osm:node/1110205298,restaurant,d02,osm
osm:node/1110205309,cafe,d02,osm
osm:node/1129258020,restaurant,d08,osm
osm:node/1134036839,restaurant,d15,osm
osm:node/1134036840,restaurant,d15,osm
osm:node/1134036861,cafe,d15,osm
osm:node/1134036883,cafe,d15,osm
osm:node/1134036889,cafe,d15,osm
osm:node/1134036920,cafe,d15,osm
osm:node/1145179257,restaurant,d07,osm
osm:node/1145179280,pub,d07,osm
osm:node/1147794105,restaurant,d08,osm
osm:node/1151244728,restaurant,d05,osm
osm:node/1152590804,cafe,d02,osm
osm:node/1153799327,restaurant,d08,osm
osm:node/1157535963,restaurant,d04,osm
osm:node/1158033019,sports_centre,d01,osm
osm:node/1158298730,restaurant,d18,osm
osm:node/1161707075,cafe,d01,osm
osm:node/1164070449,restaurant,d08,osm
osm:node/1164180180,restaurant,d08,osm
osm:node/1166254288,cafe,d19,osm
osm:node/1166288442,restaurant,d19,osm
osm:node/1166289576,restaurant,d19,osm
osm:node/1166290169,restaurant,d18,osm
osm:node/1166298735,restaurant,d19,osm
osm:node/1166298739,bar,d19,osm
osm:node/1166326783,sports_centre,d19,osm
osm:node/1166326830,restaurant,d19,osm
osm:node/1166347417,sports_centre,d19,osm
osm:node/1166348216,restaurant,d19,osm
osm:node/1166348323,restaurant,d19,osm
osm:node/1166812231,cafe,d18,osm
osm:node/1167293625,restaurant,d18,osm
osm:node/1167791096,cafe,d19,osm
osm:node/1167791100,cafe,d19,osm
osm:node/1167860822,restaurant,d18,osm
osm:node/1168873317,restaurant,d03,osm
osm:node/1168880076,restaurant,d10,osm
osm:node/1168880091,restaurant,d03,osm
osm:node/1168924767,restaurant,d02,osm
osm:node/1177170464,restaurant,d03,osm
osm:node/1179555826,cafe,d01,osm
osm:node/1184383558,restaurant,d02,osm
osm:node/1187363211,restaurant,d11,osm
osm:node/1188876218,restaurant,d02,osm
osm:node/1192826640,bar,d15,osm
osm:node/1193859571,pub,d08,osm
osm:node/1197118814,restaurant,d02,osm
osm:node/1202223902,restaurant,d01,osm
osm:node/1202227684,restaurant,d01,osm
osm:node/1203033837,restaurant,d01,osm
osm:node/1203034330,bar,d01,osm
osm:node/1203035338,restaurant,d01,osm
osm:node/1204182801,restaurant,d20,osm
osm:node/1205073869,restaurant,d22,osm
osm:node/1205089151,restaurant,d20,osm
osm:node/1207358918,restaurant,d22,osm
osm:node/1209007877,restaurant,d01,osm
osm:node/1209065429,cafe,d20,osm
osm:node/1209065582,pub,d20,osm
osm:node/1210626716,restaurant,d02,osm
osm:node/1210626722,cafe,d02,osm
osm:node/1210641219,restaurant,d02,osm
osm:node/1210650748,restaurant,d02,osm
osm:node/1210661838,pub,d02,osm
osm:node/1210661841,cafe,d02,osm
osm:node/1210670878,restaurant,d02,osm
osm:node/1210670886,restaurant,d02,osm
osm:node/1210670891,restaurant,d02,osm
osm:node/1210688188,restaurant,d02,osm
osm:node/1210688189,restaurant,d02,osm
osm:node/1210688190,cafe,d02,osm
osm:node/1216175877,pub,d08,osm
osm:node/1230571037,sports_centre,d20,osm
osm:node/1233024762,restaurant,d20,osm
osm:node/1233106567,nightclub,d20,osm
osm:node/1234580663,restaurant,d09,osm
osm:node/1236956603,restaurant,d14,osm
osm:node/1244340110,restaurant,d22,osm
osm:node/1246635330,restaurant,d09,osm
osm:node/1246877416,restaurant,d14,osm
osm:node/1253252236,restaurant,d22,osm
osm:node/1254416769,restaurant,d13,osm
osm:node/1254430797,fitness_centre,d22,osm
osm:node/1256323512,restaurant,d21,osm
osm:node/1260488291,restaurant,d07,osm
osm:node/1261426826,cafe,d17,osm
osm:node/1262117387,restaurant,d13,osm
osm:node/1270968321,restaurant,d05,osm
osm:node/1272830638,restaurant,d01,osm
osm:node/1273226271,sports_centre,d22,osm
osm:node/1290993459,restaurant,d05,osm
osm:node/1291414393,restaurant,d07,osm
osm:node/1296271588,restaurant,d21,osm
osm:node/1296648341,restaurant,d09,osm
osm:node/1298221010,bar,d08,osm
osm:node/1298400884,cafe,d21,osm
osm:node/1300145999,pub,d02,osm
osm:node/1301361977,cafe,d04,osm
osm:node/1301361978,cafe,d04,osm
osm:node/1301361979,restaurant,d05,osm
osm:node/1306060246,restaurant,d03,osm
osm:node/1306060283,cafe,d03,osm
osm:node/1306459053,cafe,d04,osm
osm:node/1307579567,pub,d04,osm
osm:node/1307591888,restaurant,d22,osm
osm:node/1308569909,restaurant,d02,osm
osm:node/1308579742,bar,d01,osm
osm:node/1308610739,bar,d01,osm
osm:node/1308621529,restaurant,d01,osm
osm:node/1308636116,restaurant,d01,osm
osm:node/1308639755,restaurant,d01,osm
osm:node/1308644177,restaurant,d01,osm
osm:node/1308646939,restaurant,d01,osm
osm:node/1308654562,restaurant,d01,osm
osm:node/1308661139,restaurant,d01,osm
osm:node/1308665381,restaurant,d01,osm
osm:node/1308667841,bar,d01,osm
osm:node/1308669727,restaurant,d01,osm
osm:node/1311610871,cafe,d06,osm
osm:node/1312933786,restaurant,d15,osm
osm:node/1314636916,restaurant,d10,osm
osm:node/1316674199,cafe,d05,osm
osm:node/1316674534,cafe,d05,osm
osm:node/1319197250,restaurant,d22,osm
osm:node/1324804238,restaurant,d07,osm
osm:node/1325455101,restaurant,d09,osm
osm:node/1328817418,restaurant,d22,osm
osm:node/1335933200,restaurant,d18,osm
osm:node/1336944983,pub,d22,osm
osm:node/1346775395,restaurant,d16,osm
osm:node/1350366989,nightclub,d09,osm
osm:node/1354675459,restaurant,d01,osm
osm:node/1358151190,bar,d05,osm
osm:node/1360128748,restaurant,d19,osm
osm:node/1361170894,restaurant,d02,osm
osm:node/1361647973,cafe,d02,osm
osm:node/1362013365,restaurant,d09,osm
osm:node/1362442780,cafe,d01,osm
osm:node/1362500391,restaurant,d02,osm
osm:node/1362753598,pub,d03,osm
osm:node/1363081487,restaurant,d09,osm
osm:node/1363106445,restaurant,d19,osm
osm:node/1363127131,cafe,d23,osm
osm:node/1363127138,restaurant,d23,osm
osm:node/1363142268,restaurant,d23,osm
osm:node/1363142293,pub,d23,osm
osm:node/1363149562,cafe,d23,osm
osm:node/1363149567,cafe,d23,osm
osm:node/1363149900,restaurant,d23,osm
osm:node/1363294980,restaurant,d01,osm
osm:node/1363354897,restaurant,d04,osm
osm:node/1363354902,restaurant,d06,osm
osm:node/1363651570,restaurant,d22,osm
osm:node/1363769637,cafe,d12,osm
osm:node/1365158973,sports_centre,d23,osm
osm:node/1365266760,restaurant,d01,osm
osm:node/1365685409,restaurant,d22,osm
osm:node/1365701429,restaurant,d22,osm
osm:node/1365701433,cafe,d22,osm
osm:node/1366488393,bar,d19,osm
osm:node/1366570684,restaurant,d03,osm
osm:node/1366570922,restaurant,d03,osm
osm:node/1369273276,restaurant,d10,osm
osm:node/1370226152,bar,d08,osm
osm:node/1370932236,pub,d06,osm
osm:node/1371534685,restaurant,d07,osm
osm:node/1372365496,restaurant,d02,osm
osm:node/1373994681,restaurant,d09,osm
osm:node/1375290499,cafe,d03,osm
osm:node/1375294851,restaurant,d01,osm
osm:node/1377399037,cafe,d09,osm
osm:node/1377593235,restaurant,d15,osm
osm:node/1377593241,restaurant,d15,osm
osm:node/1377764088,bar,d08,osm
osm:node/1379024969,restaurant,d02,osm
osm:node/1379929310,cafe,d10,osm
osm:node/1379945682,restaurant,d06,osm
osm:node/1381006446,restaurant,d09,osm
osm:node/1382931199,cafe,d09,osm
osm:node/1382931200,cafe,d09,osm
osm:node/1386222423,cafe,d09,osm
osm:node/1387363918,restaurant,d21,osm
osm:node/1387495310,cafe,d08,osm
osm:node/1401845624,restaurant,d03,osm
osm:node/1401845637,restaurant,d03,osm
osm:node/1402225026,restaurant,d07,osm
osm:node/1403934330,restaurant,d01,osm
osm:node/1404600363,fitness_centre,d03,osm
osm:node/1404785572,restaurant,d20,osm
osm:node/1410412702,restaurant,d01,osm
osm:node/1410806531,cafe,d03,osm
osm:node/1411814679,restaurant,d22,osm
osm:node/1415830157,restaurant,d08,osm
osm:node/1416644636,restaurant,d06,osm
osm:node/1416644640,restaurant,d16,osm
osm:node/1418445193,restaurant,d09,osm
osm:node/1418445194,restaurant,d09,osm
osm:node/1426806930,restaurant,d01,osm
osm:node/1426907535,sports_centre,d06,osm
osm:node/1427842866,restaurant,d23,osm
osm:node/1434173355,restaurant,d03,osm
osm:node/1434634576,restaurant,d04,osm
osm:node/1436309738,restaurant,d03,osm
osm:node/1436669612,restaurant,d01,osm
osm:node/1437849602,restaurant,d13,osm
osm:node/1437849747,restaurant,d13,osm
osm:node/1438194247,cafe,d05,osm
osm:node/1438248421,cafe,d19,osm
osm:node/1438259632,pub,d19,osm
osm:node/1438264958,bar,d19,osm
osm:node/1438264983,fitness_centre,d19,osm
osm:node/1438302100,cafe,d19,osm
osm:node/1438302115,restaurant,d19,osm
osm:node/1438302120,restaurant,d19,osm
osm:node/1438788580,restaurant,d01,osm
osm:node/1438788587,restaurant,d01,osm
osm:node/1438797384,restaurant,d02,osm
osm:node/1439050075,cafe,d05,osm
osm:node/1439050104,fitness_centre,d05,osm
osm:node/1439050120,restaurant,d05,osm
osm:node/1439051816,bar,d05,osm
osm:node/1439055398,sports_centre,d05,osm
osm:node/1439055403,restaurant,d05,osm
osm:node/1439056558,restaurant,d05,osm
osm:node/1439056886,restaurant,d05,osm
osm:node/1439059737,cafe,d05,osm
osm:node/1439059748,restaurant,d05,osm
osm:node/1439059750,restaurant,d05,osm
osm:node/1439061843,cafe,d19,osm
osm:node/1439061857,fitness_centre,d19,osm
osm:node/1439062276,sports_centre,d19,osm
osm:node/1439063863,restaurant,d05,osm
osm:node/1439067235,restaurant,d05,osm
osm:node/1439072542,restaurant,d19,osm
osm:node/1439072547,restaurant,d05,osm
osm:node/1439072551,restaurant,d04,osm
osm:node/1439072552,cafe,d19,osm
osm:node/1439072553,bar,d04,osm
osm:node/1439072561,fitness_centre,d19,osm
osm:node/1439072572,restaurant,d05,osm
osm:node/1439072576,cafe,d05,osm
osm:node/1439073883,restaurant,d19,osm
osm:node/1439076633,pub,d05,osm
osm:node/1439085877,cafe,d05,osm
osm:node/1439091553,cafe,d05,osm
osm:node/1439091557,cafe,d05,osm
osm:node/1439091563,restaurant,d05,osm
osm:node/1439094432,cafe,d04,osm
osm:node/1439094454,cafe,d04,osm
osm:node/1439094467,cafe,d04,osm
osm:node/1442012590,restaurant,d11,osm
osm:node/1442012594,bar,d11,osm
osm:node/1442012604,restaurant,d11,osm
osm:node/1442012610,restaurant,d11,osm
osm:node/1443475427,restaurant,d22,osm
osm:node/1444705270,restaurant,d22,osm
osm:node/1444934773,restaurant,d23,osm
osm:node/1444934775,restaurant,d23,osm
osm:node/1444934777,restaurant,d23,osm
osm:node/1444937916,restaurant,d23,osm
osm:node/1444945527,restaurant,d23,osm
osm:node/1444968956,restaurant,d23,osm
osm:node/1444974645,restaurant,d23,osm
osm:node/1445235611,restaurant,d16,osm
osm:node/1453831920,restaurant,d01,osm
osm:node/1454374331,restaurant,d06,osm
osm:node/1460958327,cafe,d07,osm
osm:node/1460959562,restaurant,d12,osm
osm:node/1460969654,restaurant,d07,osm
osm:node/1461610055,restaurant,d02,osm
osm:node/1462379305,fitness_centre,d03,osm
osm:node/1463810528,restaurant,d03,osm
osm:node/1465942356,restaurant,d10,osm
osm:node/1466949135,fitness_centre,d09,osm
osm:node/1466973182,restaurant,d09,osm
osm:node/1466973196,sports_centre,d09,osm
osm:node/1466988203,fitness_centre,d09,osm
osm:node/1467003732,cafe,d07,osm
osm:node/1467014731,fitness_centre,d09,osm
osm:node/1467021041,cafe,d15,osm
osm:node/1467021156,restaurant,d15,osm
osm:node/1467022523,bar,d09,osm
osm:node/1467023428,fitness_centre,d09,osm
osm:node/1467029619,sports_centre,d09,osm
osm:node/1467040036,cafe,d07,osm
osm:node/1467057154,cafe,d09,osm
osm:node/1467062621,restaurant,d09,osm
osm:node/1467082785,cafe,d15,osm
osm:node/1467082800,restaurant,d15,osm
osm:node/1467109667,restaurant,d15,osm
osm:node/1467120687,restaurant,d20,osm
osm:node/1467125788,cafe,d15,osm
osm:node/1467125803,cafe,d15,osm
osm:node/1467126314,cafe,d15,osm
osm:node/1467144768,sports_centre,d03,osm
osm:node/1467144770,sports_centre,d03,osm
osm:node/1467144790,restaurant,d03,osm
osm:node/1467144791,restaurant,d03,osm
osm:node/1467153076,bar,d20,osm
osm:node/1467159929,restaurant,d09,osm
osm:node/1467159939,fitness_centre,d09,osm
osm:node/1467161749,pub,d15,osm
osm:node/1467161829,cafe,d15,osm
osm:node/1467161922,cafe,d15,osm
osm:node/1467165240,restaurant,d09,osm
osm:node/1467168557,bar,d20,osm
osm:node/1467188110,sports_centre,d09,osm
osm:node/1467189828,restaurant,d07,osm
osm:node/1467216634,sports_centre,d09,osm
osm:node/1467231064,sports_centre,d09,osm
osm:node/1467235328,pub,d09,osm
osm:node/1467240380,restaurant,d09,osm
osm:node/1467262888,cafe,d07,osm
osm:node/1467267651,cafe,d20,osm
osm:node/1467267659,bar,d20,osm
osm:node/1467267709,restaurant,d20,osm
osm:node/1467267738,cafe,d20,osm
osm:node/1467267761,restaurant,d20,osm
osm:node/1467267781,cafe,d20,osm
osm:node/1467287774,restaurant,d07,osm
osm:node/1467290048,cafe,d20,osm
osm:node/1467290073,bar,d20,osm
osm:node/1467290088,fitness_centre,d20,osm
osm:node/1467300168,cafe,d20,osm
osm:node/1467300181,cafe,d20,osm
osm:node/1467300183,bar,d20,osm
osm:node/1467319602,restaurant,d07,osm
osm:node/1467319604,restaurant,d07,osm
osm:node/1467319608,cafe,d07,osm
osm:node/1467334210,restaurant,d20,osm
osm:node/1467593683,restaurant,d07,osm
osm:node/1467593688,restaurant,d07,osm
osm:node/1467593716,cafe,d07,osm
osm:node/1467861644,restaurant,d20,osm
osm:node/1467894782,restaurant,d20,osm
osm:node/1468212155,bar,d08,osm
osm:node/1478830911,restaurant,d09,osm
osm:node/1483321286,restaurant,d01,osm
osm:node/1485601687,restaurant,d16,osm
osm:node/1488907662,restaurant,d16,osm
osm:node/1488907664,restaurant,d16,osm
osm:node/1493386081,restaurant,d21,osm
osm:node/1501971038,cafe,d22,osm
osm:node/1501971050,restaurant,d22,osm
osm:node/1502257454,cafe,d10,osm
osm:node/1510779819,restaurant,d07,osm
osm:node/1513237751,restaurant,d16,osm
osm:node/1524647218,restaurant,d04,osm
osm:node/1528767301,restaurant,d17,osm
osm:node/1529813520,restaurant,d06,osm
osm:node/1530271340,pub,d15,osm
osm:node/1532450178,restaurant,d02,osm
osm:node/1532450179,restaurant,d02,osm
osm:node/1534768208,restaurant,d09,osm
osm:node/1537466252,restaurant,d23,osm
osm:node/1537466286,cafe,d23,osm
osm:node/1539804821,pub,d22,osm
osm:node/1540097806,nightclub,d09,osm
osm:node/1540316378,cafe,d22,osm
osm:node/1540642339,restaurant,d22,osm
osm:node/1540721019,bar,d08,osm
osm:node/1541442086,restaurant,d04,osm
osm:node/1541917300,bar,d07,osm
osm:node/1544599580,cafe,d08,osm
osm:node/1544700297,restaurant,d06,osm
osm:node/1546312206,restaurant,d14,osm
osm:node/1563596967,restaurant,d01,osm
osm:node/1566503977,restaurant,d07,osm
osm:node/1567079290,fitness_centre,d07,osm
osm:node/1569606743,restaurant,d07,osm
osm:node/1570195661,cafe,d16,osm
osm:node/1570780361,cafe,d06,osm
osm:node/1574480092,restaurant,d06,osm
osm:node/1575202605,restaurant,d08,osm
osm:node/1579075244,restaurant,d02,osm
osm:node/1579545496,restaurant,d03,osm
osm:node/1580828927,bar,d08,osm
osm:node/1581962292,cafe,d06,osm
osm:node/1581962319,restaurant,d06,osm
osm:node/1582938697,restaurant,d14,osm
osm:node/1588468283,bar,d01,osm
osm:node/1589577034,cafe,d03,osm
osm:node/1589577118,restaurant,d03,osm
osm:node/1590144633,pub,d14,osm
osm:node/1590146558,restaurant,d14,osm
osm:node/1590153702,restaurant,d14,osm
osm:node/1591079266,bar,d06,osm
osm:node/1591079269,restaurant,d06,osm
osm:node/1591079293,restaurant,d06,osm
osm:node/1591079404,restaurant,d06,osm
osm:node/1591079431,restaurant,d06,osm
osm:node/1591079460,restaurant,d06,osm
osm:node/1591079464,bar,d06,osm
osm:node/1591079494,bar,d06,osm
osm:node/1591079504,pub,d06,osm
osm:node/1600335827,cafe,d03,osm
osm:node/1600450972,pub,d03,osm
osm:node/1600655313,restaurant,d07,osm
osm:node/1600941680,sports_centre,d03,osm
osm:node/1602786854,sports_centre,d03,osm
osm:node/1605805453,restaurant,d16,osm
osm:node/1607582232,cafe,d10,osm
osm:node/1610928010,cafe,d02,osm
osm:node/1611649455,cafe,d09,osm
osm:node/1618097104,restaurant,d03,osm
osm:node/1622870691,restaurant,d10,osm
osm:node/1630381889,pub,d05,osm
osm:node/1631228602,pub,d10,osm
osm:node/1633119234,cafe,d18,osm
osm:node/1633245791,cafe,d08,osm
osm:node/1636691493,restaurant,d03,osm
osm:node/1640415242,cafe,d09,osm
osm:node/1640430322,restaurant,d02,osm
osm:node/1640437064,pub,d01,osm
osm:node/1644772793,restaurant,d22,osm
osm:node/1645554194,restaurant,d13,osm
osm:node/1645992984,restaurant,d22,osm
osm:node/1652609623,restaurant,d07,osm
osm:node/1654459048,nightclub,d01,osm
osm:node/1660019809,restaurant,d22,osm
osm:node/1660747765,pub,d20,osm
osm:node/1660988911,restaurant,d08,osm
osm:node/1660997102,pub,d08,osm
osm:node/1665276227,bar,d13,osm
osm:node/1665339980,sports_centre,d13,osm
osm:node/1672651160,restaurant,d06,osm
osm:node/1672651270,restaurant,d06,osm
osm:node/1672651272,restaurant,d06,osm
osm:node/1672773326,cafe,d19,osm
osm:node/1673916014,restaurant,d06,osm
osm:node/1674378721,restaurant,d01,osm
osm:node/1674782673,restaurant,d06,osm
osm:node/1676767979,restaurant,d03,osm
osm:node/1676767990,nightclub,d03,osm
osm:node/1676767994,sports_centre,d03,osm
osm:node/1677422658,restaurant,d06,osm
osm:node/1677422672,cafe,d06,osm
osm:node/1677422681,pub,d06,osm
osm:node/1677422686,restaurant,d06,osm
osm:node/1677422835,restaurant,d06,osm
osm:node/1677422841,pub,d06,osm
osm:node/1678557781,restaurant,d01,osm
osm:node/1681809929,sports_centre,d14,osm
osm:node/1686473987,cafe,d10,osm
osm:node/1687549592,restaurant,d09,osm
osm:node/1687584191,cafe,d09,osm
osm:node/1687584254,restaurant,d09,osm
osm:node/1687584257,restaurant,d09,osm
osm:node/1687584258,restaurant,d09,osm
osm:node/1687584262,restaurant,d09,osm
osm:node/1687765923,restaurant,d03,osm
osm:node/1687766020,restaurant,d03,osm
osm:node/1687766029,restaurant,d03,osm
osm:node/1691023550,restaurant,d09,osm
osm:node/1691939108,bar,d11,osm
osm:node/1691943627,cafe,d04,osm
osm:node/1692181439,restaurant,d09,osm
osm:node/1692181459,cafe,d09,osm
osm:node/1692181465,cafe,d09,osm
osm:node/1692237517,restaurant,d09,osm
osm:node/1693452987,pitch,d19,osm
osm:node/1693846778,restaurant,d09,osm
osm:node/1693846779,restaurant,d09,osm
osm:node/1693847053,restaurant,d09,osm
osm:node/1694921158,cafe,d10,osm
osm:node/1699092262,cafe,d20,osm
osm:node/1699092263,restaurant,d20,osm
osm:node/1701309592,sports_centre,d17,osm
osm:node/1701363936,restaurant,d09,osm
osm:node/1701681976,cafe,d09,osm
osm:node/1702621451,restaurant,d06,osm
osm:node/1704847241,cafe,d05,osm
osm:node/1706078282,restaurant,d23,osm
osm:node/1707142906,restaurant,d09,osm
osm:node/1707143148,restaurant,d09,osm
osm:node/1707193972,bar,d09,osm
osm:node/1707194114,pub,d09,osm
osm:node/1707194157,restaurant,d09,osm
osm:node/1708782898,pub,d09,osm
osm:node/1708782952,cafe,d09,osm
osm:node/1708783902,restaurant,d09,osm
osm:node/1708783922,restaurant,d09,osm
osm:node/1708784070,restaurant,d09,osm
osm:node/1709195189,pub,d04,osm
osm:node/1711057804,cafe,d04,osm
osm:node/1712386685,restaurant,d21,osm
osm:node/1712390347,sports_centre,d13,osm
osm:node/1712432489,cafe,d12,osm
osm:node/1712669888,sports_centre,d02,osm
osm:node/1713578015,restaurant,d22,osm
osm:node/1714758486,restaurant,d21,osm
osm:node/1715099734,restaurant,d19,osm
osm:node/1715947090,restaurant,d02,osm
osm:node/1717868121,pub,d16,osm
osm:node/1717868124,restaurant,d05,osm
osm:node/1717868160,pitch,d02,osm
osm:node/1717868163,restaurant,d17,osm
osm:node/1717868175,restaurant,d01,osm
osm:node/1717868177,restaurant,d02,osm
osm:node/1722195549,restaurant,d04,osm
osm:node/1722364856,restaurant,d02,osm
osm:node/1722364857,restaurant,d02,osm
osm:node/1723344702,sports_centre,d02,osm
osm:node/1723347943,sports_centre,d02,osm
osm:node/1723348144,sports_centre,d02,osm
osm:node/1723353210,sports_centre,d02,osm
osm:node/1725614090,sports_centre,d02,osm
osm:node/1725802127,pitch,d06,osm
osm:node/1727153402,restaurant,d10,osm
osm:node/1729158193,restaurant,d04,osm
osm:node/1729254629,bar,d04,osm
osm:node/1729255371,bar,d04,osm
osm:node/1729271333,fitness_centre,d04,osm
osm:node/1730509422,sports_centre,d04,osm
osm:node/1730779756,restaurant,d04,osm
osm:node/1730938065,restaurant,d04,osm
osm:node/1731090910,restaurant,d04,osm
osm:node/1731973535,restaurant,d04,osm
osm:node/1732209431,cafe,d04,osm
osm:node/1732241000,restaurant,d04,osm
osm:node/1732434815,cafe,d04,osm
osm:node/1735850636,sports_centre,d07,osm
osm:node/1737484242,restaurant,d14,osm
osm:node/1737968232,biergarten,d02,osm
osm:node/1740259398,pub,d03,osm
osm:node/1740400579,fitness_centre,d02,osm
osm:node/1742005509,cafe,d20,osm
osm:node/1742005517,cafe,d20,osm
osm:node/1744229463,restaurant,d15,osm
osm:node/1744229465,pub,d15,osm
osm:node/1744315076,restaurant,d12,osm
osm:node/1747565716,cafe,d04,osm
osm:node/1747954641,restaurant,d22,osm
osm:node/1751349362,cafe,d01,osm
osm:node/1752561673,bar,d17,osm
osm:node/1752595009,sports_centre,d02,osm
osm:node/1756173656,bar,d06,osm
osm:node/1756230554,bar,d06,osm
osm:node/1756232675,bar,d06,osm
osm:node/1756236408,restaurant,d06,osm
osm:node/1756941534,bar,d01,osm
osm:node/1760411638,nightclub,d06,osm
osm:node/1764201661,bar,d06,osm
osm:node/1764202761,restaurant,d03,osm
osm:node/1764647426,restaurant,d06,osm
osm:node/1768540891,cafe,d10,osm
osm:node/1769270744,sports_centre,d10,osm
osm:node/1770421165,restaurant,d07,osm
osm:node/1770649858,restaurant,d06,osm
osm:node/1772827351,restaurant,d07,osm
osm:node/1775070493,nightclub,d20,osm
osm:node/1776090872,pub,d15,osm
osm:node/1777315906,restaurant,d20,osm
osm:node/1777750875,restaurant,d18,osm
osm:node/1779421262,cafe,d03,osm
osm:node/1779797396,restaurant,d05,osm
osm:node/1779797728,restaurant,d05,osm
osm:node/1779797906,restaurant,d05,osm
osm:node/1779876734,restaurant,d04,osm
osm:node/1780408812,restaurant,d04,osm
osm:node/1781924195,sports_centre,d21,osm
osm:node/1784481906,cafe,d04,osm
osm:node/1784800698,pub,d09,osm
osm:node/1785276847,sports_centre,d06,osm
osm:node/1785315520,nightclub,d01,osm
osm:node/1786176042,restaurant,d02,osm
osm:node/1787153982,pub,d10,osm
osm:node/1787190255,restaurant,d08,osm
osm:node/1797074397,restaurant,d06,osm
osm:node/1801683335,restaurant,d02,osm
osm:node/1802230473,restaurant,d21,osm
osm:node/1802230474,cafe,d21,osm
osm:node/1802230476,cafe,d21,osm
osm:node/1802230478,restaurant,d22,osm
osm:node/1802230509,cafe,d21,osm
osm:node/1802230566,restaurant,d21,osm
osm:node/1802230619,restaurant,d21,osm
osm:node/1802230856,cafe,d21,osm
osm:node/1804294334,restaurant,d02,osm
osm:node/1807906083,restaurant,d10,osm
osm:node/1812917808,restaurant,d16,osm
osm:node/1819239795,restaurant,d10,osm
osm:node/1819242096,restaurant,d10,osm
osm:node/1819267835,restaurant,d10,osm
osm:node/1822711264,restaurant,d10,osm
osm:node/1822949326,cafe,d09,osm
osm:node/1825516561,restaurant,d06,osm
osm:node/1825516566,restaurant,d07,osm
osm:node/1825985207,restaurant,d03,osm
osm:node/1826262496,restaurant,d17,osm
osm:node/1832531890,restaurant,d01,osm
osm:node/1835534618,restaurant,d10,osm
osm:node/1836979093,cafe,d19,osm
osm:node/1836989583,bar,d12,osm
osm:node/1838694688,restaurant,d04,osm
osm:node/1841473771,restaurant,d16,osm
osm:node/1841533958,pub,d16,osm
osm:node/1841540786,cafe,d16,osm
osm:node/1841605260,restaurant,d15,osm
osm:node/1841904079,fitness_centre,d12,osm
osm:node/1842335430,fitness_centre,d02,osm
osm:node/1845377380,restaurant,d02,osm
osm:node/1846909723,restaurant,d08,osm
osm:node/1849426225,restaurant,d10,osm
osm:node/1852952105,restaurant,d22,osm
osm:node/1852952316,cafe,d22,osm
osm:node/1853441231,restaurant,d09,osm
osm:node/1853444670,restaurant,d09,osm
osm:node/1863241458,restaurant,d05,osm
osm:node/1873911446,restaurant,d22,osm
osm:node/1874061405,restaurant,d01,osm
osm:node/1874254578,restaurant,d22,osm
osm:node/1874547068,restaurant,d21,osm
osm:node/1874547069,restaurant,d21,osm
osm:node/1880692099,sports_centre,d22,osm
osm:node/1881195202,restaurant,d02,osm
osm:node/1881666783,cafe,d02,osm
osm:node/1884703785,restaurant,d21,osm
osm:node/1886348004,restaurant,d08,osm
osm:node/1888701033,restaurant,d02,osm
osm:node/1888730233,restaurant,d02,osm
osm:node/1888793839,restaurant,d02,osm
osm:node/1889771200,restaurant,d02,osm
osm:node/1894132484,restaurant,d09,osm
osm:node/1894439571,restaurant,d02,osm
osm:node/1894638487,cafe,d19,osm
osm:node/1894707699,restaurant,d06,osm
osm:node/1896102096,pitch,d19,osm
osm:node/1896102128,cafe,d12,osm
osm:node/1896113645,restaurant,d02,osm
osm:node/1896117010,restaurant,d02,osm
osm:node/1903094531,pub,d10,osm
osm:node/1903909191,pub,d07,osm
osm:node/1906553709,restaurant,d18,osm
osm:node/1907118691,cafe,d19,osm
osm:node/1910748622,restaurant,d12,osm
osm:node/1912003408,restaurant,d07,osm
osm:node/1912668920,restaurant,d16,osm
osm:node/1913129892,restaurant,d16,osm
osm:node/1913342055,restaurant,d15,osm
osm:node/1913963706,cafe,d17,osm
osm:node/1916813668,cafe,d01,osm
osm:node/1917166455,cafe,d01,osm
osm:node/1918765993,restaurant,d02,osm
osm:node/1919079477,restaurant,d01,osm
osm:node/1921567509,cafe,d03,osm
osm:node/1921851321,cafe,d07,osm
osm:node/1924276045,bar,d01,osm
osm:node/1927759612,bar,d16,osm
osm:node/1930466965,restaurant,d04,osm
osm:node/1930467033,cafe,d04,osm
osm:node/1932222464,cafe,d03,osm
osm:node/1935447984,restaurant,d20,osm
osm:node/1936025717,pub,d03,osm
osm:node/1939416291,sports_centre,d12,osm
osm:node/1942541015,restaurant,d16,osm
osm:node/1943204056,restaurant,d04,osm
osm:node/1943950910,restaurant,d03,osm
osm:node/1944670145,restaurant,d01,osm
osm:node/1944670150,cafe,d01,osm
osm:node/1944671022,restaurant,d01,osm
osm:node/1944671128,restaurant,d01,osm
osm:node/1949307283,restaurant,d03,osm
osm:node/1949307287,restaurant,d03,osm
osm:node/1949307300,restaurant,d03,osm
osm:node/1949363099,bar,d01,osm
osm:node/1949411509,bar,d01,osm
osm:node/1949411512,bar,d01,osm
osm:node/1949419327,bar,d01,osm
osm:node/1949586786,sports_centre,d03,osm
osm:node/1952352277,cafe,d01,osm
osm:node/1954554302,fitness_centre,d01,osm
osm:node/1954556171,cafe,d01,osm
osm:node/1954568017,restaurant,d01,osm
osm:node/1955278832,restaurant,d06,osm
osm:node/1960941676,restaurant,d17,osm
osm:node/1964987346,restaurant,d10,osm
osm:node/1965010055,pub,d10,osm
osm:node/1965017666,restaurant,d10,osm
osm:node/1968774256,restaurant,d01,osm
osm:node/1968774258,restaurant,d01,osm
osm:node/1968846330,restaurant,d12,osm
osm:node/1969901966,restaurant,d21,osm
osm:node/1969920409,cafe,d04,osm
osm:node/1970228875,restaurant,d19,osm
osm:node/1970390505,bar,d01,osm
osm:node/1972128409,sports_centre,d09,osm
osm:node/1972146224,sports_centre,d09,osm
osm:node/1972229601,sports_centre,d09,osm
osm:node/1973677637,fitness_centre,d09,osm
osm:node/1973833050,restaurant,d19,osm
osm:node/1976676038,restaurant,d19,osm
osm:node/1978310266,restaurant,d19,osm
osm:node/1988328669,restaurant,d01,osm
osm:node/1991433140,restaurant,d16,osm
osm:node/1992827875,bar,d08,osm
osm:node/1993134070,pub,d05,osm
osm:node/1994306605,cafe,d23,osm
osm:node/1994360254,restaurant,d23,osm
osm:node/1994364880,cafe,d23,osm
osm:node/1994505302,restaurant,d08,osm
osm:node/1996706550,restaurant,d01,osm
osm:node/2000560985,restaurant,d08,osm
osm:node/2004973987,restaurant,d21,osm
osm:node/2005150064,restaurant,d07,osm
osm:node/2010396616,restaurant,d21,osm
osm:node/2012079013,restaurant,d19,osm
osm:node/2012081578,restaurant,d19,osm
osm:node/2016344840,restaurant,d19,osm
osm:node/2018938803,restaurant,d18,osm
osm:node/2020225668,restaurant,d19,osm
osm:node/2020225680,restaurant,d19,osm
osm:node/2040313938,restaurant,d14,osm
osm:node/2047691655,fitness_centre,d10,osm
osm:node/2048179815,bar,d09,osm
osm:node/2048199383,bar,d18,osm
osm:node/2048616571,restaurant,d02,osm
osm:node/2048616583,cafe,d02,osm
osm:node/2052777619,restaurant,d22,osm
osm:node/2054130864,restaurant,d10,osm
osm:node/2054289405,restaurant,d23,osm
osm:node/2054759016,pub,d14,osm
osm:node/2057743982,cafe,d07,osm
osm:node/2057899567,restaurant,d01,osm
osm:node/2062018766,cafe,d22,osm
osm:node/2068070718,restaurant,d19,osm
osm:node/2076221292,restaurant,d14,osm
osm:node/2076299367,restaurant,d14,osm
osm:node/2076303268,cafe,d14,osm
osm:node/2077922997,restaurant,d16,osm
osm:node/2080997789,restaurant,d15,osm
osm:node/2083297605,cafe,d23,osm
osm:node/2083468740,restaurant,d07,osm
osm:node/2086495843,restaurant,d16,osm
osm:node/2086495846,cafe,d16,osm
osm:node/2088379467,restaurant,d14,osm
osm:node/2088379468,restaurant,d14,osm
osm:node/2090010631,restaurant,d09,osm
osm:node/2096142609,restaurant,d09,osm
osm:node/2096210307,restaurant,d14,osm
osm:node/2096231625,restaurant,d13,osm
osm:node/2096231629,pub,d13,osm
osm:node/2098809987,restaurant,d09,osm
osm:node/2103427100,cafe,d13,osm
osm:node/2107053284,pub,d16,osm
osm:node/2111217142,cafe,d14,osm
osm:node/2111217148,restaurant,d14,osm
osm:node/2111217159,restaurant,d14,osm
osm:node/2113423706,restaurant,d01,osm
osm:node/2113476871,bar,d01,osm
osm:node/2113486562,restaurant,d01,osm
osm:node/2113489038,restaurant,d01,osm
osm:node/2115590614,nightclub,d10,osm
osm:node/2122487551,cafe,d08,osm
osm:node/2124106507,restaurant,d01,osm
osm:node/2127332398,restaurant,d17,osm
osm:node/2129501690,bar,d16,osm
osm:node/2130927417,cafe,d09,osm
osm:node/2133047687,restaurant,d01,osm
osm:node/2137681437,cafe,d05,osm
osm:node/2137688161,restaurant,d04,osm
osm:node/2139290505,restaurant,d21,osm
osm:node/2141521287,cafe,d12,osm
osm:node/2141984084,cafe,d04,osm
osm:node/2144683042,restaurant,d14,osm
osm:node/2145110892,bar,d15,osm
osm:node/2146196525,restaurant,d06,osm
osm:node/2151815684,restaurant,d09,osm
osm:node/2152354102,bar,d09,osm
osm:node/2152354132,restaurant,d09,osm
osm:node/2154656748,cafe,d12,osm
osm:node/2155225619,restaurant,d15,osm
osm:node/2156238185,restaurant,d09,osm
osm:node/2158088050,restaurant,d21,osm
osm:node/2159504854,cafe,d20,osm
osm:node/2159506008,restaurant,d20,osm
osm:node/2159510875,restaurant,d20,osm
osm:node/2159511715,cafe,d20,osm
osm:node/2162384112,restaurant,d01,osm
osm:node/2163639084,nightclub,d22,osm
osm:node/2164244743,restaurant,d05,osm
osm:node/2166862527,pub,d15,osm
osm:node/2166969446,sports_centre,d19,osm
osm:node/2171977206,restaurant,d17,osm
osm:node/2175056007,restaurant,d12,osm
osm:node/2178843142,cafe,d09,osm
osm:node/2181886001,cafe,d09,osm
osm:node/2181886024,restaurant,d09,osm
osm:node/2181937533,restaurant,d09,osm
osm:node/2184683518,bar,d15,osm
osm:node/2191044822,fitness_centre,d02,osm
osm:node/2206804677,restaurant,d20,osm
osm:node/2209848155,restaurant,d23,osm
osm:node/2209991118,cafe,d11,osm
osm:node/2210358270,restaurant,d09,osm
osm:node/2211896741,restaurant,d09,osm
osm:node/2217042367,cafe,d07,osm
osm:node/2242580822,restaurant,d11,osm
osm:node/2247657921,restaurant,d21,osm
osm:node/2247671864,restaurant,d11,osm
osm:node/2257658060,restaurant,d01,osm
osm:node/2258149842,cafe,d06,osm
osm:node/2258175756,pub,d01,osm
osm:node/2261282154,nightclub,d12,osm
osm:node/2264190796,restaurant,d19,osm
osm:node/2265961202,restaurant,d02,osm
osm:node/2275586098,cafe,d06,osm
osm:node/2278921922,cafe,d17,osm
osm:node/2288356925,restaurant,d22,osm
osm:node/2291278782,restaurant,d20,osm
osm:node/2291278783,restaurant,d20,osm
osm:node/2302700196,restaurant,d17,osm
osm:node/2311414958,pub,d10,osm
osm:node/2313068140,pub,d01,osm
osm:node/2313291176,restaurant,d16,osm
osm:node/2315665961,bar,d07,osm
osm:node/2316391562,cafe,d04,osm
osm:node/2316808619,restaurant,d08,osm
osm:node/2322073946,sports_centre,d05,osm
osm:node/2322078051,sports_centre,d21,osm
osm:node/2322156158,sports_centre,d22,osm
osm:node/2322385681,sports_centre,d16,osm
osm:node/2324638602,restaurant,d03,osm
osm:node/2326240000,bar,d08,osm
osm:node/2327414512,restaurant,d17,osm
osm:node/2329405787,bar,d08,osm
osm:node/2334354199,cafe,d21,osm
osm:node/2334354201,restaurant,d21,osm
osm:node/2334354204,cafe,d21,osm
osm:node/2334354205,restaurant,d21,osm
osm:node/2334368443,restaurant,d21,osm
osm:node/2334368444,restaurant,d21,osm
osm:node/2336844415,pub,d16,osm
osm:node/2338206268,restaurant,d18,osm
osm:node/2343158536,bar,d01,osm
osm:node/2343241693,restaurant,d21,osm
osm:node/2344217756,cafe,d09,osm
osm:node/2344577123,restaurant,d01,osm
osm:node/2344882593,restaurant,d17,osm
osm:node/2344889827,restaurant,d18,osm
osm:node/2352626076,pub,d03,osm
osm:node/2352669698,bar,d02,osm
osm:node/2353475441,bar,d12,osm
osm:node/2353478110,cafe,d12,osm
osm:node/2353486358,cafe,d12,osm
osm:node/2354507999,restaurant,d15,osm
osm:node/2357829147,sports_centre,d02,osm
osm:node/2359394178,bar,d03,osm
osm:node/2359444698,cafe,d03,osm
osm:node/2360936743,pub,d01,osm
osm:node/2365710579,restaurant,d09,osm
osm:node/2366421242,restaurant,d09,osm
osm:node/2368925599,restaurant,d05,osm
osm:node/2370729313,restaurant,d01,osm
osm:node/2372320952,restaurant,d03,osm
osm:node/2373571210,restaurant,d09,osm
osm:node/2374032542,restaurant,d02,osm
osm:node/2374484017,restaurant,d19,osm
osm:node/2377140839,restaurant,d09,osm
osm:node/2377471513,restaurant,d07,osm
osm:node/2382842975,restaurant,d07,osm
osm:node/2388999071,restaurant,d17,osm
osm:node/2390866729,cafe,d08,osm
osm:node/2391161680,pub,d22,osm
osm:node/2391874037,restaurant,d06,osm
osm:node/2397484585,cafe,d02,osm
osm:node/2411122961,cafe,d02,osm
osm:node/2411309922,restaurant,d19,osm
osm:node/2411576119,restaurant,d02,osm
osm:node/2415389873,cafe,d19,osm
osm:node/2415389880,bar,d19,osm
osm:node/2415389884,fitness_centre,d19,osm
osm:node/2417989940,restaurant,d14,osm
osm:node/2418263567,restaurant,d01,osm
osm:node/2418893694,restaurant,d01,osm
osm:node/2418896282,restaurant,d20,osm
osm:node/2423474909,restaurant,d06,osm
osm:node/2423474927,cafe,d19,osm
osm:node/2425800992,restaurant,d14,osm
osm:node/2426998324,cafe,d14,osm
osm:node/2428107237,cafe,d10,osm
osm:node/2428114552,pub,d10,osm
osm:node/2432707377,restaurant,d18,osm
osm:node/2437230770,bar,d02,osm
osm:node/2445634964,restaurant,d08,osm
osm:node/2445635068,restaurant,d08,osm
osm:node/2446549028,pub,d22,osm
osm:node/2447812191,restaurant,d22,osm
osm:node/2447845706,restaurant,d21,osm
osm:node/2447871267,restaurant,d21,osm
osm:node/2450295917,restaurant,d22,osm
osm:node/2450295921,restaurant,d22,osm
osm:node/2450545676,restaurant,d22,osm
osm:node/2450560273,pub,d22,osm
osm:node/2451762209,restaurant,d22,osm
osm:node/2453709466,restaurant,d22,osm
osm:node/2454512962,restaurant,d12,osm
osm:node/2457088247,restaurant,d10,osm
osm:node/2458558761,pub,d13,osm
osm:node/2458558762,restaurant,d13,osm
osm:node/2458558766,restaurant,d13,osm
osm:node/2458558769,bar,d13,osm
osm:node/2458558771,cafe,d13,osm
osm:node/2459522171,restaurant,d14,osm
osm:node/2461383062,restaurant,d02,osm
osm:node/2463089725,cafe,d01,osm
osm:node/2463860299,restaurant,d21,osm
osm:node/2467188689,restaurant,d07,osm
osm:node/2473121642,restaurant,d22,osm
osm:node/2473490459,restaurant,d20,osm
osm:node/2475377599,restaurant,d02,osm
osm:node/2476501165,bar,d01,osm
osm:node/2476576889,nightclub,d01,osm
osm:node/2478537583,restaurant,d22,osm
osm:node/2478696679,restaurant,d05,osm
osm:node/2479206355,cafe,d21,osm
osm:node/2479264868,restaurant,d06,osm
osm:node/2479293608,restaurant,d21,osm
osm:node/2479315108,cafe,d21,osm
osm:node/2480036338,restaurant,d22,osm
osm:node/2481283639,pub,d12,osm
osm:node/2481295587,restaurant,d06,osm
osm:node/2484073313,restaurant,d07,osm
osm:node/2484859198,restaurant,d20,osm
osm:node/2484859200,cafe,d20,osm
osm:node/2484859207,cafe,d20,osm
osm:node/2484899326,cafe,d20,osm
osm:node/2484899327,restaurant,d20,osm
osm:node/2484910479,cafe,d20,osm
osm:node/2484910499,bar,d20,osm
osm:node/2484918184,restaurant,d04,osm
osm:node/2484940629,bar,d20,osm
osm:node/2484964779,restaurant,d20,osm
osm:node/2484974272,cafe,d02,osm
osm:node/2488254211,restaurant,d20,osm
osm:node/2489078827,restaurant,d01,osm
osm:node/2489108768,cafe,d02,osm
osm:node/2491726101,restaurant,d02,osm
osm:node/2493279563,restaurant,d22,osm
osm:node/2494780337,cafe,d02,osm
osm:node/2495761056,restaurant,d21,osm
osm:node/2500519191,pub,d01,osm
osm:node/2500806638,restaurant,d22,osm
osm:node/2500823773,restaurant,d22,osm
osm:node/2503270995,restaurant,d08,osm
osm:node/2503721946,restaurant,d22,osm
osm:node/2504018977,restaurant,d22,osm
osm:node/2505312402,cafe,d02,osm
osm:node/2506067377,bar,d20,osm
osm:node/2506074641,cafe,d20,osm
osm:node/2506234287,restaurant,d03,osm
osm:node/2506234288,restaurant,d03,osm
osm:node/2506234293,cafe,d03,osm
osm:node/2506291176,restaurant,d03,osm
osm:node/2506291182,fitness_centre,d03,osm
osm:node/2507465152,restaurant,d21,osm
osm:node/2509098252,fitness_centre,d22,osm
osm:node/2510053075,restaurant,d21,osm
osm:node/2510830722,restaurant,d21,osm
osm:node/2510830729,restaurant,d21,osm
osm:node/2512621735,restaurant,d04,osm
osm:node/2515671261,restaurant,d04,osm
osm:node/2517094501,cafe,d11,osm
osm:node/2523333847,fitness_centre,d01,osm
osm:node/2526083492,cafe,d11,osm
osm:node/2526083494,restaurant,d11,osm
osm:node/2526083509,cafe,d11,osm
osm:node/2526101567,restaurant,d11,osm
osm:node/2526101576,cafe,d11,osm
osm:node/2526139382,restaurant,d03,osm
osm:node/2526139384,restaurant,d03,osm
osm:node/2526240475,restaurant,d03,osm
osm:node/2526254770,cafe,d03,osm
osm:node/2526254797,restaurant,d03,osm
osm:node/2527209693,cafe,d08,osm
osm:node/2529267575,restaurant,d01,osm
osm:node/2529269365,restaurant,d02,osm
osm:node/2529270524,restaurant,d02,osm
osm:node/2529270950,restaurant,d08,osm
osm:node/2529344661,restaurant,d12,osm
osm:node/2530403001,restaurant,d12,osm
osm:node/2531301389,cafe,d07,osm
osm:node/2532609143,cafe,d06,osm
osm:node/2532609162,restaurant,d07,osm
osm:node/2536414363,cafe,d21,osm
osm:node/2536472685,sports_centre,d21,osm
osm:node/2537091455,restaurant,d11,osm
osm:node/2537832053,restaurant,d13,osm
osm:node/2538128940,cafe,d11,osm
osm:node/2538461739,nightclub,d01,osm
osm:node/2538461878,bar,d01,osm
osm:node/2539737143,restaurant,d12,osm
osm:node/2540418216,restaurant,d07,osm
osm:node/2543743671,restaurant,d02,osm
osm:node/2543743678,cafe,d02,osm
osm:node/2543743713,restaurant,d02,osm
osm:node/2543961975,restaurant,d21,osm
osm:node/2548349510,restaurant,d09,osm
osm:node/2552613288,restaurant,d21,osm
osm:node/2552618331,restaurant,d07,osm
osm:node/2552629742,restaurant,d07,osm
osm:node/2563578537,restaurant,d17,osm
osm:node/2567156026,cafe,d21,osm
osm:node/2568290640,bar,d06,osm
osm:node/2568387463,restaurant,d01,osm
osm:node/2568626442,cafe,d22,osm
osm:node/2568626450,restaurant,d22,osm
osm:node/2568949871,restaurant,d01,osm
osm:node/2570326668,restaurant,d22,osm
osm:node/2571249351,cafe,d22,osm
osm:node/2571390953,restaurant,d16,osm
osm:node/2573368281,restaurant,d08,osm
osm:node/2573658162,cafe,d17,osm
osm:node/2573667291,sports_centre,d17,osm
osm:node/2574578105,restaurant,d01,osm
osm:node/2577015915,restaurant,d22,osm
osm:node/2577118842,restaurant,d22,osm
osm:node/2579219364,restaurant,d08,osm
osm:node/2581257456,restaurant,d06,osm
osm:node/2594471077,restaurant,d03,osm
osm:node/2598878235,restaurant,d03,osm
osm:node/2605273046,nightclub,d08,osm
osm:node/2607328418,fitness_centre,d19,osm
osm:node/2609889223,pub,d18,osm
osm:node/2612461576,restaurant,d12,osm
osm:node/2612471523,cafe,d22,osm
osm:node/2613518523,cafe,d06,osm
osm:node/2613518524,restaurant,d06,osm
osm:node/2617056379,restaurant,d01,osm
osm:node/2617056382,restaurant,d01,osm
osm:node/2617117223,bar,d02,osm
osm:node/2619598579,cafe,d17,osm
osm:node/2619649579,restaurant,d17,osm
osm:node/2619649580,restaurant,d17,osm
osm:node/2624689237,restaurant,d03,osm
osm:node/2624692095,restaurant,d03,osm
osm:node/2624695918,restaurant,d03,osm
osm:node/2632060138,restaurant,d04,osm
osm:node/2637865925,cafe,d02,osm
osm:node/2637866970,restaurant,d02,osm
osm:node/2643323010,restaurant,d14,osm
osm:node/2647300062,cafe,d16,osm
osm:node/2647732708,restaurant,d17,osm
osm:node/2650654801,bar,d01,osm
osm:node/2652815600,restaurant,d17,osm
osm:node/2655441412,restaurant,d11,osm
osm:node/2656363162,cafe,d03,osm
osm:node/2657012623,restaurant,d14,osm
osm:node/2657609202,restaurant,d06,osm
osm:node/2662867507,cafe,d20,osm
osm:node/2662867562,restaurant,d20,osm
osm:node/2662929943,cafe,d20,osm
osm:node/2669050201,bar,d07,osm
osm:node/2669480090,restaurant,d11,osm
osm:node/2670820058,restaurant,d01,osm
osm:node/2683475950,cafe,d01,osm
osm:node/2684621259,restaurant,d08,osm
osm:node/2693105392,bar,d13,osm
osm:node/2694283360,restaurant,d13,osm
osm:node/2701010146,cafe,d07,osm
osm:node/2701086843,restaurant,d14,osm
osm:node/2701970797,cafe,d09,osm
osm:node/2707515284,restaurant,d10,osm
osm:node/2710845517,bar,d22,osm
osm:node/2712610108,cafe,d10,osm
osm:node/2715627598,cafe,d23,osm
osm:node/2717549923,cafe,d13,osm
osm:node/2730139238,restaurant,d01,osm
osm:node/2730873527,restaurant,d09,osm
osm:node/2731223454,restaurant,d18,osm
osm:node/2736336390,cafe,d01,osm
osm:node/2737141631,restaurant,d07,osm
osm:node/2741691424,restaurant,d21,osm
osm:node/2744327532,fitness_centre,d07,osm
osm:node/2747964835,restaurant,d05,osm
osm:node/2749151395,restaurant,d12,osm
osm:node/2750456220,restaurant,d15,osm
osm:node/2750669760,restaurant,d12,osm
osm:node/2763757530,restaurant,d05,osm
osm:node/2771767764,restaurant,d09,osm
osm:node/2773679895,cafe,d01,osm
osm:node/2790291492,restaurant,d10,osm
osm:node/2790297234,cafe,d10,osm
osm:node/2800544976,restaurant,d10,osm
osm:node/2803285701,restaurant,d03,osm
osm:node/2808577901,restaurant,d22,osm
osm:node/2812988821,cafe,d03,osm
osm:node/2819146101,restaurant,d21,osm
osm:node/2821271693,restaurant,d05,osm
osm:node/2833709343,cafe,d17,osm
osm:node/2837660500,restaurant,d13,osm
osm:node/2837661101,cafe,d13,osm
osm:node/2841401282,restaurant,d12,osm
osm:node/2860669257,restaurant,d23,osm
osm:node/2877561693,restaurant,d12,osm
osm:node/2886905792,bar,d06,osm
osm:node/2887248102,restaurant,d21,osm
osm:node/2887404176,bar,d07,osm
osm:node/2892002903,restaurant,d01,osm
osm:node/2895075845,restaurant,d09,osm
osm:node/2896228563,restaurant,d07,osm
osm:node/2901255701,restaurant,d09,osm
osm:node/2901356099,pub,d08,osm
osm:node/2902239878,restaurant,d11,osm
osm:node/2906330472,restaurant,d02,osm
osm:node/2908499754,cafe,d10,osm
osm:node/2921396525,cafe,d18,osm
osm:node/2923152001,cafe,d02,osm
osm:node/2924890354,restaurant,d01,osm
osm:node/2935041716,restaurant,d01,osm
osm:node/2937333382,restaurant,d09,osm
osm:node/2945692958,restaurant,d03,osm
osm:node/2946719924,pub,d01,osm
osm:node/2951940369,restaurant,d02,osm
osm:node/2954842027,restaurant,d03,osm
osm:node/2955751386,biergarten,d14,osm
osm:node/2960971943,cafe,d07,osm
osm:node/2962299633,bar,d01,osm
osm:node/2968227764,cafe,d06,osm
osm:node/2973708601,restaurant,d07,osm
osm:node/2974311101,restaurant,d02,osm
osm:node/2974318643,restaurant,d02,osm
osm:node/2974320960,cafe,d02,osm
osm:node/2975986751,restaurant,d08,osm
osm:node/2976102381,restaurant,d08,osm
osm:node/2976440916,restaurant,d07,osm
osm:node/2977709035,restaurant,d08,osm
osm:node/2977741433,restaurant,d08,osm
osm:node/2984119621,restaurant,d01,osm
osm:node/2984602439,bar,d04,osm
osm:node/2990971599,restaurant,d07,osm
osm:node/3002398334,fitness_centre,d12,osm
osm:node/3002971607,restaurant,d01,osm
osm:node/3007887159,restaurant,d09,osm
osm:node/3012157534,restaurant,d01,osm
osm:node/3014093275,restaurant,d19,osm
osm:node/3016770833,pub,d07,osm
osm:node/3019549010,cafe,d02,osm
osm:node/3027179235,cafe,d01,osm
osm:node/3027848320,restaurant,d19,osm
osm:node/3027850921,cafe,d08,osm
osm:node/3028618047,restaurant,d23,osm
osm:node/3031707493,restaurant,d16,osm
osm:node/3031707747,restaurant,d17,osm
osm:node/3034087245,cafe,d16,osm
osm:node/3034087717,cafe,d16,osm
osm:node/3034489600,restaurant,d19,osm
osm:node/3034678630,cafe,d15,osm
osm:node/3035413546,restaurant,d06,osm
osm:node/3038856181,cafe,d04,osm
osm:node/3044229601,restaurant,d21,osm
osm:node/3057641933,restaurant,d23,osm
osm:node/3057641942,restaurant,d23,osm
osm:node/3057641944,restaurant,d23,osm
osm:node/3057641946,restaurant,d12,osm
osm:node/3057641961,restaurant,d12,osm
osm:node/3058809678,restaurant,d01,osm
osm:node/3066504642,restaurant,d15,osm
osm:node/3074878751,restaurant,d14,osm
osm:node/3093823569,restaurant,d19,osm
osm:node/3093934438,restaurant,d18,osm
osm:node/3097777850,restaurant,d02,osm
osm:node/3101585463,cafe,d15,osm
osm:node/3103991688,restaurant,d09,osm
osm:node/3110936889,restaurant,d21,osm
osm:node/3110936890,restaurant,d21,osm
osm:node/3114407824,bar,d08,osm
osm:node/3133049179,restaurant,d08,osm
osm:node/3134827873,nightclub,d01,osm
osm:node/3138842790,cafe,d03,osm
osm:node/3150836624,cafe,d01,osm
osm:node/3153302022,restaurant,d05,osm
osm:node/3153942867,restaurant,d05,osm
osm:node/3157765847,restaurant,d04,osm
osm:node/3168712561,restaurant,d10,osm
osm:node/3170473895,cafe,d19,osm
osm:node/3171408096,bar,d01,osm
osm:node/3186185369,restaurant,d04,osm
osm:node/3186544039,restaurant,d17,osm
osm:node/3186700562,cafe,d09,osm
osm:node/3202944255,restaurant,d08,osm
osm:node/3203001291,restaurant,d12,osm
osm:node/3203001310,restaurant,d12,osm
osm:node/3205961161,restaurant,d03,osm
osm:node/3215150277,bar,d06,osm
osm:node/3215670079,bar,d01,osm
osm:node/3215670080,bar,d01,osm
osm:node/3215857484,bar,d01,osm
osm:node/3215857485,bar,d01,osm
osm:node/3215857486,bar,d01,osm
osm:node/3215857487,nightclub,d01,osm
osm:node/3215857490,bar,d01,osm
osm:node/3215857491,pub,d01,osm
osm:node/3215857492,restaurant,d01,osm
osm:node/3215857493,bar,d01,osm
osm:node/3215857494,bar,d01,osm
osm:node/3215857495,bar,d01,osm
osm:node/3215857496,bar,d01,osm
osm:node/3215857497,pub,d01,osm
osm:node/3216583087,restaurant,d14,osm
osm:node/3217609296,restaurant,d10,osm
osm:node/3218138914,cafe,d14,osm
osm:node/3219434374,restaurant,d11,osm
osm:node/3231708225,sports_centre,d03,osm
osm:node/3234287361,cafe,d19,osm
osm:node/3235042362,bar,d07,osm
osm:node/3239415361,restaurant,d19,osm
osm:node/3255811316,nightclub,d07,osm
osm:node/3257397686,restaurant,d10,osm
osm:node/3258242228,restaurant,d06,osm
osm:node/3259514301,restaurant,d19,osm
osm:node/3263833718,restaurant,d07,osm
osm:node/3266784188,restaurant,d18,osm
osm:node/3268083061,restaurant,d08,osm
osm:node/3271174773,pub,d09,osm
osm:node/3271174774,pub,d09,osm
osm:node/3271345296,pub,d09,osm
osm:node/3273321595,bar,d16,osm
osm:node/3274539678,restaurant,d04,osm
osm:node/3276659706,restaurant,d03,osm
osm:node/3279432461,restaurant,d08,osm
osm:node/3279524561,cafe,d05,osm
osm:node/3280700263,restaurant,d14,osm
osm:node/3281369491,restaurant,d03,osm
osm:node/3281716667,restaurant,d05,osm
osm:node/3291246359,cafe,d03,osm
osm:node/3296415382,restaurant,d10,osm
osm:node/3296415383,restaurant,d04,osm
osm:node/3316299363,restaurant,d02,osm
osm:node/3316480735,cafe,d07,osm
osm:node/3325473825,bar,d06,osm
osm:node/3326558173,cafe,d01,osm
osm:node/3326776019,restaurant,d01,osm
osm:node/3329236988,restaurant,d16,osm
osm:node/3338830080,restaurant,d12,osm
osm:node/3338908126,bar,d12,osm
osm:node/3344134380,restaurant,d07,osm
osm:node/3351860350,restaurant,d17,osm
osm:node/3352860238,restaurant,d21,osm
osm:node/3357028593,restaurant,d01,osm
osm:node/3357769328,restaurant,d17,osm
osm:node/3360508916,restaurant,d15,osm
osm:node/3360763824,bar,d08,osm
osm:node/3360770299,bar,d16,osm
osm:node/3360829687,pub,d08,osm
osm:node/3360863629,nightclub,d09,osm
osm:node/3366588427,restaurant,d01,osm
osm:node/3370159116,pub,d03,osm
osm:node/3370516708,bar,d07,osm
osm:node/3370643936,pub,d06,osm
osm:node/3371227224,nightclub,d04,osm
osm:node/3371230811,restaurant,d04,osm
osm:node/3371258561,bar,d06,osm
osm:node/3372995956,restaurant,d02,osm
osm:node/3373656517,pitch,d22,osm
osm:node/3374797171,pitch,d10,osm
osm:node/3375709783,restaurant,d01,osm
osm:node/3375759782,restaurant,d01,osm
osm:node/3378242993,cafe,d01,osm
osm:node/3380176573,restaurant,d08,osm
osm:node/3380779676,cafe,d19,osm
osm:node/3382805455,cafe,d01,osm
osm:node/3384993992,restaurant,d14,osm
osm:node/3386759591,pub,d05,osm
osm:node/3387552091,cafe,d06,osm
osm:node/3387746826,restaurant,d01,osm
osm:node/3387746827,bar,d01,osm
osm:node/3394931379,pub,d01,osm
osm:node/3419958321,restaurant,d14,osm
osm:node/3423723048,restaurant,d04,osm
osm:node/3425469742,restaurant,d07,osm
osm:node/3425523135,bar,d09,osm
osm:node/3425553021,restaurant,d07,osm
osm:node/3425562371,restaurant,d06,osm
osm:node/3425594713,bar,d09,osm
osm:node/3426987924,restaurant,d22,osm
osm:node/3442400632,restaurant,d09,osm
osm:node/3445093223,restaurant,d06,osm
osm:node/3446100893,restaurant,d17,osm
osm:node/3447435743,cafe,d13,osm
osm:node/3448718020,restaurant,d01,osm
osm:node/3448718021,cafe,d01,osm
osm:node/3450408299,restaurant,d15,osm
osm:node/3451258399,restaurant,d17,osm
osm:node/3451258400,restaurant,d17,osm
osm:node/3451340767,restaurant,d07,osm
osm:node/3453825119,cafe,d12,osm
osm:node/3455494412,restaurant,d03,osm
osm:node/3456346364,pub,d02,osm
osm:node/3456346368,restaurant,d02,osm
osm:node/3457504497,cafe,d04,osm
osm:node/3461140513,bar,d09,osm
osm:node/3461389414,bar,d21,osm
osm:node/3461830768,bar,d01,osm
osm:node/3461830769,restaurant,d01,osm
osm:node/3462959839,restaurant,d02,osm
osm:node/3463194593,cafe,d10,osm
osm:node/3465061604,sports_centre,d23,osm
osm:node/3467568523,cafe,d22,osm
osm:node/3467568525,restaurant,d22,osm
osm:node/3467568529,restaurant,d22,osm
osm:node/3470331946,restaurant,d04,osm
osm:node/3471640593,restaurant,d10,osm
osm:node/3482195406,cafe,d01,osm
osm:node/3489171239,restaurant,d01,osm
osm:node/3489171240,restaurant,d01,osm
osm:node/3489171244,cafe,d01,osm
osm:node/3489171246,cafe,d01,osm
osm:node/3490374093,restaurant,d10,osm
osm:node/3493548496,restaurant,d19,osm
osm:node/3495918503,restaurant,d14,osm
osm:node/3496036730,pub,d10,osm
osm:node/3497430854,cafe,d20,osm
osm:node/3499756835,cafe,d17,osm
osm:node/3503645673,restaurant,d21,osm
osm:node/3506970414,cafe,d18,osm
osm:node/3506970415,cafe,d18,osm
osm:node/3506970428,fitness_centre,d18,osm
osm:node/3506970435,fitness_centre,d18,osm
osm:node/3507543196,cafe,d10,osm
osm:node/3509532313,restaurant,d02,osm
osm:node/3509894396,bar,d02,osm
osm:node/3512205710,bar,d22,osm
osm:node/3512291544,cafe,d04,osm
osm:node/3515323535,restaurant,d20,osm
osm:node/3515938930,bar,d02,osm
osm:node/3517279902,restaurant,d07,osm
osm:node/3517310472,bar,d07,osm
osm:node/3517376631,cafe,d07,osm
osm:node/3521667403,restaurant,d19,osm
osm:node/3522432552,restaurant,d22,osm
osm:node/3523889606,cafe,d20,osm
osm:node/3524113982,cafe,d22,osm
osm:node/3524330333,cafe,d03,osm
osm:node/3524330334,cafe,d03,osm
osm:node/3532940644,bar,d15,osm
osm:node/3537193630,restaurant,d06,osm
osm:node/3541557104,restaurant,d03,osm
osm:node/3563459395,restaurant,d01,osm
osm:node/3563688393,restaurant,d10,osm
osm:node/3566377888,restaurant,d02,osm
osm:node/3571530106,restaurant,d01,osm
osm:node/3573352569,restaurant,d10,osm
osm:node/3574954393,cafe,d01,osm
osm:node/3574954394,cafe,d01,osm
osm:node/3579793197,cafe,d09,osm
osm:node/3583230477,restaurant,d05,osm
osm:node/3585996805,restaurant,d02,osm
osm:node/3586247775,cafe,d07,osm
osm:node/3587719462,cafe,d04,osm
osm:node/3603561816,restaurant,d02,osm
osm:node/3603561827,restaurant,d02,osm
osm:node/3603561833,cafe,d02,osm
osm:node/3606790221,restaurant,d08,osm
osm:node/3612389781,restaurant,d14,osm
osm:node/3613747840,restaurant,d11,osm
osm:node/3620548154,restaurant,d01,osm
osm:node/3633504185,restaurant,d21,osm
osm:node/3634242443,restaurant,d09,osm
osm:node/3634242446,restaurant,d09,osm
osm:node/3634242447,cafe,d09,osm
osm:node/3636472610,nightclub,d08,osm
osm:node/3636472620,bar,d08,osm
osm:node/3636472626,restaurant,d08,osm
osm:node/3642077698,bar,d16,osm
osm:node/3645208574,cafe,d01,osm
osm:node/3645208577,cafe,d01,osm
osm:node/3645208582,bar,d01,osm
osm:node/3645208586,restaurant,d01,osm
osm:node/3645208587,restaurant,d01,osm
osm:node/3645208588,bar,d01,osm
osm:node/3645208589,cafe,d01,osm
osm:node/3647824775,restaurant,d14,osm
osm:node/3659717969,restaurant,d05,osm
osm:node/3662026157,restaurant,d04,osm
osm:node/3662683825,pitch,d13,osm
osm:node/3662988505,restaurant,d04,osm
osm:node/3666488085,restaurant,d01,osm
osm:node/3666488086,cafe,d01,osm
osm:node/3666488092,restaurant,d01,osm
osm:node/3666488139,cafe,d01,osm
osm:node/3673522729,cafe,d01,osm
osm:node/3674168225,restaurant,d01,osm
osm:node/3674168226,restaurant,d01,osm
osm:node/3675134325,restaurant,d16,osm
osm:node/3676143725,cafe,d03,osm
osm:node/3677811730,cafe,d01,osm
osm:node/3682024831,bar,d07,osm
osm:node/3683012625,restaurant,d08,osm
osm:node/3685912226,cafe,d03,osm
osm:node/3696913053,cafe,d21,osm
osm:node/3705384739,fitness_station,d15,osm
osm:node/3707540915,sports_centre,d11,osm
osm:node/3707663429,restaurant,d01,osm
osm:node/3709486125,restaurant,d01,osm
osm:node/3709492567,cafe,d01,osm
osm:node/3713133200,restaurant,d21,osm
osm:node/3716880892,restaurant,d02,osm
osm:node/3716880893,fitness_centre,d02,osm
osm:node/3730835599,cafe,d07,osm
osm:node/3734218983,restaurant,d14,osm
osm:node/3734220029,restaurant,d17,osm
osm:node/3735118101,restaurant,d01,osm
osm:node/3735688141,restaurant,d22,osm
osm:node/3740466244,restaurant,d22,osm
osm:node/3742539925,fitness_centre,d04,osm
osm:node/3745162525,cafe,d19,osm
osm:node/3750767642,restaurant,d09,osm
osm:node/3754664959,nightclub,d15,osm
osm:node/3754688865,restaurant,d15,osm
osm:node/3754688875,cafe,d15,osm
osm:node/3754710522,restaurant,d15,osm
osm:node/3754710524,pub,d15,osm
osm:node/3759120284,fitness_centre,d15,osm
osm:node/3759120294,restaurant,d15,osm
osm:node/3759131038,cafe,d15,osm
osm:node/3759181491,sports_centre,d15,osm
osm:node/3759181492,restaurant,d15,osm
osm:node/3759191417,cafe,d15,osm
osm:node/3759222636,bar,d15,osm
osm:node/3759276921,restaurant,d12,osm
osm:node/3759312753,cafe,d12,osm
osm:node/3762665324,restaurant,d15,osm
osm:node/3762665326,cafe,d15,osm
osm:node/3762665327,cafe,d15,osm
osm:node/3765289157,restaurant,d18,osm
osm:node/3767115154,sports_centre,d06,osm
osm:node/3770773187,restaurant,d01,osm
osm:node/3774671502,restaurant,d05,osm
osm:node/3778358971,restaurant,d15,osm
osm:node/3778426357,bar,d15,osm
osm:node/3778426360,restaurant,d15,osm
osm:node/3778426372,cafe,d15,osm
osm:node/3779752442,restaurant,d10,osm
osm:node/3786175962,cafe,d07,osm
osm:node/3789312658,cafe,d04,osm
osm:node/3791235438,restaurant,d15,osm
osm:node/3792809309,cafe,d06,osm
osm:node/3792870136,restaurant,d12,osm
osm:node/3792870137,restaurant,d12,osm
osm:node/3792919395,restaurant,d12,osm
osm:node/3792959195,sports_centre,d12,osm
osm:node/3794006162,cafe,d16,osm
osm:node/3794006163,restaurant,d17,osm
osm:node/3794006168,restaurant,d16,osm
osm:node/3796926372,bar,d06,osm
osm:node/3798076312,restaurant,d20,osm
osm:node/3804193264,restaurant,d22,osm
osm:node/3804822012,restaurant,d06,osm
osm:node/3806650772,restaurant,d03,osm
osm:node/3811363936,restaurant,d01,osm
osm:node/3812967592,pub,d10,osm
osm:node/3815172594,restaurant,d13,osm
osm:node/3819795108,restaurant,d10,osm
osm:node/3822359258,restaurant,d22,osm
osm:node/3835688358,cafe,d01,osm
osm:node/3839156162,restaurant,d19,osm
osm:node/3848853043,restaurant,d18,osm
osm:node/3853297525,bar,d01,osm
osm:node/3856268122,restaurant,d10,osm
osm:node/3856268124,restaurant,d10,osm
osm:node/3856268125,cafe,d12,osm
osm:node/3857191069,restaurant,d10,osm
osm:node/3868635558,sports_centre,d19,osm
osm:node/3872476107,restaurant,d03,osm
osm:node/3872986257,fitness_centre,d18,osm
osm:node/3873957371,restaurant,d07,osm
osm:node/3874601059,cafe,d15,osm
osm:node/3884148269,restaurant,d08,osm
osm:node/3884770705,fitness_centre,d18,osm
osm:node/3886200633,sports_centre,d15,osm
osm:node/3886530194,bar,d01,osm
osm:node/3892446455,restaurant,d01,osm
osm:node/3894592155,bar,d02,osm
osm:node/3899622177,restaurant,d01,osm
osm:node/3906099212,fitness_station,d15,osm
osm:node/3908087774,restaurant,d21,osm
osm:node/3913107463,cafe,d16,osm
osm:node/3913191855,cafe,d16,osm
osm:node/3916497259,restaurant,d12,osm
osm:node/3916530590,restaurant,d12,osm
osm:node/3916555257,cafe,d12,osm
osm:node/3919963919,restaurant,d01,osm
osm:node/3924275100,restaurant,d05,osm
osm:node/3929688461,bar,d16,osm
osm:node/3930911894,restaurant,d06,osm
osm:node/3933751004,restaurant,d04,osm
osm:node/3934158867,cafe,d17,osm
osm:node/3934158869,restaurant,d17,osm
osm:node/3934357811,restaurant,d01,osm
osm:node/3935403228,cafe,d09,osm
osm:node/3941235432,restaurant,d20,osm
osm:node/3944585236,fitness_centre,d18,osm
osm:node/3944963113,restaurant,d09,osm
osm:node/3947626190,restaurant,d01,osm
osm:node/3952194516,restaurant,d20,osm
osm:node/3952433570,cafe,d03,osm
osm:node/3952787733,restaurant,d03,osm
osm:node/3956017965,restaurant,d20,osm
osm:node/3956744441,bar,d21,osm
osm:node/3958831438,restaurant,d19,osm
osm:node/3958848657,cafe,d19,osm
osm:node/3961438009,cafe,d01,osm
osm:node/3963796925,restaurant,d19,osm
osm:node/3964339847,cafe,d10,osm
osm:node/3964578496,bar,d09,osm
osm:node/3975798457,restaurant,d22,osm
osm:node/3987086364,pub,d09,osm
osm:node/3991869122,restaurant,d09,osm
osm:node/3994209817,restaurant,d04,osm
osm:node/3996185494,restaurant,d02,osm
osm:node/4013886134,restaurant,d11,osm
osm:node/4014218916,sports_centre,d23,osm
osm:node/4019425312,nightclub,d06,osm
osm:node/4019827636,restaurant,d17,osm
osm:node/4020497816,restaurant,d10,osm
osm:node/4020639198,cafe,d06,osm
osm:node/4026537575,cafe,d20,osm
osm:node/4030881336,restaurant,d14,osm
osm:node/4031227335,restaurant,d18,osm
osm:node/4034551605,restaurant,d09,osm
osm:node/4037399448,restaurant,d08,osm
osm:node/4047479303,restaurant,d06,osm
osm:node/4054984307,restaurant,d08,osm
osm:node/4055216880,restaurant,d12,osm
osm:node/4055216881,restaurant,d12,osm
osm:node/4057755312,restaurant,d08,osm
osm:node/4061239661,cafe,d21,osm
osm:node/4063613611,restaurant,d03,osm
osm:node/4065350558,sports_centre,d07,osm
osm:node/4065498107,restaurant,d07,osm
osm:node/4068154160,cafe,d07,osm
osm:node/4068343022,cafe,d07,osm
osm:node/4068343023,bar,d07,osm
osm:node/4068343030,restaurant,d07,osm
osm:node/4071146442,restaurant,d04,osm
osm:node/4081215562,restaurant,d13,osm
osm:node/4088648567,cafe,d07,osm
osm:node/4088714395,cafe,d07,osm
osm:node/4088782472,bar,d07,osm
osm:node/4088981010,restaurant,d09,osm
osm:node/4089575755,cafe,d17,osm
osm:node/4090395119,cafe,d03,osm
osm:node/4090485838,restaurant,d02,osm
osm:node/4090525897,sports_centre,d02,osm
osm:node/4091067531,bar,d02,osm
osm:node/4091067537,cafe,d02,osm
osm:node/4092592860,restaurant,d03,osm
osm:node/4092694840,restaurant,d03,osm
osm:node/4092758996,restaurant,d03,osm
osm:node/4093423323,sports_centre,d21,osm
osm:node/4095642745,restaurant,d09,osm
osm:node/4096953611,fitness_centre,d04,osm
osm:node/4096953612,fitness_centre,d04,osm
osm:node/4096953614,restaurant,d04,osm
osm:node/4096953617,restaurant,d04,osm
osm:node/4096953621,bar,d04,osm
osm:node/4097496289,restaurant,d07,osm
osm:node/4098305011,cafe,d07,osm
osm:node/4098511098,restaurant,d07,osm
osm:node/4099311016,restaurant,d04,osm
osm:node/4099962977,cafe,d02,osm
osm:node/4099979132,restaurant,d02,osm
osm:node/4099993153,restaurant,d02,osm
osm:node/4100000112,pub,d02,osm
osm:node/4100006592,restaurant,d07,osm
osm:node/4100007717,bar,d02,osm
osm:node/4100013473,sports_centre,d07,osm
osm:node/4100026438,bar,d07,osm
osm:node/4100026450,pub,d07,osm
osm:node/4100027617,bar,d07,osm
osm:node/4100066003,sports_centre,d07,osm
osm:node/4100077924,bar,d07,osm
osm:node/4100091290,cafe,d07,osm
osm:node/4100575549,bar,d02,osm
osm:node/4100575557,bar,d02,osm
osm:node/4100575561,bar,d02,osm
osm:node/4100575567,pub,d02,osm
osm:node/4100575572,restaurant,d02,osm
osm:node/4100575577,bar,d02,osm
osm:node/4101792157,cafe,d07,osm
osm:node/4102143557,restaurant,d14,osm
osm:node/4111596215,cafe,d02,osm
osm:node/4111851445,bar,d09,osm
osm:node/4114269763,restaurant,d16,osm
osm:node/4116304263,bar,d06,osm
osm:node/4116304264,bar,d06,osm
osm:node/4118511706,cafe,d02,osm
osm:node/4118542480,restaurant,d06,osm
osm:node/4118542481,restaurant,d06,osm
osm:node/4118542483,cafe,d06,osm
osm:node/4118542484,restaurant,d06,osm
osm:node/4118542486,restaurant,d06,osm
osm:node/4118542488,bar,d06,osm
osm:node/4118543089,restaurant,d06,osm
osm:node/4118583445,bar,d02,osm
osm:node/4133419508,fitness_centre,d09,osm
osm:node/4140312794,restaurant,d15,osm
osm:node/4140315523,restaurant,d15,osm
osm:node/4141815826,bar,d01,osm
osm:node/4143596299,nightclub,d12,osm
osm:node/4148895090,restaurant,d01,osm
osm:node/4149750848,restaurant,d16,osm
osm:node/4156396894,restaurant,d01,osm
osm:node/4156396895,restaurant,d01,osm
osm:node/4159400489,restaurant,d10,osm
osm:node/4163604659,cafe,d01,osm
osm:node/4167787639,cafe,d08,osm
osm:node/4171290621,restaurant,d16,osm
osm:node/4184204989,restaurant,d01,osm
osm:node/4187164246,cafe,d01,osm
osm:node/4187164250,restaurant,d01,osm
osm:node/4187164253,restaurant,d01,osm
osm:node/4187164254,restaurant,d01,osm
osm:node/4189483926,restaurant,d23,osm
osm:node/4191240192,restaurant,d01,osm
osm:node/4192061714,restaurant,d09,osm
osm:node/4192093000,restaurant,d06,osm
osm:node/4196632773,restaurant,d09,osm
osm:node/4201710298,restaurant,d16,osm
osm:node/4201718046,cafe,d06,osm
osm:node/4203043448,restaurant,d01,osm
osm:node/4208932159,restaurant,d01,osm
osm:node/4210289795,restaurant,d08,osm
osm:node/4210781134,restaurant,d07,osm
osm:node/4212960596,cafe,d14,osm
osm:node/4219992090,restaurant,d03,osm
osm:node/4224269644,restaurant,d21,osm
osm:node/4224269648,restaurant,d21,osm
osm:node/4224269650,restaurant,d21,osm
osm:node/4224269653,restaurant,d21,osm
osm:node/4224269655,restaurant,d21,osm
osm:node/4224318922,pub,d07,osm
osm:node/4224832491,cafe,d03,osm
osm:node/4225399316,cafe,d05,osm
osm:node/4225401596,fitness_centre,d21,osm
osm:node/4225441897,cafe,d05,osm
osm:node/4225441898,restaurant,d05,osm
osm:node/4226900394,restaurant,d02,osm
osm:node/4227441199,cafe,d23,osm
osm:node/4227679601,cafe,d21,osm
osm:node/4227692976,restaurant,d21,osm
osm:node/4229895332,restaurant,d02,osm
osm:node/4229895333,restaurant,d02,osm
osm:node/4229895340,restaurant,d02,osm
osm:node/4231937520,cafe,d09,osm
osm:node/4233346264,restaurant,d02,osm
osm:node/4234477293,restaurant,d01,osm
osm:node/4234488293,bar,d01,osm
osm:node/4234492091,bar,d01,osm
osm:node/4234514090,bar,d01,osm
osm:node/4234514091,cafe,d01,osm
osm:node/4234524789,bar,d01,osm
osm:node/4234524889,bar,d01,osm
osm:node/4234525889,cafe,d01,osm
osm:node/4239841589,restaurant,d17,osm
osm:node/4239872992,restaurant,d15,osm
osm:node/4239906092,cafe,d15,osm
osm:node/4239913590,cafe,d15,osm
osm:node/4239914889,restaurant,d12,osm
osm:node/4239914892,restaurant,d01,osm
osm:node/4239915089,bar,d15,osm
osm:node/4239915289,cafe,d01,osm
osm:node/4239972894,restaurant,d01,osm
osm:node/4239973192,bar,d01,osm
osm:node/4239973193,restaurant,d02,osm
osm:node/4239973390,cafe,d01,osm
osm:node/4240001389,restaurant,d01,osm
osm:node/4240066942,cafe,d17,osm
osm:node/4240067776,restaurant,d17,osm
osm:node/4247042491,cafe,d11,osm
osm:node/4248260211,restaurant,d08,osm
osm:node/4248290485,restaurant,d01,osm
osm:node/4248297844,restaurant,d01,osm
osm:node/4249070092,restaurant,d16,osm
osm:node/4249094989,bar,d16,osm
osm:node/4251247196,restaurant,d13,osm
osm:node/4251882613,restaurant,d22,osm
osm:node/4256186526,restaurant,d19,osm
osm:node/4256188591,restaurant,d06,osm
osm:node/4264226302,bar,d22,osm
osm:node/4280564309,restaurant,d02,osm
osm:node/4280661780,pub,d15,osm
osm:node/4291174917,restaurant,d01,osm
osm:node/4291295548,restaurant,d21,osm
osm:node/4294670014,restaurant,d03,osm
osm:node/4299025600,cafe,d04,osm
osm:node/4299036360,restaurant,d01,osm
osm:node/4299050113,sports_centre,d01,osm
osm:node/4304575856,cafe,d02,osm
osm:node/4304967572,restaurant,d05,osm
osm:node/4318350869,cafe,d21,osm
osm:node/4318425860,fitness_centre,d22,osm
osm:node/4318578994,cafe,d21,osm
osm:node/4327115046,cafe,d21,osm
osm:node/4327132266,restaurant,d21,osm
osm:node/4329294293,fitness_centre,d21,osm
osm:node/4329729460,restaurant,d02,osm
osm:node/4335045144,restaurant,d17,osm
osm:node/4335062235,restaurant,d17,osm
osm:node/4335318752,restaurant,d20,osm
osm:node/4340818908,restaurant,d01,osm
osm:node/4342955232,bar,d03,osm
osm:node/4344544555,restaurant,d16,osm
osm:node/4347102647,restaurant,d05,osm
osm:node/4347325194,restaurant,d06,osm
osm:node/4348840573,restaurant,d19,osm
osm:node/4349028337,restaurant,d09,osm
osm:node/4351593402,restaurant,d16,osm
osm:node/4351607435,restaurant,d08,osm
osm:node/4356815063,restaurant,d22,osm
osm:node/4358767214,restaurant,d03,osm
osm:node/4358961938,restaurant,d03,osm
osm:node/4360434915,cafe,d08,osm
osm:node/4361304808,restaurant,d07,osm
osm:node/4364521712,restaurant,d03,osm
osm:node/4366156123,fitness_centre,d01,osm
osm:node/4367557890,restaurant,d12,osm
osm:node/4368516296,restaurant,d23,osm
osm:node/4369924495,cafe,d20,osm
osm:node/4376996663,restaurant,d06,osm
osm:node/4380565202,restaurant,d06,osm
osm:node/4380753191,restaurant,d05,osm
osm:node/4381227793,restaurant,d01,osm
osm:node/4382250793,cafe,d01,osm
osm:node/4382582793,pub,d01,osm
osm:node/4383021369,restaurant,d10,osm
osm:node/4387383107,restaurant,d02,osm
osm:node/4389313209,cafe,d05,osm
osm:node/4389406294,restaurant,d05,osm
osm:node/4394417556,restaurant,d01,osm
osm:node/4395864988,cafe,d10,osm
osm:node/4395889025,restaurant,d10,osm
osm:node/4396153575,cafe,d08,osm
osm:node/4396476852,bar,d22,osm
osm:node/4400167892,restaurant,d21,osm
osm:node/4400167893,pub,d21,osm
osm:node/4401702811,pub,d09,osm
osm:node/4402328990,cafe,d14,osm
osm:node/4408685906,cafe,d05,osm
osm:node/4408685914,restaurant,d05,osm
osm:node/4408686596,restaurant,d05,osm
osm:node/4408687594,cafe,d05,osm
osm:node/4409872291,bar,d22,osm
osm:node/4416237733,cafe,d05,osm
osm:node/4418035837,cafe,d05,osm
osm:node/4420182452,sports_centre,d20,osm
osm:node/4424877911,restaurant,d06,osm
osm:node/4430291820,restaurant,d02,osm
osm:node/4430880560,restaurant,d10,osm
osm:node/4432467430,restaurant,d06,osm
osm:node/4432477655,restaurant,d06,osm
osm:node/4432477656,restaurant,d06,osm
osm:node/4432756536,fitness_centre,d06,osm
osm:node/4432775088,restaurant,d06,osm
osm:node/4432802505,sports_centre,d06,osm
osm:node/4433210952,cafe,d09,osm
osm:node/4437361509,restaurant,d01,osm
osm:node/4442712895,pitch,d21,osm
osm:node/4444704337,restaurant,d08,osm
osm:node/4444704341,cafe,d07,osm
osm:node/4449369247,restaurant,d02,osm
osm:node/4450879087,restaurant,d19,osm
osm:node/4458367896,restaurant,d01,osm
osm:node/4461966576,cafe,d09,osm
osm:node/4467413391,cafe,d08,osm
osm:node/4467430289,cafe,d02,osm
osm:node/4470476628,fitness_centre,d19,osm
osm:node/4471382066,fitness_centre,d21,osm
osm:node/4471396553,restaurant,d09,osm
osm:node/4474066145,restaurant,d08,osm
osm:node/4496694613,restaurant,d21,osm
osm:node/4502328083,sports_centre,d15,osm
osm:node/4506431954,cafe,d19,osm
osm:node/4520460041,bar,d01,osm
osm:node/4524252207,restaurant,d07,osm
osm:node/4532931616,restaurant,d20,osm
osm:node/4533814323,cafe,d21,osm
osm:node/4537835875,restaurant,d17,osm
osm:node/4539820949,fitness_centre,d21,osm
osm:node/4551006234,bar,d07,osm
osm:node/4551892507,restaurant,d01,osm
osm:node/4552996865,cafe,d06,osm
osm:node/4553924590,restaurant,d09,osm
osm:node/4558270160,restaurant,d01,osm
osm:node/4558696878,restaurant,d12,osm
osm:node/4561779473,bar,d01,osm
osm:node/4561848619,restaurant,d01,osm
osm:node/4564764973,restaurant,d02,osm
osm:node/4565552061,restaurant,d09,osm
osm:node/4567243015,cafe,d01,osm
osm:node/4569228842,restaurant,d01,osm
osm:node/4575940490,fitness_centre,d01,osm
osm:node/4575940491,fitness_centre,d08,osm
osm:node/4580075563,bar,d08,osm
osm:node/4580135868,restaurant,d11,osm
osm:node/4583554154,restaurant,d06,osm
osm:node/4584003378,restaurant,d11,osm
osm:node/4584003379,restaurant,d11,osm
osm:node/4584003380,restaurant,d11,osm
osm:node/4584003400,restaurant,d11,osm
osm:node/4587561467,cafe,d05,osm
osm:node/4592873390,cafe,d02,osm
osm:node/4597780740,restaurant,d01,osm
osm:node/4600634413,restaurant,d19,osm
osm:node/4602682592,bar,d01,osm
osm:node/4603998628,pub,d12,osm
osm:node/4604787228,restaurant,d05,osm
osm:node/4608115438,cafe,d18,osm
osm:node/4608592067,restaurant,d02,osm
osm:node/4608653383,restaurant,d07,osm
osm:node/4608653384,restaurant,d07,osm
osm:node/4609350539,cafe,d04,osm
osm:node/4611587940,restaurant,d01,osm
osm:node/4626464676,restaurant,d23,osm
osm:node/4630791640,bar,d16,osm
osm:node/4635439593,restaurant,d10,osm
osm:node/4655761427,restaurant,d19,osm
osm:node/4674432261,bar,d19,osm
osm:node/4675478594,restaurant,d02,osm
osm:node/4690203789,bar,d09,osm
osm:node/4690714550,restaurant,d19,osm
osm:node/4691978100,restaurant,d17,osm
osm:node/4692410949,restaurant,d07,osm
osm:node/4698302171,fitness_centre,d11,osm
osm:node/4702586021,restaurant,d07,osm
osm:node/4710825003,bar,d06,osm
osm:node/4717077807,restaurant,d05,osm
osm:node/4726953919,restaurant,d10,osm
osm:node/4730218390,cafe,d22,osm
osm:node/4730218391,bar,d22,osm
osm:node/4739517170,bar,d19,osm
osm:node/4754572221,bar,d07,osm
osm:node/4757928213,cafe,d03,osm
osm:node/4771259724,restaurant,d07,osm
osm:node/4772687493,restaurant,d19,osm
osm:node/4778519351,restaurant,d02,osm
osm:node/4779526720,sports_centre,d09,osm
osm:node/4780939638,cafe,d07,osm
osm:node/4780939646,restaurant,d07,osm
osm:node/4782483029,restaurant,d01,osm
osm:node/4791847272,fitness_centre,d08,osm
osm:node/4792139821,restaurant,d01,osm
osm:node/4806064553,restaurant,d06,osm
osm:node/4807769232,cafe,d07,osm
osm:node/4813941531,restaurant,d21,osm
osm:node/4814006952,fitness_centre,d21,osm
osm:node/4817739521,restaurant,d20,osm
osm:node/4819520322,fitness_centre,d15,osm
osm:node/4823108122,cafe,d02,osm
osm:node/4823108123,restaurant,d02,osm
osm:node/4823125023,cafe,d02,osm
osm:node/4836398848,bar,d01,osm
osm:node/4837956799,bar,d18,osm
osm:node/4844581610,restaurant,d10,osm
osm:node/4844581611,restaurant,d10,osm
osm:node/4845314521,restaurant,d01,osm
osm:node/4847326700,restaurant,d12,osm
osm:node/4847380665,cafe,d10,osm
osm:node/4852403788,restaurant,d06,osm
osm:node/4858599375,cafe,d01,osm
osm:node/4858599390,restaurant,d01,osm
osm:node/4858599403,restaurant,d01,osm
osm:node/4858600321,restaurant,d01,osm
osm:node/4858600328,restaurant,d01,osm
osm:node/4863952121,fitness_station,d11,osm
osm:node/4867004688,restaurant,d13,osm
osm:node/4867004691,restaurant,d13,osm
osm:node/4867931842,cafe,d21,osm
osm:node/4868216234,restaurant,d15,osm
osm:node/4869297853,nightclub,d01,osm
osm:node/4872001309,pitch,d03,osm
osm:node/4873549122,restaurant,d01,osm
osm:node/4874643715,bar,d08,osm
osm:node/4876451917,cafe,d10,osm
osm:node/4881951621,restaurant,d04,osm
osm:node/4885760041,restaurant,d21,osm
osm:node/4886028343,restaurant,d12,osm
osm:node/4888320128,restaurant,d23,osm
osm:node/4888976482,restaurant,d12,osm
osm:node/4892925055,restaurant,d01,osm
osm:node/4892925056,restaurant,d01,osm
osm:node/4893438322,fitness_centre,d06,osm
osm:node/4893438323,fitness_centre,d07,osm
osm:node/4893438523,fitness_centre,d04,osm
osm:node/4894814522,restaurant,d02,osm
osm:node/4895877657,restaurant,d06,osm
osm:node/4897223900,restaurant,d22,osm
osm:node/4899593623,restaurant,d06,osm
osm:node/4900297277,restaurant,d01,osm
osm:node/4901603318,bar,d02,osm
osm:node/4903329860,pub,d09,osm
osm:node/4904122801,restaurant,d09,osm
osm:node/4904950473,sports_centre,d15,osm
osm:node/4906680124,cafe,d20,osm
osm:node/4909372462,cafe,d07,osm
osm:node/4910074561,nightclub,d01,osm
osm:node/4910167288,fitness_centre,d04,osm
osm:node/4921950104,restaurant,d20,osm
osm:node/4921950119,cafe,d20,osm
osm:node/4924304449,restaurant,d07,osm
osm:node/4932958231,cafe,d02,osm
osm:node/4934363813,cafe,d03,osm
osm:node/4934561520,fitness_centre,d02,osm
osm:node/4941106310,pitch,d21,osm
osm:node/4946573321,sports_centre,d15,osm
osm:node/4946782431,restaurant,d01,osm
osm:node/4947003423,restaurant,d14,osm
osm:node/4947039623,fitness_centre,d15,osm
osm:node/4950452270,cafe,d01,osm
osm:node/4956142068,cafe,d15,osm
osm:node/4956300267,cafe,d16,osm
osm:node/4956978437,cafe,d01,osm
osm:node/4958728806,restaurant,d01,osm
osm:node/4959779021,bar,d06,osm
osm:node/4961687341,restaurant,d01,osm
osm:node/4961691048,restaurant,d15,osm
osm:node/4969198779,pub,d18,osm
osm:node/4973686721,restaurant,d01,osm
osm:node/4975524528,restaurant,d19,osm
osm:node/4979493277,restaurant,d11,osm
osm:node/4980027278,cafe,d22,osm
osm:node/4986399400,fitness_station,d03,osm
osm:node/4987019224,restaurant,d23,osm
osm:node/4987028621,restaurant,d23,osm
osm:node/4997119386,pitch,d22,osm
osm:node/5007092121,restaurant,d01,osm
osm:node/5009464083,restaurant,d04,osm
osm:node/5009471625,pub,d04,osm
osm:node/5009473111,bar,d04,osm
osm:node/5016014119,restaurant,d05,osm
osm:node/5022816741,cafe,d12,osm
osm:node/5024257979,restaurant,d05,osm
osm:node/5026447761,cafe,d05,osm
osm:node/5026493821,restaurant,d01,osm
osm:node/5027950923,bar,d01,osm
osm:node/5030631322,cafe,d12,osm
osm:node/5031629931,pitch,d06,osm
osm:node/5042503341,pub,d05,osm
osm:node/5044807650,restaurant,d19,osm
osm:node/5044807651,restaurant,d19,osm
osm:node/5046474137,cafe,d01,osm
osm:node/5062530804,restaurant,d05,osm
osm:node/5064088221,restaurant,d01,osm
osm:node/5065127625,restaurant,d01,osm
osm:node/5065127628,cafe,d01,osm
osm:node/5065127643,restaurant,d01,osm
osm:node/5065127652,restaurant,d01,osm
osm:node/5082229329,bar,d08,osm
osm:node/5088959436,cafe,d07,osm
osm:node/5091467147,restaurant,d16,osm
osm:node/5095778536,nightclub,d01,osm
osm:node/5098771022,pub,d01,osm
osm:node/5099749537,restaurant,d05,osm
osm:node/5114872472,cafe,d06,osm
osm:node/5125393079,restaurant,d01,osm
osm:node/5127161000,restaurant,d01,osm
osm:node/5127814400,pub,d16,osm
osm:node/5130287221,restaurant,d19,osm
osm:node/5135844504,cafe,d11,osm
osm:node/5135844517,cafe,d11,osm
osm:node/5137105062,cafe,d14,osm
osm:node/5138492181,restaurant,d21,osm
osm:node/5143238781,restaurant,d12,osm
osm:node/5143238782,pub,d12,osm
osm:node/5143240730,restaurant,d12,osm
osm:node/5143914517,restaurant,d12,osm
osm:node/5144438099,cafe,d09,osm
osm:node/5145450037,fitness_centre,d03,osm
osm:node/5146879958,restaurant,d02,osm
osm:node/5150132301,pub,d18,osm
osm:node/5150366699,restaurant,d19,osm
osm:node/5151800190,cafe,d19,osm
osm:node/5152455677,bar,d19,osm
osm:node/5154256720,bar,d01,osm
osm:node/5154681986,cafe,d17,osm
osm:node/5156192591,bar,d19,osm
osm:node/5156813315,cafe,d19,osm
osm:node/5156996030,restaurant,d01,osm
osm:node/5157013059,cafe,d03,osm
osm:node/5158463872,restaurant,d15,osm
osm:node/5159317270,restaurant,d06,osm
osm:node/5159639558,restaurant,d19,osm
osm:node/5160645708,restaurant,d01,osm
osm:node/5162648678,cafe,d02,osm
osm:node/5162810464,bar,d19,osm
osm:node/5162829068,restaurant,d19,osm
osm:node/5163787025,fitness_centre,d03,osm
osm:node/5165633070,bar,d19,osm
osm:node/5167185959,pub,d07,osm
osm:node/5167185960,bar,d07,osm
osm:node/5167248083,restaurant,d19,osm
osm:node/5174799393,restaurant,d01,osm
osm:node/5175423783,restaurant,d01,osm
osm:node/5175423784,restaurant,d01,osm
osm:node/5180659069,restaurant,d10,osm
osm:node/5183535456,cafe,d20,osm
osm:node/5184042865,nightclub,d09,osm
osm:node/5185156871,restaurant,d04,osm
osm:node/5185694142,nightclub,d01,osm
osm:node/5185694143,nightclub,d04,osm
osm:node/5188605997,nightclub,d02,osm
osm:node/5194286291,bar,d09,osm
osm:node/5202979006,nightclub,d01,osm
osm:node/5203750922,cafe,d02,osm
osm:node/5209783748,restaurant,d04,osm
osm:node/5211718561,fitness_centre,d03,osm
osm:node/5224769335,bar,d01,osm
osm:node/5224877088,nightclub,d01,osm
osm:node/5235320925,restaurant,d13,osm
osm:node/5235324131,restaurant,d13,osm
osm:node/5235996506,bar,d02,osm
osm:node/5236410577,bar,d09,osm
osm:node/5236994087,restaurant,d08,osm
osm:node/5238076425,restaurant,d01,osm
osm:node/5243940867,restaurant,d16,osm
osm:node/5249463266,restaurant,d12,osm
osm:node/5250481428,restaurant,d12,osm
osm:node/5250893082,fitness_station,d12,osm
osm:node/5250893083,fitness_station,d12,osm
osm:node/5250893084,fitness_station,d12,osm
osm:node/5251083836,restaurant,d14,osm
osm:node/5251112787,pub,d15,osm
osm:node/5252399773,cafe,d01,osm
osm:node/5253716119,pub,d12,osm
osm:node/5257379816,restaurant,d02,osm
osm:node/5257379817,cafe,d02,osm
osm:node/5259640321,restaurant,d02,osm
osm:node/5272673012,restaurant,d21,osm
osm:node/5275074323,pitch,d10,osm
osm:node/5275141467,sports_centre,d10,osm
osm:node/5275245297,bar,d01,osm
osm:node/5280244122,restaurant,d02,osm
osm:node/5283584233,cafe,d17,osm
osm:node/5292422764,bar,d02,osm
osm:node/5298329879,restaurant,d23,osm
osm:node/5298403982,restaurant,d16,osm
osm:node/5299907418,bar,d01,osm
osm:node/5299907625,bar,d01,osm
osm:node/5300777693,cafe,d23,osm
osm:node/5302930416,restaurant,d22,osm
osm:node/5303209289,cafe,d15,osm
osm:node/5305192502,nightclub,d08,osm
osm:node/5313200261,cafe,d07,osm
osm:node/5314965710,fitness_station,d02,osm
osm:node/5314965711,fitness_station,d02,osm
osm:node/5315169719,restaurant,d12,osm
osm:node/5316213640,bar,d15,osm
osm:node/5316235769,cafe,d14,osm
osm:node/5316583608,restaurant,d03,osm
osm:node/5316611640,restaurant,d01,osm
osm:node/5318937068,pub,d14,osm
osm:node/5318937069,pub,d15,osm
osm:node/5332175424,bar,d07,osm
osm:node/5333480182,cafe,d16,osm
osm:node/5333480183,bar,d16,osm
osm:node/5333480191,cafe,d09,osm
osm:node/5336479380,restaurant,d14,osm
osm:node/5338038921,restaurant,d12,osm
osm:node/5338335021,bar,d08,osm
osm:node/5338347121,restaurant,d16,osm
osm:node/5349554658,sports_centre,d21,osm
osm:node/5349669220,pub,d06,osm
osm:node/5351070848,cafe,d15,osm
osm:node/5351070851,restaurant,d15,osm
osm:node/5351070854,restaurant,d15,osm
osm:node/5352373957,restaurant,d03,osm
osm:node/5359283737,restaurant,d14,osm
osm:node/5360982614,restaurant,d22,osm
osm:node/5364762601,cafe,d14,osm
osm:node/5364762611,cafe,d15,osm
osm:node/5372840566,restaurant,d01,osm
osm:node/5374345621,restaurant,d01,osm
osm:node/5376196674,cafe,d13,osm
osm:node/5381184563,fitness_centre,d05,osm
osm:node/5382829763,restaurant,d14,osm
osm:node/5382829764,pub,d14,osm
osm:node/5382841233,cafe,d15,osm
osm:node/5382851780,restaurant,d15,osm
osm:node/5382851782,restaurant,d15,osm
osm:node/5390211810,cafe,d14,osm
osm:node/5403252845,restaurant,d15,osm
osm:node/5403263169,restaurant,d15,osm
osm:node/5403263171,restaurant,d15,osm
osm:node/5403263172,restaurant,d14,osm
osm:node/5409593151,cafe,d07,osm
osm:node/5415132662,restaurant,d13,osm
osm:node/5418257076,restaurant,d06,osm
osm:node/5421058676,cafe,d01,osm
osm:node/5433229098,restaurant,d16,osm
osm:node/5434123636,restaurant,d16,osm
osm:node/5436245482,bar,d11,osm
osm:node/5440786211,restaurant,d01,osm
osm:node/5445872971,restaurant,d01,osm
osm:node/5448487047,cafe,d04,osm
osm:node/5463168185,restaurant,d03,osm
osm:node/5470682462,cafe,d13,osm
osm:node/5472976122,restaurant,d02,osm
osm:node/5477352521,restaurant,d07,osm
osm:node/5480695338,restaurant,d16,osm
osm:node/5481934733,restaurant,d07,osm
osm:node/5493662475,cafe,d17,osm
osm:node/5503379821,restaurant,d01,osm
osm:node/5506501286,restaurant,d09,osm
osm:node/5506682358,cafe,d09,osm
osm:node/5506686918,bar,d09,osm
osm:node/5507799407,pub,d05,osm
osm:node/5508473819,restaurant,d09,osm
osm:node/5509425671,restaurant,d03,osm
osm:node/5512473804,cafe,d02,osm
osm:node/5514490633,restaurant,d10,osm
osm:node/5516939547,restaurant,d05,osm
osm:node/5517324542,fitness_station,d14,osm
osm:node/5519886351,pitch,d08,osm
osm:node/5528896721,restaurant,d01,osm
osm:node/5536356215,restaurant,d21,osm
osm:node/5538332267,restaurant,d10,osm
osm:node/5538332268,restaurant,d10,osm
osm:node/5538332269,restaurant,d10,osm
osm:node/5538332270,cafe,d10,osm
osm:node/5538429836,cafe,d11,osm
osm:node/5548620020,bar,d06,osm
osm:node/5548717165,cafe,d09,osm
osm:node/5561498121,restaurant,d01,osm
osm:node/5564359011,restaurant,d03,osm
osm:node/5564983620,restaurant,d22,osm
osm:node/5578380835,restaurant,d13,osm
osm:node/5578380836,restaurant,d13,osm
osm:node/5578380844,restaurant,d13,osm
osm:node/5578380846,restaurant,d13,osm
osm:node/5578380849,sports_centre,d13,osm
osm:node/5582570021,restaurant,d17,osm
osm:node/5584715463,cafe,d02,osm
osm:node/5598723984,fitness_station,d04,osm
osm:node/5600647361,cafe,d20,osm
osm:node/5601799593,pub,d13,osm
osm:node/5605483460,cafe,d23,osm
osm:node/5614791435,restaurant,d15,osm
osm:node/5615060436,restaurant,d09,osm
osm:node/5624228659,cafe,d14,osm
osm:node/5624916021,restaurant,d06,osm
osm:node/5632344287,bar,d06,osm
osm:node/5647247295,cafe,d16,osm
osm:node/5647247296,cafe,d16,osm
osm:node/5647247297,cafe,d16,osm
osm:node/5647247299,pub,d16,osm
osm:node/5653196393,restaurant,d01,osm
osm:node/5656294277,restaurant,d09,osm
osm:node/5661778902,cafe,d12,osm
osm:node/5664809637,restaurant,d05,osm
osm:node/5664809640,pub,d05,osm
osm:node/5664809642,bar,d05,osm
osm:node/5666216621,restaurant,d07,osm
osm:node/5666543508,restaurant,d23,osm
osm:node/5666587083,restaurant,d13,osm
osm:node/5675297679,pub,d06,osm
osm:node/5692991934,cafe,d11,osm
osm:node/5699209673,restaurant,d04,osm
osm:node/5700001768,fitness_station,d21,osm
osm:node/5702972739,restaurant,d12,osm
osm:node/5709161124,restaurant,d01,osm
osm:node/5709161127,restaurant,d01,osm
osm:node/5718550121,bar,d01,osm
osm:node/5720857595,pub,d11,osm
osm:node/5722106966,cafe,d11,osm
osm:node/5722234328,restaurant,d11,osm
osm:node/5722234335,fitness_centre,d11,osm
osm:node/5730357586,cafe,d02,osm
osm:node/5730357607,cafe,d02,osm
osm:node/5730357614,cafe,d02,osm
osm:node/5737602894,restaurant,d02,osm
osm:node/5737602902,cafe,d02,osm
osm:node/5741176799,cafe,d09,osm
osm:node/5745872876,restaurant,d04,osm
osm:node/5747065904,restaurant,d16,osm
osm:node/5754639525,bar,d01,osm
osm:node/5754662321,restaurant,d01,osm
osm:node/5757289796,restaurant,d13,osm
osm:node/5757292482,restaurant,d13,osm
osm:node/5758883211,restaurant,d16,osm
osm:node/5758883213,fitness_centre,d16,osm
osm:node/5758888225,restaurant,d16,osm
osm:node/5758888231,restaurant,d17,osm
osm:node/5762966457,restaurant,d02,osm
osm:node/5766190562,bar,d21,osm
osm:node/5773323975,restaurant,d07,osm
osm:node/5787501168,restaurant,d09,osm
osm:node/5799146953,restaurant,d01,osm
osm:node/5804635262,restaurant,d16,osm
osm:node/5805973153,restaurant,d06,osm
osm:node/5812632953,bar,d01,osm
osm:node/5837050753,restaurant,d16,osm
osm:node/5840072648,restaurant,d13,osm
osm:node/5842166786,nightclub,d09,osm
osm:node/5851590017,sports_centre,d19,osm
osm:node/5852403299,restaurant,d02,osm
osm:node/5854356910,restaurant,d23,osm
osm:node/5857092013,restaurant,d02,osm
osm:node/5857267100,bar,d06,osm
osm:node/5859225235,restaurant,d01,osm
osm:node/5859514387,restaurant,d16,osm
osm:node/5873031174,restaurant,d14,osm
osm:node/5873085399,restaurant,d14,osm
osm:node/5874073973,restaurant,d14,osm
osm:node/5874073984,cafe,d14,osm
osm:node/5874097586,cafe,d14,osm
osm:node/5874097591,pub,d14,osm
osm:node/5874097592,restaurant,d14,osm
osm:node/5874097594,fitness_centre,d14,osm
osm:node/5881659505,restaurant,d18,osm
osm:node/5892839069,restaurant,d20,osm
osm:node/5893291185,restaurant,d06,osm
osm:node/5901290639,bar,d01,osm
osm:node/5902480485,restaurant,d21,osm
osm:node/5904861029,restaurant,d02,osm
osm:node/5909477300,swimming_venue,d10,osm
osm:node/5914440091,restaurant,d10,osm
osm:node/5919302986,restaurant,d10,osm
osm:node/5922949792,cafe,d17,osm
osm:node/5948107819,fitness_centre,d03,osm
osm:node/5949560706,fitness_centre,d19,osm
osm:node/5960936301,cafe,d07,osm
osm:node/5967219370,restaurant,d12,osm
osm:node/5969749990,restaurant,d19,osm
osm:node/5974982807,restaurant,d09,osm
osm:node/5980993744,restaurant,d02,osm
osm:node/5981218345,fitness_station,d07,osm
osm:node/5981514091,restaurant,d15,osm
osm:node/5984151077,restaurant,d10,osm
osm:node/5988884105,cafe,d16,osm
osm:node/6003121886,restaurant,d08,osm
osm:node/6015488142,cafe,d07,osm
osm:node/6017249248,restaurant,d14,osm
osm:node/6017271194,restaurant,d17,osm
osm:node/6019346688,restaurant,d01,osm
osm:node/6019346689,restaurant,d08,osm
osm:node/6019368485,restaurant,d01,osm
osm:node/6019440885,restaurant,d09,osm
osm:node/6019440886,restaurant,d05,osm
osm:node/6019440887,restaurant,d07,osm
osm:node/6019440888,restaurant,d09,osm
osm:node/6019440985,cafe,d03,osm
osm:node/6019440986,restaurant,d08,osm
osm:node/6019449989,restaurant,d08,osm
osm:node/6019449991,restaurant,d03,osm
osm:node/6019495885,restaurant,d18,osm
osm:node/6019712903,restaurant,d09,osm
osm:node/6019712904,restaurant,d07,osm
osm:node/6019712905,bar,d08,osm
osm:node/6019712906,bar,d07,osm
osm:node/6019712908,bar,d07,osm
osm:node/6019712909,bar,d01,osm
osm:node/6019712910,bar,d07,osm
osm:node/6019713292,restaurant,d04,osm
osm:node/6019766386,bar,d01,osm
osm:node/6019886786,restaurant,d01,osm
osm:node/6020323178,pitch,d02,osm
osm:node/6020323397,pitch,d02,osm
osm:node/6020323398,pitch,d02,osm
osm:node/6020323399,pitch,d02,osm
osm:node/6022759801,restaurant,d21,osm
osm:node/6025559625,fitness_centre,d10,osm
osm:node/6026835005,restaurant,d20,osm
osm:node/6027654441,fitness_centre,d01,osm
osm:node/6030822788,cafe,d09,osm
osm:node/6033689587,restaurant,d08,osm
osm:node/6034498431,restaurant,d01,osm
osm:node/6034520607,restaurant,d01,osm
osm:node/6036743533,pitch,d18,osm
osm:node/6038896588,restaurant,d01,osm
osm:node/6048952984,fitness_centre,d03,osm
osm:node/6056294395,restaurant,d10,osm
osm:node/6056294399,restaurant,d10,osm
osm:node/6056294400,restaurant,d10,osm
osm:node/6060588432,cafe,d22,osm
osm:node/6061447449,restaurant,d20,osm
osm:node/6068040611,restaurant,d09,osm
osm:node/6070563914,restaurant,d12,osm
osm:node/6070563915,restaurant,d12,osm
osm:node/6073050933,restaurant,d01,osm
osm:node/6080863218,restaurant,d01,osm
osm:node/6090024206,restaurant,d14,osm
osm:node/6090899947,nightclub,d01,osm
osm:node/6093020787,restaurant,d01,osm
osm:node/6099082812,restaurant,d08,osm
osm:node/6106888885,cafe,d02,osm
osm:node/6111731586,restaurant,d20,osm
osm:node/6113889730,bar,d01,osm
osm:node/6113889733,restaurant,d01,osm
osm:node/6124963021,restaurant,d04,osm
osm:node/6126188880,cafe,d22,osm
osm:node/6132509986,restaurant,d05,osm
osm:node/6143770213,restaurant,d01,osm
osm:node/6143770218,bar,d01,osm
osm:node/6143770219,bar,d01,osm
osm:node/6143770221,bar,d01,osm
osm:node/6148340309,cafe,d20,osm
osm:node/6153263182,restaurant,d02,osm
osm:node/6157212207,cafe,d04,osm
osm:node/6164368769,restaurant,d20,osm
osm:node/6164368770,pub,d20,osm
osm:node/6167346532,cafe,d01,osm
osm:node/6169452856,restaurant,d01,osm
osm:node/6170701885,restaurant,d01,osm
osm:node/6176900885,restaurant,d01,osm
osm:node/6181562564,cafe,d16,osm
osm:node/6184632917,pub,d20,osm
osm:node/6188291485,restaurant,d07,osm
osm:node/6194518439,restaurant,d14,osm
osm:node/6203258385,cafe,d08,osm
osm:node/6222176185,cafe,d15,osm
osm:node/6228379957,restaurant,d05,osm
osm:node/6228379959,restaurant,d05,osm
osm:node/6233140116,bar,d05,osm
osm:node/6235890860,restaurant,d23,osm
osm:node/6236866841,restaurant,d01,osm
osm:node/6239942659,cafe,d02,osm
osm:node/6241174685,bar,d09,osm
osm:node/6244644514,fitness_centre,d20,osm
osm:node/6253910696,fitness_station,d22,osm
osm:node/6256851586,restaurant,d12,osm
osm:node/6260905076,restaurant,d01,osm
osm:node/6262287564,restaurant,d06,osm
osm:node/6262287602,restaurant,d06,osm
osm:node/6264867675,restaurant,d10,osm
osm:node/6264953188,bar,d05,osm
osm:node/6266806510,restaurant,d09,osm
osm:node/6270516682,bar,d04,osm
osm:node/6276938088,cafe,d20,osm
osm:node/6279454539,restaurant,d23,osm
osm:node/6284451209,restaurant,d10,osm
osm:node/6290001620,restaurant,d23,osm
osm:node/6296619685,cafe,d08,osm
osm:node/6299182588,pitch,d14,osm
osm:node/6310206984,nightclub,d08,osm
osm:node/6321524417,restaurant,d03,osm
osm:node/6323495086,cafe,d01,osm
osm:node/6323495092,cafe,d01,osm
osm:node/6323882622,bar,d01,osm
osm:node/6325206620,restaurant,d01,osm
osm:node/6325840772,cafe,d01,osm
osm:node/6325840777,bar,d01,osm
osm:node/6326096685,cafe,d06,osm
osm:node/6326749205,bar,d01,osm
osm:node/6326749206,restaurant,d01,osm
osm:node/6326749207,restaurant,d01,osm
osm:node/6327722761,cafe,d01,osm
osm:node/6327722764,restaurant,d01,osm
osm:node/6331569607,bar,d01,osm
osm:node/6333239844,bar,d01,osm
osm:node/6333239845,restaurant,d01,osm
osm:node/6334311392,restaurant,d09,osm
osm:node/6334311394,restaurant,d09,osm
osm:node/6336080709,bar,d07,osm
osm:node/6344270195,cafe,d22,osm
osm:node/6354640770,restaurant,d20,osm
osm:node/6358069286,restaurant,d09,osm
osm:node/6368867597,bar,d07,osm
osm:node/6372982687,cafe,d03,osm
osm:node/6377545493,fitness_station,d12,osm
osm:node/6377869985,restaurant,d09,osm
osm:node/6377891785,restaurant,d01,osm
osm:node/6379164524,cafe,d10,osm
osm:node/6384372382,cafe,d01,osm
osm:node/6389496056,fitness_centre,d02,osm
osm:node/6391563796,restaurant,d02,osm
osm:node/6393554893,restaurant,d19,osm
osm:node/6393656430,restaurant,d19,osm
osm:node/6393796351,cafe,d01,osm
osm:node/6393796352,restaurant,d01,osm
osm:node/6394657747,fitness_station,d12,osm
osm:node/6394657748,fitness_station,d12,osm
osm:node/6394657749,fitness_station,d12,osm
osm:node/6394657750,fitness_station,d12,osm
osm:node/6397265280,restaurant,d07,osm
osm:node/6399901384,restaurant,d15,osm
osm:node/6432974580,restaurant,d10,osm
osm:node/6440816881,restaurant,d16,osm
osm:node/6452062564,fitness_centre,d07,osm
osm:node/6453836302,restaurant,d14,osm
osm:node/6455497172,restaurant,d12,osm
osm:node/6463033348,restaurant,d01,osm
osm:node/6463033351,restaurant,d01,osm
osm:node/6463033360,cafe,d01,osm
osm:node/6471043644,restaurant,d01,osm
osm:node/6482304853,restaurant,d03,osm
osm:node/6482311826,cafe,d03,osm
osm:node/6482929346,fitness_centre,d04,osm
osm:node/6483792345,restaurant,d19,osm
osm:node/6513497984,cafe,d16,osm
osm:node/6517903744,restaurant,d21,osm
osm:node/6518137657,fitness_centre,d21,osm
osm:node/6520476484,fitness_centre,d07,osm
osm:node/6536760798,cafe,d12,osm
osm:node/6547553733,restaurant,d03,osm
osm:node/6547661930,fitness_centre,d03,osm
osm:node/6547722350,restaurant,d03,osm
osm:node/6547802869,fitness_centre,d03,osm
osm:node/6549275093,fitness_centre,d03,osm
osm:node/6549275094,restaurant,d03,osm
osm:node/6549287711,fitness_centre,d03,osm
osm:node/6551088335,restaurant,d10,osm
osm:node/6551215012,fitness_centre,d03,osm
osm:node/6555519238,cafe,d03,osm
osm:node/6557473438,pitch,d21,osm
osm:node/6557473443,pitch,d21,osm
osm:node/6561658683,pitch,d21,osm
osm:node/6583739307,restaurant,d15,osm
osm:node/6586005787,restaurant,d04,osm
osm:node/6597334985,fitness_centre,d11,osm
osm:node/6602468332,bar,d06,osm
osm:node/6612076769,cafe,d08,osm
osm:node/6616671285,restaurant,d14,osm
osm:node/6620322529,restaurant,d01,osm
osm:node/6630702707,restaurant,d03,osm
osm:node/6631506381,restaurant,d02,osm
osm:node/6634307846,restaurant,d11,osm
osm:node/6635782078,restaurant,d05,osm
osm:node/6635803485,restaurant,d16,osm
osm:node/6638705108,restaurant,d16,osm
osm:node/6672712827,cafe,d14,osm
osm:node/6684061227,restaurant,d15,osm
osm:node/6697197212,restaurant,d13,osm
osm:node/6697500064,restaurant,d01,osm
osm:node/6698694470,bar,d04,osm
osm:node/6698863147,cafe,d02,osm
osm:node/6698868099,restaurant,d02,osm
osm:node/6705086838,restaurant,d13,osm
osm:node/6708093447,restaurant,d04,osm
osm:node/6740150389,restaurant,d07,osm
osm:node/6743614006,restaurant,d19,osm
osm:node/6746501269,cafe,d02,osm
osm:node/6746771324,cafe,d07,osm
osm:node/6753200475,cafe,d05,osm
osm:node/6753200477,restaurant,d05,osm
osm:node/6762165857,bar,d05,osm
osm:node/6778160929,restaurant,d08,osm
osm:node/6780741555,cafe,d01,osm
osm:node/6780741904,cafe,d03,osm
osm:node/6789096047,restaurant,d11,osm
osm:node/6811888014,restaurant,d12,osm
osm:node/6826725636,restaurant,d15,osm
osm:node/6826789286,restaurant,d01,osm
osm:node/6828342985,cafe,d01,osm
osm:node/6831452590,pub,d12,osm
osm:node/6832415759,cafe,d14,osm
osm:node/6836446146,restaurant,d22,osm
osm:node/6873290685,cafe,d10,osm
osm:node/6874277121,fitness_station,d22,osm
osm:node/6874328609,pitch,d22,osm
osm:node/6875338649,restaurant,d01,osm
osm:node/6875375561,restaurant,d20,osm
osm:node/6901998056,bar,d01,osm
osm:node/6908883784,restaurant,d15,osm
osm:node/6910644673,restaurant,d01,osm
osm:node/6916781920,cafe,d22,osm
osm:node/6918611179,restaurant,d03,osm
osm:node/6919025061,restaurant,d22,osm
osm:node/6919417274,restaurant,d17,osm
osm:node/6934019338,restaurant,d01,osm
osm:node/6935343691,restaurant,d07,osm
osm:node/6937700046,restaurant,d07,osm
osm:node/6944842586,cafe,d03,osm
osm:node/6946278879,restaurant,d12,osm
osm:node/6946278883,restaurant,d12,osm
osm:node/6952524398,bar,d10,osm
osm:node/6960314643,restaurant,d15,osm
osm:node/6964580237,cafe,d18,osm
osm:node/6968355859,restaurant,d06,osm
osm:node/6970313151,fitness_centre,d22,osm
osm:node/6976714163,bar,d01,osm
osm:node/6985749385,fitness_centre,d22,osm
osm:node/7005266248,restaurant,d04,osm
osm:node/7020629865,nightclub,d15,osm
osm:node/7021817142,restaurant,d05,osm
osm:node/7022370186,restaurant,d07,osm
osm:node/7039511846,restaurant,d22,osm
osm:node/7056708383,cafe,d02,osm
osm:node/7056724586,cafe,d02,osm
osm:node/7056724591,cafe,d02,osm
osm:node/7060493885,restaurant,d06,osm
osm:node/7077295299,restaurant,d06,osm
osm:node/7090277291,bar,d15,osm
osm:node/7099514649,restaurant,d05,osm
osm:node/7102337418,bar,d01,osm
osm:node/7104417931,cafe,d01,osm
osm:node/7114848485,restaurant,d15,osm
osm:node/7128156085,cafe,d02,osm
osm:node/7128166485,cafe,d07,osm
osm:node/7131838323,restaurant,d01,osm
osm:node/7131879354,bar,d01,osm
osm:node/7147074965,restaurant,d11,osm
osm:node/7149844385,restaurant,d09,osm
osm:node/7158920354,cafe,d15,osm
osm:node/7164328388,pitch,d22,osm
osm:node/7164529948,fitness_station,d22,osm
osm:node/7176812749,restaurant,d21,osm
osm:node/7177529985,restaurant,d07,osm
osm:node/7182753885,restaurant,d19,osm
osm:node/7188954255,cafe,d07,osm
osm:node/7192835835,restaurant,d09,osm
osm:node/7201283130,restaurant,d05,osm
osm:node/7206320006,pub,d15,osm
osm:node/7211287004,restaurant,d04,osm
osm:node/7211364480,fitness_centre,d12,osm
osm:node/7213891885,restaurant,d10,osm
osm:node/7214479270,restaurant,d02,osm
osm:node/7222143971,restaurant,d15,osm
osm:node/7231470885,sports_centre,d10,osm
osm:node/7234304613,restaurant,d02,osm
osm:node/7239204686,restaurant,d03,osm
osm:node/7243131478,restaurant,d03,osm
osm:node/7248722657,cafe,d01,osm
osm:node/7253718333,restaurant,d08,osm
osm:node/7255945755,restaurant,d02,osm
osm:node/7272328730,cafe,d18,osm
osm:node/7272328735,restaurant,d18,osm
osm:node/7272328739,bar,d18,osm
osm:node/7272328740,nightclub,d18,osm
osm:node/7297115939,restaurant,d03,osm
osm:node/7320655250,restaurant,d02,osm
osm:node/7324795446,cafe,d10,osm
osm:node/7362741773,cafe,d16,osm
osm:node/7380240010,restaurant,d14,osm
osm:node/7417915264,pitch,d08,osm
osm:node/7431925085,restaurant,d05,osm
osm:node/7441888592,cafe,d01,osm
osm:node/7449405147,sports_centre,d02,osm
osm:node/7462924860,cafe,d02,osm
osm:node/7468401023,restaurant,d08,osm
osm:node/7481767354,sports_centre,d14,osm
osm:node/7486692948,restaurant,d03,osm
osm:node/7501898994,cafe,d15,osm
osm:node/7515403550,fitness_centre,d14,osm
osm:node/7523052719,pitch,d16,osm
osm:node/7523076223,pitch,d16,osm
osm:node/7533177894,restaurant,d14,osm
osm:node/7538734334,pitch,d14,osm
osm:node/7551612368,cafe,d03,osm
osm:node/7596495734,restaurant,d01,osm
osm:node/7596566450,pitch,d16,osm
osm:node/7596566451,fitness_station,d16,osm
osm:node/7596802954,restaurant,d07,osm
osm:node/7611694176,restaurant,d04,osm
osm:node/7646008592,restaurant,d03,osm
osm:node/7646988362,cafe,d07,osm
osm:node/7647100388,cafe,d16,osm
osm:node/7654988064,restaurant,d10,osm
osm:node/7659388624,pitch,d15,osm
osm:node/7659388625,pitch,d15,osm
osm:node/7667949406,pitch,d11,osm
osm:node/7671695663,restaurant,d02,osm
osm:node/7692397018,restaurant,d21,osm
osm:node/7725688075,restaurant,d12,osm
osm:node/7725715977,restaurant,d12,osm
osm:node/7732451825,cafe,d12,osm
osm:node/7746801438,restaurant,d02,osm
osm:node/7746995141,pitch,d22,osm
osm:node/7746995142,pitch,d22,osm
osm:node/7755876644,restaurant,d20,osm
osm:node/7756785898,pub,d03,osm
osm:node/7757279907,cafe,d16,osm
osm:node/7762633963,restaurant,d14,osm
osm:node/7770573212,restaurant,d10,osm
osm:node/7770573213,restaurant,d10,osm
osm:node/7770573214,restaurant,d10,osm
osm:node/7770957187,restaurant,d05,osm
osm:node/7794438493,restaurant,d11,osm
osm:node/7799415985,cafe,d07,osm
osm:node/7807238190,restaurant,d14,osm
osm:node/7814185898,bar,d06,osm
osm:node/7820894660,pitch,d05,osm
osm:node/7823676819,cafe,d12,osm
osm:node/7832417067,cafe,d11,osm
osm:node/7832417076,restaurant,d11,osm
osm:node/7832417082,pub,d11,osm
osm:node/7834786051,restaurant,d21,osm
osm:node/7837440246,cafe,d09,osm
osm:node/7837750985,restaurant,d17,osm
osm:node/7838815518,restaurant,d11,osm
osm:node/7857106218,restaurant,d11,osm
osm:node/7857106221,cafe,d11,osm
osm:node/7859009864,cafe,d22,osm
osm:node/7861392939,bar,d01,osm
osm:node/7861516826,bar,d01,osm
osm:node/7875852707,cafe,d11,osm
osm:node/7881127578,restaurant,d02,osm
osm:node/7881159727,restaurant,d02,osm
osm:node/7881213714,restaurant,d02,osm
osm:node/7881226905,cafe,d02,osm
osm:node/7881249371,restaurant,d02,osm
osm:node/7881292549,bar,d02,osm
osm:node/7903921637,pub,d11,osm
osm:node/7920217629,cafe,d11,osm
osm:node/7922033369,restaurant,d02,osm
osm:node/7922565081,pub,d02,osm
osm:node/7922573004,restaurant,d02,osm
osm:node/7922573005,restaurant,d02,osm
osm:node/7925867134,restaurant,d02,osm
osm:node/7927336838,cafe,d02,osm
osm:node/7927336839,fitness_centre,d02,osm
osm:node/7947270386,cafe,d03,osm
osm:node/7948870542,restaurant,d17,osm
osm:node/7964343927,restaurant,d02,osm
osm:node/7969246373,restaurant,d08,osm
osm:node/7972989308,restaurant,d12,osm
osm:node/7977683888,restaurant,d12,osm
osm:node/7994247285,restaurant,d18,osm
osm:node/8001191797,restaurant,d03,osm
osm:node/8003228585,restaurant,d18,osm
osm:node/8039570444,restaurant,d09,osm
osm:node/8039570478,restaurant,d09,osm
osm:node/8069101663,restaurant,d08,osm
osm:node/8072630563,cafe,d02,osm
osm:node/8088203525,sports_centre,d17,osm
osm:node/8089011202,restaurant,d02,osm
osm:node/8109662626,cafe,d06,osm
osm:node/8111481464,fitness_station,d23,osm
osm:node/8118347840,cafe,d20,osm
osm:node/8118347841,cafe,d20,osm
osm:node/8121226860,restaurant,d07,osm
osm:node/8121226878,restaurant,d07,osm
osm:node/8125082679,bar,d01,osm
osm:node/8125082714,cafe,d01,osm
osm:node/8142869300,pitch,d16,osm
osm:node/8149240617,cafe,d13,osm
osm:node/8156064462,bar,d16,osm
osm:node/8173506964,restaurant,d22,osm
osm:node/8173625721,sports_centre,d22,osm
osm:node/8179801571,restaurant,d07,osm
osm:node/8181119202,restaurant,d10,osm
osm:node/8195005016,restaurant,d16,osm
osm:node/8201863423,bar,d07,osm
osm:node/8201883618,restaurant,d07,osm
osm:node/8209026028,cafe,d23,osm
osm:node/8209501770,restaurant,d23,osm
osm:node/8237521714,restaurant,d02,osm
osm:node/8249747840,restaurant,d09,osm
osm:node/8253375411,restaurant,d07,osm
osm:node/8274741467,pitch,d17,osm
osm:node/8274763687,pitch,d18,osm
osm:node/8274865711,pitch,d18,osm
osm:node/8278051917,fitness_station,d23,osm
osm:node/8284402952,cafe,d01,osm
osm:node/8296590653,restaurant,d06,osm
osm:node/8297362165,cafe,d03,osm
osm:node/8303648274,restaurant,d11,osm
osm:node/8314277147,fitness_station,d05,osm
osm:node/8319149274,cafe,d01,osm
osm:node/8334692909,restaurant,d11,osm
osm:node/8336096193,restaurant,d12,osm
osm:node/8336096194,restaurant,d12,osm
osm:node/8336096195,restaurant,d12,osm
osm:node/8336096196,restaurant,d12,osm
osm:node/8342511659,restaurant,d23,osm
osm:node/8357035811,cafe,d08,osm
osm:node/8357124964,restaurant,d06,osm
osm:node/8360708370,restaurant,d14,osm
osm:node/8360708371,restaurant,d14,osm
osm:node/8380687374,restaurant,d12,osm
osm:node/8384221494,cafe,d12,osm
osm:node/8396090279,cafe,d10,osm
osm:node/8397306973,pitch,d09,osm
osm:node/8397311643,pitch,d09,osm
osm:node/8397320664,pitch,d09,osm
osm:node/8399076158,pitch,d10,osm
osm:node/8400007842,restaurant,d11,osm
osm:node/8406067893,restaurant,d14,osm
osm:node/8415995156,fitness_station,d15,osm
osm:node/8420335275,restaurant,d03,osm
osm:node/8421094219,restaurant,d03,osm
osm:node/8422811301,restaurant,d02,osm
osm:node/8429777492,fitness_station,d11,osm
osm:node/8432772173,restaurant,d10,osm
osm:node/8441616931,fitness_centre,d20,osm
osm:node/8443290117,pub,d01,osm
osm:node/8454139237,restaurant,d19,osm
osm:node/8455267192,cafe,d03,osm
osm:node/8455412702,restaurant,d03,osm
osm:node/8468074479,cafe,d22,osm
osm:node/8468761946,restaurant,d20,osm
osm:node/8491917168,fitness_centre,d02,osm
osm:node/8501239791,restaurant,d20,osm
osm:node/8501924650,restaurant,d19,osm
osm:node/8503637490,cafe,d02,osm
osm:node/8503761137,restaurant,d02,osm
osm:node/8544123594,pitch,d08,osm
osm:node/8549639893,bar,d20,osm
osm:node/8568060417,restaurant,d07,osm
osm:node/8569175208,fitness_centre,d10,osm
osm:node/8587220289,fitness_station,d17,osm
osm:node/8587221609,pitch,d17,osm
osm:node/8587244681,pitch,d17,osm
osm:node/8587246304,fitness_station,d17,osm
osm:node/8587249875,fitness_station,d17,osm
osm:node/8590000771,restaurant,d21,osm
osm:node/8592858521,restaurant,d07,osm
osm:node/8595964806,restaurant,d03,osm
osm:node/8595964811,restaurant,d03,osm
osm:node/8596035895,cafe,d22,osm
osm:node/8596121892,restaurant,d05,osm
osm:node/8640596093,restaurant,d20,osm
osm:node/8646470142,pitch,d20,osm
osm:node/8646470143,pitch,d20,osm
osm:node/8652285584,restaurant,d12,osm
osm:node/8665599802,cafe,d20,osm
osm:node/8681211504,fitness_station,d10,osm
osm:node/8684550709,cafe,d20,osm
osm:node/8705086809,bar,d22,osm
osm:node/8711343447,pitch,d22,osm
osm:node/8721246628,restaurant,d01,osm
osm:node/8738838930,pitch,d12,osm
osm:node/8739817239,restaurant,d01,osm
osm:node/8739889393,cafe,d16,osm
osm:node/8755703066,bar,d22,osm
osm:node/8761781517,restaurant,d12,osm
osm:node/8762224526,restaurant,d08,osm
osm:node/8776957529,restaurant,d01,osm
osm:node/8777298566,cafe,d16,osm
osm:node/8780982223,restaurant,d09,osm
osm:node/8783744641,pitch,d14,osm
osm:node/8785163117,pitch,d02,osm
osm:node/8790088345,cafe,d03,osm
osm:node/8790203521,pub,d22,osm
osm:node/8792211737,pitch,d18,osm
osm:node/8795942347,restaurant,d22,osm
osm:node/8804683072,pitch,d10,osm
osm:node/8804997426,cafe,d10,osm
osm:node/8807279912,restaurant,d07,osm
osm:node/8807884416,bar,d01,osm
osm:node/8809938393,restaurant,d17,osm
osm:node/8809984060,restaurant,d17,osm
osm:node/8812381966,bar,d10,osm
osm:node/8812393722,restaurant,d10,osm
osm:node/8814825322,restaurant,d07,osm
osm:node/8818206424,restaurant,d15,osm
osm:node/8820428092,restaurant,d02,osm
osm:node/8825521967,cafe,d10,osm
osm:node/8825704742,cafe,d03,osm
osm:node/8826034055,restaurant,d02,osm
osm:node/8826202449,restaurant,d12,osm
osm:node/8826202502,restaurant,d12,osm
osm:node/8830010566,pub,d05,osm
osm:node/8830010605,pitch,d04,osm
osm:node/8836246576,cafe,d10,osm
osm:node/8844900519,restaurant,d19,osm
osm:node/8850707718,restaurant,d22,osm
osm:node/8863609717,restaurant,d07,osm
osm:node/8867479891,cafe,d01,osm
osm:node/8868144691,restaurant,d02,osm
osm:node/8868838940,restaurant,d22,osm
osm:node/8874803425,restaurant,d16,osm
osm:node/8875586627,cafe,d01,osm
osm:node/8888542081,restaurant,d22,osm
osm:node/8889669533,cafe,d20,osm
osm:node/8897871352,bar,d06,osm
osm:node/8904745802,restaurant,d01,osm
osm:node/8906918372,nightclub,d01,osm
osm:node/8906918482,restaurant,d01,osm
osm:node/8908185917,cafe,d09,osm
osm:node/8910285717,restaurant,d01,osm
osm:node/8910895355,pitch,d22,osm
osm:node/8911128930,restaurant,d02,osm
osm:node/8911128947,restaurant,d02,osm
osm:node/8913055407,restaurant,d15,osm
osm:node/8920625292,fitness_centre,d13,osm
osm:node/8920983344,fitness_centre,d02,osm
osm:node/8928801866,cafe,d01,osm
osm:node/8928808101,restaurant,d01,osm
osm:node/8929017725,cafe,d01,osm
osm:node/8933671658,restaurant,d01,osm
osm:node/8936683619,bar,d01,osm
osm:node/8944385960,restaurant,d05,osm
osm:node/8963152376,pitch,d13,osm
osm:node/8963152397,pitch,d13,osm
osm:node/8987688759,restaurant,d12,osm
osm:node/8987807670,cafe,d03,osm
osm:node/8990099373,pitch,d15,osm
osm:node/8990131148,pitch,d15,osm
osm:node/9014982758,restaurant,d08,osm
osm:node/9025493153,sports_centre,d22,osm
osm:node/9026648859,restaurant,d03,osm
osm:node/9030161958,pitch,d02,osm
osm:node/9033605119,restaurant,d10,osm
osm:node/9035499439,restaurant,d03,osm
osm:node/9038606273,restaurant,d22,osm
osm:node/9038606277,cafe,d22,osm
osm:node/9041112317,restaurant,d05,osm
osm:node/9051115496,restaurant,d01,osm
osm:node/9053863910,restaurant,d09,osm
osm:node/9055771129,fitness_centre,d06,osm
osm:node/9060726276,pitch,d06,osm
osm:node/9063922220,restaurant,d10,osm
osm:node/9070307478,pitch,d22,osm
osm:node/9070344717,restaurant,d06,osm
osm:node/9080885178,bar,d10,osm
osm:node/9084724253,bar,d15,osm
osm:node/9084732179,restaurant,d06,osm
osm:node/9084743137,restaurant,d09,osm
osm:node/9084822723,restaurant,d12,osm
osm:node/9088570387,fitness_centre,d09,osm
osm:node/9090956956,pub,d04,osm
osm:node/9091434386,bar,d16,osm
osm:node/9094677037,cafe,d22,osm
osm:node/9100442951,restaurant,d02,osm
osm:node/9108167717,cafe,d03,osm
osm:node/9108167729,cafe,d03,osm
osm:node/9110869699,fitness_station,d15,osm
osm:node/9112460833,cafe,d01,osm
osm:node/9116623248,cafe,d07,osm
osm:node/9117255757,fitness_centre,d07,osm
osm:node/9118480159,restaurant,d03,osm
osm:node/9118480161,cafe,d03,osm
osm:node/9118480166,restaurant,d03,osm
osm:node/9124614226,pitch,d03,osm
osm:node/9126488279,restaurant,d15,osm
osm:node/9128043594,restaurant,d09,osm
osm:node/9138067676,cafe,d03,osm
osm:node/9138067681,cafe,d03,osm
osm:node/9139655042,bar,d03,osm
osm:node/9139655050,restaurant,d03,osm
osm:node/9140085139,restaurant,d21,osm
osm:node/9144519691,bar,d08,osm
osm:node/9153030993,restaurant,d08,osm
osm:node/9159379766,restaurant,d02,osm
osm:node/9162553517,fitness_centre,d19,osm
osm:node/9163275193,cafe,d15,osm
osm:node/9176004538,pub,d19,osm
osm:node/9177716364,restaurant,d07,osm
osm:node/9178383777,cafe,d19,osm
osm:node/9178536517,restaurant,d10,osm
osm:node/9179880466,pitch,d22,osm
osm:node/9179916360,pitch,d22,osm
osm:node/9183621945,cafe,d22,osm
osm:node/9183621950,cafe,d22,osm
osm:node/9197064689,restaurant,d12,osm
osm:node/9197563194,pitch,d22,osm
osm:node/9199545588,cafe,d03,osm
osm:node/9200392095,restaurant,d02,osm
osm:node/9200392106,restaurant,d02,osm
osm:node/9202686769,fitness_centre,d22,osm
osm:node/9203013507,restaurant,d14,osm
osm:node/9212350863,cafe,d09,osm
osm:node/9212524149,cafe,d19,osm
osm:node/9213388896,restaurant,d01,osm
osm:node/9216224226,fitness_station,d19,osm
osm:node/9229402917,nightclub,d01,osm
osm:node/9229593233,pitch,d23,osm
osm:node/9229906602,restaurant,d14,osm
osm:node/9229906608,restaurant,d14,osm
osm:node/9230031200,restaurant,d14,osm
osm:node/9230031201,restaurant,d14,osm
osm:node/9230044720,cafe,d14,osm
osm:node/9230044725,restaurant,d14,osm
osm:node/9230075843,cafe,d22,osm
osm:node/9230389685,sports_centre,d14,osm
osm:node/9230389687,fitness_centre,d14,osm
osm:node/9230389690,restaurant,d14,osm
osm:node/9233622440,restaurant,d20,osm
osm:node/9241662684,sports_centre,d03,osm
osm:node/9248407618,fitness_centre,d17,osm
osm:node/9250304917,cafe,d09,osm
osm:node/9251017637,pitch,d19,osm
osm:node/9256276189,fitness_centre,d13,osm
osm:node/9256276194,bar,d13,osm
osm:node/9256286954,cafe,d13,osm
osm:node/9267484031,cafe,d01,osm
osm:node/9270438967,fitness_station,d17,osm
osm:node/9270438970,fitness_station,d16,osm
osm:node/9270438974,pitch,d16,osm
osm:node/9272669029,restaurant,d21,osm
osm:node/9276187853,fitness_station,d08,osm
osm:node/9279755728,restaurant,d02,osm
osm:node/9280358975,pub,d12,osm
osm:node/9282066486,cafe,d12,osm
osm:node/9283558389,restaurant,d03,osm
osm:node/9310039550,cafe,d21,osm
osm:node/9320682531,restaurant,d03,osm
osm:node/9320714069,restaurant,d03,osm
osm:node/9321679171,pitch,d19,osm
osm:node/9338318165,restaurant,d23,osm
osm:node/9352205076,fitness_centre,d22,osm
osm:node/9365763617,restaurant,d01,osm
osm:node/9369946638,restaurant,d07,osm
osm:node/9386460615,fitness_centre,d14,osm
osm:node/9389444862,restaurant,d14,osm
osm:node/9405073641,restaurant,d20,osm
osm:node/9413041317,cafe,d09,osm
osm:node/9422122030,restaurant,d01,osm
osm:node/9422192892,cafe,d09,osm
osm:node/9429062517,pitch,d23,osm
osm:node/9429062528,pitch,d23,osm
osm:node/9441791643,restaurant,d17,osm
osm:node/9447199185,cafe,d16,osm
osm:node/9447229185,cafe,d16,osm
osm:node/9457806435,restaurant,d18,osm
osm:node/9459094817,cafe,d10,osm
osm:node/9472429162,cafe,d06,osm
osm:node/9476295633,fitness_station,d12,osm
osm:node/9481072160,restaurant,d18,osm
osm:node/9481486445,sports_centre,d08,osm
osm:node/9481530859,restaurant,d08,osm
osm:node/9492097654,restaurant,d12,osm
osm:node/9493185824,pitch,d23,osm
osm:node/9493185825,pitch,d23,osm
osm:node/9493744013,restaurant,d04,osm
osm:node/9493756635,bar,d16,osm
osm:node/9493774209,pub,d17,osm
osm:node/9493774421,restaurant,d17,osm
osm:node/9493775333,cafe,d16,osm
osm:node/9493776449,cafe,d17,osm
osm:node/9493776450,cafe,d17,osm
osm:node/9493777870,bar,d17,osm
osm:node/9493784288,cafe,d17,osm
osm:node/9493787991,bar,d08,osm
osm:node/9495208587,cafe,d02,osm
osm:node/9497101804,restaurant,d07,osm
osm:node/9498232253,restaurant,d07,osm
osm:node/9499399841,restaurant,d14,osm
osm:node/9501199821,pub,d09,osm
osm:node/9506315186,restaurant,d09,osm
osm:node/9510597037,restaurant,d17,osm
osm:node/9510608729,cafe,d17,osm
osm:node/9510642145,restaurant,d17,osm
osm:node/9510650147,bar,d17,osm
osm:node/9510661824,cafe,d15,osm
osm:node/9510661826,bar,d07,osm
osm:node/9510661927,cafe,d15,osm
osm:node/9521102820,pub,d18,osm
osm:node/9524111317,cafe,d01,osm
osm:node/9524794134,cafe,d16,osm
osm:node/9524794136,bar,d16,osm
osm:node/9532901679,restaurant,d07,osm
osm:node/9532937360,restaurant,d07,osm
osm:node/9544631573,restaurant,d17,osm
osm:node/9545298761,cafe,d08,osm
osm:node/9545298769,bar,d09,osm
osm:node/9546660825,fitness_centre,d03,osm
osm:node/9550361735,cafe,d07,osm
osm:node/9551525273,fitness_centre,d02,osm
osm:node/9552218608,restaurant,d22,osm
osm:node/9560719373,fitness_station,d09,osm
osm:node/9560776842,restaurant,d20,osm
osm:node/9561377405,pitch,d03,osm
osm:node/9573560682,restaurant,d21,osm
osm:node/9575040979,cafe,d07,osm
osm:node/9588100533,pub,d17,osm
osm:node/9588924107,cafe,d12,osm
osm:node/9590452143,bar,d01,osm
osm:node/9590560117,restaurant,d06,osm
osm:node/9609751390,restaurant,d12,osm
osm:node/9609793891,pitch,d05,osm
osm:node/9626794121,restaurant,d11,osm
osm:node/9642350630,restaurant,d19,osm
osm:node/9645094517,bar,d17,osm
osm:node/9645157393,restaurant,d22,osm
osm:node/9654104969,restaurant,d22,osm
osm:node/9654104970,restaurant,d22,osm
osm:node/9658671917,cafe,d07,osm
osm:node/9666924534,pub,d03,osm
osm:node/9667040017,restaurant,d02,osm
osm:node/9679391051,cafe,d03,osm
osm:node/9689423325,restaurant,d08,osm
osm:node/9690007021,restaurant,d22,osm
osm:node/9694807731,pitch,d02,osm
osm:node/9702398929,cafe,d06,osm
osm:node/9704691213,cafe,d02,osm
osm:node/9704691215,fitness_centre,d02,osm
osm:node/9705599217,restaurant,d21,osm
osm:node/9707708496,bar,d02,osm
osm:node/9709046121,pitch,d10,osm
osm:node/9720315804,restaurant,d10,osm
osm:node/9720945786,sports_centre,d01,osm
osm:node/9723291986,pitch,d11,osm
osm:node/9724952879,pitch,d03,osm
osm:node/9725519433,cafe,d20,osm
osm:node/9725532853,restaurant,d08,osm
osm:node/9726371738,restaurant,d08,osm
osm:node/9733541512,cafe,d06,osm
osm:node/9735031317,pitch,d12,osm
osm:node/9735039017,pitch,d12,osm
osm:node/9741204037,pitch,d12,osm
osm:node/9741320447,cafe,d18,osm
osm:node/9744161119,bar,d01,osm
osm:node/9751704466,fitness_centre,d07,osm
osm:node/9751791415,restaurant,d03,osm
osm:node/9775054317,cafe,d02,osm
osm:node/9784795637,pitch,d22,osm
osm:node/9788587611,fitness_centre,d11,osm
osm:node/9791012404,pitch,d18,osm
osm:node/9791012405,pitch,d18,osm
osm:node/9791012406,pitch,d18,osm
osm:node/9792243140,nightclub,d17,osm
osm:node/9798347390,restaurant,d22,osm
osm:node/9802909517,fitness_centre,d03,osm
osm:node/9804790196,fitness_station,d15,osm
osm:node/9804850091,fitness_station,d07,osm
osm:node/9804850092,pitch,d07,osm
osm:node/9812181479,pub,d17,osm
osm:node/9812223877,cafe,d20,osm
osm:node/9812346362,restaurant,d23,osm
osm:node/9812429741,restaurant,d23,osm
osm:node/9813252017,fitness_centre,d09,osm
osm:node/9815333460,restaurant,d13,osm
osm:node/9822388495,restaurant,d14,osm
osm:node/9823162334,fitness_centre,d13,osm
osm:node/9826898643,restaurant,d21,osm
osm:node/9829302024,bar,d19,osm
osm:node/9830592079,restaurant,d02,osm
osm:node/9833353080,restaurant,d06,osm
osm:node/9835956863,fitness_centre,d01,osm
osm:node/9835956870,cafe,d01,osm
osm:node/9844603587,restaurant,d12,osm
osm:node/9846561392,cafe,d14,osm
osm:node/9847934811,cafe,d15,osm
osm:node/9847934812,restaurant,d15,osm
osm:node/9850811436,cafe,d03,osm
osm:node/9854186197,bar,d02,osm
osm:node/9855107144,sports_centre,d02,osm
osm:node/9856089369,pitch,d10,osm
osm:node/9860710165,restaurant,d14,osm
osm:node/9860874733,restaurant,d16,osm
osm:node/9860877015,restaurant,d16,osm
osm:node/9860889446,cafe,d16,osm
osm:node/9861780293,restaurant,d10,osm
osm:node/9867760531,restaurant,d04,osm
osm:node/9869038933,cafe,d03,osm
osm:node/9869038936,fitness_centre,d04,osm
osm:node/9869038996,bar,d09,osm
osm:node/9872391526,pub,d17,osm
osm:node/9874815400,restaurant,d02,osm
osm:node/9874821568,cafe,d06,osm
osm:node/9874823247,bar,d06,osm
osm:node/9874824982,fitness_centre,d06,osm
osm:node/9874832271,restaurant,d06,osm
osm:node/9874833151,bar,d06,osm
osm:node/9876912813,restaurant,d03,osm
osm:node/9884613585,restaurant,d04,osm
osm:node/9889348992,restaurant,d15,osm
osm:node/9889348994,restaurant,d06,osm
osm:node/9889392786,cafe,d15,osm
osm:node/9889414762,cafe,d15,osm
osm:node/9890648152,restaurant,d22,osm
osm:node/9897844675,bar,d06,osm
osm:node/9897912331,bar,d06,osm
osm:node/9905946812,cafe,d14,osm
osm:node/9918487594,cafe,d05,osm
osm:node/9918512267,cafe,d11,osm
osm:node/9919040900,cafe,d03,osm
osm:node/9923882019,cafe,d09,osm
osm:node/9924871919,cafe,d07,osm
osm:node/9933350831,restaurant,d17,osm
osm:node/9937842080,fitness_centre,d02,osm
osm:node/9939953626,cafe,d13,osm
osm:node/9943266988,restaurant,d03,osm
osm:node/9956771017,cafe,d06,osm
osm:node/9957331542,restaurant,d13,osm
osm:node/9961145305,restaurant,d20,osm
osm:node/9961163389,restaurant,d10,osm
osm:node/9961180303,cafe,d04,osm
osm:node/9961201853,restaurant,d22,osm
osm:node/9961821667,fitness_centre,d19,osm
osm:node/9972941747,restaurant,d23,osm
osm:node/9976820486,restaurant,d02,osm
osm:node/9981071641,fitness_centre,d10,osm
osm:node/9981859589,cafe,d21,osm
osm:node/9981859597,restaurant,d21,osm
osm:node/9985580535,pitch,d07,osm
osm:node/9985580540,pitch,d07,osm
osm:node/9987524104,restaurant,d01,osm
osm:node/9993486804,restaurant,d10,osm
osm:node/9995798817,restaurant,d07,osm
osm:node/9998366109,restaurant,d06,osm
osm:node/10002033891,pitch,d20,osm
osm:node/10002033892,pitch,d20,osm
osm:node/10004691122,pitch,d03,osm
osm:node/10009226952,fitness_centre,d10,osm
osm:node/10010246968,cafe,d16,osm
osm:node/10011442461,restaurant,d01,osm
osm:node/10013110915,restaurant,d13,osm
osm:node/10013199531,cafe,d01,osm
osm:node/10013199537,fitness_centre,d01,osm
osm:node/10013513705,bar,d12,osm
osm:node/10013636662,bar,d04,osm
osm:node/10013652925,restaurant,d10,osm
osm:node/10013675392,bar,d10,osm
osm:node/10013725002,restaurant,d03,osm
osm:node/10013973589,pitch,d15,osm
osm:node/10016846982,restaurant,d02,osm
osm:node/10018602854,pitch,d11,osm
osm:node/10024966023,cafe,d03,osm
osm:node/10024966032,restaurant,d03,osm
osm:node/10024966035,restaurant,d03,osm
osm:node/10026753770,cafe,d01,osm
osm:node/10030349456,pitch,d16,osm
osm:node/10030965068,restaurant,d06,osm
osm:node/10031188017,restaurant,d13,osm
osm:node/10036128118,pub,d04,osm
osm:node/10036128120,pub,d04,osm
osm:node/10043129945,restaurant,d01,osm
osm:node/10062430795,restaurant,d01,osm
osm:node/10064365951,cafe,d10,osm
osm:node/10066597647,restaurant,d02,osm
osm:node/10073593101,fitness_centre,d22,osm
osm:node/10084860295,pitch,d10,osm
osm:node/10086791622,fitness_centre,d15,osm
osm:node/10093150038,fitness_centre,d09,osm
osm:node/10093150060,cafe,d09,osm
osm:node/10101672310,restaurant,d21,osm
osm:node/10106411108,fitness_centre,d18,osm
osm:node/10109407579,fitness_centre,d18,osm
osm:node/10115052835,pitch,d13,osm
osm:node/10115191555,cafe,d09,osm
osm:node/10117120944,pitch,d03,osm
osm:node/10117126308,fitness_station,d03,osm
osm:node/10118956495,cafe,d12,osm
osm:node/10119632142,cafe,d05,osm
osm:node/10119632152,cafe,d05,osm
osm:node/10119632153,pitch,d05,osm
osm:node/10120617080,pitch,d05,osm
osm:node/10120617081,pitch,d05,osm
osm:node/10120651817,bar,d09,osm
osm:node/10121478309,fitness_centre,d01,osm
osm:node/10124950634,restaurant,d03,osm
osm:node/10130691911,cafe,d12,osm
osm:node/10132083717,cafe,d08,osm
osm:node/10133117361,fitness_centre,d07,osm
osm:node/10133117367,fitness_centre,d06,osm
osm:node/10133117390,restaurant,d01,osm
osm:node/10135860555,sports_centre,d10,osm
osm:node/10138397170,restaurant,d01,osm
osm:node/10140398281,cafe,d09,osm
osm:node/10140398290,cafe,d09,osm
osm:node/10142881426,pitch,d20,osm
osm:node/10142881437,pitch,d20,osm
osm:node/10142881445,pitch,d20,osm
osm:node/10143373335,restaurant,d04,osm
osm:node/10143376324,pitch,d04,osm
osm:node/10161285738,restaurant,d16,osm
osm:node/10163505214,biergarten,d06,osm
osm:node/10169379315,restaurant,d19,osm
osm:node/10169918776,restaurant,d07,osm
osm:node/10169918780,pitch,d07,osm
osm:node/10171875089,fitness_centre,d06,osm
osm:node/10171877191,bar,d07,osm
osm:node/10171892250,cafe,d06,osm
osm:node/10171902348,restaurant,d06,osm
osm:node/10178134232,cafe,d05,osm
osm:node/10180479931,cafe,d22,osm
osm:node/10186143318,cafe,d03,osm
osm:node/10186143333,restaurant,d03,osm
osm:node/10186143334,cafe,d03,osm
osm:node/10198374718,cafe,d15,osm
osm:node/10203434475,fitness_centre,d01,osm
osm:node/10210154885,cafe,d07,osm
osm:node/10215468681,restaurant,d17,osm
osm:node/10217342333,pitch,d10,osm
osm:node/10217342334,pitch,d10,osm
osm:node/10219844117,cafe,d21,osm
osm:node/10219844141,cafe,d21,osm
osm:node/10219844165,fitness_centre,d21,osm
osm:node/10219844166,restaurant,d21,osm
osm:node/10219952832,fitness_centre,d21,osm
osm:node/10225863471,restaurant,d02,osm
osm:node/10235965571,restaurant,d16,osm
osm:node/10238950146,restaurant,d09,osm
osm:node/10249855872,restaurant,d15,osm
osm:node/10261208706,fitness_centre,d09,osm
osm:node/10277971609,restaurant,d06,osm
osm:node/10284716856,restaurant,d10,osm
osm:node/10291520214,restaurant,d15,osm
osm:node/10295550507,pitch,d18,osm
osm:node/10300291009,cafe,d06,osm
osm:node/10311327697,restaurant,d11,osm
osm:node/10311336391,restaurant,d11,osm
osm:node/10311347622,pitch,d11,osm
osm:node/10311359559,restaurant,d11,osm
osm:node/10311372742,cafe,d11,osm
osm:node/10311373818,cafe,d11,osm
osm:node/10312702538,restaurant,d03,osm
osm:node/10544409623,fitness_centre,d23,osm
osm:node/10553924710,cafe,d01,osm
osm:node/10554272709,cafe,d04,osm
osm:node/10560035236,fitness_station,d12,osm
osm:node/10564930930,restaurant,d19,osm
osm:node/10567670364,cafe,d14,osm
osm:node/10574218989,cafe,d01,osm
osm:node/10581901791,fitness_centre,d23,osm
osm:node/10581927144,pitch,d23,osm
osm:node/10583638334,restaurant,d19,osm
osm:node/10589257579,restaurant,d21,osm
osm:node/10592308005,restaurant,d04,osm
osm:node/10598814271,restaurant,d23,osm
osm:node/10604762205,cafe,d09,osm
osm:node/10649427553,pitch,d22,osm
osm:node/10649427554,pitch,d22,osm
osm:node/10649427555,pitch,d22,osm
osm:node/10649427556,pitch,d22,osm
osm:node/10671372205,restaurant,d03,osm
osm:node/10676278484,restaurant,d20,osm
osm:node/10676410988,cafe,d20,osm
osm:node/10683078006,restaurant,d23,osm
osm:node/10693430680,restaurant,d06,osm
osm:node/10693512798,restaurant,d01,osm
osm:node/10694683094,restaurant,d02,osm
osm:node/10696410905,restaurant,d07,osm
osm:node/10701272909,cafe,d22,osm
osm:node/10701800317,restaurant,d08,osm
osm:node/10704776615,fitness_centre,d18,osm
osm:node/10707456185,restaurant,d01,osm
osm:node/10709796880,restaurant,d10,osm
osm:node/10712204859,restaurant,d22,osm
osm:node/10712204860,restaurant,d22,osm
osm:node/10717561273,restaurant,d06,osm
osm:node/10720073589,restaurant,d01,osm
osm:node/10723627394,restaurant,d20,osm
osm:node/10725574083,cafe,d06,osm
osm:node/10725939388,cafe,d12,osm
osm:node/10737489593,restaurant,d01,osm
osm:node/10737489594,restaurant,d01,osm
osm:node/10737697776,cafe,d02,osm
osm:node/10737884756,restaurant,d23,osm
osm:node/10739279963,cafe,d02,osm
osm:node/10739590344,fitness_centre,d23,osm
osm:node/10742097572,pitch,d14,osm
osm:node/10743550097,restaurant,d20,osm
osm:node/10743550099,cafe,d20,osm
osm:node/10743732740,fitness_centre,d20,osm
osm:node/10753126633,restaurant,d21,osm
osm:node/10755952512,restaurant,d09,osm
osm:node/10755974725,cafe,d09,osm
osm:node/10772696375,cafe,d07,osm
osm:node/10772847781,bar,d20,osm
osm:node/10773151486,restaurant,d22,osm
osm:node/10773535541,fitness_station,d23,osm
osm:node/10773809105,cafe,d16,osm
osm:node/10778350303,restaurant,d16,osm
osm:node/10779758076,restaurant,d20,osm
osm:node/10779883151,cafe,d18,osm
osm:node/10779949509,cafe,d07,osm
osm:node/10780026705,restaurant,d07,osm
osm:node/10784893500,restaurant,d21,osm
osm:node/10788197418,cafe,d21,osm
osm:node/10788197419,cafe,d21,osm
osm:node/10789911231,fitness_centre,d03,osm
osm:node/10790668807,pub,d10,osm
osm:node/10790778421,restaurant,d09,osm
osm:node/10796700161,pitch,d04,osm
osm:node/10803080530,restaurant,d03,osm
osm:node/10814866960,restaurant,d05,osm
osm:node/10816745841,restaurant,d07,osm
osm:node/10819836558,restaurant,d03,osm
osm:node/10829168753,restaurant,d03,osm
osm:node/10829177134,restaurant,d03,osm
osm:node/10830126489,cafe,d03,osm
osm:node/10832093245,bar,d02,osm
osm:node/10834158474,fitness_centre,d08,osm
osm:node/10837233052,restaurant,d01,osm
osm:node/10857148484,restaurant,d03,osm
osm:node/10857157124,bar,d12,osm
osm:node/10857162759,cafe,d12,osm
osm:node/10860341648,fitness_centre,d18,osm
osm:node/10873111180,pitch,d03,osm
osm:node/10875526514,cafe,d20,osm
osm:node/10875596930,cafe,d01,osm
osm:node/10879408608,bar,d14,osm
osm:node/10884109949,restaurant,d11,osm
osm:node/10884176183,restaurant,d11,osm
osm:node/10884178231,cafe,d11,osm
osm:node/10887543208,cafe,d01,osm
osm:node/10887543209,bar,d01,osm
osm:node/10893191869,fitness_centre,d01,osm
osm:node/10893247297,fitness_centre,d01,osm
osm:node/10899894660,cafe,d06,osm
osm:node/10904906301,restaurant,d09,osm
osm:node/10907346027,pitch,d15,osm
osm:node/10907451991,cafe,d13,osm
osm:node/10911266069,cafe,d14,osm
osm:node/10911268501,cafe,d14,osm
osm:node/10917995776,cafe,d10,osm
osm:node/10918039962,cafe,d10,osm
osm:node/10918249490,cafe,d10,osm
osm:node/10918305798,cafe,d10,osm
osm:node/10924290136,cafe,d07,osm
osm:node/10924290137,restaurant,d07,osm
osm:node/10925259189,cafe,d09,osm
osm:node/10925272336,cafe,d07,osm
osm:node/10927957576,pitch,d04,osm
osm:node/10931623207,restaurant,d06,osm
osm:node/10942254852,fitness_centre,d01,osm
osm:node/10942254853,fitness_centre,d01,osm
osm:node/10942256089,fitness_centre,d07,osm
osm:node/10942404460,cafe,d17,osm
osm:node/10942428796,cafe,d18,osm
osm:node/10942428802,cafe,d17,osm
osm:node/10944285223,cafe,d10,osm
osm:node/10948454905,restaurant,d03,osm
osm:node/10948791505,bar,d06,osm
osm:node/10949467611,pitch,d10,osm
osm:node/10956931205,cafe,d07,osm
osm:node/10956931305,cafe,d07,osm
osm:node/10957646005,pub,d07,osm
osm:node/10959429606,restaurant,d09,osm
osm:node/10961734055,restaurant,d19,osm
osm:node/10962178476,pitch,d18,osm
osm:node/10965553981,cafe,d06,osm
osm:node/10965553982,restaurant,d06,osm
osm:node/10965553987,fitness_centre,d06,osm
osm:node/10965553988,restaurant,d06,osm
osm:node/10965553993,cafe,d06,osm
osm:node/10965713377,cafe,d06,osm
osm:node/10966047904,bar,d02,osm
osm:node/10968916905,fitness_centre,d09,osm
osm:node/10969213874,restaurant,d09,osm
osm:node/10969213875,restaurant,d08,osm
osm:node/10969213879,cafe,d09,osm
osm:node/10969213880,bar,d08,osm
osm:node/10969213881,restaurant,d08,osm
osm:node/10969213884,fitness_centre,d08,osm
osm:node/10971817041,pitch,d01,osm
osm:node/10971817042,pitch,d01,osm
osm:node/10971817043,pitch,d07,osm
osm:node/10971817044,pitch,d07,osm
osm:node/10994633674,restaurant,d10,osm
osm:node/10994639880,cafe,d10,osm
osm:node/10995221437,restaurant,d03,osm
osm:node/10998260534,restaurant,d01,osm
osm:node/10998260536,bar,d01,osm
osm:node/11003228554,bar,d01,osm
osm:node/11003228558,cafe,d01,osm
osm:node/11003228564,restaurant,d01,osm
osm:node/11010243781,restaurant,d10,osm
osm:node/11010243787,restaurant,d10,osm
osm:node/11010243788,restaurant,d10,osm
osm:node/11010243789,restaurant,d10,osm
osm:node/11010243793,restaurant,d10,osm
osm:node/11010243799,restaurant,d10,osm
osm:node/11010260618,restaurant,d10,osm
osm:node/11010260622,bar,d10,osm
osm:node/11010260628,cafe,d10,osm
osm:node/11010260629,bar,d10,osm
osm:node/11010260633,restaurant,d10,osm
osm:node/11010260651,restaurant,d10,osm
osm:node/11010776388,cafe,d23,osm
osm:node/11010892623,pitch,d23,osm
osm:node/11012060777,restaurant,d10,osm
osm:node/11012060778,restaurant,d10,osm
osm:node/11012060781,restaurant,d10,osm
osm:node/11012060789,cafe,d10,osm
osm:node/11012060791,cafe,d10,osm
osm:node/11020292891,bar,d01,osm
osm:node/11020930988,cafe,d01,osm
osm:node/11034235957,restaurant,d16,osm
osm:node/11035854603,restaurant,d02,osm
osm:node/11042190407,fitness_centre,d13,osm
osm:node/11043846063,restaurant,d03,osm
osm:node/11046381287,cafe,d20,osm
osm:node/11047242965,cafe,d07,osm
osm:node/11048694624,bar,d07,osm
osm:node/11051772617,pitch,d23,osm
osm:node/11057360106,pitch,d20,osm
osm:node/11065597724,fitness_centre,d20,osm
osm:node/11069767907,restaurant,d06,osm
osm:node/11069851616,pitch,d21,osm
osm:node/11069851725,pitch,d21,osm
osm:node/11071781145,cafe,d14,osm
osm:node/11071786810,cafe,d14,osm
osm:node/11071786813,cafe,d14,osm
osm:node/11071786835,cafe,d14,osm
osm:node/11071789589,restaurant,d03,osm
osm:node/11073237178,restaurant,d22,osm
osm:node/11075063453,fitness_station,d22,osm
osm:node/11075486762,pitch,d02,osm
osm:node/11076509533,restaurant,d19,osm
osm:node/11076911882,cafe,d02,osm
osm:node/11076911989,cafe,d02,osm
osm:node/11076912005,pitch,d02,osm
osm:node/11079538748,bar,d20,osm
osm:node/11079538749,sports_centre,d20,osm
osm:node/11079545998,pitch,d15,osm
osm:node/11085071688,restaurant,d02,osm
osm:node/11085319398,bar,d14,osm
osm:node/11086737608,pitch,d21,osm
osm:node/11086737681,pitch,d21,osm
osm:node/11086820005,restaurant,d08,osm
osm:node/11090329348,pitch,d02,osm
osm:node/11092998676,bar,d10,osm
osm:node/11093763515,restaurant,d03,osm
osm:node/11099357022,fitness_centre,d22,osm
osm:node/11101794260,fitness_centre,d22,osm
osm:node/11107258746,cafe,d17,osm
osm:node/11107540832,restaurant,d02,osm
osm:node/11107907214,cafe,d20,osm
osm:node/11112205868,restaurant,d01,osm
osm:node/11115850115,bar,d10,osm
osm:node/11116502938,restaurant,d19,osm
osm:node/11132231212,cafe,d10,osm
osm:node/11132231213,cafe,d10,osm
osm:node/11132231223,restaurant,d10,osm
osm:node/11132231228,cafe,d10,osm
osm:node/11133546005,restaurant,d14,osm
osm:node/11141898665,restaurant,d01,osm
osm:node/11143687190,pitch,d23,osm
osm:node/11143687191,pitch,d23,osm
osm:node/11146662331,restaurant,d13,osm
osm:node/11146728575,fitness_centre,d23,osm
osm:node/11150693201,restaurant,d09,osm
osm:node/11154244137,pitch,d21,osm
osm:node/11159676295,restaurant,d21,osm
osm:node/11159676297,restaurant,d21,osm
osm:node/11159676298,restaurant,d21,osm
osm:node/11161549096,pitch,d21,osm
osm:node/11162865905,restaurant,d06,osm
osm:node/11165013536,bar,d07,osm
osm:node/11165352885,pitch,d02,osm
osm:node/11165400013,pitch,d02,osm
osm:node/11165400090,pitch,d02,osm
osm:node/11165400132,cafe,d02,osm
osm:node/11165400246,pitch,d02,osm
osm:node/11165602986,restaurant,d07,osm
osm:node/11172175414,restaurant,d22,osm
osm:node/11172175415,restaurant,d22,osm
osm:node/11172175416,restaurant,d22,osm
osm:node/11172175417,restaurant,d22,osm
osm:node/11172175418,restaurant,d22,osm
osm:node/11172175419,restaurant,d22,osm
osm:node/11172175421,cafe,d22,osm
osm:node/11172175422,restaurant,d22,osm
osm:node/11172175427,restaurant,d22,osm
osm:node/11179096423,cafe,d18,osm
osm:node/11179096425,restaurant,d18,osm
osm:node/11179096431,restaurant,d18,osm
osm:node/11193834430,restaurant,d01,osm
osm:node/11195775955,restaurant,d20,osm
osm:node/11195777350,bar,d20,osm
osm:node/11196222165,bar,d22,osm
osm:node/11202213537,restaurant,d07,osm
osm:node/11203389157,restaurant,d17,osm
osm:node/11205811652,restaurant,d12,osm
osm:node/11209807728,cafe,d22,osm
osm:node/11210347367,cafe,d06,osm
osm:node/11219832979,restaurant,d10,osm
osm:node/11225316929,pitch,d21,osm
osm:node/11225316933,pitch,d21,osm
osm:node/11227505816,fitness_centre,d09,osm
osm:node/11229612878,cafe,d10,osm
osm:node/11230753176,cafe,d16,osm
osm:node/11231212043,pitch,d22,osm
osm:node/11243519030,restaurant,d11,osm
osm:node/11245577736,pitch,d06,osm
osm:node/11246059979,pitch,d21,osm
osm:node/11246059995,pitch,d21,osm
osm:node/11248234695,restaurant,d21,osm
osm:node/11250785846,restaurant,d22,osm
osm:node/11251726089,fitness_centre,d01,osm
osm:node/11251997304,fitness_centre,d15,osm
osm:node/11257727217,restaurant,d15,osm
osm:node/11257879246,bar,d03,osm
osm:node/11261329101,cafe,d04,osm
osm:node/11271988870,restaurant,d21,osm
osm:node/11275535804,restaurant,d20,osm
osm:node/11278360566,fitness_centre,d07,osm
osm:node/11279437416,restaurant,d21,osm
osm:node/11279698469,restaurant,d21,osm
osm:node/11280480090,bar,d05,osm
osm:node/11281632034,pitch,d22,osm
osm:node/11295320984,cafe,d01,osm
osm:node/11296442653,restaurant,d16,osm
osm:node/11297473869,bar,d07,osm
osm:node/11298394089,restaurant,d22,osm
osm:node/11300511962,restaurant,d08,osm
osm:node/11301436135,cafe,d08,osm
osm:node/11304911992,pitch,d22,osm
osm:node/11304912177,pitch,d22,osm
osm:node/11310580720,fitness_centre,d04,osm
osm:node/11314452085,restaurant,d22,osm
osm:node/11326698748,restaurant,d10,osm
osm:node/11326698759,cafe,d10,osm
osm:node/11327575566,pitch,d22,osm
osm:node/11327602770,restaurant,d10,osm
osm:node/11327602773,fitness_station,d10,osm
osm:node/11327603720,pitch,d22,osm
osm:node/11329047882,restaurant,d04,osm
osm:node/11331223329,restaurant,d15,osm
osm:node/11331414218,pitch,d12,osm
osm:node/11331414219,pitch,d12,osm
osm:node/11331414223,pitch,d12,osm
osm:node/11331414851,pub,d10,osm
osm:node/11333221638,pitch,d22,osm
osm:node/11333223471,pitch,d22,osm
osm:node/11339479082,bar,d19,osm
osm:node/11341426097,pitch,d21,osm
osm:node/11342095501,pitch,d03,osm
osm:node/11349337616,restaurant,d22,osm
osm:node/11356878125,fitness_centre,d09,osm
osm:node/11358426164,restaurant,d22,osm
osm:node/11359772809,bar,d07,osm
osm:node/11360364051,restaurant,d10,osm
osm:node/11360364052,fitness_centre,d10,osm
osm:node/11360857306,pitch,d19,osm
osm:node/11365965724,fitness_centre,d02,osm
osm:node/11370436105,restaurant,d05,osm
osm:node/11370554321,restaurant,d16,osm
osm:node/11377288289,cafe,d10,osm
osm:node/11383557167,bar,d10,osm
osm:node/11384636882,restaurant,d04,osm
osm:node/11388068939,cafe,d09,osm
osm:node/11388092189,restaurant,d19,osm
osm:node/11396690208,restaurant,d05,osm
osm:node/11405179969,restaurant,d07,osm
osm:node/11405425918,restaurant,d20,osm
osm:node/11410340734,cafe,d17,osm
osm:node/11413397028,pitch,d12,osm
osm:node/11415352372,fitness_centre,d23,osm
osm:node/11418239809,restaurant,d15,osm
osm:node/11422599969,restaurant,d02,osm
osm:node/11432383773,restaurant,d03,osm
osm:node/11438593044,cafe,d07,osm
osm:node/11439243459,fitness_centre,d23,osm
osm:node/11439276501,bar,d06,osm
osm:node/11444865232,bar,d10,osm
osm:node/11459677331,nightclub,d23,osm
osm:node/11460031963,restaurant,d04,osm
osm:node/11480601969,cafe,d09,osm
osm:node/11488977554,cafe,d12,osm
osm:node/11488977555,restaurant,d12,osm
osm:node/11488977558,fitness_centre,d12,osm
osm:node/11490043178,restaurant,d03,osm
osm:node/11491631478,restaurant,d10,osm
osm:node/11492198761,cafe,d03,osm
osm:node/11494579325,cafe,d01,osm
osm:node/11499960769,restaurant,d02,osm
osm:node/11505906735,restaurant,d02,osm
osm:node/11514109483,restaurant,d17,osm
osm:node/11517326768,sports_centre,d10,osm
osm:node/11524981729,cafe,d21,osm
osm:node/11525004682,cafe,d05,osm
osm:node/11541220826,restaurant,d01,osm
osm:node/11543461918,fitness_centre,d09,osm
osm:node/11543753358,restaurant,d04,osm
osm:node/11546973761,restaurant,d10,osm
osm:node/11550881464,restaurant,d07,osm
osm:node/11565051359,cafe,d17,osm
osm:node/11573604635,cafe,d06,osm
osm:node/11574037673,restaurant,d12,osm
osm:node/11574037674,restaurant,d12,osm
osm:node/11574037677,restaurant,d12,osm
osm:node/11574037678,restaurant,d12,osm
osm:node/11577267819,restaurant,d06,osm
osm:node/11577267821,restaurant,d06,osm
osm:node/11577267822,bar,d06,osm
osm:node/11577267833,bar,d06,osm
osm:node/11577643765,restaurant,d12,osm
osm:node/11598699447,bar,d01,osm
osm:node/11603168919,cafe,d14,osm
osm:node/11608090171,restaurant,d03,osm
osm:node/11611397316,pitch,d10,osm
osm:node/11622775627,pitch,d23,osm
osm:node/11635043456,cafe,d05,osm
osm:node/11637735156,restaurant,d10,osm
osm:node/11650296428,fitness_station,d05,osm
osm:node/11650296430,fitness_station,d05,osm
osm:node/11650296431,fitness_station,d05,osm
osm:node/11650296432,fitness_station,d05,osm
osm:node/11650296434,pitch,d05,osm
osm:node/11650296438,fitness_centre,d05,osm
osm:node/11659498241,restaurant,d04,osm
osm:node/11662521363,cafe,d16,osm
osm:node/11663014827,restaurant,d06,osm
osm:node/11663095839,bar,d04,osm
osm:node/11663095843,cafe,d04,osm
osm:node/11677605764,cafe,d02,osm
osm:node/11682582600,restaurant,d12,osm
osm:node/11684671763,pitch,d02,osm
osm:node/11684681770,pitch,d02,osm
osm:node/11694173992,restaurant,d12,osm
osm:node/11694320575,restaurant,d07,osm
osm:node/11694858869,restaurant,d01,osm
osm:node/11697269395,restaurant,d05,osm
osm:node/11700863532,fitness_centre,d10,osm
osm:node/11700863533,cafe,d10,osm
osm:node/11700863535,bar,d03,osm
osm:node/11703715914,cafe,d22,osm
osm:node/11705104955,restaurant,d09,osm
osm:node/11705124564,cafe,d03,osm
osm:node/11708248373,restaurant,d04,osm
osm:node/11708725862,cafe,d03,osm
osm:node/11725294261,fitness_centre,d12,osm
osm:node/11725394925,cafe,d15,osm
osm:node/11728490637,bar,d06,osm
osm:node/11730081710,restaurant,d20,osm
osm:node/11732361947,bar,d12,osm
osm:node/11732383822,restaurant,d12,osm
osm:node/11734459582,restaurant,d14,osm
osm:node/11736810160,restaurant,d01,osm
osm:node/11736820329,bar,d01,osm
osm:node/11745555863,cafe,d21,osm
osm:node/11746577385,restaurant,d11,osm
osm:node/11746684501,fitness_centre,d09,osm
osm:node/11750315918,restaurant,d01,osm
osm:node/11751140628,restaurant,d07,osm
osm:node/11757828584,restaurant,d19,osm
osm:node/11757924382,restaurant,d14,osm
osm:node/11759124236,restaurant,d08,osm
osm:node/11761399962,restaurant,d04,osm
osm:node/11766879385,pitch,d22,osm
osm:node/11767430520,pub,d03,osm
osm:node/11769635315,restaurant,d12,osm
osm:node/11781355103,fitness_centre,d19,osm
osm:node/11784544795,cafe,d16,osm
osm:node/11795499695,fitness_centre,d14,osm
osm:node/11799416569,cafe,d01,osm
osm:node/11801707373,restaurant,d11,osm
osm:node/11802665314,bar,d09,osm
osm:node/11809659685,restaurant,d15,osm
osm:node/11809669523,cafe,d15,osm
osm:node/11809674615,cafe,d15,osm
osm:node/11809674616,restaurant,d15,osm
osm:node/11810258180,cafe,d14,osm
osm:node/11812264949,fitness_centre,d09,osm
osm:node/11827105342,restaurant,d06,osm
osm:node/11831598760,bar,d07,osm
osm:node/11833268403,bar,d10,osm
osm:node/11833868447,pitch,d11,osm
osm:node/11866981823,pitch,d08,osm
osm:node/11866981824,pitch,d08,osm
osm:node/11871571602,restaurant,d16,osm
osm:node/11871571603,restaurant,d16,osm
osm:node/11871828502,restaurant,d19,osm
osm:node/11871923876,restaurant,d15,osm
osm:node/11873682084,cafe,d13,osm
osm:node/11873846797,restaurant,d14,osm
osm:node/11875888511,cafe,d19,osm
osm:node/11876273735,restaurant,d09,osm
osm:node/11876354185,restaurant,d16,osm
osm:node/11879023369,restaurant,d01,osm
osm:node/11879217491,restaurant,d21,osm
osm:node/11879368875,restaurant,d01,osm
osm:node/11880879452,fitness_station,d15,osm
osm:node/11880879453,fitness_station,d15,osm
osm:node/11880913957,pitch,d15,osm
osm:node/11880913958,fitness_station,d15,osm
osm:node/11883543994,fitness_centre,d09,osm
osm:node/11883565887,bar,d09,osm
osm:node/11886824896,pub,d12,osm
osm:node/11887203356,cafe,d05,osm
osm:node/11887271169,fitness_station,d02,osm
osm:node/11889352069,bar,d03,osm
osm:node/11889405669,bar,d03,osm
osm:node/11891801540,restaurant,d13,osm
osm:node/11896825990,restaurant,d21,osm
osm:node/11905911067,restaurant,d21,osm
osm:node/11915918058,cafe,d05,osm
osm:node/11928163270,restaurant,d12,osm
osm:node/11931330427,cafe,d07,osm
osm:node/11933179425,pitch,d21,osm
osm:node/11953999686,fitness_station,d12,osm
osm:node/11953999687,fitness_station,d12,osm
osm:node/11958614772,fitness_station,d05,osm
osm:node/11958614773,fitness_station,d05,osm
osm:node/11958614774,fitness_station,d05,osm
osm:node/11958724188,bar,d16,osm
osm:node/11958794782,cafe,d16,osm
osm:node/11961228892,pitch,d05,osm
osm:node/11961288950,fitness_station,d12,osm
osm:node/11964434875,pitch,d22,osm
osm:node/11964434928,pitch,d22,osm
osm:node/11966044480,pitch,d03,osm
osm:node/11966081819,pitch,d03,osm
osm:node/11966412922,restaurant,d13,osm
osm:node/11967780564,restaurant,d07,osm
osm:node/11975206762,cafe,d15,osm
osm:node/11981696855,restaurant,d16,osm
osm:node/11981696856,cafe,d16,osm
osm:node/11983086021,bar,d15,osm
osm:node/11983086024,cafe,d15,osm
osm:node/11983095637,cafe,d16,osm
osm:node/11983648184,bar,d07,osm
osm:node/11985544782,restaurant,d22,osm
osm:node/11994912988,restaurant,d07,osm
osm:node/12000713266,cafe,d16,osm
osm:node/12001174242,pitch,d15,osm
osm:node/12001365069,restaurant,d02,osm
osm:node/12020639624,fitness_station,d10,osm
osm:node/12028866970,restaurant,d01,osm
osm:node/12029835300,cafe,d14,osm
osm:node/12032741868,fitness_centre,d05,osm
osm:node/12032771467,restaurant,d05,osm
osm:node/12034032824,bar,d04,osm
osm:node/12034078889,fitness_centre,d05,osm
osm:node/12037542771,restaurant,d04,osm
osm:node/12039058269,pitch,d16,osm
osm:node/12039957951,fitness_centre,d02,osm
osm:node/12039986209,restaurant,d01,osm
osm:node/12044055760,fitness_centre,d20,osm
osm:node/12046187039,fitness_centre,d18,osm
osm:node/12048792534,cafe,d13,osm
osm:node/12051055916,fitness_centre,d03,osm
osm:node/12059495430,restaurant,d23,osm
osm:node/12061084580,restaurant,d23,osm
osm:node/12061867805,restaurant,d01,osm
osm:node/12066234032,pitch,d16,osm
osm:node/12068732893,cafe,d05,osm
osm:node/12077325742,bar,d14,osm
osm:node/12085769399,restaurant,d13,osm
osm:node/12089176538,restaurant,d09,osm
osm:node/12089237737,cafe,d12,osm
osm:node/12089310651,cafe,d22,osm
osm:node/12092278462,cafe,d16,osm
osm:node/12092298834,fitness_centre,d16,osm
osm:node/12095716071,restaurant,d06,osm
osm:node/12104435420,restaurant,d07,osm
osm:node/12104654356,bar,d01,osm
osm:node/12111206608,fitness_station,d22,osm
osm:node/12111206609,fitness_station,d22,osm
osm:node/12123693701,restaurant,d20,osm
osm:node/12124481977,restaurant,d17,osm
osm:node/12128367152,fitness_station,d02,osm
osm:node/12140550653,fitness_centre,d17,osm
osm:node/12145561201,cafe,d16,osm
osm:node/12148114196,cafe,d09,osm
osm:node/12148163076,bar,d08,osm
osm:node/12155880305,cafe,d08,osm
osm:node/12155981553,cafe,d11,osm
osm:node/12160415301,fitness_centre,d10,osm
osm:node/12160714100,bar,d04,osm
osm:node/12161972388,restaurant,d01,osm
osm:node/12165808201,bar,d12,osm
osm:node/12166044117,fitness_centre,d01,osm
osm:node/12175011198,restaurant,d22,osm
osm:node/12184398144,restaurant,d22,osm
osm:node/12184398145,cafe,d22,osm
osm:node/12204791403,cafe,d02,osm
osm:node/12208482413,cafe,d01,osm
osm:node/12209615559,restaurant,d04,osm
osm:node/12219091174,cafe,d15,osm
osm:node/12219091181,bar,d15,osm
osm:node/12222053300,cafe,d15,osm
osm:node/12222068207,cafe,d15,osm
osm:node/12236189141,cafe,d09,osm
osm:node/12239458206,cafe,d16,osm
osm:node/12239489800,cafe,d16,osm
osm:node/12246427283,restaurant,d03,osm
osm:node/12270890164,restaurant,d21,osm
osm:node/12271148391,fitness_centre,d21,osm
osm:node/12271149548,pitch,d21,osm
osm:node/12278296516,pitch,d15,osm
osm:node/12282797829,pitch,d21,osm
osm:node/12282797830,pitch,d21,osm
osm:node/12290124823,cafe,d09,osm
osm:node/12294458413,fitness_centre,d21,osm
osm:node/12294683664,restaurant,d11,osm
osm:node/12301517263,restaurant,d04,osm
osm:node/12301781378,cafe,d12,osm
osm:node/12301821323,restaurant,d06,osm
osm:node/12303959356,cafe,d03,osm
osm:node/12305680304,restaurant,d03,osm
osm:node/12306873833,restaurant,d10,osm
osm:node/12307225323,cafe,d16,osm
osm:node/12307225449,restaurant,d16,osm
osm:node/12307233033,restaurant,d16,osm
osm:node/12307242190,bar,d16,osm
osm:node/12307243106,cafe,d16,osm
osm:node/12309384058,cafe,d06,osm
osm:node/12309413030,bar,d06,osm
osm:node/12316343840,cafe,d01,osm
osm:node/12318710986,pitch,d10,osm
osm:node/12320568502,restaurant,d03,osm
osm:node/12326788301,restaurant,d10,osm
osm:node/12327396366,fitness_station,d10,osm
osm:node/12329247221,fitness_station,d10,osm
osm:node/12329556724,fitness_centre,d03,osm
osm:node/12347996829,cafe,d06,osm
osm:node/12356582998,pitch,d03,osm
osm:node/12369193501,restaurant,d22,osm
osm:node/12372344327,fitness_centre,d18,osm
osm:node/12388948601,restaurant,d16,osm
osm:node/12390061741,restaurant,d01,osm
osm:node/12390124794,restaurant,d11,osm
osm:node/12394936872,cafe,d15,osm
osm:node/12394946657,cafe,d15,osm
osm:node/12400992181,restaurant,d22,osm
osm:node/12401840356,bar,d01,osm
osm:node/12406119081,pitch,d10,osm
osm:node/12407314721,restaurant,d13,osm
osm:node/12438504501,cafe,d05,osm
osm:node/12462648576,fitness_centre,d09,osm
osm:node/12469905611,restaurant,d10,osm
osm:node/12471960302,restaurant,d12,osm
osm:node/12475401943,cafe,d23,osm
osm:node/12475601309,pub,d22,osm
osm:node/12479126905,restaurant,d15,osm
osm:node/12484147863,restaurant,d23,osm
osm:node/12486592866,cafe,d02,osm
osm:node/12488336144,restaurant,d02,osm
osm:node/12494926970,restaurant,d18,osm
osm:node/12499162907,restaurant,d04,osm
osm:node/12499175428,restaurant,d04,osm
osm:node/12504220168,restaurant,d04,osm
osm:node/12504235421,restaurant,d21,osm
osm:node/12504235424,fitness_centre,d21,osm
osm:node/12504235425,fitness_centre,d21,osm
osm:node/12504235446,cafe,d21,osm
osm:node/12504235447,cafe,d21,osm
osm:node/12505531731,sports_centre,d23,osm
osm:node/12509538012,fitness_centre,d05,osm
osm:node/12518706125,restaurant,d22,osm
osm:node/12531633058,restaurant,d12,osm
osm:node/12531963923,cafe,d15,osm
osm:node/12531963924,restaurant,d15,osm
osm:node/12579243645,fitness_station,d23,osm
osm:node/12579247601,fitness_station,d23,osm
osm:node/12580074018,pub,d06,osm
osm:node/12580470174,bar,d01,osm
osm:node/12589810791,pitch,d15,osm
osm:node/12589810792,pitch,d15,osm
osm:node/12595879048,restaurant,d02,osm
osm:node/12595879049,restaurant,d02,osm
osm:node/12595879050,bar,d02,osm
osm:node/12597726457,bar,d02,osm
osm:node/12609294004,cafe,d07,osm
osm:node/12615296469,pitch,d14,osm
osm:node/12618321113,restaurant,d03,osm
osm:node/12626404942,restaurant,d02,osm
osm:node/12628755473,fitness_station,d23,osm
osm:node/12639491388,sports_centre,d03,osm
osm:node/12645173760,bar,d01,osm
osm:node/12645173761,bar,d01,osm
osm:node/12647391484,restaurant,d08,osm
osm:node/12647611852,cafe,d18,osm
osm:node/12652837503,cafe,d04,osm
osm:node/12656235624,pitch,d22,osm
osm:node/12656854236,pitch,d11,osm
osm:node/12656864184,pitch,d11,osm
osm:node/12656864185,pitch,d11,osm
osm:node/12656867975,pitch,d11,osm
osm:node/12656868366,pitch,d11,osm
osm:node/12660759048,cafe,d01,osm
osm:node/12667651524,cafe,d01,osm
osm:node/12669822423,cafe,d04,osm
osm:node/12669890212,restaurant,d10,osm
osm:node/12670337320,pitch,d03,osm
osm:node/12673098138,restaurant,d01,osm
osm:node/12676215853,cafe,d03,osm
osm:node/12676233747,cafe,d11,osm
osm:node/12690733345,cafe,d06,osm
osm:node/12691202411,fitness_station,d13,osm
osm:node/12692543154,restaurant,d09,osm
osm:node/12694665202,cafe,d04,osm
osm:node/12695044201,restaurant,d15,osm
osm:node/12705242847,fitness_centre,d06,osm
osm:node/12709762937,cafe,d15,osm
osm:node/12726232460,bar,d03,osm
osm:node/12732463812,restaurant,d22,osm
osm:node/12732479403,pitch,d22,osm
osm:node/12736564589,pitch,d05,osm
osm:node/12736817462,fitness_centre,d22,osm
osm:node/12736827891,fitness_centre,d02,osm
osm:node/12736827892,fitness_centre,d01,osm
osm:node/12736827893,fitness_centre,d01,osm
osm:node/12748631406,pitch,d19,osm
osm:node/12749840242,pitch,d23,osm
osm:node/12754311201,bar,d10,osm
osm:node/12754675001,fitness_centre,d19,osm
osm:node/12755204399,cafe,d09,osm
osm:node/12760448299,pitch,d10,osm
osm:node/12770035529,restaurant,d17,osm
osm:node/12777827002,restaurant,d22,osm
osm:node/12779205767,restaurant,d05,osm
osm:node/12782867540,cafe,d03,osm
osm:node/12785383501,restaurant,d05,osm
osm:node/12788240502,restaurant,d01,osm
osm:node/12790325760,fitness_centre,d07,osm
osm:node/12790367171,bar,d07,osm
osm:node/12791259160,pitch,d10,osm
osm:node/12791691223,restaurant,d22,osm
osm:node/12791698474,pitch,d22,osm
osm:node/12797653701,restaurant,d22,osm
osm:node/12804278506,restaurant,d16,osm
osm:node/12804278507,cafe,d17,osm
osm:node/12806225660,pitch,d22,osm
osm:node/12806367321,bar,d22,osm
osm:node/12813693101,restaurant,d01,osm
osm:node/12817101987,restaurant,d22,osm
osm:node/12827788131,restaurant,d04,osm
osm:node/12840632886,fitness_centre,d07,osm
osm:node/12841419375,pitch,d14,osm
osm:node/12841419376,pitch,d14,osm
osm:node/12841419377,pitch,d14,osm
osm:node/12843952346,restaurant,d13,osm
osm:node/12843991021,fitness_station,d10,osm
osm:node/12843991023,pitch,d10,osm
osm:node/12843991024,pitch,d10,osm
osm:node/12843991025,fitness_station,d10,osm
osm:node/12847053875,fitness_centre,d17,osm
osm:node/12847063659,restaurant,d18,osm
osm:node/12849416601,restaurant,d17,osm
osm:node/12850416301,restaurant,d08,osm
osm:node/12854258625,cafe,d10,osm
osm:node/12856203627,fitness_centre,d06,osm
osm:node/12858790343,fitness_centre,d06,osm
osm:node/12860613734,bar,d06,osm
osm:node/12860613737,swimming_venue,d06,osm
osm:node/12862599650,cafe,d08,osm
osm:node/12862844206,bar,d06,osm
osm:node/12864827040,restaurant,d22,osm
osm:node/12873583302,restaurant,d17,osm
osm:node/12877238435,fitness_station,d22,osm
osm:node/12877301260,pitch,d22,osm
osm:node/12877326818,fitness_station,d22,osm
osm:node/12877364871,pitch,d22,osm
osm:node/12878561139,fitness_centre,d23,osm
osm:node/12878641901,fitness_station,d22,osm
osm:node/12878819101,restaurant,d22,osm
osm:node/12879298181,pitch,d22,osm
osm:node/12891666059,cafe,d08,osm
osm:node/12906397039,pitch,d10,osm
osm:node/12909899534,cafe,d16,osm
osm:node/12914286982,cafe,d16,osm
osm:node/12914319783,cafe,d16,osm
osm:node/12921959002,restaurant,d08,osm
osm:node/12923065375,restaurant,d04,osm
osm:node/12924321524,restaurant,d07,osm
osm:node/12925441154,restaurant,d22,osm
osm:node/12945929501,fitness_centre,d01,osm
osm:node/12952062259,restaurant,d12,osm
osm:node/12955159318,sports_centre,d23,osm
osm:node/12955159319,sports_centre,d06,osm
osm:node/12955159320,sports_centre,d22,osm
osm:node/12956530090,cafe,d12,osm
osm:node/12956907135,restaurant,d01,osm
osm:node/12956967928,cafe,d01,osm
osm:node/12961198727,pitch,d17,osm
osm:node/12961283331,pitch,d17,osm
osm:node/12961398501,restaurant,d09,osm
osm:node/12963994913,restaurant,d07,osm
osm:node/12985398248,fitness_station,d11,osm
osm:node/12985398285,fitness_station,d11,osm
osm:node/12986051921,restaurant,d16,osm
osm:node/12986147336,bar,d02,osm
osm:node/12990485396,fitness_station,d11,osm
osm:node/12994872079,cafe,d11,osm
osm:node/12995723091,pitch,d22,osm
osm:node/12997206395,fitness_station,d22,osm
osm:node/12997206396,fitness_station,d22,osm
osm:node/12998925683,restaurant,d04,osm
osm:node/13001075387,cafe,d15,osm
osm:node/13005930636,restaurant,d15,osm
osm:node/13007188026,fitness_centre,d02,osm
osm:node/13015382691,pitch,d05,osm
osm:node/13017063043,restaurant,d02,osm
osm:node/13018782563,bar,d07,osm
osm:node/13021086860,cafe,d15,osm
osm:node/13023053023,fitness_centre,d06,osm
osm:node/13023070531,fitness_centre,d04,osm
osm:node/13026907360,cafe,d16,osm
osm:node/13031319242,bar,d16,osm
osm:node/13038425562,restaurant,d12,osm
osm:node/13040206837,restaurant,d21,osm
osm:node/13042858823,cafe,d15,osm
osm:node/13046345201,cafe,d12,osm
osm:node/13056463702,restaurant,d10,osm
osm:node/13058285812,cafe,d16,osm
osm:node/13058289504,cafe,d16,osm
osm:node/13058294207,restaurant,d16,osm
osm:node/13058298643,restaurant,d16,osm
osm:node/13058388409,restaurant,d15,osm
osm:node/13058567005,restaurant,d10,osm
osm:node/13059595994,cafe,d15,osm
osm:node/13061801171,restaurant,d07,osm
osm:node/13062108601,fitness_centre,d10,osm
osm:node/13063743600,restaurant,d01,osm
osm:node/13068128539,pitch,d09,osm
osm:node/13069518698,cafe,d22,osm
osm:node/13071936696,pitch,d23,osm
osm:node/13075702344,fitness_station,d14,osm
osm:node/13075813661,cafe,d05,osm
osm:node/13077952716,pitch,d21,osm
osm:node/13077964588,pitch,d21,osm
osm:node/13077993571,pitch,d21,osm
osm:node/13077993572,pitch,d21,osm
osm:node/13078492684,pitch,d14,osm
osm:node/13082382820,pub,d05,osm
osm:node/13082439402,cafe,d05,osm
osm:node/13082439405,cafe,d05,osm
osm:node/13082470412,pub,d05,osm
osm:node/13082470414,cafe,d05,osm
osm:node/13084973044,bar,d04,osm
osm:node/13085003978,fitness_centre,d04,osm
osm:node/13085003979,cafe,d04,osm
osm:node/13089527873,restaurant,d12,osm
osm:node/13092490656,cafe,d10,osm
osm:node/13094536801,restaurant,d19,osm
osm:node/13096384260,sports_centre,d06,osm
osm:node/13097600410,pitch,d15,osm
osm:node/13097600411,fitness_station,d15,osm
osm:node/13097600416,pitch,d15,osm
osm:node/13105704033,pitch,d18,osm
osm:node/13108505301,restaurant,d10,osm
osm:node/13109184695,pitch,d23,osm
osm:node/13110200858,fitness_station,d22,osm
osm:node/13110202801,cafe,d15,osm
osm:node/13112450036,cafe,d17,osm
osm:node/13115036022,restaurant,d14,osm
osm:node/13116627555,restaurant,d02,osm
osm:node/13116828301,restaurant,d02,osm
osm:node/13116835857,restaurant,d16,osm
osm:node/13119602190,cafe,d02,osm
osm:node/13119996168,cafe,d12,osm
osm:node/13120006911,cafe,d12,osm
osm:node/13120008384,restaurant,d05,osm
osm:node/13121319394,restaurant,d16,osm
osm:node/13121619601,restaurant,d01,osm
osm:node/13127617024,restaurant,d14,osm
osm:node/13130942301,restaurant,d08,osm
osm:node/13131530806,cafe,d08,osm
osm:node/13131540711,restaurant,d08,osm
osm:node/13138474463,cafe,d15,osm
osm:node/13142229664,pitch,d22,osm
osm:node/13145062174,restaurant,d09,osm
osm:node/13146894025,restaurant,d07,osm
osm:node/13158438601,cafe,d23,osm
osm:node/13159552397,restaurant,d06,osm
osm:node/13159563104,pub,d06,osm
osm:node/13159563108,fitness_station,d06,osm
osm:node/13163125061,restaurant,d09,osm
osm:node/13164869702,restaurant,d02,osm
osm:node/13168040811,cafe,d22,osm
osm:node/13169565801,cafe,d08,osm
osm:node/13175335399,cafe,d20,osm
osm:node/13183713759,pitch,d06,osm
osm:node/13184401796,fitness_centre,d07,osm
osm:node/13192038633,restaurant,d01,osm
osm:node/13192811062,fitness_station,d22,osm
osm:node/13193094935,fitness_centre,d07,osm
osm:node/13193552771,fitness_centre,d23,osm
osm:node/13193565072,bar,d12,osm
osm:node/13195618101,restaurant,d15,osm
osm:node/13195680009,pitch,d06,osm
osm:node/13195888464,fitness_station,d15,osm
osm:node/13195888466,pitch,d15,osm
osm:node/13196523246,restaurant,d16,osm
osm:node/13196523247,cafe,d08,osm
osm:node/13202585628,fitness_station,d14,osm
osm:node/13203403817,restaurant,d15,osm
osm:node/13205332077,restaurant,d01,osm
osm:node/13205421213,cafe,d09,osm
osm:node/13205615701,sports_centre,d20,osm
osm:node/13205627701,cafe,d06,osm
osm:node/13207358846,cafe,d08,osm
osm:node/13227562782,cafe,d08,osm
osm:node/13230703140,fitness_centre,d21,osm
osm:node/13233009502,restaurant,d06,osm
osm:node/13233766884,cafe,d22,osm
osm:node/13234930201,restaurant,d04,osm
osm:node/13235206320,fitness_centre,d09,osm
osm:node/13236554401,restaurant,d01,osm
osm:node/13238647574,restaurant,d11,osm
osm:node/13243071254,pitch,d15,osm
osm:node/13243688790,restaurant,d03,osm
osm:node/13249683282,fitness_station,d15,osm
osm:node/13250287144,restaurant,d09,osm
osm:node/13255098905,restaurant,d07,osm
osm:node/13257352327,pitch,d22,osm
osm:node/13259567177,cafe,d12,osm
osm:node/13272834101,cafe,d01,osm
osm:node/13275971977,bar,d03,osm
osm:node/13275971978,restaurant,d03,osm
osm:node/13288122983,restaurant,d15,osm
osm:node/13289125820,restaurant,d19,osm
osm:node/13289788551,cafe,d12,osm
osm:node/13301674649,restaurant,d06,osm
osm:node/13306043785,cafe,d03,osm
osm:node/13306433274,restaurant,d16,osm
osm:node/13308072624,restaurant,d06,osm
osm:node/13316129068,cafe,d07,osm
osm:node/13320173377,fitness_station,d05,osm
osm:node/13321551883,cafe,d05,osm
osm:node/13326169320,pitch,d12,osm
osm:node/13326206123,pitch,d12,osm
osm:node/13326206124,fitness_station,d12,osm
osm:node/13326207640,pitch,d12,osm
osm:node/13326954001,restaurant,d07,osm
osm:node/13334488335,pitch,d07,osm
osm:node/13336160964,restaurant,d10,osm
osm:node/13340120101,restaurant,d10,osm
osm:node/13340290045,bar,d10,osm
osm:node/13342613389,cafe,d07,osm
osm:node/13352757603,fitness_centre,d05,osm
osm:node/13359234790,cafe,d05,osm
osm:node/13359279517,cafe,d06,osm
osm:node/13361217838,fitness_station,d06,osm
osm:node/13361217839,fitness_station,d06,osm
osm:node/13361217840,fitness_station,d06,osm
osm:node/13361217841,fitness_station,d06,osm
osm:node/13361217842,fitness_station,d06,osm
osm:node/13361217843,fitness_station,d06,osm
osm:node/13361294293,restaurant,d06,osm
osm:node/13361315618,cafe,d06,osm
osm:node/13361933049,cafe,d02,osm
osm:node/13362224398,fitness_station,d06,osm
osm:node/13366503001,cafe,d06,osm
osm:node/13368237353,pub,d10,osm
osm:node/13369059220,fitness_centre,d06,osm
osm:node/13369118689,restaurant,d06,osm
osm:node/13371423950,cafe,d06,osm
osm:node/13371471643,cafe,d14,osm
osm:node/13371756924,cafe,d02,osm
osm:node/13373701788,cafe,d04,osm
osm:node/13373822293,fitness_centre,d01,osm
osm:node/13373870622,pub,d06,osm
osm:node/13373988528,restaurant,d14,osm
osm:node/13377905259,cafe,d04,osm
osm:node/13377988888,restaurant,d18,osm
osm:node/13383303255,bar,d04,osm
osm:node/13388476401,restaurant,d14,osm
osm:node/13392434360,restaurant,d22,osm
osm:node/13392494001,restaurant,d07,osm
osm:node/13392944163,cafe,d02,osm
osm:node/13397390878,restaurant,d09,osm
osm:node/13414466506,cafe,d07,osm
osm:node/13415227436,cafe,d06,osm
osm:node/13416507150,restaurant,d08,osm
osm:node/13423554667,cafe,d10,osm
osm:node/13428325851,fitness_centre,d10,osm
osm:node/13428450294,restaurant,d19,osm
osm:node/13428824317,fitness_centre,d14,osm
osm:node/13430422166,cafe,d05,osm
osm:node/13431986502,restaurant,d02,osm
osm:node/13435850250,cafe,d16,osm
osm:node/13437709930,cafe,d23,osm
osm:node/13438258173,cafe,d02,osm
osm:node/13439725637,bar,d23,osm
osm:node/13445039971,cafe,d06,osm
osm:node/13448962201,bar,d07,osm
osm:node/13449551460,restaurant,d06,osm
osm:node/13452519101,cafe,d15,osm
osm:node/13455863201,restaurant,d01,osm
osm:node/13457555820,fitness_centre,d06,osm
osm:node/13462168501,restaurant,d01,osm
osm:node/13462172401,restaurant,d01,osm
osm:node/13462187001,bar,d01,osm
osm:node/13462991890,pitch,d18,osm
osm:node/13462991891,pitch,d18,osm
osm:node/13466312901,cafe,d01,osm
osm:node/13466644911,sports_centre,d15,osm
osm:node/13474366591,restaurant,d19,osm
osm:node/13478344117,restaurant,d21,osm
osm:node/13481377785,restaurant,d12,osm
osm:node/13481942001,restaurant,d01,osm
osm:node/13483418889,restaurant,d22,osm
osm:node/13483437597,restaurant,d17,osm
osm:node/13502690197,restaurant,d04,osm
osm:node/13507439167,bar,d02,osm
osm:node/13510549368,fitness_centre,d01,osm
osm:node/13513193765,restaurant,d21,osm
osm:node/13514450801,fitness_centre,d02,osm
osm:node/13516333509,restaurant,d12,osm
osm:node/13519328110,restaurant,d02,osm
osm:node/13523512379,bar,d06,osm
osm:node/13525652144,restaurant,d03,osm
osm:node/13525727468,cafe,d05,osm
osm:node/13526991688,restaurant,d19,osm
osm:node/13529164655,cafe,d12,osm
osm:node/13531681801,sports_centre,d22,osm
osm:node/13533948602,cafe,d02,osm
osm:node/13536057979,restaurant,d19,osm
osm:node/13540474701,restaurant,d13,osm
osm:node/13540522201,bar,d22,osm
osm:node/13540531801,restaurant,d22,osm
osm:node/13556737128,cafe,d17,osm
osm:node/13569652958,restaurant,d12,osm
osm:node/13569701611,restaurant,d12,osm
osm:node/13569789866,pitch,d12,osm
osm:node/13569842187,restaurant,d05,osm
osm:node/13570209464,cafe,d19,osm
osm:node/13573878185,fitness_centre,d09,osm
osm:node/13574425237,fitness_centre,d07,osm
osm:node/13580421050,restaurant,d09,osm
osm:node/13580421051,restaurant,d09,osm
osm:node/13587515701,restaurant,d16,osm
osm:node/13588053654,fitness_centre,d09,osm
osm:node/13593089237,restaurant,d02,osm
osm:node/13593125238,cafe,d02,osm
osm:node/13596197301,cafe,d04,osm
osm:node/13596197501,cafe,d01,osm
osm:node/13598468703,restaurant,d07,osm
osm:node/13598509620,restaurant,d12,osm
osm:node/13603403400,restaurant,d22,osm
osm:node/13605953441,restaurant,d02,osm
osm:node/13606065026,bar,d21,osm
osm:node/13606382273,restaurant,d04,osm
osm:node/13611919378,pub,d21,osm
osm:node/13613196523,pitch,d17,osm
osm:node/13623464490,restaurant,d15,osm
osm:node/13623486313,cafe,d07,osm
osm:node/13624861601,cafe,d06,osm
osm:node/13625394898,fitness_centre,d07,osm
osm:node/13625480801,fitness_centre,d14,osm
osm:node/13630928998,restaurant,d08,osm
osm:node/13638057498,cafe,d14,osm
osm:node/13641112807,cafe,d02,osm
osm:node/13643675445,bar,d16,osm
osm:node/13645685331,fitness_station,d11,osm
osm:node/13652695440,cafe,d05,osm
osm:node/13652696967,cafe,d05,osm
osm:node/13652734407,restaurant,d05,osm
osm:node/13652739728,restaurant,d05,osm
osm:node/13653781236,pitch,d18,osm
osm:node/13658982127,cafe,d09,osm
osm:node/13661220198,cafe,d09,osm
osm:node/13669278129,pitch,d11,osm
osm:node/13671865604,restaurant,d01,osm
osm:node/13672784712,pitch,d17,osm
osm:node/13672784726,pitch,d18,osm
osm:node/13675703805,restaurant,d15,osm
osm:node/13675703806,cafe,d15,osm
osm:node/13681113501,bar,d01,osm
osm:node/13682971001,bar,d16,osm
osm:node/13686767884,restaurant,d16,osm
osm:node/13695374059,fitness_station,d22,osm
osm:node/13699042601,cafe,d01,osm
osm:node/13699043901,cafe,d01,osm
osm:node/13700933401,restaurant,d09,osm
osm:node/13700938801,restaurant,d09,osm
osm:node/13709165801,restaurant,d17,osm
osm:node/13710784895,fitness_centre,d01,osm
osm:node/13711367601,cafe,d01,osm
osm:node/13716240424,cafe,d17,osm
osm:node/13716848564,fitness_station,d16,osm
osm:node/13717312085,restaurant,d05,osm
osm:node/13720115987,cafe,d02,osm
osm:node/13721168110,restaurant,d02,osm
osm:node/13722657687,cafe,d14,osm
osm:node/13723713246,bar,d15,osm
osm:node/13723725639,restaurant,d15,osm
osm:node/13724826846,pitch,d22,osm
osm:node/13724826848,pitch,d22,osm
osm:node/13725001687,cafe,d14,osm
osm:node/13725001688,restaurant,d14,osm
osm:node/13725718871,cafe,d07,osm
osm:node/13737041501,bar,d01,osm
osm:node/13737088601,cafe,d01,osm
osm:node/13745002707,pitch,d22,osm
osm:node/13746038877,cafe,d02,osm
osm:node/13746112821,restaurant,d02,osm
osm:node/13746114839,bar,d07,osm
osm:node/13746228374,fitness_centre,d02,osm
osm:node/13749706758,restaurant,d02,osm
osm:node/13750457902,restaurant,d07,osm
osm:node/13752116577,bar,d02,osm
osm:node/13755079147,fitness_station,d02,osm
osm:node/13755097223,fitness_station,d02,osm
osm:node/13755113424,fitness_station,d02,osm
osm:node/13755150402,fitness_station,d02,osm
osm:node/13755161422,fitness_station,d02,osm
osm:node/13755210806,pitch,d02,osm
osm:node/13755860595,bar,d07,osm
osm:node/13759587601,fitness_station,d03,osm
osm:node/13764524510,restaurant,d16,osm
osm:node/13764699034,pitch,d12,osm
osm:node/13764699035,pitch,d12,osm
osm:node/13764868833,cafe,d09,osm
osm:node/13765651173,cafe,d04,osm
osm:node/13769608777,cafe,d04,osm
osm:node/13770602496,fitness_centre,d02,osm
osm:node/13774385423,pitch,d03,osm
osm:node/13779321658,cafe,d06,osm
osm:node/13784497765,fitness_station,d14,osm
osm:node/13784656801,restaurant,d19,osm
osm:node/13790059581,cafe,d01,osm
osm:node/13798558692,fitness_station,d19,osm
osm:node/13798584790,pitch,d19,osm
osm:node/13799282542,bar,d04,osm
osm:node/13800981201,cafe,d13,osm
osm:node/13806116454,cafe,d06,osm
osm:node/13811407101,cafe,d01,osm
osm:node/13814910275,restaurant,d22,osm
osm:node/13814910276,restaurant,d22,osm
osm:node/13814910277,restaurant,d22,osm
osm:node/13814994097,restaurant,d22,osm
osm:node/13814994099,bar,d22,osm
osm:node/13814994100,bar,d22,osm
osm:node/13815008601,bar,d22,osm
osm:node/13820770624,bar,d23,osm
osm:node/13827401901,restaurant,d21,osm
osm:node/13835618345,restaurant,d10,osm
osm:node/13845357330,cafe,d08,osm
osm:node/13851573832,pitch,d22,osm
osm:node/13851573833,pitch,d22,osm
osm:node/13851573864,pitch,d22,osm
osm:node/13851573865,pitch,d22,osm
osm:node/13851573873,pitch,d22,osm
osm:node/13851573874,pitch,d22,osm
osm:node/13857472436,restaurant,d21,osm
osm:node/13861107811,pitch,d22,osm
osm:node/13881477397,cafe,d14,osm
osm:node/13895573970,restaurant,d22,osm
osm:node/13897799801,restaurant,d20,osm
osm:node/13899154180,bar,d01,osm
osm:node/13899201375,restaurant,d01,osm
osm:node/13900544101,restaurant,d12,osm
osm:node/13902465716,cafe,d06,osm
osm:node/13908374102,restaurant,d09,osm
osm:node/13909342093,fitness_station,d22,osm
osm:node/13909450553,cafe,d10,osm
osm:node/13910246657,fitness_centre,d09,osm
osm:node/13917170768,bar,d01,osm
osm:node/13928620201,restaurant,d07,osm
osm:node/13929174857,restaurant,d12,osm
osm:node/13930600201,cafe,d03,osm
osm:node/13930600203,cafe,d03,osm
osm:node/13930602601,cafe,d03,osm
osm:node/13930769694,restaurant,d23,osm
osm:node/13936476301,restaurant,d01,osm
osm:node/13936819586,fitness_centre,d15,osm
osm:node/13946305411,cafe,d01,osm
osm:node/13946429615,pitch,d18,osm
osm:node/13947342605,restaurant,d10,osm
osm:node/13947794558,cafe,d06,osm
osm:node/13947937801,restaurant,d21,osm
osm:node/13955420601,cafe,d08,osm
osm:node/13957543754,cafe,d22,osm
osm:node/13958613578,pitch,d22,osm
osm:node/13959437023,cafe,d06,osm
osm:node/13959976601,restaurant,d02,osm
osm:node/13961944701,restaurant,d17,osm
osm:node/13968631659,restaurant,d02,osm
osm:node/13968631660,restaurant,d02,osm
osm:node/13968631664,restaurant,d02,osm
osm:node/13970165991,biergarten,d14,osm
osm:node/13970478650,pitch,d22,osm
osm:node/13980155216,cafe,d22,osm
osm:node/13982731318,restaurant,d02,osm
osm:node/13985203528,pitch,d14,osm
osm:node/13985203529,pitch,d14,osm
osm:node/13989520239,fitness_station,d02,osm
osm:node/13990199339,cafe,d13,osm
osm:node/13990380234,pitch,d03,osm
osm:node/13994455508,restaurant,d04,osm
osm:node/14011233112,pitch,d20,osm
osm:node/14017166701,cafe,d05,osm
osm:node/14026898936,restaurant,d09,osm
osm:node/14028369306,restaurant,d22,osm
osm:node/14028442320,restaurant,d22,osm
osm:node/14031051237,cafe,d02,osm
osm:node/14032182145,restaurant,d02,osm
osm:node/14032182147,restaurant,d02,osm
osm:node/14038965577,pitch,d04,osm
osm:node/14053242401,cafe,d02,osm
osm:node/14053247601,restaurant,d01,osm
osm:node/14062376454,bar,d22,osm
osm:node/14068724792,cafe,d09,osm
osm:node/14069059990,restaurant,d21,osm
osm:node/14069105842,restaurant,d22,osm
osm:node/14069127767,restaurant,d21,osm
osm:node/14069127769,restaurant,d21,osm
osm:node/14069127771,restaurant,d21,osm
osm:node/14069243544,restaurant,d21,osm
osm:node/14069243554,restaurant,d21,osm
osm:node/14069243556,restaurant,d21,osm
osm:node/14069243557,restaurant,d21,osm
osm:node/14069243559,restaurant,d21,osm
osm:node/14077510292,fitness_centre,d21,osm
osm:node/14078779492,bar,d01,osm
osm:node/14078787201,fitness_centre,d22,osm
osm:node/14080865592,restaurant,d15,osm
osm:node/14088169675,restaurant,d06,osm
osm:node/14088428519,pitch,d22,osm
osm:node/14088697601,restaurant,d09,osm
osm:node/14091925901,restaurant,d10,osm
osm:node/14094529001,sports_centre,d02,osm
osm:node/14095288101,sports_centre,d02,osm
osm:node/14096247801,restaurant,d01,osm
osm:node/14096247802,restaurant,d06,osm
osm:node/14096248001,bar,d06,osm
osm:node/14096618993,restaurant,d23,osm
osm:node/14096960904,cafe,d09,osm
osm:node/14100442301,cafe,d04,osm
osm:node/14100816601,bar,d03,osm
osm:node/14102577101,pitch,d13,osm
osm:node/14104803481,restaurant,d16,osm
osm:node/14107669201,cafe,d07,osm
osm:node/14114691350,fitness_centre,d10,osm
osm:node/14120258429,restaurant,d10,osm
osm:node/14120384916,bar,d10,osm
osm:node/14123157274,cafe,d10,osm
osm:node/14123174289,cafe,d10,osm
osm:node/14123183687,pitch,d10,osm
osm:node/14132315495,pitch,d23,osm
osm:node/14132925517,bar,d06,osm
osm:node/14132926878,cafe,d02,osm
osm:node/14136957301,restaurant,d01,osm
osm:node/14139614996,bar,d07,osm
osm:node/14142762242,cafe,d17,osm
osm:node/14142856579,cafe,d04,osm
osm:node/14142856583,sports_centre,d22,osm
osm:node/14145324116,restaurant,d04,osm
osm:node/14148198101,restaurant,d02,osm
osm:node/14154914302,restaurant,d01,osm
osm:node/14155726758,cafe,d05,osm
osm:node/14162339521,bar,d07,osm
osm:node/14162478924,restaurant,d09,osm
osm:node/14162595501,restaurant,d07,osm
osm:node/14166983273,fitness_centre,d05,osm
osm:node/14166993799,pub,d05,osm
osm:node/14174491001,sports_centre,d22,osm
osm:node/14174800001,sports_centre,d22,osm
osm:node/14181459538,cafe,d08,osm
osm:node/14181560560,cafe,d08,osm
osm:node/14191376569,restaurant,d01,osm
osm:node/14192262801,restaurant,d08,osm
osm:node/14196847103,fitness_centre,d22,osm
osm:node/14197250101,bar,d07,osm
osm:node/14203318087,sports_centre,d21,osm
osm:node/14206717501,sports_centre,d02,osm
osm:node/14209022132,restaurant,d15,osm
osm:node/14212166339,restaurant,d01,osm
osm:node/14213675845,cafe,d03,osm
osm:node/14214801432,restaurant,d23,osm
osm:node/14218528705,restaurant,d23,osm
osm:node/14219038493,pitch,d18,osm
osm:node/14219086527,fitness_station,d18,osm
osm:way/10121567,pitch,d21,osm
osm:way/10628954,pitch,d15,osm
osm:way/10943295,pitch,d17,osm
osm:way/10943400,pitch,d17,osm
osm:way/10945322,pitch,d17,osm
osm:way/10948396,pitch,d17,osm
osm:way/13709239,swimming_venue,d16,osm
osm:way/13774222,pitch,d20,osm
osm:way/13774353,pitch,d20,osm
osm:way/13774419,pitch,d20,osm
osm:way/13774783,pitch,d20,osm
osm:way/13774826,pitch,d20,osm
osm:way/13774861,pitch,d20,osm
osm:way/23098031,pitch,d02,osm
osm:way/23098033,pitch,d02,osm
osm:way/23329527,sports_centre,d21,osm
osm:way/23654501,pitch,d21,osm
osm:way/23813300,sports_centre,d16,osm
osm:way/23813303,pitch,d16,osm
osm:way/23813336,pitch,d16,osm
osm:way/24223329,swimming_venue,d02,osm
osm:way/24232547,pitch,d02,osm
osm:way/24287622,swimming_venue,d19,osm
osm:way/24287687,swimming_venue,d18,osm
osm:way/24369373,sports_centre,d20,osm
osm:way/25004080,pitch,d21,osm
osm:way/25004081,pitch,d21,osm
osm:way/25580176,swimming_venue,d19,osm
osm:way/26203600,swimming_venue,d14,osm
osm:way/26227852,pitch,d23,osm
osm:way/26259458,pitch,d14,osm
osm:way/26259555,pitch,d14,osm
osm:way/26300520,swimming_venue,d13,osm
osm:way/26300541,sports_centre,d13,osm
osm:way/26300555,swimming_venue,d13,osm
osm:way/26300572,swimming_venue,d13,osm
osm:way/26301731,pitch,d14,osm
osm:way/26301738,pitch,d14,osm
osm:way/26345013,pitch,d13,osm
osm:way/26350801,pitch,d13,osm
osm:way/26350839,pitch,d13,osm
osm:way/26350930,pitch,d13,osm
osm:way/26358446,pitch,d13,osm
osm:way/26382936,restaurant,d13,osm
osm:way/26386408,restaurant,d13,osm
osm:way/26391967,pitch,d18,osm
osm:way/26399379,pitch,d17,osm
osm:way/26399702,pitch,d18,osm
osm:way/26399703,pitch,d18,osm
osm:way/26405754,swimming_venue,d23,osm
osm:way/26406516,pitch,d23,osm
osm:way/26434870,pitch,d13,osm
osm:way/26434876,pitch,d13,osm
osm:way/26435077,pitch,d13,osm
osm:way/26435087,pitch,d13,osm
osm:way/26450671,swimming_venue,d16,osm
osm:way/26461111,pitch,d22,osm
osm:way/26461115,pitch,d22,osm
osm:way/26461119,pitch,d22,osm
osm:way/26461134,pitch,d22,osm
osm:way/26461141,pitch,d22,osm
osm:way/26468447,pitch,d22,osm
osm:way/26468448,pitch,d22,osm
osm:way/26504119,pitch,d12,osm
osm:way/26505605,pitch,d13,osm
osm:way/26506166,pitch,d23,osm
osm:way/26516542,pitch,d23,osm
osm:way/26516547,pitch,d23,osm
osm:way/26581378,pitch,d16,osm
osm:way/26581547,pitch,d16,osm
osm:way/26583717,pitch,d14,osm
osm:way/26584060,pitch,d14,osm
osm:way/26584062,pitch,d14,osm
osm:way/26584103,pitch,d14,osm
osm:way/26615758,pitch,d14,osm
osm:way/26640698,pitch,d02,osm
osm:way/26640703,pitch,d02,osm
osm:way/26640710,pitch,d02,osm
osm:way/26640765,pitch,d02,osm
osm:way/26640813,pitch,d02,osm
osm:way/26640823,pitch,d02,osm
osm:way/26640831,pitch,d02,osm
osm:way/26640835,pitch,d02,osm
osm:way/26640840,pitch,d02,osm
osm:way/26640847,pitch,d02,osm
osm:way/26640850,pitch,d02,osm
osm:way/26640853,pitch,d02,osm
osm:way/26640864,swimming_venue,d02,osm
osm:way/26640866,swimming_venue,d02,osm
osm:way/26640871,swimming_venue,d02,osm
osm:way/26640882,swimming_venue,d02,osm
osm:way/26640912,swimming_venue,d02,osm
osm:way/26640916,swimming_venue,d02,osm
osm:way/26640930,swimming_venue,d02,osm
osm:way/26641725,pitch,d21,osm
osm:way/26641729,pitch,d21,osm
osm:way/26641772,pitch,d21,osm
osm:way/26643705,pitch,d21,osm
osm:way/26643855,pitch,d21,osm
osm:way/26667518,pitch,d10,osm
osm:way/26700028,sports_centre,d13,osm
osm:way/26721761,restaurant,d13,osm
osm:way/26763988,pitch,d23,osm
osm:way/26764002,pitch,d23,osm
osm:way/26764006,pitch,d23,osm
osm:way/26764011,sports_centre,d23,osm
osm:way/26785511,pitch,d12,osm
osm:way/26937799,sports_centre,d23,osm
osm:way/26960349,pitch,d10,osm
osm:way/26960522,pitch,d10,osm
osm:way/27041440,pitch,d03,osm
osm:way/27043451,pitch,d09,osm
osm:way/27043589,pitch,d09,osm
osm:way/27057044,pitch,d22,osm
osm:way/27057955,swimming_venue,d22,osm
osm:way/27064638,pitch,d14,osm
osm:way/27064662,pitch,d14,osm
osm:way/27167773,restaurant,d19,osm
osm:way/27174754,pitch,d08,osm
osm:way/27210453,pitch,d10,osm
osm:way/27210457,pitch,d10,osm
osm:way/27211654,pitch,d10,osm
osm:way/27211669,pitch,d10,osm
osm:way/27211972,pitch,d10,osm
osm:way/27211975,pitch,d10,osm
osm:way/27211983,pitch,d10,osm
osm:way/27212004,sports_centre,d10,osm
osm:way/27212286,swimming_venue,d10,osm
osm:way/27240345,restaurant,d13,osm
osm:way/27452554,pitch,d23,osm
osm:way/27460687,pitch,d18,osm
osm:way/27479674,pitch,d10,osm
osm:way/27494512,pitch,d23,osm
osm:way/27500974,pitch,d10,osm
osm:way/27500975,pitch,d10,osm
osm:way/27500994,pitch,d10,osm
osm:way/27500995,pitch,d10,osm
osm:way/27500996,pitch,d10,osm
osm:way/27500997,pitch,d10,osm
osm:way/27501226,pitch,d10,osm
osm:way/27501230,pitch,d10,osm
osm:way/27540866,pitch,d18,osm
osm:way/27580045,restaurant,d19,osm
osm:way/27631944,pitch,d02,osm
osm:way/27674111,pitch,d16,osm
osm:way/27674120,pitch,d16,osm
osm:way/27674123,pitch,d16,osm
osm:way/27674129,pitch,d16,osm
osm:way/27674141,pitch,d16,osm
osm:way/27674332,pitch,d15,osm
osm:way/27674337,pitch,d15,osm
osm:way/27674384,pitch,d15,osm
osm:way/27674932,pitch,d15,osm
osm:way/27711412,restaurant,d10,osm
osm:way/27716367,sports_centre,d10,osm
osm:way/27716369,sports_centre,d10,osm
osm:way/27893425,pitch,d10,osm
osm:way/27893440,pitch,d10,osm
osm:way/27940613,pitch,d03,osm
osm:way/28019006,pitch,d03,osm
osm:way/28019007,pitch,d03,osm
osm:way/28034626,pitch,d11,osm
osm:way/28053267,pitch,d10,osm
osm:way/28159271,pitch,d17,osm
osm:way/28214656,pitch,d23,osm
osm:way/28214675,pitch,d23,osm
osm:way/28279244,pitch,d10,osm
osm:way/28335596,pitch,d22,osm
osm:way/28422441,pitch,d04,osm
osm:way/28423824,pitch,d17,osm
osm:way/28456480,pitch,d18,osm
osm:way/28687244,restaurant,d02,osm
osm:way/28687247,restaurant,d02,osm
osm:way/28713228,pitch,d13,osm
osm:way/28801326,pitch,d02,osm
osm:way/28801807,pitch,d02,osm
osm:way/28809157,sports_centre,d02,osm
osm:way/28870102,sports_centre,d02,osm
osm:way/28918592,swimming_venue,d21,osm
osm:way/28918619,swimming_venue,d21,osm
osm:way/28918632,swimming_venue,d22,osm
osm:way/28918640,swimming_venue,d22,osm
osm:way/28974899,pitch,d10,osm
osm:way/28975030,pitch,d10,osm
osm:way/28975032,pitch,d10,osm
osm:way/28975040,pitch,d10,osm
osm:way/28975062,pitch,d10,osm
osm:way/28997013,pitch,d19,osm
osm:way/28997023,pitch,d19,osm
osm:way/29072354,pitch,d05,osm
osm:way/29130836,sports_centre,d11,osm
osm:way/29135446,pitch,d21,osm
osm:way/29136225,pitch,d21,osm
osm:way/29136241,pitch,d21,osm
osm:way/29139745,swimming_venue,d21,osm
osm:way/29178632,swimming_venue,d22,osm
osm:way/29181647,pitch,d22,osm
osm:way/29201754,pitch,d23,osm
osm:way/29208590,pitch,d04,osm
osm:way/29208629,pitch,d04,osm
osm:way/29209156,sports_centre,d10,osm
osm:way/29221264,pitch,d10,osm
osm:way/29221268,pitch,d10,osm
osm:way/29221272,pitch,d10,osm
osm:way/29249875,pitch,d10,osm
osm:way/29253889,pitch,d21,osm
osm:way/29278132,sports_centre,d22,osm
osm:way/29281291,pitch,d22,osm
osm:way/29283916,pitch,d22,osm
osm:way/29283926,pitch,d22,osm
osm:way/29283940,pitch,d22,osm
osm:way/29283960,pitch,d22,osm
osm:way/29283966,pitch,d22,osm
osm:way/29300648,swimming_venue,d22,osm
osm:way/29304078,swimming_venue,d22,osm
osm:way/29319441,pitch,d22,osm
osm:way/29319509,pitch,d22,osm
osm:way/29321362,pitch,d22,osm
osm:way/29321377,pitch,d22,osm
osm:way/29321389,pitch,d22,osm
osm:way/29334692,pitch,d22,osm
osm:way/29395520,pitch,d21,osm
osm:way/29395522,pitch,d21,osm
osm:way/29395524,pitch,d21,osm
osm:way/29395526,pitch,d21,osm
osm:way/29395527,pitch,d21,osm
osm:way/29398106,pitch,d09,osm
osm:way/29399984,pitch,d21,osm
osm:way/29399989,pitch,d21,osm
osm:way/29417979,restaurant,d22,osm
osm:way/29435919,pitch,d10,osm
osm:way/29435928,pitch,d10,osm
osm:way/29450031,pitch,d14,osm
osm:way/29450052,pitch,d14,osm
osm:way/29512523,pitch,d20,osm
osm:way/29641385,pitch,d19,osm
osm:way/29641518,pitch,d19,osm
osm:way/29695878,restaurant,d02,osm
osm:way/29700231,sports_centre,d22,osm
osm:way/29700237,pitch,d22,osm
osm:way/29700243,swimming_venue,d22,osm
osm:way/29700246,pitch,d22,osm
osm:way/29700250,pitch,d22,osm
osm:way/29702006,pitch,d13,osm
osm:way/29710536,pitch,d02,osm
osm:way/29799599,pitch,d11,osm
osm:way/29799610,pitch,d11,osm
osm:way/29879928,pitch,d19,osm
osm:way/29881391,pitch,d11,osm
osm:way/29972393,pitch,d22,osm
osm:way/30011177,swimming_venue,d16,osm
osm:way/30011183,swimming_venue,d16,osm
osm:way/30011186,swimming_venue,d16,osm
osm:way/30113479,pitch,d16,osm
osm:way/30199895,pitch,d21,osm
osm:way/30199900,pitch,d21,osm
osm:way/30254324,sports_centre,d19,osm
osm:way/30343456,sports_centre,d11,osm
osm:way/30343689,pitch,d11,osm
osm:way/30410182,sports_centre,d10,osm
osm:way/30412244,pitch,d10,osm
osm:way/30447424,sports_centre,d11,osm
osm:way/30454805,pitch,d19,osm
osm:way/30528334,restaurant,d20,osm
osm:way/30796273,pitch,d11,osm
osm:way/30816964,sports_centre,d21,osm
osm:way/30824798,sports_centre,d22,osm
osm:way/30826172,sports_centre,d02,osm
osm:way/30826247,sports_centre,d02,osm
osm:way/30994988,pitch,d11,osm
osm:way/31101025,pub,d21,osm
osm:way/31114028,bar,d06,osm
osm:way/31114041,cafe,d06,osm
osm:way/31321184,pitch,d02,osm
osm:way/31321185,pitch,d02,osm
osm:way/31362681,pitch,d02,osm
osm:way/31426418,pitch,d11,osm
osm:way/31428412,pitch,d21,osm
osm:way/31471118,sports_centre,d02,osm
osm:way/31471212,pitch,d02,osm
osm:way/31471214,pitch,d02,osm
osm:way/31471217,pitch,d02,osm
osm:way/31471388,pitch,d02,osm
osm:way/31472469,restaurant,d22,osm
osm:way/31516592,restaurant,d19,osm
osm:way/31779049,restaurant,d21,osm
osm:way/31830643,restaurant,d21,osm
osm:way/31830681,sports_centre,d15,osm
osm:way/31830729,sports_centre,d15,osm
osm:way/31894045,bar,d21,osm
osm:way/32113502,pitch,d02,osm
osm:way/32215489,restaurant,d21,osm
osm:way/32314891,pitch,d14,osm
osm:way/32315676,restaurant,d14,osm
osm:way/32562632,pitch,d21,osm
osm:way/32939313,pitch,d23,osm
osm:way/32939317,pitch,d23,osm
osm:way/32958049,sports_centre,d21,osm
osm:way/32958246,sports_centre,d21,osm
osm:way/33100167,pitch,d21,osm
osm:way/33362158,pitch,d21,osm
osm:way/33362550,pitch,d21,osm
osm:way/33437255,restaurant,d02,osm
osm:way/33619892,pitch,d22,osm
osm:way/34155951,pitch,d21,osm
osm:way/34291651,pitch,d21,osm
osm:way/34389399,pitch,d10,osm
osm:way/34778085,bar,d06,osm
osm:way/35355600,pitch,d13,osm
osm:way/35360761,pitch,d02,osm
osm:way/36117693,pitch,d07,osm
osm:way/36191354,pitch,d20,osm
osm:way/36327563,pitch,d23,osm
osm:way/36327569,pitch,d23,osm
osm:way/36725226,pitch,d18,osm
osm:way/36769682,pitch,d18,osm
osm:way/36771241,pitch,d18,osm
osm:way/36828828,pitch,d23,osm
osm:way/36857060,pitch,d23,osm
osm:way/36857061,pitch,d23,osm
osm:way/36882653,pitch,d23,osm
osm:way/36908908,pitch,d21,osm
osm:way/36937714,sports_centre,d23,osm
osm:way/36940536,pitch,d23,osm
osm:way/37045430,pitch,d18,osm
osm:way/37329654,restaurant,d15,osm
osm:way/38182530,pitch,d22,osm
osm:way/38182587,pitch,d22,osm
osm:way/38182844,pitch,d21,osm
osm:way/38183248,sports_centre,d21,osm
osm:way/38891404,restaurant,d22,osm
osm:way/38891410,restaurant,d22,osm
osm:way/39226332,sports_centre,d02,osm
osm:way/39349418,pitch,d18,osm
osm:way/42352926,pitch,d10,osm
osm:way/42772888,pitch,d22,osm
osm:way/43122622,pitch,d23,osm
osm:way/43328267,pitch,d01,osm
osm:way/43403450,pitch,d01,osm
osm:way/44384736,pitch,d22,osm
osm:way/44384737,pitch,d22,osm
osm:way/44386366,pitch,d22,osm
osm:way/44386367,pitch,d22,osm
osm:way/44389809,pitch,d22,osm
osm:way/44546559,pitch,d16,osm
osm:way/44842798,sports_centre,d14,osm
osm:way/45760203,restaurant,d22,osm
osm:way/45760804,pitch,d22,osm
osm:way/47445447,pitch,d09,osm
osm:way/47498498,pitch,d22,osm
osm:way/47498504,pitch,d22,osm
osm:way/48545725,pitch,d22,osm
osm:way/48545728,cafe,d22,osm
osm:way/48834386,pitch,d23,osm
osm:way/49040780,pitch,d23,osm
osm:way/49071718,swimming_venue,d22,osm
osm:way/49151736,swimming_venue,d14,osm
osm:way/49684521,pitch,d07,osm
osm:way/50593149,pitch,d20,osm
osm:way/50642877,restaurant,d08,osm
osm:way/50913969,pitch,d22,osm
osm:way/51261156,pitch,d05,osm
osm:way/51263354,sports_centre,d14,osm
osm:way/51342836,pitch,d12,osm
osm:way/52390100,pitch,d11,osm
osm:way/53257552,pitch,d02,osm
osm:way/53445972,pitch,d03,osm
osm:way/53752550,pitch,d22,osm
osm:way/54906540,pitch,d04,osm
osm:way/56245817,pitch,d12,osm
osm:way/56466673,pitch,d04,osm
osm:way/56788250,pitch,d22,osm
osm:way/59847152,pitch,d14,osm
osm:way/59847158,pitch,d14,osm
osm:way/60561336,pitch,d22,osm
osm:way/61887485,pitch,d02,osm
osm:way/62149225,pitch,d20,osm
osm:way/62149465,pitch,d02,osm
osm:way/64137393,pitch,d10,osm
osm:way/68314660,pitch,d22,osm
osm:way/70011798,pitch,d20,osm
osm:way/70011801,fitness_station,d20,osm
osm:way/74310447,pitch,d10,osm
osm:way/75107151,pitch,d12,osm
osm:way/75107164,pitch,d12,osm
osm:way/77703672,pitch,d10,osm
osm:way/78872691,pitch,d10,osm
osm:way/79182469,pitch,d13,osm
osm:way/80018917,pitch,d10,osm
osm:way/80363891,sports_centre,d16,osm
osm:way/80801682,pitch,d10,osm
osm:way/80882751,pitch,d23,osm
osm:way/80882753,pitch,d23,osm
osm:way/80882758,pitch,d23,osm
osm:way/81101999,swimming_venue,d21,osm
osm:way/81389869,biergarten,d10,osm
osm:way/82204169,pitch,d03,osm
osm:way/82551346,pitch,d23,osm
osm:way/82551350,sports_centre,d23,osm
osm:way/83500444,pitch,d10,osm
osm:way/83500445,pitch,d10,osm
osm:way/83500449,pitch,d10,osm
osm:way/83500450,pitch,d10,osm
osm:way/83500451,pitch,d10,osm
osm:way/83649418,pitch,d22,osm
osm:way/83649421,pitch,d22,osm
osm:way/84467225,pitch,d09,osm
osm:way/84467235,pitch,d09,osm
osm:way/84821146,sports_centre,d10,osm
osm:way/86120700,swimming_venue,d17,osm
osm:way/88142213,pitch,d22,osm
osm:way/88142538,pitch,d22,osm
osm:way/88266678,pitch,d02,osm
osm:way/88369056,pitch,d13,osm
osm:way/88369058,pitch,d13,osm
osm:way/89094508,restaurant,d22,osm
osm:way/89535514,restaurant,d22,osm
osm:way/89593965,restaurant,d22,osm
osm:way/90027566,restaurant,d21,osm
osm:way/90350277,sports_centre,d21,osm
osm:way/90991377,pitch,d10,osm
osm:way/91614497,sports_centre,d10,osm
osm:way/91891524,pitch,d03,osm
osm:way/91891525,pitch,d03,osm
osm:way/93107236,pitch,d21,osm
osm:way/93107260,pitch,d02,osm
osm:way/93107394,pitch,d11,osm
osm:way/93107430,pitch,d11,osm
osm:way/93107433,pitch,d02,osm
osm:way/93897147,restaurant,d19,osm
osm:way/93897157,pitch,d19,osm
osm:way/93903504,restaurant,d19,osm
osm:way/94246035,pitch,d22,osm
osm:way/94437534,restaurant,d16,osm
osm:way/95667405,pitch,d21,osm
osm:way/96056573,pitch,d04,osm
osm:way/96131098,sports_centre,d08,osm
osm:way/96206690,pitch,d18,osm
osm:way/97207945,pitch,d08,osm
osm:way/97667638,pitch,d02,osm
osm:way/97982224,pitch,d02,osm
osm:way/97982225,pitch,d02,osm
osm:way/97982235,pitch,d02,osm
osm:way/98105901,restaurant,d02,osm
osm:way/98105904,restaurant,d02,osm
osm:way/98230550,restaurant,d22,osm
osm:way/98230557,restaurant,d22,osm
osm:way/98281099,pitch,d02,osm
osm:way/98383571,cafe,d08,osm
osm:way/98747800,restaurant,d14,osm
osm:way/99618972,pitch,d10,osm
osm:way/99660200,pitch,d10,osm
osm:way/99660201,pitch,d10,osm
osm:way/100146630,pitch,d23,osm
osm:way/100146850,pitch,d23,osm
osm:way/100461791,pitch,d11,osm
osm:way/100461793,pitch,d11,osm
osm:way/100534280,pitch,d10,osm
osm:way/100956655,restaurant,d19,osm
osm:way/100956665,pitch,d19,osm
osm:way/100963251,pitch,d19,osm
osm:way/100968670,restaurant,d19,osm
osm:way/101002726,pitch,d11,osm
osm:way/101211659,restaurant,d11,osm
osm:way/101369897,pitch,d11,osm
osm:way/101740846,pitch,d11,osm
osm:way/101740849,pitch,d11,osm
osm:way/102355639,pitch,d11,osm
osm:way/102630713,pitch,d21,osm
osm:way/104345102,pitch,d02,osm
osm:way/104446849,pitch,d20,osm
osm:way/104495951,sports_centre,d22,osm
osm:way/104516880,pitch,d02,osm
osm:way/104516882,pitch,d02,osm
osm:way/104516890,pitch,d02,osm
osm:way/104516893,pitch,d02,osm
osm:way/104984728,pitch,d11,osm
osm:way/104984744,pitch,d11,osm
osm:way/105033500,pitch,d20,osm
osm:way/105033501,pitch,d20,osm
osm:way/105055188,pitch,d20,osm
osm:way/105055198,pitch,d20,osm
osm:way/105055214,pitch,d20,osm
osm:way/105079529,pitch,d22,osm
osm:way/105208763,pitch,d12,osm
osm:way/105208768,pitch,d12,osm
osm:way/105308801,pitch,d20,osm
osm:way/105506532,pitch,d20,osm
osm:way/105618494,pitch,d12,osm
osm:way/105712311,restaurant,d06,osm
osm:way/107047794,pitch,d20,osm
osm:way/107196195,pitch,d12,osm
osm:way/108353942,pitch,d09,osm
osm:way/108842604,nightclub,d05,osm
osm:way/109180468,pitch,d04,osm
osm:way/109180473,pitch,d04,osm
osm:way/109690836,restaurant,d11,osm
osm:way/109690843,restaurant,d11,osm
osm:way/110311466,pitch,d10,osm
osm:way/110980885,pitch,d11,osm
osm:way/110980888,pitch,d11,osm
osm:way/110982381,pitch,d11,osm
osm:way/110982384,pitch,d11,osm
osm:way/111351054,restaurant,d22,osm
osm:way/115385784,restaurant,d22,osm
osm:way/116401483,restaurant,d22,osm
osm:way/116615579,restaurant,d16,osm
osm:way/116676026,restaurant,d23,osm
osm:way/116701199,pitch,d23,osm
osm:way/117047428,pitch,d05,osm
osm:way/117047631,pitch,d05,osm
osm:way/117325640,pitch,d23,osm
osm:way/117325641,pitch,d23,osm
osm:way/117325642,pitch,d23,osm
osm:way/117744488,pitch,d05,osm
osm:way/118749658,pitch,d23,osm
osm:way/119397879,pitch,d05,osm
osm:way/119516797,pitch,d05,osm
osm:way/119905732,pitch,d05,osm
osm:way/120589833,sports_centre,d11,osm
osm:way/120739913,sports_centre,d22,osm
osm:way/120858401,restaurant,d17,osm
osm:way/121064660,pitch,d04,osm
osm:way/121144657,pitch,d07,osm
osm:way/121806642,pitch,d05,osm
osm:way/121956234,swimming_venue,d23,osm
osm:way/122258784,pitch,d02,osm
osm:way/123353718,sports_centre,d04,osm
osm:way/123353935,fitness_centre,d04,osm
osm:way/124322454,restaurant,d19,osm
osm:way/124398424,pitch,d19,osm
osm:way/124434535,restaurant,d01,osm
osm:way/124434537,cafe,d01,osm
osm:way/124485854,cafe,d10,osm
osm:way/125630271,sports_centre,d22,osm
osm:way/126138839,pitch,d22,osm
osm:way/126138844,pitch,d22,osm
osm:way/126138855,pitch,d22,osm
osm:way/127101482,pitch,d11,osm
osm:way/127101485,pitch,d11,osm
osm:way/128431184,pitch,d21,osm
osm:way/129648992,pitch,d22,osm
osm:way/130630497,swimming_venue,d19,osm
osm:way/130634119,pitch,d19,osm
osm:way/130634121,sports_centre,d19,osm
osm:way/130634125,pitch,d19,osm
osm:way/130645763,pitch,d11,osm
osm:way/130645765,pitch,d11,osm
osm:way/130645767,pitch,d11,osm
osm:way/130646606,pitch,d19,osm
osm:way/130737752,pitch,d18,osm
osm:way/130742991,pitch,d04,osm
osm:way/131110125,restaurant,d16,osm
osm:way/132527254,sports_centre,d03,osm
osm:way/132528405,restaurant,d03,osm
osm:way/132702579,swimming_venue,d16,osm
osm:way/132702586,swimming_venue,d16,osm
osm:way/132702596,restaurant,d16,osm
osm:way/132709647,sports_centre,d03,osm
osm:way/132710079,restaurant,d03,osm
osm:way/132789529,pitch,d14,osm
osm:way/132858356,pitch,d21,osm
osm:way/133128089,pitch,d02,osm
osm:way/133373016,pitch,d02,osm
osm:way/133387751,pitch,d10,osm
osm:way/133387752,pitch,d10,osm
osm:way/133387968,pitch,d15,osm
osm:way/133618467,restaurant,d16,osm
osm:way/133677620,nightclub,d01,osm
osm:way/133791327,pitch,d10,osm
osm:way/133862470,sports_centre,d22,osm
osm:way/134019193,restaurant,d16,osm
osm:way/134019195,restaurant,d16,osm
osm:way/135512853,restaurant,d23,osm
osm:way/135770973,pitch,d12,osm
osm:way/136217388,sports_centre,d15,osm
osm:way/136322935,restaurant,d14,osm
osm:way/136447717,pitch,d10,osm
osm:way/136447721,pitch,d12,osm
osm:way/136447723,pitch,d10,osm
osm:way/136656298,sports_centre,d15,osm
osm:way/136708679,pitch,d15,osm
osm:way/136885385,restaurant,d23,osm
osm:way/136969337,pitch,d16,osm
osm:way/137845611,sports_centre,d09,osm
osm:way/138314025,restaurant,d19,osm
osm:way/138361734,restaurant,d19,osm
osm:way/138464343,pitch,d23,osm
osm:way/138514794,pitch,d21,osm
osm:way/138514795,pitch,d21,osm
osm:way/138920810,restaurant,d13,osm
osm:way/138963364,swimming_venue,d19,osm
osm:way/138963365,swimming_venue,d19,osm
osm:way/139000865,pitch,d16,osm
osm:way/139000866,pitch,d16,osm
osm:way/140125339,pitch,d14,osm
osm:way/140126414,pitch,d14,osm
osm:way/140311941,swimming_venue,d03,osm
osm:way/140334742,pitch,d18,osm
osm:way/140560359,restaurant,d22,osm
osm:way/140585046,restaurant,d14,osm
osm:way/140766878,pitch,d23,osm
osm:way/140768881,pitch,d23,osm
osm:way/141104069,bar,d02,osm
osm:way/141123634,pitch,d19,osm
osm:way/141265145,pitch,d14,osm
osm:way/142044910,swimming_venue,d23,osm
osm:way/144285852,restaurant,d21,osm
osm:way/144425639,pitch,d03,osm
osm:way/144438170,pitch,d14,osm
osm:way/144716367,pitch,d13,osm
osm:way/146402728,pitch,d10,osm
osm:way/146827489,swimming_venue,d10,osm
osm:way/146834180,restaurant,d07,osm
osm:way/147127053,sports_centre,d02,osm
osm:way/147127056,pitch,d02,osm
osm:way/147127058,pitch,d02,osm
osm:way/147127059,pitch,d02,osm
osm:way/147127060,pitch,d02,osm
osm:way/147127061,pitch,d02,osm
osm:way/149504492,restaurant,d19,osm
osm:way/150102042,pitch,d02,osm
osm:way/150246342,pitch,d15,osm
osm:way/152235190,cafe,d02,osm
osm:way/152235213,cafe,d02,osm
osm:way/153296461,pitch,d22,osm
osm:way/153296462,pitch,d22,osm
osm:way/153530198,pitch,d19,osm
osm:way/153530199,pitch,d19,osm
osm:way/154348596,pitch,d04,osm
osm:way/154394622,pitch,d04,osm
osm:way/154511887,pitch,d16,osm
osm:way/154511890,pitch,d16,osm
osm:way/154563608,pitch,d22,osm
osm:way/154863142,pitch,d06,osm
osm:way/155033501,pitch,d06,osm
osm:way/155033503,pitch,d06,osm
osm:way/155120092,pitch,d22,osm
osm:way/155120093,pitch,d22,osm
osm:way/155156237,sports_centre,d22,osm
osm:way/155270043,pitch,d22,osm
osm:way/155364426,pitch,d05,osm
osm:way/157110605,pitch,d19,osm
osm:way/157247537,pitch,d02,osm
osm:way/158028099,pitch,d20,osm
osm:way/158329822,pitch,d09,osm
osm:way/158383647,pitch,d02,osm
osm:way/158383649,pitch,d02,osm
osm:way/158515288,restaurant,d18,osm
osm:way/158515292,restaurant,d18,osm
osm:way/158515299,pub,d18,osm
osm:way/158722447,pitch,d09,osm
osm:way/158728397,restaurant,d09,osm
osm:way/158730051,pitch,d02,osm
osm:way/158730055,pitch,d02,osm
osm:way/158730070,pitch,d02,osm
osm:way/158935686,pitch,d21,osm
osm:way/159160990,pitch,d21,osm
osm:way/159246057,pitch,d21,osm
osm:way/159246058,pitch,d21,osm
osm:way/159246059,pitch,d21,osm
osm:way/159314351,restaurant,d02,osm
osm:way/159401369,pitch,d02,osm
osm:way/159589148,pitch,d21,osm
osm:way/159912573,restaurant,d19,osm
osm:way/160577110,pitch,d20,osm
osm:way/160577111,pitch,d02,osm
osm:way/160577113,pitch,d02,osm
osm:way/160577114,pitch,d02,osm
osm:way/160656329,pitch,d11,osm
osm:way/160759665,pitch,d14,osm
osm:way/160892784,sports_centre,d16,osm
osm:way/160893216,sports_centre,d14,osm
osm:way/161071041,pitch,d14,osm
osm:way/161313886,pitch,d07,osm
osm:way/161610250,pitch,d07,osm
osm:way/161845516,restaurant,d02,osm
osm:way/162147175,pitch,d23,osm
osm:way/162176306,restaurant,d17,osm
osm:way/162580594,sports_centre,d15,osm
osm:way/163120574,cafe,d21,osm
osm:way/163647681,pitch,d09,osm
osm:way/163975961,pitch,d14,osm
osm:way/164005019,pitch,d11,osm
osm:way/164053818,restaurant,d16,osm
osm:way/164056921,pitch,d16,osm
osm:way/164721295,restaurant,d18,osm
osm:way/165346145,pitch,d23,osm
osm:way/165715173,pitch,d04,osm
osm:way/166029597,pitch,d22,osm
osm:way/166220706,bar,d10,osm
osm:way/166642310,pitch,d22,osm
osm:way/166750360,restaurant,d19,osm
osm:way/166750365,restaurant,d19,osm
osm:way/166858412,restaurant,d21,osm
osm:way/168104374,pitch,d13,osm
osm:way/168275545,pitch,d22,osm
osm:way/168584676,pitch,d02,osm
osm:way/169082192,pitch,d03,osm
osm:way/169082193,pitch,d03,osm
osm:way/169263159,pitch,d02,osm
osm:way/169478529,cafe,d17,osm
osm:way/171691814,pitch,d17,osm
osm:way/172049755,pitch,d13,osm
osm:way/172049756,pitch,d12,osm
osm:way/172049759,pitch,d12,osm
osm:way/172049760,pitch,d13,osm
osm:way/172049762,pitch,d12,osm
osm:way/172073178,pitch,d20,osm
osm:way/172404825,pitch,d03,osm
osm:way/172457248,pitch,d18,osm
osm:way/172589229,pitch,d03,osm
osm:way/172800492,pitch,d21,osm
osm:way/172941403,restaurant,d13,osm
osm:way/173165959,pitch,d22,osm
osm:way/173165961,pitch,d22,osm
osm:way/173168404,pitch,d17,osm
osm:way/173168406,pitch,d17,osm
osm:way/173168407,pitch,d17,osm
osm:way/173168408,pitch,d17,osm
osm:way/173168409,pitch,d17,osm
osm:way/173168410,pitch,d17,osm
osm:way/173168411,pitch,d17,osm
osm:way/173168412,pitch,d17,osm
osm:way/173168413,pitch,d17,osm
osm:way/173168414,pitch,d17,osm
osm:way/173168415,pitch,d17,osm
osm:way/173168416,pitch,d17,osm
osm:way/173168417,pitch,d17,osm
osm:way/173168419,pitch,d17,osm
osm:way/173168421,pitch,d17,osm
osm:way/173168423,pitch,d17,osm
osm:way/173535101,cafe,d19,osm
osm:way/173894802,restaurant,d14,osm
osm:way/173906305,restaurant,d16,osm
osm:way/174135413,pitch,d17,osm
osm:way/174135414,pitch,d17,osm
osm:way/174135415,pitch,d17,osm
osm:way/174135416,pitch,d17,osm
osm:way/174135417,pitch,d17,osm
osm:way/174135418,pitch,d17,osm
osm:way/174135421,pitch,d17,osm
osm:way/174135422,pitch,d17,osm
osm:way/174135423,pitch,d17,osm
osm:way/174135424,pitch,d17,osm
osm:way/174135426,pitch,d17,osm
osm:way/174135427,pitch,d17,osm
osm:way/174135428,pitch,d17,osm
osm:way/174135429,pitch,d17,osm
osm:way/174135430,pitch,d17,osm
osm:way/174135431,pitch,d17,osm
osm:way/174135432,pitch,d17,osm
osm:way/174135433,pitch,d17,osm
osm:way/174135434,pitch,d17,osm
osm:way/174135435,pitch,d17,osm
osm:way/174135437,pitch,d17,osm
osm:way/174135438,pitch,d17,osm
osm:way/174135439,pitch,d17,osm
osm:way/174135440,pitch,d17,osm
osm:way/174135441,pitch,d17,osm
osm:way/174135442,pitch,d17,osm
osm:way/174135443,pitch,d17,osm
osm:way/174135444,pitch,d17,osm
osm:way/174135445,pitch,d17,osm
osm:way/174135446,pitch,d17,osm
osm:way/174135447,pitch,d17,osm
osm:way/174269664,restaurant,d22,osm
osm:way/174269670,restaurant,d22,osm
osm:way/174516793,pitch,d15,osm
osm:way/174649559,restaurant,d19,osm
osm:way/174790786,pitch,d17,osm
osm:way/174861947,restaurant,d22,osm
osm:way/174865980,restaurant,d19,osm
osm:way/174874180,restaurant,d17,osm
osm:way/174880861,restaurant,d17,osm
osm:way/174967415,pitch,d15,osm
osm:way/175029500,pitch,d19,osm
osm:way/175147553,restaurant,d15,osm
osm:way/175326927,sports_centre,d15,osm
osm:way/175326971,sports_centre,d15,osm
osm:way/175484400,pitch,d19,osm
osm:way/175488643,pitch,d19,osm
osm:way/175507228,pitch,d19,osm
osm:way/175811539,pitch,d19,osm
osm:way/175814607,pitch,d19,osm
osm:way/175898587,pitch,d15,osm
osm:way/176338503,pitch,d15,osm
osm:way/176338504,pitch,d15,osm
osm:way/176384783,restaurant,d21,osm
osm:way/176697634,pitch,d21,osm
osm:way/176697635,pitch,d21,osm
osm:way/176697636,pitch,d21,osm
osm:way/176697637,pitch,d21,osm
osm:way/177390428,pitch,d21,osm
osm:way/177390429,pitch,d21,osm
osm:way/177656464,pub,d22,osm
osm:way/177689895,pitch,d04,osm
osm:way/178145436,restaurant,d10,osm
osm:way/178702578,pitch,d19,osm
osm:way/178702580,pitch,d19,osm
osm:way/178849125,pitch,d18,osm
osm:way/178849126,pitch,d18,osm
osm:way/178858832,nightclub,d02,osm
osm:way/179016929,pitch,d13,osm
osm:way/179026188,sports_centre,d13,osm
osm:way/179183000,pitch,d19,osm
osm:way/179183001,pitch,d19,osm
osm:way/179183002,pitch,d19,osm
osm:way/179183003,pitch,d19,osm
osm:way/179341014,pitch,d19,osm
osm:way/179505979,restaurant,d19,osm
osm:way/179604848,pitch,d14,osm
osm:way/179604855,restaurant,d14,osm
osm:way/179892558,pitch,d10,osm
osm:way/180311135,pitch,d22,osm
osm:way/180311136,pitch,d22,osm
osm:way/180311155,pitch,d22,osm
osm:way/180390032,pitch,d02,osm
osm:way/180390035,pitch,d02,osm
osm:way/180622925,restaurant,d19,osm
osm:way/180711558,pitch,d19,osm
osm:way/180714489,pitch,d18,osm
osm:way/180820641,restaurant,d19,osm
osm:way/181338733,pitch,d16,osm
osm:way/182212626,restaurant,d14,osm
osm:way/182456244,pitch,d06,osm
osm:way/182566494,restaurant,d14,osm
osm:way/183041206,pitch,d10,osm
osm:way/183041207,pitch,d10,osm
osm:way/183162129,fitness_centre,d05,osm
osm:way/183169284,pitch,d05,osm
osm:way/183336951,pitch,d05,osm
osm:way/183616032,bar,d02,osm
osm:way/183743929,pitch,d06,osm
osm:way/183923604,sports_centre,d01,osm
osm:way/184309619,pitch,d19,osm
osm:way/185328291,pitch,d21,osm
osm:way/185408089,pitch,d13,osm
osm:way/185408092,pitch,d13,osm
osm:way/185474974,pitch,d12,osm
osm:way/185811570,restaurant,d23,osm
osm:way/186089670,pitch,d19,osm
osm:way/186649615,restaurant,d12,osm
osm:way/186867086,restaurant,d19,osm
osm:way/186919966,pitch,d19,osm
osm:way/187067142,sports_centre,d20,osm
osm:way/187290459,sports_centre,d20,osm
osm:way/188026849,restaurant,d14,osm
osm:way/188750620,pitch,d14,osm
osm:way/189054513,pitch,d19,osm
osm:way/189661553,pitch,d15,osm
osm:way/190455761,pitch,d19,osm
osm:way/190480602,swimming_venue,d17,osm
osm:way/190583651,pitch,d21,osm
osm:way/190604549,pitch,d20,osm
osm:way/190929073,pitch,d19,osm
osm:way/191049143,fitness_centre,d19,osm
osm:way/191072127,restaurant,d01,osm
osm:way/191072131,pitch,d03,osm
osm:way/191146551,pitch,d15,osm
osm:way/191146552,pitch,d15,osm
osm:way/191581618,restaurant,d19,osm
osm:way/192771125,pitch,d02,osm
osm:way/193461363,pitch,d14,osm
osm:way/194379077,pitch,d22,osm
osm:way/194819515,pitch,d10,osm
osm:way/194820847,pitch,d10,osm
osm:way/194914670,restaurant,d10,osm
osm:way/194998465,pitch,d10,osm
osm:way/195001112,pitch,d10,osm
osm:way/195036975,pitch,d20,osm
osm:way/195090115,pitch,d19,osm
osm:way/195090124,pitch,d19,osm
osm:way/195112072,pitch,d20,osm
osm:way/195112073,pitch,d20,osm
osm:way/195351908,pitch,d19,osm
osm:way/195521763,restaurant,d13,osm
osm:way/195996602,biergarten,d10,osm
osm:way/196261969,restaurant,d19,osm
osm:way/196261971,restaurant,d19,osm
osm:way/196632631,pitch,d19,osm
osm:way/196632632,pitch,d19,osm
osm:way/196632633,pitch,d19,osm
osm:way/197179425,restaurant,d22,osm
osm:way/198097829,sports_centre,d12,osm
osm:way/198742474,restaurant,d23,osm
osm:way/199116911,restaurant,d02,osm
osm:way/199640912,pitch,d19,osm
osm:way/199796279,pitch,d19,osm
osm:way/200351713,pitch,d23,osm
osm:way/200351718,pitch,d23,osm
osm:way/200546057,pitch,d22,osm
osm:way/200546058,pitch,d22,osm
osm:way/200546060,sports_centre,d22,osm
osm:way/200964320,restaurant,d14,osm
osm:way/201856401,cafe,d04,osm
osm:way/202099161,pitch,d18,osm
osm:way/202099164,pitch,d18,osm
osm:way/202099166,pitch,d18,osm
osm:way/202099168,fitness_station,d18,osm
osm:way/202506195,pitch,d13,osm
osm:way/202619053,fitness_centre,d19,osm
osm:way/202755044,sports_centre,d10,osm
osm:way/202757697,sports_centre,d17,osm
osm:way/202890378,restaurant,d22,osm
osm:way/203008522,cafe,d15,osm
osm:way/203707812,cafe,d18,osm
osm:way/203994881,restaurant,d02,osm
osm:way/204014378,restaurant,d22,osm
osm:way/204051908,swimming_venue,d22,osm
osm:way/204051909,swimming_venue,d22,osm
osm:way/204051910,swimming_venue,d22,osm
osm:way/204145890,pitch,d23,osm
osm:way/204707171,pitch,d14,osm
osm:way/204826534,pitch,d19,osm
osm:way/204900422,pitch,d23,osm
osm:way/205325153,pitch,d13,osm
osm:way/206222850,restaurant,d23,osm
osm:way/207022421,pitch,d12,osm
osm:way/207368021,pitch,d09,osm
osm:way/207368022,pitch,d09,osm
osm:way/207516805,pitch,d23,osm
osm:way/207528336,pitch,d17,osm
osm:way/207606329,pitch,d23,osm
osm:way/207697712,restaurant,d14,osm
osm:way/208536554,pitch,d03,osm
osm:way/209873109,pitch,d22,osm
osm:way/209873110,pitch,d22,osm
osm:way/210022524,restaurant,d13,osm
osm:way/211740719,restaurant,d14,osm
osm:way/214262471,sports_centre,d22,osm
osm:way/214304976,pitch,d13,osm
osm:way/214304977,pitch,d13,osm
osm:way/214577185,restaurant,d11,osm
osm:way/214854075,cafe,d11,osm
osm:way/215830970,pitch,d22,osm
osm:way/217298558,pitch,d15,osm
osm:way/218562227,sports_centre,d03,osm
osm:way/218911981,pitch,d14,osm
osm:way/219368939,pitch,d23,osm
osm:way/220023191,restaurant,d13,osm
osm:way/220469659,pitch,d17,osm
osm:way/220534241,restaurant,d12,osm
osm:way/222350021,restaurant,d19,osm
osm:way/222688838,pitch,d22,osm
osm:way/222871403,sports_centre,d21,osm
osm:way/223104597,pitch,d18,osm
osm:way/223326637,pitch,d16,osm
osm:way/223392846,pitch,d11,osm
osm:way/223392847,pitch,d11,osm
osm:way/223392848,pitch,d11,osm
osm:way/223392850,pitch,d11,osm
osm:way/223635003,restaurant,d22,osm
osm:way/223676602,restaurant,d19,osm
osm:way/223688062,restaurant,d19,osm
osm:way/223688063,restaurant,d19,osm
osm:way/223688069,restaurant,d19,osm
osm:way/223693538,restaurant,d19,osm
osm:way/223693896,pub,d19,osm
osm:way/223824290,pitch,d22,osm
osm:way/224260928,pitch,d21,osm
osm:way/224664372,pitch,d17,osm
osm:way/225410940,pitch,d17,osm
osm:way/225647109,pitch,d19,osm
osm:way/225707463,pitch,d17,osm
osm:way/225707465,pitch,d17,osm
osm:way/225707466,pitch,d17,osm
osm:way/226307567,sports_centre,d21,osm
osm:way/226512421,pitch,d22,osm
osm:way/226558711,pitch,d22,osm
osm:way/226559084,pitch,d22,osm
osm:way/226565645,sports_centre,d22,osm
osm:way/226565646,sports_centre,d22,osm
osm:way/226565647,sports_centre,d22,osm
osm:way/226565648,sports_centre,d22,osm
osm:way/226565650,sports_centre,d22,osm
osm:way/226866268,pitch,d22,osm
osm:way/226866270,pitch,d22,osm
osm:way/226866271,pitch,d22,osm
osm:way/227053075,pitch,d02,osm
osm:way/227703721,pitch,d17,osm
osm:way/227703722,pitch,d17,osm
osm:way/227703723,pitch,d17,osm
osm:way/228012273,pitch,d22,osm
osm:way/228012274,pitch,d22,osm
osm:way/228339485,pitch,d10,osm
osm:way/228626894,pitch,d10,osm
osm:way/229258933,pitch,d06,osm
osm:way/229971322,pitch,d19,osm
osm:way/229971324,pitch,d19,osm
osm:way/230295846,fitness_station,d22,osm
osm:way/230487824,sports_centre,d10,osm
osm:way/230488516,sports_centre,d10,osm
osm:way/231147659,restaurant,d19,osm
osm:way/231363588,pitch,d08,osm
osm:way/232312870,pitch,d10,osm
osm:way/232792449,pitch,d02,osm
osm:way/233594137,restaurant,d22,osm
osm:way/233594513,restaurant,d22,osm
osm:way/233705732,restaurant,d22,osm
osm:way/235998145,sports_centre,d17,osm
osm:way/235998705,pitch,d17,osm
osm:way/236617895,sports_centre,d22,osm
osm:way/236827458,pitch,d22,osm
osm:way/236827459,pitch,d22,osm
osm:way/237247550,pitch,d22,osm
osm:way/237735232,pitch,d10,osm
osm:way/237735233,pitch,d10,osm
osm:way/237735234,pitch,d10,osm
osm:way/237735235,pitch,d10,osm
osm:way/237735236,pitch,d10,osm
osm:way/237740084,pitch,d22,osm
osm:way/237740087,pitch,d22,osm
osm:way/237740089,pitch,d22,osm
osm:way/237767209,pitch,d14,osm
osm:way/237767210,pitch,d14,osm
osm:way/237842883,pitch,d22,osm
osm:way/237859111,restaurant,d16,osm
osm:way/238036899,sports_centre,d14,osm
osm:way/238138020,pitch,d02,osm
osm:way/238240813,pitch,d19,osm
osm:way/238376302,pitch,d22,osm
osm:way/238376303,pitch,d22,osm
osm:way/238381739,pitch,d22,osm
osm:way/238767980,pitch,d12,osm
osm:way/240877846,pitch,d22,osm
osm:way/240886663,cafe,d22,osm
osm:way/241010325,pitch,d22,osm
osm:way/241094257,pitch,d03,osm
osm:way/241094258,pitch,d03,osm
osm:way/241094259,pitch,d03,osm
osm:way/241094260,pitch,d03,osm
osm:way/241111794,pitch,d02,osm
osm:way/241112130,pitch,d02,osm
osm:way/241112132,pitch,d02,osm
osm:way/241112134,pitch,d02,osm
osm:way/241112136,pitch,d02,osm
osm:way/241112137,pitch,d02,osm
osm:way/241112138,pitch,d02,osm
osm:way/241112139,pitch,d02,osm
osm:way/241112141,pitch,d02,osm
osm:way/241112142,pitch,d02,osm
osm:way/241112143,pitch,d02,osm
osm:way/241174703,pitch,d21,osm
osm:way/241428812,pitch,d03,osm
osm:way/241428814,pitch,d03,osm
osm:way/241733363,pitch,d22,osm
osm:way/242751315,pitch,d21,osm
osm:way/242751332,pitch,d21,osm
osm:way/242848148,fitness_station,d21,osm
osm:way/242848149,fitness_station,d15,osm
osm:way/242983030,sports_centre,d22,osm
osm:way/243087159,pitch,d22,osm
osm:way/243637346,pitch,d22,osm
osm:way/243666187,fitness_centre,d23,osm
osm:way/243993251,pitch,d15,osm
osm:way/246050203,sports_centre,d17,osm
osm:way/246344314,pitch,d21,osm
osm:way/246629748,pitch,d22,osm
osm:way/247054882,restaurant,d23,osm
osm:way/249047455,pitch,d16,osm
osm:way/250031309,restaurant,d17,osm
osm:way/250520215,pitch,d22,osm
osm:way/250559036,restaurant,d23,osm
osm:way/250816801,pitch,d23,osm
osm:way/251554369,pitch,d10,osm
osm:way/251554378,pitch,d10,osm
osm:way/251554379,pitch,d10,osm
osm:way/251554381,pitch,d10,osm
osm:way/251677054,pitch,d10,osm
osm:way/251678547,sports_centre,d10,osm
osm:way/252795413,pitch,d15,osm
osm:way/253455846,pitch,d09,osm
osm:way/256584785,pitch,d03,osm
osm:way/256584786,pitch,d03,osm
osm:way/258984683,pitch,d23,osm
osm:way/258984684,pitch,d23,osm
osm:way/259220419,restaurant,d18,osm
osm:way/259610346,pitch,d17,osm
osm:way/259610347,pitch,d17,osm
osm:way/259610348,pitch,d17,osm
osm:way/261460762,restaurant,d17,osm
osm:way/262533037,pitch,d22,osm
osm:way/263140164,restaurant,d19,osm
osm:way/264904537,pitch,d11,osm
osm:way/264904538,pitch,d11,osm
osm:way/264904539,pitch,d11,osm
osm:way/265411631,pitch,d19,osm
osm:way/266232634,pitch,d22,osm
osm:way/266510250,pitch,d22,osm
osm:way/267205740,pitch,d14,osm
osm:way/267205743,pitch,d14,osm
osm:way/267385650,sports_centre,d02,osm
osm:way/267385659,pitch,d02,osm
osm:way/267385663,pitch,d02,osm
osm:way/267385678,pitch,d02,osm
osm:way/267385713,pitch,d02,osm
osm:way/267385717,pitch,d02,osm
osm:way/267385720,pitch,d02,osm
osm:way/269952707,pitch,d12,osm
osm:way/269952710,pitch,d12,osm
osm:way/269952713,pitch,d12,osm
osm:way/269952715,pitch,d12,osm
osm:way/269952718,pitch,d12,osm
osm:way/269952721,pitch,d12,osm
osm:way/272256091,restaurant,d11,osm
osm:way/275420675,pitch,d22,osm
osm:way/275898698,pitch,d22,osm
osm:way/275980957,pitch,d10,osm
osm:way/275980958,pitch,d10,osm
osm:way/278060493,restaurant,d22,osm
osm:way/279366946,pitch,d22,osm
osm:way/281547911,pitch,d23,osm
osm:way/282209306,pitch,d14,osm
osm:way/282737625,pitch,d21,osm
osm:way/283595955,pitch,d23,osm
osm:way/284054086,sports_centre,d02,osm
osm:way/285013422,pitch,d21,osm
osm:way/285192506,cafe,d14,osm
osm:way/285543647,restaurant,d02,osm
osm:way/285960984,pitch,d13,osm
osm:way/286606303,restaurant,d21,osm
osm:way/286606306,pitch,d21,osm
osm:way/286965702,restaurant,d22,osm
osm:way/286965708,biergarten,d22,osm
osm:way/286965709,biergarten,d22,osm
osm:way/286965710,biergarten,d22,osm
osm:way/287631989,restaurant,d23,osm
osm:way/288961572,sports_centre,d22,osm
osm:way/290208239,pitch,d05,osm
osm:way/291278297,cafe,d02,osm
osm:way/292355043,sports_centre,d05,osm
osm:way/292356271,pitch,d04,osm
osm:way/295085670,sports_centre,d10,osm
osm:way/295289423,sports_centre,d10,osm
osm:way/295289427,pitch,d10,osm
osm:way/295854467,pitch,d13,osm
osm:way/296175219,pitch,d22,osm
osm:way/296394467,restaurant,d10,osm
osm:way/296627959,pitch,d14,osm
osm:way/296892712,pitch,d14,osm
osm:way/296988759,pitch,d02,osm
osm:way/296989522,pitch,d10,osm
osm:way/297285024,fitness_station,d23,osm
osm:way/297517675,pitch,d19,osm
osm:way/297517758,pitch,d19,osm
osm:way/297537105,pitch,d19,osm
osm:way/297604321,pitch,d16,osm
osm:way/297604322,pitch,d16,osm
osm:way/297632590,pitch,d07,osm
osm:way/297862988,pitch,d10,osm
osm:way/297863122,pitch,d10,osm
osm:way/298301577,pitch,d23,osm
osm:way/298854269,pitch,d11,osm
osm:way/298900512,restaurant,d23,osm
osm:way/299252357,pitch,d23,osm
osm:way/299618478,pitch,d14,osm
osm:way/299704582,pitch,d07,osm
osm:way/299704587,pitch,d07,osm
osm:way/299749737,fitness_station,d07,osm
osm:way/300012001,pitch,d14,osm
osm:way/300550889,pitch,d19,osm
osm:way/300745863,pitch,d14,osm
osm:way/301720641,pitch,d22,osm
osm:way/302749036,pitch,d17,osm
osm:way/303129853,pitch,d14,osm
osm:way/303129854,pitch,d14,osm
osm:way/303545702,sports_centre,d17,osm
osm:way/303545703,pitch,d17,osm
osm:way/303545704,pitch,d17,osm
osm:way/303545705,pitch,d17,osm
osm:way/303545706,pitch,d17,osm
osm:way/303545707,pitch,d17,osm
osm:way/303545708,pitch,d17,osm
osm:way/303545709,pitch,d17,osm
osm:way/303545710,pitch,d17,osm
osm:way/303545711,pitch,d17,osm
osm:way/304847636,restaurant,d02,osm
osm:way/305079297,pitch,d21,osm
osm:way/305129849,sports_centre,d22,osm
osm:way/305129851,sports_centre,d22,osm
osm:way/305131428,pitch,d22,osm
osm:way/305503396,sports_centre,d15,osm
osm:way/305610385,pitch,d11,osm
osm:way/305674867,restaurant,d21,osm
osm:way/306278949,restaurant,d10,osm
osm:way/306433596,sports_centre,d22,osm
osm:way/306904943,restaurant,d23,osm
osm:way/308267595,swimming_venue,d18,osm
osm:way/309413818,pitch,d10,osm
osm:way/309455701,pitch,d21,osm
osm:way/309562659,pitch,d04,osm
osm:way/310043875,pitch,d05,osm
osm:way/312080859,pitch,d05,osm
osm:way/312080861,pitch,d05,osm
osm:way/313076176,pitch,d23,osm
osm:way/313685638,pitch,d02,osm
osm:way/313685639,pitch,d02,osm
osm:way/314763992,sports_centre,d23,osm
osm:way/315262133,pitch,d23,osm
osm:way/315756186,pitch,d11,osm
osm:way/315756187,pitch,d11,osm
osm:way/315756188,pitch,d11,osm
osm:way/315756189,pitch,d11,osm
osm:way/315756190,pitch,d11,osm
osm:way/315756191,pitch,d11,osm
osm:way/315756192,pitch,d11,osm
osm:way/316421079,restaurant,d10,osm
osm:way/316470085,pitch,d11,osm
osm:way/317021851,pitch,d03,osm
osm:way/317087237,pitch,d03,osm
osm:way/317087241,pitch,d03,osm
osm:way/317131931,pitch,d03,osm
osm:way/318070949,pitch,d23,osm
osm:way/318337096,pitch,d14,osm
osm:way/318986844,pitch,d23,osm
osm:way/319342061,pitch,d10,osm
osm:way/319342067,pitch,d10,osm
osm:way/319342071,pitch,d10,osm
osm:way/319342074,pitch,d10,osm
osm:way/321015628,sports_centre,d23,osm
osm:way/321506797,pitch,d23,osm
osm:way/324886786,pitch,d23,osm
osm:way/324886788,pitch,d23,osm
osm:way/324886791,pitch,d23,osm
osm:way/326194367,pitch,d02,osm
osm:way/326194368,pitch,d02,osm
osm:way/326383673,sports_centre,d02,osm
osm:way/326383674,pitch,d02,osm
osm:way/326383675,pitch,d02,osm
osm:way/326383676,pitch,d02,osm
osm:way/326472944,nightclub,d01,osm
osm:way/326589295,pitch,d16,osm
osm:way/326589297,pitch,d16,osm
osm:way/326623253,pitch,d15,osm
osm:way/327123300,pitch,d03,osm
osm:way/327123301,pitch,d03,osm
osm:way/327123302,pitch,d03,osm
osm:way/327123304,pitch,d03,osm
osm:way/327170826,pitch,d12,osm
osm:way/328865409,pitch,d10,osm
osm:way/329133651,restaurant,d19,osm
osm:way/329599856,biergarten,d15,osm
osm:way/330402049,pitch,d23,osm
osm:way/330402050,pitch,d23,osm
osm:way/330402051,pitch,d23,osm
osm:way/331929580,sports_centre,d22,osm
osm:way/331929584,sports_centre,d21,osm
osm:way/332002326,restaurant,d14,osm
osm:way/333861997,pitch,d21,osm
osm:way/335235769,pitch,d14,osm
osm:way/335750171,pitch,d10,osm
osm:way/335750172,pitch,d10,osm
osm:way/336136636,pitch,d11,osm
osm:way/338543014,pitch,d02,osm
osm:way/339564957,pitch,d21,osm
osm:way/339673330,pitch,d03,osm
osm:way/339673331,pitch,d03,osm
osm:way/339708993,pitch,d18,osm
osm:way/340953860,pitch,d11,osm
osm:way/342113777,restaurant,d03,osm
osm:way/342142487,sports_centre,d23,osm
osm:way/342142510,pitch,d23,osm
osm:way/342521386,fitness_station,d22,osm
osm:way/343166516,pitch,d10,osm
osm:way/343466822,pitch,d22,osm
osm:way/343466825,pitch,d22,osm
osm:way/343467517,pitch,d22,osm
osm:way/343923538,restaurant,d22,osm
osm:way/344420684,pitch,d10,osm
osm:way/344657319,bar,d21,osm
osm:way/345097343,fitness_station,d10,osm
osm:way/346884637,pitch,d01,osm
osm:way/347000590,pitch,d10,osm
osm:way/347791596,pitch,d13,osm
osm:way/347791598,pitch,d13,osm
osm:way/349660719,sports_centre,d23,osm
osm:way/350135926,pitch,d10,osm
osm:way/350615256,pitch,d12,osm
osm:way/350615257,sports_centre,d12,osm
osm:way/350620942,pitch,d12,osm
osm:way/350932762,restaurant,d12,osm
osm:way/351055956,pitch,d10,osm
osm:way/351055957,pitch,d10,osm
osm:way/351451588,bar,d22,osm
osm:way/352013957,pitch,d14,osm
osm:way/352168568,pitch,d10,osm
osm:way/352168569,pitch,d10,osm
osm:way/352538901,sports_centre,d21,osm
osm:way/352556492,pitch,d02,osm
osm:way/353874391,restaurant,d21,osm
osm:way/353874711,restaurant,d21,osm
osm:way/354344312,restaurant,d21,osm
osm:way/354615386,restaurant,d23,osm
osm:way/354945759,restaurant,d11,osm
osm:way/355125513,restaurant,d10,osm
osm:way/355125514,restaurant,d10,osm
osm:way/355244888,restaurant,d23,osm
osm:way/355462099,pitch,d18,osm
osm:way/355471704,cafe,d18,osm
osm:way/356606877,pitch,d21,osm
osm:way/356629411,pitch,d21,osm
osm:way/356629412,pitch,d21,osm
osm:way/357207979,pitch,d21,osm
osm:way/357207980,pitch,d21,osm
osm:way/357231317,sports_centre,d22,osm
osm:way/359373279,sports_centre,d10,osm
osm:way/360782194,pitch,d03,osm
osm:way/361414981,sports_centre,d02,osm
osm:way/361414984,pitch,d02,osm
osm:way/361414990,sports_centre,d02,osm
osm:way/361414993,swimming_venue,d02,osm
osm:way/361414996,pitch,d02,osm
osm:way/361414998,pitch,d02,osm
osm:way/361415193,sports_centre,d02,osm
osm:way/361517541,sports_centre,d20,osm
osm:way/361672179,restaurant,d02,osm
osm:way/363021982,pitch,d22,osm
osm:way/366303125,pitch,d15,osm
osm:way/366303126,pitch,d15,osm
osm:way/366337214,pitch,d12,osm
osm:way/368897674,restaurant,d02,osm
osm:way/368952932,restaurant,d02,osm
osm:way/369720088,restaurant,d19,osm
osm:way/369720094,restaurant,d19,osm
osm:way/369988999,restaurant,d15,osm
osm:way/369989000,restaurant,d15,osm
osm:way/369989022,cafe,d15,osm
osm:way/370577069,restaurant,d15,osm
osm:way/370577167,cafe,d15,osm
osm:way/371957936,pitch,d11,osm
osm:way/372026596,cafe,d10,osm
osm:way/372964463,restaurant,d10,osm
osm:way/374141739,pitch,d10,osm
osm:way/374141743,pitch,d10,osm
osm:way/374141744,pitch,d10,osm
osm:way/374401266,pitch,d10,osm
osm:way/377297253,pitch,d16,osm
osm:way/382420906,pitch,d12,osm
osm:way/382424772,sports_centre,d10,osm
osm:way/383628784,pitch,d02,osm
osm:way/383628785,pitch,d02,osm
osm:way/383632689,sports_centre,d02,osm
osm:way/383634265,pitch,d02,osm
osm:way/385556448,pitch,d17,osm
osm:way/389587200,sports_centre,d20,osm
osm:way/389705392,swimming_venue,d22,osm
osm:way/390783750,pitch,d09,osm
osm:way/392347130,pitch,d01,osm
osm:way/392347131,pitch,d01,osm
osm:way/392952818,pitch,d21,osm
osm:way/394551306,sports_centre,d19,osm
osm:way/396018147,cafe,d10,osm
osm:way/396029586,cafe,d10,osm
osm:way/396033541,restaurant,d10,osm
osm:way/396140328,restaurant,d10,osm
osm:way/396144847,cafe,d10,osm
osm:way/396246145,pitch,d11,osm
osm:way/396425940,pitch,d19,osm
osm:way/397822325,pitch,d22,osm
osm:way/397822327,pitch,d22,osm
osm:way/403520067,pitch,d03,osm
osm:way/403598150,sports_centre,d19,osm
osm:way/403834691,sports_centre,d02,osm
osm:way/404020701,pitch,d13,osm
osm:way/404050686,sports_centre,d13,osm
osm:way/404050687,sports_centre,d13,osm
osm:way/404349227,sports_centre,d21,osm
osm:way/404476640,sports_centre,d16,osm
osm:way/404999306,pitch,d22,osm
osm:way/405449280,cafe,d22,osm
osm:way/406499619,pitch,d22,osm
osm:way/406499621,pitch,d22,osm
osm:way/407676237,cafe,d01,osm
osm:way/407676238,cafe,d01,osm
osm:way/407676243,cafe,d01,osm
osm:way/407746611,pitch,d05,osm
osm:way/409055409,sports_centre,d21,osm
osm:way/409055410,sports_centre,d21,osm
osm:way/410955436,restaurant,d01,osm
osm:way/411407967,cafe,d01,osm
osm:way/411407993,restaurant,d01,osm
osm:way/413496152,swimming_venue,d22,osm
osm:way/413707798,pitch,d10,osm
osm:way/414445548,pitch,d22,osm
osm:way/415728783,pitch,d21,osm
osm:way/421683757,pitch,d16,osm
osm:way/422035389,sports_centre,d21,osm
osm:way/422130320,pitch,d21,osm
osm:way/422130321,pitch,d21,osm
osm:way/422130322,pitch,d21,osm
osm:way/422133623,sports_centre,d22,osm
osm:way/422924820,cafe,d10,osm
osm:way/424791617,pitch,d19,osm
osm:way/424791849,pitch,d19,osm
osm:way/425425281,bar,d03,osm
osm:way/428805959,fitness_station,d10,osm
osm:way/429479694,pitch,d12,osm
osm:way/434892788,fitness_centre,d21,osm
osm:way/441961483,sports_centre,d22,osm
osm:way/446085193,pitch,d22,osm
osm:way/448033029,pitch,d20,osm
osm:way/448055305,pitch,d14,osm
osm:way/450892041,restaurant,d21,osm
osm:way/457768079,pitch,d22,osm
osm:way/457768081,pitch,d22,osm
osm:way/457768082,pitch,d22,osm
osm:way/457768083,pitch,d10,osm
osm:way/458549012,fitness_station,d22,osm
osm:way/458549013,fitness_station,d22,osm
osm:way/458549014,fitness_station,d22,osm
osm:way/458549015,fitness_station,d22,osm
osm:way/458549016,fitness_station,d22,osm
osm:way/458549017,fitness_station,d22,osm
osm:way/458549018,fitness_station,d22,osm
osm:way/458549020,fitness_station,d22,osm
osm:way/458549021,fitness_station,d22,osm
osm:way/458549022,fitness_station,d22,osm
osm:way/458549023,fitness_station,d22,osm
osm:way/458549026,fitness_station,d22,osm
osm:way/458549027,fitness_station,d22,osm
osm:way/458549028,fitness_station,d22,osm
osm:way/458549029,fitness_station,d22,osm
osm:way/458549030,fitness_station,d22,osm
osm:way/458549031,fitness_station,d22,osm
osm:way/458549032,fitness_station,d22,osm
osm:way/458549033,pitch,d22,osm
osm:way/458549034,fitness_station,d22,osm
osm:way/458549035,fitness_station,d22,osm
osm:way/458549036,fitness_station,d22,osm
osm:way/459348441,pitch,d19,osm
osm:way/459350869,pitch,d19,osm
osm:way/460740173,pitch,d18,osm
osm:way/461007371,cafe,d18,osm
osm:way/461223708,pitch,d12,osm
osm:way/461223709,pitch,d12,osm
osm:way/463066566,pitch,d22,osm
osm:way/464500479,pitch,d23,osm
osm:way/464789921,pitch,d18,osm
osm:way/466709037,pitch,d15,osm
osm:way/466709038,pitch,d15,osm
osm:way/475622011,pitch,d12,osm
osm:way/475622012,pitch,d12,osm
osm:way/475622013,pitch,d12,osm
osm:way/475622014,pitch,d12,osm
osm:way/475622015,pitch,d12,osm
osm:way/475622016,pitch,d12,osm
osm:way/476183362,pitch,d11,osm
osm:way/478880889,pitch,d02,osm
osm:way/481600461,pub,d10,osm
osm:way/483018201,pitch,d10,osm
osm:way/483018202,pitch,d10,osm
osm:way/483018203,pitch,d10,osm
osm:way/485728641,pitch,d22,osm
osm:way/485728642,pitch,d22,osm
osm:way/486571880,sports_centre,d22,osm
osm:way/486602235,restaurant,d22,osm
osm:way/486602236,biergarten,d22,osm
osm:way/486999033,sports_centre,d03,osm
osm:way/489119605,sports_centre,d21,osm
osm:way/489119606,pitch,d21,osm
osm:way/489890008,pitch,d22,osm
osm:way/491711567,biergarten,d21,osm
osm:way/492693478,pitch,d21,osm
osm:way/492693479,pitch,d21,osm
osm:way/493210676,pitch,d22,osm
osm:way/493669393,restaurant,d03,osm
osm:way/493669403,restaurant,d03,osm
osm:way/493680685,restaurant,d03,osm
osm:way/494251835,pitch,d10,osm
osm:way/495596977,pitch,d22,osm
osm:way/497207250,cafe,d03,osm
osm:way/498378451,pitch,d21,osm
osm:way/498378452,pitch,d21,osm
osm:way/498378453,pitch,d21,osm
osm:way/499387417,pitch,d09,osm
osm:way/502882263,pitch,d21,osm
osm:way/503208134,cafe,d11,osm
osm:way/504260619,pitch,d22,osm
osm:way/504434955,pitch,d22,osm
osm:way/504434956,pitch,d22,osm
osm:way/504608977,pitch,d15,osm
osm:way/504608978,pitch,d15,osm
osm:way/504608982,pitch,d15,osm
osm:way/504992583,pitch,d22,osm
osm:way/506093089,sports_centre,d22,osm
osm:way/506270748,fitness_centre,d03,osm
osm:way/507856690,pitch,d21,osm
osm:way/507857413,pitch,d21,osm
osm:way/510760788,pitch,d22,osm
osm:way/510760789,pitch,d22,osm
osm:way/510760790,pitch,d22,osm
osm:way/514998029,pitch,d06,osm
osm:way/514998035,pitch,d06,osm
osm:way/516481320,restaurant,d21,osm
osm:way/518106868,pitch,d23,osm
osm:way/518106869,pitch,d23,osm
osm:way/518110859,pitch,d21,osm
osm:way/518111121,pitch,d21,osm
osm:way/519249156,restaurant,d22,osm
osm:way/520119672,pitch,d15,osm
osm:way/520119673,pitch,d15,osm
osm:way/520119674,pitch,d15,osm
osm:way/520119675,pitch,d15,osm
osm:way/520119676,pitch,d15,osm
osm:way/520119677,pitch,d15,osm
osm:way/520119678,pitch,d15,osm
osm:way/520119679,pitch,d15,osm
osm:way/520119680,pitch,d15,osm
osm:way/520123826,sports_centre,d15,osm
osm:way/521218910,pitch,d22,osm
osm:way/521882729,pitch,d23,osm
osm:way/521882731,pitch,d23,osm
osm:way/522244143,pitch,d22,osm
osm:way/522244144,pitch,d22,osm
osm:way/522244145,pitch,d22,osm
osm:way/522244147,pitch,d22,osm
osm:way/522244153,pitch,d22,osm
osm:way/523339516,pitch,d21,osm
osm:way/526558903,pitch,d16,osm
osm:way/527288284,pitch,d22,osm
osm:way/527288286,pitch,d22,osm
osm:way/527288947,pitch,d22,osm
osm:way/529243162,bar,d22,osm
osm:way/530899596,pitch,d02,osm
osm:way/533648108,pitch,d20,osm
osm:way/539026758,pitch,d22,osm
osm:way/539243838,pitch,d22,osm
osm:way/539243839,pitch,d22,osm
osm:way/539493141,pitch,d22,osm
osm:way/541358689,pitch,d22,osm
osm:way/541411082,pitch,d11,osm
osm:way/541413104,pitch,d11,osm
osm:way/541413112,pitch,d11,osm
osm:way/541413113,pitch,d11,osm
osm:way/541906834,pitch,d22,osm
osm:way/541906835,pitch,d22,osm
osm:way/541913613,pitch,d22,osm
osm:way/542096621,pitch,d22,osm
osm:way/542096622,pitch,d22,osm
osm:way/542939600,sports_centre,d12,osm
osm:way/544242809,pitch,d02,osm
osm:way/544242810,pitch,d02,osm
osm:way/544412455,fitness_station,d15,osm
osm:way/544579970,pitch,d16,osm
osm:way/545824066,pitch,d10,osm
osm:way/545844926,pitch,d23,osm
osm:way/545844927,pitch,d23,osm
osm:way/545844930,pitch,d23,osm
osm:way/545844933,pitch,d23,osm
osm:way/545844935,pitch,d23,osm
osm:way/545844937,pitch,d23,osm
osm:way/545844939,pitch,d23,osm
osm:way/545844942,pitch,d23,osm
osm:way/545844944,pitch,d23,osm
osm:way/547975745,pitch,d22,osm
osm:way/548204713,pitch,d08,osm
osm:way/548570038,restaurant,d22,osm
osm:way/549004122,pitch,d12,osm
osm:way/549004123,pitch,d12,osm
osm:way/550281419,pitch,d12,osm
osm:way/551247967,sports_centre,d02,osm
osm:way/551255877,pitch,d02,osm
osm:way/551255878,pitch,d02,osm
osm:way/551255879,pitch,d02,osm
osm:way/551478741,sports_centre,d02,osm
osm:way/551709041,restaurant,d18,osm
osm:way/555084262,pitch,d10,osm
osm:way/556725419,pitch,d04,osm
osm:way/561902848,pub,d10,osm
osm:way/563351735,pitch,d17,osm
osm:way/564156028,restaurant,d22,osm
osm:way/565131254,pitch,d13,osm
osm:way/568785262,pitch,d11,osm
osm:way/568785265,pitch,d11,osm
osm:way/568800201,pitch,d11,osm
osm:way/572701940,pitch,d10,osm
osm:way/577531379,pitch,d10,osm
osm:way/580403521,pitch,d11,osm
osm:way/586100026,cafe,d03,osm
osm:way/586100034,cafe,d03,osm
osm:way/586100037,restaurant,d03,osm
osm:way/586100038,cafe,d03,osm
osm:way/586719848,pitch,d23,osm
osm:way/587189002,restaurant,d03,osm
osm:way/587189006,restaurant,d03,osm
osm:way/587189026,restaurant,d03,osm
osm:way/589330974,restaurant,d11,osm
osm:way/589694190,pitch,d13,osm
osm:way/589694258,fitness_station,d13,osm
osm:way/590244359,pitch,d22,osm
osm:way/590282597,pitch,d22,osm
osm:way/591336691,pitch,d22,osm
osm:way/591400089,fitness_station,d16,osm
osm:way/595143187,pitch,d22,osm
osm:way/597521177,pitch,d10,osm
osm:way/601082279,pitch,d03,osm
osm:way/601082280,pitch,d03,osm
osm:way/604063682,pitch,d12,osm
osm:way/608438197,fitness_station,d23,osm
osm:way/610305780,pitch,d21,osm
osm:way/610305781,pitch,d21,osm
osm:way/610305782,fitness_station,d21,osm
osm:way/610434739,pitch,d21,osm
osm:way/610623255,pitch,d13,osm
osm:way/611790696,pitch,d18,osm
osm:way/613141845,pitch,d13,osm
osm:way/613147219,pitch,d22,osm
osm:way/613479355,pitch,d12,osm
osm:way/613575379,pitch,d23,osm
osm:way/613866778,pitch,d10,osm
osm:way/613920645,pitch,d22,osm
osm:way/614296741,sports_centre,d12,osm
osm:way/617487441,pitch,d10,osm
osm:way/621566982,restaurant,d21,osm
osm:way/622144059,sports_centre,d21,osm
osm:way/622144063,sports_centre,d21,osm
osm:way/623657177,pitch,d10,osm
osm:way/623725143,restaurant,d22,osm
osm:way/623725144,restaurant,d22,osm
osm:way/626295901,pitch,d10,osm
osm:way/626363581,fitness_station,d02,osm
osm:way/630903080,pitch,d22,osm
osm:way/631525645,fitness_station,d17,osm
osm:way/633610319,restaurant,d02,osm
osm:way/634958116,pitch,d16,osm
osm:way/635418905,pitch,d10,osm
osm:way/638826729,fitness_station,d02,osm
osm:way/640221709,restaurant,d14,osm
osm:way/645896845,restaurant,d14,osm
osm:way/646744480,restaurant,d14,osm
osm:way/647425730,sports_centre,d12,osm
osm:way/648740776,pitch,d15,osm
osm:way/648740788,pitch,d15,osm
osm:way/650941667,restaurant,d14,osm
osm:way/655274821,pitch,d03,osm
osm:way/663502616,pitch,d23,osm
osm:way/669100132,pitch,d14,osm
osm:way/672356553,pitch,d21,osm
osm:way/674873833,restaurant,d03,osm
osm:way/675876304,pitch,d12,osm
osm:way/675876305,pitch,d12,osm
osm:way/680854821,swimming_venue,d21,osm
osm:way/682727972,swimming_venue,d21,osm
osm:way/683999350,pitch,d21,osm
osm:way/684871847,pitch,d21,osm
osm:way/687182868,pitch,d10,osm
osm:way/687701944,pitch,d19,osm
osm:way/690891431,pitch,d02,osm
osm:way/693616345,pitch,d03,osm
osm:way/697491726,pitch,d22,osm
osm:way/698238898,pitch,d21,osm
osm:way/699964555,pitch,d22,osm
osm:way/699964556,pitch,d22,osm
osm:way/704092299,pitch,d19,osm
osm:way/704092716,fitness_station,d09,osm
osm:way/707060652,pitch,d17,osm
osm:way/707060653,pitch,d17,osm
osm:way/707060654,pitch,d17,osm
osm:way/711144244,fitness_station,d11,osm
osm:way/714022882,pitch,d09,osm
osm:way/716897886,pitch,d21,osm
osm:way/725981446,biergarten,d01,osm
osm:way/733920574,pitch,d22,osm
osm:way/734383837,pitch,d22,osm
osm:way/737007163,pitch,d10,osm
osm:way/737113245,biergarten,d22,osm
osm:way/738358435,pitch,d22,osm
osm:way/738358436,pitch,d22,osm
osm:way/739167607,restaurant,d21,osm
osm:way/741334747,pitch,d23,osm
osm:way/743588504,sports_centre,d19,osm
osm:way/757939301,pitch,d10,osm
osm:way/757939303,pitch,d10,osm
osm:way/757939304,pitch,d10,osm
osm:way/758455631,cafe,d03,osm
osm:way/760742680,pitch,d10,osm
osm:way/766643757,pitch,d23,osm
osm:way/766661510,cafe,d22,osm
osm:way/766683275,pitch,d21,osm
osm:way/782381732,pitch,d23,osm
osm:way/782381733,pitch,d23,osm
osm:way/788508343,pitch,d11,osm
osm:way/798522547,pitch,d14,osm
osm:way/798522548,pitch,d14,osm
osm:way/800012784,pitch,d17,osm
osm:way/800362317,pitch,d21,osm
osm:way/800362318,pitch,d21,osm
osm:way/800398856,pitch,d21,osm
osm:way/800538077,pitch,d03,osm
osm:way/803033960,cafe,d03,osm
osm:way/812578146,fitness_station,d09,osm
osm:way/813719814,pitch,d10,osm
osm:way/817528940,fitness_station,d07,osm
osm:way/817545515,pitch,d16,osm
osm:way/817849323,pitch,d16,osm
osm:way/817849324,pitch,d16,osm
osm:way/817849328,swimming_venue,d16,osm
osm:way/817998398,pitch,d21,osm
osm:way/819869624,restaurant,d10,osm
osm:way/821538128,pitch,d12,osm
osm:way/824604330,restaurant,d19,osm
osm:way/827824836,pitch,d16,osm
osm:way/827824837,pitch,d16,osm
osm:way/832933501,pitch,d02,osm
osm:way/833320508,pitch,d17,osm
osm:way/837950180,pitch,d05,osm
osm:way/837950181,pitch,d05,osm
osm:way/837950182,pitch,d05,osm
osm:way/844281013,pitch,d11,osm
osm:way/849474634,pitch,d16,osm
osm:way/865694194,pitch,d08,osm
osm:way/867726749,sports_centre,d17,osm
osm:way/868354201,restaurant,d19,osm
osm:way/881050979,pitch,d21,osm
osm:way/884295175,pitch,d10,osm
osm:way/888419168,pitch,d17,osm
osm:way/890233039,pitch,d17,osm
osm:way/890507958,pitch,d02,osm
osm:way/890507959,pitch,d02,osm
osm:way/890507960,pitch,d02,osm
osm:way/890507970,pitch,d02,osm
osm:way/890507971,pitch,d02,osm
osm:way/894515992,fitness_station,d14,osm
osm:way/900497656,pitch,d02,osm
osm:way/900497657,pitch,d02,osm
osm:way/900497658,pitch,d02,osm
osm:way/900497659,pitch,d02,osm
osm:way/900497660,pitch,d02,osm
osm:way/905072174,pitch,d15,osm
osm:way/905072176,pitch,d15,osm
osm:way/905072177,pitch,d15,osm
osm:way/905956215,fitness_station,d15,osm
osm:way/906669525,sports_centre,d23,osm
osm:way/906885332,pitch,d10,osm
osm:way/907142934,swimming_venue,d22,osm
osm:way/907831051,fitness_station,d11,osm
osm:way/907850813,pitch,d14,osm
osm:way/907850814,pitch,d14,osm
osm:way/909136901,pitch,d16,osm
osm:way/913153871,pitch,d03,osm
osm:way/913153873,pitch,d03,osm
osm:way/913226855,sports_centre,d13,osm
osm:way/914058537,restaurant,d23,osm
osm:way/914438838,pitch,d14,osm
osm:way/914438842,pitch,d14,osm
osm:way/914438852,pitch,d16,osm
osm:way/915492244,pitch,d22,osm
osm:way/916575702,pitch,d19,osm
osm:way/916601058,pitch,d16,osm
osm:way/916601094,pitch,d16,osm
osm:way/919238769,pitch,d11,osm
osm:way/920117715,pitch,d08,osm
osm:way/921726509,pitch,d11,osm
osm:way/921736655,pitch,d02,osm
osm:way/922502884,pitch,d12,osm
osm:way/923509148,pitch,d19,osm
osm:way/925289063,pitch,d17,osm
osm:way/925289066,pitch,d17,osm
osm:way/925813875,pitch,d17,osm
osm:way/926273061,pitch,d20,osm
osm:way/926300905,pitch,d20,osm
osm:way/926718537,pitch,d12,osm
osm:way/927739519,pitch,d13,osm
osm:way/928023650,pitch,d16,osm
osm:way/928485014,pitch,d13,osm
osm:way/929700023,pitch,d12,osm
osm:way/933997211,pitch,d22,osm
osm:way/933998413,pitch,d22,osm
osm:way/935502813,pitch,d22,osm
osm:way/938043080,pitch,d13,osm
osm:way/938819323,pitch,d12,osm
osm:way/940039888,pitch,d22,osm
osm:way/945695233,pitch,d22,osm
osm:way/945695234,pitch,d22,osm
osm:way/945695235,pitch,d22,osm
osm:way/945695242,swimming_venue,d22,osm
osm:way/947934292,pitch,d22,osm
osm:way/948209405,pitch,d21,osm
osm:way/948235632,pitch,d18,osm
osm:way/948549375,pitch,d07,osm
osm:way/948549376,pitch,d07,osm
osm:way/948842660,pitch,d14,osm
osm:way/949437331,pitch,d10,osm
osm:way/949828655,pitch,d10,osm
osm:way/951514935,pitch,d16,osm
osm:way/951980691,sports_centre,d22,osm
osm:way/952273769,pitch,d22,osm
osm:way/952273770,pitch,d22,osm
osm:way/952273771,pitch,d22,osm
osm:way/952273772,pitch,d22,osm
osm:way/952273773,pitch,d22,osm
osm:way/952273774,pitch,d22,osm
osm:way/955132407,pitch,d03,osm
osm:way/955257925,pitch,d21,osm
osm:way/955830508,pitch,d17,osm
osm:way/957423026,pitch,d10,osm
osm:way/960610836,fitness_station,d21,osm
osm:way/961900233,pitch,d10,osm
osm:way/972966425,pitch,d22,osm
osm:way/972966426,pitch,d22,osm
osm:way/977930842,pitch,d03,osm
osm:way/977930843,pitch,d03,osm
osm:way/980531706,pitch,d03,osm
osm:way/980533246,pitch,d03,osm
osm:way/980533247,pitch,d03,osm
osm:way/980533248,pitch,d03,osm
osm:way/983605201,pitch,d19,osm
osm:way/985074528,pitch,d02,osm
osm:way/985175801,pitch,d23,osm
osm:way/985502622,pitch,d15,osm
osm:way/985731069,pitch,d15,osm
osm:way/985731595,pitch,d15,osm
osm:way/985731596,pitch,d15,osm
osm:way/985731597,pitch,d15,osm
osm:way/988338531,pitch,d21,osm
osm:way/988338532,pitch,d21,osm
osm:way/988338533,pitch,d21,osm
osm:way/988338534,pitch,d21,osm
osm:way/988338535,pitch,d21,osm
osm:way/988338536,pitch,d21,osm
osm:way/988338537,pitch,d21,osm
osm:way/988338538,pitch,d21,osm
osm:way/988338539,pitch,d21,osm
osm:way/988338540,pitch,d21,osm
osm:way/988338541,pitch,d21,osm
osm:way/988338542,pitch,d21,osm
osm:way/988338543,pitch,d21,osm
osm:way/988338544,pitch,d21,osm
osm:way/988338545,pitch,d21,osm
osm:way/988338546,pitch,d21,osm
osm:way/988338547,pitch,d21,osm
osm:way/988338548,pitch,d21,osm
osm:way/988338549,pitch,d21,osm
osm:way/988338550,pitch,d21,osm
osm:way/988338551,pitch,d21,osm
osm:way/988338552,pitch,d21,osm
osm:way/988338553,pitch,d21,osm
osm:way/988338554,pitch,d21,osm
osm:way/988338555,pitch,d21,osm
osm:way/988338556,pitch,d21,osm
osm:way/988338557,pitch,d21,osm
osm:way/988338558,pitch,d21,osm
osm:way/988338559,pitch,d21,osm
osm:way/988338560,pitch,d21,osm
osm:way/988338561,pitch,d21,osm
osm:way/988338562,pitch,d21,osm
osm:way/988338563,pitch,d21,osm
osm:way/988338564,pitch,d21,osm
osm:way/988338565,pitch,d21,osm
osm:way/988338566,pitch,d21,osm
osm:way/988338567,pitch,d21,osm
osm:way/988338568,pitch,d21,osm
osm:way/988338569,pitch,d21,osm
osm:way/988338570,pitch,d21,osm
osm:way/988338571,pitch,d21,osm
osm:way/988338572,pitch,d21,osm
osm:way/988338573,pitch,d21,osm
osm:way/988338574,pitch,d21,osm
osm:way/988338575,pitch,d21,osm
osm:way/988338576,pitch,d21,osm
osm:way/988338577,pitch,d21,osm
osm:way/988338578,pitch,d21,osm
osm:way/988338579,pitch,d21,osm
osm:way/988338580,pitch,d21,osm
osm:way/988338581,pitch,d21,osm
osm:way/988338582,pitch,d21,osm
osm:way/988338583,pitch,d21,osm
osm:way/988338584,pitch,d21,osm
osm:way/988338591,pitch,d21,osm
osm:way/988338592,pitch,d21,osm
osm:way/988338593,pitch,d21,osm
osm:way/988338594,pitch,d21,osm
osm:way/988338595,pitch,d21,osm
osm:way/988338596,pitch,d21,osm
osm:way/988338597,pitch,d21,osm
osm:way/988338598,sports_centre,d21,osm
osm:way/992410336,swimming_venue,d11,osm
osm:way/992412784,swimming_venue,d05,osm
osm:way/993213104,swimming_venue,d10,osm
osm:way/993215351,swimming_venue,d19,osm
osm:way/994040272,pitch,d22,osm
osm:way/996055355,sports_centre,d11,osm
osm:way/997443086,fitness_station,d19,osm
osm:way/997991971,pitch,d10,osm
osm:way/998207857,pitch,d23,osm
osm:way/999050272,pitch,d21,osm
osm:way/999724782,pitch,d02,osm
osm:way/1000062657,pitch,d22,osm
osm:way/1000062658,pitch,d22,osm
osm:way/1001018088,pitch,d11,osm
osm:way/1001123118,cafe,d19,osm
osm:way/1001162637,pitch,d09,osm
osm:way/1001537803,pitch,d23,osm
osm:way/1003256801,pitch,d23,osm
osm:way/1003562589,pitch,d22,osm
osm:way/1003562590,pitch,d22,osm
osm:way/1004575983,pitch,d05,osm
osm:way/1004578747,pitch,d05,osm
osm:way/1004769115,pitch,d16,osm
osm:way/1005408655,pitch,d06,osm
osm:way/1005610445,pitch,d23,osm
osm:way/1006777543,pitch,d13,osm
osm:way/1006777544,pitch,d13,osm
osm:way/1006777545,pitch,d13,osm
osm:way/1006777546,pitch,d13,osm
osm:way/1006777547,pitch,d13,osm
osm:way/1006777548,pitch,d13,osm
osm:way/1009243164,pitch,d13,osm
osm:way/1009263933,pitch,d13,osm
osm:way/1009384316,pitch,d10,osm
osm:way/1011524418,pitch,d23,osm
osm:way/1011524419,pitch,d23,osm
osm:way/1012184595,sports_centre,d23,osm
osm:way/1012871572,sports_centre,d23,osm
osm:way/1013163133,pitch,d23,osm
osm:way/1013775833,restaurant,d02,osm
osm:way/1014177878,pitch,d10,osm
osm:way/1015015423,pitch,d23,osm
osm:way/1015267135,pitch,d23,osm
osm:way/1017942750,pitch,d23,osm
osm:way/1020919990,pitch,d23,osm
osm:way/1020919991,pitch,d23,osm
osm:way/1021344022,pitch,d23,osm
osm:way/1021386843,pitch,d20,osm
osm:way/1021995690,pitch,d14,osm
osm:way/1022397198,pitch,d23,osm
osm:way/1022397199,pitch,d23,osm
osm:way/1024957347,fitness_station,d23,osm
osm:way/1024976624,restaurant,d22,osm
osm:way/1025611192,pitch,d23,osm
osm:way/1026505935,pitch,d23,osm
osm:way/1026518470,pitch,d10,osm
osm:way/1028483286,pitch,d02,osm
osm:way/1030512278,pitch,d23,osm
osm:way/1031827662,pitch,d03,osm
osm:way/1036549773,sports_centre,d11,osm
osm:way/1036779360,pitch,d20,osm
osm:way/1036779362,cafe,d20,osm
osm:way/1036944131,cafe,d19,osm
osm:way/1038011853,pitch,d09,osm
osm:way/1039176696,fitness_station,d21,osm
osm:way/1039176697,fitness_station,d21,osm
osm:way/1040944729,pitch,d13,osm
osm:way/1041434378,pitch,d13,osm
osm:way/1046887156,pitch,d10,osm
osm:way/1049098969,pitch,d22,osm
osm:way/1049098970,pitch,d22,osm
osm:way/1049098971,pitch,d22,osm
osm:way/1049098972,pitch,d22,osm
osm:way/1049641048,pitch,d10,osm
osm:way/1049641075,pitch,d10,osm
osm:way/1051565434,pitch,d10,osm
osm:way/1053095147,pitch,d10,osm
osm:way/1056567962,pitch,d10,osm
osm:way/1056859047,fitness_station,d23,osm
osm:way/1056860215,pitch,d23,osm
osm:way/1058890818,pitch,d22,osm
osm:way/1059049886,swimming_venue,d02,osm
osm:way/1059984575,pitch,d21,osm
osm:way/1062465661,pitch,d23,osm
osm:way/1062529689,pitch,d02,osm
osm:way/1062532831,pitch,d02,osm
osm:way/1062532832,pitch,d02,osm
osm:way/1064987351,pitch,d22,osm
osm:way/1068479672,pitch,d09,osm
osm:way/1068479673,pitch,d09,osm
osm:way/1068479674,pitch,d09,osm
osm:way/1070361471,bar,d21,osm
osm:way/1072073388,fitness_station,d18,osm
osm:way/1078870918,pitch,d11,osm
osm:way/1080358674,pitch,d21,osm
osm:way/1087779899,pitch,d10,osm
osm:way/1087779900,pitch,d10,osm
osm:way/1087779901,pitch,d10,osm
osm:way/1087779902,pitch,d10,osm
osm:way/1087779903,pitch,d10,osm
osm:way/1087779904,pitch,d10,osm
osm:way/1087779905,pitch,d10,osm
osm:way/1087779906,pitch,d10,osm
osm:way/1087779907,pitch,d10,osm
osm:way/1087779908,pitch,d10,osm
osm:way/1087779909,pitch,d10,osm
osm:way/1087779910,pitch,d10,osm
osm:way/1087779911,pitch,d10,osm
osm:way/1087779912,pitch,d10,osm
osm:way/1087779913,pitch,d10,osm
osm:way/1087779914,pitch,d10,osm
osm:way/1087779915,pitch,d10,osm
osm:way/1087779916,pitch,d10,osm
osm:way/1087779917,pitch,d10,osm
osm:way/1087779918,pitch,d10,osm
osm:way/1087779919,pitch,d10,osm
osm:way/1087779920,pitch,d10,osm
osm:way/1087779921,pitch,d10,osm
osm:way/1087779922,pitch,d10,osm
osm:way/1087779923,pitch,d10,osm
osm:way/1087779924,pitch,d10,osm
osm:way/1087779925,pitch,d10,osm
osm:way/1087779926,pitch,d10,osm
osm:way/1087779927,pitch,d10,osm
osm:way/1087779928,pitch,d10,osm
osm:way/1087779929,pitch,d10,osm
osm:way/1087779930,pitch,d10,osm
osm:way/1087779931,pitch,d10,osm
osm:way/1087779932,pitch,d10,osm
osm:way/1087779933,pitch,d10,osm
osm:way/1087779934,pitch,d10,osm
osm:way/1089707331,pitch,d21,osm
osm:way/1089947247,sports_centre,d13,osm
osm:way/1091126635,fitness_station,d02,osm
osm:way/1092107307,pitch,d20,osm
osm:way/1092227641,pitch,d02,osm
osm:way/1092227642,pitch,d02,osm
osm:way/1092408595,pitch,d03,osm
osm:way/1092600302,sports_centre,d10,osm
osm:way/1098930015,pitch,d21,osm
osm:way/1099699923,fitness_station,d03,osm
osm:way/1100865232,pitch,d22,osm
osm:way/1102159663,pitch,d10,osm
osm:way/1102187242,pitch,d10,osm
osm:way/1102189735,restaurant,d21,osm
osm:way/1105343992,pitch,d13,osm
osm:way/1105343993,pitch,d13,osm
osm:way/1106015452,pitch,d05,osm
osm:way/1108630508,pitch,d17,osm
osm:way/1108630509,pitch,d17,osm
osm:way/1108753390,pitch,d17,osm
osm:way/1108782567,pitch,d17,osm
osm:way/1111121114,pitch,d20,osm
osm:way/1111121119,pitch,d20,osm
osm:way/1111121120,pitch,d20,osm
osm:way/1111880736,pitch,d23,osm
osm:way/1112715337,pitch,d23,osm
osm:way/1117506099,pitch,d14,osm
osm:way/1118277476,sports_centre,d22,osm
osm:way/1119209918,fitness_station,d16,osm
osm:way/1122934067,pitch,d21,osm
osm:way/1133396277,pitch,d10,osm
osm:way/1133909904,pitch,d23,osm
osm:way/1134609793,pitch,d03,osm
osm:way/1138655193,restaurant,d03,osm
osm:way/1138655194,pitch,d03,osm
osm:way/1138655197,pitch,d03,osm
osm:way/1138655213,fitness_station,d03,osm
osm:way/1148988771,pitch,d14,osm
osm:way/1150760231,pitch,d03,osm
osm:way/1153032233,restaurant,d17,osm
osm:way/1157862348,sports_centre,d19,osm
osm:way/1160623046,restaurant,d07,osm
osm:way/1164248283,pitch,d02,osm
osm:way/1164249776,pitch,d02,osm
osm:way/1164249779,pitch,d02,osm
osm:way/1165180015,restaurant,d23,osm
osm:way/1165180016,restaurant,d23,osm
osm:way/1165180017,cafe,d23,osm
osm:way/1165180018,restaurant,d23,osm
osm:way/1165180023,cafe,d23,osm
osm:way/1165180057,cafe,d23,osm
osm:way/1165180058,cafe,d23,osm
osm:way/1165481434,fitness_station,d21,osm
osm:way/1166198457,fitness_centre,d23,osm
osm:way/1166198461,cafe,d23,osm
osm:way/1168000927,swimming_venue,d23,osm
osm:way/1168001711,sports_centre,d23,osm
osm:way/1169011681,pitch,d09,osm
osm:way/1169011682,pitch,d09,osm
osm:way/1169252343,fitness_station,d03,osm
osm:way/1171512605,pitch,d12,osm
osm:way/1171512606,pitch,d12,osm
osm:way/1173117602,pitch,d07,osm
osm:way/1176747442,pitch,d13,osm
osm:way/1180629586,restaurant,d10,osm
osm:way/1181153484,pitch,d08,osm
osm:way/1181153485,pitch,d08,osm
osm:way/1181153486,pitch,d08,osm
osm:way/1181431005,pitch,d21,osm
osm:way/1181437082,pitch,d18,osm
osm:way/1181437083,pitch,d18,osm
osm:way/1181458478,pitch,d21,osm
osm:way/1185355668,pitch,d21,osm
osm:way/1185355669,pitch,d07,osm
osm:way/1185355670,pitch,d07,osm
osm:way/1185355671,pitch,d10,osm
osm:way/1185355672,pitch,d23,osm
osm:way/1185472682,pitch,d05,osm
osm:way/1185472683,pitch,d05,osm
osm:way/1186863319,pitch,d05,osm
osm:way/1187367129,pitch,d02,osm
osm:way/1190010409,pitch,d22,osm
osm:way/1190452278,fitness_station,d22,osm
osm:way/1190661581,pitch,d20,osm
osm:way/1190661584,pitch,d20,osm
osm:way/1190891098,restaurant,d21,osm
osm:way/1190891106,pitch,d20,osm
osm:way/1190891119,pitch,d21,osm
osm:way/1192483347,pitch,d21,osm
osm:way/1192483364,sports_centre,d20,osm
osm:way/1193005532,restaurant,d21,osm
osm:way/1193188770,pitch,d02,osm
osm:way/1193188776,fitness_station,d02,osm
osm:way/1193188785,pitch,d02,osm
osm:way/1193188805,pitch,d02,osm
osm:way/1193291225,restaurant,d19,osm
osm:way/1193291226,restaurant,d19,osm
osm:way/1193297513,restaurant,d19,osm
osm:way/1193325471,pitch,d02,osm
osm:way/1193325475,pitch,d02,osm
osm:way/1194471690,pitch,d21,osm
osm:way/1194471694,pitch,d21,osm
osm:way/1197762212,pitch,d03,osm
osm:way/1197762213,pitch,d03,osm
osm:way/1199514088,pitch,d21,osm
osm:way/1202586653,pitch,d02,osm
osm:way/1203262850,pitch,d21,osm
osm:way/1203262853,pitch,d21,osm
osm:way/1203262856,pitch,d21,osm
osm:way/1204253645,fitness_station,d21,osm
osm:way/1204253651,pitch,d21,osm
osm:way/1204253673,sports_centre,d21,osm
osm:way/1204253693,pitch,d21,osm
osm:way/1204720208,sports_centre,d02,osm
osm:way/1204720209,pitch,d02,osm
osm:way/1204720212,sports_centre,d02,osm
osm:way/1204720215,pitch,d02,osm
osm:way/1204720217,sports_centre,d02,osm
osm:way/1204720219,sports_centre,d02,osm
osm:way/1204720234,biergarten,d02,osm
osm:way/1204720237,pitch,d02,osm
osm:way/1204720242,restaurant,d02,osm
osm:way/1204720243,pitch,d02,osm
osm:way/1204720247,sports_centre,d02,osm
osm:way/1204720254,pitch,d02,osm
osm:way/1204720256,pitch,d02,osm
osm:way/1204731258,sports_centre,d02,osm
osm:way/1205305424,pitch,d22,osm
osm:way/1205499606,pitch,d02,osm
osm:way/1207502029,pitch,d21,osm
osm:way/1207502038,sports_centre,d21,osm
osm:way/1207502040,pitch,d21,osm
osm:way/1207502043,pitch,d21,osm
osm:way/1209339400,pitch,d23,osm
osm:way/1209339404,pitch,d23,osm
osm:way/1209339405,pitch,d23,osm
osm:way/1210144791,pitch,d15,osm
osm:way/1210144792,pitch,d15,osm
osm:way/1210144797,cafe,d07,osm
osm:way/1210568299,pitch,d02,osm
osm:way/1211260137,fitness_station,d11,osm
osm:way/1211625419,pitch,d21,osm
osm:way/1211625422,restaurant,d21,osm
osm:way/1212247946,pitch,d22,osm
osm:way/1212247959,pitch,d22,osm
osm:way/1212247962,pitch,d22,osm
osm:way/1212247972,pitch,d22,osm
osm:way/1212247975,fitness_station,d22,osm
osm:way/1212738989,fitness_station,d16,osm
osm:way/1214011056,fitness_station,d06,osm
osm:way/1214143973,fitness_centre,d07,osm
osm:way/1217436432,pitch,d10,osm
osm:way/1218549355,pitch,d22,osm
osm:way/1218761537,fitness_station,d08,osm
osm:way/1219582587,fitness_station,d02,osm
osm:way/1220057107,fitness_station,d22,osm
osm:way/1220057132,pitch,d22,osm
osm:way/1220057153,fitness_station,d22,osm
osm:way/1220057172,sports_centre,d22,osm
osm:way/1221011173,fitness_station,d21,osm
osm:way/1221011182,pitch,d22,osm
osm:way/1221356307,pitch,d22,osm
osm:way/1221983081,sports_centre,d23,osm
osm:way/1222020477,pitch,d22,osm
osm:way/1222020481,pitch,d22,osm
osm:way/1222020488,pitch,d22,osm
osm:way/1222020490,pitch,d22,osm
osm:way/1222755849,fitness_station,d21,osm
osm:way/1222837355,pitch,d03,osm
osm:way/1225024634,pitch,d03,osm
osm:way/1238025120,pitch,d19,osm
osm:way/1238292618,pitch,d22,osm
osm:way/1238958348,pitch,d10,osm
osm:way/1238958349,pitch,d10,osm
osm:way/1239338102,pitch,d22,osm
osm:way/1239338507,pitch,d22,osm
osm:way/1239338826,pitch,d22,osm
osm:way/1239339983,pitch,d22,osm
osm:way/1239339984,pitch,d22,osm
osm:way/1239339986,pitch,d22,osm
osm:way/1239339987,pitch,d22,osm
osm:way/1243330614,pitch,d02,osm
osm:way/1245316760,pitch,d02,osm
osm:way/1245316762,pitch,d02,osm
osm:way/1248644990,pitch,d22,osm
osm:way/1250083689,pitch,d10,osm
osm:way/1250342655,pitch,d23,osm
osm:way/1250342661,fitness_station,d23,osm
osm:way/1250342662,fitness_station,d23,osm
osm:way/1250507730,pitch,d16,osm
osm:way/1252174369,pitch,d03,osm
osm:way/1252553335,pitch,d10,osm
osm:way/1254590940,pitch,d05,osm
osm:way/1255401344,pitch,d22,osm
osm:way/1256866536,pitch,d02,osm
osm:way/1256866542,pitch,d02,osm
osm:way/1256991842,pitch,d02,osm
osm:way/1257116096,pitch,d15,osm
osm:way/1257116097,pitch,d15,osm
osm:way/1257116098,pitch,d15,osm
osm:way/1257116099,pitch,d15,osm
osm:way/1257116100,pitch,d15,osm
osm:way/1257116101,pitch,d15,osm
osm:way/1257116102,pitch,d15,osm
osm:way/1257116103,pitch,d15,osm
osm:way/1257116104,pitch,d15,osm
osm:way/1257116105,pitch,d15,osm
osm:way/1257116106,pitch,d15,osm
osm:way/1257116107,pitch,d15,osm
osm:way/1257116108,pitch,d15,osm
osm:way/1257116110,pitch,d15,osm
osm:way/1257116111,pitch,d15,osm
osm:way/1257116113,pitch,d15,osm
osm:way/1257116114,pitch,d15,osm
osm:way/1257116115,pitch,d15,osm
osm:way/1257116116,pitch,d15,osm
osm:way/1257116117,pitch,d15,osm
osm:way/1257116118,pitch,d15,osm
osm:way/1257177352,pitch,d10,osm
osm:way/1258746473,pitch,d16,osm
osm:way/1258746474,pitch,d16,osm
osm:way/1258746475,pitch,d16,osm
osm:way/1258746476,pitch,d16,osm
osm:way/1258746477,pitch,d16,osm
osm:way/1258746478,pitch,d16,osm
osm:way/1258746480,pitch,d16,osm
osm:way/1258746481,pitch,d16,osm
osm:way/1258746482,pitch,d16,osm
osm:way/1258746484,pitch,d19,osm
osm:way/1258746485,pitch,d19,osm
osm:way/1258746486,pitch,d19,osm
osm:way/1258746487,pitch,d19,osm
osm:way/1258746488,pitch,d19,osm
osm:way/1258746489,pitch,d19,osm
osm:way/1258746490,pitch,d19,osm
osm:way/1258746491,pitch,d19,osm
osm:way/1258746492,pitch,d19,osm
osm:way/1258746493,pitch,d19,osm
osm:way/1258746494,pitch,d19,osm
osm:way/1258746496,pitch,d21,osm
osm:way/1258746497,pitch,d21,osm
osm:way/1258746498,pitch,d21,osm
osm:way/1258746499,pitch,d21,osm
osm:way/1258746500,pitch,d21,osm
osm:way/1258746503,pitch,d21,osm
osm:way/1258746504,pitch,d21,osm
osm:way/1258746505,pitch,d21,osm
osm:way/1258746506,pitch,d21,osm
osm:way/1258746507,pitch,d21,osm
osm:way/1258746508,pitch,d21,osm
osm:way/1258747576,pitch,d22,osm
osm:way/1258747577,pitch,d22,osm
osm:way/1258747578,pitch,d22,osm
osm:way/1258747579,pitch,d22,osm
osm:way/1258747581,pitch,d22,osm
osm:way/1258747582,pitch,d22,osm
osm:way/1258747583,pitch,d22,osm
osm:way/1258817545,pitch,d21,osm
osm:way/1258817546,pitch,d21,osm
osm:way/1258817547,pitch,d21,osm
osm:way/1258817548,pitch,d21,osm
osm:way/1258817549,pitch,d21,osm
osm:way/1258817550,pitch,d21,osm
osm:way/1258817551,pitch,d21,osm
osm:way/1258817552,pitch,d21,osm
osm:way/1258817553,pitch,d21,osm
osm:way/1258817554,pitch,d21,osm
osm:way/1258817555,pitch,d21,osm
osm:way/1258817556,pitch,d21,osm
osm:way/1258817559,pitch,d21,osm
osm:way/1258817560,pitch,d21,osm
osm:way/1258817561,pitch,d21,osm
osm:way/1258817562,pitch,d21,osm
osm:way/1258817563,pitch,d21,osm
osm:way/1258817564,pitch,d21,osm
osm:way/1258817565,pitch,d21,osm
osm:way/1258817566,pitch,d21,osm
osm:way/1258817567,pitch,d21,osm
osm:way/1258817568,pitch,d21,osm
osm:way/1258824623,pitch,d22,osm
osm:way/1258824624,pitch,d22,osm
osm:way/1258824625,pitch,d22,osm
osm:way/1258824626,pitch,d22,osm
osm:way/1258824627,pitch,d22,osm
osm:way/1258824628,pitch,d22,osm
osm:way/1258824629,pitch,d22,osm
osm:way/1258824630,pitch,d22,osm
osm:way/1258824631,pitch,d22,osm
osm:way/1258824632,pitch,d22,osm
osm:way/1258824633,pitch,d22,osm
osm:way/1258824634,pitch,d22,osm
osm:way/1258824635,pitch,d22,osm
osm:way/1258824636,pitch,d22,osm
osm:way/1258824637,pitch,d22,osm
osm:way/1258824638,pitch,d22,osm
osm:way/1258824639,pitch,d22,osm
osm:way/1258824640,pitch,d22,osm
osm:way/1258824641,pitch,d22,osm
osm:way/1258824642,pitch,d22,osm
osm:way/1258824643,pitch,d22,osm
osm:way/1258824644,pitch,d22,osm
osm:way/1259082625,pitch,d10,osm
osm:way/1259082626,pitch,d10,osm
osm:way/1259082627,pitch,d10,osm
osm:way/1259082628,pitch,d10,osm
osm:way/1259083789,pitch,d22,osm
osm:way/1259083790,pitch,d22,osm
osm:way/1259083791,pitch,d22,osm
osm:way/1259083792,pitch,d22,osm
osm:way/1259083793,pitch,d22,osm
osm:way/1259083794,pitch,d22,osm
osm:way/1259083795,pitch,d22,osm
osm:way/1259083796,pitch,d22,osm
osm:way/1259083797,pitch,d22,osm
osm:way/1259083798,pitch,d22,osm
osm:way/1259083799,pitch,d22,osm
osm:way/1259083800,pitch,d22,osm
osm:way/1259086817,pitch,d10,osm
osm:way/1259086818,pitch,d10,osm
osm:way/1259086819,pitch,d10,osm
osm:way/1259086820,pitch,d10,osm
osm:way/1259086821,pitch,d10,osm
osm:way/1259086822,pitch,d10,osm
osm:way/1259086823,pitch,d10,osm
osm:way/1259086824,pitch,d10,osm
osm:way/1259086825,pitch,d10,osm
osm:way/1259086826,pitch,d10,osm
osm:way/1259086827,pitch,d10,osm
osm:way/1259090453,pitch,d13,osm
osm:way/1259090454,pitch,d13,osm
osm:way/1259090455,pitch,d13,osm
osm:way/1259090456,pitch,d13,osm
osm:way/1259090457,pitch,d13,osm
osm:way/1259090458,pitch,d13,osm
osm:way/1259090459,pitch,d13,osm
osm:way/1259090460,pitch,d13,osm
osm:way/1259090461,pitch,d13,osm
osm:way/1259115923,pitch,d21,osm
osm:way/1259115926,pitch,d21,osm
osm:way/1259115928,pitch,d21,osm
osm:way/1259115930,pitch,d21,osm
osm:way/1259165108,pitch,d23,osm
osm:way/1259165109,pitch,d23,osm
osm:way/1259165110,pitch,d23,osm
osm:way/1259165111,pitch,d23,osm
osm:way/1259165112,pitch,d23,osm
osm:way/1259165113,pitch,d23,osm
osm:way/1259165114,pitch,d23,osm
osm:way/1259171386,pitch,d02,osm
osm:way/1259171387,pitch,d02,osm
osm:way/1259171388,pitch,d02,osm
osm:way/1259171389,pitch,d02,osm
osm:way/1259171390,pitch,d02,osm
osm:way/1259171391,pitch,d02,osm
osm:way/1259171392,pitch,d02,osm
osm:way/1259171393,pitch,d02,osm
osm:way/1259171394,pitch,d02,osm
osm:way/1259171395,pitch,d02,osm
osm:way/1259171396,pitch,d02,osm
osm:way/1259171397,pitch,d02,osm
osm:way/1259171398,pitch,d02,osm
osm:way/1259171399,pitch,d02,osm
osm:way/1259171400,pitch,d02,osm
osm:way/1259171401,pitch,d02,osm
osm:way/1259171402,pitch,d02,osm
osm:way/1259171403,pitch,d02,osm
osm:way/1259171404,pitch,d02,osm
osm:way/1259171405,pitch,d02,osm
osm:way/1259171406,pitch,d02,osm
osm:way/1259171407,pitch,d02,osm
osm:way/1259171408,pitch,d02,osm
osm:way/1259171409,pitch,d02,osm
osm:way/1259171410,pitch,d02,osm
osm:way/1259171411,pitch,d02,osm
osm:way/1259171412,pitch,d02,osm
osm:way/1259171413,pitch,d02,osm
osm:way/1259171415,pitch,d02,osm
osm:way/1259171416,pitch,d02,osm
osm:way/1259171417,pitch,d02,osm
osm:way/1259171418,pitch,d02,osm
osm:way/1259171419,pitch,d02,osm
osm:way/1259171420,pitch,d02,osm
osm:way/1259171421,pitch,d02,osm
osm:way/1259171422,pitch,d02,osm
osm:way/1259171423,pitch,d02,osm
osm:way/1259171424,pitch,d02,osm
osm:way/1259171425,pitch,d02,osm
osm:way/1259171426,pitch,d02,osm
osm:way/1259171427,pitch,d02,osm
osm:way/1259171428,pitch,d02,osm
osm:way/1259171429,pitch,d02,osm
osm:way/1259171430,pitch,d02,osm
osm:way/1259171431,pitch,d02,osm
osm:way/1259171432,pitch,d02,osm
osm:way/1259171433,pitch,d02,osm
osm:way/1259171434,pitch,d02,osm
osm:way/1259171435,pitch,d02,osm
osm:way/1259171436,pitch,d02,osm
osm:way/1259172955,pitch,d02,osm
osm:way/1259172956,pitch,d02,osm
osm:way/1259172957,pitch,d02,osm
osm:way/1259773140,pitch,d22,osm
osm:way/1259773141,pitch,d22,osm
osm:way/1259773142,pitch,d22,osm
osm:way/1259773143,pitch,d22,osm
osm:way/1259773144,pitch,d22,osm
osm:way/1259773145,pitch,d22,osm
osm:way/1259773146,pitch,d22,osm
osm:way/1259773147,pitch,d22,osm
osm:way/1259773148,pitch,d21,osm
osm:way/1260639271,pitch,d02,osm
osm:way/1260639272,pitch,d02,osm
osm:way/1260639273,pitch,d02,osm
osm:way/1260639274,pitch,d02,osm
osm:way/1260639275,pitch,d02,osm
osm:way/1260639276,pitch,d02,osm
osm:way/1260639277,pitch,d02,osm
osm:way/1260639278,pitch,d02,osm
osm:way/1260639279,pitch,d02,osm
osm:way/1260639280,pitch,d02,osm
osm:way/1260639281,pitch,d02,osm
osm:way/1260639282,pitch,d02,osm
osm:way/1260639283,pitch,d02,osm
osm:way/1260639284,pitch,d02,osm
osm:way/1260639285,pitch,d02,osm
osm:way/1260639286,pitch,d02,osm
osm:way/1260639287,pitch,d02,osm
osm:way/1260639288,pitch,d02,osm
osm:way/1260639289,pitch,d02,osm
osm:way/1260639290,pitch,d02,osm
osm:way/1260688028,pitch,d17,osm
osm:way/1261805929,pitch,d19,osm
osm:way/1261805930,pitch,d19,osm
osm:way/1261805931,pitch,d19,osm
osm:way/1261805932,pitch,d19,osm
osm:way/1261805933,pitch,d19,osm
osm:way/1261805934,pitch,d19,osm
osm:way/1261805935,pitch,d19,osm
osm:way/1261805936,pitch,d19,osm
osm:way/1261995039,pitch,d22,osm
osm:way/1261995040,pitch,d22,osm
osm:way/1263494653,pitch,d09,osm
osm:way/1263494654,pitch,d09,osm
osm:way/1264509277,pitch,d09,osm
osm:way/1264910614,pitch,d22,osm
osm:way/1264910615,pitch,d22,osm
osm:way/1264910616,pitch,d22,osm
osm:way/1264910617,pitch,d22,osm
osm:way/1264910618,pitch,d22,osm
osm:way/1264910619,pitch,d22,osm
osm:way/1264910620,pitch,d22,osm
osm:way/1264910621,pitch,d22,osm
osm:way/1264910622,pitch,d22,osm
osm:way/1264910623,pitch,d22,osm
osm:way/1264918616,pitch,d03,osm
osm:way/1264918617,pitch,d03,osm
osm:way/1264918618,pitch,d03,osm
osm:way/1264918619,pitch,d03,osm
osm:way/1264918620,pitch,d03,osm
osm:way/1264918621,pitch,d03,osm
osm:way/1264918622,pitch,d03,osm
osm:way/1264918623,pitch,d03,osm
osm:way/1265197052,pitch,d22,osm
osm:way/1265197053,pitch,d22,osm
osm:way/1265197054,pitch,d22,osm
osm:way/1265197055,pitch,d22,osm
osm:way/1265197056,pitch,d22,osm
osm:way/1265197057,pitch,d22,osm
osm:way/1265197058,pitch,d22,osm
osm:way/1265454005,pitch,d11,osm
osm:way/1265869665,pitch,d22,osm
osm:way/1265869666,pitch,d22,osm
osm:way/1265869667,pitch,d22,osm
osm:way/1265869668,pitch,d22,osm
osm:way/1265869669,pitch,d22,osm
osm:way/1265869670,pitch,d22,osm
osm:way/1265869671,pitch,d22,osm
osm:way/1265869672,pitch,d22,osm
osm:way/1265869673,pitch,d22,osm
osm:way/1265871227,pitch,d21,osm
osm:way/1265891115,pitch,d14,osm
osm:way/1265891116,pitch,d14,osm
osm:way/1265891117,pitch,d14,osm
osm:way/1265891118,pitch,d14,osm
osm:way/1265891119,pitch,d14,osm
osm:way/1265893893,pitch,d14,osm
osm:way/1266614770,pitch,d14,osm
osm:way/1266614771,pitch,d14,osm
osm:way/1266614772,pitch,d14,osm
osm:way/1266614773,pitch,d14,osm
osm:way/1266614774,pitch,d14,osm
osm:way/1266614775,pitch,d14,osm
osm:way/1266614776,pitch,d14,osm
osm:way/1266614777,pitch,d14,osm
osm:way/1266614778,pitch,d14,osm
osm:way/1266614779,pitch,d14,osm
osm:way/1266614780,pitch,d14,osm
osm:way/1266614781,pitch,d14,osm
osm:way/1266614783,pitch,d14,osm
osm:way/1266614784,pitch,d14,osm
osm:way/1266614785,pitch,d14,osm
osm:way/1266772353,pitch,d23,osm
osm:way/1266772355,pitch,d23,osm
osm:way/1266772356,pitch,d23,osm
osm:way/1266774107,pitch,d13,osm
osm:way/1266774108,pitch,d13,osm
osm:way/1266774109,pitch,d13,osm
osm:way/1266774110,pitch,d13,osm
osm:way/1266774111,pitch,d13,osm
osm:way/1266774112,pitch,d13,osm
osm:way/1266774113,pitch,d13,osm
osm:way/1266774114,pitch,d13,osm
osm:way/1266774115,pitch,d13,osm
osm:way/1266774116,pitch,d13,osm
osm:way/1267053085,pitch,d09,osm
osm:way/1269073914,pitch,d19,osm
osm:way/1269876035,pitch,d19,osm
osm:way/1270198984,pitch,d19,osm
osm:way/1270198985,pitch,d19,osm
osm:way/1270198986,pitch,d19,osm
osm:way/1270198987,pitch,d19,osm
osm:way/1270198988,pitch,d19,osm
osm:way/1270198989,pitch,d19,osm
osm:way/1270198990,pitch,d19,osm
osm:way/1270198991,pitch,d19,osm
osm:way/1270198992,pitch,d19,osm
osm:way/1270198993,pitch,d19,osm
osm:way/1270198994,pitch,d19,osm
osm:way/1270457816,pitch,d16,osm
osm:way/1270457817,pitch,d16,osm
osm:way/1270457818,pitch,d16,osm
osm:way/1270457819,pitch,d16,osm
osm:way/1270592428,pitch,d03,osm
osm:way/1271273252,pitch,d21,osm
osm:way/1271273253,pitch,d21,osm
osm:way/1271273254,pitch,d21,osm
osm:way/1271273255,pitch,d21,osm
osm:way/1271273256,pitch,d21,osm
osm:way/1271273257,pitch,d21,osm
osm:way/1271273258,pitch,d21,osm
osm:way/1271273259,pitch,d21,osm
osm:way/1271273260,pitch,d21,osm
osm:way/1271274381,pitch,d19,osm
osm:way/1271274382,pitch,d19,osm
osm:way/1271274383,pitch,d19,osm
osm:way/1271274384,pitch,d19,osm
osm:way/1271277282,pitch,d21,osm
osm:way/1271277283,pitch,d21,osm
osm:way/1271277284,pitch,d21,osm
osm:way/1271277611,pitch,d21,osm
osm:way/1271277612,pitch,d21,osm
osm:way/1271277613,pitch,d21,osm
osm:way/1271281428,pitch,d23,osm
osm:way/1271281429,pitch,d23,osm
osm:way/1271281430,pitch,d23,osm
osm:way/1271281431,pitch,d23,osm
osm:way/1271281432,pitch,d23,osm
osm:way/1271281433,pitch,d23,osm
osm:way/1271281434,pitch,d23,osm
osm:way/1271281435,pitch,d23,osm
osm:way/1271281436,pitch,d23,osm
osm:way/1271281437,pitch,d23,osm
osm:way/1271281438,pitch,d23,osm
osm:way/1271281439,pitch,d23,osm
osm:way/1271283421,pitch,d23,osm
osm:way/1271283422,pitch,d23,osm
osm:way/1271495428,pitch,d23,osm
osm:way/1271495429,pitch,d23,osm
osm:way/1271495430,pitch,d23,osm
osm:way/1271495431,pitch,d23,osm
osm:way/1271495432,pitch,d23,osm
osm:way/1271495433,pitch,d23,osm
osm:way/1271495434,pitch,d23,osm
osm:way/1271495435,pitch,d23,osm
osm:way/1271495436,pitch,d23,osm
osm:way/1271495437,pitch,d23,osm
osm:way/1271495438,pitch,d23,osm
osm:way/1271495796,pitch,d10,osm
osm:way/1271495797,pitch,d10,osm
osm:way/1271495798,pitch,d10,osm
osm:way/1271495799,pitch,d10,osm
osm:way/1271495800,pitch,d10,osm
osm:way/1271496677,pitch,d10,osm
osm:way/1271496678,pitch,d10,osm
osm:way/1271496679,pitch,d10,osm
osm:way/1271496680,pitch,d10,osm
osm:way/1271496681,pitch,d10,osm
osm:way/1271496682,pitch,d10,osm
osm:way/1271496686,pitch,d10,osm
osm:way/1271496687,pitch,d10,osm
osm:way/1271503734,pitch,d03,osm
osm:way/1271503735,pitch,d03,osm
osm:way/1271503736,pitch,d03,osm
osm:way/1271503737,pitch,d03,osm
osm:way/1271503738,pitch,d03,osm
osm:way/1271503739,pitch,d03,osm
osm:way/1271503740,pitch,d03,osm
osm:way/1271503741,pitch,d03,osm
osm:way/1271503742,pitch,d03,osm
osm:way/1271503743,pitch,d03,osm
osm:way/1271503744,pitch,d03,osm
osm:way/1271503745,pitch,d03,osm
osm:way/1271503746,pitch,d03,osm
osm:way/1271503747,pitch,d03,osm
osm:way/1271503748,pitch,d03,osm
osm:way/1271503749,pitch,d03,osm
osm:way/1271503750,pitch,d03,osm
osm:way/1271503751,pitch,d03,osm
osm:way/1271503752,pitch,d03,osm
osm:way/1271504643,pitch,d04,osm
osm:way/1271504644,pitch,d04,osm
osm:way/1271712533,sports_centre,d22,osm
osm:way/1272076147,pitch,d10,osm
osm:way/1273541759,pitch,d11,osm
osm:way/1274188661,fitness_station,d15,osm
osm:way/1274512867,pitch,d11,osm
osm:way/1275192481,sports_centre,d17,osm
osm:way/1275453387,restaurant,d02,osm
osm:way/1275453388,pub,d02,osm
osm:way/1275453389,cafe,d02,osm
osm:way/1275453392,restaurant,d02,osm
osm:way/1275453395,bar,d02,osm
osm:way/1279858616,pitch,d15,osm
osm:way/1280244281,pitch,d23,osm
osm:way/1280244282,pitch,d23,osm
osm:way/1281698198,pitch,d22,osm
osm:way/1284382889,pitch,d07,osm
osm:way/1284382890,pitch,d07,osm
osm:way/1285796334,pitch,d21,osm
osm:way/1285796335,pitch,d21,osm
osm:way/1285796336,pitch,d21,osm
osm:way/1285796337,pitch,d21,osm
osm:way/1285796338,pitch,d21,osm
osm:way/1290442547,fitness_station,d22,osm
osm:way/1290442555,pitch,d22,osm
osm:way/1290494857,pitch,d21,osm
osm:way/1290495139,fitness_station,d21,osm
osm:way/1290495927,pitch,d21,osm
osm:way/1290496808,pitch,d21,osm
osm:way/1291006401,pitch,d03,osm
osm:way/1294762187,restaurant,d10,osm
osm:way/1294762188,fitness_centre,d10,osm
osm:way/1297408568,pitch,d10,osm
osm:way/1297408569,pitch,d10,osm
osm:way/1297408570,pitch,d10,osm
osm:way/1297408571,pitch,d10,osm
osm:way/1297408572,pitch,d10,osm
osm:way/1297682650,pitch,d13,osm
osm:way/1302348043,sports_centre,d16,osm
osm:way/1302348044,fitness_centre,d16,osm
osm:way/1302354759,pitch,d19,osm
osm:way/1303284565,pitch,d02,osm
osm:way/1303956714,pitch,d10,osm
osm:way/1303956715,pitch,d10,osm
osm:way/1303973266,restaurant,d04,osm
osm:way/1305581392,sports_centre,d14,osm
osm:way/1305581395,sports_centre,d14,osm
osm:way/1307913342,pitch,d01,osm
osm:way/1313914162,pitch,d21,osm
osm:way/1313914163,pitch,d21,osm
osm:way/1313914164,pitch,d21,osm
osm:way/1313914165,pitch,d21,osm
osm:way/1313914166,pitch,d21,osm
osm:way/1313914168,pitch,d21,osm
osm:way/1313914169,pitch,d21,osm
osm:way/1313914170,pitch,d21,osm
osm:way/1313914172,pitch,d21,osm
osm:way/1313914173,pitch,d21,osm
osm:way/1313914174,pitch,d21,osm
osm:way/1313914175,pitch,d21,osm
osm:way/1315363119,sports_centre,d19,osm
osm:way/1315566230,pitch,d11,osm
osm:way/1315734638,sports_centre,d17,osm
osm:way/1315737208,pitch,d17,osm
osm:way/1316321119,pitch,d02,osm
osm:way/1318199264,fitness_station,d21,osm
osm:way/1318518245,pitch,d10,osm
osm:way/1318518246,pitch,d10,osm
osm:way/1318518247,pitch,d10,osm
osm:way/1318518248,pitch,d10,osm
osm:way/1318518249,pitch,d10,osm
osm:way/1318518250,pitch,d10,osm
osm:way/1319699633,pitch,d13,osm
osm:way/1319699634,pitch,d13,osm
osm:way/1319699635,pitch,d13,osm
osm:way/1319699636,pitch,d13,osm
osm:way/1319699637,pitch,d13,osm
osm:way/1319699638,pitch,d13,osm
osm:way/1319699639,pitch,d13,osm
osm:way/1319699640,pitch,d13,osm
osm:way/1319699641,pitch,d13,osm
osm:way/1319699642,pitch,d13,osm
osm:way/1319699645,pitch,d13,osm
osm:way/1319699646,pitch,d13,osm
osm:way/1319699647,pitch,d13,osm
osm:way/1319699648,pitch,d13,osm
osm:way/1319699649,pitch,d13,osm
osm:way/1319699650,pitch,d13,osm
osm:way/1319699651,pitch,d13,osm
osm:way/1319699652,pitch,d13,osm
osm:way/1319699653,pitch,d13,osm
osm:way/1319879001,pitch,d22,osm
osm:way/1319879002,pitch,d22,osm
osm:way/1319879003,pitch,d22,osm
osm:way/1320473787,pitch,d14,osm
osm:way/1320473788,pitch,d14,osm
osm:way/1320780630,pitch,d22,osm
osm:way/1323215936,pitch,d16,osm
osm:way/1323215937,pitch,d16,osm
osm:way/1323215938,pitch,d16,osm
osm:way/1323215939,pitch,d16,osm
osm:way/1323219273,pitch,d18,osm
osm:way/1323219274,pitch,d18,osm
osm:way/1323940563,pitch,d21,osm
osm:way/1327640670,pitch,d22,osm
osm:way/1327640671,pitch,d22,osm
osm:way/1327640672,pitch,d22,osm
osm:way/1327640673,pitch,d22,osm
osm:way/1327640681,pitch,d22,osm
osm:way/1327641800,pitch,d21,osm
osm:way/1327641801,pitch,d21,osm
osm:way/1327641802,pitch,d21,osm
osm:way/1327641803,pitch,d21,osm
osm:way/1328218140,pitch,d21,osm
osm:way/1328343361,pitch,d22,osm
osm:way/1328343363,pitch,d22,osm
osm:way/1328343365,pitch,d22,osm
osm:way/1328343366,pitch,d22,osm
osm:way/1328344600,pitch,d22,osm
osm:way/1328344601,pitch,d22,osm
osm:way/1328344602,pitch,d22,osm
osm:way/1328344605,pitch,d22,osm
osm:way/1328626033,pitch,d06,osm
osm:way/1329372824,pitch,d22,osm
osm:way/1329372825,pitch,d22,osm
osm:way/1329372826,pitch,d22,osm
osm:way/1329372827,pitch,d22,osm
osm:way/1329372828,pitch,d22,osm
osm:way/1329589054,pitch,d22,osm
osm:way/1329848904,pitch,d12,osm
osm:way/1329848905,pitch,d12,osm
osm:way/1329848906,pitch,d12,osm
osm:way/1330219567,sports_centre,d14,osm
osm:way/1330250102,pitch,d13,osm
osm:way/1330758177,pitch,d11,osm
osm:way/1330758178,pitch,d11,osm
osm:way/1330758179,pitch,d11,osm
osm:way/1330758181,pitch,d11,osm
osm:way/1330758182,pitch,d11,osm
osm:way/1331248746,pitch,d23,osm
osm:way/1331959225,pitch,d10,osm
osm:way/1331959226,pitch,d10,osm
osm:way/1332100042,sports_centre,d21,osm
osm:way/1335376568,fitness_centre,d16,osm
osm:way/1337761650,pitch,d02,osm
osm:way/1339041446,pitch,d16,osm
osm:way/1339125179,pitch,d02,osm
osm:way/1339125180,pitch,d02,osm
osm:way/1339125660,pitch,d20,osm
osm:way/1339887432,restaurant,d10,osm
osm:way/1345183116,pitch,d13,osm
osm:way/1347307285,pitch,d13,osm
osm:way/1347307286,pitch,d13,osm
osm:way/1347307287,pitch,d13,osm
osm:way/1347307288,pitch,d13,osm
osm:way/1347307289,pitch,d13,osm
osm:way/1347309171,pitch,d10,osm
osm:way/1347309172,pitch,d10,osm
osm:way/1347309173,pitch,d10,osm
osm:way/1347309174,pitch,d10,osm
osm:way/1347309175,pitch,d10,osm
osm:way/1347309176,pitch,d10,osm
osm:way/1347309177,pitch,d10,osm
osm:way/1347309178,pitch,d10,osm
osm:way/1347309179,pitch,d10,osm
osm:way/1347309180,pitch,d10,osm
osm:way/1347309181,pitch,d10,osm
osm:way/1347309182,pitch,d10,osm
osm:way/1347309183,pitch,d10,osm
osm:way/1347309184,pitch,d10,osm
osm:way/1352416719,pitch,d10,osm
osm:way/1354165367,pitch,d17,osm
osm:way/1355025777,pitch,d21,osm
osm:way/1355025778,pitch,d21,osm
osm:way/1359340115,pitch,d10,osm
osm:way/1360983974,sports_centre,d14,osm
osm:way/1361819140,pitch,d23,osm
osm:way/1361819141,pitch,d23,osm
osm:way/1362051466,pitch,d22,osm
osm:way/1362051467,pitch,d22,osm
osm:way/1363171676,pitch,d21,osm
osm:way/1364101807,pitch,d10,osm
osm:way/1366042820,pitch,d20,osm
osm:way/1366042821,pitch,d20,osm
osm:way/1366042822,pitch,d20,osm
osm:way/1366042823,pitch,d20,osm
osm:way/1366042824,pitch,d20,osm
osm:way/1366042825,pitch,d20,osm
osm:way/1366042826,pitch,d20,osm
osm:way/1366042827,pitch,d20,osm
osm:way/1368123183,sports_centre,d10,osm
osm:way/1370350265,fitness_station,d13,osm
osm:way/1371682258,sports_centre,d23,osm
osm:way/1373098971,pitch,d11,osm
osm:way/1373536520,pitch,d14,osm
osm:way/1373536521,pitch,d14,osm
osm:way/1373536522,pitch,d14,osm
osm:way/1373536523,pitch,d14,osm
osm:way/1373536524,pitch,d14,osm
osm:way/1373536525,pitch,d14,osm
osm:way/1373536526,pitch,d14,osm
osm:way/1373536527,pitch,d14,osm
osm:way/1373536528,pitch,d14,osm
osm:way/1373536529,pitch,d14,osm
osm:way/1373536530,pitch,d14,osm
osm:way/1373536531,pitch,d14,osm
osm:way/1373536532,pitch,d14,osm
osm:way/1373536533,pitch,d14,osm
osm:way/1373536534,pitch,d14,osm
osm:way/1373536535,pitch,d14,osm
osm:way/1373536536,pitch,d14,osm
osm:way/1373536537,pitch,d14,osm
osm:way/1373536538,pitch,d14,osm
osm:way/1375673931,pitch,d23,osm
osm:way/1375673932,pitch,d23,osm
osm:way/1375673933,pitch,d23,osm
osm:way/1375673934,pitch,d23,osm
osm:way/1375673935,pitch,d23,osm
osm:way/1375673936,pitch,d23,osm
osm:way/1375673937,pitch,d23,osm
osm:way/1375673938,pitch,d23,osm
osm:way/1375673939,pitch,d23,osm
osm:way/1375673940,pitch,d23,osm
osm:way/1375673941,pitch,d23,osm
osm:way/1375673942,pitch,d23,osm
osm:way/1375673943,pitch,d23,osm
osm:way/1375673944,pitch,d23,osm
osm:way/1375673945,pitch,d23,osm
osm:way/1375673946,pitch,d23,osm
osm:way/1375673947,pitch,d23,osm
osm:way/1375673948,pitch,d23,osm
osm:way/1375673950,sports_centre,d23,osm
osm:way/1376869749,pitch,d11,osm
osm:way/1377305752,pitch,d13,osm
osm:way/1377305753,pitch,d13,osm
osm:way/1377305754,pitch,d13,osm
osm:way/1377305755,pitch,d13,osm
osm:way/1377305756,pitch,d13,osm
osm:way/1377305757,pitch,d13,osm
osm:way/1377305758,pitch,d13,osm
osm:way/1377305759,pitch,d13,osm
osm:way/1377305760,pitch,d13,osm
osm:way/1377305761,pitch,d13,osm
osm:way/1377305762,pitch,d13,osm
osm:way/1377305763,pitch,d13,osm
osm:way/1377305764,pitch,d13,osm
osm:way/1377305765,pitch,d13,osm
osm:way/1377305766,pitch,d13,osm
osm:way/1377305767,pitch,d13,osm
osm:way/1377305768,pitch,d13,osm
osm:way/1377305769,pitch,d13,osm
osm:way/1378723212,pitch,d21,osm
osm:way/1379087891,pitch,d16,osm
osm:way/1382137725,pitch,d11,osm
osm:way/1382317544,pitch,d11,osm
osm:way/1382766586,pitch,d09,osm
osm:way/1384035897,pitch,d10,osm
osm:way/1384035898,pitch,d10,osm
osm:way/1384398454,pitch,d11,osm
osm:way/1384398455,sports_centre,d11,osm
osm:way/1386969131,sports_centre,d22,osm
osm:way/1386969132,sports_centre,d22,osm
osm:way/1386969133,sports_centre,d22,osm
osm:way/1388388089,pitch,d17,osm
osm:way/1389159907,pitch,d17,osm
osm:way/1389744706,sports_centre,d22,osm
osm:way/1389944687,sports_centre,d03,osm
osm:way/1390652280,pitch,d02,osm
osm:way/1391385731,pitch,d22,osm
osm:way/1392149339,pitch,d14,osm
osm:way/1395532889,pitch,d02,osm
osm:way/1411599735,pitch,d21,osm
osm:way/1411599736,pitch,d21,osm
osm:way/1411599737,pitch,d21,osm
osm:way/1411599738,pitch,d21,osm
osm:way/1411599739,pitch,d21,osm
osm:way/1411599740,pitch,d21,osm
osm:way/1414249062,pitch,d22,osm
osm:way/1414249063,pitch,d22,osm
osm:way/1414301388,fitness_station,d05,osm
osm:way/1414702180,pitch,d06,osm
osm:way/1414702181,pitch,d06,osm
osm:way/1414702514,pitch,d10,osm
osm:way/1415613621,biergarten,d02,osm
osm:way/1416705610,pitch,d14,osm
osm:way/1417642103,pitch,d23,osm
osm:way/1417680697,pitch,d21,osm
osm:way/1418344990,pitch,d14,osm
osm:way/1418344991,pitch,d14,osm
osm:way/1420449804,pitch,d15,osm
osm:way/1423405199,pitch,d22,osm
osm:way/1423925954,pitch,d14,osm
osm:way/1423925955,pitch,d14,osm
osm:way/1423925956,pitch,d14,osm
osm:way/1424625688,restaurant,d07,osm
osm:way/1425669416,restaurant,d19,osm
osm:way/1425673107,restaurant,d19,osm
osm:way/1425677272,pitch,d23,osm
osm:way/1426092409,fitness_station,d23,osm
osm:way/1426092411,pitch,d23,osm
osm:way/1426698778,fitness_station,d18,osm
osm:way/1427338831,pitch,d21,osm
osm:way/1427371129,pitch,d21,osm
osm:way/1427551301,sports_centre,d21,osm
osm:way/1427726798,bar,d15,osm
osm:way/1428782031,pitch,d22,osm
osm:way/1429933783,pitch,d22,osm
osm:way/1429969822,pitch,d22,osm
osm:way/1431407256,pitch,d11,osm
osm:way/1432236247,pitch,d21,osm
osm:way/1434035137,pitch,d11,osm
osm:way/1434035138,pitch,d11,osm
osm:way/1434684417,pitch,d10,osm
osm:way/1435756769,pitch,d21,osm
osm:way/1436003452,pitch,d21,osm
osm:way/1436866538,pitch,d15,osm
osm:way/1442249776,fitness_station,d22,osm
osm:way/1442249777,restaurant,d22,osm
osm:way/1442249778,pitch,d22,osm
osm:way/1444374117,pitch,d10,osm
osm:way/1444648137,pitch,d14,osm
osm:way/1444780657,pitch,d11,osm
osm:way/1446364465,pitch,d18,osm
osm:way/1448526357,pitch,d23,osm
osm:way/1453842852,pitch,d05,osm
osm:way/1453849435,fitness_station,d06,osm
osm:way/1453853116,pitch,d06,osm
osm:way/1454191325,pitch,d10,osm
osm:way/1454191326,pitch,d10,osm
osm:way/1454191327,pitch,d10,osm
osm:way/1454191328,pitch,d10,osm
osm:way/1454191329,pitch,d10,osm
osm:way/1454191330,pitch,d10,osm
osm:way/1454191332,pitch,d10,osm
osm:way/1456980998,fitness_station,d06,osm
osm:way/1458888421,pitch,d14,osm
osm:way/1461499169,pitch,d22,osm
osm:way/1461499171,pitch,d22,osm
osm:way/1461543917,pitch,d22,osm
osm:way/1463079144,pitch,d11,osm
osm:way/1463084743,pitch,d22,osm
osm:way/1463084744,pitch,d22,osm
osm:way/1464129877,pitch,d23,osm
osm:way/1466093592,pitch,d23,osm
osm:way/1466093593,pitch,d23,osm
osm:way/1466093594,pitch,d23,osm
osm:way/1466093595,pitch,d23,osm
osm:way/1466093596,pitch,d23,osm
osm:way/1466093597,pitch,d23,osm
osm:way/1466093598,pitch,d23,osm
osm:way/1466093599,pitch,d23,osm
osm:way/1466561573,swimming_venue,d14,osm
osm:way/1469464279,pitch,d22,osm
osm:way/1469473478,nightclub,d01,osm
osm:way/1471683757,pitch,d13,osm
osm:way/1471683758,pitch,d13,osm
osm:way/1473809120,pitch,d22,osm
osm:way/1477813408,restaurant,d21,osm
osm:way/1478496304,restaurant,d15,osm
osm:way/1482240509,restaurant,d19,osm
osm:way/1482248092,restaurant,d19,osm
osm:way/1484221421,pitch,d22,osm
osm:way/1485388889,restaurant,d15,osm
osm:way/1487351217,pitch,d10,osm
osm:way/1488502018,pitch,d11,osm
osm:way/1488502021,pitch,d11,osm
osm:way/1488502022,pitch,d11,osm
osm:way/1488759443,pitch,d14,osm
osm:way/1488873353,sports_centre,d11,osm
osm:way/1489278524,pitch,d22,osm
osm:way/1490319841,fitness_station,d23,osm
osm:way/1490319842,pitch,d23,osm
osm:way/1495462094,pitch,d22,osm
osm:way/1495462095,pitch,d22,osm
osm:way/1495462096,pitch,d22,osm
osm:way/1497595569,restaurant,d21,osm
osm:way/1497757994,fitness_station,d16,osm
osm:way/1498059377,pitch,d15,osm
osm:way/1499019930,pitch,d17,osm
osm:way/1500667084,pitch,d11,osm
osm:way/1501287140,pitch,d21,osm
osm:way/1501373772,pitch,d22,osm
osm:way/1501373773,pitch,d22,osm
osm:way/1503098951,fitness_station,d02,osm
osm:way/1504086123,pitch,d23,osm
osm:way/1505475456,pitch,d21,osm
osm:way/1505475457,pitch,d21,osm
osm:way/1510974519,pitch,d18,osm
osm:way/1511443056,pitch,d21,osm
osm:way/1511443057,pitch,d21,osm
osm:way/1511443058,pitch,d21,osm
osm:way/1512519106,pitch,d22,osm
osm:way/1512718816,pitch,d08,osm
osm:way/1514439697,sports_centre,d12,osm
osm:way/1514439698,sports_centre,d12,osm
osm:way/1517046060,pitch,d22,osm
osm:way/1517351064,fitness_station,d22,osm
osm:way/1518769385,pitch,d22,osm
osm:way/1518769386,pitch,d22,osm
osm:way/1520038747,pitch,d22,osm
osm:way/1521257546,pitch,d10,osm
osm:way/1521262644,pitch,d14,osm
osm:way/1521381753,pitch,d22,osm
osm:way/1521383602,pitch,d02,osm
osm:way/1523990052,sports_centre,d02,osm
osm:way/1524720872,pitch,d11,osm
osm:way/1524764142,pitch,d10,osm
osm:way/1525873788,pitch,d17,osm
osm:way/1526235339,pitch,d10,osm
osm:way/1530879755,pitch,d11,osm
osm:way/1530879757,sports_centre,d11,osm
osm:way/1531728446,fitness_station,d10,osm
osm:way/1531728449,fitness_station,d10,osm
osm:way/1531728450,fitness_station,d10,osm
osm:way/1532999125,pitch,d22,osm
osm:way/1533852091,pitch,d22,osm
osm:way/1533852092,pitch,d22,osm
osm:way/1533852093,pitch,d22,osm
osm:way/1533852094,pitch,d22,osm
osm:way/1535473252,pitch,d02,osm
osm:way/1535473258,pitch,d02,osm
osm:way/1535474488,pitch,d22,osm
osm:way/1535476128,pitch,d22,osm
osm:way/1535476129,pitch,d22,osm
osm:way/1535476130,pitch,d22,osm
osm:way/1535476133,pitch,d22,osm
osm:way/1535587670,pitch,d03,osm
osm:way/1537486040,pitch,d23,osm
osm:way/1537486042,pitch,d23,osm
osm:way/1539739171,swimming_venue,d22,osm
osm:way/1540795198,pitch,d18,osm
osm:way/1540795203,pitch,d18,osm
osm:way/1541133800,pitch,d22,osm
osm:way/1544827494,pitch,d21,osm
osm:way/1544852039,pitch,d09,osm
osm:way/1544852047,pitch,d09,osm
osm:way/1544852054,pitch,d09,osm
osm:way/1546722271,pitch,d22,osm
osm:way/1546722272,pitch,d22,osm
osm:way/1546757352,fitness_station,d18,osm
osm:way/1547399589,fitness_station,d14,osm
osm:way/1548198463,pitch,d23,osm
osm:way/1548198464,pitch,d23,osm
osm:way/1548201161,sports_centre,d23,osm
osm:way/1548630634,pitch,d22,osm
osm:way/1548631319,pitch,d09,osm
osm:way/1549339215,pitch,d10,osm
osm:way/1550506526,pitch,d13,osm
osm:way/1550823661,pitch,d10,osm
osm:way/1550823662,pitch,d10,osm
osm:way/1550823663,pitch,d10,osm
osm:way/1551742289,pitch,d13,osm
osm:way/1557193046,pitch,d23,osm
osm:way/1559276233,pitch,d02,osm
osm:way/1559276235,pitch,d02,osm
osm:way/1559276236,pitch,d02,osm
osm:way/1560095022,pitch,d18,osm
osm:way/1561391045,pitch,d22,osm
osm:way/1561391046,pitch,d22,osm
osm:way/1561391052,pitch,d22,osm
osm:way/1561679756,pitch,d21,osm
osm:way/1561679757,pitch,d21,osm
osm:relation/2133746,restaurant,d19,osm
osm:relation/2742816,pitch,d04,osm
osm:relation/2759243,sports_centre,d12,osm
osm:relation/2907986,sports_centre,d15,osm
osm:relation/3958082,sports_centre,d19,osm
osm:relation/4042512,sports_centre,d17,osm
osm:relation/4116663,sports_centre,d18,osm
osm:relation/5460322,restaurant,d22,osm
osm:relation/5813216,restaurant,d04,osm
osm:relation/6802681,sports_centre,d15,osm
osm:relation/6858867,pitch,d23,osm
osm:relation/8287004,cafe,d03,osm
osm:relation/10082711,pitch,d21,osm
osm:relation/12426134,pitch,d22,osm
osm:relation/15442822,pitch,d22,osm
osm:relation/16005008,restaurant,d03,osm
osm:relation/17231736,sports_centre,d19,osm
osm:relation/19277251,pitch,d14,osm
osm:relation/19950571,sports_centre,d06,osm
osm:relation/20709928,fitness_station,d22,osm
osm:relation/21022415,pitch,d10,osm
