wfs:PARKINFOOGD.3855694,d11
wfs:PARKINFOOGD.3855695,d11
wfs:PARKINFOOGD.3855696,d11
wfs:PARKINFOOGD.3855697,d11
wfs:PARKINFOOGD.3855698,d11
wfs:PARKINFOOGD.3855699,d11
wfs:PARKINFOOGD.3855700,d11
wfs:PARKINFOOGD.3855701,d11
wfs:PARKINFOOGD.3855702,d11
wfs:PARKINFOOGD.3855703,d11
wfs:PARKINFOOGD.3855704,d11
wfs:PARKINFOOGD.3855705,d11
wfs:PARKINFOOGD.3855706,d13
wfs:PARKINFOOGD.3855707,d15
wfs:PARKINFOOGD.3855708,d22
wfs:PARKINFOOGD.3855709,d02
wfs:PARKINFOOGD.3855710,d02
wfs:PARKINFOOGD.3855711,d19
wfs:PARKINFOOGD.3855712,d22
wfs:PARKINFOOGD.3855713,d03
wfs:PARKINFOOGD.3855714,d15
wfs:PARKINFOOGD.3855715,d15
wfs:PARKINFOOGD.3855716,d15
wfs:PARKINFOOGD.3855717,d17
wfs:PARKINFOOGD.3855718,d17
wfs:PARKINFOOGD.3855719,d17
wfs:PARKINFOOGD.3855720,d17
wfs:PARKINFOOGD.3855721,d17
wfs:PARKINFOOGD.3855722,d17
wfs:PARKINFOOGD.3855723,d17
wfs:PARKINFOOGD.3855724,d23
wfs:PARKINFOOGD.3855725,d23
wfs:PARKINFOOGD.3855726,d02
wfs:PARKINFOOGD.3855727,d23
wfs:PARKINFOOGD.3855728,d23
wfs:PARKINFOOGD.3855729,d23
wfs:PARKINFOOGD.3855730,d23
wfs:PARKINFOOGD.3855731,d23
wfs:PARKINFOOGD.3855732,d23
wfs:PARKINFOOGD.3855733,d11
wfs:PARKINFOOGD.3855734,d23
wfs:PARKINFOOGD.3855735,d23
wfs:PARKINFOOGD.3855736,d23
wfs:PARKINFOOGD.3855737,d23
wfs:PARKINFOOGD.3855738,d23
wfs:PARKINFOOGD.3855739,d23
wfs:PARKINFOOGD.3855740,d23
wfs:PARKINFOOGD.3855741,d23
wfs:PARKINFOOGD.3855742,d08
wfs:PARKINFOOGD.3855743,d08
wfs:PARKINFOOGD.3855744,d04
wfs:PARKINFOOGD.3855745,d03
wfs:PARKINFOOGD.3855746,d03
wfs:PARKINFOOGD.3855747,d22
wfs:PARKINFOOGD.3855748,d01
wfs:PARKINFOOGD.3855749,d01
wfs:PARKINFOOGD.3855750,d07
wfs:PARKINFOOGD.3855751,d05
wfs:PARKINFOOGD.3855752,d08
wfs:PARKINFOOGD.3855753,d23
wfs:PARKINFOOGD.3855754,d23
wfs:PARKINFOOGD.3855755,d22
wfs:PARKINFOOGD.3855756,d21
wfs:PARKINFOOGD.3855757,d21
wfs:PARKINFOOGD.3855758,d19
wfs:PARKINFOOGD.3855759,d17
wfs:PARKINFOOGD.3855794,d14
wfs:PARKINFOOGD.3855795,d14
wfs:PARKINFOOGD.3855796,d13
wfs:PARKINFOOGD.3855797,d13
wfs:PARKINFOOGD.3855798,d13
wfs:PARKINFOOGD.3855799,d13
wfs:PARKINFOOGD.3855800,d13
wfs:PARKINFOOGD.3855801,d02
wfs:PARKINFOOGD.3855802,d02
wfs:PARKINFOOGD.3855803,d02
wfs:PARKINFOOGD.3855804,d14
wfs:PARKINFOOGD.3855805,d02
wfs:PARKINFOOGD.3855806,d02
wfs:PARKINFOOGD.3855807,d11
wfs:PARKINFOOGD.3855808,d12
wfs:PARKINFOOGD.3855809,d01
wfs:PARKINFOOGD.3855810,d02
wfs:PARKINFOOGD.3855811,d02
wfs:PARKINFOOGD.3855812,d02
wfs:PARKINFOOGD.3855813,d02
wfs:PARKINFOOGD.3855814,d02
wfs:PARKINFOOGD.3855815,d02
wfs:PARKINFOOGD.3855816,d11
wfs:PARKINFOOGD.3855817,d11
wfs:PARKINFOOGD.3855818,d13
wfs:PARKINFOOGD.3855819,d13
wfs:PARKINFOOGD.3855820,d13
wfs:PARKINFOOGD.3855821,d13
wfs:PARKINFOOGD.3855822,d12
wfs:PARKINFOOGD.3855823,d12
wfs:PARKINFOOGD.3855824,d12
wfs:PARKINFOOGD.3855825,d12
wfs:PARKINFOOGD.3855826,d12
wfs:PARKINFOOGD.3855827,d12
wfs:PARKINFOOGD.3855828,d12
wfs:PARKINFOOGD.3855829,d12
wfs:PARKINFOOGD.3855830,d12
wfs:PARKINFOOGD.3855831,d12
wfs:PARKINFOOGD.3855832,d12
wfs:PARKINFOOGD.3855833,d12
wfs:PARKINFOOGD.3855834,d13
wfs:PARKINFOOGD.3855835,d12
wfs:PARKINFOOGD.3855836,d13
wfs:PARKINFOOGD.3855837,d13
wfs:PARKINFOOGD.3855838,d13
wfs:PARKINFOOGD.3855839,d13
wfs:PARKINFOOGD.3855840,d13
wfs:PARKINFOOGD.3855841,d13
wfs:PARKINFOOGD.3855842,d13
wfs:PARKINFOOGD.3855843,d13
wfs:PARKINFOOGD.3855844,d13
wfs:PARKINFOOGD.3855845,d13
wfs:PARKINFOOGD.3855846,d13
wfs:PARKINFOOGD.3855847,d13
wfs:PARKINFOOGD.3855848,d13
wfs:PARKINFOOGD.3855849,d13
wfs:PARKINFOOGD.3855850,d13
wfs:PARKINFOOGD.3855851,d13
wfs:PARKINFOOGD.3855852,d13
wfs:PARKINFOOGD.3855853,d13
wfs:PARKINFOOGD.3855854,d13
wfs:PARKINFOOGD.3855855,d13
wfs:PARKINFOOGD.3855856,d13
wfs:PARKINFOOGD.3855857,d15
wfs:PARKINFOOGD.3855858,d14
wfs:PARKINFOOGD.3855859,d14
wfs:PARKINFOOGD.3855860,d14
wfs:PARKINFOOGD.3855861,d14
wfs:PARKINFOOGD.3855862,d14
wfs:PARKINFOOGD.3855863,d14
wfs:PARKINFOOGD.3855864,d14
wfs:PARKINFOOGD.3855865,d14
wfs:PARKINFOOGD.3855866,d14
wfs:PARKINFOOGD.3855867,d15
wfs:PARKINFOOGD.3855868,d15
wfs:PARKINFOOGD.3855869,d15
wfs:PARKINFOOGD.3855870,d20
wfs:PARKINFOOGD.3855871,d20
wfs:PARKINFOOGD.3855872,d21
wfs:PARKINFOOGD.3855873,d21
wfs:PARKINFOOGD.3855874,d21
wfs:PARKINFOOGD.3855875,d21
wfs:PARKINFOOGD.3855876,d21
wfs:PARKINFOOGD.3855877,d21
wfs:PARKINFOOGD.3855878,d21
wfs:PARKINFOOGD.3855879,d21
wfs:PARKINFOOGD.3855880,d21
wfs:PARKINFOOGD.3855881,d21
wfs:PARKINFOOGD.3855882,d21
wfs:PARKINFOOGD.3855883,d21
wfs:PARKINFOOGD.3855884,d22
wfs:PARKINFOOGD.3855885,d22
wfs:PARKINFOOGD.3855886,d22
wfs:PARKINFOOGD.3855887,d22
wfs:PARKINFOOGD.3855888,d22
wfs:PARKINFOOGD.3855889,d22
wfs:PARKINFOOGD.3855890,d22
wfs:PARKINFOOGD.3855891,d22
wfs:PARKINFOOGD.3855892,d21
wfs:PARKINFOOGD.3855893,d21
wfs:PARKINFOOGD.3855894,d21
wfs:PARKINFOOGD.3855895,d21
wfs:PARKINFOOGD.3855896,d21
wfs:PARKINFOOGD.3855897,d21
wfs:PARKINFOOGD.3855898,d21
wfs:PARKINFOOGD.3855899,d21
wfs:PARKINFOOGD.3855900,d21
wfs:PARKINFOOGD.3855901,d21
wfs:PARKINFOOGD.3855902,d22
wfs:PARKINFOOGD.3855903,d22
wfs:PARKINFOOGD.3855904,d22
wfs:PARKINFOOGD.3855905,d22
wfs:PARKINFOOGD.3855906,d22
wfs:PARKINFOOGD.3855907,d22
wfs:PARKINFOOGD.3855908,d22
wfs:PARKINFOOGD.3855909,d22
wfs:PARKINFOOGD.3855910,d22
wfs:PARKINFOOGD.3855911,d22
wfs:PARKINFOOGD.3855912,d22
wfs:PARKINFOOGD.3855913,d22
wfs:PARKINFOOGD.3855914,d22
wfs:PARKINFOOGD.3855915,d22
wfs:PARKINFOOGD.3855916,d22
wfs:PARKINFOOGD.3855917,d22
wfs:PARKINFOOGD.3855918,d23
wfs:PARKINFOOGD.3855919,d23
wfs:PARKINFOOGD.3855920,d23
wfs:PARKINFOOGD.3855921,d23
wfs:PARKINFOOGD.3855922,d23
wfs:PARKINFOOGD.3855923,d23
wfs:PARKINFOOGD.3855924,d23
wfs:PARKINFOOGD.3855925,d23
wfs:PARKINFOOGD.3855926,d23
wfs:PARKINFOOGD.3855761,d14
wfs:PARKINFOOGD.3855762,d12
wfs:PARKINFOOGD.3855763,d10
wfs:PARKINFOOGD.3855764,d10
wfs:PARKINFOOGD.3855765,d09
wfs:PARKINFOOGD.3855766,d09
wfs:PARKINFOOGD.3855767,d08
wfs:PARKINFOOGD.3855768,d02
wfs:PARKINFOOGD.3855769,d04
wfs:PARKINFOOGD.3855770,d02
wfs:PARKINFOOGD.3855771,d01
wfs:PARKINFOOGD.3855772,d22
wfs:PARKINFOOGD.3855773,d22
wfs:PARKINFOOGD.3855774,d21
wfs:PARKINFOOGD.3855775,d17
wfs:PARKINFOOGD.3855776,d23
wfs:PARKINFOOGD.3855777,d21
wfs:PARKINFOOGD.3855778,d17
wfs:PARKINFOOGD.3855779,d13
wfs:PARKINFOOGD.3855780,d03
wfs:PARKINFOOGD.3855781,d22
wfs:PARKINFOOGD.3855782,d12
wfs:PARKINFOOGD.3855783,d11
wfs:PARKINFOOGD.3855784,d11
wfs:PARKINFOOGD.3855785,d11
wfs:PARKINFOOGD.3855786,d10
wfs:PARKINFOOGD.3855787,d10
wfs:PARKINFOOGD.3855788,d10
wfs:PARKINFOOGD.3855789,d10
wfs:PARKINFOOGD.3855790,d10
wfs:PARKINFOOGD.3855760,d14
wfs:PARKINFOOGD.3855791,d10
wfs:PARKINFOOGD.3855792,d10
wfs:PARKINFOOGD.3855793,d09
wfs:PARKINFOOGD.3853743,d02
wfs:PARKINFOOGD.3853744,d22
wfs:PARKINFOOGD.3855505,d09
wfs:PARKINFOOGD.3855506,d09
wfs:PARKINFOOGD.3855507,d01
wfs:PARKINFOOGD.3855508,d07
wfs:PARKINFOOGD.3855509,d22
wfs:PARKINFOOGD.3855510,d21
wfs:PARKINFOOGD.3855511,d21
wfs:PARKINFOOGD.3855512,d22
wfs:PARKINFOOGD.3855513,d22
wfs:PARKINFOOGD.3855514,d12
wfs:PARKINFOOGD.3855515,d02
wfs:PARKINFOOGD.3855516,d14
wfs:PARKINFOOGD.3855517,d14
wfs:PARKINFOOGD.3855518,d14
wfs:PARKINFOOGD.3855519,d14
wfs:PARKINFOOGD.3855520,d02
wfs:PARKINFOOGD.3855521,d02
wfs:PARKINFOOGD.3855522,d02
wfs:PARKINFOOGD.3855523,d01
wfs:PARKINFOOGD.3855524,d01
wfs:PARKINFOOGD.3855525,d01
wfs:PARKINFOOGD.3855526,d01
wfs:PARKINFOOGD.3855527,d04
wfs:PARKINFOOGD.3855528,d04
wfs:PARKINFOOGD.3855529,d04
wfs:PARKINFOOGD.3855530,d03
wfs:PARKINFOOGD.3855531,d03
wfs:PARKINFOOGD.3855532,d03
wfs:PARKINFOOGD.3855533,d03
wfs:PARKINFOOGD.3855534,d03
wfs:PARKINFOOGD.3855535,d03
wfs:PARKINFOOGD.3855536,d03
wfs:PARKINFOOGD.3855537,d03
wfs:PARKINFOOGD.3855538,d03
wfs:PARKINFOOGD.3855539,d03
wfs:PARKINFOOGD.3855540,d03
wfs:PARKINFOOGD.3855541,d03
wfs:PARKINFOOGD.3855542,d06
wfs:PARKINFOOGD.3855543,d06
wfs:PARKINFOOGD.3855544,d06
wfs:PARKINFOOGD.3855545,d14
wfs:PARKINFOOGD.3855546,d14
wfs:PARKINFOOGD.3855547,d14
wfs:PARKINFOOGD.3855548,d16
wfs:PARKINFOOGD.3855549,d16
wfs:PARKINFOOGD.3855550,d16
wfs:PARKINFOOGD.3855551,d16
wfs:PARKINFOOGD.3855552,d16
wfs:PARKINFOOGD.3855553,d16
wfs:PARKINFOOGD.3855554,d16
wfs:PARKINFOOGD.3855555,d16
wfs:PARKINFOOGD.3855556,d15
wfs:PARKINFOOGD.3855557,d15
wfs:PARKINFOOGD.3855558,d15
wfs:PARKINFOOGD.3855559,d15
wfs:PARKINFOOGD.3855560,d15
wfs:PARKINFOOGD.3855561,d15
wfs:PARKINFOOGD.3855562,d15
wfs:PARKINFOOGD.3855563,d17
wfs:PARKINFOOGD.3855564,d17
wfs:PARKINFOOGD.3855565,d16
wfs:PARKINFOOGD.3855566,d16
wfs:PARKINFOOGD.3855567,d16
wfs:PARKINFOOGD.3855568,d15
wfs:PARKINFOOGD.3855569,d16
wfs:PARKINFOOGD.3855570,d16
wfs:PARKINFOOGD.3855571,d12
wfs:PARKINFOOGD.3855572,d02
wfs:PARKINFOOGD.3855573,d02
wfs:PARKINFOOGD.3855574,d21
wfs:PARKINFOOGD.3855575,d19
wfs:PARKINFOOGD.3855576,d10
wfs:PARKINFOOGD.3855577,d15
wfs:PARKINFOOGD.3855578,d23
wfs:PARKINFOOGD.3855579,d19
wfs:PARKINFOOGD.3855580,d19
wfs:PARKINFOOGD.3855581,d23
wfs:PARKINFOOGD.3855582,d10
wfs:PARKINFOOGD.3855583,d13
wfs:PARKINFOOGD.3855584,d10
wfs:PARKINFOOGD.3855585,d21
wfs:PARKINFOOGD.3855586,d21
wfs:PARKINFOOGD.3855587,d22
wfs:PARKINFOOGD.3855588,d14
wfs:PARKINFOOGD.3855589,d14
wfs:PARKINFOOGD.3855590,d22
wfs:PARKINFOOGD.3855591,d22
wfs:PARKINFOOGD.3855592,d05
wfs:PARKINFOOGD.3855593,d21
wfs:PARKINFOOGD.3855594,d07
wfs:PARKINFOOGD.3855595,d22
wfs:PARKINFOOGD.3855596,d11
wfs:PARKINFOOGD.3855597,d19
wfs:PARKINFOOGD.3855598,d14
wfs:PARKINFOOGD.3855599,d16
wfs:PARKINFOOGD.3855600,d22
wfs:PARKINFOOGD.3855601,d15
wfs:PARKINFOOGD.3855602,d04
wfs:PARKINFOOGD.3855603,d01
wfs:PARKINFOOGD.3855604,d23
wfs:PARKINFOOGD.3855605,d12
wfs:PARKINFOOGD.3855606,d21
wfs:PARKINFOOGD.3855607,d02
wfs:PARKINFOOGD.3855608,d16
wfs:PARKINFOOGD.3855609,d22
wfs:PARKINFOOGD.3855610,d19
wfs:PARKINFOOGD.3855611,d11
wfs:PARKINFOOGD.3855612,d11
wfs:PARKINFOOGD.3855613,d10
wfs:PARKINFOOGD.3855614,d11
wfs:PARKINFOOGD.3855615,d11
wfs:PARKINFOOGD.3855616,d09
wfs:PARKINFOOGD.3855617,d03
wfs:PARKINFOOGD.3855618,d19
wfs:PARKINFOOGD.3855619,d21
wfs:PARKINFOOGD.3855620,d18
wfs:PARKINFOOGD.3855621,d16
wfs:PARKINFOOGD.3855622,d19
wfs:PARKINFOOGD.3855623,d19
wfs:PARKINFOOGD.3855624,d19
wfs:PARKINFOOGD.3855625,d19
wfs:PARKINFOOGD.3855626,d04
wfs:PARKINFOOGD.3855627,d18
wfs:PARKINFOOGD.3855628,d18
wfs:PARKINFOOGD.3855629,d03
wfs:PARKINFOOGD.3855630,d22
wfs:PARKINFOOGD.3855631,d22
wfs:PARKINFOOGD.3855632,d10
wfs:PARKINFOOGD.3855633,d10
wfs:PARKINFOOGD.3855634,d04
wfs:PARKINFOOGD.3855635,d02
wfs:PARKINFOOGD.3855636,d02
wfs:PARKINFOOGD.3855637,d02
wfs:PARKINFOOGD.3855638,d05
wfs:PARKINFOOGD.3855639,d23
wfs:PARKINFOOGD.3855640,d02
wfs:PARKINFOOGD.3855641,d02
wfs:PARKINFOOGD.3855642,d02
wfs:PARKINFOOGD.3855643,d02
wfs:PARKINFOOGD.3855644,d02
wfs:PARKINFOOGD.3855645,d02
wfs:PARKINFOOGD.3855646,d05
wfs:PARKINFOOGD.3855647,d05
wfs:PARKINFOOGD.3855648,d05
wfs:PARKINFOOGD.3855649,d05
wfs:PARKINFOOGD.3855650,d05
wfs:PARKINFOOGD.3855651,d05
wfs:PARKINFOOGD.3855652,d05
wfs:PARKINFOOGD.3855653,d05
wfs:PARKINFOOGD.3855654,d04
wfs:PARKINFOOGD.3855655,d10
wfs:PARKINFOOGD.3855656,d09
wfs:PARKINFOOGD.3855657,d08
wfs:PARKINFOOGD.3855658,d08
wfs:PARKINFOOGD.3855659,d08
wfs:PARKINFOOGD.3855660,d06
wfs:PARKINFOOGD.3855661,d06
wfs:PARKINFOOGD.3855662,d06
wfs:PARKINFOOGD.3855663,d10
wfs:PARKINFOOGD.3855664,d10
wfs:PARKINFOOGD.3855665,d10
wfs:PARKINFOOGD.3855666,d10
wfs:PARKINFOOGD.3855667,d10
wfs:PARKINFOOGD.3855668,d10
wfs:PARKINFOOGD.3855669,d11
wfs:PARKINFOOGD.3855670,d11
wfs:PARKINFOOGD.3855671,d11
wfs:PARKINFOOGD.3855672,d11
wfs:PARKINFOOGD.3855673,d11
wfs:PARKINFOOGD.3855674,d11
wfs:PARKINFOOGD.3855675,d11
wfs:PARKINFOOGD.3855676,d10
wfs:PARKINFOOGD.3855677,d10
wfs:PARKINFOOGD.3855678,d10
wfs:PARKINFOOGD.3855679,d10
wfs:PARKINFOOGD.3855680,d10
wfs:PARKINFOOGD.3855681,d10
wfs:PARKINFOOGD.3855682,d10
wfs:PARKINFOOGD.3855683,d10
wfs:PARKINFOOGD.3855684,d10
wfs:PARKINFOOGD.3855685,d10
wfs:PARKINFOOGD.3855686,d10
wfs:PARKINFOOGD.3855687,d12
wfs:PARKINFOOGD.3855688,d12
wfs:PARKINFOOGD.3855689,d12
wfs:PARKINFOOGD.3855690,d12
wfs:PARKINFOOGD.3855691,d12
wfs:PARKINFOOGD.3855692,d12
wfs:PARKINFOOGD.3855693,d11
wfs:PARKINFOOGD.3856158,d10
wfs:PARKINFOOGD.3856159,d10
wfs:PARKINFOOGD.3856160,d15
wfs:PARKINFOOGD.3856161,d23
wfs:PARKINFOOGD.3856162,d23
wfs:PARKINFOOGD.3856163,d22
wfs:PARKINFOOGD.3856164,d09
wfs:PARKINFOOGD.3856165,d10
wfs:PARKINFOOGD.3856166,d10
wfs:PARKINFOOGD.3856167,d12
wfs:PARKINFOOGD.3856168,d13
wfs:PARKINFOOGD.3856169,d13
wfs:PARKINFOOGD.3856170,d13
wfs:PARKINFOOGD.3856171,d14
wfs:PARKINFOOGD.3856172,d14
wfs:PARKINFOOGD.3856173,d21
wfs:PARKINFOOGD.3856174,d21
wfs:PARKINFOOGD.3856175,d11
wfs:PARKINFOOGD.3856176,d21
wfs:PARKINFOOGD.3856177,d22
wfs:PARKINFOOGD.3856178,d22
wfs:PARKINFOOGD.3856179,d22
wfs:PARKINFOOGD.3856180,d23
wfs:PARKINFOOGD.3856181,d23
wfs:PARKINFOOGD.3856182,d12
wfs:PARKINFOOGD.3856183,d12
wfs:PARKINFOOGD.3856184,d17
wfs:PARKINFOOGD.3856185,d21
wfs:PARKINFOOGD.3856186,d20
wfs:PARKINFOOGD.3856187,d02
wfs:PARKINFOOGD.3856188,d02
wfs:PARKINFOOGD.3856189,d02
wfs:PARKINFOOGD.3856190,d02
wfs:PARKINFOOGD.3856355,d10
wfs:PARKINFOOGD.3856356,d12
wfs:PARKINFOOGD.3856357,d05
wfs:PARKINFOOGD.3856358,d03
wfs:PARKINFOOGD.3856359,d03
wfs:PARKINFOOGD.3856360,d12
wfs:PARKINFOOGD.3856361,d15
wfs:PARKINFOOGD.3856362,d23
wfs:PARKINFOOGD.3856363,d05
wfs:PARKINFOOGD.3856364,d01
wfs:PARKINFOOGD.3856365,d03
wfs:PARKINFOOGD.3856366,d01
wfs:PARKINFOOGD.3856367,d14
wfs:PARKINFOOGD.3856368,d07
wfs:PARKINFOOGD.3856369,d14
wfs:PARKINFOOGD.3856370,d16
wfs:PARKINFOOGD.3856371,d16
wfs:PARKINFOOGD.3856372,d10
wfs:PARKINFOOGD.3856373,d10
wfs:PARKINFOOGD.3856374,d10
wfs:PARKINFOOGD.3856375,d10
wfs:PARKINFOOGD.3856376,d22
wfs:PARKINFOOGD.3856377,d09
wfs:PARKINFOOGD.3856378,d10
wfs:PARKINFOOGD.3856379,d18
wfs:PARKINFOOGD.3856380,d17
wfs:PARKINFOOGD.3856381,d15
wfs:PARKINFOOGD.3856382,d17
wfs:PARKINFOOGD.3856383,d16
wfs:PARKINFOOGD.3856384,d09
wfs:PARKINFOOGD.3856385,d07
wfs:PARKINFOOGD.3856418,d18
wfs:PARKINFOOGD.3856419,d21
wfs:PARKINFOOGD.3856420,d16
wfs:PARKINFOOGD.3856421,d16
wfs:PARKINFOOGD.3856422,d16
wfs:PARKINFOOGD.3856423,d22
wfs:PARKINFOOGD.3856424,d03
wfs:PARKINFOOGD.3856425,d23
wfs:PARKINFOOGD.3856426,d09
wfs:PARKINFOOGD.3856427,d14
wfs:PARKINFOOGD.3856428,d14
wfs:PARKINFOOGD.3856429,d23
wfs:PARKINFOOGD.3856430,d23
wfs:PARKINFOOGD.3856431,d22
wfs:PARKINFOOGD.3856432,d21
wfs:PARKINFOOGD.3856433,d21
wfs:PARKINFOOGD.3856434,d16
wfs:PARKINFOOGD.3856435,d07
wfs:PARKINFOOGD.3856436,d12
wfs:PARKINFOOGD.3856437,d12
wfs:PARKINFOOGD.3856438,d22
wfs:PARKINFOOGD.3856439,d13
wfs:PARKINFOOGD.3856440,d09
wfs:PARKINFOOGD.3856441,d09
wfs:PARKINFOOGD.3856442,d13
wfs:PARKINFOOGD.3856443,d23
wfs:PARKINFOOGD.3856444,d14
wfs:PARKINFOOGD.3856445,d03
wfs:PARKINFOOGD.3856446,d19
wfs:PARKINFOOGD.3856447,d15
wfs:PARKINFOOGD.3856448,d15
wfs:PARKINFOOGD.3856449,d22
wfs:PARKINFOOGD.3856450,d08
wfs:PARKINFOOGD.3856451,d07
wfs:PARKINFOOGD.3856452,d21
wfs:PARKINFOOGD.3856453,d23
wfs:PARKINFOOGD.3856454,d11
wfs:PARKINFOOGD.3856455,d22
wfs:PARKINFOOGD.3856456,d22
wfs:PARKINFOOGD.3856457,d16
wfs:PARKINFOOGD.3856458,d09
wfs:PARKINFOOGD.3856459,d16
wfs:PARKINFOOGD.3856460,d10
wfs:PARKINFOOGD.3856461,d22
wfs:PARKINFOOGD.3856462,d10
wfs:PARKINFOOGD.3856463,d22
wfs:PARKINFOOGD.3856464,d22
wfs:PARKINFOOGD.3856465,d18
wfs:PARKINFOOGD.3856466,d22
wfs:PARKINFOOGD.3856467,d08
wfs:PARKINFOOGD.3856468,d01
wfs:PARKINFOOGD.3856469,d18
wfs:PARKINFOOGD.3856470,d06
wfs:PARKINFOOGD.3856471,d09
wfs:PARKINFOOGD.3856472,d22
wfs:PARKINFOOGD.3856473,d22
wfs:PARKINFOOGD.3856474,d22
wfs:PARKINFOOGD.3856475,d15
wfs:PARKINFOOGD.3856476,d09
wfs:PARKINFOOGD.3856477,d04
wfs:PARKINFOOGD.3856478,d22
wfs:PARKINFOOGD.3856479,d11
wfs:PARKINFOOGD.3856480,d22
wfs:PARKINFOOGD.3856481,d22
wfs:PARKINFOOGD.3856482,d11
wfs:PARKINFOOGD.3856515,d22
wfs:PARKINFOOGD.3856516,d23
wfs:PARKINFOOGD.3856517,d15
wfs:PARKINFOOGD.3856518,d16
wfs:PARKINFOOGD.3856519,d23
wfs:PARKINFOOGD.3856520,d02
wfs:PARKINFOOGD.3856521,d02
wfs:PARKINFOOGD.3856522,d02
wfs:PARKINFOOGD.3856523,d13
wfs:PARKINFOOGD.3856524,d03
wfs:PARKINFOOGD.3856525,d19
wfs:PARKINFOOGD.3856526,d23
wfs:PARKINFOOGD.3856527,d05
wfs:PARKINFOOGD.3856528,d02
wfs:PARKINFOOGD.3856529,d23
wfs:PARKINFOOGD.3856530,d07
wfs:PARKINFOOGD.3856531,d05
wfs:PARKINFOOGD.3856532,d15
wfs:PARKINFOOGD.3856533,d22
wfs:PARKINFOOGD.3856534,d04
wfs:PARKINFOOGD.3856535,d04
wfs:PARKINFOOGD.3856536,d23
wfs:PARKINFOOGD.3856537,d20
wfs:PARKINFOOGD.3856538,d15
wfs:PARKINFOOGD.3856539,d09
wfs:PARKINFOOGD.3856540,d09
wfs:PARKINFOOGD.3856541,d06
wfs:PARKINFOOGD.3856542,d02
wfs:PARKINFOOGD.3856543,d07
wfs:PARKINFOOGD.3856544,d08
wfs:PARKINFOOGD.3856545,d02
wfs:PARKINFOOGD.3856546,d02
wfs:PARKINFOOGD.3856547,d02
wfs:PARKINFOOGD.3856548,d02
wfs:PARKINFOOGD.3856549,d05
wfs:PARKINFOOGD.3856550,d15
wfs:PARKINFOOGD.3856551,d05
wfs:PARKINFOOGD.3856552,d17
wfs:PARKINFOOGD.3856553,d20
wfs:PARKINFOOGD.3856554,d03
wfs:PARKINFOOGD.3856555,d01
wfs:PARKINFOOGD.3856556,d04
wfs:PARKINFOOGD.3856483,d23
wfs:PARKINFOOGD.3856484,d22
wfs:PARKINFOOGD.3856485,d04
wfs:PARKINFOOGD.3856486,d03
wfs:PARKINFOOGD.3856487,d19
wfs:PARKINFOOGD.3856488,d19
wfs:PARKINFOOGD.3856489,d19
wfs:PARKINFOOGD.3856490,d19
wfs:PARKINFOOGD.3856491,d15
wfs:PARKINFOOGD.3856492,d22
wfs:PARKINFOOGD.3856493,d02
wfs:PARKINFOOGD.3856494,d13
wfs:PARKINFOOGD.3856495,d07
wfs:PARKINFOOGD.3856496,d11
wfs:PARKINFOOGD.3856497,d11
wfs:PARKINFOOGD.3856498,d14
wfs:PARKINFOOGD.3856499,d07
wfs:PARKINFOOGD.3856500,d21
wfs:PARKINFOOGD.3856501,d05
wfs:PARKINFOOGD.3856502,d12
wfs:PARKINFOOGD.3856503,d05
wfs:PARKINFOOGD.3856504,d05
wfs:PARKINFOOGD.3856505,d09
wfs:PARKINFOOGD.3856506,d03
wfs:PARKINFOOGD.3856507,d03
wfs:PARKINFOOGD.3856508,d02
wfs:PARKINFOOGD.3856509,d02
wfs:PARKINFOOGD.3856510,d02
wfs:PARKINFOOGD.3856511,d23
wfs:PARKINFOOGD.3856512,d03
wfs:PARKINFOOGD.3856513,d04
wfs:PARKINFOOGD.3856514,d14
wfs:PARKINFOOGD.3856386,d12
wfs:PARKINFOOGD.3856387,d08
wfs:PARKINFOOGD.3856388,d10
wfs:PARKINFOOGD.3856389,d10
wfs:PARKINFOOGD.3856390,d15
wfs:PARKINFOOGD.3856391,d10
wfs:PARKINFOOGD.3856392,d10
wfs:PARKINFOOGD.3856393,d19
wfs:PARKINFOOGD.3856394,d19
wfs:PARKINFOOGD.3856395,d19
wfs:PARKINFOOGD.3856396,d01
wfs:PARKINFOOGD.3856397,d03
wfs:PARKINFOOGD.3856398,d17
wfs:PARKINFOOGD.3856399,d23
wfs:PARKINFOOGD.3856400,d23
wfs:PARKINFOOGD.3856401,d04
wfs:PARKINFOOGD.3856402,d10
wfs:PARKINFOOGD.3856403,d22
wfs:PARKINFOOGD.3856404,d04
wfs:PARKINFOOGD.3856405,d22
wfs:PARKINFOOGD.3856406,d19
wfs:PARKINFOOGD.3856407,d21
wfs:PARKINFOOGD.3856408,d21
wfs:PARKINFOOGD.3856409,d21
wfs:PARKINFOOGD.3856410,d21
wfs:PARKINFOOGD.3856411,d21
wfs:PARKINFOOGD.3856412,d21
wfs:PARKINFOOGD.3856413,d21
wfs:PARKINFOOGD.3856414,d21
wfs:PARKINFOOGD.3856415,d23
wfs:PARKINFOOGD.3856416,d23
wfs:PARKINFOOGD.3856417,d22
wfs:PARKINFOOGD.3856191,d02
wfs:PARKINFOOGD.3856192,d02
wfs:PARKINFOOGD.3856193,d02
wfs:PARKINFOOGD.3856194,d02
wfs:PARKINFOOGD.3856195,d02
wfs:PARKINFOOGD.3856196,d02
wfs:PARKINFOOGD.3856197,d02
wfs:PARKINFOOGD.3856198,d02
wfs:PARKINFOOGD.3856199,d02
wfs:PARKINFOOGD.3856200,d07
wfs:PARKINFOOGD.3856201,d07
wfs:PARKINFOOGD.3856202,d07
wfs:PARKINFOOGD.3856203,d07
wfs:PARKINFOOGD.3856204,d07
wfs:PARKINFOOGD.3856205,d08
wfs:PARKINFOOGD.3856206,d09
wfs:PARKINFOOGD.3856207,d09
wfs:PARKINFOOGD.3856208,d10
wfs:PARKINFOOGD.3856209,d10
wfs:PARKINFOOGD.3856210,d10
wfs:PARKINFOOGD.3856211,d10
wfs:PARKINFOOGD.3856212,d10
wfs:PARKINFOOGD.3856213,d10
wfs:PARKINFOOGD.3856214,d10
wfs:PARKINFOOGD.3856215,d10
wfs:PARKINFOOGD.3856216,d10
wfs:PARKINFOOGD.3856217,d15
wfs:PARKINFOOGD.3856218,d11
wfs:PARKINFOOGD.3856219,d11
wfs:PARKINFOOGD.3856220,d15
wfs:PARKINFOOGD.3856221,d23
wfs:PARKINFOOGD.3856222,d11
wfs:PARKINFOOGD.3856223,d13
wfs:PARKINFOOGD.3856224,d10
wfs:PARKINFOOGD.3856225,d11
wfs:PARKINFOOGD.3856226,d23
wfs:PARKINFOOGD.3856227,d23
wfs:PARKINFOOGD.3856228,d15
wfs:PARKINFOOGD.3856229,d15
wfs:PARKINFOOGD.3856230,d15
wfs:PARKINFOOGD.3856231,d15
wfs:PARKINFOOGD.3856232,d15
wfs:PARKINFOOGD.3856233,d16
wfs:PARKINFOOGD.3856234,d11
wfs:PARKINFOOGD.3856235,d12
wfs:PARKINFOOGD.3856236,d12
wfs:PARKINFOOGD.3856237,d12
wfs:PARKINFOOGD.3856238,d13
wfs:PARKINFOOGD.3856239,d14
wfs:PARKINFOOGD.3856240,d14
wfs:PARKINFOOGD.3856241,d15
wfs:PARKINFOOGD.3856242,d15
wfs:PARKINFOOGD.3856243,d15
wfs:PARKINFOOGD.3856244,d15
wfs:PARKINFOOGD.3856245,d16
wfs:PARKINFOOGD.3856246,d16
wfs:PARKINFOOGD.3856247,d17
wfs:PARKINFOOGD.3856248,d18
wfs:PARKINFOOGD.3856249,d19
wfs:PARKINFOOGD.3856250,d19
wfs:PARKINFOOGD.3856251,d19
wfs:PARKINFOOGD.3856252,d19
wfs:PARKINFOOGD.3856253,d19
wfs:PARKINFOOGD.3856254,d21
wfs:PARKINFOOGD.3856255,d21
wfs:PARKINFOOGD.3856256,d21
wfs:PARKINFOOGD.3856257,d21
wfs:PARKINFOOGD.3856258,d21
wfs:PARKINFOOGD.3856259,d21
wfs:PARKINFOOGD.3856260,d21
wfs:PARKINFOOGD.3856261,d21
wfs:PARKINFOOGD.3856262,d21
wfs:PARKINFOOGD.3856263,d21
wfs:PARKINFOOGD.3856264,d21
wfs:PARKINFOOGD.3856265,d21
wfs:PARKINFOOGD.3856266,d10
wfs:PARKINFOOGD.3856267,d02
wfs:PARKINFOOGD.3856268,d22
wfs:PARKINFOOGD.3856269,d22
wfs:PARKINFOOGD.3856270,d22
wfs:PARKINFOOGD.3856271,d22
wfs:PARKINFOOGD.3856272,d22
wfs:PARKINFOOGD.3856273,d02
wfs:PARKINFOOGD.3856274,d21
wfs:PARKINFOOGD.3856275,d10
wfs:PARKINFOOGD.3856276,d22
wfs:PARKINFOOGD.3856277,d22
wfs:PARKINFOOGD.3856278,d23
wfs:PARKINFOOGD.3856279,d23
wfs:PARKINFOOGD.3856280,d02
wfs:PARKINFOOGD.3856281,d20
wfs:PARKINFOOGD.3856282,d20
wfs:PARKINFOOGD.3856283,d19
wfs:PARKINFOOGD.3856284,d02
wfs:PARKINFOOGD.3856285,d17
wfs:PARKINFOOGD.3856286,d06
wfs:PARKINFOOGD.3856287,d12
wfs:PARKINFOOGD.3856288,d10
wfs:PARKINFOOGD.3856315,d09
wfs:PARKINFOOGD.3856316,d19
wfs:PARKINFOOGD.3856317,d09
wfs:PARKINFOOGD.3856318,d07
wfs:PARKINFOOGD.3856319,d12
wfs:PARKINFOOGD.3856320,d18
wfs:PARKINFOOGD.3856321,d02
wfs:PARKINFOOGD.3856289,d11
wfs:PARKINFOOGD.3856290,d03
wfs:PARKINFOOGD.3856291,d12
wfs:PARKINFOOGD.3856292,d03
wfs:PARKINFOOGD.3856293,d03
wfs:PARKINFOOGD.3856294,d03
wfs:PARKINFOOGD.3856295,d23
wfs:PARKINFOOGD.3856296,d16
wfs:PARKINFOOGD.3856297,d10
wfs:PARKINFOOGD.3856298,d22
wfs:PARKINFOOGD.3856299,d18
wfs:PARKINFOOGD.3856300,d17
wfs:PARKINFOOGD.3856301,d16
wfs:PARKINFOOGD.3856302,d16
wfs:PARKINFOOGD.3856303,d16
wfs:PARKINFOOGD.3856304,d17
wfs:PARKINFOOGD.3856305,d14
wfs:PARKINFOOGD.3856306,d02
wfs:PARKINFOOGD.3856307,d21
wfs:PARKINFOOGD.3856308,d10
wfs:PARKINFOOGD.3856309,d10
wfs:PARKINFOOGD.3856310,d17
wfs:PARKINFOOGD.3856311,d22
wfs:PARKINFOOGD.3856312,d07
wfs:PARKINFOOGD.3856313,d10
wfs:PARKINFOOGD.3856314,d22
wfs:PARKINFOOGD.3856322,d10
wfs:PARKINFOOGD.3856323,d22
wfs:PARKINFOOGD.3856324,d01
wfs:PARKINFOOGD.3856325,d12
wfs:PARKINFOOGD.3856326,d10
wfs:PARKINFOOGD.3856327,d10
wfs:PARKINFOOGD.3856328,d14
wfs:PARKINFOOGD.3856329,d10
wfs:PARKINFOOGD.3856330,d10
wfs:PARKINFOOGD.3856331,d10
wfs:PARKINFOOGD.3856332,d10
wfs:PARKINFOOGD.3856333,d02
wfs:PARKINFOOGD.3856334,d19
wfs:PARKINFOOGD.3856335,d19
wfs:PARKINFOOGD.3856336,d20
wfs:PARKINFOOGD.3856337,d20
wfs:PARKINFOOGD.3856338,d20
wfs:PARKINFOOGD.3856339,d20
wfs:PARKINFOOGD.3856340,d20
wfs:PARKINFOOGD.3856341,d20
wfs:PARKINFOOGD.3856342,d21
wfs:PARKINFOOGD.3856343,d21
wfs:PARKINFOOGD.3856344,d21
wfs:PARKINFOOGD.3856345,d21
wfs:PARKINFOOGD.3856346,d10
wfs:PARKINFOOGD.3856347,d05
wfs:PARKINFOOGD.3856348,d10
wfs:PARKINFOOGD.3856349,d11
wfs:PARKINFOOGD.3856350,d11
wfs:PARKINFOOGD.3856351,d12
wfs:PARKINFOOGD.3856352,d12
wfs:PARKINFOOGD.3856353,d12
wfs:PARKINFOOGD.3856354,d12
wfs:PARKINFOOGD.3856092,d10
wfs:PARKINFOOGD.3856093,d10
wfs:PARKINFOOGD.3856094,d12
wfs:PARKINFOOGD.3856095,d11
wfs:PARKINFOOGD.3856096,d23
wfs:PARKINFOOGD.3856097,d22
wfs:PARKINFOOGD.3856098,d12
wfs:PARKINFOOGD.3856099,d06
wfs:PARKINFOOGD.3856100,d23
wfs:PARKINFOOGD.3856101,d11
wfs:PARKINFOOGD.3856102,d10
wfs:PARKINFOOGD.3856103,d22
wfs:PARKINFOOGD.3856104,d02
wfs:PARKINFOOGD.3856105,d12
wfs:PARKINFOOGD.3856106,d12
wfs:PARKINFOOGD.3856107,d14
wfs:PARKINFOOGD.3856108,d13
wfs:PARKINFOOGD.3856109,d13
wfs:PARKINFOOGD.3856110,d14
wfs:PARKINFOOGD.3856111,d21
wfs:PARKINFOOGD.3856112,d21
wfs:PARKINFOOGD.3856113,d21
wfs:PARKINFOOGD.3856114,d21
wfs:PARKINFOOGD.3856115,d21
wfs:PARKINFOOGD.3856116,d22
wfs:PARKINFOOGD.3856117,d22
wfs:PARKINFOOGD.3856118,d23
wfs:PARKINFOOGD.3856119,d23
wfs:PARKINFOOGD.3856120,d15
wfs:PARKINFOOGD.3856121,d21
wfs:PARKINFOOGD.3856122,d22
wfs:PARKINFOOGD.3856123,d21
wfs:PARKINFOOGD.3856124,d10
wfs:PARKINFOOGD.3856125,d18
wfs:PARKINFOOGD.3856126,d21
wfs:PARKINFOOGD.3856127,d20
wfs:PARKINFOOGD.3856128,d20
wfs:PARKINFOOGD.3856129,d20
wfs:PARKINFOOGD.3856130,d20
wfs:PARKINFOOGD.3856131,d01
wfs:PARKINFOOGD.3856132,d10
wfs:PARKINFOOGD.3856133,d21
wfs:PARKINFOOGD.3856134,d01
wfs:PARKINFOOGD.3856135,d22
wfs:PARKINFOOGD.3856136,d21
wfs:PARKINFOOGD.3856137,d01
wfs:PARKINFOOGD.3856138,d17
wfs:PARKINFOOGD.3856139,d21
wfs:PARKINFOOGD.3856140,d07
wfs:PARKINFOOGD.3856141,d16
wfs:PARKINFOOGD.3856142,d21
wfs:PARKINFOOGD.3856143,d11
wfs:PARKINFOOGD.3856144,d10
wfs:PARKINFOOGD.3856145,d10
wfs:PARKINFOOGD.3856146,d01
wfs:PARKINFOOGD.3856147,d01
wfs:PARKINFOOGD.3856148,d01
wfs:PARKINFOOGD.3856149,d01
wfs:PARKINFOOGD.3856150,d01
wfs:PARKINFOOGD.3856151,d02
wfs:PARKINFOOGD.3856152,d02
wfs:PARKINFOOGD.3856153,d02
wfs:PARKINFOOGD.3856154,d05
wfs:PARKINFOOGD.3856155,d05
wfs:PARKINFOOGD.3856156,d05
wfs:PARKINFOOGD.3856157,d06
wfs:PARKINFOOGD.3855927,d23
wfs:PARKINFOOGD.3855928,d23
wfs:PARKINFOOGD.3855929,d22
wfs:PARKINFOOGD.3855930,d22
wfs:PARKINFOOGD.3855931,d22
wfs:PARKINFOOGD.3855932,d22
wfs:PARKINFOOGD.3855933,d22
wfs:PARKINFOOGD.3855934,d22
wfs:PARKINFOOGD.3855935,d21
wfs:PARKINFOOGD.3855936,d21
wfs:PARKINFOOGD.3855937,d02
wfs:PARKINFOOGD.3855938,d13
wfs:PARKINFOOGD.3855939,d13
wfs:PARKINFOOGD.3855940,d13
wfs:PARKINFOOGD.3855941,d13
wfs:PARKINFOOGD.3855942,d12
wfs:PARKINFOOGD.3855943,d12
wfs:PARKINFOOGD.3855944,d12
wfs:PARKINFOOGD.3855945,d12
wfs:PARKINFOOGD.3855946,d02
wfs:PARKINFOOGD.3855947,d12
wfs:PARKINFOOGD.3855948,d12
wfs:PARKINFOOGD.3855949,d12
wfs:PARKINFOOGD.3855950,d02
wfs:PARKINFOOGD.3855951,d19
wfs:PARKINFOOGD.3855952,d18
wfs:PARKINFOOGD.3855953,d17
wfs:PARKINFOOGD.3855954,d17
wfs:PARKINFOOGD.3855955,d17
wfs:PARKINFOOGD.3855956,d16
wfs:PARKINFOOGD.3855957,d16
wfs:PARKINFOOGD.3855958,d16
wfs:PARKINFOOGD.3855959,d02
wfs:PARKINFOOGD.3855961,d15
wfs:PARKINFOOGD.3855962,d15
wfs:PARKINFOOGD.3855963,d15
wfs:PARKINFOOGD.3855964,d14
wfs:PARKINFOOGD.3855965,d14
wfs:PARKINFOOGD.3855966,d14
wfs:PARKINFOOGD.3855967,d14
wfs:PARKINFOOGD.3855968,d14
wfs:PARKINFOOGD.3855969,d21
wfs:PARKINFOOGD.3855970,d21
wfs:PARKINFOOGD.3855971,d21
wfs:PARKINFOOGD.3855972,d21
wfs:PARKINFOOGD.3855973,d02
wfs:PARKINFOOGD.3855974,d21
wfs:PARKINFOOGD.3855975,d21
wfs:PARKINFOOGD.3855976,d20
wfs:PARKINFOOGD.3855977,d20
wfs:PARKINFOOGD.3855978,d19
wfs:PARKINFOOGD.3855979,d19
wfs:PARKINFOOGD.3855980,d19
wfs:PARKINFOOGD.3855981,d19
wfs:PARKINFOOGD.3855982,d19
wfs:PARKINFOOGD.3855983,d19
wfs:PARKINFOOGD.3855984,d22
wfs:PARKINFOOGD.3855985,d22
wfs:PARKINFOOGD.3855986,d22
wfs:PARKINFOOGD.3855987,d22
wfs:PARKINFOOGD.3855988,d22
wfs:PARKINFOOGD.3855989,d22
wfs:PARKINFOOGD.3855990,d22
wfs:PARKINFOOGD.3855991,d22
wfs:PARKINFOOGD.3855992,d21
wfs:PARKINFOOGD.3855993,d21
wfs:PARKINFOOGD.3855960,d16
wfs:PARKINFOOGD.3855994,d21
wfs:PARKINFOOGD.3855995,d23
wfs:PARKINFOOGD.3855996,d21
wfs:PARKINFOOGD.3855997,d21
wfs:PARKINFOOGD.3855998,d21
wfs:PARKINFOOGD.3855999,d22
wfs:PARKINFOOGD.3856000,d22
wfs:PARKINFOOGD.3856001,d14
wfs:PARKINFOOGD.3856002,d13
wfs:PARKINFOOGD.3856003,d09
wfs:PARKINFOOGD.3856004,d09
wfs:PARKINFOOGD.3856005,d05
wfs:PARKINFOOGD.3856006,d03
wfs:PARKINFOOGD.3856007,d01
wfs:PARKINFOOGD.3856008,d22
wfs:PARKINFOOGD.3856009,d22
wfs:PARKINFOOGD.3856010,d23
wfs:PARKINFOOGD.3856011,d23
wfs:PARKINFOOGD.3856012,d23
wfs:PARKINFOOGD.3856013,d23
wfs:PARKINFOOGD.3856014,d13
wfs:PARKINFOOGD.3856015,d18
wfs:PARKINFOOGD.3856016,d18
wfs:PARKINFOOGD.3856017,d18
wfs:PARKINFOOGD.3856018,d18
wfs:PARKINFOOGD.3856019,d18
wfs:PARKINFOOGD.3856020,d18
wfs:PARKINFOOGD.3856021,d18
wfs:PARKINFOOGD.3856022,d18
wfs:PARKINFOOGD.3856023,d17
wfs:PARKINFOOGD.3856024,d20
wfs:PARKINFOOGD.3856025,d20
wfs:PARKINFOOGD.3856026,d20
wfs:PARKINFOOGD.3856027,d19
wfs:PARKINFOOGD.3856028,d19
wfs:PARKINFOOGD.3856029,d19
wfs:PARKINFOOGD.3856030,d19
wfs:PARKINFOOGD.3856031,d19
wfs:PARKINFOOGD.3856032,d19
wfs:PARKINFOOGD.3856033,d19
wfs:PARKINFOOGD.3856034,d19
wfs:PARKINFOOGD.3856035,d19
wfs:PARKINFOOGD.3856036,d19
wfs:PARKINFOOGD.3856037,d19
wfs:PARKINFOOGD.3856038,d19
wfs:PARKINFOOGD.3856039,d19
wfs:PARKINFOOGD.3856040,d19
wfs:PARKINFOOGD.3856041,d19
wfs:PARKINFOOGD.3856042,d21
wfs:PARKINFOOGD.3856043,d21
wfs:PARKINFOOGD.3856044,d21
wfs:PARKINFOOGD.3856045,d21
wfs:PARKINFOOGD.3856046,d21
wfs:PARKINFOOGD.3856047,d21
wfs:PARKINFOOGD.3856048,d20
wfs:PARKINFOOGD.3856049,d20
wfs:PARKINFOOGD.3856050,d20
wfs:PARKINFOOGD.3856051,d20
wfs:PARKINFOOGD.3856052,d20
wfs:PARKINFOOGD.3856053,d20
wfs:PARKINFOOGD.3856054,d20
wfs:PARKINFOOGD.3856055,d02
wfs:PARKINFOOGD.3856056,d22
wfs:PARKINFOOGD.3856057,d21
wfs:PARKINFOOGD.3856058,d14
wfs:PARKINFOOGD.3856059,d06
wfs:PARKINFOOGD.3856060,d16
wfs:PARKINFOOGD.3856061,d18
wfs:PARKINFOOGD.3856062,d19
wfs:PARKINFOOGD.3856063,d10
wfs:PARKINFOOGD.3856064,d22
wfs:PARKINFOOGD.3856065,d23
wfs:PARKINFOOGD.3856066,d19
wfs:PARKINFOOGD.3856067,d22
wfs:PARKINFOOGD.3856068,d14
wfs:PARKINFOOGD.3856069,d21
wfs:PARKINFOOGD.3856070,d21
wfs:PARKINFOOGD.3856071,d11
wfs:PARKINFOOGD.3856072,d18
wfs:PARKINFOOGD.3856073,d18
wfs:PARKINFOOGD.3856074,d19
wfs:PARKINFOOGD.3856075,d21
wfs:PARKINFOOGD.3856076,d22
wfs:PARKINFOOGD.3856077,d14
wfs:PARKINFOOGD.3856078,d03
wfs:PARKINFOOGD.3856079,d06
wfs:PARKINFOOGD.3856080,d14
wfs:PARKINFOOGD.3856081,d15
wfs:PARKINFOOGD.3856082,d16
wfs:PARKINFOOGD.3856083,d19
wfs:PARKINFOOGD.3856084,d03
wfs:PARKINFOOGD.3856085,d14
wfs:PARKINFOOGD.3856086,d02
wfs:PARKINFOOGD.3856087,d09
wfs:PARKINFOOGD.3856088,d19
wfs:PARKINFOOGD.3856089,d22
wfs:PARKINFOOGD.3856090,d09
wfs:PARKINFOOGD.3856091,d05
wfs:SCHULEOGD.1900662,d11
wfs:SCHULEOGD.1900663,d11
wfs:SCHULEOGD.1900664,d12
wfs:SCHULEOGD.1900665,d12
wfs:SCHULEOGD.1900666,d12
wfs:SCHULEOGD.1900667,d12
wfs:SCHULEOGD.1900668,d12
wfs:SCHULEOGD.1900669,d12
wfs:SCHULEOGD.1900670,d12
wfs:SCHULEOGD.1900671,d12
wfs:SCHULEOGD.1900672,d12
wfs:SCHULEOGD.1900673,d16
wfs:SCHULEOGD.1900674,d15
wfs:SCHULEOGD.1900675,d14
wfs:SCHULEOGD.1900676,d12
wfs:SCHULEOGD.1900677,d12
wfs:SCHULEOGD.1900678,d12
wfs:SCHULEOGD.1900679,d12
wfs:SCHULEOGD.1900680,d12
wfs:SCHULEOGD.1900681,d12
wfs:SCHULEOGD.1900682,d12
wfs:SCHULEOGD.1900885,d18
wfs:SCHULEOGD.1900886,d18
wfs:SCHULEOGD.1900887,d19
wfs:SCHULEOGD.1900888,d19
wfs:SCHULEOGD.1900889,d19
wfs:SCHULEOGD.1900890,d19
wfs:SCHULEOGD.1900891,d19
wfs:SCHULEOGD.1900892,d19
wfs:SCHULEOGD.1900893,d19
wfs:SCHULEOGD.1900894,d19
wfs:SCHULEOGD.1900895,d19
wfs:SCHULEOGD.1900896,d19
wfs:SCHULEOGD.1900897,d19
wfs:SCHULEOGD.1900898,d19
wfs:SCHULEOGD.1900899,d19
wfs:SCHULEOGD.1900900,d19
wfs:SCHULEOGD.1900901,d19
wfs:SCHULEOGD.1900902,d19
wfs:SCHULEOGD.1900903,d19
wfs:SCHULEOGD.1900904,d19
wfs:SCHULEOGD.1900905,d19
wfs:SCHULEOGD.1900906,d19
wfs:SCHULEOGD.1900907,d19
wfs:SCHULEOGD.1900908,d19
wfs:SCHULEOGD.1900909,d19
wfs:SCHULEOGD.1900910,d19
wfs:SCHULEOGD.1900911,d19
wfs:SCHULEOGD.1900912,d19
wfs:SCHULEOGD.1900913,d19
wfs:SCHULEOGD.1900914,d19
wfs:SCHULEOGD.1900915,d19
wfs:SCHULEOGD.1900916,d19
wfs:SCHULEOGD.1900917,d20
wfs:SCHULEOGD.1900918,d20
wfs:SCHULEOGD.1900919,d20
wfs:SCHULEOGD.1900920,d20
wfs:SCHULEOGD.1900921,d20
wfs:SCHULEOGD.1900922,d20
wfs:SCHULEOGD.1900923,d20
wfs:SCHULEOGD.1900924,d20
wfs:SCHULEOGD.1900683,d12
wfs:SCHULEOGD.1900684,d12
wfs:SCHULEOGD.1900685,d12
wfs:SCHULEOGD.1900686,d12
wfs:SCHULEOGD.1900687,d12
wfs:SCHULEOGD.1900688,d12
wfs:SCHULEOGD.1900689,d12
wfs:SCHULEOGD.1900690,d12
wfs:SCHULEOGD.1900691,d12
wfs:SCHULEOGD.1900692,d12
wfs:SCHULEOGD.1900693,d12
wfs:SCHULEOGD.1900694,d12
wfs:SCHULEOGD.1900695,d13
wfs:SCHULEOGD.1900696,d13
wfs:SCHULEOGD.1900697,d13
wfs:SCHULEOGD.1900698,d13
wfs:SCHULEOGD.1900699,d13
wfs:SCHULEOGD.1900700,d13
wfs:SCHULEOGD.1900701,d23
wfs:SCHULEOGD.1900702,d13
wfs:SCHULEOGD.1900703,d13
wfs:SCHULEOGD.1900704,d13
wfs:SCHULEOGD.1900705,d13
wfs:SCHULEOGD.1900706,d13
wfs:SCHULEOGD.1900707,d13
wfs:SCHULEOGD.1900708,d13
wfs:SCHULEOGD.1900709,d13
wfs:SCHULEOGD.1900710,d13
wfs:SCHULEOGD.1900711,d13
wfs:SCHULEOGD.1900712,d13
wfs:SCHULEOGD.1900713,d13
wfs:SCHULEOGD.1900714,d13
wfs:SCHULEOGD.1900715,d13
wfs:SCHULEOGD.1900716,d13
wfs:SCHULEOGD.1900717,d13
wfs:SCHULEOGD.1900718,d13
wfs:SCHULEOGD.1900719,d13
wfs:SCHULEOGD.1900720,d13
wfs:SCHULEOGD.1900721,d13
wfs:SCHULEOGD.1900722,d13
wfs:SCHULEOGD.1900723,d13
wfs:SCHULEOGD.1900724,d13
wfs:SCHULEOGD.1900725,d13
wfs:SCHULEOGD.1900726,d14
wfs:SCHULEOGD.1900727,d14
wfs:SCHULEOGD.1900728,d14
wfs:SCHULEOGD.1900729,d15
wfs:SCHULEOGD.1900730,d14
wfs:SCHULEOGD.1900731,d19
wfs:SCHULEOGD.1900732,d14
wfs:SCHULEOGD.1900733,d14
wfs:SCHULEOGD.1900734,d14
wfs:SCHULEOGD.1900735,d14
wfs:SCHULEOGD.1900736,d14
wfs:SCHULEOGD.1900737,d14
wfs:SCHULEOGD.1900738,d14
wfs:SCHULEOGD.1900739,d14
wfs:SCHULEOGD.1900740,d14
wfs:SCHULEOGD.1900753,d14
wfs:SCHULEOGD.1900754,d14
wfs:SCHULEOGD.1900755,d14
wfs:SCHULEOGD.1900756,d14
wfs:SCHULEOGD.1900757,d14
wfs:SCHULEOGD.1900758,d14
wfs:SCHULEOGD.1900741,d14
wfs:SCHULEOGD.1900742,d14
wfs:SCHULEOGD.1900743,d14
wfs:SCHULEOGD.1900744,d14
wfs:SCHULEOGD.1900745,d14
wfs:SCHULEOGD.1900746,d14
wfs:SCHULEOGD.1900747,d14
wfs:SCHULEOGD.1900748,d14
wfs:SCHULEOGD.1900749,d14
wfs:SCHULEOGD.1900750,d14
wfs:SCHULEOGD.1900751,d14
wfs:SCHULEOGD.1900752,d14
wfs:SCHULEOGD.1900759,d14
wfs:SCHULEOGD.1900760,d15
wfs:SCHULEOGD.1900761,d15
wfs:SCHULEOGD.1900762,d15
wfs:SCHULEOGD.1900763,d17
wfs:SCHULEOGD.1900764,d15
wfs:SCHULEOGD.1900765,d15
wfs:SCHULEOGD.1900766,d15
wfs:SCHULEOGD.1900767,d15
wfs:SCHULEOGD.1900768,d15
wfs:SCHULEOGD.1900769,d15
wfs:SCHULEOGD.1900770,d15
wfs:SCHULEOGD.1900771,d15
wfs:SCHULEOGD.1900772,d15
wfs:SCHULEOGD.1900773,d15
wfs:SCHULEOGD.1900774,d15
wfs:SCHULEOGD.1900775,d15
wfs:SCHULEOGD.1900776,d15
wfs:SCHULEOGD.1900777,d15
wfs:SCHULEOGD.1900778,d15
wfs:SCHULEOGD.1900779,d15
wfs:SCHULEOGD.1900780,d15
wfs:SCHULEOGD.1900782,d15
wfs:SCHULEOGD.1900783,d15
wfs:SCHULEOGD.1900784,d15
wfs:SCHULEOGD.1900785,d15
wfs:SCHULEOGD.1900786,d15
wfs:SCHULEOGD.1900787,d15
wfs:SCHULEOGD.1900788,d15
wfs:SCHULEOGD.1900789,d15
wfs:SCHULEOGD.1900790,d15
wfs:SCHULEOGD.1900791,d15
wfs:SCHULEOGD.1900792,d15
wfs:SCHULEOGD.1900793,d15
wfs:SCHULEOGD.1900794,d15
wfs:SCHULEOGD.1900795,d16
wfs:SCHULEOGD.1900796,d16
wfs:SCHULEOGD.1900797,d16
wfs:SCHULEOGD.1900798,d16
wfs:SCHULEOGD.1900799,d16
wfs:SCHULEOGD.1900800,d16
wfs:SCHULEOGD.1900781,d15
wfs:SCHULEOGD.1900801,d16
wfs:SCHULEOGD.1900802,d16
wfs:SCHULEOGD.1900803,d16
wfs:SCHULEOGD.1900804,d16
wfs:SCHULEOGD.1900805,d16
wfs:SCHULEOGD.1900806,d16
wfs:SCHULEOGD.1900807,d16
wfs:SCHULEOGD.1900808,d16
wfs:SCHULEOGD.1900809,d16
wfs:SCHULEOGD.1900810,d16
wfs:SCHULEOGD.1900811,d16
wfs:SCHULEOGD.1900812,d16
wfs:SCHULEOGD.1900813,d16
wfs:SCHULEOGD.1900814,d16
wfs:SCHULEOGD.1900815,d16
wfs:SCHULEOGD.1900816,d17
wfs:SCHULEOGD.1900817,d17
wfs:SCHULEOGD.1900818,d17
wfs:SCHULEOGD.1900819,d17
wfs:SCHULEOGD.1900820,d17
wfs:SCHULEOGD.1900821,d17
wfs:SCHULEOGD.1900822,d17
wfs:SCHULEOGD.1900823,d17
wfs:SCHULEOGD.1900824,d17
wfs:SCHULEOGD.1900825,d22
wfs:SCHULEOGD.1900826,d13
wfs:SCHULEOGD.1900827,d03
wfs:SCHULEOGD.1900828,d09
wfs:SCHULEOGD.1900829,d09
wfs:SCHULEOGD.1900830,d09
wfs:SCHULEOGD.1900831,d09
wfs:SCHULEOGD.1900832,d10
wfs:SCHULEOGD.1900833,d12
wfs:SCHULEOGD.1900834,d13
wfs:SCHULEOGD.1900835,d14
wfs:SCHULEOGD.1900836,d16
wfs:SCHULEOGD.1900837,d20
wfs:SCHULEOGD.1900838,d23
wfs:SCHULEOGD.1900839,d09
wfs:SCHULEOGD.1900840,d21
wfs:SCHULEOGD.1900841,d17
wfs:SCHULEOGD.1900842,d17
wfs:SCHULEOGD.1900843,d17
wfs:SCHULEOGD.1900844,d17
wfs:SCHULEOGD.1900845,d17
wfs:SCHULEOGD.1900846,d17
wfs:SCHULEOGD.1900847,d17
wfs:SCHULEOGD.1900848,d17
wfs:SCHULEOGD.1900849,d18
wfs:SCHULEOGD.1900850,d18
wfs:SCHULEOGD.1900851,d09
wfs:SCHULEOGD.1900852,d18
wfs:SCHULEOGD.1900853,d19
wfs:SCHULEOGD.1900854,d07
wfs:SCHULEOGD.1900855,d18
wfs:SCHULEOGD.1900856,d18
wfs:SCHULEOGD.1900857,d18
wfs:SCHULEOGD.1900858,d18
wfs:SCHULEOGD.1900859,d18
wfs:SCHULEOGD.1900860,d18
wfs:SCHULEOGD.1900861,d18
wfs:SCHULEOGD.1900862,d18
wfs:SCHULEOGD.1900863,d18
wfs:SCHULEOGD.1900864,d18
wfs:SCHULEOGD.1900865,d18
wfs:SCHULEOGD.1900866,d18
wfs:SCHULEOGD.1900867,d18
wfs:SCHULEOGD.1900868,d18
wfs:SCHULEOGD.1900869,d18
wfs:SCHULEOGD.1900870,d18
wfs:SCHULEOGD.1900871,d18
wfs:SCHULEOGD.1900872,d18
wfs:SCHULEOGD.1900873,d18
wfs:SCHULEOGD.1900874,d18
wfs:SCHULEOGD.1900875,d18
wfs:SCHULEOGD.1900876,d18
wfs:SCHULEOGD.1900877,d18
wfs:SCHULEOGD.1900878,d18
wfs:SCHULEOGD.1900879,d18
wfs:SCHULEOGD.1900880,d18
wfs:SCHULEOGD.1900881,d18
wfs:SCHULEOGD.1900882,d18
wfs:SCHULEOGD.1900883,d18
wfs:SCHULEOGD.1900884,d18
wfs:SCHULEOGD.1901169,d11
wfs:SCHULEOGD.1901170,d03
wfs:SCHULEOGD.1901171,d08
wfs:SCHULEOGD.1901172,d10
wfs:SCHULEOGD.1901173,d21
wfs:SCHULEOGD.1901174,d21
wfs:SCHULEOGD.1901175,d23
wfs:SCHULEOGD.1901176,d05
wfs:SCHULEOGD.1901177,d11
wfs:SCHULEOGD.1901178,d21
wfs:SCHULEOGD.1901179,d22
wfs:SCHULEOGD.1901180,d02
wfs:SCHULEOGD.1901181,d15
wfs:SCHULEOGD.1901182,d15
wfs:SCHULEOGD.1901183,d13
wfs:SCHULEOGD.1901184,d09
wfs:SCHULEOGD.1901185,d11
wfs:SCHULEOGD.1901186,d11
wfs:SCHULEOGD.1901187,d03
wfs:SCHULEOGD.1901188,d17
wfs:SCHULEOGD.1901189,d22
wfs:SCHULEOGD.1901190,d22
wfs:SCHULEOGD.1900925,d20
wfs:SCHULEOGD.1900926,d20
wfs:SCHULEOGD.1900927,d04
wfs:SCHULEOGD.1900928,d20
wfs:SCHULEOGD.1900929,d20
wfs:SCHULEOGD.1900930,d20
wfs:SCHULEOGD.1900931,d20
wfs:SCHULEOGD.1900932,d20
wfs:SCHULEOGD.1900933,d20
wfs:SCHULEOGD.1900934,d20
wfs:SCHULEOGD.1900935,d20
wfs:SCHULEOGD.1900936,d20
wfs:SCHULEOGD.1900937,d20
wfs:SCHULEOGD.1900938,d20
wfs:SCHULEOGD.1900939,d20
wfs:SCHULEOGD.1900940,d20
wfs:SCHULEOGD.1900941,d21
wfs:SCHULEOGD.1900942,d21
wfs:SCHULEOGD.1900943,d21
wfs:SCHULEOGD.1900944,d21
wfs:SCHULEOGD.1900945,d21
wfs:SCHULEOGD.1900946,d21
wfs:SCHULEOGD.1900947,d21
wfs:SCHULEOGD.1900948,d21
wfs:SCHULEOGD.1900949,d21
wfs:SCHULEOGD.1900950,d21
wfs:SCHULEOGD.1900951,d21
wfs:SCHULEOGD.1900952,d21
wfs:SCHULEOGD.1900953,d21
wfs:SCHULEOGD.1900954,d22
wfs:SCHULEOGD.1900955,d21
wfs:SCHULEOGD.1900956,d21
wfs:SCHULEOGD.1900957,d21
wfs:SCHULEOGD.1900958,d21
wfs:SCHULEOGD.1900959,d21
wfs:SCHULEOGD.1900960,d21
wfs:SCHULEOGD.1900961,d21
wfs:SCHULEOGD.1900962,d19
wfs:SCHULEOGD.1900963,d21
wfs:SCHULEOGD.1900964,d21
wfs:SCHULEOGD.1900965,d21
wfs:SCHULEOGD.1900966,d21
wfs:SCHULEOGD.1900967,d21
wfs:SCHULEOGD.1900968,d21
wfs:SCHULEOGD.1900969,d21
wfs:SCHULEOGD.1900970,d21
wfs:SCHULEOGD.1900971,d21
wfs:SCHULEOGD.1900972,d21
wfs:SCHULEOGD.1900973,d21
wfs:SCHULEOGD.1900974,d21
wfs:SCHULEOGD.1900975,d21
wfs:SCHULEOGD.1900976,d21
wfs:SCHULEOGD.1900977,d21
wfs:SCHULEOGD.1900978,d21
wfs:SCHULEOGD.1900979,d21
wfs:SCHULEOGD.1900980,d21
wfs:SCHULEOGD.1900981,d21
wfs:SCHULEOGD.1900982,d21
wfs:SCHULEOGD.1900983,d21
wfs:SCHULEOGD.1900984,d21
wfs:SCHULEOGD.1900985,d21
wfs:SCHULEOGD.1900986,d21
wfs:SCHULEOGD.1900987,d21
wfs:SCHULEOGD.1900988,d21
wfs:SCHULEOGD.1900989,d21
wfs:SCHULEOGD.1900990,d21
wfs:SCHULEOGD.1900991,d21
wfs:SCHULEOGD.1900992,d21
wfs:SCHULEOGD.1900993,d21
wfs:SCHULEOGD.1900994,d21
wfs:SCHULEOGD.1900995,d21
wfs:SCHULEOGD.1900996,d21
wfs:SCHULEOGD.1900997,d21
wfs:SCHULEOGD.1900998,d21
wfs:SCHULEOGD.1900999,d21
wfs:SCHULEOGD.1901000,d21
wfs:SCHULEOGD.1901001,d21
wfs:SCHULEOGD.1901002,d21
wfs:SCHULEOGD.1901003,d21
wfs:SCHULEOGD.1901004,d21
wfs:SCHULEOGD.1901005,d21
wfs:SCHULEOGD.1901006,d21
wfs:SCHULEOGD.1901007,d21
wfs:SCHULEOGD.1901008,d21
wfs:SCHULEOGD.1901009,d21
wfs:SCHULEOGD.1901010,d22
wfs:SCHULEOGD.1901011,d22
wfs:SCHULEOGD.1901012,d22
wfs:SCHULEOGD.1901013,d22
wfs:SCHULEOGD.1901014,d22
wfs:SCHULEOGD.1901015,d22
wfs:SCHULEOGD.1901016,d22
wfs:SCHULEOGD.1901017,d22
wfs:SCHULEOGD.1901018,d22
wfs:SCHULEOGD.1901019,d22
wfs:SCHULEOGD.1901020,d22
wfs:SCHULEOGD.1901021,d22
wfs:SCHULEOGD.1901022,d22
wfs:SCHULEOGD.1901023,d22
wfs:SCHULEOGD.1901024,d07
wfs:SCHULEOGD.1901025,d22
wfs:SCHULEOGD.1901026,d22
wfs:SCHULEOGD.1901027,d22
wfs:SCHULEOGD.1901028,d22
wfs:SCHULEOGD.1901029,d22
wfs:SCHULEOGD.1901030,d22
wfs:SCHULEOGD.1901031,d22
wfs:SCHULEOGD.1901032,d20
wfs:SCHULEOGD.1901033,d20
wfs:SCHULEOGD.1901034,d22
wfs:SCHULEOGD.1901035,d22
wfs:SCHULEOGD.1901036,d22
wfs:SCHULEOGD.1901037,d22
wfs:SCHULEOGD.1901038,d22
wfs:SCHULEOGD.1901039,d22
wfs:SCHULEOGD.1901040,d22
wfs:SCHULEOGD.1901041,d22
wfs:SCHULEOGD.1901042,d22
wfs:SCHULEOGD.1901043,d22
wfs:SCHULEOGD.1901044,d22
wfs:SCHULEOGD.1901045,d22
wfs:SCHULEOGD.1901046,d22
wfs:SCHULEOGD.1901047,d22
wfs:SCHULEOGD.1901048,d22
wfs:SCHULEOGD.1901049,d22
wfs:SCHULEOGD.1901050,d22
wfs:SCHULEOGD.1901051,d22
wfs:SCHULEOGD.1901052,d22
wfs:SCHULEOGD.1901053,d22
wfs:SCHULEOGD.1901054,d22
wfs:SCHULEOGD.1901055,d22
wfs:SCHULEOGD.1901056,d22
wfs:SCHULEOGD.1901057,d22
wfs:SCHULEOGD.1901058,d22
wfs:SCHULEOGD.1901059,d22
wfs:SCHULEOGD.1901060,d22
wfs:SCHULEOGD.1901061,d22
wfs:SCHULEOGD.1901062,d22
wfs:SCHULEOGD.1901063,d22
wfs:SCHULEOGD.1901064,d22
wfs:SCHULEOGD.1901065,d22
wfs:SCHULEOGD.1901066,d22
wfs:SCHULEOGD.1901067,d22
wfs:SCHULEOGD.1901068,d22
wfs:SCHULEOGD.1901069,d22
wfs:SCHULEOGD.1901070,d22
wfs:SCHULEOGD.1901071,d22
wfs:SCHULEOGD.1901072,d22
wfs:SCHULEOGD.1901073,d22
wfs:SCHULEOGD.1901074,d22
wfs:SCHULEOGD.1901075,d22
wfs:SCHULEOGD.1901076,d22
wfs:SCHULEOGD.1901077,d22
wfs:SCHULEOGD.1901078,d22
wfs:SCHULEOGD.1901079,d22
wfs:SCHULEOGD.1901080,d22
wfs:SCHULEOGD.1901081,d22
wfs:SCHULEOGD.1901082,d23
wfs:SCHULEOGD.1901083,d23
wfs:SCHULEOGD.1901084,d23
wfs:SCHULEOGD.1901085,d23
wfs:SCHULEOGD.1901086,d23
wfs:SCHULEOGD.1901087,d23
wfs:SCHULEOGD.1901088,d23
wfs:SCHULEOGD.1901089,d23
wfs:SCHULEOGD.1901090,d23
wfs:SCHULEOGD.1901091,d23
wfs:SCHULEOGD.1901092,d23
wfs:SCHULEOGD.1901093,d23
wfs:SCHULEOGD.1901094,d23
wfs:SCHULEOGD.1901095,d23
wfs:SCHULEOGD.1901096,d23
wfs:SCHULEOGD.1901097,d23
wfs:SCHULEOGD.1901098,d23
wfs:SCHULEOGD.1901099,d23
wfs:SCHULEOGD.1901100,d23
wfs:SCHULEOGD.1901101,d23
wfs:SCHULEOGD.1901102,d23
wfs:SCHULEOGD.1901103,d23
wfs:SCHULEOGD.1901104,d23
wfs:SCHULEOGD.1901105,d23
wfs:SCHULEOGD.1901106,d23
wfs:SCHULEOGD.1901107,d23
wfs:SCHULEOGD.1901108,d23
wfs:SCHULEOGD.1901109,d23
wfs:SCHULEOGD.1901110,d23
wfs:SCHULEOGD.1901111,d23
wfs:SCHULEOGD.1901112,d23
wfs:SCHULEOGD.1901113,d23
wfs:SCHULEOGD.1901114,d23
wfs:SCHULEOGD.1901115,d23
wfs:SCHULEOGD.1901116,d23
wfs:SCHULEOGD.1901117,d23
wfs:SCHULEOGD.1901118,d23
wfs:SCHULEOGD.1901119,d23
wfs:SCHULEOGD.1901120,d23
wfs:SCHULEOGD.1901121,d23
wfs:SCHULEOGD.1901122,d23
wfs:SCHULEOGD.1901123,d23
wfs:SCHULEOGD.1901124,d23
wfs:SCHULEOGD.1901125,d23
wfs:SCHULEOGD.1901126,d10
wfs:SCHULEOGD.1901127,d06
wfs:SCHULEOGD.1901128,d07
wfs:SCHULEOGD.1901129,d10
wfs:SCHULEOGD.1901130,d02
wfs:SCHULEOGD.1901131,d12
wfs:SCHULEOGD.1901132,d09
wfs:SCHULEOGD.1901133,d10
wfs:SCHULEOGD.1901134,d14
wfs:SCHULEOGD.1901135,d19
wfs:SCHULEOGD.1901136,d10
wfs:SCHULEOGD.1901137,d17
wfs:SCHULEOGD.1901138,d23
wfs:SCHULEOGD.1901139,d16
wfs:SCHULEOGD.1901140,d02
wfs:SCHULEOGD.1901141,d20
wfs:SCHULEOGD.1901142,d08
wfs:SCHULEOGD.1901143,d12
wfs:SCHULEOGD.1901144,d04
wfs:SCHULEOGD.1901145,d17
wfs:SCHULEOGD.1901146,d20
wfs:SCHULEOGD.1901147,d11
wfs:SCHULEOGD.1901148,d12
wfs:SCHULEOGD.1901149,d06
wfs:SCHULEOGD.1901150,d21
wfs:SCHULEOGD.1901151,d22
wfs:SCHULEOGD.1901152,d22
wfs:SCHULEOGD.1901153,d10
wfs:SCHULEOGD.1901154,d23
wfs:SCHULEOGD.1901155,d21
wfs:SCHULEOGD.1901156,d21
wfs:SCHULEOGD.1901157,d14
wfs:SCHULEOGD.1901158,d11
wfs:SCHULEOGD.1901159,d13
wfs:SCHULEOGD.1901160,d23
wfs:SCHULEOGD.1901161,d10
wfs:SCHULEOGD.1901162,d19
wfs:SCHULEOGD.1901163,d15
wfs:SCHULEOGD.1901164,d03
wfs:SCHULEOGD.1901165,d02
wfs:SCHULEOGD.1901166,d10
wfs:SCHULEOGD.1901167,d23
wfs:SCHULEOGD.1901168,d11
wfs:SCHULEOGD.1900385,d01
wfs:SCHULEOGD.1900386,d01
wfs:SCHULEOGD.1900387,d01
wfs:SCHULEOGD.1900388,d01
wfs:SCHULEOGD.1900389,d01
wfs:SCHULEOGD.1900390,d01
wfs:SCHULEOGD.1900391,d01
wfs:SCHULEOGD.1900392,d01
wfs:SCHULEOGD.1900393,d01
wfs:SCHULEOGD.1900394,d01
wfs:SCHULEOGD.1900395,d01
wfs:SCHULEOGD.1900396,d01
wfs:SCHULEOGD.1900397,d01
wfs:SCHULEOGD.1900398,d01
wfs:SCHULEOGD.1900399,d01
wfs:SCHULEOGD.1900400,d02
wfs:SCHULEOGD.1900401,d02
wfs:SCHULEOGD.1900402,d02
wfs:SCHULEOGD.1900403,d02
wfs:SCHULEOGD.1900404,d02
wfs:SCHULEOGD.1900405,d02
wfs:SCHULEOGD.1900406,d02
wfs:SCHULEOGD.1900407,d02
wfs:SCHULEOGD.1900408,d02
wfs:SCHULEOGD.1900409,d02
wfs:SCHULEOGD.1900410,d02
wfs:SCHULEOGD.1900411,d02
wfs:SCHULEOGD.1900412,d02
wfs:SCHULEOGD.1900413,d02
wfs:SCHULEOGD.1900414,d02
wfs:SCHULEOGD.1900415,d02
wfs:SCHULEOGD.1900416,d02
wfs:SCHULEOGD.1900417,d02
wfs:SCHULEOGD.1900418,d02
wfs:SCHULEOGD.1900419,d02
wfs:SCHULEOGD.1900420,d02
wfs:SCHULEOGD.1900619,d10
wfs:SCHULEOGD.1900620,d10
wfs:SCHULEOGD.1900621,d10
wfs:SCHULEOGD.1900622,d10
wfs:SCHULEOGD.1900623,d10
wfs:SCHULEOGD.1900624,d10
wfs:SCHULEOGD.1900625,d10
wfs:SCHULEOGD.1900626,d10
wfs:SCHULEOGD.1900627,d10
wfs:SCHULEOGD.1900628,d10
wfs:SCHULEOGD.1900629,d10
wfs:SCHULEOGD.1900630,d10
wfs:SCHULEOGD.1900631,d10
wfs:SCHULEOGD.1900632,d11
wfs:SCHULEOGD.1900633,d11
wfs:SCHULEOGD.1900634,d11
wfs:SCHULEOGD.1900635,d11
wfs:SCHULEOGD.1900636,d11
wfs:SCHULEOGD.1900637,d11
wfs:SCHULEOGD.1900638,d10
wfs:SCHULEOGD.1900639,d03
wfs:SCHULEOGD.1900640,d11
wfs:SCHULEOGD.1900641,d10
wfs:SCHULEOGD.1900642,d11
wfs:SCHULEOGD.1900643,d11
wfs:SCHULEOGD.1900644,d11
wfs:SCHULEOGD.1900645,d11
wfs:SCHULEOGD.1900646,d11
wfs:SCHULEOGD.1900647,d11
wfs:SCHULEOGD.1900648,d11
wfs:SCHULEOGD.1900649,d11
wfs:SCHULEOGD.1900650,d11
wfs:SCHULEOGD.1900651,d11
wfs:SCHULEOGD.1900652,d11
wfs:SCHULEOGD.1900653,d11
wfs:SCHULEOGD.1900654,d11
wfs:SCHULEOGD.1900655,d11
wfs:SCHULEOGD.1900656,d11
wfs:SCHULEOGD.1900657,d11
wfs:SCHULEOGD.1900658,d11
wfs:SCHULEOGD.1900659,d11
wfs:SCHULEOGD.1900660,d11
wfs:SCHULEOGD.1900661,d11
wfs:SCHULEOGD.1900421,d02
wfs:SCHULEOGD.1900422,d02
wfs:SCHULEOGD.1900423,d02
wfs:SCHULEOGD.1900424,d02
wfs:SCHULEOGD.1900425,d02
wfs:SCHULEOGD.1900426,d02
wfs:SCHULEOGD.1900427,d02
wfs:SCHULEOGD.1900428,d02
wfs:SCHULEOGD.1900429,d02
wfs:SCHULEOGD.1900430,d02
wfs:SCHULEOGD.1900431,d02
wfs:SCHULEOGD.1900432,d02
wfs:SCHULEOGD.1900433,d02
wfs:SCHULEOGD.1900434,d02
wfs:SCHULEOGD.1900435,d02
wfs:SCHULEOGD.1900436,d02
wfs:SCHULEOGD.1900437,d02
wfs:SCHULEOGD.1900438,d02
wfs:SCHULEOGD.1900439,d02
wfs:SCHULEOGD.1900440,d02
wfs:SCHULEOGD.1900441,d02
wfs:SCHULEOGD.1900442,d02
wfs:SCHULEOGD.1900443,d02
wfs:SCHULEOGD.1900444,d02
wfs:SCHULEOGD.1900445,d02
wfs:SCHULEOGD.1900446,d02
wfs:SCHULEOGD.1900447,d02
wfs:SCHULEOGD.1900448,d03
wfs:SCHULEOGD.1900449,d03
wfs:SCHULEOGD.1900450,d03
wfs:SCHULEOGD.1900451,d03
wfs:SCHULEOGD.1900452,d03
wfs:SCHULEOGD.1900453,d03
wfs:SCHULEOGD.1900454,d03
wfs:SCHULEOGD.1900455,d03
wfs:SCHULEOGD.1900456,d03
wfs:SCHULEOGD.1900457,d03
wfs:SCHULEOGD.1900458,d03
wfs:SCHULEOGD.1900459,d03
wfs:SCHULEOGD.1900460,d03
wfs:SCHULEOGD.1900461,d03
wfs:SCHULEOGD.1900462,d23
wfs:SCHULEOGD.1900463,d21
wfs:SCHULEOGD.1900464,d03
wfs:SCHULEOGD.1900465,d03
wfs:SCHULEOGD.1900466,d03
wfs:SCHULEOGD.1900467,d03
wfs:SCHULEOGD.1900468,d03
wfs:SCHULEOGD.1900469,d03
wfs:SCHULEOGD.1900470,d03
wfs:SCHULEOGD.1900471,d03
wfs:SCHULEOGD.1900472,d03
wfs:SCHULEOGD.1900473,d03
wfs:SCHULEOGD.1900474,d03
wfs:SCHULEOGD.1900475,d03
wfs:SCHULEOGD.1900476,d03
wfs:SCHULEOGD.1900477,d03
wfs:SCHULEOGD.1900478,d03
wfs:SCHULEOGD.1900479,d03
wfs:SCHULEOGD.1900480,d03
wfs:SCHULEOGD.1900481,d03
wfs:SCHULEOGD.1900482,d03
wfs:SCHULEOGD.1900483,d03
wfs:SCHULEOGD.1900484,d03
wfs:SCHULEOGD.1900485,d03
wfs:SCHULEOGD.1900486,d13
wfs:SCHULEOGD.1900487,d13
wfs:SCHULEOGD.1900488,d03
wfs:SCHULEOGD.1900489,d04
wfs:SCHULEOGD.1900490,d04
wfs:SCHULEOGD.1900491,d04
wfs:SCHULEOGD.1900492,d04
wfs:SCHULEOGD.1900493,d04
wfs:SCHULEOGD.1900494,d04
wfs:SCHULEOGD.1900495,d04
wfs:SCHULEOGD.1900496,d04
wfs:SCHULEOGD.1900497,d04
wfs:SCHULEOGD.1900498,d04
wfs:SCHULEOGD.1900499,d04
wfs:SCHULEOGD.1900500,d04
wfs:SCHULEOGD.1900501,d04
wfs:SCHULEOGD.1900502,d04
wfs:SCHULEOGD.1900503,d05
wfs:SCHULEOGD.1900504,d05
wfs:SCHULEOGD.1900505,d05
wfs:SCHULEOGD.1900506,d05
wfs:SCHULEOGD.1900507,d05
wfs:SCHULEOGD.1900508,d05
wfs:SCHULEOGD.1900509,d05
wfs:SCHULEOGD.1900510,d05
wfs:SCHULEOGD.1900511,d05
wfs:SCHULEOGD.1900512,d05
wfs:SCHULEOGD.1900513,d05
wfs:SCHULEOGD.1900514,d05
wfs:SCHULEOGD.1900515,d05
wfs:SCHULEOGD.1900516,d06
wfs:SCHULEOGD.1900517,d06
wfs:SCHULEOGD.1900518,d06
wfs:SCHULEOGD.1900519,d06
wfs:SCHULEOGD.1900520,d06
wfs:SCHULEOGD.1900521,d06
wfs:SCHULEOGD.1900522,d06
wfs:SCHULEOGD.1900523,d06
wfs:SCHULEOGD.1900524,d06
wfs:SCHULEOGD.1900525,d06
wfs:SCHULEOGD.1900526,d06
wfs:SCHULEOGD.1900527,d06
wfs:SCHULEOGD.1900528,d06
wfs:SCHULEOGD.1900529,d06
wfs:SCHULEOGD.1900530,d06
wfs:SCHULEOGD.1900531,d06
wfs:SCHULEOGD.1900532,d07
wfs:SCHULEOGD.1900533,d07
wfs:SCHULEOGD.1900534,d07
wfs:SCHULEOGD.1900535,d07
wfs:SCHULEOGD.1900536,d07
wfs:SCHULEOGD.1900537,d07
wfs:SCHULEOGD.1900538,d07
wfs:SCHULEOGD.1900539,d14
wfs:SCHULEOGD.1900540,d07
wfs:SCHULEOGD.1900541,d07
wfs:SCHULEOGD.1900542,d07
wfs:SCHULEOGD.1900543,d07
wfs:SCHULEOGD.1900544,d07
wfs:SCHULEOGD.1900545,d07
wfs:SCHULEOGD.1900546,d07
wfs:SCHULEOGD.1900547,d07
wfs:SCHULEOGD.1900548,d07
wfs:SCHULEOGD.1900549,d08
wfs:SCHULEOGD.1900550,d08
wfs:SCHULEOGD.1900551,d08
wfs:SCHULEOGD.1900552,d08
wfs:SCHULEOGD.1900553,d08
wfs:SCHULEOGD.1900554,d08
wfs:SCHULEOGD.1900555,d08
wfs:SCHULEOGD.1900556,d08
wfs:SCHULEOGD.1900557,d08
wfs:SCHULEOGD.1900558,d08
wfs:SCHULEOGD.1900559,d09
wfs:SCHULEOGD.1900560,d10
wfs:SCHULEOGD.1900561,d02
wfs:SCHULEOGD.1900562,d08
wfs:SCHULEOGD.1900563,d09
wfs:SCHULEOGD.1900564,d09
wfs:SCHULEOGD.1900565,d09
wfs:SCHULEOGD.1900566,d09
wfs:SCHULEOGD.1900567,d09
wfs:SCHULEOGD.1900568,d09
wfs:SCHULEOGD.1900569,d09
wfs:SCHULEOGD.1900570,d09
wfs:SCHULEOGD.1900571,d09
wfs:SCHULEOGD.1900572,d09
wfs:SCHULEOGD.1900573,d09
wfs:SCHULEOGD.1900574,d09
wfs:SCHULEOGD.1900575,d10
wfs:SCHULEOGD.1900576,d10
wfs:SCHULEOGD.1900577,d10
wfs:SCHULEOGD.1900578,d10
wfs:SCHULEOGD.1900579,d10
wfs:SCHULEOGD.1900580,d10
wfs:SCHULEOGD.1900581,d10
wfs:SCHULEOGD.1900582,d10
wfs:SCHULEOGD.1900583,d10
wfs:SCHULEOGD.1900584,d10
wfs:SCHULEOGD.1900585,d10
wfs:SCHULEOGD.1900586,d10
wfs:SCHULEOGD.1900587,d10
wfs:SCHULEOGD.1900588,d10
wfs:SCHULEOGD.1900589,d10
wfs:SCHULEOGD.1900590,d10
wfs:SCHULEOGD.1900591,d10
wfs:SCHULEOGD.1900592,d10
wfs:SCHULEOGD.1900593,d10
wfs:SCHULEOGD.1900594,d10
wfs:SCHULEOGD.1900595,d10
wfs:SCHULEOGD.1900596,d10
wfs:SCHULEOGD.1900597,d10
wfs:SCHULEOGD.1900598,d10
wfs:SCHULEOGD.1900599,d10
wfs:SCHULEOGD.1900600,d10
wfs:SCHULEOGD.1900601,d10
wfs:SCHULEOGD.1900602,d10
wfs:SCHULEOGD.1900603,d10
wfs:SCHULEOGD.1900604,d10
wfs:SCHULEOGD.1900605,d10
wfs:SCHULEOGD.1900606,d10
wfs:SCHULEOGD.1900607,d10
wfs:SCHULEOGD.1900608,d10
wfs:SCHULEOGD.1900609,d10
wfs:SCHULEOGD.1900610,d10
wfs:SCHULEOGD.1900611,d10
wfs:SCHULEOGD.1900612,d10
wfs:SCHULEOGD.1900613,d10
wfs:SCHULEOGD.1900614,d10
wfs:SCHULEOGD.1900615,d10
wfs:SCHULEOGD.1900616,d10
wfs:SCHULEOGD.1900617,d10
wfs:SCHULEOGD.1900618,d10
wfs:KINDERGARTENOGD.8944229,d17
wfs:KINDERGARTENOGD.8944230,d17
wfs:KINDERGARTENOGD.8944231,d22
wfs:KINDERGARTENOGD.8944232,d15
wfs:KINDERGARTENOGD.8944233,d15
wfs:KINDERGARTENOGD.8944234,d16
wfs:KINDERGARTENOGD.8944235,d16
wfs:KINDERGARTENOGD.8944236,d14
wfs:KINDERGARTENOGD.8944237,d22
wfs:KINDERGARTENOGD.8944238,d22
wfs:KINDERGARTENOGD.8944239,d03
wfs:KINDERGARTENOGD.8944240,d02
wfs:KINDERGARTENOGD.8944241,d03
wfs:KINDERGARTENOGD.8944242,d19
wfs:KINDERGARTENOGD.8944311,d10
wfs:KINDERGARTENOGD.8944312,d18
wfs:KINDERGARTENOGD.8944313,d03
wfs:KINDERGARTENOGD.8944314,d21
wfs:KINDERGARTENOGD.8944315,d18
wfs:KINDERGARTENOGD.8944316,d11
wfs:KINDERGARTENOGD.8944317,d20
wfs:KINDERGARTENOGD.8944318,d02
wfs:KINDERGARTENOGD.8944319,d18
wfs:KINDERGARTENOGD.8944320,d22
wfs:KINDERGARTENOGD.8944321,d10
wfs:KINDERGARTENOGD.8944322,d11
wfs:KINDERGARTENOGD.8944323,d02
wfs:KINDERGARTENOGD.8944324,d15
wfs:KINDERGARTENOGD.8944325,d22
wfs:KINDERGARTENOGD.8944326,d22
wfs:KINDERGARTENOGD.8944327,d15
wfs:KINDERGARTENOGD.8944328,d21
wfs:KINDERGARTENOGD.8944329,d15
wfs:KINDERGARTENOGD.8944330,d22
wfs:KINDERGARTENOGD.8944331,d15
wfs:KINDERGARTENOGD.8944332,d21
wfs:KINDERGARTENOGD.8944333,d02
wfs:KINDERGARTENOGD.8944334,d23
wfs:KINDERGARTENOGD.8944335,d12
wfs:KINDERGARTENOGD.8944336,d10
wfs:KINDERGARTENOGD.8944337,d23
wfs:KINDERGARTENOGD.8944338,d22
wfs:KINDERGARTENOGD.8944339,d06
wfs:KINDERGARTENOGD.8944340,d21
wfs:KINDERGARTENOGD.8944341,d08
wfs:KINDERGARTENOGD.8944342,d10
wfs:KINDERGARTENOGD.8944343,d10
wfs:KINDERGARTENOGD.8944344,d14
wfs:KINDERGARTENOGD.8944345,d21
wfs:KINDERGARTENOGD.8944346,d11
wfs:KINDERGARTENOGD.8944347,d22
wfs:KINDERGARTENOGD.8944348,d14
wfs:KINDERGARTENOGD.8944349,d10
wfs:KINDERGARTENOGD.8944350,d23
wfs:KINDERGARTENOGD.8944351,d22
wfs:KINDERGARTENOGD.8944352,d19
wfs:KINDERGARTENOGD.8944243,d12
wfs:KINDERGARTENOGD.8944244,d21
wfs:KINDERGARTENOGD.8944245,d10
wfs:KINDERGARTENOGD.8944246,d21
wfs:KINDERGARTENOGD.8944247,d14
wfs:KINDERGARTENOGD.8944248,d10
wfs:KINDERGARTENOGD.8944249,d21
wfs:KINDERGARTENOGD.8944250,d23
wfs:KINDERGARTENOGD.8944251,d16
wfs:KINDERGARTENOGD.8944252,d07
wfs:KINDERGARTENOGD.8944253,d22
wfs:KINDERGARTENOGD.8944254,d11
wfs:KINDERGARTENOGD.8944255,d13
wfs:KINDERGARTENOGD.8944256,d10
wfs:KINDERGARTENOGD.8944257,d22
wfs:KINDERGARTENOGD.8944258,d09
wfs:KINDERGARTENOGD.8944259,d21
wfs:KINDERGARTENOGD.8944260,d09
wfs:KINDERGARTENOGD.8944261,d14
wfs:KINDERGARTENOGD.8944262,d02
wfs:KINDERGARTENOGD.8944263,d11
wfs:KINDERGARTENOGD.8944264,d03
wfs:KINDERGARTENOGD.8944265,d10
wfs:KINDERGARTENOGD.8944266,d19
wfs:KINDERGARTENOGD.8944267,d10
wfs:KINDERGARTENOGD.8944268,d23
wfs:KINDERGARTENOGD.8944269,d05
wfs:KINDERGARTENOGD.8944270,d05
wfs:KINDERGARTENOGD.8944271,d23
wfs:KINDERGARTENOGD.8944272,d08
wfs:KINDERGARTENOGD.8944273,d19
wfs:KINDERGARTENOGD.8944274,d09
wfs:KINDERGARTENOGD.8944275,d10
wfs:KINDERGARTENOGD.8944276,d20
wfs:KINDERGARTENOGD.8944277,d11
wfs:KINDERGARTENOGD.8944278,d09
wfs:KINDERGARTENOGD.8944279,d09
wfs:KINDERGARTENOGD.8944280,d15
wfs:KINDERGARTENOGD.8944281,d18
wfs:KINDERGARTENOGD.8944282,d02
wfs:KINDERGARTENOGD.8944283,d17
wfs:KINDERGARTENOGD.8944284,d03
wfs:KINDERGARTENOGD.8944285,d06
wfs:KINDERGARTENOGD.8944286,d06
wfs:KINDERGARTENOGD.8944287,d23
wfs:KINDERGARTENOGD.8944288,d22
wfs:KINDERGARTENOGD.8944289,d21
wfs:KINDERGARTENOGD.8944290,d16
wfs:KINDERGARTENOGD.8944291,d14
wfs:KINDERGARTENOGD.8944292,d14
wfs:KINDERGARTENOGD.8944293,d21
wfs:KINDERGARTENOGD.8944294,d16
wfs:KINDERGARTENOGD.8944295,d15
wfs:KINDERGARTENOGD.8944296,d16
wfs:KINDERGARTENOGD.8944297,d23
wfs:KINDERGARTENOGD.8944298,d16
wfs:KINDERGARTENOGD.8944299,d05
wfs:KINDERGARTENOGD.8944300,d20
wfs:KINDERGARTENOGD.8944301,d15
wfs:KINDERGARTENOGD.8944302,d12
wfs:KINDERGARTENOGD.8944303,d18
wfs:KINDERGARTENOGD.8944304,d23
wfs:KINDERGARTENOGD.8944305,d21
wfs:KINDERGARTENOGD.8944306,d11
wfs:KINDERGARTENOGD.8944307,d02
wfs:KINDERGARTENOGD.8944308,d22
wfs:KINDERGARTENOGD.8944309,d22
wfs:KINDERGARTENOGD.8944310,d22
wfs:KINDERGARTENOGD.8944144,d07
wfs:KINDERGARTENOGD.8944145,d03
wfs:KINDERGARTENOGD.8944146,d12
wfs:KINDERGARTENOGD.8944147,d10
wfs:KINDERGARTENOGD.8944148,d02
wfs:KINDERGARTENOGD.8944149,d22
wfs:KINDERGARTENOGD.8944150,d22
wfs:KINDERGARTENOGD.8944151,d16
wfs:KINDERGARTENOGD.8944152,d22
wfs:KINDERGARTENOGD.8944153,d08
wfs:KINDERGARTENOGD.8944154,d02
wfs:KINDERGARTENOGD.8944155,d02
wfs:KINDERGARTENOGD.8944156,d23
wfs:KINDERGARTENOGD.8944157,d15
wfs:KINDERGARTENOGD.8944158,d01
wfs:KINDERGARTENOGD.8944159,d21
wfs:KINDERGARTENOGD.8944160,d10
wfs:KINDERGARTENOGD.8944161,d22
wfs:KINDERGARTENOGD.8944162,d23
wfs:KINDERGARTENOGD.8944163,d17
wfs:KINDERGARTENOGD.8944164,d04
wfs:KINDERGARTENOGD.8944165,d10
wfs:KINDERGARTENOGD.8944166,d15
wfs:KINDERGARTENOGD.8944167,d18
wfs:KINDERGARTENOGD.8944168,d12
wfs:KINDERGARTENOGD.8944169,d12
wfs:KINDERGARTENOGD.8944170,d20
wfs:KINDERGARTENOGD.8944171,d22
wfs:KINDERGARTENOGD.8944172,d22
wfs:KINDERGARTENOGD.8944173,d10
wfs:KINDERGARTENOGD.8944174,d16
wfs:KINDERGARTENOGD.8944175,d23
wfs:KINDERGARTENOGD.8944176,d16
wfs:KINDERGARTENOGD.8944177,d02
wfs:KINDERGARTENOGD.8944178,d13
wfs:KINDERGARTENOGD.8944179,d12
wfs:KINDERGARTENOGD.8944180,d10
wfs:KINDERGARTENOGD.8944181,d03
wfs:KINDERGARTENOGD.8944182,d01
wfs:KINDERGARTENOGD.8944183,d14
wfs:KINDERGARTENOGD.8944184,d16
wfs:KINDERGARTENOGD.8944185,d16
wfs:KINDERGARTENOGD.8944186,d19
wfs:KINDERGARTENOGD.8944187,d21
wfs:KINDERGARTENOGD.8944188,d05
wfs:KINDERGARTENOGD.8944189,d21
wfs:KINDERGARTENOGD.8944190,d10
wfs:KINDERGARTENOGD.8944191,d04
wfs:KINDERGARTENOGD.8944192,d13
wfs:KINDERGARTENOGD.8944193,d21
wfs:KINDERGARTENOGD.8944194,d23
wfs:KINDERGARTENOGD.8944195,d19
wfs:KINDERGARTENOGD.8944196,d23
wfs:KINDERGARTENOGD.8944197,d22
wfs:KINDERGARTENOGD.8944198,d19
wfs:KINDERGARTENOGD.8944199,d02
wfs:KINDERGARTENOGD.8944200,d16
wfs:KINDERGARTENOGD.8944201,d16
wfs:KINDERGARTENOGD.8944202,d15
wfs:KINDERGARTENOGD.8944203,d09
wfs:KINDERGARTENOGD.8944204,d09
wfs:KINDERGARTENOGD.8944205,d19
wfs:KINDERGARTENOGD.8944206,d14
wfs:KINDERGARTENOGD.8944207,d04
wfs:KINDERGARTENOGD.8944208,d14
wfs:KINDERGARTENOGD.8944209,d22
wfs:KINDERGARTENOGD.8944210,d21
wfs:KINDERGARTENOGD.8944211,d21
wfs:KINDERGARTENOGD.8944212,d22
wfs:KINDERGARTENOGD.8944213,d22
wfs:KINDERGARTENOGD.8944214,d22
wfs:KINDERGARTENOGD.8944215,d22
wfs:KINDERGARTENOGD.8944216,d05
wfs:KINDERGARTENOGD.8944217,d05
wfs:KINDERGARTENOGD.8944218,d07
wfs:KINDERGARTENOGD.8944219,d05
wfs:KINDERGARTENOGD.8944220,d03
wfs:KINDERGARTENOGD.8944221,d10
wfs:KINDERGARTENOGD.8944222,d10
wfs:KINDERGARTENOGD.8944223,d11
wfs:KINDERGARTENOGD.8944224,d18
wfs:KINDERGARTENOGD.8944225,d10
wfs:KINDERGARTENOGD.8944226,d11
wfs:KINDERGARTENOGD.8944227,d13
wfs:KINDERGARTENOGD.8944228,d13
wfs:KINDERGARTENOGD.8944022,d14
wfs:KINDERGARTENOGD.8944023,d19
wfs:KINDERGARTENOGD.8944024,d13
wfs:KINDERGARTENOGD.8944025,d10
wfs:KINDERGARTENOGD.8944026,d16
wfs:KINDERGARTENOGD.8944027,d19
wfs:KINDERGARTENOGD.8944028,d16
wfs:KINDERGARTENOGD.8944029,d23
wfs:KINDERGARTENOGD.8944030,d19
wfs:KINDERGARTENOGD.8944031,d19
wfs:KINDERGARTENOGD.8944032,d22
wfs:KINDERGARTENOGD.8944033,d19
wfs:KINDERGARTENOGD.8944034,d14
wfs:KINDERGARTENOGD.8944035,d03
wfs:KINDERGARTENOGD.8944103,d10
wfs:KINDERGARTENOGD.8944104,d19
wfs:KINDERGARTENOGD.8944105,d11
wfs:KINDERGARTENOGD.8944106,d12
wfs:KINDERGARTENOGD.8944107,d12
wfs:KINDERGARTENOGD.8944108,d01
wfs:KINDERGARTENOGD.8944109,d15
wfs:KINDERGARTENOGD.8944110,d16
wfs:KINDERGARTENOGD.8944111,d10
wfs:KINDERGARTENOGD.8944112,d17
wfs:KINDERGARTENOGD.8944113,d03
wfs:KINDERGARTENOGD.8944114,d10
wfs:KINDERGARTENOGD.8944115,d14
wfs:KINDERGARTENOGD.8944116,d13
wfs:KINDERGARTENOGD.8944117,d03
wfs:KINDERGARTENOGD.8944118,d22
wfs:KINDERGARTENOGD.8944119,d11
wfs:KINDERGARTENOGD.8944120,d15
wfs:KINDERGARTENOGD.8944121,d20
wfs:KINDERGARTENOGD.8944122,d22
wfs:KINDERGARTENOGD.8944123,d02
wfs:KINDERGARTENOGD.8944124,d02
wfs:KINDERGARTENOGD.8944125,d10
wfs:KINDERGARTENOGD.8944126,d21
wfs:KINDERGARTENOGD.8944127,d23
wfs:KINDERGARTENOGD.8944128,d03
wfs:KINDERGARTENOGD.8944129,d11
wfs:KINDERGARTENOGD.8944130,d10
wfs:KINDERGARTENOGD.8944131,d21
wfs:KINDERGARTENOGD.8944132,d20
wfs:KINDERGARTENOGD.8944133,d03
wfs:KINDERGARTENOGD.8944134,d16
wfs:KINDERGARTENOGD.8944135,d12
wfs:KINDERGARTENOGD.8944136,d19
wfs:KINDERGARTENOGD.8944137,d03
wfs:KINDERGARTENOGD.8944138,d13
wfs:KINDERGARTENOGD.8944139,d10
wfs:KINDERGARTENOGD.8944140,d15
wfs:KINDERGARTENOGD.8944141,d16
wfs:KINDERGARTENOGD.8944142,d22
wfs:KINDERGARTENOGD.8944143,d22
wfs:KINDERGARTENOGD.8944036,d14
wfs:KINDERGARTENOGD.8944037,d14
wfs:KINDERGARTENOGD.8944038,d16
wfs:KINDERGARTENOGD.8944039,d02
wfs:KINDERGARTENOGD.8944040,d22
wfs:KINDERGARTENOGD.8944041,d13
wfs:KINDERGARTENOGD.8944042,d16
wfs:KINDERGARTENOGD.8944043,d02
wfs:KINDERGARTENOGD.8944044,d20
wfs:KINDERGARTENOGD.8944045,d14
wfs:KINDERGARTENOGD.8944046,d18
wfs:KINDERGARTENOGD.8944047,d02
wfs:KINDERGARTENOGD.8944048,d22
wfs:KINDERGARTENOGD.8944049,d03
wfs:KINDERGARTENOGD.8944050,d18
wfs:KINDERGARTENOGD.8944051,d04
wfs:KINDERGARTENOGD.8944052,d01
wfs:KINDERGARTENOGD.8944053,d20
wfs:KINDERGARTENOGD.8944054,d19
wfs:KINDERGARTENOGD.8944055,d02
wfs:KINDERGARTENOGD.8944056,d10
wfs:KINDERGARTENOGD.8944057,d15
wfs:KINDERGARTENOGD.8944058,d02
wfs:KINDERGARTENOGD.8944059,d12
wfs:KINDERGARTENOGD.8944060,d05
wfs:KINDERGARTENOGD.8944061,d08
wfs:KINDERGARTENOGD.8944062,d02
wfs:KINDERGARTENOGD.8944063,d10
wfs:KINDERGARTENOGD.8944064,d10
wfs:KINDERGARTENOGD.8944065,d10
wfs:KINDERGARTENOGD.8944066,d10
wfs:KINDERGARTENOGD.8944067,d03
wfs:KINDERGARTENOGD.8944068,d18
wfs:KINDERGARTENOGD.8944069,d16
wfs:KINDERGARTENOGD.8944070,d18
wfs:KINDERGARTENOGD.8944071,d18
wfs:KINDERGARTENOGD.8944072,d16
wfs:KINDERGARTENOGD.8944073,d12
wfs:KINDERGARTENOGD.8944074,d16
wfs:KINDERGARTENOGD.8944075,d15
wfs:KINDERGARTENOGD.8944076,d22
wfs:KINDERGARTENOGD.8944077,d12
wfs:KINDERGARTENOGD.8944078,d13
wfs:KINDERGARTENOGD.8944079,d10
wfs:KINDERGARTENOGD.8944080,d22
wfs:KINDERGARTENOGD.8944081,d22
wfs:KINDERGARTENOGD.8944082,d22
wfs:KINDERGARTENOGD.8944083,d13
wfs:KINDERGARTENOGD.8944084,d20
wfs:KINDERGARTENOGD.8944085,d15
wfs:KINDERGARTENOGD.8944086,d21
wfs:KINDERGARTENOGD.8944087,d06
wfs:KINDERGARTENOGD.8944088,d04
wfs:KINDERGARTENOGD.8944089,d20
wfs:KINDERGARTENOGD.8944090,d14
wfs:KINDERGARTENOGD.8944091,d10
wfs:KINDERGARTENOGD.8944092,d03
wfs:KINDERGARTENOGD.8944093,d03
wfs:KINDERGARTENOGD.8944094,d04
wfs:KINDERGARTENOGD.8944095,d23
wfs:KINDERGARTENOGD.8944096,d11
wfs:KINDERGARTENOGD.8944097,d11
wfs:KINDERGARTENOGD.8944098,d01
wfs:KINDERGARTENOGD.8944099,d10
wfs:KINDERGARTENOGD.8944100,d18
wfs:KINDERGARTENOGD.8944101,d02
wfs:KINDERGARTENOGD.8944102,d02
wfs:KINDERGARTENOGD.8943941,d12
wfs:KINDERGARTENOGD.8943942,d12
wfs:KINDERGARTENOGD.8943943,d13
wfs:KINDERGARTENOGD.8943944,d16
wfs:KINDERGARTENOGD.8943945,d13
wfs:KINDERGARTENOGD.8943946,d13
wfs:KINDERGARTENOGD.8943947,d13
wfs:KINDERGARTENOGD.8943948,d13
wfs:KINDERGARTENOGD.8943949,d13
wfs:KINDERGARTENOGD.8943950,d13
wfs:KINDERGARTENOGD.8943951,d13
wfs:KINDERGARTENOGD.8943952,d14
wfs:KINDERGARTENOGD.8943953,d14
wfs:KINDERGARTENOGD.8943954,d15
wfs:KINDERGARTENOGD.8943955,d15
wfs:KINDERGARTENOGD.8943956,d15
wfs:KINDERGARTENOGD.8943957,d15
wfs:KINDERGARTENOGD.8943958,d15
wfs:KINDERGARTENOGD.8943959,d16
wfs:KINDERGARTENOGD.8943960,d16
wfs:KINDERGARTENOGD.8943961,d16
wfs:KINDERGARTENOGD.8943962,d23
wfs:KINDERGARTENOGD.8943963,d23
wfs:KINDERGARTENOGD.8943964,d23
wfs:KINDERGARTENOGD.8943965,d23
wfs:KINDERGARTENOGD.8943966,d10
wfs:KINDERGARTENOGD.8943967,d10
wfs:KINDERGARTENOGD.8943968,d10
wfs:KINDERGARTENOGD.8943969,d14
wfs:KINDERGARTENOGD.8943970,d14
wfs:KINDERGARTENOGD.8943971,d16
wfs:KINDERGARTENOGD.8943972,d16
wfs:KINDERGARTENOGD.8943973,d16
wfs:KINDERGARTENOGD.8943974,d23
wfs:KINDERGARTENOGD.8943975,d23
wfs:KINDERGARTENOGD.8943976,d16
wfs:KINDERGARTENOGD.8943977,d14
wfs:KINDERGARTENOGD.8943978,d13
wfs:KINDERGARTENOGD.8943979,d16
wfs:KINDERGARTENOGD.8943980,d14
wfs:KINDERGARTENOGD.8943981,d10
wfs:KINDERGARTENOGD.8943982,d14
wfs:KINDERGARTENOGD.8943983,d10
wfs:KINDERGARTENOGD.8943984,d12
wfs:KINDERGARTENOGD.8943985,d15
wfs:KINDERGARTENOGD.8943986,d15
wfs:KINDERGARTENOGD.8943987,d16
wfs:KINDERGARTENOGD.8943988,d22
wfs:KINDERGARTENOGD.8943989,d20
wfs:KINDERGARTENOGD.8943990,d16
wfs:KINDERGARTENOGD.8943991,d16
wfs:KINDERGARTENOGD.8943992,d02
wfs:KINDERGARTENOGD.8943993,d02
wfs:KINDERGARTENOGD.8943994,d02
wfs:KINDERGARTENOGD.8943995,d02
wfs:KINDERGARTENOGD.8943996,d02
wfs:KINDERGARTENOGD.8943997,d02
wfs:KINDERGARTENOGD.8943998,d02
wfs:KINDERGARTENOGD.8943999,d02
wfs:KINDERGARTENOGD.8944000,d08
wfs:KINDERGARTENOGD.8944001,d10
wfs:KINDERGARTENOGD.8944002,d10
wfs:KINDERGARTENOGD.8944003,d02
wfs:KINDERGARTENOGD.8944004,d22
wfs:KINDERGARTENOGD.8944005,d19
wfs:KINDERGARTENOGD.8944006,d20
wfs:KINDERGARTENOGD.8944007,d20
wfs:KINDERGARTENOGD.8944008,d20
wfs:KINDERGARTENOGD.8944009,d20
wfs:KINDERGARTENOGD.8944010,d20
wfs:KINDERGARTENOGD.8944011,d20
wfs:KINDERGARTENOGD.8944012,d20
wfs:KINDERGARTENOGD.8944013,d20
wfs:KINDERGARTENOGD.8944014,d20
wfs:KINDERGARTENOGD.8944015,d20
wfs:KINDERGARTENOGD.8944016,d20
wfs:KINDERGARTENOGD.8944017,d20
wfs:KINDERGARTENOGD.8944018,d02
wfs:KINDERGARTENOGD.8944019,d21
wfs:KINDERGARTENOGD.8944020,d21
wfs:KINDERGARTENOGD.8944021,d02
wfs:KINDERGARTENOGD.8944667,d22
wfs:KINDERGARTENOGD.8944668,d23
wfs:KINDERGARTENOGD.8944669,d20
wfs:KINDERGARTENOGD.8944670,d15
wfs:KINDERGARTENOGD.8944671,d02
wfs:KINDERGARTENOGD.8944672,d21
wfs:KINDERGARTENOGD.8944673,d22
wfs:KINDERGARTENOGD.8944674,d07
wfs:KINDERGARTENOGD.8944675,d14
wfs:KINDERGARTENOGD.8944676,d21
wfs:KINDERGARTENOGD.8944677,d22
wfs:KINDERGARTENOGD.8944678,d23
wfs:KINDERGARTENOGD.8944679,d23
wfs:KINDERGARTENOGD.8944666,d21
wfs:KINDERGARTENOGD.8944680,d10
wfs:KINDERGARTENOGD.8944681,d08
wfs:KINDERGARTENOGD.8944682,d21
wfs:KINDERGARTENOGD.8944683,d21
wfs:KINDERGARTENOGD.8944684,d19
wfs:KINDERGARTENOGD.8944685,d11
wfs:KINDERGARTENOGD.8944686,d21
wfs:KINDERGARTENOGD.8944687,d11
wfs:KINDERGARTENOGD.8944688,d13
wfs:KINDERGARTENOGD.8944689,d21
wfs:KINDERGARTENOGD.8944690,d23
wfs:KINDERGARTENOGD.8944691,d21
wfs:KINDERGARTENOGD.8944692,d22
wfs:KINDERGARTENOGD.8944693,d22
wfs:KINDERGARTENOGD.8944694,d23
wfs:KINDERGARTENOGD.8944695,d23
wfs:KINDERGARTENOGD.8944696,d12
wfs:KINDERGARTENOGD.8944697,d08
wfs:KINDERGARTENOGD.8944698,d21
wfs:KINDERGARTENOGD.8944699,d04
wfs:KINDERGARTENOGD.8944700,d12
wfs:KINDERGARTENOGD.8944701,d01
wfs:KINDERGARTENOGD.8944702,d14
wfs:KINDERGARTENOGD.8944703,d23
wfs:KINDERGARTENOGD.8944561,d02
wfs:KINDERGARTENOGD.8944562,d10
wfs:KINDERGARTENOGD.8944563,d04
wfs:KINDERGARTENOGD.8944564,d21
wfs:KINDERGARTENOGD.8944565,d03
wfs:KINDERGARTENOGD.8944566,d18
wfs:KINDERGARTENOGD.8944567,d23
wfs:KINDERGARTENOGD.8944568,d15
wfs:KINDERGARTENOGD.8944569,d14
wfs:KINDERGARTENOGD.8944570,d22
wfs:KINDERGARTENOGD.8944571,d22
wfs:KINDERGARTENOGD.8944572,d13
wfs:KINDERGARTENOGD.8944573,d02
wfs:KINDERGARTENOGD.8944574,d07
wfs:KINDERGARTENOGD.8944575,d18
wfs:KINDERGARTENOGD.8944576,d16
wfs:KINDERGARTENOGD.8944577,d22
wfs:KINDERGARTENOGD.8944578,d10
wfs:KINDERGARTENOGD.8944579,d11
wfs:KINDERGARTENOGD.8944580,d22
wfs:KINDERGARTENOGD.8944581,d09
wfs:KINDERGARTENOGD.8944582,d03
wfs:KINDERGARTENOGD.8944583,d03
wfs:KINDERGARTENOGD.8944584,d06
wfs:KINDERGARTENOGD.8944585,d12
wfs:KINDERGARTENOGD.8944586,d15
wfs:KINDERGARTENOGD.8944587,d15
wfs:KINDERGARTENOGD.8944588,d21
wfs:KINDERGARTENOGD.8944589,d10
wfs:KINDERGARTENOGD.8944590,d13
wfs:KINDERGARTENOGD.8944591,d22
wfs:KINDERGARTENOGD.8944592,d17
wfs:KINDERGARTENOGD.8944593,d16
wfs:KINDERGARTENOGD.8944594,d16
wfs:KINDERGARTENOGD.8944595,d10
wfs:KINDERGARTENOGD.8944596,d22
wfs:KINDERGARTENOGD.8944597,d16
wfs:KINDERGARTENOGD.8944598,d12
wfs:KINDERGARTENOGD.8944599,d10
wfs:KINDERGARTENOGD.8944600,d10
wfs:KINDERGARTENOGD.8944601,d14
wfs:KINDERGARTENOGD.8944602,d13
wfs:KINDERGARTENOGD.8944603,d20
wfs:KINDERGARTENOGD.8944604,d22
wfs:KINDERGARTENOGD.8944605,d09
wfs:KINDERGARTENOGD.8944606,d04
wfs:KINDERGARTENOGD.8944607,d21
wfs:KINDERGARTENOGD.8944608,d22
wfs:KINDERGARTENOGD.8944609,d10
wfs:KINDERGARTENOGD.8944610,d11
wfs:KINDERGARTENOGD.8944611,d03
wfs:KINDERGARTENOGD.8944612,d23
wfs:KINDERGARTENOGD.8944613,d23
wfs:KINDERGARTENOGD.8944614,d11
wfs:KINDERGARTENOGD.8944615,d02
wfs:KINDERGARTENOGD.8944616,d10
wfs:KINDERGARTENOGD.8944617,d14
wfs:KINDERGARTENOGD.8944618,d21
wfs:KINDERGARTENOGD.8944619,d15
wfs:KINDERGARTENOGD.8944620,d10
wfs:KINDERGARTENOGD.8944621,d21
wfs:KINDERGARTENOGD.8944622,d03
wfs:KINDERGARTENOGD.8944623,d23
wfs:KINDERGARTENOGD.8944624,d21
wfs:KINDERGARTENOGD.8944625,d16
wfs:KINDERGARTENOGD.8944626,d20
wfs:KINDERGARTENOGD.8944627,d14
wfs:KINDERGARTENOGD.8944628,d03
wfs:KINDERGARTENOGD.8944629,d19
wfs:KINDERGARTENOGD.8944630,d11
wfs:KINDERGARTENOGD.8944631,d10
wfs:KINDERGARTENOGD.8944632,d02
wfs:KINDERGARTENOGD.8944633,d22
wfs:KINDERGARTENOGD.8944634,d18
wfs:KINDERGARTENOGD.8944635,d12
wfs:KINDERGARTENOGD.8944636,d11
wfs:KINDERGARTENOGD.8944637,d12
wfs:KINDERGARTENOGD.8944638,d10
wfs:KINDERGARTENOGD.8944639,d10
wfs:KINDERGARTENOGD.8944640,d14
wfs:KINDERGARTENOGD.8944641,d23
wfs:KINDERGARTENOGD.8944642,d22
wfs:KINDERGARTENOGD.8944643,d04
wfs:KINDERGARTENOGD.8944644,d22
wfs:KINDERGARTENOGD.8944645,d14
wfs:KINDERGARTENOGD.8944646,d17
wfs:KINDERGARTENOGD.8944647,d16
wfs:KINDERGARTENOGD.8944648,d03
wfs:KINDERGARTENOGD.8944649,d14
wfs:KINDERGARTENOGD.8944650,d12
wfs:KINDERGARTENOGD.8944651,d12
wfs:KINDERGARTENOGD.8944652,d07
wfs:KINDERGARTENOGD.8944653,d15
wfs:KINDERGARTENOGD.8944654,d02
wfs:KINDERGARTENOGD.8944655,d04
wfs:KINDERGARTENOGD.8944656,d22
wfs:KINDERGARTENOGD.8944657,d16
wfs:KINDERGARTENOGD.8944658,d21
wfs:KINDERGARTENOGD.8944659,d21
wfs:KINDERGARTENOGD.8944660,d10
wfs:KINDERGARTENOGD.8944661,d19
wfs:KINDERGARTENOGD.8944662,d10
wfs:KINDERGARTENOGD.8944663,d22
wfs:KINDERGARTENOGD.8944664,d22
wfs:KINDERGARTENOGD.8944665,d03
wfs:KINDERGARTENOGD.8944437,d21
wfs:KINDERGARTENOGD.8944438,d09
wfs:KINDERGARTENOGD.8944439,d18
wfs:KINDERGARTENOGD.8944440,d03
wfs:KINDERGARTENOGD.8944441,d12
wfs:KINDERGARTENOGD.8944442,d22
wfs:KINDERGARTENOGD.8944443,d21
wfs:KINDERGARTENOGD.8944444,d10
wfs:KINDERGARTENOGD.8944445,d04
wfs:KINDERGARTENOGD.8944446,d23
wfs:KINDERGARTENOGD.8944447,d21
wfs:KINDERGARTENOGD.8944448,d23
wfs:KINDERGARTENOGD.8944449,d22
wfs:KINDERGARTENOGD.8944520,d02
wfs:KINDERGARTENOGD.8944521,d03
wfs:KINDERGARTENOGD.8944522,d12
wfs:KINDERGARTENOGD.8944523,d19
wfs:KINDERGARTENOGD.8944524,d02
wfs:KINDERGARTENOGD.8944525,d16
wfs:KINDERGARTENOGD.8944526,d03
wfs:KINDERGARTENOGD.8944527,d03
wfs:KINDERGARTENOGD.8944528,d23
wfs:KINDERGARTENOGD.8944529,d14
wfs:KINDERGARTENOGD.8944530,d22
wfs:KINDERGARTENOGD.8944531,d22
wfs:KINDERGARTENOGD.8944532,d14
wfs:KINDERGARTENOGD.8944533,d22
wfs:KINDERGARTENOGD.8944534,d11
wfs:KINDERGARTENOGD.8944535,d10
wfs:KINDERGARTENOGD.8944536,d22
wfs:KINDERGARTENOGD.8944537,d17
wfs:KINDERGARTENOGD.8944538,d21
wfs:KINDERGARTENOGD.8944539,d17
wfs:KINDERGARTENOGD.8944540,d05
wfs:KINDERGARTENOGD.8944541,d22
wfs:KINDERGARTENOGD.8944542,d17
wfs:KINDERGARTENOGD.8944543,d12
wfs:KINDERGARTENOGD.8944544,d17
wfs:KINDERGARTENOGD.8944545,d11
wfs:KINDERGARTENOGD.8944546,d11
wfs:KINDERGARTENOGD.8944547,d10
wfs:KINDERGARTENOGD.8944548,d16
wfs:KINDERGARTENOGD.8944549,d16
wfs:KINDERGARTENOGD.8944550,d10
wfs:KINDERGARTENOGD.8944551,d22
wfs:KINDERGARTENOGD.8944552,d10
wfs:KINDERGARTENOGD.8944553,d22
wfs:KINDERGARTENOGD.8944554,d14
wfs:KINDERGARTENOGD.8944555,d10
wfs:KINDERGARTENOGD.8944556,d22
wfs:KINDERGARTENOGD.8944557,d23
wfs:KINDERGARTENOGD.8944558,d23
wfs:KINDERGARTENOGD.8944559,d08
wfs:KINDERGARTENOGD.8944560,d02
wfs:KINDERGARTENOGD.8944450,d04
wfs:KINDERGARTENOGD.8944451,d21
wfs:KINDERGARTENOGD.8944452,d10
wfs:KINDERGARTENOGD.8944453,d22
wfs:KINDERGARTENOGD.8944454,d16
wfs:KINDERGARTENOGD.8944455,d12
wfs:KINDERGARTENOGD.8944456,d10
wfs:KINDERGARTENOGD.8944457,d10
wfs:KINDERGARTENOGD.8944458,d10
wfs:KINDERGARTENOGD.8944459,d09
wfs:KINDERGARTENOGD.8944460,d02
wfs:KINDERGARTENOGD.8944461,d21
wfs:KINDERGARTENOGD.8944462,d21
wfs:KINDERGARTENOGD.8944463,d02
wfs:KINDERGARTENOGD.8944464,d16
wfs:KINDERGARTENOGD.8944465,d10
wfs:KINDERGARTENOGD.8944466,d10
wfs:KINDERGARTENOGD.8944467,d23
wfs:KINDERGARTENOGD.8944468,d03
wfs:KINDERGARTENOGD.8944469,d21
wfs:KINDERGARTENOGD.8944470,d16
wfs:KINDERGARTENOGD.8944471,d21
wfs:KINDERGARTENOGD.8944472,d17
wfs:KINDERGARTENOGD.8944473,d16
wfs:KINDERGARTENOGD.8944474,d10
wfs:KINDERGARTENOGD.8944475,d12
wfs:KINDERGARTENOGD.8944476,d10
wfs:KINDERGARTENOGD.8944477,d02
wfs:KINDERGARTENOGD.8944478,d11
wfs:KINDERGARTENOGD.8944479,d20
wfs:KINDERGARTENOGD.8944480,d22
wfs:KINDERGARTENOGD.8944481,d21
wfs:KINDERGARTENOGD.8944482,d10
wfs:KINDERGARTENOGD.8944483,d22
wfs:KINDERGARTENOGD.8944484,d23
wfs:KINDERGARTENOGD.8944485,d10
wfs:KINDERGARTENOGD.8944486,d03
wfs:KINDERGARTENOGD.8944487,d04
wfs:KINDERGARTENOGD.8944488,d10
wfs:KINDERGARTENOGD.8944489,d11
wfs:KINDERGARTENOGD.8944490,d01
wfs:KINDERGARTENOGD.8944491,d15
wfs:KINDERGARTENOGD.8944492,d23
wfs:KINDERGARTENOGD.8944493,d10
wfs:KINDERGARTENOGD.8944494,d02
wfs:KINDERGARTENOGD.8944495,d03
wfs:KINDERGARTENOGD.8944496,d06
wfs:KINDERGARTENOGD.8944497,d22
wfs:KINDERGARTENOGD.8944498,d02
wfs:KINDERGARTENOGD.8944499,d22
wfs:KINDERGARTENOGD.8944500,d15
wfs:KINDERGARTENOGD.8944501,d19
wfs:KINDERGARTENOGD.8944502,d21
wfs:KINDERGARTENOGD.8944503,d16
wfs:KINDERGARTENOGD.8944504,d11
wfs:KINDERGARTENOGD.8944505,d21
wfs:KINDERGARTENOGD.8944506,d22
wfs:KINDERGARTENOGD.8944507,d10
wfs:KINDERGARTENOGD.8944508,d22
wfs:KINDERGARTENOGD.8944509,d22
wfs:KINDERGARTENOGD.8944510,d22
wfs:KINDERGARTENOGD.8944511,d14
wfs:KINDERGARTENOGD.8944512,d11
wfs:KINDERGARTENOGD.8944513,d13
wfs:KINDERGARTENOGD.8944514,d21
wfs:KINDERGARTENOGD.8944515,d22
wfs:KINDERGARTENOGD.8944516,d02
wfs:KINDERGARTENOGD.8944517,d21
wfs:KINDERGARTENOGD.8944518,d23
wfs:KINDERGARTENOGD.8944519,d14
wfs:KINDERGARTENOGD.8944353,d17
wfs:KINDERGARTENOGD.8944354,d10
wfs:KINDERGARTENOGD.8944355,d08
wfs:KINDERGARTENOGD.8944356,d10
wfs:KINDERGARTENOGD.8944357,d21
wfs:KINDERGARTENOGD.8944358,d23
wfs:KINDERGARTENOGD.8944359,d22
wfs:KINDERGARTENOGD.8944360,d22
wfs:KINDERGARTENOGD.8944361,d02
wfs:KINDERGARTENOGD.8944362,d02
wfs:KINDERGARTENOGD.8944363,d18
wfs:KINDERGARTENOGD.8944364,d13
wfs:KINDERGARTENOGD.8944365,d13
wfs:KINDERGARTENOGD.8944366,d11
wfs:KINDERGARTENOGD.8944367,d19
wfs:KINDERGARTENOGD.8944368,d21
wfs:KINDERGARTENOGD.8944369,d22
wfs:KINDERGARTENOGD.8944370,d19
wfs:KINDERGARTENOGD.8944371,d23
wfs:KINDERGARTENOGD.8944372,d13
wfs:KINDERGARTENOGD.8944373,d10
wfs:KINDERGARTENOGD.8944374,d16
wfs:KINDERGARTENOGD.8944375,d10
wfs:KINDERGARTENOGD.8944376,d23
wfs:KINDERGARTENOGD.8944377,d22
wfs:KINDERGARTENOGD.8944378,d04
wfs:KINDERGARTENOGD.8944379,d12
wfs:KINDERGARTENOGD.8944380,d12
wfs:KINDERGARTENOGD.8944381,d21
wfs:KINDERGARTENOGD.8944382,d23
wfs:KINDERGARTENOGD.8944383,d10
wfs:KINDERGARTENOGD.8944384,d10
wfs:KINDERGARTENOGD.8944385,d10
wfs:KINDERGARTENOGD.8944386,d21
wfs:KINDERGARTENOGD.8944387,d22
wfs:KINDERGARTENOGD.8944388,d02
wfs:KINDERGARTENOGD.8944389,d02
wfs:KINDERGARTENOGD.8944390,d02
wfs:KINDERGARTENOGD.8944391,d23
wfs:KINDERGARTENOGD.8944392,d12
wfs:KINDERGARTENOGD.8944393,d22
wfs:KINDERGARTENOGD.8944394,d09
wfs:KINDERGARTENOGD.8944395,d22
wfs:KINDERGARTENOGD.8944396,d12
wfs:KINDERGARTENOGD.8944397,d11
wfs:KINDERGARTENOGD.8944398,d10
wfs:KINDERGARTENOGD.8944399,d18
wfs:KINDERGARTENOGD.8944400,d23
wfs:KINDERGARTENOGD.8944401,d07
wfs:KINDERGARTENOGD.8944402,d21
wfs:KINDERGARTENOGD.8944403,d18
wfs:KINDERGARTENOGD.8944404,d10
wfs:KINDERGARTENOGD.8944405,d12
wfs:KINDERGARTENOGD.8944406,d10
wfs:KINDERGARTENOGD.8944407,d10
wfs:KINDERGARTENOGD.8944408,d22
wfs:KINDERGARTENOGD.8944409,d10
wfs:KINDERGARTENOGD.8944410,d04
wfs:KINDERGARTENOGD.8944411,d11
wfs:KINDERGARTENOGD.8944412,d14
wfs:KINDERGARTENOGD.8944413,d15
wfs:KINDERGARTENOGD.8944414,d23
wfs:KINDERGARTENOGD.8944415,d02
wfs:KINDERGARTENOGD.8944416,d15
wfs:KINDERGARTENOGD.8944417,d08
wfs:KINDERGARTENOGD.8944418,d17
wfs:KINDERGARTENOGD.8944419,d10
wfs:KINDERGARTENOGD.8944420,d20
wfs:KINDERGARTENOGD.8944421,d20
wfs:KINDERGARTENOGD.8944422,d22
wfs:KINDERGARTENOGD.8944423,d12
wfs:KINDERGARTENOGD.8944424,d14
wfs:KINDERGARTENOGD.8944425,d14
wfs:KINDERGARTENOGD.8944426,d14
wfs:KINDERGARTENOGD.8944427,d02
wfs:KINDERGARTENOGD.8944428,d10
wfs:KINDERGARTENOGD.8944429,d21
wfs:KINDERGARTENOGD.8944430,d17
wfs:KINDERGARTENOGD.8944431,d11
wfs:KINDERGARTENOGD.8944432,d22
wfs:KINDERGARTENOGD.8944433,d11
wfs:KINDERGARTENOGD.8944434,d11
wfs:KINDERGARTENOGD.8944435,d23
wfs:KINDERGARTENOGD.8944436,d02
wfs:KINDERGARTENOGD.8943704,d08
wfs:KINDERGARTENOGD.8943705,d09
wfs:KINDERGARTENOGD.8943706,d09
wfs:KINDERGARTENOGD.8943707,d11
wfs:KINDERGARTENOGD.8943708,d11
wfs:KINDERGARTENOGD.8943709,d11
wfs:KINDERGARTENOGD.8943710,d11
wfs:KINDERGARTENOGD.8943711,d11
wfs:KINDERGARTENOGD.8943712,d11
wfs:KINDERGARTENOGD.8943713,d11
wfs:KINDERGARTENOGD.8943714,d17
wfs:KINDERGARTENOGD.8943715,d17
wfs:KINDERGARTENOGD.8943716,d17
wfs:KINDERGARTENOGD.8943717,d18
wfs:KINDERGARTENOGD.8943916,d10
wfs:KINDERGARTENOGD.8943917,d10
wfs:KINDERGARTENOGD.8943918,d12
wfs:KINDERGARTENOGD.8943919,d12
wfs:KINDERGARTENOGD.8943920,d12
wfs:KINDERGARTENOGD.8943921,d12
wfs:KINDERGARTENOGD.8943922,d13
wfs:KINDERGARTENOGD.8943923,d13
wfs:KINDERGARTENOGD.8943924,d14
wfs:KINDERGARTENOGD.8943925,d14
wfs:KINDERGARTENOGD.8943926,d15
wfs:KINDERGARTENOGD.8943927,d15
wfs:KINDERGARTENOGD.8943263,d02
wfs:KINDERGARTENOGD.8943264,d20
wfs:KINDERGARTENOGD.8943265,d02
wfs:KINDERGARTENOGD.8943266,d05
wfs:KINDERGARTENOGD.8943267,d05
wfs:KINDERGARTENOGD.8943268,d03
wfs:KINDERGARTENOGD.8943269,d15
wfs:KINDERGARTENOGD.8943270,d02
wfs:KINDERGARTENOGD.8943271,d20
wfs:KINDERGARTENOGD.8943272,d20
wfs:KINDERGARTENOGD.8943273,d07
wfs:KINDERGARTENOGD.8943274,d23
wfs:KINDERGARTENOGD.8943275,d06
wfs:KINDERGARTENOGD.8943276,d13
wfs:KINDERGARTENOGD.8943277,d16
wfs:KINDERGARTENOGD.8943278,d15
wfs:KINDERGARTENOGD.8943500,d01
wfs:KINDERGARTENOGD.8943501,d01
wfs:KINDERGARTENOGD.8943502,d02
wfs:KINDERGARTENOGD.8943503,d02
wfs:KINDERGARTENOGD.8943504,d19
wfs:KINDERGARTENOGD.8943505,d20
wfs:KINDERGARTENOGD.8943506,d20
wfs:KINDERGARTENOGD.8943507,d20
wfs:KINDERGARTENOGD.8943508,d21
wfs:KINDERGARTENOGD.8943509,d21
wfs:KINDERGARTENOGD.8943510,d21
wfs:KINDERGARTENOGD.8943511,d21
wfs:KINDERGARTENOGD.8943928,d15
wfs:KINDERGARTENOGD.8943929,d23
wfs:KINDERGARTENOGD.8943930,d23
wfs:KINDERGARTENOGD.8943931,d23
wfs:KINDERGARTENOGD.8943932,d23
wfs:KINDERGARTENOGD.8943933,d10
wfs:KINDERGARTENOGD.8943934,d10
wfs:KINDERGARTENOGD.8943935,d10
wfs:KINDERGARTENOGD.8943936,d10
wfs:KINDERGARTENOGD.8943937,d10
wfs:KINDERGARTENOGD.8943938,d10
wfs:KINDERGARTENOGD.8943939,d12
wfs:KINDERGARTENOGD.8943940,d12
wfs:KINDERGARTENOGD.8943028,d09
wfs:KINDERGARTENOGD.8943029,d09
wfs:KINDERGARTENOGD.8943030,d09
wfs:KINDERGARTENOGD.8943031,d02
wfs:KINDERGARTENOGD.8943032,d02
wfs:KINDERGARTENOGD.8943033,d02
wfs:KINDERGARTENOGD.8943034,d02
wfs:KINDERGARTENOGD.8943035,d02
wfs:KINDERGARTENOGD.8943036,d03
wfs:KINDERGARTENOGD.8943037,d03
wfs:KINDERGARTENOGD.8943038,d03
wfs:KINDERGARTENOGD.8943039,d04
wfs:KINDERGARTENOGD.8943040,d04
wfs:KINDERGARTENOGD.8943027,d09
wfs:KINDERGARTENOGD.8943041,d04
wfs:KINDERGARTENOGD.8943042,d02
wfs:KINDERGARTENOGD.8943043,d06
wfs:KINDERGARTENOGD.8943280,d03
wfs:KINDERGARTENOGD.8943281,d22
wfs:KINDERGARTENOGD.8943282,d22
wfs:KINDERGARTENOGD.8943283,d05
wfs:KINDERGARTENOGD.8943284,d05
wfs:KINDERGARTENOGD.8943285,d22
wfs:KINDERGARTENOGD.8943286,d22
wfs:KINDERGARTENOGD.8943287,d07
wfs:KINDERGARTENOGD.8943288,d14
wfs:KINDERGARTENOGD.8943289,d02
wfs:KINDERGARTENOGD.8943290,d02
wfs:KINDERGARTENOGD.8943291,d14
wfs:KINDERGARTENOGD.8943292,d23
wfs:KINDERGARTENOGD.8943279,d18
wfs:KINDERGARTENOGD.8943293,d18
wfs:KINDERGARTENOGD.8943294,d10
wfs:KINDERGARTENOGD.8943512,d21
wfs:KINDERGARTENOGD.8943513,d21
wfs:KINDERGARTENOGD.8943514,d22
wfs:KINDERGARTENOGD.8943515,d22
wfs:KINDERGARTENOGD.8943516,d22
wfs:KINDERGARTENOGD.8943517,d22
wfs:KINDERGARTENOGD.8943518,d22
wfs:KINDERGARTENOGD.8943519,d22
wfs:KINDERGARTENOGD.8943520,d22
wfs:KINDERGARTENOGD.8943521,d22
wfs:KINDERGARTENOGD.8943522,d22
wfs:KINDERGARTENOGD.8943523,d22
wfs:KINDERGARTENOGD.8943524,d02
wfs:KINDERGARTENOGD.8943719,d18
wfs:KINDERGARTENOGD.8943720,d18
wfs:KINDERGARTENOGD.8943721,d18
wfs:KINDERGARTENOGD.8943722,d18
wfs:KINDERGARTENOGD.8943723,d03
wfs:KINDERGARTENOGD.8943724,d03
wfs:KINDERGARTENOGD.8943725,d03
wfs:KINDERGARTENOGD.8943726,d03
wfs:KINDERGARTENOGD.8943727,d04
wfs:KINDERGARTENOGD.8943728,d04
wfs:KINDERGARTENOGD.8943729,d04
wfs:KINDERGARTENOGD.8943730,d05
wfs:KINDERGARTENOGD.8943731,d05
wfs:KINDERGARTENOGD.8943718,d18
wfs:KINDERGARTENOGD.8943044,d06
wfs:KINDERGARTENOGD.8943045,d07
wfs:KINDERGARTENOGD.8943046,d07
wfs:KINDERGARTENOGD.8943047,d14
wfs:KINDERGARTENOGD.8943048,d14
wfs:KINDERGARTENOGD.8943049,d14
wfs:KINDERGARTENOGD.8943050,d16
wfs:KINDERGARTENOGD.8943051,d16
wfs:KINDERGARTENOGD.8943052,d16
wfs:KINDERGARTENOGD.8943053,d18
wfs:KINDERGARTENOGD.8943054,d18
wfs:KINDERGARTENOGD.8943055,d18
wfs:KINDERGARTENOGD.8943056,d17
wfs:KINDERGARTENOGD.8943057,d19
wfs:KINDERGARTENOGD.8943058,d22
wfs:KINDERGARTENOGD.8943059,d22
wfs:KINDERGARTENOGD.8943295,d10
wfs:KINDERGARTENOGD.8943296,d12
wfs:KINDERGARTENOGD.8943297,d10
wfs:KINDERGARTENOGD.8943298,d10
wfs:KINDERGARTENOGD.8943299,d12
wfs:KINDERGARTENOGD.8943300,d20
wfs:KINDERGARTENOGD.8943301,d07
wfs:KINDERGARTENOGD.8943302,d22
wfs:KINDERGARTENOGD.8943303,d02
wfs:KINDERGARTENOGD.8943304,d10
wfs:KINDERGARTENOGD.8943305,d22
wfs:KINDERGARTENOGD.8943306,d06
wfs:KINDERGARTENOGD.8943307,d03
wfs:KINDERGARTENOGD.8943308,d12
wfs:KINDERGARTENOGD.8943309,d03
wfs:KINDERGARTENOGD.8943310,d10
wfs:KINDERGARTENOGD.8943525,d02
wfs:KINDERGARTENOGD.8943526,d02
wfs:KINDERGARTENOGD.8943527,d19
wfs:KINDERGARTENOGD.8943528,d19
wfs:KINDERGARTENOGD.8943529,d19
wfs:KINDERGARTENOGD.8943530,d19
wfs:KINDERGARTENOGD.8943531,d02
wfs:KINDERGARTENOGD.8943532,d01
wfs:KINDERGARTENOGD.8943533,d20
wfs:KINDERGARTENOGD.8943534,d21
wfs:KINDERGARTENOGD.8943535,d21
wfs:KINDERGARTENOGD.8943536,d21
wfs:KINDERGARTENOGD.8943537,d22
wfs:KINDERGARTENOGD.8943732,d06
wfs:KINDERGARTENOGD.8943733,d06
wfs:KINDERGARTENOGD.8943734,d07
wfs:KINDERGARTENOGD.8943735,d07
wfs:KINDERGARTENOGD.8943736,d07
wfs:KINDERGARTENOGD.8943737,d08
wfs:KINDERGARTENOGD.8943738,d08
wfs:KINDERGARTENOGD.8943739,d09
wfs:KINDERGARTENOGD.8943740,d09
wfs:KINDERGARTENOGD.8943741,d09
wfs:KINDERGARTENOGD.8943742,d09
wfs:KINDERGARTENOGD.8943743,d09
wfs:KINDERGARTENOGD.8943744,d09
wfs:KINDERGARTENOGD.8943745,d21
wfs:KINDERGARTENOGD.8943060,d22
wfs:KINDERGARTENOGD.8943061,d23
wfs:KINDERGARTENOGD.8943062,d09
wfs:KINDERGARTENOGD.8943063,d04
wfs:KINDERGARTENOGD.8943064,d23
wfs:KINDERGARTENOGD.8943065,d23
wfs:KINDERGARTENOGD.8943066,d16
wfs:KINDERGARTENOGD.8943067,d14
wfs:KINDERGARTENOGD.8943068,d03
wfs:KINDERGARTENOGD.8943069,d03
wfs:KINDERGARTENOGD.8943070,d04
wfs:KINDERGARTENOGD.8943071,d12
wfs:KINDERGARTENOGD.8943072,d14
wfs:KINDERGARTENOGD.8943073,d12
wfs:KINDERGARTENOGD.8943311,d11
wfs:KINDERGARTENOGD.8943312,d23
wfs:KINDERGARTENOGD.8943313,d11
wfs:KINDERGARTENOGD.8943314,d10
wfs:KINDERGARTENOGD.8943315,d15
wfs:KINDERGARTENOGD.8943316,d22
wfs:KINDERGARTENOGD.8943317,d10
wfs:KINDERGARTENOGD.8943318,d16
wfs:KINDERGARTENOGD.8943319,d20
wfs:KINDERGARTENOGD.8943320,d03
wfs:KINDERGARTENOGD.8943321,d03
wfs:KINDERGARTENOGD.8943322,d02
wfs:KINDERGARTENOGD.8943323,d18
wfs:KINDERGARTENOGD.8943324,d02
wfs:KINDERGARTENOGD.8943325,d20
wfs:KINDERGARTENOGD.8943326,d09
wfs:KINDERGARTENOGD.8943538,d22
wfs:KINDERGARTENOGD.8943539,d22
wfs:KINDERGARTENOGD.8943540,d22
wfs:KINDERGARTENOGD.8943541,d22
wfs:KINDERGARTENOGD.8943542,d22
wfs:KINDERGARTENOGD.8943543,d22
wfs:KINDERGARTENOGD.8943544,d02
wfs:KINDERGARTENOGD.8943545,d22
wfs:KINDERGARTENOGD.8943546,d22
wfs:KINDERGARTENOGD.8943547,d22
wfs:KINDERGARTENOGD.8943548,d22
wfs:KINDERGARTENOGD.8943549,d19
wfs:KINDERGARTENOGD.8943550,d01
wfs:KINDERGARTENOGD.8943551,d22
wfs:KINDERGARTENOGD.8943746,d17
wfs:KINDERGARTENOGD.8943747,d17
wfs:KINDERGARTENOGD.8943748,d17
wfs:KINDERGARTENOGD.8943749,d17
wfs:KINDERGARTENOGD.8943750,d18
wfs:KINDERGARTENOGD.8943751,d18
wfs:KINDERGARTENOGD.8943752,d03
wfs:KINDERGARTENOGD.8943753,d03
wfs:KINDERGARTENOGD.8943754,d03
wfs:KINDERGARTENOGD.8943755,d03
wfs:KINDERGARTENOGD.8943756,d03
wfs:KINDERGARTENOGD.8943757,d03
wfs:KINDERGARTENOGD.8943758,d03
wfs:KINDERGARTENOGD.8943759,d03
wfs:KINDERGARTENOGD.8943074,d07
wfs:KINDERGARTENOGD.8943075,d06
wfs:KINDERGARTENOGD.8943076,d02
wfs:KINDERGARTENOGD.8943077,d22
wfs:KINDERGARTENOGD.8943078,d14
wfs:KINDERGARTENOGD.8943079,d19
wfs:KINDERGARTENOGD.8943080,d09
wfs:KINDERGARTENOGD.8943081,d04
wfs:KINDERGARTENOGD.8943082,d07
wfs:KINDERGARTENOGD.8943083,d18
wfs:KINDERGARTENOGD.8943084,d23
wfs:KINDERGARTENOGD.8943085,d23
wfs:KINDERGARTENOGD.8943086,d23
wfs:KINDERGARTENOGD.8943087,d14
wfs:KINDERGARTENOGD.8943088,d14
wfs:KINDERGARTENOGD.8943327,d07
wfs:KINDERGARTENOGD.8943328,d05
wfs:KINDERGARTENOGD.8943329,d05
wfs:KINDERGARTENOGD.8943330,d18
wfs:KINDERGARTENOGD.8943331,d23
wfs:KINDERGARTENOGD.8943332,d22
wfs:KINDERGARTENOGD.8943333,d21
wfs:KINDERGARTENOGD.8943334,d15
wfs:KINDERGARTENOGD.8943335,d18
wfs:KINDERGARTENOGD.8943336,d10
wfs:KINDERGARTENOGD.8943337,d12
wfs:KINDERGARTENOGD.8943338,d10
wfs:KINDERGARTENOGD.8943339,d03
wfs:KINDERGARTENOGD.8943340,d04
wfs:KINDERGARTENOGD.8943341,d03
wfs:KINDERGARTENOGD.8943553,d01
wfs:KINDERGARTENOGD.8943554,d01
wfs:KINDERGARTENOGD.8943555,d01
wfs:KINDERGARTENOGD.8943556,d19
wfs:KINDERGARTENOGD.8943557,d19
wfs:KINDERGARTENOGD.8943558,d19
wfs:KINDERGARTENOGD.8943559,d19
wfs:KINDERGARTENOGD.8943560,d19
wfs:KINDERGARTENOGD.8943561,d19
wfs:KINDERGARTENOGD.8943562,d19
wfs:KINDERGARTENOGD.8943563,d21
wfs:KINDERGARTENOGD.8943564,d21
wfs:KINDERGARTENOGD.8943565,d21
wfs:KINDERGARTENOGD.8943552,d01
wfs:KINDERGARTENOGD.8943760,d03
wfs:KINDERGARTENOGD.8943761,d03
wfs:KINDERGARTENOGD.8943762,d03
wfs:KINDERGARTENOGD.8943763,d03
wfs:KINDERGARTENOGD.8943764,d04
wfs:KINDERGARTENOGD.8943765,d04
wfs:KINDERGARTENOGD.8943766,d04
wfs:KINDERGARTENOGD.8943767,d04
wfs:KINDERGARTENOGD.8943768,d04
wfs:KINDERGARTENOGD.8943769,d05
wfs:KINDERGARTENOGD.8943770,d05
wfs:KINDERGARTENOGD.8943771,d05
wfs:KINDERGARTENOGD.8943772,d05
wfs:KINDERGARTENOGD.8943773,d05
wfs:KINDERGARTENOGD.8943774,d05
wfs:KINDERGARTENOGD.8943089,d05
wfs:KINDERGARTENOGD.8943090,d06
wfs:KINDERGARTENOGD.8943091,d06
wfs:KINDERGARTENOGD.8943092,d13
wfs:KINDERGARTENOGD.8943093,d08
wfs:KINDERGARTENOGD.8943094,d09
wfs:KINDERGARTENOGD.8943095,d14
wfs:KINDERGARTENOGD.8943096,d03
wfs:KINDERGARTENOGD.8943097,d03
wfs:KINDERGARTENOGD.8943098,d15
wfs:KINDERGARTENOGD.8943099,d02
wfs:KINDERGARTENOGD.8943100,d08
wfs:KINDERGARTENOGD.8943101,d03
wfs:KINDERGARTENOGD.8943102,d18
wfs:KINDERGARTENOGD.8943103,d18
wfs:KINDERGARTENOGD.8943104,d09
wfs:KINDERGARTENOGD.8943105,d09
wfs:KINDERGARTENOGD.8943342,d19
wfs:KINDERGARTENOGD.8943343,d23
wfs:KINDERGARTENOGD.8943344,d16
wfs:KINDERGARTENOGD.8943345,d16
wfs:KINDERGARTENOGD.8943346,d17
wfs:KINDERGARTENOGD.8943347,d21
wfs:KINDERGARTENOGD.8943348,d19
wfs:KINDERGARTENOGD.8943349,d19
wfs:KINDERGARTENOGD.8943350,d12
wfs:KINDERGARTENOGD.8943351,d10
wfs:KINDERGARTENOGD.8943352,d10
wfs:KINDERGARTENOGD.8943353,d15
wfs:KINDERGARTENOGD.8943354,d13
wfs:KINDERGARTENOGD.8943355,d18
wfs:KINDERGARTENOGD.8943356,d23
wfs:KINDERGARTENOGD.8943357,d21
wfs:KINDERGARTENOGD.8943566,d21
wfs:KINDERGARTENOGD.8943567,d21
wfs:KINDERGARTENOGD.8943568,d21
wfs:KINDERGARTENOGD.8943569,d21
wfs:KINDERGARTENOGD.8943570,d21
wfs:KINDERGARTENOGD.8943571,d21
wfs:KINDERGARTENOGD.8943572,d21
wfs:KINDERGARTENOGD.8943573,d21
wfs:KINDERGARTENOGD.8943574,d21
wfs:KINDERGARTENOGD.8943575,d21
wfs:KINDERGARTENOGD.8943576,d21
wfs:KINDERGARTENOGD.8943577,d21
wfs:KINDERGARTENOGD.8943578,d21
wfs:KINDERGARTENOGD.8943579,d21
wfs:KINDERGARTENOGD.8943775,d05
wfs:KINDERGARTENOGD.8943776,d06
wfs:KINDERGARTENOGD.8943777,d06
wfs:KINDERGARTENOGD.8943778,d06
wfs:KINDERGARTENOGD.8943779,d07
wfs:KINDERGARTENOGD.8943780,d08
wfs:KINDERGARTENOGD.8943781,d09
wfs:KINDERGARTENOGD.8943782,d09
wfs:KINDERGARTENOGD.8943783,d09
wfs:KINDERGARTENOGD.8943784,d09
wfs:KINDERGARTENOGD.8943785,d09
wfs:KINDERGARTENOGD.8943786,d09
wfs:KINDERGARTENOGD.8943787,d11
wfs:KINDERGARTENOGD.8943788,d11
wfs:KINDERGARTENOGD.8943107,d09
wfs:KINDERGARTENOGD.8943108,d12
wfs:KINDERGARTENOGD.8943109,d09
wfs:KINDERGARTENOGD.8943110,d02
wfs:KINDERGARTENOGD.8943111,d08
wfs:KINDERGARTENOGD.8943112,d03
wfs:KINDERGARTENOGD.8943113,d14
wfs:KINDERGARTENOGD.8943114,d23
wfs:KINDERGARTENOGD.8943115,d09
wfs:KINDERGARTENOGD.8943116,d12
wfs:KINDERGARTENOGD.8943117,d21
wfs:KINDERGARTENOGD.8943118,d06
wfs:KINDERGARTENOGD.8943119,d15
wfs:KINDERGARTENOGD.8943106,d14
wfs:KINDERGARTENOGD.8943120,d14
wfs:KINDERGARTENOGD.8943358,d10
wfs:KINDERGARTENOGD.8943359,d21
wfs:KINDERGARTENOGD.8943360,d20
wfs:KINDERGARTENOGD.8943361,d12
wfs:KINDERGARTENOGD.8943362,d21
wfs:KINDERGARTENOGD.8943363,d21
wfs:KINDERGARTENOGD.8943364,d21
wfs:KINDERGARTENOGD.8943365,d21
wfs:KINDERGARTENOGD.8943366,d10
wfs:KINDERGARTENOGD.8943367,d10
wfs:KINDERGARTENOGD.8943368,d22
wfs:KINDERGARTENOGD.8943369,d19
wfs:KINDERGARTENOGD.8943370,d22
wfs:KINDERGARTENOGD.8943371,d22
wfs:KINDERGARTENOGD.8943372,d22
wfs:KINDERGARTENOGD.8943373,d22
wfs:KINDERGARTENOGD.8943580,d21
wfs:KINDERGARTENOGD.8943581,d21
wfs:KINDERGARTENOGD.8943582,d21
wfs:KINDERGARTENOGD.8943583,d21
wfs:KINDERGARTENOGD.8943584,d21
wfs:KINDERGARTENOGD.8943585,d21
wfs:KINDERGARTENOGD.8943586,d21
wfs:KINDERGARTENOGD.8943587,d21
wfs:KINDERGARTENOGD.8943588,d21
wfs:KINDERGARTENOGD.8943589,d21
wfs:KINDERGARTENOGD.8943590,d21
wfs:KINDERGARTENOGD.8943591,d21
wfs:KINDERGARTENOGD.8943592,d21
wfs:KINDERGARTENOGD.8943593,d21
wfs:KINDERGARTENOGD.8943789,d11
wfs:KINDERGARTENOGD.8943790,d11
wfs:KINDERGARTENOGD.8943791,d11
wfs:KINDERGARTENOGD.8943792,d11
wfs:KINDERGARTENOGD.8943793,d11
wfs:KINDERGARTENOGD.8943794,d11
wfs:KINDERGARTENOGD.8943795,d11
wfs:KINDERGARTENOGD.8943796,d11
wfs:KINDERGARTENOGD.8943797,d11
wfs:KINDERGARTENOGD.8943798,d11
wfs:KINDERGARTENOGD.8943799,d11
wfs:KINDERGARTENOGD.8943800,d11
wfs:KINDERGARTENOGD.8943801,d11
wfs:KINDERGARTENOGD.8943121,d14
wfs:KINDERGARTENOGD.8943122,d17
wfs:KINDERGARTENOGD.8943123,d14
wfs:KINDERGARTENOGD.8943124,d03
wfs:KINDERGARTENOGD.8943125,d19
wfs:KINDERGARTENOGD.8943126,d02
wfs:KINDERGARTENOGD.8943127,d09
wfs:KINDERGARTENOGD.8943128,d11
wfs:KINDERGARTENOGD.8943129,d05
wfs:KINDERGARTENOGD.8943130,d09
wfs:KINDERGARTENOGD.8943131,d19
wfs:KINDERGARTENOGD.8943132,d08
wfs:KINDERGARTENOGD.8943133,d04
wfs:KINDERGARTENOGD.8943134,d20
wfs:KINDERGARTENOGD.8943135,d10
wfs:KINDERGARTENOGD.8943375,d10
wfs:KINDERGARTENOGD.8943376,d10
wfs:KINDERGARTENOGD.8943377,d22
wfs:KINDERGARTENOGD.8943378,d10
wfs:KINDERGARTENOGD.8943379,d10
wfs:KINDERGARTENOGD.8943380,d16
wfs:KINDERGARTENOGD.8943381,d04
wfs:KINDERGARTENOGD.8943382,d16
wfs:KINDERGARTENOGD.8943383,d03
wfs:KINDERGARTENOGD.8943384,d03
wfs:KINDERGARTENOGD.8943385,d21
wfs:KINDERGARTENOGD.8943386,d23
wfs:KINDERGARTENOGD.8943387,d12
wfs:KINDERGARTENOGD.8943374,d21
wfs:KINDERGARTENOGD.8943388,d19
wfs:KINDERGARTENOGD.8943389,d11
wfs:KINDERGARTENOGD.8943390,d22
wfs:KINDERGARTENOGD.8943594,d21
wfs:KINDERGARTENOGD.8943595,d21
wfs:KINDERGARTENOGD.8943596,d21
wfs:KINDERGARTENOGD.8943597,d21
wfs:KINDERGARTENOGD.8943598,d21
wfs:KINDERGARTENOGD.8943599,d22
wfs:KINDERGARTENOGD.8943600,d22
wfs:KINDERGARTENOGD.8943601,d22
wfs:KINDERGARTENOGD.8943602,d22
wfs:KINDERGARTENOGD.8943603,d22
wfs:KINDERGARTENOGD.8943604,d22
wfs:KINDERGARTENOGD.8943605,d22
wfs:KINDERGARTENOGD.8943606,d22
wfs:KINDERGARTENOGD.8943607,d22
wfs:KINDERGARTENOGD.8943802,d17
wfs:KINDERGARTENOGD.8943803,d17
wfs:KINDERGARTENOGD.8943804,d17
wfs:KINDERGARTENOGD.8943805,d17
wfs:KINDERGARTENOGD.8943806,d17
wfs:KINDERGARTENOGD.8943807,d17
wfs:KINDERGARTENOGD.8943808,d18
wfs:KINDERGARTENOGD.8943809,d18
wfs:KINDERGARTENOGD.8943810,d18
wfs:KINDERGARTENOGD.8943811,d18
wfs:KINDERGARTENOGD.8943812,d18
wfs:KINDERGARTENOGD.8943813,d10
wfs:KINDERGARTENOGD.8943814,d12
wfs:KINDERGARTENOGD.8943815,d14
wfs:KINDERGARTENOGD.8943816,d23
wfs:KINDERGARTENOGD.8943136,d02
wfs:KINDERGARTENOGD.8943137,d09
wfs:KINDERGARTENOGD.8943138,d06
wfs:KINDERGARTENOGD.8943139,d05
wfs:KINDERGARTENOGD.8943140,d09
wfs:KINDERGARTENOGD.8943141,d08
wfs:KINDERGARTENOGD.8943142,d09
wfs:KINDERGARTENOGD.8943143,d12
wfs:KINDERGARTENOGD.8943144,d12
wfs:KINDERGARTENOGD.8943145,d20
wfs:KINDERGARTENOGD.8943146,d11
wfs:KINDERGARTENOGD.8943147,d06
wfs:KINDERGARTENOGD.8943148,d14
wfs:KINDERGARTENOGD.8943149,d21
wfs:KINDERGARTENOGD.8943150,d08
wfs:KINDERGARTENOGD.8943151,d19
wfs:KINDERGARTENOGD.8943391,d21
wfs:KINDERGARTENOGD.8943392,d16
wfs:KINDERGARTENOGD.8943393,d15
wfs:KINDERGARTENOGD.8943394,d02
wfs:KINDERGARTENOGD.8943395,d13
wfs:KINDERGARTENOGD.8943396,d20
wfs:KINDERGARTENOGD.8943397,d05
wfs:KINDERGARTENOGD.8943398,d21
wfs:KINDERGARTENOGD.8943399,d21
wfs:KINDERGARTENOGD.8943400,d10
wfs:KINDERGARTENOGD.8943401,d11
wfs:KINDERGARTENOGD.8943402,d05
wfs:KINDERGARTENOGD.8943403,d13
wfs:KINDERGARTENOGD.8943404,d12
wfs:KINDERGARTENOGD.8943405,d12
wfs:KINDERGARTENOGD.8943406,d12
wfs:KINDERGARTENOGD.8943608,d22
wfs:KINDERGARTENOGD.8943609,d22
wfs:KINDERGARTENOGD.8943610,d22
wfs:KINDERGARTENOGD.8943611,d22
wfs:KINDERGARTENOGD.8943612,d22
wfs:KINDERGARTENOGD.8943613,d22
wfs:KINDERGARTENOGD.8943614,d22
wfs:KINDERGARTENOGD.8943615,d22
wfs:KINDERGARTENOGD.8943616,d22
wfs:KINDERGARTENOGD.8943617,d22
wfs:KINDERGARTENOGD.8943618,d22
wfs:KINDERGARTENOGD.8943619,d22
wfs:KINDERGARTENOGD.8943620,d22
wfs:KINDERGARTENOGD.8943621,d22
wfs:KINDERGARTENOGD.8943818,d23
wfs:KINDERGARTENOGD.8943819,d10
wfs:KINDERGARTENOGD.8943820,d10
wfs:KINDERGARTENOGD.8943821,d10
wfs:KINDERGARTENOGD.8943822,d10
wfs:KINDERGARTENOGD.8943823,d10
wfs:KINDERGARTENOGD.8943824,d10
wfs:KINDERGARTENOGD.8943825,d10
wfs:KINDERGARTENOGD.8943826,d10
wfs:KINDERGARTENOGD.8943827,d10
wfs:KINDERGARTENOGD.8943828,d10
wfs:KINDERGARTENOGD.8943829,d10
wfs:KINDERGARTENOGD.8943830,d10
wfs:KINDERGARTENOGD.8943817,d23
wfs:KINDERGARTENOGD.8943831,d10
wfs:KINDERGARTENOGD.8943152,d12
wfs:KINDERGARTENOGD.8943153,d10
wfs:KINDERGARTENOGD.8943154,d10
wfs:KINDERGARTENOGD.8943155,d13
wfs:KINDERGARTENOGD.8943156,d02
wfs:KINDERGARTENOGD.8943157,d22
wfs:KINDERGARTENOGD.8943158,d22
wfs:KINDERGARTENOGD.8943159,d04
wfs:KINDERGARTENOGD.8943160,d23
wfs:KINDERGARTENOGD.8943161,d08
wfs:KINDERGARTENOGD.8943162,d17
wfs:KINDERGARTENOGD.8943163,d16
wfs:KINDERGARTENOGD.8943164,d16
wfs:KINDERGARTENOGD.8943165,d16
wfs:KINDERGARTENOGD.8943166,d16
wfs:KINDERGARTENOGD.8943167,d02
wfs:KINDERGARTENOGD.8943407,d10
wfs:KINDERGARTENOGD.8943408,d18
wfs:KINDERGARTENOGD.8943409,d18
wfs:KINDERGARTENOGD.8943410,d05
wfs:KINDERGARTENOGD.8943411,d05
wfs:KINDERGARTENOGD.8943412,d10
wfs:KINDERGARTENOGD.8943413,d16
wfs:KINDERGARTENOGD.8943414,d05
wfs:KINDERGARTENOGD.8943415,d05
wfs:KINDERGARTENOGD.8943416,d16
wfs:KINDERGARTENOGD.8943417,d10
wfs:KINDERGARTENOGD.8943418,d10
wfs:KINDERGARTENOGD.8943419,d16
wfs:KINDERGARTENOGD.8943420,d06
wfs:KINDERGARTENOGD.8943421,d12
wfs:KINDERGARTENOGD.8943422,d06
wfs:KINDERGARTENOGD.8943622,d22
wfs:KINDERGARTENOGD.8943623,d22
wfs:KINDERGARTENOGD.8943624,d22
wfs:KINDERGARTENOGD.8943625,d22
wfs:KINDERGARTENOGD.8943626,d22
wfs:KINDERGARTENOGD.8943627,d22
wfs:KINDERGARTENOGD.8943628,d22
wfs:KINDERGARTENOGD.8943629,d22
wfs:KINDERGARTENOGD.8943630,d22
wfs:KINDERGARTENOGD.8943631,d02
wfs:KINDERGARTENOGD.8943632,d02
wfs:KINDERGARTENOGD.8943633,d01
wfs:KINDERGARTENOGD.8943634,d22
wfs:KINDERGARTENOGD.8943832,d10
wfs:KINDERGARTENOGD.8943833,d10
wfs:KINDERGARTENOGD.8943834,d10
wfs:KINDERGARTENOGD.8943835,d10
wfs:KINDERGARTENOGD.8943836,d10
wfs:KINDERGARTENOGD.8943837,d10
wfs:KINDERGARTENOGD.8943838,d10
wfs:KINDERGARTENOGD.8943839,d10
wfs:KINDERGARTENOGD.8943840,d10
wfs:KINDERGARTENOGD.8943841,d12
wfs:KINDERGARTENOGD.8943842,d12
wfs:KINDERGARTENOGD.8943843,d12
wfs:KINDERGARTENOGD.8943844,d12
wfs:KINDERGARTENOGD.8943845,d12
wfs:KINDERGARTENOGD.8943168,d19
wfs:KINDERGARTENOGD.8943169,d19
wfs:KINDERGARTENOGD.8943170,d02
wfs:KINDERGARTENOGD.8943171,d05
wfs:KINDERGARTENOGD.8943172,d05
wfs:KINDERGARTENOGD.8943173,d19
wfs:KINDERGARTENOGD.8943174,d17
wfs:KINDERGARTENOGD.8943175,d07
wfs:KINDERGARTENOGD.8943176,d05
wfs:KINDERGARTENOGD.8943177,d05
wfs:KINDERGARTENOGD.8943178,d21
wfs:KINDERGARTENOGD.8943179,d17
wfs:KINDERGARTENOGD.8943180,d03
wfs:KINDERGARTENOGD.8943181,d03
wfs:KINDERGARTENOGD.8943182,d01
wfs:KINDERGARTENOGD.8943423,d11
wfs:KINDERGARTENOGD.8943424,d11
wfs:KINDERGARTENOGD.8943425,d10
wfs:KINDERGARTENOGD.8943426,d18
wfs:KINDERGARTENOGD.8943427,d18
wfs:KINDERGARTENOGD.8943428,d02
wfs:KINDERGARTENOGD.8943429,d16
wfs:KINDERGARTENOGD.8943430,d04
wfs:KINDERGARTENOGD.8943431,d04
wfs:KINDERGARTENOGD.8943432,d07
wfs:KINDERGARTENOGD.8943433,d18
wfs:KINDERGARTENOGD.8943434,d13
wfs:KINDERGARTENOGD.8943435,d14
wfs:KINDERGARTENOGD.8943436,d21
wfs:KINDERGARTENOGD.8943437,d21
wfs:KINDERGARTENOGD.8943635,d22
wfs:KINDERGARTENOGD.8943636,d22
wfs:KINDERGARTENOGD.8943637,d02
wfs:KINDERGARTENOGD.8943638,d02
wfs:KINDERGARTENOGD.8943639,d02
wfs:KINDERGARTENOGD.8943640,d02
wfs:KINDERGARTENOGD.8943641,d02
wfs:KINDERGARTENOGD.8943642,d19
wfs:KINDERGARTENOGD.8943643,d19
wfs:KINDERGARTENOGD.8943644,d19
wfs:KINDERGARTENOGD.8943645,d20
wfs:KINDERGARTENOGD.8943646,d21
wfs:KINDERGARTENOGD.8943647,d22
wfs:KINDERGARTENOGD.8943648,d22
wfs:KINDERGARTENOGD.8943846,d12
wfs:KINDERGARTENOGD.8943847,d12
wfs:KINDERGARTENOGD.8943848,d12
wfs:KINDERGARTENOGD.8943849,d12
wfs:KINDERGARTENOGD.8943850,d12
wfs:KINDERGARTENOGD.8943851,d12
wfs:KINDERGARTENOGD.8943852,d13
wfs:KINDERGARTENOGD.8943853,d13
wfs:KINDERGARTENOGD.8943854,d13
wfs:KINDERGARTENOGD.8943855,d13
wfs:KINDERGARTENOGD.8943856,d14
wfs:KINDERGARTENOGD.8943857,d14
wfs:KINDERGARTENOGD.8943858,d14
wfs:KINDERGARTENOGD.8943859,d14
wfs:KINDERGARTENOGD.8943183,d01
wfs:KINDERGARTENOGD.8943184,d02
wfs:KINDERGARTENOGD.8943185,d12
wfs:KINDERGARTENOGD.8943186,d13
wfs:KINDERGARTENOGD.8943187,d05
wfs:KINDERGARTENOGD.8943188,d09
wfs:KINDERGARTENOGD.8943189,d17
wfs:KINDERGARTENOGD.8943190,d22
wfs:KINDERGARTENOGD.8943191,d18
wfs:KINDERGARTENOGD.8943192,d20
wfs:KINDERGARTENOGD.8943193,d20
wfs:KINDERGARTENOGD.8943194,d20
wfs:KINDERGARTENOGD.8943195,d20
wfs:KINDERGARTENOGD.8943196,d20
wfs:KINDERGARTENOGD.8943197,d20
wfs:KINDERGARTENOGD.8943198,d10
wfs:KINDERGARTENOGD.8943439,d21
wfs:KINDERGARTENOGD.8943440,d17
wfs:KINDERGARTENOGD.8943441,d07
wfs:KINDERGARTENOGD.8943442,d16
wfs:KINDERGARTENOGD.8943443,d12
wfs:KINDERGARTENOGD.8943444,d12
wfs:KINDERGARTENOGD.8943445,d12
wfs:KINDERGARTENOGD.8943446,d12
wfs:KINDERGARTENOGD.8943447,d12
wfs:KINDERGARTENOGD.8943448,d10
wfs:KINDERGARTENOGD.8943449,d10
wfs:KINDERGARTENOGD.8943450,d10
wfs:KINDERGARTENOGD.8943451,d10
wfs:KINDERGARTENOGD.8943438,d21
wfs:KINDERGARTENOGD.8943452,d10
wfs:KINDERGARTENOGD.8943453,d10
wfs:KINDERGARTENOGD.8943649,d22
wfs:KINDERGARTENOGD.8943650,d03
wfs:KINDERGARTENOGD.8943651,d03
wfs:KINDERGARTENOGD.8943652,d03
wfs:KINDERGARTENOGD.8943653,d04
wfs:KINDERGARTENOGD.8943654,d05
wfs:KINDERGARTENOGD.8943655,d05
wfs:KINDERGARTENOGD.8943656,d05
wfs:KINDERGARTENOGD.8943657,d07
wfs:KINDERGARTENOGD.8943658,d09
wfs:KINDERGARTENOGD.8943659,d09
wfs:KINDERGARTENOGD.8943660,d11
wfs:KINDERGARTENOGD.8943661,d11
wfs:KINDERGARTENOGD.8943860,d14
wfs:KINDERGARTENOGD.8943861,d14
wfs:KINDERGARTENOGD.8943862,d14
wfs:KINDERGARTENOGD.8943863,d14
wfs:KINDERGARTENOGD.8943864,d14
wfs:KINDERGARTENOGD.8943865,d14
wfs:KINDERGARTENOGD.8943866,d15
wfs:KINDERGARTENOGD.8943867,d15
wfs:KINDERGARTENOGD.8943868,d15
wfs:KINDERGARTENOGD.8943869,d15
wfs:KINDERGARTENOGD.8943870,d15
wfs:KINDERGARTENOGD.8943871,d15
wfs:KINDERGARTENOGD.8943872,d16
wfs:KINDERGARTENOGD.8943873,d16
wfs:KINDERGARTENOGD.8943200,d20
wfs:KINDERGARTENOGD.8943201,d23
wfs:KINDERGARTENOGD.8943202,d23
wfs:KINDERGARTENOGD.8943203,d10
wfs:KINDERGARTENOGD.8943204,d10
wfs:KINDERGARTENOGD.8943205,d23
wfs:KINDERGARTENOGD.8943206,d23
wfs:KINDERGARTENOGD.8943207,d10
wfs:KINDERGARTENOGD.8943208,d10
wfs:KINDERGARTENOGD.8943209,d12
wfs:KINDERGARTENOGD.8943210,d02
wfs:KINDERGARTENOGD.8943211,d11
wfs:KINDERGARTENOGD.8943212,d11
wfs:KINDERGARTENOGD.8943213,d22
wfs:KINDERGARTENOGD.8943199,d10
wfs:KINDERGARTENOGD.8943214,d22
wfs:KINDERGARTENOGD.8943454,d10
wfs:KINDERGARTENOGD.8943455,d10
wfs:KINDERGARTENOGD.8943456,d10
wfs:KINDERGARTENOGD.8943457,d16
wfs:KINDERGARTENOGD.8943458,d02
wfs:KINDERGARTENOGD.8943459,d16
wfs:KINDERGARTENOGD.8943460,d22
wfs:KINDERGARTENOGD.8943461,d05
wfs:KINDERGARTENOGD.8943462,d05
wfs:KINDERGARTENOGD.8943463,d10
wfs:KINDERGARTENOGD.8943464,d20
wfs:KINDERGARTENOGD.8943465,d17
wfs:KINDERGARTENOGD.8943466,d02
wfs:KINDERGARTENOGD.8943467,d11
wfs:KINDERGARTENOGD.8943468,d10
wfs:KINDERGARTENOGD.8943469,d08
wfs:KINDERGARTENOGD.8943662,d11
wfs:KINDERGARTENOGD.8943663,d11
wfs:KINDERGARTENOGD.8943664,d11
wfs:KINDERGARTENOGD.8943665,d11
wfs:KINDERGARTENOGD.8943666,d17
wfs:KINDERGARTENOGD.8943667,d17
wfs:KINDERGARTENOGD.8943668,d18
wfs:KINDERGARTENOGD.8943669,d03
wfs:KINDERGARTENOGD.8943670,d03
wfs:KINDERGARTENOGD.8943671,d03
wfs:KINDERGARTENOGD.8943672,d06
wfs:KINDERGARTENOGD.8943673,d09
wfs:KINDERGARTENOGD.8943674,d03
wfs:KINDERGARTENOGD.8943675,d03
wfs:KINDERGARTENOGD.8943874,d16
wfs:KINDERGARTENOGD.8943875,d16
wfs:KINDERGARTENOGD.8943876,d16
wfs:KINDERGARTENOGD.8943877,d23
wfs:KINDERGARTENOGD.8943878,d23
wfs:KINDERGARTENOGD.8943879,d23
wfs:KINDERGARTENOGD.8943880,d23
wfs:KINDERGARTENOGD.8943881,d23
wfs:KINDERGARTENOGD.8943882,d23
wfs:KINDERGARTENOGD.8943883,d23
wfs:KINDERGARTENOGD.8943884,d23
wfs:KINDERGARTENOGD.8943885,d23
wfs:KINDERGARTENOGD.8943886,d23
wfs:KINDERGARTENOGD.8943215,d22
wfs:KINDERGARTENOGD.8943216,d22
wfs:KINDERGARTENOGD.8943217,d15
wfs:KINDERGARTENOGD.8943218,d15
wfs:KINDERGARTENOGD.8943219,d15
wfs:KINDERGARTENOGD.8943220,d15
wfs:KINDERGARTENOGD.8943221,d02
wfs:KINDERGARTENOGD.8943222,d02
wfs:KINDERGARTENOGD.8943223,d02
wfs:KINDERGARTENOGD.8943224,d07
wfs:KINDERGARTENOGD.8943225,d10
wfs:KINDERGARTENOGD.8943226,d03
wfs:KINDERGARTENOGD.8943227,d16
wfs:KINDERGARTENOGD.8943228,d10
wfs:KINDERGARTENOGD.8943229,d10
wfs:KINDERGARTENOGD.8943230,d03
wfs:KINDERGARTENOGD.8943231,d17
wfs:KINDERGARTENOGD.8943470,d08
wfs:KINDERGARTENOGD.8943471,d02
wfs:KINDERGARTENOGD.8943472,d12
wfs:KINDERGARTENOGD.8943473,d22
wfs:KINDERGARTENOGD.8943474,d19
wfs:KINDERGARTENOGD.8943475,d10
wfs:KINDERGARTENOGD.8943476,d10
wfs:KINDERGARTENOGD.8943477,d22
wfs:KINDERGARTENOGD.8943478,d06
wfs:KINDERGARTENOGD.8943479,d13
wfs:KINDERGARTENOGD.8943480,d06
wfs:KINDERGARTENOGD.8943481,d05
wfs:KINDERGARTENOGD.8943482,d21
wfs:KINDERGARTENOGD.8943483,d10
wfs:KINDERGARTENOGD.8943484,d21
wfs:KINDERGARTENOGD.8943485,d10
wfs:KINDERGARTENOGD.8943676,d03
wfs:KINDERGARTENOGD.8943677,d06
wfs:KINDERGARTENOGD.8943678,d11
wfs:KINDERGARTENOGD.8943679,d11
wfs:KINDERGARTENOGD.8943680,d18
wfs:KINDERGARTENOGD.8943681,d03
wfs:KINDERGARTENOGD.8943682,d08
wfs:KINDERGARTENOGD.8943683,d18
wfs:KINDERGARTENOGD.8943684,d03
wfs:KINDERGARTENOGD.8943685,d03
wfs:KINDERGARTENOGD.8943686,d03
wfs:KINDERGARTENOGD.8943687,d03
wfs:KINDERGARTENOGD.8943688,d03
wfs:KINDERGARTENOGD.8943689,d03
wfs:KINDERGARTENOGD.8943887,d23
wfs:KINDERGARTENOGD.8943888,d23
wfs:KINDERGARTENOGD.8943889,d23
wfs:KINDERGARTENOGD.8943890,d23
wfs:KINDERGARTENOGD.8943891,d23
wfs:KINDERGARTENOGD.8943892,d23
wfs:KINDERGARTENOGD.8943893,d23
wfs:KINDERGARTENOGD.8943894,d10
wfs:KINDERGARTENOGD.8943895,d19
wfs:KINDERGARTENOGD.8943896,d16
wfs:KINDERGARTENOGD.8943897,d16
wfs:KINDERGARTENOGD.8943898,d15
wfs:KINDERGARTENOGD.8943899,d16
wfs:KINDERGARTENOGD.8943900,d16
wfs:KINDERGARTENOGD.8943232,d17
wfs:KINDERGARTENOGD.8943233,d14
wfs:KINDERGARTENOGD.8943234,d11
wfs:KINDERGARTENOGD.8943235,d11
wfs:KINDERGARTENOGD.8943236,d11
wfs:KINDERGARTENOGD.8943237,d11
wfs:KINDERGARTENOGD.8943238,d11
wfs:KINDERGARTENOGD.8943239,d11
wfs:KINDERGARTENOGD.8943240,d17
wfs:KINDERGARTENOGD.8943241,d05
wfs:KINDERGARTENOGD.8943242,d02
wfs:KINDERGARTENOGD.8943243,d17
wfs:KINDERGARTENOGD.8943244,d04
wfs:KINDERGARTENOGD.8943245,d20
wfs:KINDERGARTENOGD.8943246,d09
wfs:KINDERGARTENOGD.8943247,d13
wfs:KINDERGARTENOGD.8943486,d17
wfs:KINDERGARTENOGD.8943487,d18
wfs:KINDERGARTENOGD.8943488,d18
wfs:KINDERGARTENOGD.8943489,d21
wfs:KINDERGARTENOGD.8943490,d21
wfs:KINDERGARTENOGD.8943491,d05
wfs:KINDERGARTENOGD.8943492,d17
wfs:KINDERGARTENOGD.8943493,d18
wfs:KINDERGARTENOGD.8943494,d15
wfs:KINDERGARTENOGD.8943495,d19
wfs:KINDERGARTENOGD.8943496,d22
wfs:KINDERGARTENOGD.8943497,d17
wfs:KINDERGARTENOGD.8943498,d17
wfs:KINDERGARTENOGD.8943499,d15
wfs:KINDERGARTENOGD.8943701,d07
wfs:KINDERGARTENOGD.8943702,d07
wfs:KINDERGARTENOGD.8943703,d08
wfs:KINDERGARTENOGD.8943690,d04
wfs:KINDERGARTENOGD.8943691,d04
wfs:KINDERGARTENOGD.8943692,d04
wfs:KINDERGARTENOGD.8943693,d04
wfs:KINDERGARTENOGD.8943694,d05
wfs:KINDERGARTENOGD.8943695,d05
wfs:KINDERGARTENOGD.8943696,d05
wfs:KINDERGARTENOGD.8943697,d06
wfs:KINDERGARTENOGD.8943698,d06
wfs:KINDERGARTENOGD.8943699,d07
wfs:KINDERGARTENOGD.8943700,d07
wfs:KINDERGARTENOGD.8943901,d14
wfs:KINDERGARTENOGD.8943902,d15
wfs:KINDERGARTENOGD.8943903,d15
wfs:KINDERGARTENOGD.8943904,d10
wfs:KINDERGARTENOGD.8943905,d10
wfs:KINDERGARTENOGD.8943906,d10
wfs:KINDERGARTENOGD.8943907,d10
wfs:KINDERGARTENOGD.8943908,d10
wfs:KINDERGARTENOGD.8943909,d16
wfs:KINDERGARTENOGD.8943910,d12
wfs:KINDERGARTENOGD.8943911,d12
wfs:KINDERGARTENOGD.8943912,d14
wfs:KINDERGARTENOGD.8943913,d23
wfs:KINDERGARTENOGD.8943914,d23
wfs:KINDERGARTENOGD.8943915,d10
wfs:KINDERGARTENOGD.8943248,d09
wfs:KINDERGARTENOGD.8943249,d03
wfs:KINDERGARTENOGD.8943250,d02
wfs:KINDERGARTENOGD.8943251,d20
wfs:KINDERGARTENOGD.8943252,d20
wfs:KINDERGARTENOGD.8943253,d10
wfs:KINDERGARTENOGD.8943254,d10
wfs:KINDERGARTENOGD.8943255,d16
wfs:KINDERGARTENOGD.8943256,d17
wfs:KINDERGARTENOGD.8943257,d10
wfs:KINDERGARTENOGD.8943258,d20
wfs:KINDERGARTENOGD.8943259,d02
wfs:KINDERGARTENOGD.8943260,d02
wfs:KINDERGARTENOGD.8943261,d02
wfs:KINDERGARTENOGD.8943262,d20
wfs:UNIVERSITAETOGD.5734675,d02
wfs:UNIVERSITAETOGD.5734676,d21
wfs:UNIVERSITAETOGD.5734677,d18
wfs:UNIVERSITAETOGD.5734678,d19
wfs:UNIVERSITAETOGD.5734679,d06
wfs:UNIVERSITAETOGD.5734680,d20
wfs:UNIVERSITAETOGD.5734681,d21
wfs:UNIVERSITAETOGD.5734902,d13
wfs:UNIVERSITAETOGD.5734903,d09
wfs:UNIVERSITAETOGD.5734712,d19
wfs:UNIVERSITAETOGD.5734713,d18
wfs:UNIVERSITAETOGD.5734714,d09
wfs:UNIVERSITAETOGD.5734715,d03
wfs:UNIVERSITAETOGD.5734716,d03
wfs:UNIVERSITAETOGD.5734717,d01
wfs:UNIVERSITAETOGD.5734718,d09
wfs:UNIVERSITAETOGD.5734411,d01
wfs:UNIVERSITAETOGD.5734412,d01
wfs:UNIVERSITAETOGD.5734413,d03
wfs:UNIVERSITAETOGD.5734414,d01
wfs:UNIVERSITAETOGD.5734415,d02
wfs:UNIVERSITAETOGD.5734416,d03
wfs:UNIVERSITAETOGD.5734417,d03
wfs:UNIVERSITAETOGD.5734418,d01
wfs:UNIVERSITAETOGD.5734419,d01
wfs:UNIVERSITAETOGD.5734420,d01
wfs:UNIVERSITAETOGD.5734421,d07
wfs:UNIVERSITAETOGD.5734422,d02
wfs:UNIVERSITAETOGD.5734423,d09
wfs:UNIVERSITAETOGD.5734424,d09
wfs:UNIVERSITAETOGD.5734425,d09
wfs:UNIVERSITAETOGD.5734426,d09
wfs:UNIVERSITAETOGD.5734490,d07
wfs:UNIVERSITAETOGD.5734517,d03
wfs:UNIVERSITAETOGD.5734518,d03
wfs:UNIVERSITAETOGD.5734519,d14
wfs:UNIVERSITAETOGD.5734520,d01
wfs:UNIVERSITAETOGD.5734559,d19
wfs:UNIVERSITAETOGD.5734560,d19
wfs:UNIVERSITAETOGD.5734561,d04
wfs:UNIVERSITAETOGD.5734562,d04
wfs:UNIVERSITAETOGD.5734563,d04
wfs:UNIVERSITAETOGD.5734564,d04
wfs:UNIVERSITAETOGD.5734565,d04
wfs:UNIVERSITAETOGD.5734566,d04
wfs:UNIVERSITAETOGD.5734567,d06
wfs:UNIVERSITAETOGD.5734568,d06
wfs:UNIVERSITAETOGD.5734569,d04
wfs:UNIVERSITAETOGD.5734570,d04
wfs:UNIVERSITAETOGD.5734571,d04
wfs:UNIVERSITAETOGD.5734572,d04
wfs:UNIVERSITAETOGD.5734574,d04
wfs:UNIVERSITAETOGD.5734575,d04
wfs:UNIVERSITAETOGD.5734576,d04
wfs:UNIVERSITAETOGD.5734577,d04
wfs:UNIVERSITAETOGD.5734578,d04
wfs:UNIVERSITAETOGD.5734579,d04
wfs:UNIVERSITAETOGD.5734580,d04
wfs:UNIVERSITAETOGD.5734581,d04
wfs:UNIVERSITAETOGD.5734582,d04
wfs:UNIVERSITAETOGD.5734583,d04
wfs:UNIVERSITAETOGD.5734584,d04
wfs:UNIVERSITAETOGD.5734585,d03
wfs:UNIVERSITAETOGD.5734586,d03
wfs:UNIVERSITAETOGD.5734587,d20
wfs:UNIVERSITAETOGD.5734588,d04
wfs:UNIVERSITAETOGD.5734589,d04
wfs:UNIVERSITAETOGD.5734590,d02
wfs:UNIVERSITAETOGD.5734573,d04
wfs:UNIVERSITAETOGD.5734373,d09
wfs:UNIVERSITAETOGD.5734374,d09
wfs:UNIVERSITAETOGD.5734375,d09
wfs:UNIVERSITAETOGD.5734376,d09
wfs:UNIVERSITAETOGD.5734377,d09
wfs:UNIVERSITAETOGD.5734378,d09
wfs:UNIVERSITAETOGD.5734379,d18
wfs:UNIVERSITAETOGD.5734380,d18
wfs:UNIVERSITAETOGD.5734381,d18
wfs:UNIVERSITAETOGD.5734382,d18
wfs:UNIVERSITAETOGD.5734383,d19
wfs:UNIVERSITAETOGD.5734384,d19
wfs:UNIVERSITAETOGD.5734385,d19
wfs:UNIVERSITAETOGD.5734386,d19
wfs:UNIVERSITAETOGD.5734387,d18
wfs:UNIVERSITAETOGD.5734388,d19
wfs:UNIVERSITAETOGD.5734389,d22
wfs:UNIVERSITAETOGD.5734390,d21
wfs:UNIVERSITAETOGD.5734353,d02
wfs:UNIVERSITAETOGD.5734354,d02
wfs:UNIVERSITAETOGD.5734355,d02
wfs:UNIVERSITAETOGD.5734356,d02
wfs:UNIVERSITAETOGD.5734357,d02
wfs:UNIVERSITAETOGD.5734358,d02
wfs:UNIVERSITAETOGD.5734359,d02
wfs:UNIVERSITAETOGD.5734682,d06
wfs:UNIVERSITAETOGD.5734683,d06
wfs:UNIVERSITAETOGD.5734391,d14
wfs:UNIVERSITAETOGD.5734392,d19
wfs:UNIVERSITAETOGD.5734393,d19
wfs:UNIVERSITAETOGD.5734394,d19
wfs:UNIVERSITAETOGD.5734395,d19
wfs:UNIVERSITAETOGD.5734396,d21
wfs:UNIVERSITAETOGD.5734397,d16
wfs:UNIVERSITAETOGD.5734399,d03
wfs:UNIVERSITAETOGD.5734400,d03
wfs:UNIVERSITAETOGD.5734401,d03
wfs:UNIVERSITAETOGD.5734402,d13
wfs:UNIVERSITAETOGD.5734403,d04
wfs:UNIVERSITAETOGD.5734404,d01
wfs:UNIVERSITAETOGD.5734405,d01
wfs:UNIVERSITAETOGD.5734406,d01
wfs:UNIVERSITAETOGD.5734407,d01
wfs:UNIVERSITAETOGD.5734408,d03
wfs:UNIVERSITAETOGD.5734409,d01
wfs:UNIVERSITAETOGD.5734410,d01
wfs:UNIVERSITAETOGD.5734719,d03
wfs:UNIVERSITAETOGD.5734720,d09
wfs:UNIVERSITAETOGD.5734721,d09
wfs:UNIVERSITAETOGD.5734722,d09
wfs:UNIVERSITAETOGD.5734723,d09
wfs:UNIVERSITAETOGD.5734724,d09
wfs:UNIVERSITAETOGD.5734725,d09
wfs:UNIVERSITAETOGD.5734786,d19
wfs:UNIVERSITAETOGD.5734788,d19
wfs:UNIVERSITAETOGD.5734835,d01
wfs:UNIVERSITAETOGD.5734836,d03
wfs:UNIVERSITAETOGD.5734845,d01
wfs:UNIVERSITAETOGD.5734846,d01
wfs:UNIVERSITAETOGD.5734847,d01
wfs:UNIVERSITAETOGD.5734848,d01
wfs:UNIVERSITAETOGD.5734849,d01
wfs:UNIVERSITAETOGD.5734851,d01
wfs:UNIVERSITAETOGD.5734852,d09
wfs:UNIVERSITAETOGD.5734853,d09
wfs:UNIVERSITAETOGD.5734854,d09
wfs:UNIVERSITAETOGD.5734856,d09
wfs:UNIVERSITAETOGD.5734857,d09
wfs:UNIVERSITAETOGD.5734867,d15
wfs:UNIVERSITAETOGD.5734868,d15
wfs:UNIVERSITAETOGD.5734870,d19
wfs:UNIVERSITAETOGD.5734491,d01
wfs:UNIVERSITAETOGD.5734492,d01
wfs:UNIVERSITAETOGD.5734493,d01
wfs:UNIVERSITAETOGD.5734494,d22
wfs:UNIVERSITAETOGD.5734495,d19
wfs:UNIVERSITAETOGD.5734787,d02
wfs:UNIVERSITAETOGD.5734246,d10
wfs:UNIVERSITAETOGD.5734247,d10
wfs:UNIVERSITAETOGD.5734248,d10
wfs:UNIVERSITAETOGD.5734343,d10
wfs:UNIVERSITAETOGD.5734344,d15
wfs:UNIVERSITAETOGD.5734345,d02
wfs:UNIVERSITAETOGD.5734346,d21
wfs:UNIVERSITAETOGD.5734347,d21
wfs:UNIVERSITAETOGD.5734348,d18
wfs:UNIVERSITAETOGD.5734349,d01
wfs:UNIVERSITAETOGD.5734350,d10
wfs:UNIVERSITAETOGD.5734351,d01
wfs:UNIVERSITAETOGD.5734352,d10
wfs:UNIVERSITAETOGD.5734684,d02
wfs:MUSEUMOGD.140627,d05
wfs:MUSEUMOGD.140628,d01
wfs:MUSEUMOGD.140629,d03
wfs:MUSEUMOGD.140630,d19
wfs:MUSEUMOGD.140631,d22
wfs:MUSEUMOGD.140632,d07
wfs:MUSEUMOGD.140633,d07
wfs:MUSEUMOGD.140634,d01
wfs:MUSEUMOGD.140635,d08
wfs:MUSEUMOGD.140636,d01
wfs:MUSEUMOGD.140637,d14
wfs:MUSEUMOGD.140638,d14
wfs:MUSEUMOGD.140639,d01
wfs:MUSEUMOGD.140640,d06
wfs:MUSEUMOGD.140641,d07
wfs:MUSEUMOGD.140642,d21
wfs:MUSEUMOGD.140643,d02
wfs:MUSEUMOGD.140644,d01
wfs:MUSEUMOGD.140645,d09
wfs:MUSEUMOGD.140646,d17
wfs:MUSEUMOGD.140647,d01
wfs:MUSEUMOGD.140648,d01
wfs:MUSEUMOGD.140649,d07
wfs:MUSEUMOGD.140650,d08
wfs:MUSEUMOGD.140651,d22
wfs:MUSEUMOGD.140652,d06
wfs:MUSEUMOGD.140653,d14
wfs:MUSEUMOGD.140654,d06
wfs:MUSEUMOGD.140655,d07
wfs:MUSEUMOGD.140656,d05
wfs:MUSEUMOGD.140657,d05
wfs:MUSEUMOGD.140658,d01
wfs:MUSEUMOGD.140659,d01
wfs:MUSEUMOGD.140660,d01
wfs:MUSEUMOGD.140661,d01
wfs:MUSEUMOGD.140662,d19
wfs:MUSEUMOGD.140663,d03
wfs:MUSEUMOGD.140664,d01
wfs:MUSEUMOGD.140665,d11
wfs:MUSEUMOGD.140666,d09
wfs:MUSEUMOGD.140667,d23
wfs:MUSEUMOGD.140668,d03
wfs:MUSEUMOGD.140669,d01
wfs:MUSEUMOGD.140670,d15
wfs:MUSEUMOGD.140671,d01
wfs:MUSEUMOGD.140672,d09
wfs:MUSEUMOGD.140673,d09
wfs:MUSEUMOGD.140674,d15
wfs:MUSEUMOGD.140675,d13
wfs:MUSEUMOGD.140676,d12
wfs:MUSEUMOGD.140692,d14
wfs:MUSEUMOGD.140693,d05
wfs:MUSEUMOGD.140694,d01
wfs:MUSEUMOGD.140695,d01
wfs:MUSEUMOGD.140696,d02
wfs:MUSEUMOGD.140697,d01
wfs:MUSEUMOGD.140698,d01
wfs:MUSEUMOGD.140699,d03
wfs:MUSEUMOGD.140700,d07
wfs:MUSEUMOGD.140701,d05
wfs:MUSEUMOGD.140677,d22
wfs:MUSEUMOGD.140678,d02
wfs:MUSEUMOGD.140679,d03
wfs:MUSEUMOGD.140680,d04
wfs:MUSEUMOGD.140681,d07
wfs:MUSEUMOGD.140682,d01
wfs:MUSEUMOGD.140683,d01
wfs:MUSEUMOGD.140684,d07
wfs:MUSEUMOGD.140685,d01
wfs:MUSEUMOGD.140686,d11
wfs:MUSEUMOGD.140687,d01
wfs:MUSEUMOGD.140688,d01
wfs:MUSEUMOGD.140689,d01
wfs:MUSEUMOGD.140690,d01
wfs:MUSEUMOGD.140691,d09
wfs:MUSEUMOGD.140702,d14
wfs:MUSEUMOGD.140703,d04
wfs:MUSEUMOGD.140704,d13
wfs:MUSEUMOGD.140705,d01
wfs:MUSEUMOGD.140706,d02
wfs:MUSEUMOGD.140707,d01
wfs:MUSEUMOGD.140708,d03
wfs:MUSEUMOGD.140709,d02
wfs:MUSEUMOGD.140710,d01
wfs:MUSEUMOGD.140711,d01
wfs:MUSEUMOGD.140712,d01
wfs:MUSEUMOGD.140713,d01
wfs:MUSEUMOGD.140577,d10
wfs:MUSEUMOGD.140578,d21
wfs:MUSEUMOGD.140579,d01
wfs:MUSEUMOGD.140580,d06
wfs:MUSEUMOGD.140581,d01
wfs:MUSEUMOGD.140582,d12
wfs:MUSEUMOGD.140583,d05
wfs:MUSEUMOGD.140584,d01
wfs:MUSEUMOGD.140585,d01
wfs:MUSEUMOGD.140586,d23
wfs:MUSEUMOGD.140587,d09
wfs:MUSEUMOGD.140588,d01
wfs:MUSEUMOGD.140589,d03
wfs:MUSEUMOGD.140590,d13
wfs:MUSEUMOGD.140591,d01
wfs:MUSEUMOGD.140592,d01
wfs:MUSEUMOGD.140593,d01
wfs:MUSEUMOGD.140594,d01
wfs:MUSEUMOGD.140595,d01
wfs:MUSEUMOGD.140596,d04
wfs:MUSEUMOGD.140597,d03
wfs:MUSEUMOGD.140598,d02
wfs:MUSEUMOGD.140599,d01
wfs:MUSEUMOGD.140600,d01
wfs:MUSEUMOGD.140601,d01
wfs:MUSEUMOGD.140602,d19
wfs:MUSEUMOGD.140603,d01
wfs:MUSEUMOGD.140604,d01
wfs:MUSEUMOGD.140605,d01
wfs:MUSEUMOGD.140606,d02
wfs:MUSEUMOGD.140607,d01
wfs:MUSEUMOGD.140608,d01
wfs:MUSEUMOGD.140609,d02
wfs:MUSEUMOGD.140610,d04
wfs:MUSEUMOGD.140611,d22
wfs:MUSEUMOGD.140612,d01
wfs:MUSEUMOGD.140613,d08
wfs:MUSEUMOGD.140614,d01
wfs:MUSEUMOGD.140615,d01
wfs:MUSEUMOGD.140616,d12
wfs:MUSEUMOGD.140617,d12
wfs:MUSEUMOGD.140618,d18
wfs:MUSEUMOGD.140619,d01
wfs:MUSEUMOGD.140620,d07
wfs:MUSEUMOGD.140621,d15
wfs:MUSEUMOGD.140622,d18
wfs:MUSEUMOGD.140623,d14
wfs:MUSEUMOGD.140624,d01
wfs:MUSEUMOGD.140625,d01
wfs:MUSEUMOGD.140626,d04
wfs:SPORTSTAETTENOGD.16353,d21
wfs:SPORTSTAETTENOGD.16354,d21
wfs:SPORTSTAETTENOGD.16355,d21
wfs:SPORTSTAETTENOGD.16356,d21
wfs:SPORTSTAETTENOGD.16357,d21
wfs:SPORTSTAETTENOGD.16358,d21
wfs:SPORTSTAETTENOGD.16359,d21
wfs:SPORTSTAETTENOGD.16360,d21
wfs:SPORTSTAETTENOGD.16361,d21
wfs:SPORTSTAETTENOGD.16362,d21
wfs:SPORTSTAETTENOGD.16363,d21
wfs:SPORTSTAETTENOGD.16365,d21
wfs:SPORTSTAETTENOGD.16366,d21
wfs:SPORTSTAETTENOGD.16367,d21
wfs:SPORTSTAETTENOGD.16368,d21
wfs:SPORTSTAETTENOGD.16369,d21
wfs:SPORTSTAETTENOGD.16370,d21
wfs:SPORTSTAETTENOGD.16371,d21
wfs:SPORTSTAETTENOGD.16372,d21
wfs:SPORTSTAETTENOGD.16373,d22
wfs:SPORTSTAETTENOGD.16374,d22
wfs:SPORTSTAETTENOGD.16375,d22
wfs:SPORTSTAETTENOGD.16376,d22
wfs:SPORTSTAETTENOGD.16377,d22
wfs:SPORTSTAETTENOGD.16378,d22
wfs:SPORTSTAETTENOGD.16379,d22
wfs:SPORTSTAETTENOGD.16380,d22
wfs:SPORTSTAETTENOGD.16381,d22
wfs:SPORTSTAETTENOGD.11144,d02
wfs:SPORTSTAETTENOGD.11145,d02
wfs:SPORTSTAETTENOGD.11146,d02
wfs:SPORTSTAETTENOGD.11147,d02
wfs:SPORTSTAETTENOGD.11148,d02
wfs:SPORTSTAETTENOGD.11149,d02
wfs:SPORTSTAETTENOGD.11150,d02
wfs:SPORTSTAETTENOGD.11151,d02
wfs:SPORTSTAETTENOGD.11152,d02
wfs:SPORTSTAETTENOGD.11153,d02
wfs:SPORTSTAETTENOGD.11154,d02
wfs:SPORTSTAETTENOGD.11155,d02
wfs:SPORTSTAETTENOGD.11156,d03
wfs:SPORTSTAETTENOGD.11157,d03
wfs:SPORTSTAETTENOGD.11158,d03
wfs:SPORTSTAETTENOGD.11159,d03
wfs:SPORTSTAETTENOGD.11160,d03
wfs:SPORTSTAETTENOGD.11161,d03
wfs:SPORTSTAETTENOGD.11162,d03
wfs:SPORTSTAETTENOGD.11163,d05
wfs:SPORTSTAETTENOGD.11164,d05
wfs:SPORTSTAETTENOGD.11165,d05
wfs:SPORTSTAETTENOGD.11166,d05
wfs:SPORTSTAETTENOGD.11167,d05
wfs:SPORTSTAETTENOGD.11168,d05
wfs:SPORTSTAETTENOGD.11169,d05
wfs:SPORTSTAETTENOGD.11170,d05
wfs:SPORTSTAETTENOGD.11171,d05
wfs:SPORTSTAETTENOGD.11172,d05
wfs:SPORTSTAETTENOGD.11173,d05
wfs:SPORTSTAETTENOGD.11174,d05
wfs:SPORTSTAETTENOGD.11175,d06
wfs:SPORTSTAETTENOGD.11176,d06
wfs:SPORTSTAETTENOGD.11177,d06
wfs:SPORTSTAETTENOGD.11178,d06
wfs:SPORTSTAETTENOGD.11179,d06
wfs:SPORTSTAETTENOGD.11180,d06
wfs:SPORTSTAETTENOGD.11181,d03
wfs:SPORTSTAETTENOGD.11182,d03
wfs:SPORTSTAETTENOGD.11183,d03
wfs:SPORTSTAETTENOGD.11184,d03
wfs:SPORTSTAETTENOGD.11185,d03
wfs:SPORTSTAETTENOGD.11186,d03
wfs:SPORTSTAETTENOGD.11187,d03
wfs:SPORTSTAETTENOGD.11188,d03
wfs:SPORTSTAETTENOGD.11189,d03
wfs:SPORTSTAETTENOGD.11190,d03
wfs:SPORTSTAETTENOGD.11191,d03
wfs:SPORTSTAETTENOGD.11192,d03
wfs:SPORTSTAETTENOGD.11193,d03
wfs:SPORTSTAETTENOGD.11194,d03
wfs:SPORTSTAETTENOGD.11195,d03
wfs:SPORTSTAETTENOGD.11196,d04
wfs:SPORTSTAETTENOGD.11197,d04
wfs:SPORTSTAETTENOGD.11198,d04
wfs:SPORTSTAETTENOGD.11199,d04
wfs:SPORTSTAETTENOGD.11200,d05
wfs:SPORTSTAETTENOGD.16001,d01
wfs:SPORTSTAETTENOGD.16002,d01
wfs:SPORTSTAETTENOGD.16003,d01
wfs:SPORTSTAETTENOGD.16004,d01
wfs:SPORTSTAETTENOGD.16005,d01
wfs:SPORTSTAETTENOGD.16006,d02
wfs:SPORTSTAETTENOGD.16007,d02
wfs:SPORTSTAETTENOGD.16008,d02
wfs:SPORTSTAETTENOGD.16009,d02
wfs:SPORTSTAETTENOGD.16010,d02
wfs:SPORTSTAETTENOGD.16011,d02
wfs:SPORTSTAETTENOGD.16012,d02
wfs:SPORTSTAETTENOGD.16013,d02
wfs:SPORTSTAETTENOGD.16014,d02
wfs:SPORTSTAETTENOGD.16015,d02
wfs:SPORTSTAETTENOGD.16016,d02
wfs:SPORTSTAETTENOGD.16017,d02
wfs:SPORTSTAETTENOGD.16018,d02
wfs:SPORTSTAETTENOGD.16019,d02
wfs:SPORTSTAETTENOGD.16020,d02
wfs:SPORTSTAETTENOGD.16021,d02
wfs:SPORTSTAETTENOGD.16022,d02
wfs:SPORTSTAETTENOGD.16023,d02
wfs:SPORTSTAETTENOGD.16024,d02
wfs:SPORTSTAETTENOGD.16025,d02
wfs:SPORTSTAETTENOGD.16026,d02
wfs:SPORTSTAETTENOGD.16027,d02
wfs:SPORTSTAETTENOGD.16028,d02
wfs:SPORTSTAETTENOGD.16029,d02
wfs:SPORTSTAETTENOGD.16030,d02
wfs:SPORTSTAETTENOGD.16031,d02
wfs:SPORTSTAETTENOGD.16032,d02
wfs:SPORTSTAETTENOGD.16033,d02
wfs:SPORTSTAETTENOGD.16034,d02
wfs:SPORTSTAETTENOGD.16035,d02
wfs:SPORTSTAETTENOGD.16036,d02
wfs:SPORTSTAETTENOGD.16037,d02
wfs:SPORTSTAETTENOGD.16038,d02
wfs:SPORTSTAETTENOGD.16039,d10
wfs:SPORTSTAETTENOGD.16040,d10
wfs:SPORTSTAETTENOGD.16041,d10
wfs:SPORTSTAETTENOGD.16042,d10
wfs:SPORTSTAETTENOGD.16043,d10
wfs:SPORTSTAETTENOGD.16044,d10
wfs:SPORTSTAETTENOGD.16045,d10
wfs:SPORTSTAETTENOGD.16046,d10
wfs:SPORTSTAETTENOGD.16047,d10
wfs:SPORTSTAETTENOGD.16048,d10
wfs:SPORTSTAETTENOGD.16049,d10
wfs:SPORTSTAETTENOGD.16050,d10
wfs:SPORTSTAETTENOGD.16051,d10
wfs:SPORTSTAETTENOGD.16052,d10
wfs:SPORTSTAETTENOGD.16053,d10
wfs:SPORTSTAETTENOGD.16054,d10
wfs:SPORTSTAETTENOGD.16055,d10
wfs:SPORTSTAETTENOGD.16056,d10
wfs:SPORTSTAETTENOGD.16057,d10
wfs:SPORTSTAETTENOGD.16058,d10
wfs:SPORTSTAETTENOGD.16059,d10
wfs:SPORTSTAETTENOGD.16060,d10
wfs:SPORTSTAETTENOGD.16061,d10
wfs:SPORTSTAETTENOGD.16062,d11
wfs:SPORTSTAETTENOGD.16063,d11
wfs:SPORTSTAETTENOGD.16064,d11
wfs:SPORTSTAETTENOGD.16065,d11
wfs:SPORTSTAETTENOGD.16066,d11
wfs:SPORTSTAETTENOGD.16067,d11
wfs:SPORTSTAETTENOGD.16068,d11
wfs:SPORTSTAETTENOGD.16069,d11
wfs:SPORTSTAETTENOGD.16070,d11
wfs:SPORTSTAETTENOGD.16071,d11
wfs:SPORTSTAETTENOGD.16072,d11
wfs:SPORTSTAETTENOGD.16073,d11
wfs:SPORTSTAETTENOGD.16074,d11
wfs:SPORTSTAETTENOGD.16075,d11
wfs:SPORTSTAETTENOGD.16076,d11
wfs:SPORTSTAETTENOGD.16077,d11
wfs:SPORTSTAETTENOGD.16078,d11
wfs:SPORTSTAETTENOGD.16079,d11
wfs:SPORTSTAETTENOGD.16080,d11
wfs:SPORTSTAETTENOGD.16081,d11
wfs:SPORTSTAETTENOGD.16082,d11
wfs:SPORTSTAETTENOGD.16083,d11
wfs:SPORTSTAETTENOGD.16084,d11
wfs:SPORTSTAETTENOGD.16085,d11
wfs:SPORTSTAETTENOGD.16086,d11
wfs:SPORTSTAETTENOGD.16087,d11
wfs:SPORTSTAETTENOGD.16088,d11
wfs:SPORTSTAETTENOGD.16089,d11
wfs:SPORTSTAETTENOGD.16090,d11
wfs:SPORTSTAETTENOGD.16091,d12
wfs:SPORTSTAETTENOGD.16092,d12
wfs:SPORTSTAETTENOGD.16093,d12
wfs:SPORTSTAETTENOGD.16094,d12
wfs:SPORTSTAETTENOGD.16095,d12
wfs:SPORTSTAETTENOGD.16096,d12
wfs:SPORTSTAETTENOGD.16097,d12
wfs:SPORTSTAETTENOGD.16098,d12
wfs:SPORTSTAETTENOGD.16099,d12
wfs:SPORTSTAETTENOGD.16100,d12
wfs:SPORTSTAETTENOGD.16101,d12
wfs:SPORTSTAETTENOGD.16102,d12
wfs:SPORTSTAETTENOGD.16103,d12
wfs:SPORTSTAETTENOGD.16104,d12
wfs:SPORTSTAETTENOGD.16105,d12
wfs:SPORTSTAETTENOGD.16106,d12
wfs:SPORTSTAETTENOGD.16107,d12
wfs:SPORTSTAETTENOGD.16108,d12
wfs:SPORTSTAETTENOGD.16109,d12
wfs:SPORTSTAETTENOGD.16110,d12
wfs:SPORTSTAETTENOGD.16111,d12
wfs:SPORTSTAETTENOGD.16112,d12
wfs:SPORTSTAETTENOGD.16113,d12
wfs:SPORTSTAETTENOGD.16114,d12
wfs:SPORTSTAETTENOGD.16115,d13
wfs:SPORTSTAETTENOGD.16116,d13
wfs:SPORTSTAETTENOGD.16117,d13
wfs:SPORTSTAETTENOGD.16118,d13
wfs:SPORTSTAETTENOGD.16119,d13
wfs:SPORTSTAETTENOGD.16120,d13
wfs:SPORTSTAETTENOGD.16121,d13
wfs:SPORTSTAETTENOGD.16122,d13
wfs:SPORTSTAETTENOGD.16123,d13
wfs:SPORTSTAETTENOGD.16124,d13
wfs:SPORTSTAETTENOGD.16125,d13
wfs:SPORTSTAETTENOGD.16126,d13
wfs:SPORTSTAETTENOGD.16127,d13
wfs:SPORTSTAETTENOGD.16128,d13
wfs:SPORTSTAETTENOGD.16129,d13
wfs:SPORTSTAETTENOGD.16130,d13
wfs:SPORTSTAETTENOGD.16131,d13
wfs:SPORTSTAETTENOGD.16132,d06
wfs:SPORTSTAETTENOGD.16133,d06
wfs:SPORTSTAETTENOGD.16134,d07
wfs:SPORTSTAETTENOGD.16135,d07
wfs:SPORTSTAETTENOGD.16136,d07
wfs:SPORTSTAETTENOGD.16137,d07
wfs:SPORTSTAETTENOGD.16138,d07
wfs:SPORTSTAETTENOGD.16139,d08
wfs:SPORTSTAETTENOGD.16140,d08
wfs:SPORTSTAETTENOGD.16141,d08
wfs:SPORTSTAETTENOGD.16142,d08
wfs:SPORTSTAETTENOGD.16143,d08
wfs:SPORTSTAETTENOGD.16144,d08
wfs:SPORTSTAETTENOGD.16145,d08
wfs:SPORTSTAETTENOGD.16146,d09
wfs:SPORTSTAETTENOGD.16147,d09
wfs:SPORTSTAETTENOGD.16148,d09
wfs:SPORTSTAETTENOGD.16149,d09
wfs:SPORTSTAETTENOGD.16150,d09
wfs:SPORTSTAETTENOGD.16151,d09
wfs:SPORTSTAETTENOGD.16152,d10
wfs:SPORTSTAETTENOGD.16153,d10
wfs:SPORTSTAETTENOGD.16154,d10
wfs:SPORTSTAETTENOGD.16155,d10
wfs:SPORTSTAETTENOGD.16156,d10
wfs:SPORTSTAETTENOGD.16157,d10
wfs:SPORTSTAETTENOGD.16158,d10
wfs:SPORTSTAETTENOGD.16159,d10
wfs:SPORTSTAETTENOGD.16160,d10
wfs:SPORTSTAETTENOGD.16161,d10
wfs:SPORTSTAETTENOGD.16162,d10
wfs:SPORTSTAETTENOGD.16163,d10
wfs:SPORTSTAETTENOGD.16164,d10
wfs:SPORTSTAETTENOGD.16165,d10
wfs:SPORTSTAETTENOGD.16166,d10
wfs:SPORTSTAETTENOGD.16167,d10
wfs:SPORTSTAETTENOGD.16168,d10
wfs:SPORTSTAETTENOGD.16169,d10
wfs:SPORTSTAETTENOGD.16170,d10
wfs:SPORTSTAETTENOGD.16171,d10
wfs:SPORTSTAETTENOGD.16172,d10
wfs:SPORTSTAETTENOGD.16173,d10
wfs:SPORTSTAETTENOGD.16174,d10
wfs:SPORTSTAETTENOGD.16175,d10
wfs:SPORTSTAETTENOGD.16176,d10
wfs:SPORTSTAETTENOGD.16177,d10
wfs:SPORTSTAETTENOGD.16178,d10
wfs:SPORTSTAETTENOGD.16179,d10
wfs:SPORTSTAETTENOGD.16180,d10
wfs:SPORTSTAETTENOGD.16181,d10
wfs:SPORTSTAETTENOGD.16182,d10
wfs:SPORTSTAETTENOGD.16183,d10
wfs:SPORTSTAETTENOGD.16184,d10
wfs:SPORTSTAETTENOGD.16185,d10
wfs:SPORTSTAETTENOGD.16186,d14
wfs:SPORTSTAETTENOGD.16187,d14
wfs:SPORTSTAETTENOGD.16188,d14
wfs:SPORTSTAETTENOGD.16189,d14
wfs:SPORTSTAETTENOGD.16190,d15
wfs:SPORTSTAETTENOGD.16191,d15
wfs:SPORTSTAETTENOGD.16192,d15
wfs:SPORTSTAETTENOGD.16193,d15
wfs:SPORTSTAETTENOGD.16194,d15
wfs:SPORTSTAETTENOGD.16195,d15
wfs:SPORTSTAETTENOGD.16196,d15
wfs:SPORTSTAETTENOGD.16197,d15
wfs:SPORTSTAETTENOGD.16198,d15
wfs:SPORTSTAETTENOGD.16199,d15
wfs:SPORTSTAETTENOGD.16200,d15
wfs:SPORTSTAETTENOGD.16201,d15
wfs:SPORTSTAETTENOGD.16202,d15
wfs:SPORTSTAETTENOGD.16203,d15
wfs:SPORTSTAETTENOGD.16204,d15
wfs:SPORTSTAETTENOGD.16205,d16
wfs:SPORTSTAETTENOGD.16206,d16
wfs:SPORTSTAETTENOGD.16207,d16
wfs:SPORTSTAETTENOGD.16208,d16
wfs:SPORTSTAETTENOGD.16209,d16
wfs:SPORTSTAETTENOGD.16210,d16
wfs:SPORTSTAETTENOGD.16211,d16
wfs:SPORTSTAETTENOGD.16212,d16
wfs:SPORTSTAETTENOGD.16213,d16
wfs:SPORTSTAETTENOGD.16214,d16
wfs:SPORTSTAETTENOGD.16215,d16
wfs:SPORTSTAETTENOGD.16216,d16
wfs:SPORTSTAETTENOGD.16217,d16
wfs:SPORTSTAETTENOGD.16218,d17
wfs:SPORTSTAETTENOGD.16219,d17
wfs:SPORTSTAETTENOGD.16220,d17
wfs:SPORTSTAETTENOGD.16221,d17
wfs:SPORTSTAETTENOGD.16222,d17
wfs:SPORTSTAETTENOGD.16223,d17
wfs:SPORTSTAETTENOGD.16224,d17
wfs:SPORTSTAETTENOGD.16225,d17
wfs:SPORTSTAETTENOGD.16226,d17
wfs:SPORTSTAETTENOGD.16227,d17
wfs:SPORTSTAETTENOGD.16228,d17
wfs:SPORTSTAETTENOGD.16229,d17
wfs:SPORTSTAETTENOGD.16230,d17
wfs:SPORTSTAETTENOGD.16231,d17
wfs:SPORTSTAETTENOGD.16232,d17
wfs:SPORTSTAETTENOGD.16233,d17
wfs:SPORTSTAETTENOGD.16234,d17
wfs:SPORTSTAETTENOGD.16235,d17
wfs:SPORTSTAETTENOGD.16236,d17
wfs:SPORTSTAETTENOGD.16237,d18
wfs:SPORTSTAETTENOGD.16238,d18
wfs:SPORTSTAETTENOGD.16239,d18
wfs:SPORTSTAETTENOGD.16240,d18
wfs:SPORTSTAETTENOGD.16241,d18
wfs:SPORTSTAETTENOGD.16242,d18
wfs:SPORTSTAETTENOGD.16243,d18
wfs:SPORTSTAETTENOGD.16244,d18
wfs:SPORTSTAETTENOGD.16245,d18
wfs:SPORTSTAETTENOGD.16246,d18
wfs:SPORTSTAETTENOGD.16247,d18
wfs:SPORTSTAETTENOGD.16248,d19
wfs:SPORTSTAETTENOGD.16249,d19
wfs:SPORTSTAETTENOGD.16250,d19
wfs:SPORTSTAETTENOGD.16251,d19
wfs:SPORTSTAETTENOGD.16252,d19
wfs:SPORTSTAETTENOGD.16253,d19
wfs:SPORTSTAETTENOGD.16254,d19
wfs:SPORTSTAETTENOGD.16255,d19
wfs:SPORTSTAETTENOGD.16256,d19
wfs:SPORTSTAETTENOGD.16257,d19
wfs:SPORTSTAETTENOGD.16258,d15
wfs:SPORTSTAETTENOGD.16259,d15
wfs:SPORTSTAETTENOGD.16260,d15
wfs:SPORTSTAETTENOGD.16261,d15
wfs:SPORTSTAETTENOGD.16262,d15
wfs:SPORTSTAETTENOGD.16263,d15
wfs:SPORTSTAETTENOGD.16287,d14
wfs:SPORTSTAETTENOGD.16288,d14
wfs:SPORTSTAETTENOGD.16289,d14
wfs:SPORTSTAETTENOGD.16290,d14
wfs:SPORTSTAETTENOGD.16291,d14
wfs:SPORTSTAETTENOGD.16292,d14
wfs:SPORTSTAETTENOGD.16293,d14
wfs:SPORTSTAETTENOGD.16264,d15
wfs:SPORTSTAETTENOGD.16265,d15
wfs:SPORTSTAETTENOGD.16266,d15
wfs:SPORTSTAETTENOGD.16267,d16
wfs:SPORTSTAETTENOGD.16268,d16
wfs:SPORTSTAETTENOGD.16269,d16
wfs:SPORTSTAETTENOGD.16270,d16
wfs:SPORTSTAETTENOGD.16271,d16
wfs:SPORTSTAETTENOGD.16272,d16
wfs:SPORTSTAETTENOGD.16273,d16
wfs:SPORTSTAETTENOGD.16274,d16
wfs:SPORTSTAETTENOGD.16275,d16
wfs:SPORTSTAETTENOGD.16276,d16
wfs:SPORTSTAETTENOGD.16277,d16
wfs:SPORTSTAETTENOGD.16278,d13
wfs:SPORTSTAETTENOGD.16279,d13
wfs:SPORTSTAETTENOGD.16280,d13
wfs:SPORTSTAETTENOGD.16281,d13
wfs:SPORTSTAETTENOGD.16282,d14
wfs:SPORTSTAETTENOGD.16283,d14
wfs:SPORTSTAETTENOGD.16284,d14
wfs:SPORTSTAETTENOGD.16285,d14
wfs:SPORTSTAETTENOGD.16286,d14
wfs:SPORTSTAETTENOGD.16294,d14
wfs:SPORTSTAETTENOGD.16295,d14
wfs:SPORTSTAETTENOGD.16296,d14
wfs:SPORTSTAETTENOGD.16297,d14
wfs:SPORTSTAETTENOGD.16298,d14
wfs:SPORTSTAETTENOGD.16299,d14
wfs:SPORTSTAETTENOGD.16300,d14
wfs:SPORTSTAETTENOGD.16301,d14
wfs:SPORTSTAETTENOGD.16302,d14
wfs:SPORTSTAETTENOGD.16303,d14
wfs:SPORTSTAETTENOGD.16304,d14
wfs:SPORTSTAETTENOGD.16305,d14
wfs:SPORTSTAETTENOGD.16306,d14
wfs:SPORTSTAETTENOGD.16307,d14
wfs:SPORTSTAETTENOGD.16308,d14
wfs:SPORTSTAETTENOGD.16309,d14
wfs:SPORTSTAETTENOGD.16310,d14
wfs:SPORTSTAETTENOGD.16311,d14
wfs:SPORTSTAETTENOGD.16312,d14
wfs:SPORTSTAETTENOGD.16313,d14
wfs:SPORTSTAETTENOGD.16314,d14
wfs:SPORTSTAETTENOGD.16315,d14
wfs:SPORTSTAETTENOGD.16316,d21
wfs:SPORTSTAETTENOGD.16317,d21
wfs:SPORTSTAETTENOGD.16318,d21
wfs:SPORTSTAETTENOGD.16319,d21
wfs:SPORTSTAETTENOGD.16320,d21
wfs:SPORTSTAETTENOGD.16321,d21
wfs:SPORTSTAETTENOGD.16322,d21
wfs:SPORTSTAETTENOGD.16323,d21
wfs:SPORTSTAETTENOGD.16324,d21
wfs:SPORTSTAETTENOGD.16325,d21
wfs:SPORTSTAETTENOGD.16326,d21
wfs:SPORTSTAETTENOGD.16327,d21
wfs:SPORTSTAETTENOGD.16328,d21
wfs:SPORTSTAETTENOGD.16329,d21
wfs:SPORTSTAETTENOGD.16330,d21
wfs:SPORTSTAETTENOGD.16331,d21
wfs:SPORTSTAETTENOGD.16332,d21
wfs:SPORTSTAETTENOGD.16333,d21
wfs:SPORTSTAETTENOGD.16334,d21
wfs:SPORTSTAETTENOGD.16335,d21
wfs:SPORTSTAETTENOGD.16336,d21
wfs:SPORTSTAETTENOGD.16337,d21
wfs:SPORTSTAETTENOGD.16338,d21
wfs:SPORTSTAETTENOGD.16339,d21
wfs:SPORTSTAETTENOGD.16340,d21
wfs:SPORTSTAETTENOGD.16341,d21
wfs:SPORTSTAETTENOGD.16342,d21
wfs:SPORTSTAETTENOGD.16343,d21
wfs:SPORTSTAETTENOGD.16344,d21
wfs:SPORTSTAETTENOGD.16345,d21
wfs:SPORTSTAETTENOGD.16346,d21
wfs:SPORTSTAETTENOGD.16347,d21
wfs:SPORTSTAETTENOGD.16348,d21
wfs:SPORTSTAETTENOGD.16349,d21
wfs:SPORTSTAETTENOGD.16350,d21
wfs:SPORTSTAETTENOGD.16351,d21
wfs:SPORTSTAETTENOGD.16352,d21
wfs:SPORTSTAETTENOGD.16836,d13
wfs:SPORTSTAETTENOGD.16837,d13
wfs:SPORTSTAETTENOGD.16838,d13
wfs:SPORTSTAETTENOGD.16839,d13
wfs:SPORTSTAETTENOGD.16840,d13
wfs:SPORTSTAETTENOGD.16841,d13
wfs:SPORTSTAETTENOGD.16842,d13
wfs:SPORTSTAETTENOGD.16843,d13
wfs:SPORTSTAETTENOGD.16844,d13
wfs:SPORTSTAETTENOGD.16845,d13
wfs:SPORTSTAETTENOGD.16846,d13
wfs:SPORTSTAETTENOGD.16847,d13
wfs:SPORTSTAETTENOGD.16848,d13
wfs:SPORTSTAETTENOGD.16849,d13
wfs:SPORTSTAETTENOGD.16850,d14
wfs:SPORTSTAETTENOGD.16851,d14
wfs:SPORTSTAETTENOGD.16852,d14
wfs:SPORTSTAETTENOGD.16853,d14
wfs:SPORTSTAETTENOGD.16854,d14
wfs:SPORTSTAETTENOGD.16855,d14
wfs:SPORTSTAETTENOGD.16856,d14
wfs:SPORTSTAETTENOGD.16857,d14
wfs:SPORTSTAETTENOGD.16858,d14
wfs:SPORTSTAETTENOGD.16859,d14
wfs:SPORTSTAETTENOGD.16860,d14
wfs:SPORTSTAETTENOGD.16861,d14
wfs:SPORTSTAETTENOGD.16862,d14
wfs:SPORTSTAETTENOGD.16863,d14
wfs:SPORTSTAETTENOGD.16864,d14
wfs:SPORTSTAETTENOGD.16865,d14
wfs:SPORTSTAETTENOGD.16866,d14
wfs:SPORTSTAETTENOGD.16867,d14
wfs:SPORTSTAETTENOGD.16868,d14
wfs:SPORTSTAETTENOGD.16869,d14
wfs:SPORTSTAETTENOGD.16382,d22
wfs:SPORTSTAETTENOGD.16383,d22
wfs:SPORTSTAETTENOGD.16384,d22
wfs:SPORTSTAETTENOGD.16385,d22
wfs:SPORTSTAETTENOGD.16386,d22
wfs:SPORTSTAETTENOGD.16387,d22
wfs:SPORTSTAETTENOGD.16388,d22
wfs:SPORTSTAETTENOGD.16389,d22
wfs:SPORTSTAETTENOGD.16390,d22
wfs:SPORTSTAETTENOGD.16391,d22
wfs:SPORTSTAETTENOGD.16392,d22
wfs:SPORTSTAETTENOGD.16393,d22
wfs:SPORTSTAETTENOGD.16394,d22
wfs:SPORTSTAETTENOGD.16395,d22
wfs:SPORTSTAETTENOGD.16396,d22
wfs:SPORTSTAETTENOGD.16397,d22
wfs:SPORTSTAETTENOGD.16398,d22
wfs:SPORTSTAETTENOGD.16399,d22
wfs:SPORTSTAETTENOGD.16400,d22
wfs:SPORTSTAETTENOGD.16401,d22
wfs:SPORTSTAETTENOGD.16402,d22
wfs:SPORTSTAETTENOGD.16403,d22
wfs:SPORTSTAETTENOGD.16404,d22
wfs:SPORTSTAETTENOGD.16405,d22
wfs:SPORTSTAETTENOGD.16406,d22
wfs:SPORTSTAETTENOGD.16407,d22
wfs:SPORTSTAETTENOGD.16408,d22
wfs:SPORTSTAETTENOGD.16409,d19
wfs:SPORTSTAETTENOGD.16410,d19
wfs:SPORTSTAETTENOGD.16411,d19
wfs:SPORTSTAETTENOGD.16412,d19
wfs:SPORTSTAETTENOGD.16413,d19
wfs:SPORTSTAETTENOGD.16414,d19
wfs:SPORTSTAETTENOGD.16415,d19
wfs:SPORTSTAETTENOGD.16416,d19
wfs:SPORTSTAETTENOGD.16417,d19
wfs:SPORTSTAETTENOGD.16418,d19
wfs:SPORTSTAETTENOGD.16419,d19
wfs:SPORTSTAETTENOGD.16420,d19
wfs:SPORTSTAETTENOGD.16421,d19
wfs:SPORTSTAETTENOGD.16422,d19
wfs:SPORTSTAETTENOGD.16423,d19
wfs:SPORTSTAETTENOGD.16424,d19
wfs:SPORTSTAETTENOGD.16425,d19
wfs:SPORTSTAETTENOGD.16426,d19
wfs:SPORTSTAETTENOGD.16427,d19
wfs:SPORTSTAETTENOGD.16428,d19
wfs:SPORTSTAETTENOGD.16429,d19
wfs:SPORTSTAETTENOGD.16430,d20
wfs:SPORTSTAETTENOGD.16431,d20
wfs:SPORTSTAETTENOGD.16432,d20
wfs:SPORTSTAETTENOGD.16433,d20
wfs:SPORTSTAETTENOGD.16434,d20
wfs:SPORTSTAETTENOGD.16435,d20
wfs:SPORTSTAETTENOGD.16436,d20
wfs:SPORTSTAETTENOGD.16437,d20
wfs:SPORTSTAETTENOGD.16438,d20
wfs:SPORTSTAETTENOGD.16439,d20
wfs:SPORTSTAETTENOGD.16440,d20
wfs:SPORTSTAETTENOGD.16441,d20
wfs:SPORTSTAETTENOGD.16442,d20
wfs:SPORTSTAETTENOGD.16443,d20
wfs:SPORTSTAETTENOGD.16444,d20
wfs:SPORTSTAETTENOGD.16445,d20
wfs:SPORTSTAETTENOGD.16446,d20
wfs:SPORTSTAETTENOGD.16447,d20
wfs:SPORTSTAETTENOGD.16448,d20
wfs:SPORTSTAETTENOGD.16449,d20
wfs:SPORTSTAETTENOGD.16450,d20
wfs:SPORTSTAETTENOGD.16451,d21
wfs:SPORTSTAETTENOGD.16452,d21
wfs:SPORTSTAETTENOGD.16453,d21
wfs:SPORTSTAETTENOGD.16454,d21
wfs:SPORTSTAETTENOGD.16455,d21
wfs:SPORTSTAETTENOGD.16456,d21
wfs:SPORTSTAETTENOGD.16457,d21
wfs:SPORTSTAETTENOGD.16458,d21
wfs:SPORTSTAETTENOGD.16459,d21
wfs:SPORTSTAETTENOGD.16460,d21
wfs:SPORTSTAETTENOGD.16461,d21
wfs:SPORTSTAETTENOGD.16462,d21
wfs:SPORTSTAETTENOGD.16463,d21
wfs:SPORTSTAETTENOGD.16464,d21
wfs:SPORTSTAETTENOGD.16465,d22
wfs:SPORTSTAETTENOGD.16466,d22
wfs:SPORTSTAETTENOGD.16467,d22
wfs:SPORTSTAETTENOGD.16468,d22
wfs:SPORTSTAETTENOGD.16469,d22
wfs:SPORTSTAETTENOGD.16470,d22
wfs:SPORTSTAETTENOGD.16471,d22
wfs:SPORTSTAETTENOGD.16472,d22
wfs:SPORTSTAETTENOGD.16473,d22
wfs:SPORTSTAETTENOGD.16474,d22
wfs:SPORTSTAETTENOGD.16475,d22
wfs:SPORTSTAETTENOGD.16476,d22
wfs:SPORTSTAETTENOGD.16477,d22
wfs:SPORTSTAETTENOGD.16478,d22
wfs:SPORTSTAETTENOGD.16479,d22
wfs:SPORTSTAETTENOGD.16480,d22
wfs:SPORTSTAETTENOGD.16481,d22
wfs:SPORTSTAETTENOGD.16482,d22
wfs:SPORTSTAETTENOGD.16483,d23
wfs:SPORTSTAETTENOGD.16484,d23
wfs:SPORTSTAETTENOGD.16485,d23
wfs:SPORTSTAETTENOGD.16486,d23
wfs:SPORTSTAETTENOGD.16487,d23
wfs:SPORTSTAETTENOGD.16488,d23
wfs:SPORTSTAETTENOGD.16489,d23
wfs:SPORTSTAETTENOGD.16490,d23
wfs:SPORTSTAETTENOGD.16491,d23
wfs:SPORTSTAETTENOGD.16492,d23
wfs:SPORTSTAETTENOGD.16493,d23
wfs:SPORTSTAETTENOGD.16494,d23
wfs:SPORTSTAETTENOGD.16495,d23
wfs:SPORTSTAETTENOGD.16496,d23
wfs:SPORTSTAETTENOGD.16497,d23
wfs:SPORTSTAETTENOGD.16498,d23
wfs:SPORTSTAETTENOGD.16499,d23
wfs:SPORTSTAETTENOGD.16500,d23
wfs:SPORTSTAETTENOGD.16501,d23
wfs:SPORTSTAETTENOGD.16502,d23
wfs:SPORTSTAETTENOGD.16503,d23
wfs:SPORTSTAETTENOGD.16504,d23
wfs:SPORTSTAETTENOGD.16505,d23
wfs:SPORTSTAETTENOGD.16506,d23
wfs:SPORTSTAETTENOGD.16507,d23
wfs:SPORTSTAETTENOGD.16508,d23
wfs:SPORTSTAETTENOGD.16509,d23
wfs:SPORTSTAETTENOGD.16510,d23
wfs:SPORTSTAETTENOGD.16511,d23
wfs:SPORTSTAETTENOGD.16512,d23
wfs:SPORTSTAETTENOGD.16513,d23
wfs:SPORTSTAETTENOGD.16514,d23
wfs:SPORTSTAETTENOGD.16515,d23
wfs:SPORTSTAETTENOGD.16516,d23
wfs:SPORTSTAETTENOGD.16517,d23
wfs:SPORTSTAETTENOGD.16518,d15
wfs:SPORTSTAETTENOGD.16519,d01
wfs:SPORTSTAETTENOGD.16520,d01
wfs:SPORTSTAETTENOGD.16521,d01
wfs:SPORTSTAETTENOGD.16522,d01
wfs:SPORTSTAETTENOGD.16523,d01
wfs:SPORTSTAETTENOGD.16524,d01
wfs:SPORTSTAETTENOGD.16525,d01
wfs:SPORTSTAETTENOGD.16526,d01
wfs:SPORTSTAETTENOGD.16527,d01
wfs:SPORTSTAETTENOGD.16528,d01
wfs:SPORTSTAETTENOGD.16529,d01
wfs:SPORTSTAETTENOGD.16530,d01
wfs:SPORTSTAETTENOGD.16531,d01
wfs:SPORTSTAETTENOGD.16532,d02
wfs:SPORTSTAETTENOGD.16533,d02
wfs:SPORTSTAETTENOGD.16534,d02
wfs:SPORTSTAETTENOGD.16535,d02
wfs:SPORTSTAETTENOGD.16536,d02
wfs:SPORTSTAETTENOGD.16537,d02
wfs:SPORTSTAETTENOGD.16538,d02
wfs:SPORTSTAETTENOGD.16539,d02
wfs:SPORTSTAETTENOGD.16540,d02
wfs:SPORTSTAETTENOGD.16541,d02
wfs:SPORTSTAETTENOGD.16542,d02
wfs:SPORTSTAETTENOGD.16543,d22
wfs:SPORTSTAETTENOGD.16544,d22
wfs:SPORTSTAETTENOGD.16545,d22
wfs:SPORTSTAETTENOGD.16546,d22
wfs:SPORTSTAETTENOGD.16547,d22
wfs:SPORTSTAETTENOGD.16548,d22
wfs:SPORTSTAETTENOGD.16549,d22
wfs:SPORTSTAETTENOGD.16550,d22
wfs:SPORTSTAETTENOGD.16551,d23
wfs:SPORTSTAETTENOGD.16552,d23
wfs:SPORTSTAETTENOGD.16553,d23
wfs:SPORTSTAETTENOGD.16554,d23
wfs:SPORTSTAETTENOGD.16555,d23
wfs:SPORTSTAETTENOGD.16556,d23
wfs:SPORTSTAETTENOGD.16557,d23
wfs:SPORTSTAETTENOGD.16558,d23
wfs:SPORTSTAETTENOGD.16559,d23
wfs:SPORTSTAETTENOGD.16560,d22
wfs:SPORTSTAETTENOGD.16561,d22
wfs:SPORTSTAETTENOGD.16562,d22
wfs:SPORTSTAETTENOGD.16563,d22
wfs:SPORTSTAETTENOGD.16564,d22
wfs:SPORTSTAETTENOGD.16565,d22
wfs:SPORTSTAETTENOGD.16566,d22
wfs:SPORTSTAETTENOGD.16567,d22
wfs:SPORTSTAETTENOGD.16568,d22
wfs:SPORTSTAETTENOGD.16569,d22
wfs:SPORTSTAETTENOGD.16570,d22
wfs:SPORTSTAETTENOGD.16571,d22
wfs:SPORTSTAETTENOGD.16572,d22
wfs:SPORTSTAETTENOGD.16573,d22
wfs:SPORTSTAETTENOGD.16574,d22
wfs:SPORTSTAETTENOGD.16575,d22
wfs:SPORTSTAETTENOGD.16576,d22
wfs:SPORTSTAETTENOGD.16577,d22
wfs:SPORTSTAETTENOGD.16578,d22
wfs:SPORTSTAETTENOGD.16579,d22
wfs:SPORTSTAETTENOGD.16580,d22
wfs:SPORTSTAETTENOGD.16581,d22
wfs:SPORTSTAETTENOGD.16582,d22
wfs:SPORTSTAETTENOGD.16583,d22
wfs:SPORTSTAETTENOGD.16584,d22
wfs:SPORTSTAETTENOGD.16585,d22
wfs:SPORTSTAETTENOGD.16586,d22
wfs:SPORTSTAETTENOGD.16587,d22
wfs:SPORTSTAETTENOGD.16588,d22
wfs:SPORTSTAETTENOGD.16589,d22
wfs:SPORTSTAETTENOGD.16590,d22
wfs:SPORTSTAETTENOGD.16591,d22
wfs:SPORTSTAETTENOGD.16592,d22
wfs:SPORTSTAETTENOGD.16593,d22
wfs:SPORTSTAETTENOGD.16594,d22
wfs:SPORTSTAETTENOGD.16595,d22
wfs:SPORTSTAETTENOGD.16596,d22
wfs:SPORTSTAETTENOGD.16597,d03
wfs:SPORTSTAETTENOGD.16598,d03
wfs:SPORTSTAETTENOGD.16599,d03
wfs:SPORTSTAETTENOGD.16600,d04
wfs:SPORTSTAETTENOGD.16601,d04
wfs:SPORTSTAETTENOGD.16602,d04
wfs:SPORTSTAETTENOGD.16603,d04
wfs:SPORTSTAETTENOGD.16604,d04
wfs:SPORTSTAETTENOGD.16605,d04
wfs:SPORTSTAETTENOGD.16606,d04
wfs:SPORTSTAETTENOGD.16607,d04
wfs:SPORTSTAETTENOGD.16608,d04
wfs:SPORTSTAETTENOGD.16609,d04
wfs:SPORTSTAETTENOGD.16610,d04
wfs:SPORTSTAETTENOGD.16611,d04
wfs:SPORTSTAETTENOGD.16612,d04
wfs:SPORTSTAETTENOGD.16613,d05
wfs:SPORTSTAETTENOGD.16614,d05
wfs:SPORTSTAETTENOGD.16615,d05
wfs:SPORTSTAETTENOGD.16616,d05
wfs:SPORTSTAETTENOGD.16617,d05
wfs:SPORTSTAETTENOGD.16618,d05
wfs:SPORTSTAETTENOGD.16619,d05
wfs:SPORTSTAETTENOGD.16620,d05
wfs:SPORTSTAETTENOGD.16621,d05
wfs:SPORTSTAETTENOGD.16622,d05
wfs:SPORTSTAETTENOGD.16623,d05
wfs:SPORTSTAETTENOGD.16624,d05
wfs:SPORTSTAETTENOGD.16625,d05
wfs:SPORTSTAETTENOGD.16626,d05
wfs:SPORTSTAETTENOGD.16627,d05
wfs:SPORTSTAETTENOGD.16628,d05
wfs:SPORTSTAETTENOGD.16629,d05
wfs:SPORTSTAETTENOGD.16630,d05
wfs:SPORTSTAETTENOGD.16631,d05
wfs:SPORTSTAETTENOGD.16632,d05
wfs:SPORTSTAETTENOGD.16633,d06
wfs:SPORTSTAETTENOGD.16634,d06
wfs:SPORTSTAETTENOGD.16635,d06
wfs:SPORTSTAETTENOGD.16636,d06
wfs:SPORTSTAETTENOGD.16637,d06
wfs:SPORTSTAETTENOGD.16638,d06
wfs:SPORTSTAETTENOGD.16639,d06
wfs:SPORTSTAETTENOGD.16640,d06
wfs:SPORTSTAETTENOGD.16641,d06
wfs:SPORTSTAETTENOGD.16642,d06
wfs:SPORTSTAETTENOGD.16643,d06
wfs:SPORTSTAETTENOGD.16644,d06
wfs:SPORTSTAETTENOGD.16645,d07
wfs:SPORTSTAETTENOGD.16646,d07
wfs:SPORTSTAETTENOGD.16647,d07
wfs:SPORTSTAETTENOGD.16648,d07
wfs:SPORTSTAETTENOGD.16649,d07
wfs:SPORTSTAETTENOGD.16650,d07
wfs:SPORTSTAETTENOGD.16651,d07
wfs:SPORTSTAETTENOGD.16652,d07
wfs:SPORTSTAETTENOGD.16653,d07
wfs:SPORTSTAETTENOGD.16654,d07
wfs:SPORTSTAETTENOGD.16655,d07
wfs:SPORTSTAETTENOGD.16656,d07
wfs:SPORTSTAETTENOGD.16657,d07
wfs:SPORTSTAETTENOGD.16658,d08
wfs:SPORTSTAETTENOGD.16659,d08
wfs:SPORTSTAETTENOGD.16660,d08
wfs:SPORTSTAETTENOGD.16661,d08
wfs:SPORTSTAETTENOGD.16662,d08
wfs:SPORTSTAETTENOGD.16663,d08
wfs:SPORTSTAETTENOGD.16664,d08
wfs:SPORTSTAETTENOGD.16665,d08
wfs:SPORTSTAETTENOGD.16666,d08
wfs:SPORTSTAETTENOGD.16667,d08
wfs:SPORTSTAETTENOGD.16668,d08
wfs:SPORTSTAETTENOGD.16669,d08
wfs:SPORTSTAETTENOGD.16670,d09
wfs:SPORTSTAETTENOGD.16671,d09
wfs:SPORTSTAETTENOGD.16672,d09
wfs:SPORTSTAETTENOGD.16673,d09
wfs:SPORTSTAETTENOGD.16674,d09
wfs:SPORTSTAETTENOGD.16675,d09
wfs:SPORTSTAETTENOGD.16676,d09
wfs:SPORTSTAETTENOGD.16677,d09
wfs:SPORTSTAETTENOGD.16678,d09
wfs:SPORTSTAETTENOGD.16679,d09
wfs:SPORTSTAETTENOGD.16680,d09
wfs:SPORTSTAETTENOGD.16681,d09
wfs:SPORTSTAETTENOGD.16682,d09
wfs:SPORTSTAETTENOGD.16683,d09
wfs:SPORTSTAETTENOGD.16684,d09
wfs:SPORTSTAETTENOGD.16685,d10
wfs:SPORTSTAETTENOGD.16686,d10
wfs:SPORTSTAETTENOGD.16687,d10
wfs:SPORTSTAETTENOGD.16688,d10
wfs:SPORTSTAETTENOGD.16689,d10
wfs:SPORTSTAETTENOGD.16690,d10
wfs:SPORTSTAETTENOGD.16691,d10
wfs:SPORTSTAETTENOGD.16692,d10
wfs:SPORTSTAETTENOGD.16693,d10
wfs:SPORTSTAETTENOGD.16694,d10
wfs:SPORTSTAETTENOGD.16695,d10
wfs:SPORTSTAETTENOGD.16696,d10
wfs:SPORTSTAETTENOGD.16697,d10
wfs:SPORTSTAETTENOGD.16698,d10
wfs:SPORTSTAETTENOGD.16699,d10
wfs:SPORTSTAETTENOGD.16700,d10
wfs:SPORTSTAETTENOGD.16701,d10
wfs:SPORTSTAETTENOGD.16702,d10
wfs:SPORTSTAETTENOGD.16703,d10
wfs:SPORTSTAETTENOGD.16704,d10
wfs:SPORTSTAETTENOGD.16705,d10
wfs:SPORTSTAETTENOGD.16706,d10
wfs:SPORTSTAETTENOGD.16707,d10
wfs:SPORTSTAETTENOGD.16708,d10
wfs:SPORTSTAETTENOGD.16709,d10
wfs:SPORTSTAETTENOGD.16710,d10
wfs:SPORTSTAETTENOGD.16711,d10
wfs:SPORTSTAETTENOGD.16712,d10
wfs:SPORTSTAETTENOGD.16713,d10
wfs:SPORTSTAETTENOGD.16714,d10
wfs:SPORTSTAETTENOGD.16715,d10
wfs:SPORTSTAETTENOGD.16716,d10
wfs:SPORTSTAETTENOGD.16717,d02
wfs:SPORTSTAETTENOGD.16718,d02
wfs:SPORTSTAETTENOGD.16719,d02
wfs:SPORTSTAETTENOGD.16720,d02
wfs:SPORTSTAETTENOGD.16721,d02
wfs:SPORTSTAETTENOGD.16722,d02
wfs:SPORTSTAETTENOGD.16723,d02
wfs:SPORTSTAETTENOGD.16724,d02
wfs:SPORTSTAETTENOGD.16725,d02
wfs:SPORTSTAETTENOGD.16726,d02
wfs:SPORTSTAETTENOGD.16727,d02
wfs:SPORTSTAETTENOGD.16728,d02
wfs:SPORTSTAETTENOGD.16729,d02
wfs:SPORTSTAETTENOGD.16730,d02
wfs:SPORTSTAETTENOGD.16731,d02
wfs:SPORTSTAETTENOGD.16732,d02
wfs:SPORTSTAETTENOGD.16733,d02
wfs:SPORTSTAETTENOGD.16734,d02
wfs:SPORTSTAETTENOGD.16735,d02
wfs:SPORTSTAETTENOGD.16736,d02
wfs:SPORTSTAETTENOGD.16737,d02
wfs:SPORTSTAETTENOGD.16738,d02
wfs:SPORTSTAETTENOGD.16739,d02
wfs:SPORTSTAETTENOGD.16740,d02
wfs:SPORTSTAETTENOGD.16741,d02
wfs:SPORTSTAETTENOGD.16742,d02
wfs:SPORTSTAETTENOGD.16743,d02
wfs:SPORTSTAETTENOGD.16744,d02
wfs:SPORTSTAETTENOGD.16745,d02
wfs:SPORTSTAETTENOGD.16746,d02
wfs:SPORTSTAETTENOGD.16747,d02
wfs:SPORTSTAETTENOGD.16748,d02
wfs:SPORTSTAETTENOGD.16749,d02
wfs:SPORTSTAETTENOGD.16750,d02
wfs:SPORTSTAETTENOGD.16751,d02
wfs:SPORTSTAETTENOGD.16752,d03
wfs:SPORTSTAETTENOGD.16753,d03
wfs:SPORTSTAETTENOGD.16754,d03
wfs:SPORTSTAETTENOGD.16755,d03
wfs:SPORTSTAETTENOGD.16756,d03
wfs:SPORTSTAETTENOGD.16757,d03
wfs:SPORTSTAETTENOGD.16758,d03
wfs:SPORTSTAETTENOGD.16759,d03
wfs:SPORTSTAETTENOGD.16760,d03
wfs:SPORTSTAETTENOGD.16761,d03
wfs:SPORTSTAETTENOGD.16762,d03
wfs:SPORTSTAETTENOGD.16763,d03
wfs:SPORTSTAETTENOGD.16764,d03
wfs:SPORTSTAETTENOGD.16765,d03
wfs:SPORTSTAETTENOGD.16766,d03
wfs:SPORTSTAETTENOGD.16768,d03
wfs:SPORTSTAETTENOGD.16769,d03
wfs:SPORTSTAETTENOGD.16770,d03
wfs:SPORTSTAETTENOGD.16771,d03
wfs:SPORTSTAETTENOGD.16772,d03
wfs:SPORTSTAETTENOGD.16773,d03
wfs:SPORTSTAETTENOGD.16774,d03
wfs:SPORTSTAETTENOGD.16775,d03
wfs:SPORTSTAETTENOGD.16776,d03
wfs:SPORTSTAETTENOGD.16777,d03
wfs:SPORTSTAETTENOGD.16778,d03
wfs:SPORTSTAETTENOGD.16779,d03
wfs:SPORTSTAETTENOGD.16780,d03
wfs:SPORTSTAETTENOGD.16781,d03
wfs:SPORTSTAETTENOGD.16782,d03
wfs:SPORTSTAETTENOGD.16783,d03
wfs:SPORTSTAETTENOGD.16784,d03
wfs:SPORTSTAETTENOGD.16785,d03
wfs:SPORTSTAETTENOGD.16786,d03
wfs:SPORTSTAETTENOGD.16787,d03
wfs:SPORTSTAETTENOGD.16788,d11
wfs:SPORTSTAETTENOGD.16789,d11
wfs:SPORTSTAETTENOGD.16790,d11
wfs:SPORTSTAETTENOGD.16791,d11
wfs:SPORTSTAETTENOGD.16792,d11
wfs:SPORTSTAETTENOGD.16793,d11
wfs:SPORTSTAETTENOGD.16794,d11
wfs:SPORTSTAETTENOGD.16795,d11
wfs:SPORTSTAETTENOGD.16796,d11
wfs:SPORTSTAETTENOGD.16797,d11
wfs:SPORTSTAETTENOGD.16767,d03
wfs:SPORTSTAETTENOGD.16798,d11
wfs:SPORTSTAETTENOGD.16799,d11
wfs:SPORTSTAETTENOGD.16800,d11
wfs:SPORTSTAETTENOGD.16801,d11
wfs:SPORTSTAETTENOGD.16802,d11
wfs:SPORTSTAETTENOGD.16803,d11
wfs:SPORTSTAETTENOGD.16804,d11
wfs:SPORTSTAETTENOGD.16805,d11
wfs:SPORTSTAETTENOGD.16806,d11
wfs:SPORTSTAETTENOGD.16807,d11
wfs:SPORTSTAETTENOGD.16808,d11
wfs:SPORTSTAETTENOGD.16809,d11
wfs:SPORTSTAETTENOGD.16810,d11
wfs:SPORTSTAETTENOGD.16811,d12
wfs:SPORTSTAETTENOGD.16812,d12
wfs:SPORTSTAETTENOGD.16813,d12
wfs:SPORTSTAETTENOGD.16814,d12
wfs:SPORTSTAETTENOGD.16815,d12
wfs:SPORTSTAETTENOGD.16816,d12
wfs:SPORTSTAETTENOGD.16817,d12
wfs:SPORTSTAETTENOGD.16818,d12
wfs:SPORTSTAETTENOGD.16819,d12
wfs:SPORTSTAETTENOGD.16820,d12
wfs:SPORTSTAETTENOGD.16821,d12
wfs:SPORTSTAETTENOGD.16822,d13
wfs:SPORTSTAETTENOGD.16823,d13
wfs:SPORTSTAETTENOGD.16824,d13
wfs:SPORTSTAETTENOGD.16825,d13
wfs:SPORTSTAETTENOGD.16826,d13
wfs:SPORTSTAETTENOGD.16827,d13
wfs:SPORTSTAETTENOGD.16828,d13
wfs:SPORTSTAETTENOGD.16829,d13
wfs:SPORTSTAETTENOGD.16830,d13
wfs:SPORTSTAETTENOGD.16831,d13
wfs:SPORTSTAETTENOGD.16832,d13
wfs:SPORTSTAETTENOGD.16833,d13
wfs:SPORTSTAETTENOGD.16834,d13
wfs:SPORTSTAETTENOGD.16835,d13
wfs:SPORTSTAETTENOGD.17327,d22
wfs:SPORTSTAETTENOGD.17328,d22
wfs:SPORTSTAETTENOGD.17329,d22
wfs:SPORTSTAETTENOGD.17330,d23
wfs:SPORTSTAETTENOGD.17331,d23
wfs:SPORTSTAETTENOGD.17332,d01
wfs:SPORTSTAETTENOGD.17333,d02
wfs:SPORTSTAETTENOGD.17334,d02
wfs:SPORTSTAETTENOGD.17335,d03
wfs:SPORTSTAETTENOGD.17336,d10
wfs:SPORTSTAETTENOGD.17337,d14
wfs:SPORTSTAETTENOGD.17338,d18
wfs:SPORTSTAETTENOGD.17339,d21
wfs:SPORTSTAETTENOGD.17340,d21
wfs:SPORTSTAETTENOGD.17341,d14
wfs:SPORTSTAETTENOGD.17342,d02
wfs:SPORTSTAETTENOGD.17343,d11
wfs:SPORTSTAETTENOGD.17344,d21
wfs:SPORTSTAETTENOGD.17345,d22
wfs:SPORTSTAETTENOGD.17346,d10
wfs:SPORTSTAETTENOGD.17347,d02
wfs:SPORTSTAETTENOGD.17348,d21
wfs:SPORTSTAETTENOGD.17349,d21
wfs:SPORTSTAETTENOGD.17350,d22
wfs:SPORTSTAETTENOGD.17351,d22
wfs:SPORTSTAETTENOGD.17352,d22
wfs:SPORTSTAETTENOGD.17353,d22
wfs:SPORTSTAETTENOGD.17354,d22
wfs:SPORTSTAETTENOGD.17355,d22
wfs:SPORTSTAETTENOGD.17356,d22
wfs:SPORTSTAETTENOGD.17357,d22
wfs:SPORTSTAETTENOGD.17358,d22
wfs:SPORTSTAETTENOGD.16870,d14
wfs:SPORTSTAETTENOGD.16871,d14
wfs:SPORTSTAETTENOGD.16872,d14
wfs:SPORTSTAETTENOGD.16873,d14
wfs:SPORTSTAETTENOGD.16874,d14
wfs:SPORTSTAETTENOGD.16875,d14
wfs:SPORTSTAETTENOGD.16876,d14
wfs:SPORTSTAETTENOGD.16877,d14
wfs:SPORTSTAETTENOGD.16878,d14
wfs:SPORTSTAETTENOGD.16879,d14
wfs:SPORTSTAETTENOGD.16880,d14
wfs:SPORTSTAETTENOGD.16881,d15
wfs:SPORTSTAETTENOGD.16882,d15
wfs:SPORTSTAETTENOGD.16883,d11
wfs:SPORTSTAETTENOGD.16884,d11
wfs:SPORTSTAETTENOGD.16885,d11
wfs:SPORTSTAETTENOGD.16886,d12
wfs:SPORTSTAETTENOGD.16887,d12
wfs:SPORTSTAETTENOGD.16888,d12
wfs:SPORTSTAETTENOGD.16889,d12
wfs:SPORTSTAETTENOGD.16890,d12
wfs:SPORTSTAETTENOGD.16891,d12
wfs:SPORTSTAETTENOGD.16892,d12
wfs:SPORTSTAETTENOGD.16893,d12
wfs:SPORTSTAETTENOGD.16894,d12
wfs:SPORTSTAETTENOGD.16895,d12
wfs:SPORTSTAETTENOGD.16896,d12
wfs:SPORTSTAETTENOGD.16897,d12
wfs:SPORTSTAETTENOGD.16898,d12
wfs:SPORTSTAETTENOGD.16899,d12
wfs:SPORTSTAETTENOGD.16900,d12
wfs:SPORTSTAETTENOGD.16901,d12
wfs:SPORTSTAETTENOGD.16902,d12
wfs:SPORTSTAETTENOGD.16903,d12
wfs:SPORTSTAETTENOGD.16904,d12
wfs:SPORTSTAETTENOGD.16905,d12
wfs:SPORTSTAETTENOGD.16906,d10
wfs:SPORTSTAETTENOGD.16907,d10
wfs:SPORTSTAETTENOGD.16908,d10
wfs:SPORTSTAETTENOGD.16909,d10
wfs:SPORTSTAETTENOGD.16910,d10
wfs:SPORTSTAETTENOGD.16911,d10
wfs:SPORTSTAETTENOGD.16912,d10
wfs:SPORTSTAETTENOGD.16913,d10
wfs:SPORTSTAETTENOGD.16914,d10
wfs:SPORTSTAETTENOGD.16915,d10
wfs:SPORTSTAETTENOGD.16916,d10
wfs:SPORTSTAETTENOGD.16917,d10
wfs:SPORTSTAETTENOGD.16918,d10
wfs:SPORTSTAETTENOGD.16919,d10
wfs:SPORTSTAETTENOGD.16920,d10
wfs:SPORTSTAETTENOGD.16921,d10
wfs:SPORTSTAETTENOGD.16922,d10
wfs:SPORTSTAETTENOGD.16923,d10
wfs:SPORTSTAETTENOGD.16924,d10
wfs:SPORTSTAETTENOGD.16925,d10
wfs:SPORTSTAETTENOGD.16926,d10
wfs:SPORTSTAETTENOGD.16927,d10
wfs:SPORTSTAETTENOGD.16928,d10
wfs:SPORTSTAETTENOGD.16929,d10
wfs:SPORTSTAETTENOGD.16930,d10
wfs:SPORTSTAETTENOGD.16931,d10
wfs:SPORTSTAETTENOGD.16932,d10
wfs:SPORTSTAETTENOGD.16933,d10
wfs:SPORTSTAETTENOGD.16934,d10
wfs:SPORTSTAETTENOGD.16935,d10
wfs:SPORTSTAETTENOGD.16936,d10
wfs:SPORTSTAETTENOGD.16937,d10
wfs:SPORTSTAETTENOGD.16938,d10
wfs:SPORTSTAETTENOGD.16939,d10
wfs:SPORTSTAETTENOGD.16940,d10
wfs:SPORTSTAETTENOGD.16941,d10
wfs:SPORTSTAETTENOGD.16942,d11
wfs:SPORTSTAETTENOGD.16943,d11
wfs:SPORTSTAETTENOGD.16944,d11
wfs:SPORTSTAETTENOGD.16945,d11
wfs:SPORTSTAETTENOGD.16946,d11
wfs:SPORTSTAETTENOGD.16947,d11
wfs:SPORTSTAETTENOGD.16948,d11
wfs:SPORTSTAETTENOGD.16949,d11
wfs:SPORTSTAETTENOGD.16950,d11
wfs:SPORTSTAETTENOGD.16951,d11
wfs:SPORTSTAETTENOGD.16952,d11
wfs:SPORTSTAETTENOGD.16953,d17
wfs:SPORTSTAETTENOGD.16954,d17
wfs:SPORTSTAETTENOGD.16955,d17
wfs:SPORTSTAETTENOGD.16956,d17
wfs:SPORTSTAETTENOGD.16957,d17
wfs:SPORTSTAETTENOGD.16958,d17
wfs:SPORTSTAETTENOGD.16959,d17
wfs:SPORTSTAETTENOGD.16960,d17
wfs:SPORTSTAETTENOGD.16961,d17
wfs:SPORTSTAETTENOGD.16962,d17
wfs:SPORTSTAETTENOGD.16963,d17
wfs:SPORTSTAETTENOGD.16964,d17
wfs:SPORTSTAETTENOGD.16965,d17
wfs:SPORTSTAETTENOGD.16966,d17
wfs:SPORTSTAETTENOGD.16967,d17
wfs:SPORTSTAETTENOGD.16968,d17
wfs:SPORTSTAETTENOGD.16969,d17
wfs:SPORTSTAETTENOGD.16970,d18
wfs:SPORTSTAETTENOGD.16971,d18
wfs:SPORTSTAETTENOGD.16972,d18
wfs:SPORTSTAETTENOGD.16973,d18
wfs:SPORTSTAETTENOGD.16974,d18
wfs:SPORTSTAETTENOGD.16975,d18
wfs:SPORTSTAETTENOGD.16976,d18
wfs:SPORTSTAETTENOGD.16977,d18
wfs:SPORTSTAETTENOGD.16978,d18
wfs:SPORTSTAETTENOGD.16979,d18
wfs:SPORTSTAETTENOGD.16980,d18
wfs:SPORTSTAETTENOGD.16981,d18
wfs:SPORTSTAETTENOGD.16982,d18
wfs:SPORTSTAETTENOGD.16983,d18
wfs:SPORTSTAETTENOGD.16984,d18
wfs:SPORTSTAETTENOGD.16985,d18
wfs:SPORTSTAETTENOGD.16986,d18
wfs:SPORTSTAETTENOGD.16987,d18
wfs:SPORTSTAETTENOGD.16988,d18
wfs:SPORTSTAETTENOGD.16989,d18
wfs:SPORTSTAETTENOGD.16990,d18
wfs:SPORTSTAETTENOGD.16991,d18
wfs:SPORTSTAETTENOGD.16992,d18
wfs:SPORTSTAETTENOGD.16993,d19
wfs:SPORTSTAETTENOGD.16994,d19
wfs:SPORTSTAETTENOGD.16995,d19
wfs:SPORTSTAETTENOGD.16996,d19
wfs:SPORTSTAETTENOGD.16997,d19
wfs:SPORTSTAETTENOGD.16998,d19
wfs:SPORTSTAETTENOGD.16999,d19
wfs:SPORTSTAETTENOGD.17000,d19
wfs:SPORTSTAETTENOGD.17001,d19
wfs:SPORTSTAETTENOGD.17002,d19
wfs:SPORTSTAETTENOGD.17003,d19
wfs:SPORTSTAETTENOGD.17004,d19
wfs:SPORTSTAETTENOGD.17005,d19
wfs:SPORTSTAETTENOGD.17007,d19
wfs:SPORTSTAETTENOGD.17008,d19
wfs:SPORTSTAETTENOGD.17009,d19
wfs:SPORTSTAETTENOGD.17010,d19
wfs:SPORTSTAETTENOGD.17011,d19
wfs:SPORTSTAETTENOGD.17012,d19
wfs:SPORTSTAETTENOGD.17013,d19
wfs:SPORTSTAETTENOGD.17014,d19
wfs:SPORTSTAETTENOGD.17015,d19
wfs:SPORTSTAETTENOGD.17016,d19
wfs:SPORTSTAETTENOGD.17017,d19
wfs:SPORTSTAETTENOGD.17018,d19
wfs:SPORTSTAETTENOGD.17019,d19
wfs:SPORTSTAETTENOGD.17020,d19
wfs:SPORTSTAETTENOGD.17021,d19
wfs:SPORTSTAETTENOGD.17022,d19
wfs:SPORTSTAETTENOGD.17023,d19
wfs:SPORTSTAETTENOGD.17024,d19
wfs:SPORTSTAETTENOGD.17025,d19
wfs:SPORTSTAETTENOGD.17026,d19
wfs:SPORTSTAETTENOGD.17027,d19
wfs:SPORTSTAETTENOGD.17028,d19
wfs:SPORTSTAETTENOGD.17029,d19
wfs:SPORTSTAETTENOGD.17030,d19
wfs:SPORTSTAETTENOGD.17031,d19
wfs:SPORTSTAETTENOGD.17032,d20
wfs:SPORTSTAETTENOGD.17033,d20
wfs:SPORTSTAETTENOGD.17034,d20
wfs:SPORTSTAETTENOGD.17035,d20
wfs:SPORTSTAETTENOGD.17036,d20
wfs:SPORTSTAETTENOGD.17006,d19
wfs:SPORTSTAETTENOGD.17037,d20
wfs:SPORTSTAETTENOGD.17038,d20
wfs:SPORTSTAETTENOGD.17039,d20
wfs:SPORTSTAETTENOGD.17040,d20
wfs:SPORTSTAETTENOGD.17041,d20
wfs:SPORTSTAETTENOGD.17042,d20
wfs:SPORTSTAETTENOGD.17043,d20
wfs:SPORTSTAETTENOGD.17044,d20
wfs:SPORTSTAETTENOGD.17045,d20
wfs:SPORTSTAETTENOGD.17046,d20
wfs:SPORTSTAETTENOGD.17047,d20
wfs:SPORTSTAETTENOGD.17048,d20
wfs:SPORTSTAETTENOGD.17049,d20
wfs:SPORTSTAETTENOGD.17050,d20
wfs:SPORTSTAETTENOGD.17051,d20
wfs:SPORTSTAETTENOGD.17052,d20
wfs:SPORTSTAETTENOGD.17053,d20
wfs:SPORTSTAETTENOGD.17054,d20
wfs:SPORTSTAETTENOGD.17055,d20
wfs:SPORTSTAETTENOGD.17056,d20
wfs:SPORTSTAETTENOGD.17057,d20
wfs:SPORTSTAETTENOGD.17058,d20
wfs:SPORTSTAETTENOGD.17059,d20
wfs:SPORTSTAETTENOGD.17060,d21
wfs:SPORTSTAETTENOGD.17061,d21
wfs:SPORTSTAETTENOGD.17062,d21
wfs:SPORTSTAETTENOGD.17063,d21
wfs:SPORTSTAETTENOGD.17064,d21
wfs:SPORTSTAETTENOGD.17065,d21
wfs:SPORTSTAETTENOGD.17066,d21
wfs:SPORTSTAETTENOGD.17067,d21
wfs:SPORTSTAETTENOGD.17068,d21
wfs:SPORTSTAETTENOGD.17069,d21
wfs:SPORTSTAETTENOGD.17070,d15
wfs:SPORTSTAETTENOGD.17071,d15
wfs:SPORTSTAETTENOGD.17072,d15
wfs:SPORTSTAETTENOGD.17073,d15
wfs:SPORTSTAETTENOGD.17074,d15
wfs:SPORTSTAETTENOGD.17075,d15
wfs:SPORTSTAETTENOGD.17076,d15
wfs:SPORTSTAETTENOGD.17077,d15
wfs:SPORTSTAETTENOGD.17078,d15
wfs:SPORTSTAETTENOGD.17079,d15
wfs:SPORTSTAETTENOGD.17080,d15
wfs:SPORTSTAETTENOGD.17081,d15
wfs:SPORTSTAETTENOGD.17082,d15
wfs:SPORTSTAETTENOGD.17083,d15
wfs:SPORTSTAETTENOGD.17084,d15
wfs:SPORTSTAETTENOGD.17085,d15
wfs:SPORTSTAETTENOGD.17086,d15
wfs:SPORTSTAETTENOGD.17087,d15
wfs:SPORTSTAETTENOGD.17088,d15
wfs:SPORTSTAETTENOGD.17089,d15
wfs:SPORTSTAETTENOGD.17090,d15
wfs:SPORTSTAETTENOGD.17091,d15
wfs:SPORTSTAETTENOGD.17092,d15
wfs:SPORTSTAETTENOGD.17093,d15
wfs:SPORTSTAETTENOGD.17094,d15
wfs:SPORTSTAETTENOGD.17095,d15
wfs:SPORTSTAETTENOGD.17096,d15
wfs:SPORTSTAETTENOGD.17097,d15
wfs:SPORTSTAETTENOGD.17098,d15
wfs:SPORTSTAETTENOGD.17099,d15
wfs:SPORTSTAETTENOGD.17100,d15
wfs:SPORTSTAETTENOGD.17101,d15
wfs:SPORTSTAETTENOGD.17102,d15
wfs:SPORTSTAETTENOGD.17103,d16
wfs:SPORTSTAETTENOGD.17104,d16
wfs:SPORTSTAETTENOGD.17105,d16
wfs:SPORTSTAETTENOGD.17106,d16
wfs:SPORTSTAETTENOGD.17107,d16
wfs:SPORTSTAETTENOGD.17108,d16
wfs:SPORTSTAETTENOGD.17109,d16
wfs:SPORTSTAETTENOGD.17110,d16
wfs:SPORTSTAETTENOGD.17111,d16
wfs:SPORTSTAETTENOGD.17112,d16
wfs:SPORTSTAETTENOGD.17113,d16
wfs:SPORTSTAETTENOGD.17114,d16
wfs:SPORTSTAETTENOGD.17115,d16
wfs:SPORTSTAETTENOGD.17116,d16
wfs:SPORTSTAETTENOGD.17117,d16
wfs:SPORTSTAETTENOGD.17118,d16
wfs:SPORTSTAETTENOGD.17119,d16
wfs:SPORTSTAETTENOGD.17120,d16
wfs:SPORTSTAETTENOGD.17121,d16
wfs:SPORTSTAETTENOGD.17122,d16
wfs:SPORTSTAETTENOGD.17123,d16
wfs:SPORTSTAETTENOGD.17124,d16
wfs:SPORTSTAETTENOGD.17125,d16
wfs:SPORTSTAETTENOGD.17126,d16
wfs:SPORTSTAETTENOGD.17127,d16
wfs:SPORTSTAETTENOGD.17128,d16
wfs:SPORTSTAETTENOGD.17129,d16
wfs:SPORTSTAETTENOGD.17130,d16
wfs:SPORTSTAETTENOGD.17131,d16
wfs:SPORTSTAETTENOGD.17132,d16
wfs:SPORTSTAETTENOGD.17133,d17
wfs:SPORTSTAETTENOGD.17134,d17
wfs:SPORTSTAETTENOGD.17135,d17
wfs:SPORTSTAETTENOGD.17136,d17
wfs:SPORTSTAETTENOGD.17137,d21
wfs:SPORTSTAETTENOGD.17138,d21
wfs:SPORTSTAETTENOGD.17139,d21
wfs:SPORTSTAETTENOGD.17140,d21
wfs:SPORTSTAETTENOGD.17141,d21
wfs:SPORTSTAETTENOGD.17142,d21
wfs:SPORTSTAETTENOGD.17143,d21
wfs:SPORTSTAETTENOGD.17144,d21
wfs:SPORTSTAETTENOGD.17145,d21
wfs:SPORTSTAETTENOGD.17146,d21
wfs:SPORTSTAETTENOGD.17147,d21
wfs:SPORTSTAETTENOGD.17148,d21
wfs:SPORTSTAETTENOGD.17149,d21
wfs:SPORTSTAETTENOGD.17150,d21
wfs:SPORTSTAETTENOGD.17151,d21
wfs:SPORTSTAETTENOGD.17152,d22
wfs:SPORTSTAETTENOGD.17153,d22
wfs:SPORTSTAETTENOGD.17154,d22
wfs:SPORTSTAETTENOGD.17155,d22
wfs:SPORTSTAETTENOGD.17156,d22
wfs:SPORTSTAETTENOGD.17157,d22
wfs:SPORTSTAETTENOGD.17158,d22
wfs:SPORTSTAETTENOGD.17159,d22
wfs:SPORTSTAETTENOGD.17160,d22
wfs:SPORTSTAETTENOGD.17161,d22
wfs:SPORTSTAETTENOGD.17162,d22
wfs:SPORTSTAETTENOGD.17163,d22
wfs:SPORTSTAETTENOGD.17164,d22
wfs:SPORTSTAETTENOGD.17165,d22
wfs:SPORTSTAETTENOGD.17166,d22
wfs:SPORTSTAETTENOGD.17167,d22
wfs:SPORTSTAETTENOGD.17168,d22
wfs:SPORTSTAETTENOGD.17169,d22
wfs:SPORTSTAETTENOGD.17170,d22
wfs:SPORTSTAETTENOGD.17171,d22
wfs:SPORTSTAETTENOGD.17172,d22
wfs:SPORTSTAETTENOGD.17173,d22
wfs:SPORTSTAETTENOGD.17174,d22
wfs:SPORTSTAETTENOGD.17175,d22
wfs:SPORTSTAETTENOGD.17176,d22
wfs:SPORTSTAETTENOGD.17177,d22
wfs:SPORTSTAETTENOGD.17178,d22
wfs:SPORTSTAETTENOGD.17179,d22
wfs:SPORTSTAETTENOGD.17180,d22
wfs:SPORTSTAETTENOGD.17181,d22
wfs:SPORTSTAETTENOGD.17182,d22
wfs:SPORTSTAETTENOGD.17183,d22
wfs:SPORTSTAETTENOGD.17184,d22
wfs:SPORTSTAETTENOGD.17185,d22
wfs:SPORTSTAETTENOGD.17186,d22
wfs:SPORTSTAETTENOGD.17187,d22
wfs:SPORTSTAETTENOGD.17188,d22
wfs:SPORTSTAETTENOGD.17189,d22
wfs:SPORTSTAETTENOGD.17190,d22
wfs:SPORTSTAETTENOGD.17191,d22
wfs:SPORTSTAETTENOGD.17192,d22
wfs:SPORTSTAETTENOGD.17193,d22
wfs:SPORTSTAETTENOGD.17194,d22
wfs:SPORTSTAETTENOGD.17195,d22
wfs:SPORTSTAETTENOGD.17196,d22
wfs:SPORTSTAETTENOGD.17197,d22
wfs:SPORTSTAETTENOGD.17198,d22
wfs:SPORTSTAETTENOGD.17199,d22
wfs:SPORTSTAETTENOGD.17200,d22
wfs:SPORTSTAETTENOGD.17201,d22
wfs:SPORTSTAETTENOGD.17202,d22
wfs:SPORTSTAETTENOGD.17203,d23
wfs:SPORTSTAETTENOGD.17204,d23
wfs:SPORTSTAETTENOGD.17205,d23
wfs:SPORTSTAETTENOGD.17206,d23
wfs:SPORTSTAETTENOGD.17207,d23
wfs:SPORTSTAETTENOGD.17208,d23
wfs:SPORTSTAETTENOGD.17209,d23
wfs:SPORTSTAETTENOGD.17210,d23
wfs:SPORTSTAETTENOGD.17211,d23
wfs:SPORTSTAETTENOGD.17212,d23
wfs:SPORTSTAETTENOGD.17213,d23
wfs:SPORTSTAETTENOGD.17214,d23
wfs:SPORTSTAETTENOGD.17215,d23
wfs:SPORTSTAETTENOGD.17216,d23
wfs:SPORTSTAETTENOGD.17217,d23
wfs:SPORTSTAETTENOGD.17218,d23
wfs:SPORTSTAETTENOGD.17219,d23
wfs:SPORTSTAETTENOGD.17220,d23
wfs:SPORTSTAETTENOGD.17221,d23
wfs:SPORTSTAETTENOGD.17222,d23
wfs:SPORTSTAETTENOGD.17223,d23
wfs:SPORTSTAETTENOGD.17224,d23
wfs:SPORTSTAETTENOGD.17225,d23
wfs:SPORTSTAETTENOGD.17226,d23
wfs:SPORTSTAETTENOGD.17227,d23
wfs:SPORTSTAETTENOGD.17228,d23
wfs:SPORTSTAETTENOGD.17229,d22
wfs:SPORTSTAETTENOGD.17230,d22
wfs:SPORTSTAETTENOGD.17231,d22
wfs:SPORTSTAETTENOGD.17232,d22
wfs:SPORTSTAETTENOGD.17233,d22
wfs:SPORTSTAETTENOGD.17234,d22
wfs:SPORTSTAETTENOGD.17235,d22
wfs:SPORTSTAETTENOGD.17236,d22
wfs:SPORTSTAETTENOGD.17237,d22
wfs:SPORTSTAETTENOGD.17238,d22
wfs:SPORTSTAETTENOGD.17239,d22
wfs:SPORTSTAETTENOGD.17240,d22
wfs:SPORTSTAETTENOGD.17241,d22
wfs:SPORTSTAETTENOGD.17242,d22
wfs:SPORTSTAETTENOGD.17243,d22
wfs:SPORTSTAETTENOGD.17244,d22
wfs:SPORTSTAETTENOGD.17245,d22
wfs:SPORTSTAETTENOGD.17246,d22
wfs:SPORTSTAETTENOGD.17247,d22
wfs:SPORTSTAETTENOGD.17248,d22
wfs:SPORTSTAETTENOGD.17249,d22
wfs:SPORTSTAETTENOGD.17250,d22
wfs:SPORTSTAETTENOGD.17251,d22
wfs:SPORTSTAETTENOGD.17252,d21
wfs:SPORTSTAETTENOGD.17253,d21
wfs:SPORTSTAETTENOGD.17254,d21
wfs:SPORTSTAETTENOGD.17255,d21
wfs:SPORTSTAETTENOGD.17256,d21
wfs:SPORTSTAETTENOGD.17257,d21
wfs:SPORTSTAETTENOGD.17258,d21
wfs:SPORTSTAETTENOGD.17259,d21
wfs:SPORTSTAETTENOGD.17260,d21
wfs:SPORTSTAETTENOGD.17261,d21
wfs:SPORTSTAETTENOGD.17262,d21
wfs:SPORTSTAETTENOGD.17263,d21
wfs:SPORTSTAETTENOGD.17264,d21
wfs:SPORTSTAETTENOGD.17265,d21
wfs:SPORTSTAETTENOGD.17266,d21
wfs:SPORTSTAETTENOGD.17267,d21
wfs:SPORTSTAETTENOGD.17268,d21
wfs:SPORTSTAETTENOGD.17269,d21
wfs:SPORTSTAETTENOGD.17270,d21
wfs:SPORTSTAETTENOGD.17271,d21
wfs:SPORTSTAETTENOGD.17272,d21
wfs:SPORTSTAETTENOGD.17273,d21
wfs:SPORTSTAETTENOGD.17274,d21
wfs:SPORTSTAETTENOGD.17275,d21
wfs:SPORTSTAETTENOGD.17276,d21
wfs:SPORTSTAETTENOGD.17277,d21
wfs:SPORTSTAETTENOGD.17278,d21
wfs:SPORTSTAETTENOGD.17279,d21
wfs:SPORTSTAETTENOGD.17280,d21
wfs:SPORTSTAETTENOGD.17281,d21
wfs:SPORTSTAETTENOGD.17282,d21
wfs:SPORTSTAETTENOGD.17283,d21
wfs:SPORTSTAETTENOGD.17284,d21
wfs:SPORTSTAETTENOGD.17285,d21
wfs:SPORTSTAETTENOGD.17286,d21
wfs:SPORTSTAETTENOGD.17287,d21
wfs:SPORTSTAETTENOGD.17288,d21
wfs:SPORTSTAETTENOGD.17289,d21
wfs:SPORTSTAETTENOGD.17290,d21
wfs:SPORTSTAETTENOGD.17291,d21
wfs:SPORTSTAETTENOGD.17292,d21
wfs:SPORTSTAETTENOGD.17293,d21
wfs:SPORTSTAETTENOGD.17294,d21
wfs:SPORTSTAETTENOGD.17295,d21
wfs:SPORTSTAETTENOGD.17296,d21
wfs:SPORTSTAETTENOGD.17297,d21
wfs:SPORTSTAETTENOGD.17298,d22
wfs:SPORTSTAETTENOGD.17299,d22
wfs:SPORTSTAETTENOGD.17300,d14
wfs:SPORTSTAETTENOGD.17301,d22
wfs:SPORTSTAETTENOGD.17302,d03
wfs:SPORTSTAETTENOGD.17303,d15
wfs:SPORTSTAETTENOGD.17304,d22
wfs:SPORTSTAETTENOGD.17305,d12
wfs:SPORTSTAETTENOGD.17306,d07
wfs:SPORTSTAETTENOGD.17307,d09
wfs:SPORTSTAETTENOGD.17308,d09
wfs:SPORTSTAETTENOGD.17309,d10
wfs:SPORTSTAETTENOGD.17310,d10
wfs:SPORTSTAETTENOGD.17311,d10
wfs:SPORTSTAETTENOGD.17312,d11
wfs:SPORTSTAETTENOGD.17313,d11
wfs:SPORTSTAETTENOGD.17314,d11
wfs:SPORTSTAETTENOGD.17315,d11
wfs:SPORTSTAETTENOGD.17316,d12
wfs:SPORTSTAETTENOGD.17317,d21
wfs:SPORTSTAETTENOGD.17318,d21
wfs:SPORTSTAETTENOGD.17319,d21
wfs:SPORTSTAETTENOGD.17320,d21
wfs:SPORTSTAETTENOGD.17321,d21
wfs:SPORTSTAETTENOGD.17322,d22
wfs:SPORTSTAETTENOGD.17323,d22
wfs:SPORTSTAETTENOGD.17324,d22
wfs:SPORTSTAETTENOGD.17325,d22
wfs:SPORTSTAETTENOGD.17326,d22
wfs:SPORTSTAETTENOGD.17359,d22
wfs:SPORTSTAETTENOGD.17360,d22
wfs:SPORTSTAETTENOGD.17361,d23
wfs:SPORTSTAETTENOGD.17362,d23
wfs:SPORTSTAETTENOGD.17363,d23
wfs:SPORTSTAETTENOGD.17364,d01
wfs:SPORTSTAETTENOGD.17365,d02
wfs:SPORTSTAETTENOGD.17366,d02
wfs:SPORTSTAETTENOGD.17367,d11
wfs:SPORTSTAETTENOGD.17368,d16
wfs:SPORTSTAETTENOGD.17369,d19
wfs:SPORTSTAETTENOGD.17370,d22
wfs:SPORTSTAETTENOGD.17371,d21
wfs:SPORTSTAETTENOGD.17372,d03
wfs:SPORTSTAETTENOGD.17373,d10
wfs:SPORTSTAETTENOGD.17374,d14
wfs:SPORTSTAETTENOGD.17375,d15
wfs:SPORTSTAETTENOGD.17376,d20
wfs:SPORTSTAETTENOGD.17377,d21
wfs:SPORTSTAETTENOGD.17378,d22
wfs:SPORTSTAETTENOGD.17379,d23
wfs:SPORTSTAETTENOGD.17380,d17
wfs:SPORTSTAETTENOGD.17381,d16
wfs:SPORTSTAETTENOGD.17382,d23
wfs:SPORTSTAETTENOGD.17383,d02
wfs:SPORTSTAETTENOGD.17384,d10
wfs:SPORTSTAETTENOGD.17385,d12
wfs:SPORTSTAETTENOGD.17386,d15
wfs:SPORTSTAETTENOGD.17387,d20
wfs:SPORTSTAETTENOGD.17388,d22
wfs:SPORTSTAETTENOGD.17389,d22
wfs:SPORTSTAETTENOGD.17390,d10
wfs:SPORTSTAETTENOGD.17391,d02
wfs:SPORTSTAETTENOGD.17392,d14
wfs:SPORTSTAETTENOGD.17393,d20
wfs:SPORTSTAETTENOGD.17394,d22
wfs:SPORTSTAETTENOGD.17395,d22
wfs:SPORTSTAETTENOGD.17396,d03
wfs:SPORTSTAETTENOGD.17397,d22
wfs:SPORTSTAETTENOGD.17398,d22
wfs:SPORTSTAETTENOGD.17399,d01
wfs:SPORTSTAETTENOGD.17400,d09
wfs:SPORTSTAETTENOGD.17401,d14
wfs:SPORTSTAETTENOGD.17402,d10
wfs:SPORTSTAETTENOGD.17403,d10
wfs:SPORTSTAETTENOGD.17404,d23
wfs:SPORTSTAETTENOGD.17405,d23
wfs:SPORTSTAETTENOGD.17406,d23
wfs:SPORTSTAETTENOGD.17407,d23
wfs:SPORTSTAETTENOGD.17408,d23
wfs:SPORTSTAETTENOGD.17409,d23
wfs:SPORTSTAETTENOGD.17410,d23
wfs:SPORTSTAETTENOGD.17411,d23
wfs:SPORTSTAETTENOGD.17412,d23
wfs:SPORTSTAETTENOGD.17413,d23
wfs:SPORTSTAETTENOGD.17414,d02
wfs:SPORTSTAETTENOGD.17415,d02
wfs:SPORTSTAETTENOGD.17416,d05
wfs:SPORTSTAETTENOGD.17417,d10
wfs:SPORTSTAETTENOGD.17418,d10
wfs:SPORTSTAETTENOGD.17419,d10
wfs:SPORTSTAETTENOGD.17420,d11
wfs:SPORTSTAETTENOGD.17421,d15
wfs:SPORTSTAETTENOGD.17422,d23
wfs:SPORTSTAETTENOGD.17423,d23
wfs:SPORTSTAETTENOGD.17424,d03
wfs:SPORTSTAETTENOGD.17425,d03
wfs:SPORTSTAETTENOGD.17426,d03
wfs:SPORTSTAETTENOGD.17427,d04
wfs:SPORTSTAETTENOGD.17428,d04
wfs:SPORTSTAETTENOGD.17429,d05
wfs:SPORTSTAETTENOGD.17430,d06
wfs:SPORTSTAETTENOGD.17431,d06
wfs:SPORTSTAETTENOGD.17432,d09
wfs:SPORTSTAETTENOGD.17433,d10
wfs:SPORTSTAETTENOGD.17434,d10
wfs:SPORTSTAETTENOGD.17435,d10
wfs:SPORTSTAETTENOGD.17436,d11
wfs:SPORTSTAETTENOGD.17437,d11
wfs:SPORTSTAETTENOGD.17438,d12
wfs:SPORTSTAETTENOGD.17439,d12
wfs:SPORTSTAETTENOGD.17440,d13
wfs:SPORTSTAETTENOGD.17441,d14
wfs:SPORTSTAETTENOGD.17442,d15
wfs:SPORTSTAETTENOGD.17443,d17
wfs:SPORTSTAETTENOGD.17444,d19
wfs:SPORTSTAETTENOGD.17445,d21
wfs:SPORTSTAETTENOGD.17446,d22
wfs:SPORTSTAETTENOGD.17447,d09
wfs:SPORTSTAETTENOGD.17448,d02
wfs:SPORTSTAETTENOGD.17449,d23
wfs:SPORTSTAETTENOGD.17450,d22
wfs:SPORTSTAETTENOGD.17451,d22
wfs:SPORTSTAETTENOGD.17452,d20
wfs:SPORTSTAETTENOGD.17453,d18
wfs:SPORTSTAETTENOGD.17454,d16
wfs:SPORTSTAETTENOGD.17455,d11
wfs:SPORTSTAETTENOGD.17456,d10
wfs:SPORTSTAETTENOGD.17457,d13
wfs:SPORTSTAETTENOGD.17458,d14
wfs:SPORTSTAETTENOGD.17459,d21
wfs:SPORTSTAETTENOGD.17460,d16
wfs:SPORTSTAETTENOGD.17461,d21
wfs:SPORTSTAETTENOGD.17462,d21
wfs:SPORTSTAETTENOGD.17463,d22
wfs:SPORTSTAETTENOGD.17464,d22
wfs:SPORTSTAETTENOGD.17465,d23
wfs:SPORTSTAETTENOGD.17466,d06
wfs:SPORTSTAETTENOGD.17467,d14
wfs:SPORTSTAETTENOGD.17468,d17
wfs:SPORTSTAETTENOGD.17469,d21
wfs:SPORTSTAETTENOGD.17470,d10
wfs:SPORTSTAETTENOGD.17471,d13
wfs:SPORTSTAETTENOGD.17472,d13
wfs:SPORTSTAETTENOGD.17473,d15
wfs:SPORTSTAETTENOGD.17474,d15
wfs:SPORTSTAETTENOGD.17475,d17
wfs:SPORTSTAETTENOGD.17476,d18
wfs:SPORTSTAETTENOGD.17477,d20
wfs:SPORTSTAETTENOGD.17478,d21
wfs:SPORTSTAETTENOGD.17479,d10
wfs:SPORTSTAETTENOGD.17480,d12
wfs:SPORTSTAETTENOGD.17481,d13
wfs:SPORTSTAETTENOGD.17482,d14
wfs:SPORTSTAETTENOGD.17483,d16
wfs:SPORTSTAETTENOGD.17484,d17
wfs:SPORTSTAETTENOGD.17485,d19
wfs:SPORTSTAETTENOGD.17486,d19
wfs:SPIELPLATZPUNKTOGD.2960638,d02
wfs:SPIELPLATZPUNKTOGD.2960639,d11
wfs:SPIELPLATZPUNKTOGD.2960640,d22
wfs:SPIELPLATZPUNKTOGD.2960641,d10
wfs:SPIELPLATZPUNKTOGD.2960642,d03
wfs:SPIELPLATZPUNKTOGD.2960643,d23
wfs:SPIELPLATZPUNKTOGD.2960644,d15
wfs:SPIELPLATZPUNKTOGD.2960645,d21
wfs:SPIELPLATZPUNKTOGD.2960646,d07
wfs:SPIELPLATZPUNKTOGD.2960647,d22
wfs:SPIELPLATZPUNKTOGD.2960648,d13
wfs:SPIELPLATZPUNKTOGD.2960649,d09
wfs:SPIELPLATZPUNKTOGD.2960650,d02
wfs:SPIELPLATZPUNKTOGD.2960651,d15
wfs:SPIELPLATZPUNKTOGD.2960652,d11
wfs:SPIELPLATZPUNKTOGD.2960653,d11
wfs:SPIELPLATZPUNKTOGD.2960654,d23
wfs:SPIELPLATZPUNKTOGD.2960655,d23
wfs:SPIELPLATZPUNKTOGD.2960656,d21
wfs:SPIELPLATZPUNKTOGD.2960657,d05
wfs:SPIELPLATZPUNKTOGD.2960658,d14
wfs:SPIELPLATZPUNKTOGD.2960659,d20
wfs:SPIELPLATZPUNKTOGD.2960660,d13
wfs:SPIELPLATZPUNKTOGD.2960661,d03
wfs:SPIELPLATZPUNKTOGD.2960662,d21
wfs:SPIELPLATZPUNKTOGD.2960663,d10
wfs:SPIELPLATZPUNKTOGD.2960664,d06
wfs:SPIELPLATZPUNKTOGD.2960665,d12
wfs:SPIELPLATZPUNKTOGD.2960666,d17
wfs:SPIELPLATZPUNKTOGD.2960667,d02
wfs:SPIELPLATZPUNKTOGD.2960671,d14
wfs:SPIELPLATZPUNKTOGD.2960672,d14
wfs:SPIELPLATZPUNKTOGD.2960673,d11
wfs:SPIELPLATZPUNKTOGD.2960674,d22
wfs:SPIELPLATZPUNKTOGD.2960675,d22
wfs:SPIELPLATZPUNKTOGD.2960676,d22
wfs:SPIELPLATZPUNKTOGD.2960677,d21
wfs:SPIELPLATZPUNKTOGD.2960678,d21
wfs:SPIELPLATZPUNKTOGD.2960679,d21
wfs:SPIELPLATZPUNKTOGD.2960680,d15
wfs:SPIELPLATZPUNKTOGD.2960681,d09
wfs:SPIELPLATZPUNKTOGD.2960682,d02
wfs:SPIELPLATZPUNKTOGD.2960683,d10
wfs:SPIELPLATZPUNKTOGD.2960684,d03
wfs:SPIELPLATZPUNKTOGD.2960685,d18
wfs:SPIELPLATZPUNKTOGD.2960686,d22
wfs:SPIELPLATZPUNKTOGD.2960687,d16
wfs:SPIELPLATZPUNKTOGD.2960688,d16
wfs:SPIELPLATZPUNKTOGD.2960689,d16
wfs:SPIELPLATZPUNKTOGD.2960690,d10
wfs:SPIELPLATZPUNKTOGD.2960691,d14
wfs:SPIELPLATZPUNKTOGD.2960692,d16
wfs:SPIELPLATZPUNKTOGD.2960693,d15
wfs:SPIELPLATZPUNKTOGD.2960694,d23
wfs:SPIELPLATZPUNKTOGD.2960668,d13
wfs:SPIELPLATZPUNKTOGD.2960669,d14
wfs:SPIELPLATZPUNKTOGD.2960670,d10
wfs:SPIELPLATZPUNKTOGD.2960695,d10
wfs:SPIELPLATZPUNKTOGD.2960696,d10
wfs:SPIELPLATZPUNKTOGD.2960725,d03
wfs:SPIELPLATZPUNKTOGD.2960726,d06
wfs:SPIELPLATZPUNKTOGD.2960727,d14
wfs:SPIELPLATZPUNKTOGD.2960728,d10
wfs:SPIELPLATZPUNKTOGD.2960729,d15
wfs:SPIELPLATZPUNKTOGD.2960730,d23
wfs:SPIELPLATZPUNKTOGD.2960731,d12
wfs:SPIELPLATZPUNKTOGD.2960732,d09
wfs:SPIELPLATZPUNKTOGD.2960733,d09
wfs:SPIELPLATZPUNKTOGD.2960734,d21
wfs:SPIELPLATZPUNKTOGD.2960735,d01
wfs:SPIELPLATZPUNKTOGD.2960736,d16
wfs:SPIELPLATZPUNKTOGD.2960737,d03
wfs:SPIELPLATZPUNKTOGD.2960738,d15
wfs:SPIELPLATZPUNKTOGD.2960739,d21
wfs:SPIELPLATZPUNKTOGD.2960740,d13
wfs:SPIELPLATZPUNKTOGD.2960741,d13
wfs:SPIELPLATZPUNKTOGD.2960742,d11
wfs:SPIELPLATZPUNKTOGD.2960743,d02
wfs:SPIELPLATZPUNKTOGD.2960744,d22
wfs:SPIELPLATZPUNKTOGD.2960745,d10
wfs:SPIELPLATZPUNKTOGD.2960746,d11
wfs:SPIELPLATZPUNKTOGD.2960747,d20
wfs:SPIELPLATZPUNKTOGD.2960748,d22
wfs:SPIELPLATZPUNKTOGD.2960749,d21
wfs:SPIELPLATZPUNKTOGD.2960750,d10
wfs:SPIELPLATZPUNKTOGD.2960751,d18
wfs:SPIELPLATZPUNKTOGD.2960752,d10
wfs:SPIELPLATZPUNKTOGD.2960753,d10
wfs:SPIELPLATZPUNKTOGD.2960754,d22
wfs:SPIELPLATZPUNKTOGD.2960755,d22
wfs:SPIELPLATZPUNKTOGD.2960756,d14
wfs:SPIELPLATZPUNKTOGD.2960757,d21
wfs:SPIELPLATZPUNKTOGD.2960758,d16
wfs:SPIELPLATZPUNKTOGD.2960759,d06
wfs:SPIELPLATZPUNKTOGD.2960760,d22
wfs:SPIELPLATZPUNKTOGD.2960761,d20
wfs:SPIELPLATZPUNKTOGD.2960762,d18
wfs:SPIELPLATZPUNKTOGD.2960763,d10
wfs:SPIELPLATZPUNKTOGD.2960764,d22
wfs:SPIELPLATZPUNKTOGD.2960765,d12
wfs:SPIELPLATZPUNKTOGD.2960766,d13
wfs:SPIELPLATZPUNKTOGD.2960767,d02
wfs:SPIELPLATZPUNKTOGD.2960768,d10
wfs:SPIELPLATZPUNKTOGD.2960769,d10
wfs:SPIELPLATZPUNKTOGD.2960770,d10
wfs:SPIELPLATZPUNKTOGD.2960771,d10
wfs:SPIELPLATZPUNKTOGD.2960772,d10
wfs:SPIELPLATZPUNKTOGD.2960773,d19
wfs:SPIELPLATZPUNKTOGD.2960774,d19
wfs:SPIELPLATZPUNKTOGD.2960775,d19
wfs:SPIELPLATZPUNKTOGD.2960776,d23
wfs:SPIELPLATZPUNKTOGD.2960777,d21
wfs:SPIELPLATZPUNKTOGD.2960778,d20
wfs:SPIELPLATZPUNKTOGD.2960779,d22
wfs:SPIELPLATZPUNKTOGD.2960780,d20
wfs:SPIELPLATZPUNKTOGD.2960781,d06
wfs:SPIELPLATZPUNKTOGD.2960782,d10
wfs:SPIELPLATZPUNKTOGD.2960783,d13
wfs:SPIELPLATZPUNKTOGD.2960784,d21
wfs:SPIELPLATZPUNKTOGD.2960785,d15
wfs:SPIELPLATZPUNKTOGD.2960786,d10
wfs:SPIELPLATZPUNKTOGD.2960787,d02
wfs:SPIELPLATZPUNKTOGD.2960788,d10
wfs:SPIELPLATZPUNKTOGD.2960789,d07
wfs:SPIELPLATZPUNKTOGD.2960790,d07
wfs:SPIELPLATZPUNKTOGD.2960791,d07
wfs:SPIELPLATZPUNKTOGD.2960792,d22
wfs:SPIELPLATZPUNKTOGD.2960793,d22
wfs:SPIELPLATZPUNKTOGD.2960794,d03
wfs:SPIELPLATZPUNKTOGD.2960795,d03
wfs:SPIELPLATZPUNKTOGD.2960796,d20
wfs:SPIELPLATZPUNKTOGD.2960797,d22
wfs:SPIELPLATZPUNKTOGD.2960798,d15
wfs:SPIELPLATZPUNKTOGD.2960799,d20
wfs:SPIELPLATZPUNKTOGD.2960800,d10
wfs:SPIELPLATZPUNKTOGD.2960801,d19
wfs:SPIELPLATZPUNKTOGD.2960802,d22
wfs:SPIELPLATZPUNKTOGD.2960803,d02
wfs:SPIELPLATZPUNKTOGD.2960804,d12
wfs:SPIELPLATZPUNKTOGD.2960805,d13
wfs:SPIELPLATZPUNKTOGD.2960806,d19
wfs:SPIELPLATZPUNKTOGD.2960807,d14
wfs:SPIELPLATZPUNKTOGD.2960808,d21
wfs:SPIELPLATZPUNKTOGD.2960809,d21
wfs:SPIELPLATZPUNKTOGD.2960810,d19
wfs:SPIELPLATZPUNKTOGD.2960811,d22
wfs:SPIELPLATZPUNKTOGD.2960812,d22
wfs:SPIELPLATZPUNKTOGD.2960813,d22
wfs:SPIELPLATZPUNKTOGD.2960814,d05
wfs:SPIELPLATZPUNKTOGD.2960815,d21
wfs:SPIELPLATZPUNKTOGD.2960816,d22
wfs:SPIELPLATZPUNKTOGD.2960817,d11
wfs:SPIELPLATZPUNKTOGD.2960818,d11
wfs:SPIELPLATZPUNKTOGD.2960819,d11
wfs:SPIELPLATZPUNKTOGD.2960820,d04
wfs:SPIELPLATZPUNKTOGD.2960821,d19
wfs:SPIELPLATZPUNKTOGD.2960822,d02
wfs:SPIELPLATZPUNKTOGD.2960823,d09
wfs:SPIELPLATZPUNKTOGD.2960824,d18
wfs:SPIELPLATZPUNKTOGD.2960825,d19
wfs:SPIELPLATZPUNKTOGD.2960826,d22
wfs:SPIELPLATZPUNKTOGD.2960827,d11
wfs:SPIELPLATZPUNKTOGD.2960828,d11
wfs:SPIELPLATZPUNKTOGD.2960829,d11
wfs:SPIELPLATZPUNKTOGD.2960830,d05
wfs:SPIELPLATZPUNKTOGD.2960831,d11
wfs:SPIELPLATZPUNKTOGD.2960832,d10
wfs:SPIELPLATZPUNKTOGD.2960833,d10
wfs:SPIELPLATZPUNKTOGD.2960834,d10
wfs:SPIELPLATZPUNKTOGD.2960835,d10
wfs:SPIELPLATZPUNKTOGD.2960836,d23
wfs:SPIELPLATZPUNKTOGD.2960837,d10
wfs:SPIELPLATZPUNKTOGD.2960838,d11
wfs:SPIELPLATZPUNKTOGD.2960839,d22
wfs:SPIELPLATZPUNKTOGD.2960840,d22
wfs:SPIELPLATZPUNKTOGD.2960697,d22
wfs:SPIELPLATZPUNKTOGD.2960698,d14
wfs:SPIELPLATZPUNKTOGD.2960699,d22
wfs:SPIELPLATZPUNKTOGD.2960700,d22
wfs:SPIELPLATZPUNKTOGD.2960701,d22
wfs:SPIELPLATZPUNKTOGD.2960702,d22
wfs:SPIELPLATZPUNKTOGD.2960703,d02
wfs:SPIELPLATZPUNKTOGD.2960704,d10
wfs:SPIELPLATZPUNKTOGD.2960705,d19
wfs:SPIELPLATZPUNKTOGD.2960706,d04
wfs:SPIELPLATZPUNKTOGD.2960707,d03
wfs:SPIELPLATZPUNKTOGD.2960708,d23
wfs:SPIELPLATZPUNKTOGD.2960709,d02
wfs:SPIELPLATZPUNKTOGD.2960710,d20
wfs:SPIELPLATZPUNKTOGD.2960711,d22
wfs:SPIELPLATZPUNKTOGD.2960712,d14
wfs:SPIELPLATZPUNKTOGD.2960713,d14
wfs:SPIELPLATZPUNKTOGD.2960714,d18
wfs:SPIELPLATZPUNKTOGD.2960715,d23
wfs:SPIELPLATZPUNKTOGD.2960716,d23
wfs:SPIELPLATZPUNKTOGD.2960717,d10
wfs:SPIELPLATZPUNKTOGD.2960718,d10
wfs:SPIELPLATZPUNKTOGD.2960719,d23
wfs:SPIELPLATZPUNKTOGD.2960720,d13
wfs:SPIELPLATZPUNKTOGD.2960721,d14
wfs:SPIELPLATZPUNKTOGD.2960722,d14
wfs:SPIELPLATZPUNKTOGD.2960723,d16
wfs:SPIELPLATZPUNKTOGD.2960724,d03
wfs:SPIELPLATZPUNKTOGD.2960453,d10
wfs:SPIELPLATZPUNKTOGD.2960454,d18
wfs:SPIELPLATZPUNKTOGD.2960455,d22
wfs:SPIELPLATZPUNKTOGD.2960456,d12
wfs:SPIELPLATZPUNKTOGD.2960457,d03
wfs:SPIELPLATZPUNKTOGD.2960458,d23
wfs:SPIELPLATZPUNKTOGD.2960459,d21
wfs:SPIELPLATZPUNKTOGD.2960460,d21
wfs:SPIELPLATZPUNKTOGD.2960461,d21
wfs:SPIELPLATZPUNKTOGD.2960462,d10
wfs:SPIELPLATZPUNKTOGD.2960463,d16
wfs:SPIELPLATZPUNKTOGD.2960464,d19
wfs:SPIELPLATZPUNKTOGD.2960465,d16
wfs:SPIELPLATZPUNKTOGD.2960466,d21
wfs:SPIELPLATZPUNKTOGD.2960467,d15
wfs:SPIELPLATZPUNKTOGD.2960468,d21
wfs:SPIELPLATZPUNKTOGD.2960469,d21
wfs:SPIELPLATZPUNKTOGD.2960470,d21
wfs:SPIELPLATZPUNKTOGD.2960471,d12
wfs:SPIELPLATZPUNKTOGD.2960472,d05
wfs:SPIELPLATZPUNKTOGD.2960473,d16
wfs:SPIELPLATZPUNKTOGD.2960474,d03
wfs:SPIELPLATZPUNKTOGD.2960475,d03
wfs:SPIELPLATZPUNKTOGD.2960476,d03
wfs:SPIELPLATZPUNKTOGD.2960477,d03
wfs:SPIELPLATZPUNKTOGD.2960478,d05
wfs:SPIELPLATZPUNKTOGD.2960479,d22
wfs:SPIELPLATZPUNKTOGD.2960480,d22
wfs:SPIELPLATZPUNKTOGD.2960481,d04
wfs:SPIELPLATZPUNKTOGD.2960482,d22
wfs:SPIELPLATZPUNKTOGD.2960483,d22
wfs:SPIELPLATZPUNKTOGD.2960484,d22
wfs:SPIELPLATZPUNKTOGD.2960485,d02
wfs:SPIELPLATZPUNKTOGD.2960486,d19
wfs:SPIELPLATZPUNKTOGD.2960487,d21
wfs:SPIELPLATZPUNKTOGD.2960488,d19
wfs:SPIELPLATZPUNKTOGD.2960489,d19
wfs:SPIELPLATZPUNKTOGD.2960490,d11
wfs:SPIELPLATZPUNKTOGD.2960491,d22
wfs:SPIELPLATZPUNKTOGD.2960492,d21
wfs:SPIELPLATZPUNKTOGD.2960493,d23
wfs:SPIELPLATZPUNKTOGD.2960494,d21
wfs:SPIELPLATZPUNKTOGD.2960495,d10
wfs:SPIELPLATZPUNKTOGD.2960496,d23
wfs:SPIELPLATZPUNKTOGD.2960497,d01
wfs:SPIELPLATZPUNKTOGD.2960498,d05
wfs:SPIELPLATZPUNKTOGD.2960499,d21
wfs:SPIELPLATZPUNKTOGD.2960500,d10
wfs:SPIELPLATZPUNKTOGD.2960501,d22
wfs:SPIELPLATZPUNKTOGD.2960502,d23
wfs:SPIELPLATZPUNKTOGD.2960503,d22
wfs:SPIELPLATZPUNKTOGD.2960504,d11
wfs:SPIELPLATZPUNKTOGD.2960507,d16
wfs:SPIELPLATZPUNKTOGD.2960508,d12
wfs:SPIELPLATZPUNKTOGD.2960509,d09
wfs:SPIELPLATZPUNKTOGD.2960510,d22
wfs:SPIELPLATZPUNKTOGD.2960511,d11
wfs:SPIELPLATZPUNKTOGD.2960512,d09
wfs:SPIELPLATZPUNKTOGD.2960513,d20
wfs:SPIELPLATZPUNKTOGD.2960514,d04
wfs:SPIELPLATZPUNKTOGD.2960515,d02
wfs:SPIELPLATZPUNKTOGD.2960516,d22
wfs:SPIELPLATZPUNKTOGD.2960518,d19
wfs:SPIELPLATZPUNKTOGD.2960519,d15
wfs:SPIELPLATZPUNKTOGD.2960520,d10
wfs:SPIELPLATZPUNKTOGD.2960521,d22
wfs:SPIELPLATZPUNKTOGD.2960522,d08
wfs:SPIELPLATZPUNKTOGD.2960523,d21
wfs:SPIELPLATZPUNKTOGD.2960524,d12
wfs:SPIELPLATZPUNKTOGD.2960525,d22
wfs:SPIELPLATZPUNKTOGD.2960526,d22
wfs:SPIELPLATZPUNKTOGD.2960527,d22
wfs:SPIELPLATZPUNKTOGD.2960528,d03
wfs:SPIELPLATZPUNKTOGD.2960529,d19
wfs:SPIELPLATZPUNKTOGD.2960530,d19
wfs:SPIELPLATZPUNKTOGD.2960531,d11
wfs:SPIELPLATZPUNKTOGD.2960532,d20
wfs:SPIELPLATZPUNKTOGD.2960533,d09
wfs:SPIELPLATZPUNKTOGD.2960534,d22
wfs:SPIELPLATZPUNKTOGD.2960535,d02
wfs:SPIELPLATZPUNKTOGD.2960536,d17
wfs:SPIELPLATZPUNKTOGD.2960537,d21
wfs:SPIELPLATZPUNKTOGD.2960538,d22
wfs:SPIELPLATZPUNKTOGD.2960539,d19
wfs:SPIELPLATZPUNKTOGD.2960540,d22
wfs:SPIELPLATZPUNKTOGD.2960541,d07
wfs:SPIELPLATZPUNKTOGD.2960542,d07
wfs:SPIELPLATZPUNKTOGD.2960543,d03
wfs:SPIELPLATZPUNKTOGD.2960544,d03
wfs:SPIELPLATZPUNKTOGD.2960545,d19
wfs:SPIELPLATZPUNKTOGD.2960517,d03
wfs:SPIELPLATZPUNKTOGD.2960547,d22
wfs:SPIELPLATZPUNKTOGD.2960548,d22
wfs:SPIELPLATZPUNKTOGD.2960549,d22
wfs:SPIELPLATZPUNKTOGD.2960550,d22
wfs:SPIELPLATZPUNKTOGD.2960551,d22
wfs:SPIELPLATZPUNKTOGD.2960552,d22
wfs:SPIELPLATZPUNKTOGD.2960553,d22
wfs:SPIELPLATZPUNKTOGD.2960554,d22
wfs:SPIELPLATZPUNKTOGD.2960555,d22
wfs:SPIELPLATZPUNKTOGD.2960556,d22
wfs:SPIELPLATZPUNKTOGD.2960557,d22
wfs:SPIELPLATZPUNKTOGD.2960558,d22
wfs:SPIELPLATZPUNKTOGD.2960559,d16
wfs:SPIELPLATZPUNKTOGD.2960560,d12
wfs:SPIELPLATZPUNKTOGD.2960561,d12
wfs:SPIELPLATZPUNKTOGD.2960562,d10
wfs:SPIELPLATZPUNKTOGD.2960563,d10
wfs:SPIELPLATZPUNKTOGD.2960564,d10
wfs:SPIELPLATZPUNKTOGD.2960565,d10
wfs:SPIELPLATZPUNKTOGD.2960566,d10
wfs:SPIELPLATZPUNKTOGD.2960567,d22
wfs:SPIELPLATZPUNKTOGD.2960568,d11
wfs:SPIELPLATZPUNKTOGD.2960569,d12
wfs:SPIELPLATZPUNKTOGD.2960570,d18
wfs:SPIELPLATZPUNKTOGD.2960571,d18
wfs:SPIELPLATZPUNKTOGD.2960572,d08
wfs:SPIELPLATZPUNKTOGD.2960573,d15
wfs:SPIELPLATZPUNKTOGD.2960574,d22
wfs:SPIELPLATZPUNKTOGD.2960546,d07
wfs:SPIELPLATZPUNKTOGD.2960575,d13
wfs:SPIELPLATZPUNKTOGD.2960576,d10
wfs:SPIELPLATZPUNKTOGD.2960577,d10
wfs:SPIELPLATZPUNKTOGD.2960578,d19
wfs:SPIELPLATZPUNKTOGD.2960579,d12
wfs:SPIELPLATZPUNKTOGD.2960580,d07
wfs:SPIELPLATZPUNKTOGD.2960581,d15
wfs:SPIELPLATZPUNKTOGD.2960582,d22
wfs:SPIELPLATZPUNKTOGD.2960584,d16
wfs:SPIELPLATZPUNKTOGD.2960585,d10
wfs:SPIELPLATZPUNKTOGD.2960586,d18
wfs:SPIELPLATZPUNKTOGD.2960587,d18
wfs:SPIELPLATZPUNKTOGD.2960588,d18
wfs:SPIELPLATZPUNKTOGD.2960589,d15
wfs:SPIELPLATZPUNKTOGD.2960590,d21
wfs:SPIELPLATZPUNKTOGD.2960591,d12
wfs:SPIELPLATZPUNKTOGD.2960592,d17
wfs:SPIELPLATZPUNKTOGD.2960593,d18
wfs:SPIELPLATZPUNKTOGD.2960594,d10
wfs:SPIELPLATZPUNKTOGD.2960595,d12
wfs:SPIELPLATZPUNKTOGD.2960596,d22
wfs:SPIELPLATZPUNKTOGD.2960597,d23
wfs:SPIELPLATZPUNKTOGD.2960598,d22
wfs:SPIELPLATZPUNKTOGD.2960599,d23
wfs:SPIELPLATZPUNKTOGD.2960600,d12
wfs:SPIELPLATZPUNKTOGD.2960601,d09
wfs:SPIELPLATZPUNKTOGD.2960602,d02
wfs:SPIELPLATZPUNKTOGD.2960603,d11
wfs:SPIELPLATZPUNKTOGD.2960604,d02
wfs:SPIELPLATZPUNKTOGD.2960605,d20
wfs:SPIELPLATZPUNKTOGD.2960606,d20
wfs:SPIELPLATZPUNKTOGD.2960607,d15
wfs:SPIELPLATZPUNKTOGD.2960608,d17
wfs:SPIELPLATZPUNKTOGD.2960609,d12
wfs:SPIELPLATZPUNKTOGD.2960610,d07
wfs:SPIELPLATZPUNKTOGD.2960611,d04
wfs:SPIELPLATZPUNKTOGD.2960612,d14
wfs:SPIELPLATZPUNKTOGD.2960613,d10
wfs:SPIELPLATZPUNKTOGD.2960614,d23
wfs:SPIELPLATZPUNKTOGD.2960615,d21
wfs:SPIELPLATZPUNKTOGD.2960616,d12
wfs:SPIELPLATZPUNKTOGD.2960617,d12
wfs:SPIELPLATZPUNKTOGD.2960618,d10
wfs:SPIELPLATZPUNKTOGD.2960619,d10
wfs:SPIELPLATZPUNKTOGD.2960620,d13
wfs:SPIELPLATZPUNKTOGD.2960621,d13
wfs:SPIELPLATZPUNKTOGD.2960622,d19
wfs:SPIELPLATZPUNKTOGD.2960623,d21
wfs:SPIELPLATZPUNKTOGD.2960624,d19
wfs:SPIELPLATZPUNKTOGD.2960625,d01
wfs:SPIELPLATZPUNKTOGD.2960626,d13
wfs:SPIELPLATZPUNKTOGD.2960627,d13
wfs:SPIELPLATZPUNKTOGD.2960628,d02
wfs:SPIELPLATZPUNKTOGD.2960629,d16
wfs:SPIELPLATZPUNKTOGD.2960630,d22
wfs:SPIELPLATZPUNKTOGD.2960631,d04
wfs:SPIELPLATZPUNKTOGD.2960632,d15
wfs:SPIELPLATZPUNKTOGD.2960633,d05
wfs:SPIELPLATZPUNKTOGD.2960634,d23
wfs:SPIELPLATZPUNKTOGD.2960635,d17
wfs:SPIELPLATZPUNKTOGD.2960636,d17
wfs:SPIELPLATZPUNKTOGD.2960637,d20
wfs:SPIELPLATZPUNKTOGD.2958869,d16
wfs:SPIELPLATZPUNKTOGD.2958870,d16
wfs:SPIELPLATZPUNKTOGD.2958871,d21
wfs:SPIELPLATZPUNKTOGD.2958872,d02
wfs:SPIELPLATZPUNKTOGD.2958873,d02
wfs:SPIELPLATZPUNKTOGD.2958874,d02
wfs:SPIELPLATZPUNKTOGD.2958876,d12
wfs:SPIELPLATZPUNKTOGD.2958877,d02
wfs:SPIELPLATZPUNKTOGD.2958878,d06
wfs:SPIELPLATZPUNKTOGD.2958879,d10
wfs:SPIELPLATZPUNKTOGD.2958880,d02
wfs:SPIELPLATZPUNKTOGD.2958881,d10
wfs:SPIELPLATZPUNKTOGD.2958882,d10
wfs:SPIELPLATZPUNKTOGD.2958883,d22
wfs:SPIELPLATZPUNKTOGD.2958884,d12
wfs:SPIELPLATZPUNKTOGD.2958885,d02
wfs:SPIELPLATZPUNKTOGD.2958886,d22
wfs:SPIELPLATZPUNKTOGD.2958887,d12
wfs:SPIELPLATZPUNKTOGD.2958888,d16
wfs:SPIELPLATZPUNKTOGD.2958889,d23
wfs:SPIELPLATZPUNKTOGD.2958890,d10
wfs:SPIELPLATZPUNKTOGD.2958891,d10
wfs:SPIELPLATZPUNKTOGD.2958892,d16
wfs:SPIELPLATZPUNKTOGD.2958893,d10
wfs:SPIELPLATZPUNKTOGD.2958894,d17
wfs:SPIELPLATZPUNKTOGD.2958895,d10
wfs:SPIELPLATZPUNKTOGD.2958896,d06
wfs:SPIELPLATZPUNKTOGD.2958897,d20
wfs:SPIELPLATZPUNKTOGD.2958898,d10
wfs:SPIELPLATZPUNKTOGD.2958899,d22
wfs:SPIELPLATZPUNKTOGD.2958900,d22
wfs:SPIELPLATZPUNKTOGD.2958901,d22
wfs:SPIELPLATZPUNKTOGD.2958902,d16
wfs:SPIELPLATZPUNKTOGD.2958903,d15
wfs:SPIELPLATZPUNKTOGD.2958904,d11
wfs:SPIELPLATZPUNKTOGD.2958905,d14
wfs:SPIELPLATZPUNKTOGD.2958906,d02
wfs:SPIELPLATZPUNKTOGD.2958907,d13
wfs:SPIELPLATZPUNKTOGD.2958908,d13
wfs:SPIELPLATZPUNKTOGD.2958909,d16
wfs:SPIELPLATZPUNKTOGD.2958910,d11
wfs:SPIELPLATZPUNKTOGD.2958911,d22
wfs:SPIELPLATZPUNKTOGD.2958912,d04
wfs:SPIELPLATZPUNKTOGD.2958913,d11
wfs:SPIELPLATZPUNKTOGD.2958914,d11
wfs:SPIELPLATZPUNKTOGD.2958915,d11
wfs:SPIELPLATZPUNKTOGD.2958916,d22
wfs:SPIELPLATZPUNKTOGD.2958917,d10
wfs:SPIELPLATZPUNKTOGD.2958918,d15
wfs:SPIELPLATZPUNKTOGD.2958919,d13
wfs:SPIELPLATZPUNKTOGD.2958920,d07
wfs:SPIELPLATZPUNKTOGD.2958921,d03
wfs:SPIELPLATZPUNKTOGD.2958922,d12
wfs:SPIELPLATZPUNKTOGD.2958923,d12
wfs:SPIELPLATZPUNKTOGD.2958924,d09
wfs:SPIELPLATZPUNKTOGD.2958925,d03
wfs:SPIELPLATZPUNKTOGD.2958926,d20
wfs:SPIELPLATZPUNKTOGD.2958927,d21
wfs:SPIELPLATZPUNKTOGD.2958928,d17
wfs:SPIELPLATZPUNKTOGD.2958929,d03
wfs:SPIELPLATZPUNKTOGD.2958960,d22
wfs:SPIELPLATZPUNKTOGD.2958961,d06
wfs:SPIELPLATZPUNKTOGD.2958962,d14
wfs:SPIELPLATZPUNKTOGD.2958963,d10
wfs:SPIELPLATZPUNKTOGD.2958964,d14
wfs:SPIELPLATZPUNKTOGD.2958965,d14
wfs:SPIELPLATZPUNKTOGD.2958966,d04
wfs:SPIELPLATZPUNKTOGD.2958967,d23
wfs:SPIELPLATZPUNKTOGD.2958968,d21
wfs:SPIELPLATZPUNKTOGD.2958969,d21
wfs:SPIELPLATZPUNKTOGD.2958970,d18
wfs:SPIELPLATZPUNKTOGD.2958971,d23
wfs:SPIELPLATZPUNKTOGD.2958972,d11
wfs:SPIELPLATZPUNKTOGD.2958973,d23
wfs:SPIELPLATZPUNKTOGD.2958974,d05
wfs:SPIELPLATZPUNKTOGD.2958975,d21
wfs:SPIELPLATZPUNKTOGD.2958976,d05
wfs:SPIELPLATZPUNKTOGD.2958977,d11
wfs:SPIELPLATZPUNKTOGD.2958978,d23
wfs:SPIELPLATZPUNKTOGD.2958979,d15
wfs:SPIELPLATZPUNKTOGD.2958980,d22
wfs:SPIELPLATZPUNKTOGD.2958981,d11
wfs:SPIELPLATZPUNKTOGD.2958982,d11
wfs:SPIELPLATZPUNKTOGD.2958983,d05
wfs:SPIELPLATZPUNKTOGD.2958984,d19
wfs:SPIELPLATZPUNKTOGD.2958985,d09
wfs:SPIELPLATZPUNKTOGD.2958986,d21
wfs:SPIELPLATZPUNKTOGD.2958987,d21
wfs:SPIELPLATZPUNKTOGD.2958988,d08
wfs:SPIELPLATZPUNKTOGD.2958989,d17
wfs:SPIELPLATZPUNKTOGD.2958990,d19
wfs:SPIELPLATZPUNKTOGD.2958991,d19
wfs:SPIELPLATZPUNKTOGD.2958992,d13
wfs:SPIELPLATZPUNKTOGD.2958993,d12
wfs:SPIELPLATZPUNKTOGD.2958994,d12
wfs:SPIELPLATZPUNKTOGD.2958995,d22
wfs:SPIELPLATZPUNKTOGD.2958996,d15
wfs:SPIELPLATZPUNKTOGD.2958997,d13
wfs:SPIELPLATZPUNKTOGD.2958998,d13
wfs:SPIELPLATZPUNKTOGD.2958999,d13
wfs:SPIELPLATZPUNKTOGD.2959000,d10
wfs:SPIELPLATZPUNKTOGD.2959001,d22
wfs:SPIELPLATZPUNKTOGD.2959002,d02
wfs:SPIELPLATZPUNKTOGD.2959003,d21
wfs:SPIELPLATZPUNKTOGD.2959004,d22
wfs:SPIELPLATZPUNKTOGD.2959005,d10
wfs:SPIELPLATZPUNKTOGD.2959006,d22
wfs:SPIELPLATZPUNKTOGD.2959007,d12
wfs:SPIELPLATZPUNKTOGD.2959008,d05
wfs:SPIELPLATZPUNKTOGD.2959009,d23
wfs:SPIELPLATZPUNKTOGD.2959010,d21
wfs:SPIELPLATZPUNKTOGD.2959011,d10
wfs:SPIELPLATZPUNKTOGD.2959012,d22
wfs:SPIELPLATZPUNKTOGD.2959013,d22
wfs:SPIELPLATZPUNKTOGD.2959014,d10
wfs:SPIELPLATZPUNKTOGD.2959015,d15
wfs:SPIELPLATZPUNKTOGD.2959016,d15
wfs:SPIELPLATZPUNKTOGD.2959017,d09
wfs:SPIELPLATZPUNKTOGD.2959018,d17
wfs:SPIELPLATZPUNKTOGD.2959019,d22
wfs:SPIELPLATZPUNKTOGD.2959020,d04
wfs:SPIELPLATZPUNKTOGD.2959021,d22
wfs:SPIELPLATZPUNKTOGD.2959022,d15
wfs:SPIELPLATZPUNKTOGD.2959023,d03
wfs:SPIELPLATZPUNKTOGD.2959024,d21
wfs:SPIELPLATZPUNKTOGD.2959025,d22
wfs:SPIELPLATZPUNKTOGD.2959026,d18
wfs:SPIELPLATZPUNKTOGD.2959027,d18
wfs:SPIELPLATZPUNKTOGD.2959028,d15
wfs:SPIELPLATZPUNKTOGD.2959029,d07
wfs:SPIELPLATZPUNKTOGD.2959030,d12
wfs:SPIELPLATZPUNKTOGD.2959031,d02
wfs:SPIELPLATZPUNKTOGD.2959032,d04
wfs:SPIELPLATZPUNKTOGD.2959034,d05
wfs:SPIELPLATZPUNKTOGD.2959035,d07
wfs:SPIELPLATZPUNKTOGD.2959036,d12
wfs:SPIELPLATZPUNKTOGD.2959037,d04
wfs:SPIELPLATZPUNKTOGD.2959038,d04
wfs:SPIELPLATZPUNKTOGD.2959039,d04
wfs:SPIELPLATZPUNKTOGD.2959040,d09
wfs:SPIELPLATZPUNKTOGD.2959041,d21
wfs:SPIELPLATZPUNKTOGD.2959042,d10
wfs:SPIELPLATZPUNKTOGD.2959043,d10
wfs:SPIELPLATZPUNKTOGD.2959044,d19
wfs:SPIELPLATZPUNKTOGD.2959045,d11
wfs:SPIELPLATZPUNKTOGD.2959046,d11
wfs:SPIELPLATZPUNKTOGD.2959047,d11
wfs:SPIELPLATZPUNKTOGD.2959048,d22
wfs:SPIELPLATZPUNKTOGD.2959049,d21
wfs:SPIELPLATZPUNKTOGD.2959050,d02
wfs:SPIELPLATZPUNKTOGD.2959051,d16
wfs:SPIELPLATZPUNKTOGD.2959052,d03
wfs:SPIELPLATZPUNKTOGD.2959053,d21
wfs:SPIELPLATZPUNKTOGD.2959054,d19
wfs:SPIELPLATZPUNKTOGD.2959055,d07
wfs:SPIELPLATZPUNKTOGD.2959056,d22
wfs:SPIELPLATZPUNKTOGD.2960433,d22
wfs:SPIELPLATZPUNKTOGD.2960434,d12
wfs:SPIELPLATZPUNKTOGD.2960435,d21
wfs:SPIELPLATZPUNKTOGD.2960436,d22
wfs:SPIELPLATZPUNKTOGD.2960437,d22
wfs:SPIELPLATZPUNKTOGD.2960438,d23
wfs:SPIELPLATZPUNKTOGD.2960439,d01
wfs:SPIELPLATZPUNKTOGD.2960440,d16
wfs:SPIELPLATZPUNKTOGD.2960441,d22
wfs:SPIELPLATZPUNKTOGD.2960442,d22
wfs:SPIELPLATZPUNKTOGD.2960443,d22
wfs:SPIELPLATZPUNKTOGD.2960444,d22
wfs:SPIELPLATZPUNKTOGD.2960445,d15
wfs:SPIELPLATZPUNKTOGD.2960446,d22
wfs:SPIELPLATZPUNKTOGD.2960447,d22
wfs:SPIELPLATZPUNKTOGD.2960448,d02
wfs:SPIELPLATZPUNKTOGD.2960449,d22
wfs:SPIELPLATZPUNKTOGD.2960450,d10
wfs:SPIELPLATZPUNKTOGD.2960451,d10
wfs:SPIELPLATZPUNKTOGD.2960452,d10
wfs:SPIELPLATZPUNKTOGD.2958930,d06
wfs:SPIELPLATZPUNKTOGD.2958931,d01
wfs:SPIELPLATZPUNKTOGD.2958932,d12
wfs:SPIELPLATZPUNKTOGD.2958933,d21
wfs:SPIELPLATZPUNKTOGD.2958934,d21
wfs:SPIELPLATZPUNKTOGD.2958935,d20
wfs:SPIELPLATZPUNKTOGD.2958936,d12
wfs:SPIELPLATZPUNKTOGD.2958937,d12
wfs:SPIELPLATZPUNKTOGD.2958938,d23
wfs:SPIELPLATZPUNKTOGD.2958939,d21
wfs:SPIELPLATZPUNKTOGD.2958940,d11
wfs:SPIELPLATZPUNKTOGD.2958941,d16
wfs:SPIELPLATZPUNKTOGD.2958942,d20
wfs:SPIELPLATZPUNKTOGD.2958943,d02
wfs:SPIELPLATZPUNKTOGD.2958944,d22
wfs:SPIELPLATZPUNKTOGD.2958945,d17
wfs:SPIELPLATZPUNKTOGD.2958946,d15
wfs:SPIELPLATZPUNKTOGD.2958947,d22
wfs:SPIELPLATZPUNKTOGD.2958948,d18
wfs:SPIELPLATZPUNKTOGD.2958949,d14
wfs:SPIELPLATZPUNKTOGD.2958950,d06
wfs:SPIELPLATZPUNKTOGD.2958951,d16
wfs:SPIELPLATZPUNKTOGD.2958952,d17
wfs:SPIELPLATZPUNKTOGD.2958953,d21
wfs:SPIELPLATZPUNKTOGD.2958954,d11
wfs:SPIELPLATZPUNKTOGD.2958955,d02
wfs:SPIELPLATZPUNKTOGD.2958956,d21
wfs:SPIELPLATZPUNKTOGD.2958957,d10
wfs:SPIELPLATZPUNKTOGD.2958958,d12
wfs:SPIELPLATZPUNKTOGD.2958959,d10
wfs:SPIELPLATZPUNKTOGD.2958692,d21
wfs:SPIELPLATZPUNKTOGD.2958693,d11
wfs:SPIELPLATZPUNKTOGD.2958694,d11
wfs:SPIELPLATZPUNKTOGD.2958695,d11
wfs:SPIELPLATZPUNKTOGD.2958696,d21
wfs:SPIELPLATZPUNKTOGD.2958697,d21
wfs:SPIELPLATZPUNKTOGD.2958698,d05
wfs:SPIELPLATZPUNKTOGD.2958699,d18
wfs:SPIELPLATZPUNKTOGD.2958700,d11
wfs:SPIELPLATZPUNKTOGD.2958701,d22
wfs:SPIELPLATZPUNKTOGD.2958702,d19
wfs:SPIELPLATZPUNKTOGD.2958703,d19
wfs:SPIELPLATZPUNKTOGD.2958704,d11
wfs:SPIELPLATZPUNKTOGD.2958705,d11
wfs:SPIELPLATZPUNKTOGD.2958706,d22
wfs:SPIELPLATZPUNKTOGD.2958707,d22
wfs:SPIELPLATZPUNKTOGD.2958708,d22
wfs:SPIELPLATZPUNKTOGD.2958709,d22
wfs:SPIELPLATZPUNKTOGD.2958710,d19
wfs:SPIELPLATZPUNKTOGD.2958711,d08
wfs:SPIELPLATZPUNKTOGD.2958712,d14
wfs:SPIELPLATZPUNKTOGD.2958713,d13
wfs:SPIELPLATZPUNKTOGD.2958714,d19
wfs:SPIELPLATZPUNKTOGD.2958715,d02
wfs:SPIELPLATZPUNKTOGD.2958716,d16
wfs:SPIELPLATZPUNKTOGD.2958717,d16
wfs:SPIELPLATZPUNKTOGD.2958718,d06
wfs:SPIELPLATZPUNKTOGD.2958719,d09
wfs:SPIELPLATZPUNKTOGD.2958720,d21
wfs:SPIELPLATZPUNKTOGD.2958721,d15
wfs:SPIELPLATZPUNKTOGD.2958722,d20
wfs:SPIELPLATZPUNKTOGD.2958723,d17
wfs:SPIELPLATZPUNKTOGD.2958724,d21
wfs:SPIELPLATZPUNKTOGD.2958725,d21
wfs:SPIELPLATZPUNKTOGD.2958726,d16
wfs:SPIELPLATZPUNKTOGD.2958727,d15
wfs:SPIELPLATZPUNKTOGD.2958728,d23
wfs:SPIELPLATZPUNKTOGD.2958729,d14
wfs:SPIELPLATZPUNKTOGD.2958730,d14
wfs:SPIELPLATZPUNKTOGD.2958731,d16
wfs:SPIELPLATZPUNKTOGD.2958732,d02
wfs:SPIELPLATZPUNKTOGD.2958733,d02
wfs:SPIELPLATZPUNKTOGD.2958734,d02
wfs:SPIELPLATZPUNKTOGD.2958735,d19
wfs:SPIELPLATZPUNKTOGD.2958736,d15
wfs:SPIELPLATZPUNKTOGD.2958737,d17
wfs:SPIELPLATZPUNKTOGD.2958738,d20
wfs:SPIELPLATZPUNKTOGD.2958739,d09
wfs:SPIELPLATZPUNKTOGD.2958740,d19
wfs:SPIELPLATZPUNKTOGD.2958741,d14
wfs:SPIELPLATZPUNKTOGD.2958742,d10
wfs:SPIELPLATZPUNKTOGD.2958743,d02
wfs:SPIELPLATZPUNKTOGD.2958744,d02
wfs:SPIELPLATZPUNKTOGD.2958745,d02
wfs:SPIELPLATZPUNKTOGD.2958746,d02
wfs:SPIELPLATZPUNKTOGD.2958747,d22
wfs:SPIELPLATZPUNKTOGD.2958748,d22
wfs:SPIELPLATZPUNKTOGD.2958749,d22
wfs:SPIELPLATZPUNKTOGD.2958750,d22
wfs:SPIELPLATZPUNKTOGD.2958751,d02
wfs:SPIELPLATZPUNKTOGD.2958752,d14
wfs:SPIELPLATZPUNKTOGD.2958753,d10
wfs:SPIELPLATZPUNKTOGD.2958754,d11
wfs:SPIELPLATZPUNKTOGD.2958755,d14
wfs:SPIELPLATZPUNKTOGD.2958756,d15
wfs:SPIELPLATZPUNKTOGD.2958757,d22
wfs:SPIELPLATZPUNKTOGD.2958758,d10
wfs:SPIELPLATZPUNKTOGD.2958759,d20
wfs:SPIELPLATZPUNKTOGD.2958760,d12
wfs:SPIELPLATZPUNKTOGD.2958761,d21
wfs:SPIELPLATZPUNKTOGD.2958762,d17
wfs:SPIELPLATZPUNKTOGD.2958763,d02
wfs:SPIELPLATZPUNKTOGD.2958764,d23
wfs:SPIELPLATZPUNKTOGD.2958765,d03
wfs:SPIELPLATZPUNKTOGD.2958766,d23
wfs:SPIELPLATZPUNKTOGD.2958767,d22
wfs:SPIELPLATZPUNKTOGD.2958768,d10
wfs:SPIELPLATZPUNKTOGD.2958769,d02
wfs:SPIELPLATZPUNKTOGD.2958770,d02
wfs:SPIELPLATZPUNKTOGD.2958771,d02
wfs:SPIELPLATZPUNKTOGD.2958772,d20
wfs:SPIELPLATZPUNKTOGD.2958773,d03
wfs:SPIELPLATZPUNKTOGD.2958774,d03
wfs:SPIELPLATZPUNKTOGD.2958775,d03
wfs:SPIELPLATZPUNKTOGD.2958776,d03
wfs:SPIELPLATZPUNKTOGD.2958777,d03
wfs:SPIELPLATZPUNKTOGD.2958778,d22
wfs:SPIELPLATZPUNKTOGD.2958779,d22
wfs:SPIELPLATZPUNKTOGD.2958780,d22
wfs:SPIELPLATZPUNKTOGD.2958781,d21
wfs:SPIELPLATZPUNKTOGD.2958782,d02
wfs:SPIELPLATZPUNKTOGD.2958783,d05
wfs:SPIELPLATZPUNKTOGD.2958784,d05
wfs:SPIELPLATZPUNKTOGD.2958785,d07
wfs:SPIELPLATZPUNKTOGD.2958786,d18
wfs:SPIELPLATZPUNKTOGD.2958787,d03
wfs:SPIELPLATZPUNKTOGD.2958788,d15
wfs:SPIELPLATZPUNKTOGD.2958789,d11
wfs:SPIELPLATZPUNKTOGD.2958790,d21
wfs:SPIELPLATZPUNKTOGD.2958791,d16
wfs:SPIELPLATZPUNKTOGD.2958792,d06
wfs:SPIELPLATZPUNKTOGD.2958793,d10
wfs:SPIELPLATZPUNKTOGD.2958794,d15
wfs:SPIELPLATZPUNKTOGD.2958795,d10
wfs:SPIELPLATZPUNKTOGD.2958796,d19
wfs:SPIELPLATZPUNKTOGD.2958797,d02
wfs:SPIELPLATZPUNKTOGD.2958798,d02
wfs:SPIELPLATZPUNKTOGD.2958799,d02
wfs:SPIELPLATZPUNKTOGD.2958800,d21
wfs:SPIELPLATZPUNKTOGD.2958801,d04
wfs:SPIELPLATZPUNKTOGD.2958802,d02
wfs:SPIELPLATZPUNKTOGD.2958803,d20
wfs:SPIELPLATZPUNKTOGD.2958804,d21
wfs:SPIELPLATZPUNKTOGD.2958805,d21
wfs:SPIELPLATZPUNKTOGD.2958806,d18
wfs:SPIELPLATZPUNKTOGD.2958807,d18
wfs:SPIELPLATZPUNKTOGD.2958808,d18
wfs:SPIELPLATZPUNKTOGD.2958809,d18
wfs:SPIELPLATZPUNKTOGD.2958810,d18
wfs:SPIELPLATZPUNKTOGD.2958811,d20
wfs:SPIELPLATZPUNKTOGD.2958812,d16
wfs:SPIELPLATZPUNKTOGD.2958813,d13
wfs:SPIELPLATZPUNKTOGD.2958814,d16
wfs:SPIELPLATZPUNKTOGD.2958815,d16
wfs:SPIELPLATZPUNKTOGD.2958816,d21
wfs:SPIELPLATZPUNKTOGD.2958817,d08
wfs:SPIELPLATZPUNKTOGD.2958818,d19
wfs:SPIELPLATZPUNKTOGD.2958819,d22
wfs:SPIELPLATZPUNKTOGD.2958820,d23
wfs:SPIELPLATZPUNKTOGD.2958821,d22
wfs:SPIELPLATZPUNKTOGD.2958822,d21
wfs:SPIELPLATZPUNKTOGD.2958823,d15
wfs:SPIELPLATZPUNKTOGD.2958824,d17
wfs:SPIELPLATZPUNKTOGD.2958825,d11
wfs:SPIELPLATZPUNKTOGD.2958826,d11
wfs:SPIELPLATZPUNKTOGD.2958827,d21
wfs:SPIELPLATZPUNKTOGD.2958828,d21
wfs:SPIELPLATZPUNKTOGD.2958829,d21
wfs:SPIELPLATZPUNKTOGD.2958830,d02
wfs:SPIELPLATZPUNKTOGD.2958831,d14
wfs:SPIELPLATZPUNKTOGD.2958832,d07
wfs:SPIELPLATZPUNKTOGD.2958833,d14
wfs:SPIELPLATZPUNKTOGD.2958834,d14
wfs:SPIELPLATZPUNKTOGD.2958835,d14
wfs:SPIELPLATZPUNKTOGD.2958836,d10
wfs:SPIELPLATZPUNKTOGD.2958837,d10
wfs:SPIELPLATZPUNKTOGD.2958838,d10
wfs:SPIELPLATZPUNKTOGD.2958839,d17
wfs:SPIELPLATZPUNKTOGD.2958840,d16
wfs:SPIELPLATZPUNKTOGD.2958841,d21
wfs:SPIELPLATZPUNKTOGD.2958842,d05
wfs:SPIELPLATZPUNKTOGD.2958843,d09
wfs:SPIELPLATZPUNKTOGD.2958844,d13
wfs:SPIELPLATZPUNKTOGD.2958845,d13
wfs:SPIELPLATZPUNKTOGD.2958846,d02
wfs:SPIELPLATZPUNKTOGD.2958847,d02
wfs:SPIELPLATZPUNKTOGD.2958848,d02
wfs:SPIELPLATZPUNKTOGD.2958849,d02
wfs:SPIELPLATZPUNKTOGD.2958850,d13
wfs:SPIELPLATZPUNKTOGD.2958851,d23
wfs:SPIELPLATZPUNKTOGD.2958852,d20
wfs:SPIELPLATZPUNKTOGD.2958853,d22
wfs:SPIELPLATZPUNKTOGD.2958854,d21
wfs:SPIELPLATZPUNKTOGD.2958855,d13
wfs:SPIELPLATZPUNKTOGD.2958856,d22
wfs:SPIELPLATZPUNKTOGD.2958857,d19
wfs:SPIELPLATZPUNKTOGD.2958858,d19
wfs:SPIELPLATZPUNKTOGD.2958859,d05
wfs:SPIELPLATZPUNKTOGD.2958860,d05
wfs:SPIELPLATZPUNKTOGD.2958861,d10
wfs:SPIELPLATZPUNKTOGD.2958862,d17
wfs:SPIELPLATZPUNKTOGD.2958863,d17
wfs:SPIELPLATZPUNKTOGD.2958864,d22
wfs:SPIELPLATZPUNKTOGD.2958865,d02
wfs:SPIELPLATZPUNKTOGD.2958866,d03
wfs:SPIELPLATZPUNKTOGD.2958867,d15
wfs:SPIELPLATZPUNKTOGD.2958868,d15
