3859,13086,basketball
3863,12417,basketball
3874,5512,basketball
3880,13011,basketball
3880,5806,basketball
3886,6126,basketball
3893,6107,basketball
3893,12074,basketball
3895,5940,basketball
3895,12623,basketball
3898,12824,basketball
3898,5666,basketball
3899,5529,basketball
3899,12485,basketball
3900,5678,basketball
3903,14095,basketball
3903,14096,basketball
3903,11787,basketball
3907,12820,basketball
3907,6003,basketball
3908,5784,basketball
3908,10324,basketball
3908,13651,basketball
3910,6992,basketball
3911,13712,basketball
3911,5420,basketball
3914,12457,basketball
3914,5898,basketball
3915,12756,basketball
3915,5565,basketball
3916,5924,basketball
3916,12141,basketball
3920,12261,basketball
3920,5967,basketball
3923,5516,basketball
3923,13527,basketball
3928,5942,basketball
3928,12839,basketball
3932,12836,basketball
3932,5841,basketball
3933,5405,basketball
3933,12336,basketball
3939,5928,basketball
3939,14708,basketball
3940,5922,basketball
3941,12062,basketball
3941,5585,basketball
3943,12136,basketball
3943,5864,basketball
3946,5953,basketball
3969,6104,basketball
3970,6020,basketball
3970,13734,basketball
3971,13729,basketball
3971,6170,basketball
3975,5401,basketball
3976,12281,basketball
3976,6050,basketball
3977,5588,basketball
3977,13715,basketball
3982,5818,basketball
3982,13342,basketball
3983,12048,basketball
3994,5904,basketball
3994,12613,basketball
3996,13096,basketball
4000,12845,basketball
4000,5994,basketball
4000,12844,basketball
4006,12103,basketball
4009,5830,basketball
4010,11888,basketball
4014,12296,basketball
4014,6010,basketball
4016,5681,basketball
4035,12205,basketball
4039,10185,basketball
4039,5973,basketball
4039,10183,basketball
4044,12511,basketball
4046,4047,basketball
4046,5969,basketball
4046,12545,basketball
4047,5969,basketball
4047,12545,basketball
4050,5659,basketball
4054,14376,basketball
4054,14375,basketball
4054,5804,basketball
4056,5746,basketball
4056,13268,basketball
4057,5742,basketball
4061,5540,basketball
4063,5772,basketball
4075,5427,basketball
4076,5461,basketball
4077,5919,basketball
4079,11937,basketball
4079,5692,basketball
4082,13338,basketball
4082,5672,basketball
4084,13700,basketball
4089,5752,basketball
4089,12033,basketball
4090,5683,basketball
4093,12278,basketball
4093,5844,basketball
4094,5907,basketball
4098,5604,basketball
4098,12191,basketball
4100,6047,basketball
4110,5457,basketball
4111,5487,basketball
4111,12015,basketball
4113,5480,basketball
4121,5596,basketball
4121,12878,basketball
4124,12125,basketball
4124,5646,basketball
4127,5901,basketball
4127,14691,basketball
4130,5591,basketball
4137,12413,basketball
4137,6032,basketball
4139,5473,basketball
4139,12395,basketball
4142,6128,basketball
4142,12412,basketball
4143,14257,basketball
4144,6026,basketball
4145,5783,basketball
4149,6119,basketball
4150,5780,basketball
4150,12258,basketball
4152,5602,basketball
4153,13171,basketball
4153,5812,basketball
4157,12450,basketball
4157,5978,basketball
4158,13412,basketball
4158,6145,basketball
4159,5808,basketball
4160,13376,basketball
4160,6021,basketball
4163,11790,basketball
4163,5686,basketball
4165,5743,basketball
4165,12791,basketball
4171,5786,basketball
4172,5982,basketball
4180,6091,basketball
4180,11797,basketball
4181,13232,basketball
4181,5985,basketball
4184,5744,basketball
4184,12573,basketball
4186,5559,basketball
4190,13704,basketball
4190,5916,basketball
4191,12407,basketball
4191,5934,basketball
4200,12410,basketball
4200,5775,basketball
4201,10291,basketball
4202,12563,basketball
4203,12809,basketball
4204,5823,basketball
4204,12945,basketball
4210,6136,basketball
4210,13672,basketball
4213,5431,basketball
4213,13311,basketball
4215,6099,basketball
4216,13358,basketball
4220,6031,basketball
4220,13321,basketball
4221,5614,basketball
4222,13322,basketball
4222,5493,basketball
4223,11645,basketball
4230,5839,basketball
4234,5462,basketball
4237,6017,basketball
4242,6057,basketball
4242,13371,basketball
4254,13364,basketball
4254,5491,basketball
4257,5986,basketball
4260,6105,basketball
4261,11931,basketball
4266,5976,basketball
4267,5687,basketball
4272,14272,basketball
4272,5791,basketball
4287,5939,basketball
4346,5606,basketball
4358,5541,basketball
4359,5668,basketball
4373,12255,basketball
4377,12985,basketball
4377,6019,basketball
4379,12109,basketball
4381,5534,basketball
4381,12007,basketball
4384,6027,basketball
4385,6108,basketball
4385,11938,basketball
4388,11651,basketball
4390,6077,basketball
4391,5482,basketball
4391,12271,basketball
4392,6064,basketball
4392,12292,basketball
4392,12113,basketball
4394,12003,basketball
4395,5589,basketball
4395,13152,basketball
4396,5817,basketball
4396,12105,basketball
4398,5846,basketball
4398,13719,basketball
4409,5439,basketball
4414,5850,basketball
4420,5579,basketball
4425,5671,basketball
4425,11976,basketball
4426,12197,basketball
4427,14364,basketball
4427,14363,basketball
4429,12679,basketball
4429,5652,basketball
4432,5809,basketball
4432,12840,basketball
4439,13546,basketball
4449,11130,basketball
4461,12847,basketball
4495,5499,basketball
4495,13799,basketball
4497,6072,basketball
4503,11946,basketball
4504,11734,basketball
4512,13137,basketball
4520,5576,basketball
4524,5483,basketball
4524,14351,basketball
4526,5733,basketball
4532,5495,basketball
4532,11978,basketball
4533,11132,basketball
4535,5690,basketball
4543,12892,basketball
4543,5947,basketball
4643,12777,basketball
4785,5403,basketball
4787,5406,basketball
4787,13210,basketball
4789,12975,basketball
4789,5968,basketball
4806,6029,basketball
4807,13106,basketball
4807,5819,basketball
5251,13524,basketball
5251,5466,basketball
5253,14680,basketball
5253,5930,basketball
5255,5459,basketball
5256,5583,basketball
5260,11891,basketball
5260,5402,basketball
5262,10716,basketball
5262,5920,basketball
5265,13278,basketball
5265,5931,basketball
5271,11084,basketball
5271,5654,basketball
5275,5861,basketball
5277,11944,basketball
5277,5454,basketball
5278,5776,basketball
5278,11964,basketball
5279,13726,basketball
5279,5800,basketball
5280,6103,basketball
5280,13347,basketball
5338,6937,basketball
5338,6092,basketball
5343,13525,basketball
5343,6165,basketball
5346,13102,basketball
5346,5558,basketball
5346,13693,basketball
5351,13378,basketball
5351,5641,basketball
5359,12817,basketball
5359,5438,basketball
5380,11131,basketball
5385,6160,basketball
5385,13231,basketball
5388,12268,basketball
5388,6164,basketball
5392,5550,basketball
5401,13169,basketball
5402,11891,basketball
5405,12336,basketball
5406,13210,basketball
5420,13712,basketball
5431,13311,basketball
5438,12817,basketball
5443,11933,basketball
5447,12687,basketball
5454,11944,basketball
5458,14385,basketball
5461,13119,basketball
5463,13647,basketball
5466,13524,basketball
5473,12395,basketball
5474,13743,basketball
5474,10949,basketball
5477,13205,basketball
5482,12271,basketball
5487,12015,basketball
5489,13088,basketball
5491,13364,basketball
5493,13322,basketball
5495,11978,basketball
5500,12115,basketball
5516,13527,basketball
5519,13306,basketball
5520,13067,basketball
5525,13407,basketball
5529,12485,basketball
5534,12007,basketball
5541,12269,basketball
5556,12409,basketball
5558,13102,basketball
5558,13693,basketball
5565,12756,basketball
5566,12310,basketball
5577,12912,basketball
5585,12062,basketball
5588,13715,basketball
5589,13152,basketball
5590,11740,basketball
5596,12878,basketball
5604,12191,basketball
5609,13660,basketball
5613,13710,basketball
5623,13003,basketball
5641,13378,basketball
5646,12125,basketball
5652,12679,basketball
5654,11084,basketball
5666,12824,basketball
5668,13021,basketball
5671,11976,basketball
5672,13338,basketball
5682,13721,basketball
5686,11790,basketball
5692,11937,basketball
5696,13737,basketball
5700,12110,basketball
5743,12791,basketball
5744,12573,basketball
5746,13268,basketball
5752,12033,basketball
5753,11900,basketball
5761,10272,basketball
5767,13061,basketball
5772,9978,basketball
5775,12410,basketball
5776,11964,basketball
5780,12258,basketball
5784,10324,basketball
5784,13651,basketball
5786,13197,basketball
5791,14272,basketball
5792,11902,basketball
5800,13726,basketball
5804,14376,basketball
5804,14375,basketball
5806,13011,basketball
5809,12840,basketball
5812,13171,basketball
5817,12105,basketball
5818,13342,basketball
5819,13106,basketball
5823,12945,basketball
5844,12278,basketball
5846,13719,basketball
5863,13546,basketball
5864,12136,basketball
5871,12174,basketball
5873,12458,basketball
5885,14523,basketball
5886,13260,basketball
5898,12457,basketball
5901,14691,basketball
5904,12613,basketball
5907,11739,basketball
5916,13704,basketball
5924,12141,basketball
5928,14708,basketball
5930,14680,basketball
5931,13278,basketball
5932,13807,basketball
5934,12407,basketball
5935,12127,basketball
5936,12129,basketball
5940,12623,basketball
5942,12839,basketball
5947,12892,basketball
5953,14292,basketball
5967,12261,basketball
5968,12975,basketball
5969,12545,basketball
5973,10185,basketball
5973,10183,basketball
5975,12779,basketball
5978,12450,basketball
5982,13332,basketball
5984,12260,basketball
5985,13232,basketball
5994,12845,basketball
5994,12844,basketball
5998,12780,basketball
6003,12820,basketball
6005,14248,basketball
6008,12411,basketball
6010,12296,basketball
6013,13523,basketball
6019,12985,basketball
6020,13734,basketball
6021,13376,basketball
6026,13771,basketball
6031,13321,basketball
6032,12413,basketball
6049,12282,basketball
6050,12281,basketball
6057,13371,basketball
6064,12292,basketball
6064,12113,basketball
6077,12106,basketball
6082,12672,basketball
6091,11797,basketball
6092,6937,basketball
6103,13347,basketball
6107,12074,basketball
6108,11938,basketball
6109,13315,basketball
6111,12523,basketball
6119,12860,basketball
6126,14659,basketball
6128,12412,basketball
6136,13672,basketball
6137,14262,basketball
6145,13412,basketball
6160,13231,basketball
6164,12268,basketball
6170,13729,basketball
6170,12294,basketball
6172,10291,basketball
10324,13651,basketball
10949,13743,basketball
11678,11679,basketball
11787,14095,basketball
11787,14096,basketball
11967,14677,basketball
12026,12030,basketball
12026,12028,basketball
12112,12115,basketball
12113,12292,basketball
12254,12255,basketball
12777,13962,basketball
12844,12845,basketball
12871,14136,basketball
13102,13693,basketball
13141,13142,basketball
13185,13186,basketball
13347,13349,basketball
14095,14096,basketball
14263,14264,basketball
14264,14265,basketball
14303,14304,basketball
14343,14344,basketball
14363,14364,basketball
14375,14376,basketball
14423,14424,basketball
14576,14577,basketball
14576,14578,basketball
14577,14578,basketball
14702,14703,basketball
3860,5943,fitness
3989,7917,fitness
3994,5904,fitness
4014,9876,fitness
4014,6010,fitness
4039,5973,fitness
4069,13216,fitness
4069,5887,fitness
4078,13320,fitness
4092,5346,fitness
4092,5558,fitness
4092,5467,fitness
4092,10145,fitness
4092,13282,fitness
4124,5646,fitness
4142,11243,fitness
4142,6128,fitness
4147,9112,fitness
4198,12528,fitness
4431,12770,fitness
4431,14543,fitness
4535,13792,fitness
4535,5690,fitness
4806,6029,fitness
4809,6006,fitness
4810,13046,fitness
4810,13039,fitness
4810,13038,fitness
4810,13056,fitness
4810,13055,fitness
4810,13035,fitness
4810,12890,fitness
4810,5955,fitness
4810,13047,fitness
4810,13037,fitness
5255,5459,fitness
5279,5800,fitness
5341,5632,fitness
5345,6097,fitness
5346,5558,fitness
5346,5467,fitness
5347,13023,fitness
5349,5727,fitness
5356,6093,fitness
5358,5615,fitness
5380,11131,fitness
5387,13170,fitness
5387,5723,fitness
5409,10200,fitness
5425,13568,fitness
5436,10575,fitness
5450,10684,fitness
5459,11097,fitness
5467,5558,fitness
5467,10145,fitness
5473,11264,fitness
5500,9224,fitness
5500,9223,fitness
5500,9575,fitness
5500,9574,fitness
5500,9576,fitness
5500,9222,fitness
5500,9577,fitness
5509,10049,fitness
5527,9523,fitness
5534,12008,fitness
5542,14685,fitness
5551,11116,fitness
5558,10145,fitness
5558,13282,fitness
5610,9362,fitness
5626,13671,fitness
5668,13510,fitness
5669,8595,fitness
5690,13792,fitness
5690,13790,fitness
5718,13775,fitness
5723,13170,fitness
5727,12898,fitness
5741,13744,fitness
5742,11284,fitness
5781,11111,fitness
5781,11113,fitness
5783,9872,fitness
5783,13359,fitness
5785,9821,fitness
5785,11014,fitness
5785,11015,fitness
5786,9897,fitness
5786,9894,fitness
5786,9898,fitness
5791,14310,fitness
5791,14271,fitness
5793,13789,fitness
5793,13248,fitness
5812,13663,fitness
5835,13363,fitness
5841,13694,fitness
5841,10318,fitness
5848,13250,fitness
5854,11179,fitness
5863,13555,fitness
5885,11148,fitness
5887,13216,fitness
5906,8679,fitness
5913,9126,fitness
5918,11199,fitness
5920,10860,fitness
5920,10861,fitness
5941,13783,fitness
5955,13056,fitness
5955,13055,fitness
5955,12890,fitness
5955,13047,fitness
5955,13037,fitness
5995,10387,fitness
6010,9876,fitness
6012,10044,fitness
6023,13784,fitness
6044,13318,fitness
6050,11456,fitness
6050,13727,fitness
6050,11457,fitness
6050,11458,fitness
6050,11459,fitness
6050,11455,fitness
6069,13582,fitness
6069,13226,fitness
6070,11470,fitness
6083,14641,fitness
6083,14726,fitness
6088,10764,fitness
6088,10767,fitness
6088,10766,fitness
6093,10199,fitness
6099,10845,fitness
6106,9337,fitness
6110,12676,fitness
6128,11243,fitness
6130,11140,fitness
6133,13229,fitness
6146,13687,fitness
6165,10864,fitness
6165,10862,fitness
6165,10863,fitness
6172,12677,fitness
7474,9474,fitness
7716,8757,fitness
8756,8757,fitness
8972,10954,fitness
9050,11567,fitness
9172,9191,fitness
9222,9224,fitness
9222,9223,fitness
9222,9575,fitness
9222,9574,fitness
9222,9576,fitness
9222,9577,fitness
9223,9224,fitness
9223,9575,fitness
9223,9574,fitness
9223,9576,fitness
9223,9577,fitness
9224,9575,fitness
9224,9574,fitness
9224,9576,fitness
9224,9577,fitness
9248,9249,fitness
9316,13350,fitness
9467,11313,fitness
9574,9575,fitness
9574,9576,fitness
9574,9577,fitness
9575,9576,fitness
9575,9577,fitness
9576,9577,fitness
9582,10330,fitness
9599,9606,fitness
9851,10766,fitness
9851,10765,fitness
9872,13359,fitness
9894,9897,fitness
9894,9898,fitness
9897,9898,fitness
10145,13282,fitness
10206,11385,fitness
10318,13694,fitness
10698,11380,fitness
10764,10767,fitness
10764,10766,fitness
10765,10766,fitness
10766,10767,fitness
10842,10843,fitness
10860,10861,fitness
10862,10864,fitness
10862,10863,fitness
10863,10864,fitness
11004,11005,fitness
11014,11015,fitness
11050,14436,fitness
11094,11097,fitness
11111,11113,fitness
11295,11296,fitness
11295,11298,fitness
11295,11299,fitness
11295,14570,fitness
11295,11297,fitness
11295,14579,fitness
11295,11300,fitness
11295,11304,fitness
11296,11298,fitness
11296,11299,fitness
11296,14570,fitness
11296,11297,fitness
11296,14579,fitness
11296,11300,fitness
11296,11304,fitness
11297,11298,fitness
11297,11299,fitness
11297,14570,fitness
11297,14579,fitness
11297,11300,fitness
11297,11304,fitness
11298,11299,fitness
11298,14570,fitness
11298,14579,fitness
11298,11300,fitness
11298,11304,fitness
11299,14570,fitness
11299,14579,fitness
11299,11300,fitness
11299,11304,fitness
11300,14570,fitness
11300,14579,fitness
11300,11304,fitness
11304,14570,fitness
11304,14579,fitness
11433,14621,fitness
11455,11456,fitness
11455,13727,fitness
11455,11457,fitness
11455,11458,fitness
11455,11459,fitness
11456,13727,fitness
11456,11457,fitness
11456,11458,fitness
11456,11459,fitness
11457,13727,fitness
11457,11458,fitness
11457,11459,fitness
11458,13727,fitness
11458,11459,fitness
11459,13727,fitness
12770,14543,fitness
12890,13046,fitness
12890,13038,fitness
12890,13056,fitness
12890,13055,fitness
12890,13047,fitness
12890,13037,fitness
13035,13039,fitness
13035,13038,fitness
13035,13056,fitness
13035,13047,fitness
13035,13037,fitness
13036,13046,fitness
13037,13038,fitness
13037,13056,fitness
13037,13047,fitness
13037,13043,fitness
13037,13052,fitness
13038,13046,fitness
13038,13039,fitness
13038,13056,fitness
13038,13055,fitness
13039,13046,fitness
13039,13056,fitness
13039,13055,fitness
13040,13050,fitness
13040,13054,fitness
13041,13042,fitness
13041,13051,fitness
13043,13044,fitness
13043,13052,fitness
13043,13049,fitness
13044,13052,fitness
13044,13049,fitness
13045,13048,fitness
13045,13046,fitness
13045,13055,fitness
13046,13056,fitness
13046,13055,fitness
13047,13056,fitness
13047,13055,fitness
13048,13051,fitness
13049,13052,fitness
13049,13050,fitness
13049,13054,fitness
13050,13052,fitness
13050,13054,fitness
13052,13054,fitness
13055,13056,fitness
13226,13582,fitness
13568,13569,fitness
13596,14545,fitness
14271,14310,fitness
14570,14579,fitness
14641,14726,fitness
3860,5943,football
3867,5876,football
3872,11927,football
3872,5971,football
3873,6025,football
3874,12480,football
3874,5512,football
3886,6126,football
3886,12652,football
3888,12189,football
3893,6107,football
3893,12074,football
3898,5666,football
3898,12823,football
3899,5529,football
3899,11737,football
3900,13276,football
3900,5678,football
3905,12049,football
3907,12820,football
3907,6003,football
3907,12143,football
3908,12137,football
3908,5784,football
3911,13712,football
3911,5420,football
3915,5565,football
3916,5924,football
3916,12141,football
3917,5866,football
3917,13714,football
3920,12261,football
3920,5967,football
3923,5516,football
3930,12326,football
3932,12836,football
3932,5841,football
3933,5405,football
3933,12336,football
3934,5586,football
3934,13429,football
3939,5928,football
3941,5585,football
3946,5953,football
3957,5755,football
3961,7707,football
3965,12096,football
3965,5921,football
3969,6104,football
3971,12295,football
3971,6170,football
3977,5588,football
3977,12646,football
3982,5818,football
3983,12048,football
3986,3987,football
3994,5904,football
3994,12613,football
4000,12843,football
4000,5994,football
4006,5415,football
4006,12104,football
4013,11885,football
4015,5553,football
4016,5681,football
4016,13158,football
4022,5754,football
4024,6059,football
4030,11872,football
4032,12082,football
4035,5884,football
4040,13398,football
4041,11690,football
4041,4042,football
4042,11690,football
4044,12511,football
4045,11733,football
4046,4047,football
4046,5969,football
4046,12545,football
4047,5969,football
4047,12545,football
4050,5659,football
4050,12331,football
4054,14376,football
4054,14375,football
4054,5804,football
4056,5746,football
4056,13268,football
4061,5540,football
4069,13215,football
4069,5887,football
4072,11665,football
4076,5461,football
4077,5919,football
4079,13709,football
4079,5692,football
4081,12301,football
4081,5409,football
4082,12621,football
4082,5672,football
4084,13701,football
4086,6122,football
4089,5752,football
4089,11853,football
4090,5683,football
4093,5844,football
4094,5907,football
4094,11738,football
4098,5604,football
4098,12192,football
4099,14415,football
4099,5813,football
4100,13572,football
4100,6047,football
4110,5457,football
4111,5487,football
4111,12009,football
4113,5480,football
4113,13244,football
4121,5596,football
4121,12878,football
4124,5646,football
4127,5901,football
4127,13580,football
4130,12232,football
4130,5591,football
4131,12300,football
4131,6138,football
4132,5763,football
4132,12766,football
4135,11779,football
4137,12413,football
4137,6032,football
4139,5473,football
4139,12395,football
4142,6128,football
4142,12412,football
4143,12208,football
4144,6026,football
4145,12193,football
4145,5783,football
4149,6119,football
4150,12259,football
4150,5780,football
4152,5602,football
4153,5812,football
4156,12775,football
4156,5616,football
4157,5978,football
4157,13526,football
4158,6145,football
4158,13337,football
4159,5808,football
4159,12574,football
4160,11971,football
4160,6021,football
4163,11790,football
4163,5686,football
4165,5743,football
4165,13344,football
4171,5786,football
4172,5982,football
4173,12706,football
4179,13312,football
4180,6091,football
4180,11797,football
4181,13232,football
4181,5985,football
4183,12177,football
4184,12573,football
4186,11768,football
4186,5559,football
4187,11943,football
4190,13704,football
4190,5916,football
4201,12682,football
4204,12946,football
4204,5823,football
4206,12477,football
4210,6136,football
4210,13672,football
4213,5431,football
4213,13310,football
4215,12698,football
4215,6099,football
4220,6031,football
4220,13321,football
4221,5614,football
4222,13323,football
4222,5493,football
4223,11645,football
4230,12559,football
4230,5839,football
4230,12558,football
4235,14291,football
4236,11657,football
4237,6017,football
4242,6057,football
4242,13371,football
4243,11658,football
4254,13365,football
4254,5491,football
4257,5986,football
4257,12789,football
4258,11742,football
4258,12299,football
4261,5528,football
4261,11931,football
4263,14348,football
4263,5858,football
4266,5976,football
4267,14719,football
4267,5687,football
4272,5791,football
4277,5617,football
4283,11924,football
4289,14547,football
4289,5650,football
4338,12764,football
4339,4340,football
4346,5606,football
4347,4348,football
4358,5541,football
4359,5668,football
4360,11874,football
4374,12408,football
4377,12985,football
4377,6019,football
4379,12107,football
4379,12108,football
4381,5534,football
4381,12007,football
4384,6027,football
4391,5482,football
4391,13656,football
4392,6064,football
4392,12292,football
4394,13638,football
4396,5817,football
4396,12105,football
4398,13718,football
4398,5846,football
4399,13502,football
4405,11627,football
4409,5439,football
4412,12670,football
4414,5850,football
4415,5724,football
4415,14666,football
4420,5579,football
4420,12267,football
4425,5671,football
4425,11977,football
4427,14365,football
4429,5652,football
4432,5809,football
4432,12840,football
4438,6125,football
4454,13307,football
4454,13308,football
4454,5511,football
4457,13550,football
4460,13691,football
4460,11693,football
4462,13297,football
4465,11677,football
4494,11688,football
4495,5499,football
4495,13801,football
4495,13799,football
4500,11922,football
4503,11945,football
4504,11734,football
4506,6156,football
4506,13548,football
4513,6161,football
4514,11866,football
4520,5576,football
4524,5483,football
4524,14350,football
4525,5635,football
4525,12996,football
4526,5733,football
4532,5495,football
4532,11978,football
4533,11132,football
4536,12680,football
4544,6124,football
4544,14269,football
4629,11975,football
4643,12778,football
4784,13762,football
4784,5667,football
4787,5406,football
4787,13210,football
4789,5968,football
4789,12976,football
4805,5645,football
4806,6029,football
4807,13106,football
4807,5819,football
4807,13107,football
4811,6169,football
4813,14644,football
4813,5580,football
4814,5749,football
5138,13815,football
5251,13333,football
5251,5466,football
5253,5930,football
5253,14681,football
5255,13273,football
5255,5459,football
5256,12622,football
5256,5583,football
5257,5965,football
5257,12914,football
5260,12089,football
5260,5402,football
5261,5662,football
5263,6002,football
5272,13399,football
5272,5981,football
5275,12516,football
5275,5861,football
5276,13304,football
5277,11944,football
5277,5454,football
5278,5776,football
5279,5800,football
5338,11993,football
5338,6092,football
5346,13692,football
5346,5558,football
5351,13336,football
5351,5641,football
5357,6167,football
5359,13742,football
5359,5438,football
5386,5882,football
5391,12481,football
5391,5972,football
5392,5550,football
5402,12089,football
5405,12336,football
5406,13210,football
5409,12301,football
5415,12104,football
5420,13712,football
5428,12011,football
5431,13310,football
5438,13742,football
5443,11933,football
5444,13825,football
5447,12687,football
5454,11944,football
5456,12787,football
5458,14386,football
5459,13273,football
5461,13119,football
5463,12005,football
5466,13333,football
5466,13334,football
5473,12395,football
5474,13743,football
5480,13244,football
5482,13656,football
5483,14350,football
5487,12009,football
5491,13365,football
5493,13323,football
5495,11978,football
5499,13801,football
5511,13307,football
5511,13308,football
5512,12480,football
5519,13306,football
5520,13066,football
5521,13203,football
5525,13408,football
5528,11931,football
5529,11737,football
5534,12007,football
5535,13826,football
5558,13692,football
5559,11768,football
5577,12912,football
5579,12267,football
5580,14644,football
5583,12622,football
5586,13429,football
5588,12646,football
5590,13156,football
5591,12232,football
5595,13711,football
5596,12878,football
5603,12338,football
5604,12192,football
5613,12891,football
5616,12775,football
5623,13003,football
5625,13669,football
5625,14671,football
5635,12996,football
5641,13336,football
5647,13547,football
5650,14547,football
5659,12331,football
5666,12823,football
5667,13762,football
5668,13021,football
5671,11977,football
5672,12621,football
5681,14438,football
5681,13158,football
5685,13733,football
5686,11790,football
5687,14719,football
5692,13709,football
5696,13738,football
5716,10760,football
5721,11675,football
5724,14666,football
5733,12790,football
5743,13344,football
5746,13268,football
5752,11853,football
5753,11901,football
5763,12766,football
5767,13062,football
5777,13570,football
5780,12259,football
5783,12193,football
5784,12137,football
5786,13197,football
5792,11902,football
5804,14376,football
5804,14375,football
5808,12574,football
5809,12840,football
5810,12896,football
5813,14415,football
5817,12105,football
5819,13106,football
5819,13107,football
5823,12946,football
5827,12747,football
5839,12559,football
5839,12558,football
5846,13718,football
5852,14514,football
5858,14348,football
5861,12516,football
5866,13714,football
5871,12810,football
5871,12175,football
5873,12458,football
5880,12514,football
5885,14522,football
5886,13260,football
5887,13215,football
5901,13580,football
5904,12613,football
5907,11738,football
5916,13704,football
5921,12096,football
5924,12141,football
5930,14681,football
5932,13808,football
5953,11965,football
5962,11917,football
5964,13578,football
5965,12914,football
5967,12261,football
5968,12976,football
5969,12545,football
5971,11927,football
5972,12481,football
5978,13526,football
5981,13399,football
5982,13332,football
5985,13232,football
5986,12789,football
5991,12092,football
5994,12843,football
6003,12820,football
6003,12143,football
6003,11816,football
6013,13523,football
6019,12985,football
6021,11971,football
6026,13771,football
6031,13321,football
6032,12413,football
6047,13572,football
6049,12280,football
6057,13371,football
6059,14566,football
6064,12292,football
6065,13389,football
6082,12671,football
6091,11797,football
6092,11993,football
6099,12698,football
6107,12074,football
6109,13722,football
6113,12885,football
6119,12859,football
6122,11745,football
6124,14269,football
6125,13539,football
6126,12652,football
6128,12412,football
6134,13228,football
6136,13672,football
6138,12300,football
6145,13337,football
6156,13548,football
6170,12295,football
6172,12682,football
11640,11641,football
11657,14291,football
11674,11675,football
11686,13951,football
11690,14639,football
11724,13014,football
11742,12299,football
11759,13797,football
11773,12298,football
11809,13079,football
11809,13642,football
11809,13077,football
11816,12820,football
11816,12143,football
11816,12821,football
11939,13541,football
11948,13243,football
11996,12906,football
12024,14437,football
12029,12697,football
12107,12108,football
12143,12820,football
12220,12221,football
12418,14678,football
12493,12496,football
12518,12520,football
12558,12559,football
13077,13078,football
13077,13079,football
13077,13642,football
13078,13079,football
13078,13642,football
13079,13642,football
13106,13107,football
13157,14614,football
13158,14438,football
13307,13308,football
13542,14437,football
13553,13554,football
13669,14671,football
13735,13736,football
14368,14370,football
14368,14369,football
14369,14371,football
14369,14370,football
14370,14372,football
14370,14371,football
14371,14372,football
14375,14376,football
14572,14573,football
14573,14574,football
14575,14576,football
4466,6254,swimming
4489,11718,swimming
4489,11719,swimming
4489,11647,swimming
4791,12938,swimming
4792,12224,swimming
4793,13506,swimming
4794,11983,swimming
4795,12815,swimming
4796,13269,swimming
4797,12021,swimming
4798,14596,swimming
5281,13504,swimming
5282,13324,swimming
5283,13507,swimming
5283,12169,swimming
5362,6734,swimming
5365,11841,swimming
5368,11682,swimming
5368,12183,swimming
5370,11886,swimming
5370,12933,swimming
5371,11727,swimming
5379,12233,swimming
5379,12152,swimming
5383,11642,swimming
5394,14709,swimming
5395,11660,swimming
11647,11718,swimming
11647,11719,swimming
11659,11661,swimming
11661,11662,swimming
11715,11716,swimming
11716,11717,swimming
11718,11719,swimming
11867,13403,swimming
11877,11879,swimming
11886,12933,swimming
12152,12233,swimming
12169,13507,swimming
12218,12219,swimming
12536,12537,swimming
12536,12538,swimming
3868,11832,tennis
3868,14184,tennis
3868,14185,tennis
3868,14186,tennis
3902,14243,tennis
3903,14092,tennis
3936,12564,tennis
3972,12669,tennis
3973,13353,tennis
3973,12855,tennis
3973,12856,tennis
3973,12857,tennis
3979,13995,tennis
3981,14009,tennis
3981,14007,tennis
3981,14008,tennis
4025,4026,tennis
4048,4049,tennis
4052,12728,tennis
4052,12726,tennis
4052,12729,tennis
4052,12730,tennis
4052,12731,tennis
4064,13529,tennis
4064,13530,tennis
4065,14334,tennis
4065,14331,tennis
4065,14330,tennis
4065,14329,tennis
4065,12993,tennis
4065,14328,tennis
4065,14327,tennis
4066,14318,tennis
4066,14317,tennis
4068,14396,tennis
4073,13966,tennis
4073,13967,tennis
4102,14216,tennis
4107,13952,tennis
4122,14405,tennis
4122,14404,tennis
4129,14122,tennis
4129,14121,tennis
4129,14123,tennis
4129,14128,tennis
4129,14127,tennis
4129,14126,tennis
4129,14420,tennis
4176,12379,tennis
4194,14068,tennis
4194,14067,tennis
4194,14066,tennis
4232,11859,tennis
4232,14119,tennis
4232,14118,tennis
4232,14117,tennis
4243,11698,tennis
4245,12793,tennis
4245,12792,tennis
4250,11999,tennis
4251,11999,tennis
4251,12000,tennis
4268,13100,tennis
4268,13242,tennis
4268,13099,tennis
4268,12051,tennis
4269,13100,tennis
4269,13242,tennis
4269,13099,tennis
4269,12051,tennis
4269,13101,tennis
4270,14182,tennis
4270,14183,tennis
4273,14295,tennis
4273,14294,tennis
4273,14293,tennis
4274,14296,tennis
4283,14299,tennis
4283,14298,tennis
4292,13913,tennis
4337,4338,tennis
4337,14082,tennis
4337,14083,tennis
4337,14088,tennis
4338,14082,tennis
4339,4340,tennis
4344,13891,tennis
4344,13890,tennis
4344,13889,tennis
4355,4356,tennis
4357,13873,tennis
4357,13872,tennis
4357,13867,tennis
4357,13871,tennis
4372,14305,tennis
4372,12432,tennis
4372,12515,tennis
4375,14160,tennis
4402,4403,tennis
4402,12684,tennis
4403,12684,tennis
4433,13177,tennis
4434,14190,tennis
4434,14189,tennis
4434,14188,tennis
4434,14187,tennis
4434,4435,tennis
4435,14187,tennis
4441,12140,tennis
4442,4443,tennis
4442,14202,tennis
4443,14203,tennis
4443,14204,tennis
4443,14202,tennis
4443,14201,tennis
4455,13980,tennis
4455,4456,tennis
4456,13981,tennis
4456,13980,tennis
4511,14101,tennis
4522,12643,tennis
4528,12562,tennis
5331,13938,tennis
5331,13937,tennis
5331,13936,tennis
5337,14595,tennis
5337,14588,tennis
5337,14594,tennis
5337,14593,tennis
5337,14592,tennis
5699,13415,tennis
5699,13414,tennis
5699,14662,tennis
5699,14661,tennis
5699,13418,tennis
5699,13417,tennis
5699,11893,tennis
5699,13416,tennis
7699,11460,tennis
7708,13986,tennis
7708,13985,tennis
7818,12491,tennis
9075,10147,tennis
9461,9463,tennis
9461,9462,tennis
9462,9463,tennis
9608,9609,tennis
9728,10829,tennis
9728,10828,tennis
9741,11185,tennis
9752,10950,tennis
9752,9753,tennis
9753,10950,tennis
9761,9762,tennis
9844,9845,tennis
9895,9896,tennis
9906,9907,tennis
9913,9965,tennis
9981,10583,tennis
9995,10653,tennis
10035,10400,tennis
10035,10401,tennis
10035,10399,tennis
10035,10036,tennis
10036,10401,tennis
10036,10399,tennis
10036,10398,tennis
10107,10108,tennis
10178,10696,tennis
10193,10195,tennis
10193,10194,tennis
10194,10195,tennis
10201,10346,tennis
10222,14059,tennis
10222,14058,tennis
10222,14057,tennis
10222,14056,tennis
10277,10278,tennis
10308,11069,tennis
10322,10323,tennis
10337,10338,tennis
10337,10339,tennis
10338,10339,tennis
10360,13511,tennis
10398,10401,tennis
10398,10399,tennis
10399,10400,tennis
10399,10401,tennis
10400,10401,tennis
10508,11201,tennis
10523,10524,tennis
10525,10526,tennis
10563,10761,tennis
10567,10568,tennis
10586,10587,tennis
10606,10607,tennis
10618,10622,tennis
10646,10647,tennis
10654,10655,tennis
10676,10677,tennis
10777,10778,tennis
10828,10829,tennis
10871,10872,tennis
10951,10952,tennis
11018,11019,tennis
11036,11038,tennis
11036,11037,tennis
11036,11039,tennis
11036,11040,tennis
11037,11038,tennis
11037,11039,tennis
11037,11040,tennis
11038,11039,tennis
11038,11040,tennis
11039,11040,tennis
11090,11091,tennis
11095,11096,tennis
11181,11183,tennis
11181,11932,tennis
11181,11182,tennis
11181,11184,tennis
11182,11183,tennis
11182,11932,tennis
11182,11184,tennis
11183,11932,tennis
11183,11184,tennis
11184,11932,tennis
11198,11262,tennis
11242,13120,tennis
11282,11285,tennis
11346,11347,tennis
11440,11441,tennis
11464,11465,tennis
11492,11497,tennis
11492,11496,tennis
11492,11493,tennis
11493,11497,tennis
11493,11496,tennis
11494,11495,tennis
11496,11497,tennis
11538,11539,tennis
11542,12701,tennis
11542,12700,tennis
11643,14181,tennis
11643,14182,tennis
11698,11699,tennis
11701,14133,tennis
11730,13176,tennis
11730,13175,tennis
11730,13174,tennis
11815,12499,tennis
11832,14184,tennis
11832,14185,tennis
11833,14075,tennis
11833,14074,tennis
11859,14119,tennis
11859,14118,tennis
11870,13532,tennis
11870,13533,tennis
11893,13415,tennis
11893,13414,tennis
11893,14662,tennis
11893,13419,tennis
11893,14661,tennis
11893,13418,tennis
11893,13417,tennis
11893,13416,tennis
11904,12339,tennis
11999,12000,tennis
12051,13100,tennis
12051,13242,tennis
12051,13099,tennis
12051,13101,tennis
12052,12661,tennis
12052,12666,tennis
12052,12662,tennis
12055,12665,tennis
12055,12669,tennis
12055,12663,tennis
12138,12139,tennis
12215,12216,tennis
12314,13769,tennis
12333,14378,tennis
12343,12351,tennis
12343,12353,tennis
12343,12354,tennis
12343,12349,tennis
12343,12345,tennis
12343,12357,tennis
12344,12356,tennis
12344,12352,tennis
12344,12349,tennis
12344,12347,tennis
12344,12348,tennis
12344,12350,tennis
12345,12353,tennis
12345,12352,tennis
12345,12349,tennis
12345,12357,tennis
12345,12350,tennis
12345,12346,tennis
12346,12348,tennis
12346,12350,tennis
12346,12358,tennis
12347,12356,tennis
12347,12352,tennis
12347,12348,tennis
12348,12352,tennis
12348,12349,tennis
12348,12350,tennis
12349,12351,tennis
12349,12353,tennis
12349,12356,tennis
12349,12352,tennis
12349,12350,tennis
12350,12358,tennis
12351,12355,tennis
12351,12353,tennis
12351,12356,tennis
12351,12352,tennis
12352,12355,tennis
12352,12353,tennis
12352,12356,tennis
12353,12355,tennis
12354,12357,tennis
12355,12356,tennis
12362,12363,tennis
12362,12376,tennis
12362,12388,tennis
12362,12368,tennis
12362,12390,tennis
12363,12378,tennis
12363,12384,tennis
12363,12379,tennis
12363,12370,tennis
12363,12386,tennis
12363,12376,tennis
12364,12387,tennis
12364,12371,tennis
12364,12380,tennis
12366,12374,tennis
12366,12392,tennis
12367,12371,tennis
12367,12383,tennis
12367,12380,tennis
12367,12369,tennis
12367,12377,tennis
12368,12376,tennis
12368,12388,tennis
12368,12390,tennis
12369,12387,tennis
12369,12371,tennis
12369,12380,tennis
12369,12377,tennis
12370,12373,tennis
12370,12382,tennis
12370,12378,tennis
12370,12381,tennis
12370,12386,tennis
12371,12387,tennis
12371,12383,tennis
12372,12374,tennis
12372,12392,tennis
12373,12382,tennis
12373,12378,tennis
12373,12381,tennis
12374,12392,tennis
12375,12385,tennis
12376,12386,tennis
12376,12390,tennis
12377,12383,tennis
12378,12382,tennis
12378,12384,tennis
12378,12379,tennis
12378,12386,tennis
12379,12384,tennis
12380,12387,tennis
12381,12382,tennis
12381,12386,tennis
12382,12384,tennis
12382,12386,tennis
12383,12387,tennis
12384,12386,tennis
12388,12390,tennis
12427,12428,tennis
12432,12434,tennis
12432,12435,tennis
12432,12433,tennis
12432,14305,tennis
12432,12515,tennis
12433,12434,tennis
12433,12435,tennis
12433,14305,tennis
12434,12435,tennis
12434,14305,tennis
12435,14305,tennis
12515,14305,tennis
12552,12655,tennis
12552,12658,tennis
12552,12656,tennis
12568,14416,tennis
12618,13956,tennis
12618,13955,tennis
12618,13954,tennis
12618,13953,tennis
12628,12802,tennis
12628,12803,tennis
12628,14065,tennis
12628,12795,tennis
12641,14133,tennis
12641,12642,tennis
12642,12841,tennis
12647,13298,tennis
12655,12657,tennis
12655,12658,tennis
12655,12656,tennis
12656,12658,tennis
12661,12664,tennis
12661,12662,tennis
12662,12664,tennis
12662,12667,tennis
12662,12666,tennis
12663,12665,tennis
12663,12668,tennis
12663,12669,tennis
12664,12666,tennis
12665,12667,tennis
12665,12668,tennis
12666,12667,tennis
12684,13900,tennis
12684,13901,tennis
12700,12701,tennis
12705,12797,tennis
12705,12798,tennis
12705,12799,tennis
12705,12800,tennis
12705,12801,tennis
12726,12728,tennis
12726,12729,tennis
12727,12729,tennis
12727,12730,tennis
12727,12731,tennis
12728,12729,tennis
12729,12730,tennis
12730,12731,tennis
12792,12793,tennis
12795,12802,tennis
12795,12803,tennis
12795,14065,tennis
12796,12797,tennis
12796,12798,tennis
12797,12798,tennis
12797,12799,tennis
12798,12799,tennis
12798,12800,tennis
12799,12800,tennis
12799,12801,tennis
12800,12801,tennis
12801,13285,tennis
12802,12803,tennis
12802,14065,tennis
12803,14065,tennis
12828,12832,tennis
12828,12831,tennis
12828,12829,tennis
12829,12832,tennis
12829,12833,tennis
12830,12832,tennis
12830,12833,tennis
12831,12832,tennis
12850,14199,tennis
12850,14200,tennis
12855,14063,tennis
12855,14064,tennis
12855,12856,tennis
12855,12857,tennis
12856,14063,tennis
12856,14064,tennis
12856,13351,tennis
12856,12857,tennis
12857,14063,tennis
12857,14064,tennis
12857,13351,tennis
12903,14203,tennis
12903,14205,tennis
12903,14206,tennis
12992,14323,tennis
12992,14322,tennis
12992,14321,tennis
12992,14320,tennis
12992,14319,tennis
12993,14334,tennis
12993,14333,tennis
12993,14332,tennis
12993,14331,tennis
12993,14330,tennis
12993,14329,tennis
12993,14328,tennis
13004,13903,tennis
13004,13897,tennis
13004,13898,tennis
13004,13904,tennis
13004,13899,tennis
13004,13905,tennis
13004,13893,tennis
13004,13906,tennis
13057,14177,tennis
13068,13070,tennis
13068,13073,tennis
13068,14639,tennis
13068,13069,tennis
13069,13070,tennis
13070,13072,tennis
13070,13073,tennis
13072,13073,tennis
13073,14639,tennis
13099,13100,tennis
13099,13242,tennis
13099,13101,tennis
13100,13242,tennis
13100,13101,tennis
13101,13242,tennis
13174,13176,tennis
13174,13175,tennis
13175,13176,tennis
13175,13177,tennis
13176,13178,tennis
13176,13177,tennis
13177,13178,tennis
13179,13180,tennis
13188,14046,tennis
13188,14045,tennis
13188,13190,tennis
13189,13190,tennis
13189,13191,tennis
13190,13191,tennis
13351,14063,tennis
13351,14064,tennis
13352,13355,tennis
13352,13354,tennis
13352,13353,tennis
13353,13355,tennis
13353,13354,tennis
13354,13355,tennis
13369,14142,tennis
13369,14141,tennis
13369,14139,tennis
13369,14140,tennis
13369,14144,tennis
13369,14145,tennis
13396,13415,tennis
13396,13414,tennis
13396,14660,tennis
13414,13415,tennis
13414,14661,tennis
13414,13416,tennis
13414,14660,tennis
13415,14661,tennis
13415,13417,tennis
13415,13416,tennis
13415,14660,tennis
13416,14662,tennis
13416,14661,tennis
13416,13418,tennis
13416,13417,tennis
13417,14663,tennis
13417,14662,tennis
13417,13419,tennis
13417,14661,tennis
13417,13418,tennis
13418,14663,tennis
13418,14662,tennis
13418,13419,tennis
13418,14661,tennis
13419,14663,tennis
13419,14662,tennis
13496,13497,tennis
13496,13498,tennis
13497,13498,tennis
13499,13500,tennis
13499,13501,tennis
13500,13501,tennis
13529,13530,tennis
13529,13531,tennis
13530,13531,tennis
13531,13532,tennis
13531,13533,tennis
13532,13533,tennis
13532,13534,tennis
13533,13534,tennis
13758,13996,tennis
13758,13997,tennis
13758,13998,tennis
13758,13999,tennis
13837,13838,tennis
13837,13839,tennis
13838,13839,tennis
13854,13859,tennis
13854,13858,tennis
13854,13857,tennis
13854,13855,tennis
13854,13856,tennis
13855,13859,tennis
13855,13858,tennis
13855,13856,tennis
13856,13858,tennis
13856,13857,tennis
13857,13859,tennis
13857,13858,tennis
13858,13859,tennis
13860,13861,tennis
13860,13862,tennis
13861,13862,tennis
13863,13869,tennis
13863,13870,tennis
13863,13865,tennis
13863,13864,tennis
13864,13868,tennis
13864,13869,tennis
13864,13870,tennis
13864,13865,tennis
13864,13866,tennis
13865,13868,tennis
13865,13867,tennis
13865,13869,tennis
13865,13866,tennis
13866,13868,tennis
13866,13867,tennis
13866,13871,tennis
13867,13873,tennis
13867,13872,tennis
13867,13868,tennis
13867,13869,tennis
13868,13869,tennis
13868,13870,tennis
13869,13870,tennis
13871,13873,tennis
13871,13872,tennis
13872,13873,tennis
13874,13875,tennis
13874,13877,tennis
13875,13876,tennis
13876,13877,tennis
13881,13882,tennis
13881,13884,tennis
13882,13883,tennis
13883,13884,tennis
13885,13887,tennis
13885,13886,tennis
13886,13888,tennis
13887,13888,tennis
13889,13890,tennis
13890,13891,tennis
13892,13897,tennis
13892,13898,tennis
13892,13899,tennis
13892,13895,tennis
13892,13894,tennis
13892,13893,tennis
13893,13898,tennis
13893,13899,tennis
13893,13894,tennis
13893,13906,tennis
13894,13896,tennis
13894,13897,tennis
13894,13898,tennis
13894,13895,tennis
13895,13896,tennis
13895,13897,tennis
13896,13900,tennis
13896,13901,tennis
13896,13897,tennis
13896,13898,tennis
13897,13900,tennis
13897,13901,tennis
13897,13902,tennis
13897,13898,tennis
13897,13899,tennis
13898,13901,tennis
13898,13902,tennis
13898,13903,tennis
13898,13899,tennis
13899,13902,tennis
13899,13903,tennis
13899,13904,tennis
13900,13901,tennis
13900,13902,tennis
13901,13902,tennis
13901,13903,tennis
13902,13903,tennis
13904,13905,tennis
13904,13906,tennis
13905,13906,tennis
13906,13907,tennis
13906,13908,tennis
13906,13911,tennis
13907,13908,tennis
13907,13909,tennis
13907,13911,tennis
13907,13910,tennis
13908,13909,tennis
13908,13911,tennis
13908,13910,tennis
13908,13912,tennis
13909,13910,tennis
13909,13912,tennis
13910,13911,tennis
13910,13912,tennis
13910,13913,tennis
13911,13912,tennis
13911,13913,tennis
13912,13913,tennis
13915,13916,tennis
13915,13917,tennis
13916,13917,tennis
13916,13918,tennis
13917,13918,tennis
13936,13938,tennis
13936,13937,tennis
13937,13939,tennis
13937,13938,tennis
13938,13939,tennis
13944,13946,tennis
13944,13945,tennis
13945,13947,tennis
13945,13946,tennis
13946,13948,tennis
13946,13947,tennis
13947,13948,tennis
13952,13954,tennis
13952,13953,tennis
13953,13954,tennis
13954,13955,tennis
13955,13957,tennis
13955,13956,tennis
13956,13958,tennis
13956,13957,tennis
13957,13958,tennis
13963,13964,tennis
13964,13965,tennis
13965,13966,tennis
13967,13968,tennis
13968,13969,tennis
13969,13970,tennis
13976,13977,tennis
13977,13979,tennis
13977,13978,tennis
13978,13979,tennis
13979,13982,tennis
13980,13981,tennis
13980,13982,tennis
13981,13982,tennis
13983,13984,tennis
13984,13985,tennis
13986,13988,tennis
13986,13987,tennis
13987,13989,tennis
13987,13988,tennis
13988,13989,tennis
13991,13993,tennis
13991,13992,tennis
13992,13994,tennis
13992,13993,tennis
13993,13994,tennis
13995,13996,tennis
13995,13997,tennis
13996,13997,tennis
13996,13998,tennis
13997,13998,tennis
13997,13999,tennis
13998,13999,tennis
14001,14008,tennis
14001,14002,tennis
14001,14003,tennis
14002,14003,tennis
14002,14004,tennis
14003,14004,tennis
14003,14005,tennis
14004,14005,tennis
14004,14006,tennis
14005,14006,tennis
14007,14009,tennis
14007,14010,tennis
14007,14008,tennis
14008,14010,tennis
14009,14010,tennis
14011,14012,tennis
14011,14013,tennis
14012,14013,tennis
14014,14020,tennis
14014,14015,tennis
14014,14016,tennis
14014,14022,tennis
14015,14020,tennis
14015,14016,tennis
14015,14017,tennis
14015,14022,tennis
14016,14020,tennis
14016,14017,tennis
14016,14026,tennis
14017,14020,tennis
14017,14018,tennis
14017,14026,tennis
14017,14024,tennis
14018,14020,tennis
14018,14019,tennis
14019,14029,tennis
14019,14030,tennis
14019,14026,tennis
14021,14022,tennis
14021,14023,tennis
14022,14023,tennis
14023,14024,tennis
14023,14025,tennis
14024,14026,tennis
14024,14025,tennis
14026,14027,tennis
14026,14028,tennis
14027,14028,tennis
14029,14032,tennis
14029,14030,tennis
14029,14031,tennis
14030,14032,tennis
14030,14031,tennis
14031,14032,tennis
14033,14035,tennis
14033,14034,tennis
14034,14035,tennis
14045,14048,tennis
14045,14047,tennis
14045,14046,tennis
14046,14048,tennis
14046,14047,tennis
14047,14049,tennis
14047,14050,tennis
14047,14048,tennis
14048,14049,tennis
14048,14050,tennis
14049,14051,tennis
14049,14050,tennis
14050,14051,tennis
14051,14052,tennis
14053,14055,tennis
14053,14054,tennis
14054,14055,tennis
14056,14057,tennis
14056,14060,tennis
14057,14058,tennis
14058,14059,tennis
14060,14062,tennis
14060,14061,tennis
14061,14062,tennis
14063,14064,tennis
14066,14068,tennis
14066,14067,tennis
14066,14723,tennis
14067,14068,tennis
14067,14723,tennis
14068,14069,tennis
14068,14723,tennis
14069,14070,tennis
14071,14723,tennis
14071,14072,tennis
14072,14073,tennis
14074,14075,tennis
14076,14077,tennis
14079,14081,tennis
14079,14080,tennis
14079,14083,tennis
14079,14084,tennis
14080,14081,tennis
14080,14082,tennis
14080,14083,tennis
14080,14084,tennis
14081,14085,tennis
14081,14082,tennis
14081,14083,tennis
14082,14083,tennis
14082,14084,tennis
14082,14088,tennis
14083,14084,tennis
14083,14088,tennis
14084,14088,tennis
14086,14087,tennis
14089,14090,tennis
14089,14091,tennis
14090,14091,tennis
14092,14093,tennis
14092,14094,tennis
14093,14094,tennis
14097,14098,tennis
14098,14100,tennis
14098,14099,tennis
14099,14100,tennis
14101,14102,tennis
14109,14110,tennis
14109,14111,tennis
14110,14111,tennis
14110,14112,tennis
14111,14112,tennis
14115,14117,tennis
14115,14116,tennis
14116,14118,tennis
14116,14117,tennis
14117,14119,tennis
14117,14118,tennis
14118,14119,tennis
14121,14124,tennis
14121,14125,tennis
14121,14122,tennis
14121,14123,tennis
14121,14127,tennis
14122,14124,tennis
14122,14123,tennis
14122,14128,tennis
14123,14125,tennis
14123,14126,tennis
14124,14132,tennis
14124,14125,tennis
14125,14132,tennis
14126,14128,tennis
14126,14127,tennis
14126,14420,tennis
14127,14128,tennis
14127,14420,tennis
14127,14129,tennis
14128,14420,tennis
14128,14130,tennis
14129,14420,tennis
14129,14130,tennis
14139,14141,tennis
14139,14140,tennis
14140,14141,tennis
14141,14142,tennis
14144,14146,tennis
14144,14145,tennis
14145,14146,tennis
14152,14153,tennis
14153,14155,tennis
14153,14154,tennis
14153,14162,tennis
14154,14156,tennis
14154,14155,tennis
14154,14162,tennis
14155,14157,tennis
14155,14156,tennis
14155,14161,tennis
14155,14162,tennis
14156,14158,tennis
14156,14157,tennis
14156,14161,tennis
14157,14158,tennis
14157,14161,tennis
14158,14160,tennis
14158,14159,tennis
14159,14160,tennis
14161,14162,tennis
14178,14180,tennis
14178,14179,tennis
14179,14180,tennis
14181,14182,tennis
14181,14183,tennis
14182,14183,tennis
14184,14185,tennis
14184,14186,tennis
14185,14186,tennis
14187,14476,tennis
14187,14190,tennis
14187,14189,tennis
14187,14188,tennis
14188,14190,tennis
14189,14194,tennis
14189,14193,tennis
14189,14476,tennis
14189,14190,tennis
14190,14194,tennis
14190,14193,tennis
14190,14476,tennis
14191,14196,tennis
14191,14193,tennis
14191,14192,tennis
14191,14195,tennis
14192,14196,tennis
14192,14194,tennis
14192,14193,tennis
14192,14476,tennis
14192,14195,tennis
14193,14198,tennis
14193,14197,tennis
14193,14194,tennis
14193,14476,tennis
14194,14198,tennis
14194,14197,tennis
14194,14476,tennis
14195,14197,tennis
14195,14196,tennis
14196,14198,tennis
14196,14197,tennis
14197,14198,tennis
14199,14200,tennis
14201,14202,tennis
14203,14204,tennis
14203,14205,tennis
14204,14206,tennis
14205,14206,tennis
14207,14208,tennis
14208,14209,tennis
14212,14213,tennis
14213,14215,tennis
14213,14214,tennis
14214,14216,tennis
14214,14215,tennis
14215,14216,tennis
14217,14218,tennis
14218,14219,tennis
14219,14220,tennis
14219,14223,tennis
14219,14221,tennis
14220,14223,tennis
14220,14222,tennis
14220,14221,tennis
14221,14224,tennis
14221,14222,tennis
14222,14224,tennis
14223,14224,tennis
14225,14227,tennis
14225,14228,tennis
14225,14226,tennis
14226,14227,tennis
14226,14228,tennis
14227,14242,tennis
14227,14228,tennis
14227,14229,tennis
14228,14230,tennis
14229,14240,tennis
14229,14511,tennis
14229,14231,tennis
14229,14230,tennis
14230,14232,tennis
14231,14511,tennis
14231,14232,tennis
14232,14511,tennis
14233,14238,tennis
14233,14235,tennis
14233,14236,tennis
14233,14234,tennis
14234,14235,tennis
14234,14236,tennis
14235,14236,tennis
14237,14243,tennis
14237,14238,tennis
14238,14243,tennis
14239,14240,tennis
14239,14511,tennis
14240,14511,tennis
14241,14242,tennis
14293,14297,tennis
14293,14296,tennis
14293,14295,tennis
14293,14294,tennis
14294,14297,tennis
14294,14295,tennis
14296,14297,tennis
14298,14299,tennis
14313,14314,tennis
14314,14315,tennis
14315,14316,tennis
14317,14319,tennis
14317,14318,tennis
14318,14320,tennis
14318,14319,tennis
14319,14321,tennis
14319,14320,tennis
14320,14322,tennis
14320,14321,tennis
14321,14323,tennis
14321,14322,tennis
14322,14324,tennis
14322,14323,tennis
14323,14324,tennis
14323,14325,tennis
14324,14326,tennis
14324,14325,tennis
14325,14326,tennis
14327,14334,tennis
14327,14329,tennis
14327,14328,tennis
14327,14335,tennis
14328,14334,tennis
14328,14330,tennis
14328,14329,tennis
14328,14335,tennis
14329,14334,tennis
14329,14331,tennis
14329,14330,tennis
14330,14334,tennis
14330,14332,tennis
14330,14331,tennis
14331,14333,tennis
14331,14332,tennis
14332,14333,tennis
14334,14335,tennis
14379,14381,tennis
14379,14380,tennis
14380,14381,tennis
14396,14399,tennis
14396,14398,tennis
14396,14397,tennis
14396,14400,tennis
14397,14399,tennis
14397,14398,tennis
14397,14400,tennis
14398,14399,tennis
14398,14400,tennis
14401,14403,tennis
14401,14402,tennis
14401,14405,tennis
14401,14404,tennis
14402,14403,tennis
14402,14406,tennis
14402,14405,tennis
14402,14404,tennis
14403,14414,tennis
14403,14407,tennis
14403,14406,tennis
14403,14405,tennis
14404,14406,tennis
14404,14405,tennis
14405,14407,tennis
14405,14406,tennis
14405,14435,tennis
14406,14408,tennis
14406,14407,tennis
14406,14435,tennis
14407,14409,tennis
14407,14408,tennis
14407,14435,tennis
14408,14414,tennis
14408,14410,tennis
14408,14409,tennis
14408,14435,tennis
14409,14413,tennis
14409,14414,tennis
14409,14411,tennis
14409,14410,tennis
14409,14435,tennis
14410,14412,tennis
14410,14413,tennis
14410,14411,tennis
14411,14412,tennis
14411,14413,tennis
14412,14413,tennis
14412,14414,tennis
14413,14414,tennis
14536,14538,tennis
14536,14537,tennis
14537,14538,tennis
14588,14595,tennis
14588,14589,tennis
14588,14591,tennis
14588,14590,tennis
14589,14591,tennis
14589,14590,tennis
14590,14592,tennis
14590,14591,tennis
14591,14593,tennis
14591,14592,tennis
14592,14594,tennis
14592,14593,tennis
14593,14594,tennis
14660,14661,tennis
14661,14662,tennis
14662,14663,tennis
14686,14687,tennis
3859,13086,volleyball
3878,12164,volleyball
3890,12445,volleyball
3890,12444,volleyball
3890,6076,volleyball
3983,12048,volleyball
3991,13010,volleyball
3991,5567,volleyball
4010,11888,volleyball
4084,13379,volleyball
4089,12034,volleyball
4089,5752,volleyball
4203,12809,volleyball
4261,14172,volleyball
4261,14173,volleyball
4261,5528,volleyball
4261,14171,volleyball
4272,5791,volleyball
4281,12594,volleyball
4293,13643,volleyball
4339,4340,volleyball
4359,13020,volleyball
4359,5668,volleyball
4370,14285,volleyball
4387,13564,volleyball
4388,11651,volleyball
4403,11723,volleyball
4413,5781,volleyball
4426,12197,volleyball
4449,11130,volleyball
4461,12847,volleyball
4498,12689,volleyball
4498,5546,volleyball
4504,11734,volleyball
4524,5483,volleyball
4524,14349,volleyball
4533,11132,volleyball
4643,13959,volleyball
4643,13961,volleyball
4643,13960,volleyball
4720,13433,volleyball
4720,13432,volleyball
4720,13431,volleyball
5257,12913,volleyball
5257,5965,volleyball
5265,5931,volleyball
5265,12744,volleyball
5371,12014,volleyball
5380,11131,volleyball
5401,13168,volleyball
5420,13713,volleyball
5458,11830,volleyball
5459,14653,volleyball
5474,13741,volleyball
5483,14349,volleyball
5507,10174,volleyball
5528,14175,volleyball
5528,14174,volleyball
5528,14172,volleyball
5528,14173,volleyball
5528,14169,volleyball
5528,14176,volleyball
5528,14168,volleyball
5528,13767,volleyball
5528,14171,volleyball
5546,12689,volleyball
5567,13010,volleyball
5579,12654,volleyball
5587,13122,volleyball
5596,12879,volleyball
5616,12774,volleyball
5659,13024,volleyball
5668,13020,volleyball
5690,13791,volleyball
5721,11757,volleyball
5727,13411,volleyball
5746,13267,volleyball
5752,12034,volleyball
5763,14529,volleyball
5791,14270,volleyball
5800,13728,volleyball
5801,13786,volleyball
5804,14374,volleyball
5871,12173,volleyball
5899,13821,volleyball
5920,13225,volleyball
5930,14679,volleyball
5931,12744,volleyball
5936,12128,volleyball
5947,12893,volleyball
5952,12826,volleyball
5965,12913,volleyball
5982,13386,volleyball
5991,12093,volleyball
6013,13523,volleyball
6016,13379,volleyball
6021,13377,volleyball
6026,13772,volleyball
6030,13145,volleyball
6076,12445,volleyball
6076,12444,volleyball
6103,13346,volleyball
6113,11951,volleyball
6134,13227,volleyball
6156,14542,volleyball
6164,11988,volleyball
6170,12293,volleyball
11636,14428,volleyball
11636,14429,volleyball
11636,14430,volleyball
11636,14427,volleyball
11672,14346,volleyball
11687,13919,volleyball
11687,13920,volleyball
11687,13921,volleyball
11843,14103,volleyball
11928,14417,volleyball
11928,14418,volleyball
11936,12004,volleyball
11966,14108,volleyball
11966,14107,volleyball
12006,12164,volleyball
12365,14508,volleyball
12365,12391,volleyball
12365,12389,volleyball
12389,14508,volleyball
12389,12391,volleyball
12391,14508,volleyball
12444,12445,volleyball
12738,14535,volleyball
13090,14114,volleyball
13108,13109,volleyball
13127,13129,volleyball
13127,13132,volleyball
13127,13128,volleyball
13127,13136,volleyball
13127,13131,volleyball
13127,13130,volleyball
13128,13129,volleyball
13128,13132,volleyball
13128,13136,volleyball
13128,13131,volleyball
13128,13130,volleyball
13129,13132,volleyball
13129,13136,volleyball
13129,13131,volleyball
13129,13130,volleyball
13130,13132,volleyball
13130,13134,volleyball
13130,13136,volleyball
13130,13131,volleyball
13130,13135,volleyball
13130,13133,volleyball
13131,13132,volleyball
13131,13134,volleyball
13131,13136,volleyball
13131,13135,volleyball
13131,13133,volleyball
13132,13134,volleyball
13132,13136,volleyball
13132,13135,volleyball
13132,13133,volleyball
13133,13134,volleyball
13133,13834,volleyball
13133,13136,volleyball
13133,13135,volleyball
13133,13832,volleyball
13133,13833,volleyball
13134,13834,volleyball
13134,13136,volleyball
13134,13135,volleyball
13134,13832,volleyball
13134,13833,volleyball
13135,13834,volleyball
13135,13136,volleyball
13135,13832,volleyball
13135,13833,volleyball
13136,13834,volleyball
13136,13832,volleyball
13136,13833,volleyball
13283,13284,volleyball
13345,13346,volleyball
13366,14163,volleyball
13400,13401,volleyball
13426,13427,volleyball
13431,13432,volleyball
13432,13433,volleyball
13584,14106,volleyball
13584,14105,volleyball
13749,13757,volleyball
13749,13752,volleyball
13749,13760,volleyball
13749,13755,volleyball
13749,13751,volleyball
13751,13757,volleyball
13751,13752,volleyball
13751,13760,volleyball
13751,13755,volleyball
13752,13759,volleyball
13752,13757,volleyball
13752,13760,volleyball
13752,13755,volleyball
13755,13757,volleyball
13755,13760,volleyball
13757,13759,volleyball
13757,13760,volleyball
13759,13760,volleyball
13767,14170,volleyball
13767,14175,volleyball
13767,14172,volleyball
13767,14169,volleyball
13767,14176,volleyball
13767,14168,volleyball
13767,14171,volleyball
13832,13834,volleyball
13832,13833,volleyball
13833,13834,volleyball
13919,13920,volleyball
13919,13921,volleyball
13920,13921,volleyball
13922,13923,volleyball
13922,13924,volleyball
13923,13924,volleyball
13940,13943,volleyball
13940,13942,volleyball
13940,13941,volleyball
13941,13943,volleyball
13941,13942,volleyball
13942,13943,volleyball
13949,13950,volleyball
13959,13961,volleyball
13959,13960,volleyball
13960,13961,volleyball
14105,14106,volleyball
14107,14108,volleyball
14168,14170,volleyball
14168,14169,volleyball
14168,14176,volleyball
14168,14171,volleyball
14169,14170,volleyball
14169,14175,volleyball
14169,14172,volleyball
14169,14176,volleyball
14169,14171,volleyball
14170,14176,volleyball
14170,14171,volleyball
14171,14175,volleyball
14171,14174,volleyball
14171,14172,volleyball
14171,14173,volleyball
14171,14176,volleyball
14172,14175,volleyball
14172,14174,volleyball
14172,14173,volleyball
14172,14176,volleyball
14173,14175,volleyball
14173,14174,volleyball
14173,14176,volleyball
14174,14175,volleyball
14174,14176,volleyball
14175,14176,volleyball
14346,14347,volleyball
14417,14418,volleyball
14427,14428,volleyball
14427,14429,volleyball
14427,14430,volleyball
14428,14429,volleyball
14428,14430,volleyball
14429,14431,volleyball
14429,14433,volleyball
14429,14432,volleyball
14429,14430,volleyball
14430,14431,volleyball
14430,14433,volleyball
14430,14432,volleyball
14431,14433,volleyball
14431,14432,volleyball
14432,14433,volleyball
14552,14647,volleyball
13086,3859,basketball
12417,3863,basketball
5512,3874,basketball
13011,3880,basketball
5806,3880,basketball
6126,3886,basketball
6107,3893,basketball
12074,3893,basketball
5940,3895,basketball
12623,3895,basketball
12824,3898,basketball
5666,3898,basketball
5529,3899,basketball
12485,3899,basketball
5678,3900,basketball
14095,3903,basketball
14096,3903,basketball
11787,3903,basketball
12820,3907,basketball
6003,3907,basketball
5784,3908,basketball
10324,3908,basketball
13651,3908,basketball
6992,3910,basketball
13712,3911,basketball
5420,3911,basketball
12457,3914,basketball
5898,3914,basketball
12756,3915,basketball
5565,3915,basketball
5924,3916,basketball
12141,3916,basketball
12261,3920,basketball
5967,3920,basketball
5516,3923,basketball
13527,3923,basketball
5942,3928,basketball
12839,3928,basketball
12836,3932,basketball
5841,3932,basketball
5405,3933,basketball
12336,3933,basketball
5928,3939,basketball
14708,3939,basketball
5922,3940,basketball
12062,3941,basketball
5585,3941,basketball
12136,3943,basketball
5864,3943,basketball
5953,3946,basketball
6104,3969,basketball
6020,3970,basketball
13734,3970,basketball
13729,3971,basketball
6170,3971,basketball
5401,3975,basketball
12281,3976,basketball
6050,3976,basketball
5588,3977,basketball
13715,3977,basketball
5818,3982,basketball
13342,3982,basketball
12048,3983,basketball
5904,3994,basketball
12613,3994,basketball
13096,3996,basketball
12845,4000,basketball
5994,4000,basketball
12844,4000,basketball
12103,4006,basketball
5830,4009,basketball
11888,4010,basketball
12296,4014,basketball
6010,4014,basketball
5681,4016,basketball
12205,4035,basketball
10185,4039,basketball
5973,4039,basketball
10183,4039,basketball
12511,4044,basketball
4047,4046,basketball
5969,4046,basketball
12545,4046,basketball
5969,4047,basketball
12545,4047,basketball
5659,4050,basketball
14376,4054,basketball
14375,4054,basketball
5804,4054,basketball
5746,4056,basketball
13268,4056,basketball
5742,4057,basketball
5540,4061,basketball
5772,4063,basketball
5427,4075,basketball
5461,4076,basketball
5919,4077,basketball
11937,4079,basketball
5692,4079,basketball
13338,4082,basketball
5672,4082,basketball
13700,4084,basketball
5752,4089,basketball
12033,4089,basketball
5683,4090,basketball
12278,4093,basketball
5844,4093,basketball
5907,4094,basketball
5604,4098,basketball
12191,4098,basketball
6047,4100,basketball
5457,4110,basketball
5487,4111,basketball
12015,4111,basketball
5480,4113,basketball
5596,4121,basketball
12878,4121,basketball
12125,4124,basketball
5646,4124,basketball
5901,4127,basketball
14691,4127,basketball
5591,4130,basketball
12413,4137,basketball
6032,4137,basketball
5473,4139,basketball
12395,4139,basketball
6128,4142,basketball
12412,4142,basketball
14257,4143,basketball
6026,4144,basketball
5783,4145,basketball
6119,4149,basketball
5780,4150,basketball
12258,4150,basketball
5602,4152,basketball
13171,4153,basketball
5812,4153,basketball
12450,4157,basketball
5978,4157,basketball
13412,4158,basketball
6145,4158,basketball
5808,4159,basketball
13376,4160,basketball
6021,4160,basketball
11790,4163,basketball
5686,4163,basketball
5743,4165,basketball
12791,4165,basketball
5786,4171,basketball
5982,4172,basketball
6091,4180,basketball
11797,4180,basketball
13232,4181,basketball
5985,4181,basketball
5744,4184,basketball
12573,4184,basketball
5559,4186,basketball
13704,4190,basketball
5916,4190,basketball
12407,4191,basketball
5934,4191,basketball
12410,4200,basketball
5775,4200,basketball
10291,4201,basketball
12563,4202,basketball
12809,4203,basketball
5823,4204,basketball
12945,4204,basketball
6136,4210,basketball
13672,4210,basketball
5431,4213,basketball
13311,4213,basketball
6099,4215,basketball
13358,4216,basketball
6031,4220,basketball
13321,4220,basketball
5614,4221,basketball
13322,4222,basketball
5493,4222,basketball
11645,4223,basketball
5839,4230,basketball
5462,4234,basketball
6017,4237,basketball
6057,4242,basketball
13371,4242,basketball
13364,4254,basketball
5491,4254,basketball
5986,4257,basketball
6105,4260,basketball
11931,4261,basketball
5976,4266,basketball
5687,4267,basketball
14272,4272,basketball
5791,4272,basketball
5939,4287,basketball
5606,4346,basketball
5541,4358,basketball
5668,4359,basketball
12255,4373,basketball
12985,4377,basketball
6019,4377,basketball
12109,4379,basketball
5534,4381,basketball
12007,4381,basketball
6027,4384,basketball
6108,4385,basketball
11938,4385,basketball
11651,4388,basketball
6077,4390,basketball
5482,4391,basketball
12271,4391,basketball
6064,4392,basketball
12292,4392,basketball
12113,4392,basketball
12003,4394,basketball
5589,4395,basketball
13152,4395,basketball
5817,4396,basketball
12105,4396,basketball
5846,4398,basketball
13719,4398,basketball
5439,4409,basketball
5850,4414,basketball
5579,4420,basketball
5671,4425,basketball
11976,4425,basketball
12197,4426,basketball
14364,4427,basketball
14363,4427,basketball
12679,4429,basketball
5652,4429,basketball
5809,4432,basketball
12840,4432,basketball
13546,4439,basketball
11130,4449,basketball
12847,4461,basketball
5499,4495,basketball
13799,4495,basketball
6072,4497,basketball
11946,4503,basketball
11734,4504,basketball
13137,4512,basketball
5576,4520,basketball
5483,4524,basketball
14351,4524,basketball
5733,4526,basketball
5495,4532,basketball
11978,4532,basketball
11132,4533,basketball
5690,4535,basketball
12892,4543,basketball
5947,4543,basketball
12777,4643,basketball
5403,4785,basketball
5406,4787,basketball
13210,4787,basketball
12975,4789,basketball
5968,4789,basketball
6029,4806,basketball
13106,4807,basketball
5819,4807,basketball
13524,5251,basketball
5466,5251,basketball
14680,5253,basketball
5930,5253,basketball
5459,5255,basketball
5583,5256,basketball
11891,5260,basketball
5402,5260,basketball
10716,5262,basketball
5920,5262,basketball
13278,5265,basketball
5931,5265,basketball
11084,5271,basketball
5654,5271,basketball
5861,5275,basketball
11944,5277,basketball
5454,5277,basketball
5776,5278,basketball
11964,5278,basketball
13726,5279,basketball
5800,5279,basketball
6103,5280,basketball
13347,5280,basketball
6937,5338,basketball
6092,5338,basketball
13525,5343,basketball
6165,5343,basketball
13102,5346,basketball
5558,5346,basketball
13693,5346,basketball
13378,5351,basketball
5641,5351,basketball
12817,5359,basketball
5438,5359,basketball
11131,5380,basketball
6160,5385,basketball
13231,5385,basketball
12268,5388,basketball
6164,5388,basketball
5550,5392,basketball
13169,5401,basketball
11891,5402,basketball
12336,5405,basketball
13210,5406,basketball
13712,5420,basketball
13311,5431,basketball
12817,5438,basketball
11933,5443,basketball
12687,5447,basketball
11944,5454,basketball
14385,5458,basketball
13119,5461,basketball
13647,5463,basketball
13524,5466,basketball
12395,5473,basketball
13743,5474,basketball
10949,5474,basketball
13205,5477,basketball
12271,5482,basketball
12015,5487,basketball
13088,5489,basketball
13364,5491,basketball
13322,5493,basketball
11978,5495,basketball
12115,5500,basketball
13527,5516,basketball
13306,5519,basketball
13067,5520,basketball
13407,5525,basketball
12485,5529,basketball
12007,5534,basketball
12269,5541,basketball
12409,5556,basketball
13102,5558,basketball
13693,5558,basketball
12756,5565,basketball
12310,5566,basketball
12912,5577,basketball
12062,5585,basketball
13715,5588,basketball
13152,5589,basketball
11740,5590,basketball
12878,5596,basketball
12191,5604,basketball
13660,5609,basketball
13710,5613,basketball
13003,5623,basketball
13378,5641,basketball
12125,5646,basketball
12679,5652,basketball
11084,5654,basketball
12824,5666,basketball
13021,5668,basketball
11976,5671,basketball
13338,5672,basketball
13721,5682,basketball
11790,5686,basketball
11937,5692,basketball
13737,5696,basketball
12110,5700,basketball
12791,5743,basketball
12573,5744,basketball
13268,5746,basketball
12033,5752,basketball
11900,5753,basketball
10272,5761,basketball
13061,5767,basketball
9978,5772,basketball
12410,5775,basketball
11964,5776,basketball
12258,5780,basketball
10324,5784,basketball
13651,5784,basketball
13197,5786,basketball
14272,5791,basketball
11902,5792,basketball
13726,5800,basketball
14376,5804,basketball
14375,5804,basketball
13011,5806,basketball
12840,5809,basketball
13171,5812,basketball
12105,5817,basketball
13342,5818,basketball
13106,5819,basketball
12945,5823,basketball
12278,5844,basketball
13719,5846,basketball
13546,5863,basketball
12136,5864,basketball
12174,5871,basketball
12458,5873,basketball
14523,5885,basketball
13260,5886,basketball
12457,5898,basketball
14691,5901,basketball
12613,5904,basketball
11739,5907,basketball
13704,5916,basketball
12141,5924,basketball
14708,5928,basketball
14680,5930,basketball
13278,5931,basketball
13807,5932,basketball
12407,5934,basketball
12127,5935,basketball
12129,5936,basketball
12623,5940,basketball
12839,5942,basketball
12892,5947,basketball
14292,5953,basketball
12261,5967,basketball
12975,5968,basketball
12545,5969,basketball
10185,5973,basketball
10183,5973,basketball
12779,5975,basketball
12450,5978,basketball
13332,5982,basketball
12260,5984,basketball
13232,5985,basketball
12845,5994,basketball
12844,5994,basketball
12780,5998,basketball
12820,6003,basketball
14248,6005,basketball
12411,6008,basketball
12296,6010,basketball
13523,6013,basketball
12985,6019,basketball
13734,6020,basketball
13376,6021,basketball
13771,6026,basketball
13321,6031,basketball
12413,6032,basketball
12282,6049,basketball
12281,6050,basketball
13371,6057,basketball
12292,6064,basketball
12113,6064,basketball
12106,6077,basketball
12672,6082,basketball
11797,6091,basketball
6937,6092,basketball
13347,6103,basketball
12074,6107,basketball
11938,6108,basketball
13315,6109,basketball
12523,6111,basketball
12860,6119,basketball
14659,6126,basketball
12412,6128,basketball
13672,6136,basketball
14262,6137,basketball
13412,6145,basketball
13231,6160,basketball
12268,6164,basketball
13729,6170,basketball
12294,6170,basketball
10291,6172,basketball
13651,10324,basketball
13743,10949,basketball
11679,11678,basketball
14095,11787,basketball
14096,11787,basketball
14677,11967,basketball
12030,12026,basketball
12028,12026,basketball
12115,12112,basketball
12292,12113,basketball
12255,12254,basketball
13962,12777,basketball
12845,12844,basketball
14136,12871,basketball
13693,13102,basketball
13142,13141,basketball
13186,13185,basketball
13349,13347,basketball
14096,14095,basketball
14264,14263,basketball
14265,14264,basketball
14304,14303,basketball
14344,14343,basketball
14364,14363,basketball
14376,14375,basketball
14424,14423,basketball
14577,14576,basketball
14578,14576,basketball
14578,14577,basketball
14703,14702,basketball
5943,3860,fitness
7917,3989,fitness
5904,3994,fitness
9876,4014,fitness
6010,4014,fitness
5973,4039,fitness
13216,4069,fitness
5887,4069,fitness
13320,4078,fitness
5346,4092,fitness
5558,4092,fitness
5467,4092,fitness
10145,4092,fitness
13282,4092,fitness
5646,4124,fitness
11243,4142,fitness
6128,4142,fitness
9112,4147,fitness
12528,4198,fitness
12770,4431,fitness
14543,4431,fitness
13792,4535,fitness
5690,4535,fitness
6029,4806,fitness
6006,4809,fitness
13046,4810,fitness
13039,4810,fitness
13038,4810,fitness
13056,4810,fitness
13055,4810,fitness
13035,4810,fitness
12890,4810,fitness
5955,4810,fitness
13047,4810,fitness
13037,4810,fitness
5459,5255,fitness
5800,5279,fitness
5632,5341,fitness
6097,5345,fitness
5558,5346,fitness
5467,5346,fitness
13023,5347,fitness
5727,5349,fitness
6093,5356,fitness
5615,5358,fitness
11131,5380,fitness
13170,5387,fitness
5723,5387,fitness
10200,5409,fitness
13568,5425,fitness
10575,5436,fitness
10684,5450,fitness
11097,5459,fitness
5558,5467,fitness
10145,5467,fitness
11264,5473,fitness
9224,5500,fitness
9223,5500,fitness
9575,5500,fitness
9574,5500,fitness
9576,5500,fitness
9222,5500,fitness
9577,5500,fitness
10049,5509,fitness
9523,5527,fitness
12008,5534,fitness
14685,5542,fitness
11116,5551,fitness
10145,5558,fitness
13282,5558,fitness
9362,5610,fitness
13671,5626,fitness
13510,5668,fitness
8595,5669,fitness
13792,5690,fitness
13790,5690,fitness
13775,5718,fitness
13170,5723,fitness
12898,5727,fitness
13744,5741,fitness
11284,5742,fitness
11111,5781,fitness
11113,5781,fitness
9872,5783,fitness
13359,5783,fitness
9821,5785,fitness
11014,5785,fitness
11015,5785,fitness
9897,5786,fitness
9894,5786,fitness
9898,5786,fitness
14310,5791,fitness
14271,5791,fitness
13789,5793,fitness
13248,5793,fitness
13663,5812,fitness
13363,5835,fitness
13694,5841,fitness
10318,5841,fitness
13250,5848,fitness
11179,5854,fitness
13555,5863,fitness
11148,5885,fitness
13216,5887,fitness
8679,5906,fitness
9126,5913,fitness
11199,5918,fitness
10860,5920,fitness
10861,5920,fitness
13783,5941,fitness
13056,5955,fitness
13055,5955,fitness
12890,5955,fitness
13047,5955,fitness
13037,5955,fitness
10387,5995,fitness
9876,6010,fitness
10044,6012,fitness
13784,6023,fitness
13318,6044,fitness
11456,6050,fitness
13727,6050,fitness
11457,6050,fitness
11458,6050,fitness
11459,6050,fitness
11455,6050,fitness
13582,6069,fitness
13226,6069,fitness
11470,6070,fitness
14641,6083,fitness
14726,6083,fitness
10764,6088,fitness
10767,6088,fitness
10766,6088,fitness
10199,6093,fitness
10845,6099,fitness
9337,6106,fitness
12676,6110,fitness
11243,6128,fitness
11140,6130,fitness
13229,6133,fitness
13687,6146,fitness
10864,6165,fitness
10862,6165,fitness
10863,6165,fitness
12677,6172,fitness
9474,7474,fitness
8757,7716,fitness
8757,8756,fitness
10954,8972,fitness
11567,9050,fitness
9191,9172,fitness
9224,9222,fitness
9223,9222,fitness
9575,9222,fitness
9574,9222,fitness
9576,9222,fitness
9577,9222,fitness
9224,9223,fitness
9575,9223,fitness
9574,9223,fitness
9576,9223,fitness
9577,9223,fitness
9575,9224,fitness
9574,9224,fitness
9576,9224,fitness
9577,9224,fitness
9249,9248,fitness
13350,9316,fitness
11313,9467,fitness
9575,9574,fitness
9576,9574,fitness
9577,9574,fitness
9576,9575,fitness
9577,9575,fitness
9577,9576,fitness
10330,9582,fitness
9606,9599,fitness
10766,9851,fitness
10765,9851,fitness
13359,9872,fitness
9897,9894,fitness
9898,9894,fitness
9898,9897,fitness
13282,10145,fitness
11385,10206,fitness
13694,10318,fitness
11380,10698,fitness
10767,10764,fitness
10766,10764,fitness
10766,10765,fitness
10767,10766,fitness
10843,10842,fitness
10861,10860,fitness
10864,10862,fitness
10863,10862,fitness
10864,10863,fitness
11005,11004,fitness
11015,11014,fitness
14436,11050,fitness
11097,11094,fitness
11113,11111,fitness
11296,11295,fitness
11298,11295,fitness
11299,11295,fitness
14570,11295,fitness
11297,11295,fitness
14579,11295,fitness
11300,11295,fitness
11304,11295,fitness
11298,11296,fitness
11299,11296,fitness
14570,11296,fitness
11297,11296,fitness
14579,11296,fitness
11300,11296,fitness
11304,11296,fitness
11298,11297,fitness
11299,11297,fitness
14570,11297,fitness
14579,11297,fitness
11300,11297,fitness
11304,11297,fitness
11299,11298,fitness
14570,11298,fitness
14579,11298,fitness
11300,11298,fitness
11304,11298,fitness
14570,11299,fitness
14579,11299,fitness
11300,11299,fitness
11304,11299,fitness
14570,11300,fitness
14579,11300,fitness
11304,11300,fitness
14570,11304,fitness
14579,11304,fitness
14621,11433,fitness
11456,11455,fitness
13727,11455,fitness
11457,11455,fitness
11458,11455,fitness
11459,11455,fitness
13727,11456,fitness
11457,11456,fitness
11458,11456,fitness
11459,11456,fitness
13727,11457,fitness
11458,11457,fitness
11459,11457,fitness
13727,11458,fitness
11459,11458,fitness
13727,11459,fitness
14543,12770,fitness
13046,12890,fitness
13038,12890,fitness
13056,12890,fitness
13055,12890,fitness
13047,12890,fitness
13037,12890,fitness
13039,13035,fitness
13038,13035,fitness
13056,13035,fitness
13047,13035,fitness
13037,13035,fitness
13046,13036,fitness
13038,13037,fitness
13056,13037,fitness
13047,13037,fitness
13043,13037,fitness
13052,13037,fitness
13046,13038,fitness
13039,13038,fitness
13056,13038,fitness
13055,13038,fitness
13046,13039,fitness
13056,13039,fitness
13055,13039,fitness
13050,13040,fitness
13054,13040,fitness
13042,13041,fitness
13051,13041,fitness
13044,13043,fitness
13052,13043,fitness
13049,13043,fitness
13052,13044,fitness
13049,13044,fitness
13048,13045,fitness
13046,13045,fitness
13055,13045,fitness
13056,13046,fitness
13055,13046,fitness
13056,13047,fitness
13055,13047,fitness
13051,13048,fitness
13052,13049,fitness
13050,13049,fitness
13054,13049,fitness
13052,13050,fitness
13054,13050,fitness
13054,13052,fitness
13056,13055,fitness
13582,13226,fitness
13569,13568,fitness
14545,13596,fitness
14310,14271,fitness
14579,14570,fitness
14726,14641,fitness
5943,3860,football
5876,3867,football
11927,3872,football
5971,3872,football
6025,3873,football
12480,3874,football
5512,3874,football
6126,3886,football
12652,3886,football
12189,3888,football
6107,3893,football
12074,3893,football
5666,3898,football
12823,3898,football
5529,3899,football
11737,3899,football
13276,3900,football
5678,3900,football
12049,3905,football
12820,3907,football
6003,3907,football
12143,3907,football
12137,3908,football
5784,3908,football
13712,3911,football
5420,3911,football
5565,3915,football
5924,3916,football
12141,3916,football
5866,3917,football
13714,3917,football
12261,3920,football
5967,3920,football
5516,3923,football
12326,3930,football
12836,3932,football
5841,3932,football
5405,3933,football
12336,3933,football
5586,3934,football
13429,3934,football
5928,3939,football
5585,3941,football
5953,3946,football
5755,3957,football
7707,3961,football
12096,3965,football
5921,3965,football
6104,3969,football
12295,3971,football
6170,3971,football
5588,3977,football
12646,3977,football
5818,3982,football
12048,3983,football
3987,3986,football
5904,3994,football
12613,3994,football
12843,4000,football
5994,4000,football
5415,4006,football
12104,4006,football
11885,4013,football
5553,4015,football
5681,4016,football
13158,4016,football
5754,4022,football
6059,4024,football
11872,4030,football
12082,4032,football
5884,4035,football
13398,4040,football
11690,4041,football
4042,4041,football
11690,4042,football
12511,4044,football
11733,4045,football
4047,4046,football
5969,4046,football
12545,4046,football
5969,4047,football
12545,4047,football
5659,4050,football
12331,4050,football
14376,4054,football
14375,4054,football
5804,4054,football
5746,4056,football
13268,4056,football
5540,4061,football
13215,4069,football
5887,4069,football
11665,4072,football
5461,4076,football
5919,4077,football
13709,4079,football
5692,4079,football
12301,4081,football
5409,4081,football
12621,4082,football
5672,4082,football
13701,4084,football
6122,4086,football
5752,4089,football
11853,4089,football
5683,4090,football
5844,4093,football
5907,4094,football
11738,4094,football
5604,4098,football
12192,4098,football
14415,4099,football
5813,4099,football
13572,4100,football
6047,4100,football
5457,4110,football
5487,4111,football
12009,4111,football
5480,4113,football
13244,4113,football
5596,4121,football
12878,4121,football
5646,4124,football
5901,4127,football
13580,4127,football
12232,4130,football
5591,4130,football
12300,4131,football
6138,4131,football
5763,4132,football
12766,4132,football
11779,4135,football
12413,4137,football
6032,4137,football
5473,4139,football
12395,4139,football
6128,4142,football
12412,4142,football
12208,4143,football
6026,4144,football
12193,4145,football
5783,4145,football
6119,4149,football
12259,4150,football
5780,4150,football
5602,4152,football
5812,4153,football
12775,4156,football
5616,4156,football
5978,4157,football
13526,4157,football
6145,4158,football
13337,4158,football
5808,4159,football
12574,4159,football
11971,4160,football
6021,4160,football
11790,4163,football
5686,4163,football
5743,4165,football
13344,4165,football
5786,4171,football
5982,4172,football
12706,4173,football
13312,4179,football
6091,4180,football
11797,4180,football
13232,4181,football
5985,4181,football
12177,4183,football
12573,4184,football
11768,4186,football
5559,4186,football
11943,4187,football
13704,4190,football
5916,4190,football
12682,4201,football
12946,4204,football
5823,4204,football
12477,4206,football
6136,4210,football
13672,4210,football
5431,4213,football
13310,4213,football
12698,4215,football
6099,4215,football
6031,4220,football
13321,4220,football
5614,4221,football
13323,4222,football
5493,4222,football
11645,4223,football
12559,4230,football
5839,4230,football
12558,4230,football
14291,4235,football
11657,4236,football
6017,4237,football
6057,4242,football
13371,4242,football
11658,4243,football
13365,4254,football
5491,4254,football
5986,4257,football
12789,4257,football
11742,4258,football
12299,4258,football
5528,4261,football
11931,4261,football
14348,4263,football
5858,4263,football
5976,4266,football
14719,4267,football
5687,4267,football
5791,4272,football
5617,4277,football
11924,4283,football
14547,4289,football
5650,4289,football
12764,4338,football
4340,4339,football
5606,4346,football
4348,4347,football
5541,4358,football
5668,4359,football
11874,4360,football
12408,4374,football
12985,4377,football
6019,4377,football
12107,4379,football
12108,4379,football
5534,4381,football
12007,4381,football
6027,4384,football
5482,4391,football
13656,4391,football
6064,4392,football
12292,4392,football
13638,4394,football
5817,4396,football
12105,4396,football
13718,4398,football
5846,4398,football
13502,4399,football
11627,4405,football
5439,4409,football
12670,4412,football
5850,4414,football
5724,4415,football
14666,4415,football
5579,4420,football
12267,4420,football
5671,4425,football
11977,4425,football
14365,4427,football
5652,4429,football
5809,4432,football
12840,4432,football
6125,4438,football
13307,4454,football
13308,4454,football
5511,4454,football
13550,4457,football
13691,4460,football
11693,4460,football
13297,4462,football
11677,4465,football
11688,4494,football
5499,4495,football
13801,4495,football
13799,4495,football
11922,4500,football
11945,4503,football
11734,4504,football
6156,4506,football
13548,4506,football
6161,4513,football
11866,4514,football
5576,4520,football
5483,4524,football
14350,4524,football
5635,4525,football
12996,4525,football
5733,4526,football
5495,4532,football
11978,4532,football
11132,4533,football
12680,4536,football
6124,4544,football
14269,4544,football
11975,4629,football
12778,4643,football
13762,4784,football
5667,4784,football
5406,4787,football
13210,4787,football
5968,4789,football
12976,4789,football
5645,4805,football
6029,4806,football
13106,4807,football
5819,4807,football
13107,4807,football
6169,4811,football
14644,4813,football
5580,4813,football
5749,4814,football
13815,5138,football
13333,5251,football
5466,5251,football
5930,5253,football
14681,5253,football
13273,5255,football
5459,5255,football
12622,5256,football
5583,5256,football
5965,5257,football
12914,5257,football
12089,5260,football
5402,5260,football
5662,5261,football
6002,5263,football
13399,5272,football
5981,5272,football
12516,5275,football
5861,5275,football
13304,5276,football
11944,5277,football
5454,5277,football
5776,5278,football
5800,5279,football
11993,5338,football
6092,5338,football
13692,5346,football
5558,5346,football
13336,5351,football
5641,5351,football
6167,5357,football
13742,5359,football
5438,5359,football
5882,5386,football
12481,5391,football
5972,5391,football
5550,5392,football
12089,5402,football
12336,5405,football
13210,5406,football
12301,5409,football
12104,5415,football
13712,5420,football
12011,5428,football
13310,5431,football
13742,5438,football
11933,5443,football
13825,5444,football
12687,5447,football
11944,5454,football
12787,5456,football
14386,5458,football
13273,5459,football
13119,5461,football
12005,5463,football
13333,5466,football
13334,5466,football
12395,5473,football
13743,5474,football
13244,5480,football
13656,5482,football
14350,5483,football
12009,5487,football
13365,5491,football
13323,5493,football
11978,5495,football
13801,5499,football
13307,5511,football
13308,5511,football
12480,5512,football
13306,5519,football
13066,5520,football
13203,5521,football
13408,5525,football
11931,5528,football
11737,5529,football
12007,5534,football
13826,5535,football
13692,5558,football
11768,5559,football
12912,5577,football
12267,5579,football
14644,5580,football
12622,5583,football
13429,5586,football
12646,5588,football
13156,5590,football
12232,5591,football
13711,5595,football
12878,5596,football
12338,5603,football
12192,5604,football
12891,5613,football
12775,5616,football
13003,5623,football
13669,5625,football
14671,5625,football
12996,5635,football
13336,5641,football
13547,5647,football
14547,5650,football
12331,5659,football
12823,5666,football
13762,5667,football
13021,5668,football
11977,5671,football
12621,5672,football
14438,5681,football
13158,5681,football
13733,5685,football
11790,5686,football
14719,5687,football
13709,5692,football
13738,5696,football
10760,5716,football
11675,5721,football
14666,5724,football
12790,5733,football
13344,5743,football
13268,5746,football
11853,5752,football
11901,5753,football
12766,5763,football
13062,5767,football
13570,5777,football
12259,5780,football
12193,5783,football
12137,5784,football
13197,5786,football
11902,5792,football
14376,5804,football
14375,5804,football
12574,5808,football
12840,5809,football
12896,5810,football
14415,5813,football
12105,5817,football
13106,5819,football
13107,5819,football
12946,5823,football
12747,5827,football
12559,5839,football
12558,5839,football
13718,5846,football
14514,5852,football
14348,5858,football
12516,5861,football
13714,5866,football
12810,5871,football
12175,5871,football
12458,5873,football
12514,5880,football
14522,5885,football
13260,5886,football
13215,5887,football
13580,5901,football
12613,5904,football
11738,5907,football
13704,5916,football
12096,5921,football
12141,5924,football
14681,5930,football
13808,5932,football
11965,5953,football
11917,5962,football
13578,5964,football
12914,5965,football
12261,5967,football
12976,5968,football
12545,5969,football
11927,5971,football
12481,5972,football
13526,5978,football
13399,5981,football
13332,5982,football
13232,5985,football
12789,5986,football
12092,5991,football
12843,5994,football
12820,6003,football
12143,6003,football
11816,6003,football
13523,6013,football
12985,6019,football
11971,6021,football
13771,6026,football
13321,6031,football
12413,6032,football
13572,6047,football
12280,6049,football
13371,6057,football
14566,6059,football
12292,6064,football
13389,6065,football
12671,6082,football
11797,6091,football
11993,6092,football
12698,6099,football
12074,6107,football
13722,6109,football
12885,6113,football
12859,6119,football
11745,6122,football
14269,6124,football
13539,6125,football
12652,6126,football
12412,6128,football
13228,6134,football
13672,6136,football
12300,6138,football
13337,6145,football
13548,6156,football
12295,6170,football
12682,6172,football
11641,11640,football
14291,11657,football
11675,11674,football
13951,11686,football
14639,11690,football
13014,11724,football
12299,11742,football
13797,11759,football
12298,11773,football
13079,11809,football
13642,11809,football
13077,11809,football
12820,11816,football
12143,11816,football
12821,11816,football
13541,11939,football
13243,11948,football
12906,11996,football
14437,12024,football
12697,12029,football
12108,12107,football
12820,12143,football
12221,12220,football
14678,12418,football
12496,12493,football
12520,12518,football
12559,12558,football
13078,13077,football
13079,13077,football
13642,13077,football
13079,13078,football
13642,13078,football
13642,13079,football
13107,13106,football
14614,13157,football
14438,13158,football
13308,13307,football
14437,13542,football
13554,13553,football
14671,13669,football
13736,13735,football
14370,14368,football
14369,14368,football
14371,14369,football
14370,14369,football
14372,14370,football
14371,14370,football
14372,14371,football
14376,14375,football
14573,14572,football
14574,14573,football
14576,14575,football
6254,4466,swimming
11718,4489,swimming
11719,4489,swimming
11647,4489,swimming
12938,4791,swimming
12224,4792,swimming
13506,4793,swimming
11983,4794,swimming
12815,4795,swimming
13269,4796,swimming
12021,4797,swimming
14596,4798,swimming
13504,5281,swimming
13324,5282,swimming
13507,5283,swimming
12169,5283,swimming
6734,5362,swimming
11841,5365,swimming
11682,5368,swimming
12183,5368,swimming
11886,5370,swimming
12933,5370,swimming
11727,5371,swimming
12233,5379,swimming
12152,5379,swimming
11642,5383,swimming
14709,5394,swimming
11660,5395,swimming
11718,11647,swimming
11719,11647,swimming
11661,11659,swimming
11662,11661,swimming
11716,11715,swimming
11717,11716,swimming
11719,11718,swimming
13403,11867,swimming
11879,11877,swimming
12933,11886,swimming
12233,12152,swimming
13507,12169,swimming
12219,12218,swimming
12537,12536,swimming
12538,12536,swimming
11832,3868,tennis
14184,3868,tennis
14185,3868,tennis
14186,3868,tennis
14243,3902,tennis
14092,3903,tennis
12564,3936,tennis
12669,3972,tennis
13353,3973,tennis
12855,3973,tennis
12856,3973,tennis
12857,3973,tennis
13995,3979,tennis
14009,3981,tennis
14007,3981,tennis
14008,3981,tennis
4026,4025,tennis
4049,4048,tennis
12728,4052,tennis
12726,4052,tennis
12729,4052,tennis
12730,4052,tennis
12731,4052,tennis
13529,4064,tennis
13530,4064,tennis
14334,4065,tennis
14331,4065,tennis
14330,4065,tennis
14329,4065,tennis
12993,4065,tennis
14328,4065,tennis
14327,4065,tennis
14318,4066,tennis
14317,4066,tennis
14396,4068,tennis
13966,4073,tennis
13967,4073,tennis
14216,4102,tennis
13952,4107,tennis
14405,4122,tennis
14404,4122,tennis
14122,4129,tennis
14121,4129,tennis
14123,4129,tennis
14128,4129,tennis
14127,4129,tennis
14126,4129,tennis
14420,4129,tennis
12379,4176,tennis
14068,4194,tennis
14067,4194,tennis
14066,4194,tennis
11859,4232,tennis
14119,4232,tennis
14118,4232,tennis
14117,4232,tennis
11698,4243,tennis
12793,4245,tennis
12792,4245,tennis
11999,4250,tennis
11999,4251,tennis
12000,4251,tennis
13100,4268,tennis
13242,4268,tennis
13099,4268,tennis
12051,4268,tennis
13100,4269,tennis
13242,4269,tennis
13099,4269,tennis
12051,4269,tennis
13101,4269,tennis
14182,4270,tennis
14183,4270,tennis
14295,4273,tennis
14294,4273,tennis
14293,4273,tennis
14296,4274,tennis
14299,4283,tennis
14298,4283,tennis
13913,4292,tennis
4338,4337,tennis
14082,4337,tennis
14083,4337,tennis
14088,4337,tennis
14082,4338,tennis
4340,4339,tennis
13891,4344,tennis
13890,4344,tennis
13889,4344,tennis
4356,4355,tennis
13873,4357,tennis
13872,4357,tennis
13867,4357,tennis
13871,4357,tennis
14305,4372,tennis
12432,4372,tennis
12515,4372,tennis
14160,4375,tennis
4403,4402,tennis
12684,4402,tennis
12684,4403,tennis
13177,4433,tennis
14190,4434,tennis
14189,4434,tennis
14188,4434,tennis
14187,4434,tennis
4435,4434,tennis
14187,4435,tennis
12140,4441,tennis
4443,4442,tennis
14202,4442,tennis
14203,4443,tennis
14204,4443,tennis
14202,4443,tennis
14201,4443,tennis
13980,4455,tennis
4456,4455,tennis
13981,4456,tennis
13980,4456,tennis
14101,4511,tennis
12643,4522,tennis
12562,4528,tennis
13938,5331,tennis
13937,5331,tennis
13936,5331,tennis
14595,5337,tennis
14588,5337,tennis
14594,5337,tennis
14593,5337,tennis
14592,5337,tennis
13415,5699,tennis
13414,5699,tennis
14662,5699,tennis
14661,5699,tennis
13418,5699,tennis
13417,5699,tennis
11893,5699,tennis
13416,5699,tennis
11460,7699,tennis
13986,7708,tennis
13985,7708,tennis
12491,7818,tennis
10147,9075,tennis
9463,9461,tennis
9462,9461,tennis
9463,9462,tennis
9609,9608,tennis
10829,9728,tennis
10828,9728,tennis
11185,9741,tennis
10950,9752,tennis
9753,9752,tennis
10950,9753,tennis
9762,9761,tennis
9845,9844,tennis
9896,9895,tennis
9907,9906,tennis
9965,9913,tennis
10583,9981,tennis
10653,9995,tennis
10400,10035,tennis
10401,10035,tennis
10399,10035,tennis
10036,10035,tennis
10401,10036,tennis
10399,10036,tennis
10398,10036,tennis
10108,10107,tennis
10696,10178,tennis
10195,10193,tennis
10194,10193,tennis
10195,10194,tennis
10346,10201,tennis
14059,10222,tennis
14058,10222,tennis
14057,10222,tennis
14056,10222,tennis
10278,10277,tennis
11069,10308,tennis
10323,10322,tennis
10338,10337,tennis
10339,10337,tennis
10339,10338,tennis
13511,10360,tennis
10401,10398,tennis
10399,10398,tennis
10400,10399,tennis
10401,10399,tennis
10401,10400,tennis
11201,10508,tennis
10524,10523,tennis
10526,10525,tennis
10761,10563,tennis
10568,10567,tennis
10587,10586,tennis
10607,10606,tennis
10622,10618,tennis
10647,10646,tennis
10655,10654,tennis
10677,10676,tennis
10778,10777,tennis
10829,10828,tennis
10872,10871,tennis
10952,10951,tennis
11019,11018,tennis
11038,11036,tennis
11037,11036,tennis
11039,11036,tennis
11040,11036,tennis
11038,11037,tennis
11039,11037,tennis
11040,11037,tennis
11039,11038,tennis
11040,11038,tennis
11040,11039,tennis
11091,11090,tennis
11096,11095,tennis
11183,11181,tennis
11932,11181,tennis
11182,11181,tennis
11184,11181,tennis
11183,11182,tennis
11932,11182,tennis
11184,11182,tennis
11932,11183,tennis
11184,11183,tennis
11932,11184,tennis
11262,11198,tennis
13120,11242,tennis
11285,11282,tennis
11347,11346,tennis
11441,11440,tennis
11465,11464,tennis
11497,11492,tennis
11496,11492,tennis
11493,11492,tennis
11497,11493,tennis
11496,11493,tennis
11495,11494,tennis
11497,11496,tennis
11539,11538,tennis
12701,11542,tennis
12700,11542,tennis
14181,11643,tennis
14182,11643,tennis
11699,11698,tennis
14133,11701,tennis
13176,11730,tennis
13175,11730,tennis
13174,11730,tennis
12499,11815,tennis
14184,11832,tennis
14185,11832,tennis
14075,11833,tennis
14074,11833,tennis
14119,11859,tennis
14118,11859,tennis
13532,11870,tennis
13533,11870,tennis
13415,11893,tennis
13414,11893,tennis
14662,11893,tennis
13419,11893,tennis
14661,11893,tennis
13418,11893,tennis
13417,11893,tennis
13416,11893,tennis
12339,11904,tennis
12000,11999,tennis
13100,12051,tennis
13242,12051,tennis
13099,12051,tennis
13101,12051,tennis
12661,12052,tennis
12666,12052,tennis
12662,12052,tennis
12665,12055,tennis
12669,12055,tennis
12663,12055,tennis
12139,12138,tennis
12216,12215,tennis
13769,12314,tennis
14378,12333,tennis
12351,12343,tennis
12353,12343,tennis
12354,12343,tennis
12349,12343,tennis
12345,12343,tennis
12357,12343,tennis
12356,12344,tennis
12352,12344,tennis
12349,12344,tennis
12347,12344,tennis
12348,12344,tennis
12350,12344,tennis
12353,12345,tennis
12352,12345,tennis
12349,12345,tennis
12357,12345,tennis
12350,12345,tennis
12346,12345,tennis
12348,12346,tennis
12350,12346,tennis
12358,12346,tennis
12356,12347,tennis
12352,12347,tennis
12348,12347,tennis
12352,12348,tennis
12349,12348,tennis
12350,12348,tennis
12351,12349,tennis
12353,12349,tennis
12356,12349,tennis
12352,12349,tennis
12350,12349,tennis
12358,12350,tennis
12355,12351,tennis
12353,12351,tennis
12356,12351,tennis
12352,12351,tennis
12355,12352,tennis
12353,12352,tennis
12356,12352,tennis
12355,12353,tennis
12357,12354,tennis
12356,12355,tennis
12363,12362,tennis
12376,12362,tennis
12388,12362,tennis
12368,12362,tennis
12390,12362,tennis
12378,12363,tennis
12384,12363,tennis
12379,12363,tennis
12370,12363,tennis
12386,12363,tennis
12376,12363,tennis
12387,12364,tennis
12371,12364,tennis
12380,12364,tennis
12374,12366,tennis
12392,12366,tennis
12371,12367,tennis
12383,12367,tennis
12380,12367,tennis
12369,12367,tennis
12377,12367,tennis
12376,12368,tennis
12388,12368,tennis
12390,12368,tennis
12387,12369,tennis
12371,12369,tennis
12380,12369,tennis
12377,12369,tennis
12373,12370,tennis
12382,12370,tennis
12378,12370,tennis
12381,12370,tennis
12386,12370,tennis
12387,12371,tennis
12383,12371,tennis
12374,12372,tennis
12392,12372,tennis
12382,12373,tennis
12378,12373,tennis
12381,12373,tennis
12392,12374,tennis
12385,12375,tennis
12386,12376,tennis
12390,12376,tennis
12383,12377,tennis
12382,12378,tennis
12384,12378,tennis
12379,12378,tennis
12386,12378,tennis
12384,12379,tennis
12387,12380,tennis
12382,12381,tennis
12386,12381,tennis
12384,12382,tennis
12386,12382,tennis
12387,12383,tennis
12386,12384,tennis
12390,12388,tennis
12428,12427,tennis
12434,12432,tennis
12435,12432,tennis
12433,12432,tennis
14305,12432,tennis
12515,12432,tennis
12434,12433,tennis
12435,12433,tennis
14305,12433,tennis
12435,12434,tennis
14305,12434,tennis
14305,12435,tennis
14305,12515,tennis
12655,12552,tennis
12658,12552,tennis
12656,12552,tennis
14416,12568,tennis
13956,12618,tennis
13955,12618,tennis
13954,12618,tennis
13953,12618,tennis
12802,12628,tennis
12803,12628,tennis
14065,12628,tennis
12795,12628,tennis
14133,12641,tennis
12642,12641,tennis
12841,12642,tennis
13298,12647,tennis
12657,12655,tennis
12658,12655,tennis
12656,12655,tennis
12658,12656,tennis
12664,12661,tennis
12662,12661,tennis
12664,12662,tennis
12667,12662,tennis
12666,12662,tennis
12665,12663,tennis
12668,12663,tennis
12669,12663,tennis
12666,12664,tennis
12667,12665,tennis
12668,12665,tennis
12667,12666,tennis
13900,12684,tennis
13901,12684,tennis
12701,12700,tennis
12797,12705,tennis
12798,12705,tennis
12799,12705,tennis
12800,12705,tennis
12801,12705,tennis
12728,12726,tennis
12729,12726,tennis
12729,12727,tennis
12730,12727,tennis
12731,12727,tennis
12729,12728,tennis
12730,12729,tennis
12731,12730,tennis
12793,12792,tennis
12802,12795,tennis
12803,12795,tennis
14065,12795,tennis
12797,12796,tennis
12798,12796,tennis
12798,12797,tennis
12799,12797,tennis
12799,12798,tennis
12800,12798,tennis
12800,12799,tennis
12801,12799,tennis
12801,12800,tennis
13285,12801,tennis
12803,12802,tennis
14065,12802,tennis
14065,12803,tennis
12832,12828,tennis
12831,12828,tennis
12829,12828,tennis
12832,12829,tennis
12833,12829,tennis
12832,12830,tennis
12833,12830,tennis
12832,12831,tennis
14199,12850,tennis
14200,12850,tennis
14063,12855,tennis
14064,12855,tennis
12856,12855,tennis
12857,12855,tennis
14063,12856,tennis
14064,12856,tennis
13351,12856,tennis
12857,12856,tennis
14063,12857,tennis
14064,12857,tennis
13351,12857,tennis
14203,12903,tennis
14205,12903,tennis
14206,12903,tennis
14323,12992,tennis
14322,12992,tennis
14321,12992,tennis
14320,12992,tennis
14319,12992,tennis
14334,12993,tennis
14333,12993,tennis
14332,12993,tennis
14331,12993,tennis
14330,12993,tennis
14329,12993,tennis
14328,12993,tennis
13903,13004,tennis
13897,13004,tennis
13898,13004,tennis
13904,13004,tennis
13899,13004,tennis
13905,13004,tennis
13893,13004,tennis
13906,13004,tennis
14177,13057,tennis
13070,13068,tennis
13073,13068,tennis
14639,13068,tennis
13069,13068,tennis
13070,13069,tennis
13072,13070,tennis
13073,13070,tennis
13073,13072,tennis
14639,13073,tennis
13100,13099,tennis
13242,13099,tennis
13101,13099,tennis
13242,13100,tennis
13101,13100,tennis
13242,13101,tennis
13176,13174,tennis
13175,13174,tennis
13176,13175,tennis
13177,13175,tennis
13178,13176,tennis
13177,13176,tennis
13178,13177,tennis
13180,13179,tennis
14046,13188,tennis
14045,13188,tennis
13190,13188,tennis
13190,13189,tennis
13191,13189,tennis
13191,13190,tennis
14063,13351,tennis
14064,13351,tennis
13355,13352,tennis
13354,13352,tennis
13353,13352,tennis
13355,13353,tennis
13354,13353,tennis
13355,13354,tennis
14142,13369,tennis
14141,13369,tennis
14139,13369,tennis
14140,13369,tennis
14144,13369,tennis
14145,13369,tennis
13415,13396,tennis
13414,13396,tennis
14660,13396,tennis
13415,13414,tennis
14661,13414,tennis
13416,13414,tennis
14660,13414,tennis
14661,13415,tennis
13417,13415,tennis
13416,13415,tennis
14660,13415,tennis
14662,13416,tennis
14661,13416,tennis
13418,13416,tennis
13417,13416,tennis
14663,13417,tennis
14662,13417,tennis
13419,13417,tennis
14661,13417,tennis
13418,13417,tennis
14663,13418,tennis
14662,13418,tennis
13419,13418,tennis
14661,13418,tennis
14663,13419,tennis
14662,13419,tennis
13497,13496,tennis
13498,13496,tennis
13498,13497,tennis
13500,13499,tennis
13501,13499,tennis
13501,13500,tennis
13530,13529,tennis
13531,13529,tennis
13531,13530,tennis
13532,13531,tennis
13533,13531,tennis
13533,13532,tennis
13534,13532,tennis
13534,13533,tennis
13996,13758,tennis
13997,13758,tennis
13998,13758,tennis
13999,13758,tennis
13838,13837,tennis
13839,13837,tennis
13839,13838,tennis
13859,13854,tennis
13858,13854,tennis
13857,13854,tennis
13855,13854,tennis
13856,13854,tennis
13859,13855,tennis
13858,13855,tennis
13856,13855,tennis
13858,13856,tennis
13857,13856,tennis
13859,13857,tennis
13858,13857,tennis
13859,13858,tennis
13861,13860,tennis
13862,13860,tennis
13862,13861,tennis
13869,13863,tennis
13870,13863,tennis
13865,13863,tennis
13864,13863,tennis
13868,13864,tennis
13869,13864,tennis
13870,13864,tennis
13865,13864,tennis
13866,13864,tennis
13868,13865,tennis
13867,13865,tennis
13869,13865,tennis
13866,13865,tennis
13868,13866,tennis
13867,13866,tennis
13871,13866,tennis
13873,13867,tennis
13872,13867,tennis
13868,13867,tennis
13869,13867,tennis
13869,13868,tennis
13870,13868,tennis
13870,13869,tennis
13873,13871,tennis
13872,13871,tennis
13873,13872,tennis
13875,13874,tennis
13877,13874,tennis
13876,13875,tennis
13877,13876,tennis
13882,13881,tennis
13884,13881,tennis
13883,13882,tennis
13884,13883,tennis
13887,13885,tennis
13886,13885,tennis
13888,13886,tennis
13888,13887,tennis
13890,13889,tennis
13891,13890,tennis
13897,13892,tennis
13898,13892,tennis
13899,13892,tennis
13895,13892,tennis
13894,13892,tennis
13893,13892,tennis
13898,13893,tennis
13899,13893,tennis
13894,13893,tennis
13906,13893,tennis
13896,13894,tennis
13897,13894,tennis
13898,13894,tennis
13895,13894,tennis
13896,13895,tennis
13897,13895,tennis
13900,13896,tennis
13901,13896,tennis
13897,13896,tennis
13898,13896,tennis
13900,13897,tennis
13901,13897,tennis
13902,13897,tennis
13898,13897,tennis
13899,13897,tennis
13901,13898,tennis
13902,13898,tennis
13903,13898,tennis
13899,13898,tennis
13902,13899,tennis
13903,13899,tennis
13904,13899,tennis
13901,13900,tennis
13902,13900,tennis
13902,13901,tennis
13903,13901,tennis
13903,13902,tennis
13905,13904,tennis
13906,13904,tennis
13906,13905,tennis
13907,13906,tennis
13908,13906,tennis
13911,13906,tennis
13908,13907,tennis
13909,13907,tennis
13911,13907,tennis
13910,13907,tennis
13909,13908,tennis
13911,13908,tennis
13910,13908,tennis
13912,13908,tennis
13910,13909,tennis
13912,13909,tennis
13911,13910,tennis
13912,13910,tennis
13913,13910,tennis
13912,13911,tennis
13913,13911,tennis
13913,13912,tennis
13916,13915,tennis
13917,13915,tennis
13917,13916,tennis
13918,13916,tennis
13918,13917,tennis
13938,13936,tennis
13937,13936,tennis
13939,13937,tennis
13938,13937,tennis
13939,13938,tennis
13946,13944,tennis
13945,13944,tennis
13947,13945,tennis
13946,13945,tennis
13948,13946,tennis
13947,13946,tennis
13948,13947,tennis
13954,13952,tennis
13953,13952,tennis
13954,13953,tennis
13955,13954,tennis
13957,13955,tennis
13956,13955,tennis
13958,13956,tennis
13957,13956,tennis
13958,13957,tennis
13964,13963,tennis
13965,13964,tennis
13966,13965,tennis
13968,13967,tennis
13969,13968,tennis
13970,13969,tennis
13977,13976,tennis
13979,13977,tennis
13978,13977,tennis
13979,13978,tennis
13982,13979,tennis
13981,13980,tennis
13982,13980,tennis
13982,13981,tennis
13984,13983,tennis
13985,13984,tennis
13988,13986,tennis
13987,13986,tennis
13989,13987,tennis
13988,13987,tennis
13989,13988,tennis
13993,13991,tennis
13992,13991,tennis
13994,13992,tennis
13993,13992,tennis
13994,13993,tennis
13996,13995,tennis
13997,13995,tennis
13997,13996,tennis
13998,13996,tennis
13998,13997,tennis
13999,13997,tennis
13999,13998,tennis
14008,14001,tennis
14002,14001,tennis
14003,14001,tennis
14003,14002,tennis
14004,14002,tennis
14004,14003,tennis
14005,14003,tennis
14005,14004,tennis
14006,14004,tennis
14006,14005,tennis
14009,14007,tennis
14010,14007,tennis
14008,14007,tennis
14010,14008,tennis
14010,14009,tennis
14012,14011,tennis
14013,14011,tennis
14013,14012,tennis
14020,14014,tennis
14015,14014,tennis
14016,14014,tennis
14022,14014,tennis
14020,14015,tennis
14016,14015,tennis
14017,14015,tennis
14022,14015,tennis
14020,14016,tennis
14017,14016,tennis
14026,14016,tennis
14020,14017,tennis
14018,14017,tennis
14026,14017,tennis
14024,14017,tennis
14020,14018,tennis
14019,14018,tennis
14029,14019,tennis
14030,14019,tennis
14026,14019,tennis
14022,14021,tennis
14023,14021,tennis
14023,14022,tennis
14024,14023,tennis
14025,14023,tennis
14026,14024,tennis
14025,14024,tennis
14027,14026,tennis
14028,14026,tennis
14028,14027,tennis
14032,14029,tennis
14030,14029,tennis
14031,14029,tennis
14032,14030,tennis
14031,14030,tennis
14032,14031,tennis
14035,14033,tennis
14034,14033,tennis
14035,14034,tennis
14048,14045,tennis
14047,14045,tennis
14046,14045,tennis
14048,14046,tennis
14047,14046,tennis
14049,14047,tennis
14050,14047,tennis
14048,14047,tennis
14049,14048,tennis
14050,14048,tennis
14051,14049,tennis
14050,14049,tennis
14051,14050,tennis
14052,14051,tennis
14055,14053,tennis
14054,14053,tennis
14055,14054,tennis
14057,14056,tennis
14060,14056,tennis
14058,14057,tennis
14059,14058,tennis
14062,14060,tennis
14061,14060,tennis
14062,14061,tennis
14064,14063,tennis
14068,14066,tennis
14067,14066,tennis
14723,14066,tennis
14068,14067,tennis
14723,14067,tennis
14069,14068,tennis
14723,14068,tennis
14070,14069,tennis
14723,14071,tennis
14072,14071,tennis
14073,14072,tennis
14075,14074,tennis
14077,14076,tennis
14081,14079,tennis
14080,14079,tennis
14083,14079,tennis
14084,14079,tennis
14081,14080,tennis
14082,14080,tennis
14083,14080,tennis
14084,14080,tennis
14085,14081,tennis
14082,14081,tennis
14083,14081,tennis
14083,14082,tennis
14084,14082,tennis
14088,14082,tennis
14084,14083,tennis
14088,14083,tennis
14088,14084,tennis
14087,14086,tennis
14090,14089,tennis
14091,14089,tennis
14091,14090,tennis
14093,14092,tennis
14094,14092,tennis
14094,14093,tennis
14098,14097,tennis
14100,14098,tennis
14099,14098,tennis
14100,14099,tennis
14102,14101,tennis
14110,14109,tennis
14111,14109,tennis
14111,14110,tennis
14112,14110,tennis
14112,14111,tennis
14117,14115,tennis
14116,14115,tennis
14118,14116,tennis
14117,14116,tennis
14119,14117,tennis
14118,14117,tennis
14119,14118,tennis
14124,14121,tennis
14125,14121,tennis
14122,14121,tennis
14123,14121,tennis
14127,14121,tennis
14124,14122,tennis
14123,14122,tennis
14128,14122,tennis
14125,14123,tennis
14126,14123,tennis
14132,14124,tennis
14125,14124,tennis
14132,14125,tennis
14128,14126,tennis
14127,14126,tennis
14420,14126,tennis
14128,14127,tennis
14420,14127,tennis
14129,14127,tennis
14420,14128,tennis
14130,14128,tennis
14420,14129,tennis
14130,14129,tennis
14141,14139,tennis
14140,14139,tennis
14141,14140,tennis
14142,14141,tennis
14146,14144,tennis
14145,14144,tennis
14146,14145,tennis
14153,14152,tennis
14155,14153,tennis
14154,14153,tennis
14162,14153,tennis
14156,14154,tennis
14155,14154,tennis
14162,14154,tennis
14157,14155,tennis
14156,14155,tennis
14161,14155,tennis
14162,14155,tennis
14158,14156,tennis
14157,14156,tennis
14161,14156,tennis
14158,14157,tennis
14161,14157,tennis
14160,14158,tennis
14159,14158,tennis
14160,14159,tennis
14162,14161,tennis
14180,14178,tennis
14179,14178,tennis
14180,14179,tennis
14182,14181,tennis
14183,14181,tennis
14183,14182,tennis
14185,14184,tennis
14186,14184,tennis
14186,14185,tennis
14476,14187,tennis
14190,14187,tennis
14189,14187,tennis
14188,14187,tennis
14190,14188,tennis
14194,14189,tennis
14193,14189,tennis
14476,14189,tennis
14190,14189,tennis
14194,14190,tennis
14193,14190,tennis
14476,14190,tennis
14196,14191,tennis
14193,14191,tennis
14192,14191,tennis
14195,14191,tennis
14196,14192,tennis
14194,14192,tennis
14193,14192,tennis
14476,14192,tennis
14195,14192,tennis
14198,14193,tennis
14197,14193,tennis
14194,14193,tennis
14476,14193,tennis
14198,14194,tennis
14197,14194,tennis
14476,14194,tennis
14197,14195,tennis
14196,14195,tennis
14198,14196,tennis
14197,14196,tennis
14198,14197,tennis
14200,14199,tennis
14202,14201,tennis
14204,14203,tennis
14205,14203,tennis
14206,14204,tennis
14206,14205,tennis
14208,14207,tennis
14209,14208,tennis
14213,14212,tennis
14215,14213,tennis
14214,14213,tennis
14216,14214,tennis
14215,14214,tennis
14216,14215,tennis
14218,14217,tennis
14219,14218,tennis
14220,14219,tennis
14223,14219,tennis
14221,14219,tennis
14223,14220,tennis
14222,14220,tennis
14221,14220,tennis
14224,14221,tennis
14222,14221,tennis
14224,14222,tennis
14224,14223,tennis
14227,14225,tennis
14228,14225,tennis
14226,14225,tennis
14227,14226,tennis
14228,14226,tennis
14242,14227,tennis
14228,14227,tennis
14229,14227,tennis
14230,14228,tennis
14240,14229,tennis
14511,14229,tennis
14231,14229,tennis
14230,14229,tennis
14232,14230,tennis
14511,14231,tennis
14232,14231,tennis
14511,14232,tennis
14238,14233,tennis
14235,14233,tennis
14236,14233,tennis
14234,14233,tennis
14235,14234,tennis
14236,14234,tennis
14236,14235,tennis
14243,14237,tennis
14238,14237,tennis
14243,14238,tennis
14240,14239,tennis
14511,14239,tennis
14511,14240,tennis
14242,14241,tennis
14297,14293,tennis
14296,14293,tennis
14295,14293,tennis
14294,14293,tennis
14297,14294,tennis
14295,14294,tennis
14297,14296,tennis
14299,14298,tennis
14314,14313,tennis
14315,14314,tennis
14316,14315,tennis
14319,14317,tennis
14318,14317,tennis
14320,14318,tennis
14319,14318,tennis
14321,14319,tennis
14320,14319,tennis
14322,14320,tennis
14321,14320,tennis
14323,14321,tennis
14322,14321,tennis
14324,14322,tennis
14323,14322,tennis
14324,14323,tennis
14325,14323,tennis
14326,14324,tennis
14325,14324,tennis
14326,14325,tennis
14334,14327,tennis
14329,14327,tennis
14328,14327,tennis
14335,14327,tennis
14334,14328,tennis
14330,14328,tennis
14329,14328,tennis
14335,14328,tennis
14334,14329,tennis
14331,14329,tennis
14330,14329,tennis
14334,14330,tennis
14332,14330,tennis
14331,14330,tennis
14333,14331,tennis
14332,14331,tennis
14333,14332,tennis
14335,14334,tennis
14381,14379,tennis
14380,14379,tennis
14381,14380,tennis
14399,14396,tennis
14398,14396,tennis
14397,14396,tennis
14400,14396,tennis
14399,14397,tennis
14398,14397,tennis
14400,14397,tennis
14399,14398,tennis
14400,14398,tennis
14403,14401,tennis
14402,14401,tennis
14405,14401,tennis
14404,14401,tennis
14403,14402,tennis
14406,14402,tennis
14405,14402,tennis
14404,14402,tennis
14414,14403,tennis
14407,14403,tennis
14406,14403,tennis
14405,14403,tennis
14406,14404,tennis
14405,14404,tennis
14407,14405,tennis
14406,14405,tennis
14435,14405,tennis
14408,14406,tennis
14407,14406,tennis
14435,14406,tennis
14409,14407,tennis
14408,14407,tennis
14435,14407,tennis
14414,14408,tennis
14410,14408,tennis
14409,14408,tennis
14435,14408,tennis
14413,14409,tennis
14414,14409,tennis
14411,14409,tennis
14410,14409,tennis
14435,14409,tennis
14412,14410,tennis
14413,14410,tennis
14411,14410,tennis
14412,14411,tennis
14413,14411,tennis
14413,14412,tennis
14414,14412,tennis
14414,14413,tennis
14538,14536,tennis
14537,14536,tennis
14538,14537,tennis
14595,14588,tennis
14589,14588,tennis
14591,14588,tennis
14590,14588,tennis
14591,14589,tennis
14590,14589,tennis
14592,14590,tennis
14591,14590,tennis
14593,14591,tennis
14592,14591,tennis
14594,14592,tennis
14593,14592,tennis
14594,14593,tennis
14661,14660,tennis
14662,14661,tennis
14663,14662,tennis
14687,14686,tennis
13086,3859,volleyball
12164,3878,volleyball
12445,3890,volleyball
12444,3890,volleyball
6076,3890,volleyball
12048,3983,volleyball
13010,3991,volleyball
5567,3991,volleyball
11888,4010,volleyball
13379,4084,volleyball
12034,4089,volleyball
5752,4089,volleyball
12809,4203,volleyball
14172,4261,volleyball
14173,4261,volleyball
5528,4261,volleyball
14171,4261,volleyball
5791,4272,volleyball
12594,4281,volleyball
13643,4293,volleyball
4340,4339,volleyball
13020,4359,volleyball
5668,4359,volleyball
14285,4370,volleyball
13564,4387,volleyball
11651,4388,volleyball
11723,4403,volleyball
5781,4413,volleyball
12197,4426,volleyball
11130,4449,volleyball
12847,4461,volleyball
12689,4498,volleyball
5546,4498,volleyball
11734,4504,volleyball
5483,4524,volleyball
14349,4524,volleyball
11132,4533,volleyball
13959,4643,volleyball
13961,4643,volleyball
13960,4643,volleyball
13433,4720,volleyball
13432,4720,volleyball
13431,4720,volleyball
12913,5257,volleyball
5965,5257,volleyball
5931,5265,volleyball
12744,5265,volleyball
12014,5371,volleyball
11131,5380,volleyball
13168,5401,volleyball
13713,5420,volleyball
11830,5458,volleyball
14653,5459,volleyball
13741,5474,volleyball
14349,5483,volleyball
10174,5507,volleyball
14175,5528,volleyball
14174,5528,volleyball
14172,5528,volleyball
14173,5528,volleyball
14169,5528,volleyball
14176,5528,volleyball
14168,5528,volleyball
13767,5528,volleyball
14171,5528,volleyball
12689,5546,volleyball
13010,5567,volleyball
12654,5579,volleyball
13122,5587,volleyball
12879,5596,volleyball
12774,5616,volleyball
13024,5659,volleyball
13020,5668,volleyball
13791,5690,volleyball
11757,5721,volleyball
13411,5727,volleyball
13267,5746,volleyball
12034,5752,volleyball
14529,5763,volleyball
14270,5791,volleyball
13728,5800,volleyball
13786,5801,volleyball
14374,5804,volleyball
12173,5871,volleyball
13821,5899,volleyball
13225,5920,volleyball
14679,5930,volleyball
12744,5931,volleyball
12128,5936,volleyball
12893,5947,volleyball
12826,5952,volleyball
12913,5965,volleyball
13386,5982,volleyball
12093,5991,volleyball
13523,6013,volleyball
13379,6016,volleyball
13377,6021,volleyball
13772,6026,volleyball
13145,6030,volleyball
12445,6076,volleyball
12444,6076,volleyball
13346,6103,volleyball
11951,6113,volleyball
13227,6134,volleyball
14542,6156,volleyball
11988,6164,volleyball
12293,6170,volleyball
14428,11636,volleyball
14429,11636,volleyball
14430,11636,volleyball
14427,11636,volleyball
14346,11672,volleyball
13919,11687,volleyball
13920,11687,volleyball
13921,11687,volleyball
14103,11843,volleyball
14417,11928,volleyball
14418,11928,volleyball
12004,11936,volleyball
14108,11966,volleyball
14107,11966,volleyball
12164,12006,volleyball
14508,12365,volleyball
12391,12365,volleyball
12389,12365,volleyball
14508,12389,volleyball
12391,12389,volleyball
14508,12391,volleyball
12445,12444,volleyball
14535,12738,volleyball
14114,13090,volleyball
13109,13108,volleyball
13129,13127,volleyball
13132,13127,volleyball
13128,13127,volleyball
13136,13127,volleyball
13131,13127,volleyball
13130,13127,volleyball
13129,13128,volleyball
13132,13128,volleyball
13136,13128,volleyball
13131,13128,volleyball
13130,13128,volleyball
13132,13129,volleyball
13136,13129,volleyball
13131,13129,volleyball
13130,13129,volleyball
13132,13130,volleyball
13134,13130,volleyball
13136,13130,volleyball
13131,13130,volleyball
13135,13130,volleyball
13133,13130,volleyball
13132,13131,volleyball
13134,13131,volleyball
13136,13131,volleyball
13135,13131,volleyball
13133,13131,volleyball
13134,13132,volleyball
13136,13132,volleyball
13135,13132,volleyball
13133,13132,volleyball
13134,13133,volleyball
13834,13133,volleyball
13136,13133,volleyball
13135,13133,volleyball
13832,13133,volleyball
13833,13133,volleyball
13834,13134,volleyball
13136,13134,volleyball
13135,13134,volleyball
13832,13134,volleyball
13833,13134,volleyball
13834,13135,volleyball
13136,13135,volleyball
13832,13135,volleyball
13833,13135,volleyball
13834,13136,volleyball
13832,13136,volleyball
13833,13136,volleyball
13284,13283,volleyball
13346,13345,volleyball
14163,13366,volleyball
13401,13400,volleyball
13427,13426,volleyball
13432,13431,volleyball
13433,13432,volleyball
14106,13584,volleyball
14105,13584,volleyball
13757,13749,volleyball
13752,13749,volleyball
13760,13749,volleyball
13755,13749,volleyball
13751,13749,volleyball
13757,13751,volleyball
13752,13751,volleyball
13760,13751,volleyball
13755,13751,volleyball
13759,13752,volleyball
13757,13752,volleyball
13760,13752,volleyball
13755,13752,volleyball
13757,13755,volleyball
13760,13755,volleyball
13759,13757,volleyball
13760,13757,volleyball
13760,13759,volleyball
14170,13767,volleyball
14175,13767,volleyball
14172,13767,volleyball
14169,13767,volleyball
14176,13767,volleyball
14168,13767,volleyball
14171,13767,volleyball
13834,13832,volleyball
13833,13832,volleyball
13834,13833,volleyball
13920,13919,volleyball
13921,13919,volleyball
13921,13920,volleyball
13923,13922,volleyball
13924,13922,volleyball
13924,13923,volleyball
13943,13940,volleyball
13942,13940,volleyball
13941,13940,volleyball
13943,13941,volleyball
13942,13941,volleyball
13943,13942,volleyball
13950,13949,volleyball
13961,13959,volleyball
13960,13959,volleyball
13961,13960,volleyball
14106,14105,volleyball
14108,14107,volleyball
14170,14168,volleyball
14169,14168,volleyball
14176,14168,volleyball
14171,14168,volleyball
14170,14169,volleyball
14175,14169,volleyball
14172,14169,volleyball
14176,14169,volleyball
14171,14169,volleyball
14176,14170,volleyball
14171,14170,volleyball
14175,14171,volleyball
14174,14171,volleyball
14172,14171,volleyball
14173,14171,volleyball
14176,14171,volleyball
14175,14172,volleyball
14174,14172,volleyball
14173,14172,volleyball
14176,14172,volleyball
14175,14173,volleyball
14174,14173,volleyball
14176,14173,volleyball
14175,14174,volleyball
14176,14174,volleyball
14176,14175,volleyball
14347,14346,volleyball
14418,14417,volleyball
14428,14427,volleyball
14429,14427,volleyball
14430,14427,volleyball
14429,14428,volleyball
14430,14428,volleyball
14431,14429,volleyball
14433,14429,volleyball
14432,14429,volleyball
14430,14429,volleyball
14431,14430,volleyball
14433,14430,volleyball
14432,14430,volleyball
14433,14431,volleyball
14432,14431,volleyball
14433,14432,volleyball
14647,14552,volleyball
