wfs:PARKINFOOGD.3855694,1
wfs:PARKINFOOGD.3855695,2
wfs:PARKINFOOGD.3855696,3
wfs:PARKINFOOGD.3855697,4
wfs:PARKINFOOGD.3855698,5
wfs:PARKINFOOGD.3855699,6
wfs:PARKINFOOGD.3855700,7
wfs:PARKINFOOGD.3855701,8
wfs:PARKINFOOGD.3855702,9
wfs:PARKINFOOGD.3855703,10
wfs:PARKINFOOGD.3855704,11
wfs:PARKINFOOGD.3855705,12
wfs:PARKINFOOGD.3855706,13
wfs:PARKINFOOGD.3855707,14
wfs:PARKINFOOGD.3855708,15
wfs:PARKINFOOGD.3855709,16
wfs:PARKINFOOGD.3855710,17
wfs:PARKINFOOGD.3855711,18
wfs:PARKINFOOGD.3855712,19
wfs:PARKINFOOGD.3855713,20
wfs:PARKINFOOGD.3855714,21
wfs:PARKINFOOGD.3855715,22
wfs:PARKINFOOGD.3855716,23
wfs:PARKINFOOGD.3855717,24
wfs:PARKINFOOGD.3855718,25
wfs:PARKINFOOGD.3855719,26
wfs:PARKINFOOGD.3855720,27
wfs:PARKINFOOGD.3855721,28
wfs:PARKINFOOGD.3855722,29
wfs:PARKINFOOGD.3855723,30
wfs:PARKINFOOGD.3855724,31
wfs:PARKINFOOGD.3855725,32
wfs:PARKINFOOGD.3855726,33
wfs:PARKINFOOGD.3855727,34
wfs:PARKINFOOGD.3855728,35
wfs:PARKINFOOGD.3855729,36
wfs:PARKINFOOGD.3855730,37
wfs:PARKINFOOGD.3855731,38
wfs:PARKINFOOGD.3855732,39
wfs:PARKINFOOGD.3855733,40
wfs:PARKINFOOGD.3855734,41
wfs:PARKINFOOGD.3855735,42
wfs:PARKINFOOGD.3855736,43
wfs:PARKINFOOGD.3855737,44
wfs:PARKINFOOGD.3855738,45
wfs:PARKINFOOGD.3855739,46
wfs:PARKINFOOGD.3855740,47
wfs:PARKINFOOGD.3855741,48
wfs:PARKINFOOGD.3855742,49
wfs:PARKINFOOGD.3855743,50
wfs:PARKINFOOGD.3855744,51
wfs:PARKINFOOGD.3855745,52
wfs:PARKINFOOGD.3855746,53
wfs:PARKINFOOGD.3855747,54
wfs:PARKINFOOGD.3855748,55
wfs:PARKINFOOGD.3855749,56
wfs:PARKINFOOGD.3855750,57
wfs:PARKINFOOGD.3855751,58
wfs:PARKINFOOGD.3855752,59
wfs:PARKINFOOGD.3855753,60
wfs:PARKINFOOGD.3855754,61
wfs:PARKINFOOGD.3855755,62
wfs:PARKINFOOGD.3855756,63
wfs:PARKINFOOGD.3855757,64
wfs:PARKINFOOGD.3855758,65
wfs:PARKINFOOGD.3855759,66
wfs:PARKINFOOGD.3855794,67
wfs:PARKINFOOGD.3855795,68
wfs:PARKINFOOGD.3855796,69
wfs:PARKINFOOGD.3855797,70
wfs:PARKINFOOGD.3855798,71
wfs:PARKINFOOGD.3855799,72
wfs:PARKINFOOGD.3855800,73
wfs:PARKINFOOGD.3855801,74
wfs:PARKINFOOGD.3855802,75
wfs:PARKINFOOGD.3855803,76
wfs:PARKINFOOGD.3855804,77
wfs:PARKINFOOGD.3855805,78
wfs:PARKINFOOGD.3855806,79
wfs:PARKINFOOGD.3855807,80
wfs:PARKINFOOGD.3855808,81
wfs:PARKINFOOGD.3855809,82
wfs:PARKINFOOGD.3855810,83
wfs:PARKINFOOGD.3855811,84
wfs:PARKINFOOGD.3855812,85
wfs:PARKINFOOGD.3855813,86
wfs:PARKINFOOGD.3855814,87
wfs:PARKINFOOGD.3855815,88
wfs:PARKINFOOGD.3855816,89
wfs:PARKINFOOGD.3855817,90
wfs:PARKINFOOGD.3855818,91
wfs:PARKINFOOGD.3855819,92
wfs:PARKINFOOGD.3855820,93
wfs:PARKINFOOGD.3855821,94
wfs:PARKINFOOGD.3855822,95
wfs:PARKINFOOGD.3855823,96
wfs:PARKINFOOGD.3855824,97
wfs:PARKINFOOGD.3855825,98
wfs:PARKINFOOGD.3855826,99
wfs:PARKINFOOGD.3855827,100
wfs:PARKINFOOGD.3855828,101
wfs:PARKINFOOGD.3855829,102
wfs:PARKINFOOGD.3855830,103
wfs:PARKINFOOGD.3855831,104
wfs:PARKINFOOGD.3855832,105
wfs:PARKINFOOGD.3855833,106
wfs:PARKINFOOGD.3855834,107
wfs:PARKINFOOGD.3855835,108
wfs:PARKINFOOGD.3855836,109
wfs:PARKINFOOGD.3855837,110
wfs:PARKINFOOGD.3855838,111
wfs:PARKINFOOGD.3855839,112
wfs:PARKINFOOGD.3855840,113
wfs:PARKINFOOGD.3855841,114
wfs:PARKINFOOGD.3855842,115
wfs:PARKINFOOGD.3855843,116
wfs:PARKINFOOGD.3855844,117
wfs:PARKINFOOGD.3855845,118
wfs:PARKINFOOGD.3855846,119
wfs:PARKINFOOGD.3855847,120
wfs:PARKINFOOGD.3855848,121
wfs:PARKINFOOGD.3855849,122
wfs:PARKINFOOGD.3855850,123
wfs:PARKINFOOGD.3855851,124
wfs:PARKINFOOGD.3855852,125
wfs:PARKINFOOGD.3855853,126
wfs:PARKINFOOGD.3855854,127
wfs:PARKINFOOGD.3855855,128
wfs:PARKINFOOGD.3855856,129
wfs:PARKINFOOGD.3855857,130
wfs:PARKINFOOGD.3855858,131
wfs:PARKINFOOGD.3855859,132
wfs:PARKINFOOGD.3855860,133
wfs:PARKINFOOGD.3855861,134
wfs:PARKINFOOGD.3855862,135
wfs:PARKINFOOGD.3855863,136
wfs:PARKINFOOGD.3855864,137
wfs:PARKINFOOGD.3855865,138
wfs:PARKINFOOGD.3855866,139
wfs:PARKINFOOGD.3855867,140
wfs:PARKINFOOGD.3855868,141
wfs:PARKINFOOGD.3855869,142
wfs:PARKINFOOGD.3855870,143
wfs:PARKINFOOGD.3855871,144
wfs:PARKINFOOGD.3855872,145
wfs:PARKINFOOGD.3855873,146
wfs:PARKINFOOGD.3855874,147
wfs:PARKINFOOGD.3855875,148
wfs:PARKINFOOGD.3855876,149
wfs:PARKINFOOGD.3855877,150
wfs:PARKINFOOGD.3855878,151
wfs:PARKINFOOGD.3855879,152
wfs:PARKINFOOGD.3855880,153
wfs:PARKINFOOGD.3855881,154
wfs:PARKINFOOGD.3855882,155
wfs:PARKINFOOGD.3855883,156
wfs:PARKINFOOGD.3855884,157
wfs:PARKINFOOGD.3855885,158
wfs:PARKINFOOGD.3855886,159
wfs:PARKINFOOGD.3855887,160
wfs:PARKINFOOGD.3855888,161
wfs:PARKINFOOGD.3855889,162
wfs:PARKINFOOGD.3855890,163
wfs:PARKINFOOGD.3855891,164
wfs:PARKINFOOGD.3855892,165
wfs:PARKINFOOGD.3855893,166
wfs:PARKINFOOGD.3855894,167
wfs:PARKINFOOGD.3855895,168
wfs:PARKINFOOGD.3855896,169
wfs:PARKINFOOGD.3855897,170
wfs:PARKINFOOGD.3855898,171
wfs:PARKINFOOGD.3855899,172
wfs:PARKINFOOGD.3855900,173
wfs:PARKINFOOGD.3855901,174
wfs:PARKINFOOGD.3855902,175
wfs:PARKINFOOGD.3855903,176
wfs:PARKINFOOGD.3855904,177
wfs:PARKINFOOGD.3855905,178
wfs:PARKINFOOGD.3855906,179
wfs:PARKINFOOGD.3855907,180
wfs:PARKINFOOGD.3855908,181
wfs:PARKINFOOGD.3855909,182
wfs:PARKINFOOGD.3855910,183
wfs:PARKINFOOGD.3855911,184
wfs:PARKINFOOGD.3855912,185
wfs:PARKINFOOGD.3855913,186
wfs:PARKINFOOGD.3855914,187
wfs:PARKINFOOGD.3855915,188
wfs:PARKINFOOGD.3855916,189
wfs:PARKINFOOGD.3855917,190
wfs:PARKINFOOGD.3855918,191
wfs:PARKINFOOGD.3855919,192
wfs:PARKINFOOGD.3855920,193
wfs:PARKINFOOGD.3855921,194
wfs:PARKINFOOGD.3855922,195
wfs:PARKINFOOGD.3855923,196
wfs:PARKINFOOGD.3855924,197
wfs:PARKINFOOGD.3855925,198
wfs:PARKINFOOGD.3855926,199
wfs:PARKINFOOGD.3855761,200
wfs:PARKINFOOGD.3855762,201
wfs:PARKINFOOGD.3855763,202
wfs:PARKINFOOGD.3855764,203
wfs:PARKINFOOGD.3855765,204
wfs:PARKINFOOGD.3855766,205
wfs:PARKINFOOGD.3855767,206
wfs:PARKINFOOGD.3855768,207
wfs:PARKINFOOGD.3855769,208
wfs:PARKINFOOGD.3855770,209
wfs:PARKINFOOGD.3855771,210
wfs:PARKINFOOGD.3855772,211
wfs:PARKINFOOGD.3855773,212
wfs:PARKINFOOGD.3855774,213
wfs:PARKINFOOGD.3855775,214
wfs:PARKINFOOGD.3855776,215
wfs:PARKINFOOGD.3855777,216
wfs:PARKINFOOGD.3855778,217
wfs:PARKINFOOGD.3855779,218
wfs:PARKINFOOGD.3855780,219
wfs:PARKINFOOGD.3855781,220
wfs:PARKINFOOGD.3855782,221
wfs:PARKINFOOGD.3855783,222
wfs:PARKINFOOGD.3855784,223
wfs:PARKINFOOGD.3855785,224
wfs:PARKINFOOGD.3855786,225
wfs:PARKINFOOGD.3855787,226
wfs:PARKINFOOGD.3855788,227
wfs:PARKINFOOGD.3855789,228
wfs:PARKINFOOGD.3855790,229
wfs:PARKINFOOGD.3855760,230
wfs:PARKINFOOGD.3855791,231
wfs:PARKINFOOGD.3855792,232
wfs:PARKINFOOGD.3855793,233
wfs:PARKINFOOGD.3853743,234
wfs:PARKINFOOGD.3853744,235
wfs:PARKINFOOGD.3855505,236
wfs:PARKINFOOGD.3855506,237
wfs:PARKINFOOGD.3855507,238
wfs:PARKINFOOGD.3855508,239
wfs:PARKINFOOGD.3855509,240
wfs:PARKINFOOGD.3855510,241
wfs:PARKINFOOGD.3855511,242
wfs:PARKINFOOGD.3855512,243
wfs:PARKINFOOGD.3855513,244
wfs:PARKINFOOGD.3855514,245
wfs:PARKINFOOGD.3855515,246
wfs:PARKINFOOGD.3855516,247
wfs:PARKINFOOGD.3855517,248
wfs:PARKINFOOGD.3855518,249
wfs:PARKINFOOGD.3855519,250
wfs:PARKINFOOGD.3855520,251
wfs:PARKINFOOGD.3855521,252
wfs:PARKINFOOGD.3855522,253
wfs:PARKINFOOGD.3855523,254
wfs:PARKINFOOGD.3855524,255
wfs:PARKINFOOGD.3855525,256
wfs:PARKINFOOGD.3855526,257
wfs:PARKINFOOGD.3855527,258
wfs:PARKINFOOGD.3855528,259
wfs:PARKINFOOGD.3855529,260
wfs:PARKINFOOGD.3855530,261
wfs:PARKINFOOGD.3855531,262
wfs:PARKINFOOGD.3855532,263
wfs:PARKINFOOGD.3855533,264
wfs:PARKINFOOGD.3855534,265
wfs:PARKINFOOGD.3855535,266
wfs:PARKINFOOGD.3855536,267
wfs:PARKINFOOGD.3855537,268
wfs:PARKINFOOGD.3855538,269
wfs:PARKINFOOGD.3855539,270
wfs:PARKINFOOGD.3855540,271
wfs:PARKINFOOGD.3855541,272
wfs:PARKINFOOGD.3855542,273
wfs:PARKINFOOGD.3855543,274
wfs:PARKINFOOGD.3855544,275
wfs:PARKINFOOGD.3855545,276
wfs:PARKINFOOGD.3855546,277
wfs:PARKINFOOGD.3855547,278
wfs:PARKINFOOGD.3855548,279
wfs:PARKINFOOGD.3855549,280
wfs:PARKINFOOGD.3855550,281
wfs:PARKINFOOGD.3855551,282
wfs:PARKINFOOGD.3855552,283
wfs:PARKINFOOGD.3855553,284
wfs:PARKINFOOGD.3855554,285
wfs:PARKINFOOGD.3855555,286
wfs:PARKINFOOGD.3855556,287
wfs:PARKINFOOGD.3855557,288
wfs:PARKINFOOGD.3855558,289
wfs:PARKINFOOGD.3855559,290
wfs:PARKINFOOGD.3855560,291
wfs:PARKINFOOGD.3855561,292
wfs:PARKINFOOGD.3855562,293
wfs:PARKINFOOGD.3855563,294
wfs:PARKINFOOGD.3855564,295
wfs:PARKINFOOGD.3855565,296
wfs:PARKINFOOGD.3855566,297
wfs:PARKINFOOGD.3855567,298
wfs:PARKINFOOGD.3855568,299
wfs:PARKINFOOGD.3855569,300
wfs:PARKINFOOGD.3855570,301
wfs:PARKINFOOGD.3855571,302
wfs:PARKINFOOGD.3855572,303
wfs:PARKINFOOGD.3855573,304
wfs:PARKINFOOGD.3855574,305
wfs:PARKINFOOGD.3855575,306
wfs:PARKINFOOGD.3855576,307
wfs:PARKINFOOGD.3855577,308
wfs:PARKINFOOGD.3855578,309
wfs:PARKINFOOGD.3855579,310
wfs:PARKINFOOGD.3855580,311
wfs:PARKINFOOGD.3855581,312
wfs:PARKINFOOGD.3855582,313
wfs:PARKINFOOGD.3855583,314
wfs:PARKINFOOGD.3855584,315
wfs:PARKINFOOGD.3855585,316
wfs:PARKINFOOGD.3855586,317
wfs:PARKINFOOGD.3855587,318
wfs:PARKINFOOGD.3855588,319
wfs:PARKINFOOGD.3855589,320
wfs:PARKINFOOGD.3855590,321
wfs:PARKINFOOGD.3855591,322
wfs:PARKINFOOGD.3855592,323
wfs:PARKINFOOGD.3855593,324
wfs:PARKINFOOGD.3855594,325
wfs:PARKINFOOGD.3855595,326
wfs:PARKINFOOGD.3855596,327
wfs:PARKINFOOGD.3855597,328
wfs:PARKINFOOGD.3855598,329
wfs:PARKINFOOGD.3855599,330
wfs:PARKINFOOGD.3855600,331
wfs:PARKINFOOGD.3855601,332
wfs:PARKINFOOGD.3855602,333
wfs:PARKINFOOGD.3855603,334
wfs:PARKINFOOGD.3855604,335
wfs:PARKINFOOGD.3855605,336
wfs:PARKINFOOGD.3855606,337
wfs:PARKINFOOGD.3855607,338
wfs:PARKINFOOGD.3855608,339
wfs:PARKINFOOGD.3855609,340
wfs:PARKINFOOGD.3855610,341
wfs:PARKINFOOGD.3855611,342
wfs:PARKINFOOGD.3855612,343
wfs:PARKINFOOGD.3855613,344
wfs:PARKINFOOGD.3855614,345
wfs:PARKINFOOGD.3855615,346
wfs:PARKINFOOGD.3855616,347
wfs:PARKINFOOGD.3855617,348
wfs:PARKINFOOGD.3855618,349
wfs:PARKINFOOGD.3855619,350
wfs:PARKINFOOGD.3855620,351
wfs:PARKINFOOGD.3855621,352
wfs:PARKINFOOGD.3855622,353
wfs:PARKINFOOGD.3855623,354
wfs:PARKINFOOGD.3855624,355
wfs:PARKINFOOGD.3855625,356
wfs:PARKINFOOGD.3855626,357
wfs:PARKINFOOGD.3855627,358
wfs:PARKINFOOGD.3855628,359
wfs:PARKINFOOGD.3855629,360
wfs:PARKINFOOGD.3855630,361
wfs:PARKINFOOGD.3855631,362
wfs:PARKINFOOGD.3855632,363
wfs:PARKINFOOGD.3855633,364
wfs:PARKINFOOGD.3855634,365
wfs:PARKINFOOGD.3855635,366
wfs:PARKINFOOGD.3855636,367
wfs:PARKINFOOGD.3855637,368
wfs:PARKINFOOGD.3855638,369
wfs:PARKINFOOGD.3855639,370
wfs:PARKINFOOGD.3855640,371
wfs:PARKINFOOGD.3855641,372
wfs:PARKINFOOGD.3855642,373
wfs:PARKINFOOGD.3855643,374
wfs:PARKINFOOGD.3855644,375
wfs:PARKINFOOGD.3855645,376
wfs:PARKINFOOGD.3855646,377
wfs:PARKINFOOGD.3855647,378
wfs:PARKINFOOGD.3855648,379
wfs:PARKINFOOGD.3855649,380
wfs:PARKINFOOGD.3855650,381
wfs:PARKINFOOGD.3855651,382
wfs:PARKINFOOGD.3855652,383
wfs:PARKINFOOGD.3855653,384
wfs:PARKINFOOGD.3855654,385
wfs:PARKINFOOGD.3855655,386
wfs:PARKINFOOGD.3855656,387
wfs:PARKINFOOGD.3855657,388
wfs:PARKINFOOGD.3855658,389
wfs:PARKINFOOGD.3855659,390
wfs:PARKINFOOGD.3855660,391
wfs:PARKINFOOGD.3855661,392
wfs:PARKINFOOGD.3855662,393
wfs:PARKINFOOGD.3855663,394
wfs:PARKINFOOGD.3855664,395
wfs:PARKINFOOGD.3855665,396
wfs:PARKINFOOGD.3855666,397
wfs:PARKINFOOGD.3855667,398
wfs:PARKINFOOGD.3855668,399
wfs:PARKINFOOGD.3855669,400
wfs:PARKINFOOGD.3855670,401
wfs:PARKINFOOGD.3855671,402
wfs:PARKINFOOGD.3855672,403
wfs:PARKINFOOGD.3855673,404
wfs:PARKINFOOGD.3855674,405
wfs:PARKINFOOGD.3855675,406
wfs:PARKINFOOGD.3855676,407
wfs:PARKINFOOGD.3855677,408
wfs:PARKINFOOGD.3855678,409
wfs:PARKINFOOGD.3855679,410
wfs:PARKINFOOGD.3855680,411
wfs:PARKINFOOGD.3855681,412
wfs:PARKINFOOGD.3855682,413
wfs:PARKINFOOGD.3855683,414
wfs:PARKINFOOGD.3855684,415
wfs:PARKINFOOGD.3855685,416
wfs:PARKINFOOGD.3855686,417
wfs:PARKINFOOGD.3855687,418
wfs:PARKINFOOGD.3855688,419
wfs:PARKINFOOGD.3855689,420
wfs:PARKINFOOGD.3855690,421
wfs:PARKINFOOGD.3855691,422
wfs:PARKINFOOGD.3855692,423
wfs:PARKINFOOGD.3855693,424
wfs:PARKINFOOGD.3856158,425
wfs:PARKINFOOGD.3856159,426
wfs:PARKINFOOGD.3856160,427
wfs:PARKINFOOGD.3856161,428
wfs:PARKINFOOGD.3856162,429
wfs:PARKINFOOGD.3856163,430
wfs:PARKINFOOGD.3856164,431
wfs:PARKINFOOGD.3856165,432
wfs:PARKINFOOGD.3856166,433
wfs:PARKINFOOGD.3856167,434
wfs:PARKINFOOGD.3856168,435
wfs:PARKINFOOGD.3856169,436
wfs:PARKINFOOGD.3856170,437
wfs:PARKINFOOGD.3856171,438
wfs:PARKINFOOGD.3856172,439
wfs:PARKINFOOGD.3856173,440
wfs:PARKINFOOGD.3856174,441
wfs:PARKINFOOGD.3856175,442
wfs:PARKINFOOGD.3856176,443
wfs:PARKINFOOGD.3856177,444
wfs:PARKINFOOGD.3856178,445
wfs:PARKINFOOGD.3856179,446
wfs:PARKINFOOGD.3856180,447
wfs:PARKINFOOGD.3856181,448
wfs:PARKINFOOGD.3856182,449
wfs:PARKINFOOGD.3856183,450
wfs:PARKINFOOGD.3856184,451
wfs:PARKINFOOGD.3856185,452
wfs:PARKINFOOGD.3856186,453
wfs:PARKINFOOGD.3856187,454
wfs:PARKINFOOGD.3856188,455
wfs:PARKINFOOGD.3856189,456
wfs:PARKINFOOGD.3856190,457
wfs:PARKINFOOGD.3856355,458
wfs:PARKINFOOGD.3856356,459
wfs:PARKINFOOGD.3856357,460
wfs:PARKINFOOGD.3856358,461
wfs:PARKINFOOGD.3856359,462
wfs:PARKINFOOGD.3856360,463
wfs:PARKINFOOGD.3856361,464
wfs:PARKINFOOGD.3856362,465
wfs:PARKINFOOGD.3856363,466
wfs:PARKINFOOGD.3856364,467
wfs:PARKINFOOGD.3856365,468
wfs:PARKINFOOGD.3856366,469
wfs:PARKINFOOGD.3856367,470
wfs:PARKINFOOGD.3856368,471
wfs:PARKINFOOGD.3856369,472
wfs:PARKINFOOGD.3856370,473
wfs:PARKINFOOGD.3856371,474
wfs:PARKINFOOGD.3856372,475
wfs:PARKINFOOGD.3856373,476
wfs:PARKINFOOGD.3856374,477
wfs:PARKINFOOGD.3856375,478
wfs:PARKINFOOGD.3856376,479
wfs:PARKINFOOGD.3856377,480
wfs:PARKINFOOGD.3856378,481
wfs:PARKINFOOGD.3856379,482
wfs:PARKINFOOGD.3856380,483
wfs:PARKINFOOGD.3856381,484
wfs:PARKINFOOGD.3856382,485
wfs:PARKINFOOGD.3856383,486
wfs:PARKINFOOGD.3856384,487
wfs:PARKINFOOGD.3856385,488
wfs:PARKINFOOGD.3856418,489
wfs:PARKINFOOGD.3856419,490
wfs:PARKINFOOGD.3856420,491
wfs:PARKINFOOGD.3856421,492
wfs:PARKINFOOGD.3856422,493
wfs:PARKINFOOGD.3856423,494
wfs:PARKINFOOGD.3856424,495
wfs:PARKINFOOGD.3856425,496
wfs:PARKINFOOGD.3856426,497
wfs:PARKINFOOGD.3856427,498
wfs:PARKINFOOGD.3856428,499
wfs:PARKINFOOGD.3856429,500
wfs:PARKINFOOGD.3856430,501
wfs:PARKINFOOGD.3856431,502
wfs:PARKINFOOGD.3856432,503
wfs:PARKINFOOGD.3856433,504
wfs:PARKINFOOGD.3856434,505
wfs:PARKINFOOGD.3856435,506
wfs:PARKINFOOGD.3856436,507
wfs:PARKINFOOGD.3856437,508
wfs:PARKINFOOGD.3856438,509
wfs:PARKINFOOGD.3856439,510
wfs:PARKINFOOGD.3856440,511
wfs:PARKINFOOGD.3856441,512
wfs:PARKINFOOGD.3856442,513
wfs:PARKINFOOGD.3856443,514
wfs:PARKINFOOGD.3856444,515
wfs:PARKINFOOGD.3856445,516
wfs:PARKINFOOGD.3856446,517
wfs:PARKINFOOGD.3856447,518
wfs:PARKINFOOGD.3856448,519
wfs:PARKINFOOGD.3856449,520
wfs:PARKINFOOGD.3856450,521
wfs:PARKINFOOGD.3856451,522
wfs:PARKINFOOGD.3856452,523
wfs:PARKINFOOGD.3856453,524
wfs:PARKINFOOGD.3856454,525
wfs:PARKINFOOGD.3856455,526
wfs:PARKINFOOGD.3856456,527
wfs:PARKINFOOGD.3856457,528
wfs:PARKINFOOGD.3856458,529
wfs:PARKINFOOGD.3856459,530
wfs:PARKINFOOGD.3856460,531
wfs:PARKINFOOGD.3856461,532
wfs:PARKINFOOGD.3856462,533
wfs:PARKINFOOGD.3856463,534
wfs:PARKINFOOGD.3856464,535
wfs:PARKINFOOGD.3856465,536
wfs:PARKINFOOGD.3856466,537
wfs:PARKINFOOGD.3856467,538
wfs:PARKINFOOGD.3856468,539
wfs:PARKINFOOGD.3856469,540
wfs:PARKINFOOGD.3856470,541
wfs:PARKINFOOGD.3856471,542
wfs:PARKINFOOGD.3856472,543
wfs:PARKINFOOGD.3856473,544
wfs:PARKINFOOGD.3856474,545
wfs:PARKINFOOGD.3856475,546
wfs:PARKINFOOGD.3856476,547
wfs:PARKINFOOGD.3856477,548
wfs:PARKINFOOGD.3856478,549
wfs:PARKINFOOGD.3856479,550
wfs:PARKINFOOGD.3856480,551
wfs:PARKINFOOGD.3856481,552
wfs:PARKINFOOGD.3856482,553
wfs:PARKINFOOGD.3856515,554
wfs:PARKINFOOGD.3856516,555
wfs:PARKINFOOGD.3856517,556
wfs:PARKINFOOGD.3856518,557
wfs:PARKINFOOGD.3856519,558
wfs:PARKINFOOGD.3856520,559
wfs:PARKINFOOGD.3856521,560
wfs:PARKINFOOGD.3856522,561
wfs:PARKINFOOGD.3856523,562
wfs:PARKINFOOGD.3856524,563
wfs:PARKINFOOGD.3856525,564
wfs:PARKINFOOGD.3856526,565
wfs:PARKINFOOGD.3856527,566
wfs:PARKINFOOGD.3856528,567
wfs:PARKINFOOGD.3856529,568
wfs:PARKINFOOGD.3856530,569
wfs:PARKINFOOGD.3856531,570
wfs:PARKINFOOGD.3856532,571
wfs:PARKINFOOGD.3856533,572
wfs:PARKINFOOGD.3856534,573
wfs:PARKINFOOGD.3856535,574
wfs:PARKINFOOGD.3856536,575
wfs:PARKINFOOGD.3856537,576
wfs:PARKINFOOGD.3856538,577
wfs:PARKINFOOGD.3856539,578
wfs:PARKINFOOGD.3856540,579
wfs:PARKINFOOGD.3856541,580
wfs:PARKINFOOGD.3856542,581
wfs:PARKINFOOGD.3856543,582
wfs:PARKINFOOGD.3856544,583
wfs:PARKINFOOGD.3856545,584
wfs:PARKINFOOGD.3856546,585
wfs:PARKINFOOGD.3856547,586
wfs:PARKINFOOGD.3856548,587
wfs:PARKINFOOGD.3856549,588
wfs:PARKINFOOGD.3856550,589
wfs:PARKINFOOGD.3856551,590
wfs:PARKINFOOGD.3856552,591
wfs:PARKINFOOGD.3856553,592
wfs:PARKINFOOGD.3856554,593
wfs:PARKINFOOGD.3856555,594
wfs:PARKINFOOGD.3856556,595
wfs:PARKINFOOGD.3856483,596
wfs:PARKINFOOGD.3856484,597
wfs:PARKINFOOGD.3856485,598
wfs:PARKINFOOGD.3856486,599
wfs:PARKINFOOGD.3856487,600
wfs:PARKINFOOGD.3856488,601
wfs:PARKINFOOGD.3856489,602
wfs:PARKINFOOGD.3856490,603
wfs:PARKINFOOGD.3856491,604
wfs:PARKINFOOGD.3856492,605
wfs:PARKINFOOGD.3856493,606
wfs:PARKINFOOGD.3856494,607
wfs:PARKINFOOGD.3856495,608
wfs:PARKINFOOGD.3856496,609
wfs:PARKINFOOGD.3856497,610
wfs:PARKINFOOGD.3856498,611
wfs:PARKINFOOGD.3856499,612
wfs:PARKINFOOGD.3856500,613
wfs:PARKINFOOGD.3856501,614
wfs:PARKINFOOGD.3856502,615
wfs:PARKINFOOGD.3856503,616
wfs:PARKINFOOGD.3856504,617
wfs:PARKINFOOGD.3856505,618
wfs:PARKINFOOGD.3856506,619
wfs:PARKINFOOGD.3856507,620
wfs:PARKINFOOGD.3856508,621
wfs:PARKINFOOGD.3856509,622
wfs:PARKINFOOGD.3856510,623
wfs:PARKINFOOGD.3856511,624
wfs:PARKINFOOGD.3856512,625
wfs:PARKINFOOGD.3856513,626
wfs:PARKINFOOGD.3856514,627
wfs:PARKINFOOGD.3856386,628
wfs:PARKINFOOGD.3856387,629
wfs:PARKINFOOGD.3856388,630
wfs:PARKINFOOGD.3856389,631
wfs:PARKINFOOGD.3856390,632
wfs:PARKINFOOGD.3856391,633
wfs:PARKINFOOGD.3856392,634
wfs:PARKINFOOGD.3856393,635
wfs:PARKINFOOGD.3856394,636
wfs:PARKINFOOGD.3856395,637
wfs:PARKINFOOGD.3856396,638
wfs:PARKINFOOGD.3856397,639
wfs:PARKINFOOGD.3856398,640
wfs:PARKINFOOGD.3856399,641
wfs:PARKINFOOGD.3856400,642
wfs:PARKINFOOGD.3856401,643
wfs:PARKINFOOGD.3856402,644
wfs:PARKINFOOGD.3856403,645
wfs:PARKINFOOGD.3856404,646
wfs:PARKINFOOGD.3856405,647
wfs:PARKINFOOGD.3856406,648
wfs:PARKINFOOGD.3856407,649
wfs:PARKINFOOGD.3856408,650
wfs:PARKINFOOGD.3856409,651
wfs:PARKINFOOGD.3856410,652
wfs:PARKINFOOGD.3856411,653
wfs:PARKINFOOGD.3856412,654
wfs:PARKINFOOGD.3856413,655
wfs:PARKINFOOGD.3856414,656
wfs:PARKINFOOGD.3856415,657
wfs:PARKINFOOGD.3856416,658
wfs:PARKINFOOGD.3856417,659
wfs:PARKINFOOGD.3856191,660
wfs:PARKINFOOGD.3856192,661
wfs:PARKINFOOGD.3856193,662
wfs:PARKINFOOGD.3856194,663
wfs:PARKINFOOGD.3856195,664
wfs:PARKINFOOGD.3856196,665
wfs:PARKINFOOGD.3856197,666
wfs:PARKINFOOGD.3856198,667
wfs:PARKINFOOGD.3856199,668
wfs:PARKINFOOGD.3856200,669
wfs:PARKINFOOGD.3856201,670
wfs:PARKINFOOGD.3856202,671
wfs:PARKINFOOGD.3856203,672
wfs:PARKINFOOGD.3856204,673
wfs:PARKINFOOGD.3856205,674
wfs:PARKINFOOGD.3856206,675
wfs:PARKINFOOGD.3856207,676
wfs:PARKINFOOGD.3856208,677
wfs:PARKINFOOGD.3856209,678
wfs:PARKINFOOGD.3856210,679
wfs:PARKINFOOGD.3856211,680
wfs:PARKINFOOGD.3856212,681
wfs:PARKINFOOGD.3856213,682
wfs:PARKINFOOGD.3856214,683
wfs:PARKINFOOGD.3856215,684
wfs:PARKINFOOGD.3856216,685
wfs:PARKINFOOGD.3856217,686
wfs:PARKINFOOGD.3856218,687
wfs:PARKINFOOGD.3856219,688
wfs:PARKINFOOGD.3856220,689
wfs:PARKINFOOGD.3856221,690
wfs:PARKINFOOGD.3856222,691
wfs:PARKINFOOGD.3856223,692
wfs:PARKINFOOGD.3856224,693
wfs:PARKINFOOGD.3856225,694
wfs:PARKINFOOGD.3856226,695
wfs:PARKINFOOGD.3856227,696
wfs:PARKINFOOGD.3856228,697
wfs:PARKINFOOGD.3856229,698
wfs:PARKINFOOGD.3856230,699
wfs:PARKINFOOGD.3856231,700
wfs:PARKINFOOGD.3856232,701
wfs:PARKINFOOGD.3856233,702
wfs:PARKINFOOGD.3856234,703
wfs:PARKINFOOGD.3856235,704
wfs:PARKINFOOGD.3856236,705
wfs:PARKINFOOGD.3856237,706
wfs:PARKINFOOGD.3856238,707
wfs:PARKINFOOGD.3856239,708
wfs:PARKINFOOGD.3856240,709
wfs:PARKINFOOGD.3856241,710
wfs:PARKINFOOGD.3856242,711
wfs:PARKINFOOGD.3856243,712
wfs:PARKINFOOGD.3856244,713
wfs:PARKINFOOGD.3856245,714
wfs:PARKINFOOGD.3856246,715
wfs:PARKINFOOGD.3856247,716
wfs:PARKINFOOGD.3856248,717
wfs:PARKINFOOGD.3856249,718
wfs:PARKINFOOGD.3856250,719
wfs:PARKINFOOGD.3856251,720
wfs:PARKINFOOGD.3856252,721
wfs:PARKINFOOGD.3856253,722
wfs:PARKINFOOGD.3856254,723
wfs:PARKINFOOGD.3856255,724
wfs:PARKINFOOGD.3856256,725
wfs:PARKINFOOGD.3856257,726
wfs:PARKINFOOGD.3856258,727
wfs:PARKINFOOGD.3856259,728
wfs:PARKINFOOGD.3856260,729
wfs:PARKINFOOGD.3856261,730
wfs:PARKINFOOGD.3856262,731
wfs:PARKINFOOGD.3856263,732
wfs:PARKINFOOGD.3856264,733
wfs:PARKINFOOGD.3856265,734
wfs:PARKINFOOGD.3856266,735
wfs:PARKINFOOGD.3856267,736
wfs:PARKINFOOGD.3856268,737
wfs:PARKINFOOGD.3856269,738
wfs:PARKINFOOGD.3856270,739
wfs:PARKINFOOGD.3856271,740
wfs:PARKINFOOGD.3856272,741
wfs:PARKINFOOGD.3856273,742
wfs:PARKINFOOGD.3856274,743
wfs:PARKINFOOGD.3856275,744
wfs:PARKINFOOGD.3856276,745
wfs:PARKINFOOGD.3856277,746
wfs:PARKINFOOGD.3856278,747
wfs:PARKINFOOGD.3856279,748
wfs:PARKINFOOGD.3856280,749
wfs:PARKINFOOGD.3856281,750
wfs:PARKINFOOGD.3856282,751
wfs:PARKINFOOGD.3856283,752
wfs:PARKINFOOGD.3856284,753
wfs:PARKINFOOGD.3856285,754
wfs:PARKINFOOGD.3856286,755
wfs:PARKINFOOGD.3856287,756
wfs:PARKINFOOGD.3856288,757
wfs:PARKINFOOGD.3856315,758
wfs:PARKINFOOGD.3856316,759
wfs:PARKINFOOGD.3856317,760
wfs:PARKINFOOGD.3856318,761
wfs:PARKINFOOGD.3856319,762
wfs:PARKINFOOGD.3856320,763
wfs:PARKINFOOGD.3856321,764
wfs:PARKINFOOGD.3856289,765
wfs:PARKINFOOGD.3856290,766
wfs:PARKINFOOGD.3856291,767
wfs:PARKINFOOGD.3856292,768
wfs:PARKINFOOGD.3856293,769
wfs:PARKINFOOGD.3856294,770
wfs:PARKINFOOGD.3856295,771
wfs:PARKINFOOGD.3856296,772
wfs:PARKINFOOGD.3856297,773
wfs:PARKINFOOGD.3856298,774
wfs:PARKINFOOGD.3856299,775
wfs:PARKINFOOGD.3856300,776
wfs:PARKINFOOGD.3856301,777
wfs:PARKINFOOGD.3856302,778
wfs:PARKINFOOGD.3856303,779
wfs:PARKINFOOGD.3856304,780
wfs:PARKINFOOGD.3856305,781
wfs:PARKINFOOGD.3856306,782
wfs:PARKINFOOGD.3856307,783
wfs:PARKINFOOGD.3856308,784
wfs:PARKINFOOGD.3856309,785
wfs:PARKINFOOGD.3856310,786
wfs:PARKINFOOGD.3856311,787
wfs:PARKINFOOGD.3856312,788
wfs:PARKINFOOGD.3856313,789
wfs:PARKINFOOGD.3856314,790
wfs:PARKINFOOGD.3856322,791
wfs:PARKINFOOGD.3856323,792
wfs:PARKINFOOGD.3856324,793
wfs:PARKINFOOGD.3856325,794
wfs:PARKINFOOGD.3856326,795
wfs:PARKINFOOGD.3856327,796
wfs:PARKINFOOGD.3856328,797
wfs:PARKINFOOGD.3856329,798
wfs:PARKINFOOGD.3856330,799
wfs:PARKINFOOGD.3856331,800
wfs:PARKINFOOGD.3856332,801
wfs:PARKINFOOGD.3856333,802
wfs:PARKINFOOGD.3856334,803
wfs:PARKINFOOGD.3856335,804
wfs:PARKINFOOGD.3856336,805
wfs:PARKINFOOGD.3856337,806
wfs:PARKINFOOGD.3856338,807
wfs:PARKINFOOGD.3856339,808
wfs:PARKINFOOGD.3856340,809
wfs:PARKINFOOGD.3856341,810
wfs:PARKINFOOGD.3856342,811
wfs:PARKINFOOGD.3856343,812
wfs:PARKINFOOGD.3856344,813
wfs:PARKINFOOGD.3856345,814
wfs:PARKINFOOGD.3856346,815
wfs:PARKINFOOGD.3856347,816
wfs:PARKINFOOGD.3856348,817
wfs:PARKINFOOGD.3856349,818
wfs:PARKINFOOGD.3856350,819
wfs:PARKINFOOGD.3856351,820
wfs:PARKINFOOGD.3856352,821
wfs:PARKINFOOGD.3856353,822
wfs:PARKINFOOGD.3856354,823
wfs:PARKINFOOGD.3856092,824
wfs:PARKINFOOGD.3856093,825
wfs:PARKINFOOGD.3856094,826
wfs:PARKINFOOGD.3856095,827
wfs:PARKINFOOGD.3856096,828
wfs:PARKINFOOGD.3856097,829
wfs:PARKINFOOGD.3856098,830
wfs:PARKINFOOGD.3856099,831
wfs:PARKINFOOGD.3856100,832
wfs:PARKINFOOGD.3856101,833
wfs:PARKINFOOGD.3856102,834
wfs:PARKINFOOGD.3856103,835
wfs:PARKINFOOGD.3856104,836
wfs:PARKINFOOGD.3856105,837
wfs:PARKINFOOGD.3856106,838
wfs:PARKINFOOGD.3856107,839
wfs:PARKINFOOGD.3856108,840
wfs:PARKINFOOGD.3856109,841
wfs:PARKINFOOGD.3856110,842
wfs:PARKINFOOGD.3856111,843
wfs:PARKINFOOGD.3856112,844
wfs:PARKINFOOGD.3856113,845
wfs:PARKINFOOGD.3856114,846
wfs:PARKINFOOGD.3856115,847
wfs:PARKINFOOGD.3856116,848
wfs:PARKINFOOGD.3856117,849
wfs:PARKINFOOGD.3856118,850
wfs:PARKINFOOGD.3856119,851
wfs:PARKINFOOGD.3856120,852
wfs:PARKINFOOGD.3856121,853
wfs:PARKINFOOGD.3856122,854
wfs:PARKINFOOGD.3856123,855
wfs:PARKINFOOGD.3856124,856
wfs:PARKINFOOGD.3856125,857
wfs:PARKINFOOGD.3856126,858
wfs:PARKINFOOGD.3856127,859
wfs:PARKINFOOGD.3856128,860
wfs:PARKINFOOGD.3856129,861
wfs:PARKINFOOGD.3856130,862
wfs:PARKINFOOGD.3856131,863
wfs:PARKINFOOGD.3856132,864
wfs:PARKINFOOGD.3856133,865
wfs:PARKINFOOGD.3856134,866
wfs:PARKINFOOGD.3856135,867
wfs:PARKINFOOGD.3856136,868
wfs:PARKINFOOGD.3856137,869
wfs:PARKINFOOGD.3856138,870
wfs:PARKINFOOGD.3856139,871
wfs:PARKINFOOGD.3856140,872
wfs:PARKINFOOGD.3856141,873
wfs:PARKINFOOGD.3856142,874
wfs:PARKINFOOGD.3856143,875
wfs:PARKINFOOGD.3856144,876
wfs:PARKINFOOGD.3856145,877
wfs:PARKINFOOGD.3856146,878
wfs:PARKINFOOGD.3856147,879
wfs:PARKINFOOGD.3856148,880
wfs:PARKINFOOGD.3856149,881
wfs:PARKINFOOGD.3856150,882
wfs:PARKINFOOGD.3856151,883
wfs:PARKINFOOGD.3856152,884
wfs:PARKINFOOGD.3856153,885
wfs:PARKINFOOGD.3856154,886
wfs:PARKINFOOGD.3856155,887
wfs:PARKINFOOGD.3856156,888
wfs:PARKINFOOGD.3856157,889
wfs:PARKINFOOGD.3855927,890
wfs:PARKINFOOGD.3855928,891
wfs:PARKINFOOGD.3855929,892
wfs:PARKINFOOGD.3855930,893
wfs:PARKINFOOGD.3855931,894
wfs:PARKINFOOGD.3855932,895
wfs:PARKINFOOGD.3855933,896
wfs:PARKINFOOGD.3855934,897
wfs:PARKINFOOGD.3855935,898
wfs:PARKINFOOGD.3855936,899
wfs:PARKINFOOGD.3855937,900
wfs:PARKINFOOGD.3855938,901
wfs:PARKINFOOGD.3855939,902
wfs:PARKINFOOGD.3855940,903
wfs:PARKINFOOGD.3855941,904
wfs:PARKINFOOGD.3855942,905
wfs:PARKINFOOGD.3855943,906
wfs:PARKINFOOGD.3855944,907
wfs:PARKINFOOGD.3855945,908
wfs:PARKINFOOGD.3855946,909
wfs:PARKINFOOGD.3855947,910
wfs:PARKINFOOGD.3855948,911
wfs:PARKINFOOGD.3855949,912
wfs:PARKINFOOGD.3855950,913
wfs:PARKINFOOGD.3855951,914
wfs:PARKINFOOGD.3855952,915
wfs:PARKINFOOGD.3855953,916
wfs:PARKINFOOGD.3855954,917
wfs:PARKINFOOGD.3855955,918
wfs:PARKINFOOGD.3855956,919
wfs:PARKINFOOGD.3855957,920
wfs:PARKINFOOGD.3855958,921
wfs:PARKINFOOGD.3855959,922
wfs:PARKINFOOGD.3855961,923
wfs:PARKINFOOGD.3855962,924
wfs:PARKINFOOGD.3855963,925
wfs:PARKINFOOGD.3855964,926
wfs:PARKINFOOGD.3855965,927
wfs:PARKINFOOGD.3855966,928
wfs:PARKINFOOGD.3855967,929
wfs:PARKINFOOGD.3855968,930
wfs:PARKINFOOGD.3855969,931
wfs:PARKINFOOGD.3855970,932
wfs:PARKINFOOGD.3855971,933
wfs:PARKINFOOGD.3855972,934
wfs:PARKINFOOGD.3855973,935
wfs:PARKINFOOGD.3855974,936
wfs:PARKINFOOGD.3855975,937
wfs:PARKINFOOGD.3855976,938
wfs:PARKINFOOGD.3855977,939
wfs:PARKINFOOGD.3855978,940
wfs:PARKINFOOGD.3855979,941
wfs:PARKINFOOGD.3855980,942
wfs:PARKINFOOGD.3855981,943
wfs:PARKINFOOGD.3855982,944
wfs:PARKINFOOGD.3855983,945
wfs:PARKINFOOGD.3855984,946
wfs:PARKINFOOGD.3855985,947
wfs:PARKINFOOGD.3855986,948
wfs:PARKINFOOGD.3855987,949
wfs:PARKINFOOGD.3855988,950
wfs:PARKINFOOGD.3855989,951
wfs:PARKINFOOGD.3855990,952
wfs:PARKINFOOGD.3855991,953
wfs:PARKINFOOGD.3855992,954
wfs:PARKINFOOGD.3855993,955
wfs:PARKINFOOGD.3855960,956
wfs:PARKINFOOGD.3855994,957
wfs:PARKINFOOGD.3855995,958
wfs:PARKINFOOGD.3855996,959
wfs:PARKINFOOGD.3855997,960
wfs:PARKINFOOGD.3855998,961
wfs:PARKINFOOGD.3855999,962
wfs:PARKINFOOGD.3856000,963
wfs:PARKINFOOGD.3856001,964
wfs:PARKINFOOGD.3856002,965
wfs:PARKINFOOGD.3856003,966
wfs:PARKINFOOGD.3856004,967
wfs:PARKINFOOGD.3856005,968
wfs:PARKINFOOGD.3856006,969
wfs:PARKINFOOGD.3856007,970
wfs:PARKINFOOGD.3856008,971
wfs:PARKINFOOGD.3856009,972
wfs:PARKINFOOGD.3856010,973
wfs:PARKINFOOGD.3856011,974
wfs:PARKINFOOGD.3856012,975
wfs:PARKINFOOGD.3856013,976
wfs:PARKINFOOGD.3856014,977
wfs:PARKINFOOGD.3856015,978
wfs:PARKINFOOGD.3856016,979
wfs:PARKINFOOGD.3856017,980
wfs:PARKINFOOGD.3856018,981
wfs:PARKINFOOGD.3856019,982
wfs:PARKINFOOGD.3856020,983
wfs:PARKINFOOGD.3856021,984
wfs:PARKINFOOGD.3856022,985
wfs:PARKINFOOGD.3856023,986
wfs:PARKINFOOGD.3856024,987
wfs:PARKINFOOGD.3856025,988
wfs:PARKINFOOGD.3856026,989
wfs:PARKINFOOGD.3856027,990
wfs:PARKINFOOGD.3856028,991
wfs:PARKINFOOGD.3856029,992
wfs:PARKINFOOGD.3856030,993
wfs:PARKINFOOGD.3856031,994
wfs:PARKINFOOGD.3856032,995
wfs:PARKINFOOGD.3856033,996
wfs:PARKINFOOGD.3856034,997
wfs:PARKINFOOGD.3856035,998
wfs:PARKINFOOGD.3856036,999
wfs:PARKINFOOGD.3856037,1000
wfs:PARKINFOOGD.3856038,1001
wfs:PARKINFOOGD.3856039,1002
wfs:PARKINFOOGD.3856040,1003
wfs:PARKINFOOGD.3856041,1004
wfs:PARKINFOOGD.3856042,1005
wfs:PARKINFOOGD.3856043,1006
wfs:PARKINFOOGD.3856044,1007
wfs:PARKINFOOGD.3856045,1008
wfs:PARKINFOOGD.3856046,1009
wfs:PARKINFOOGD.3856047,1010
wfs:PARKINFOOGD.3856048,1011
wfs:PARKINFOOGD.3856049,1012
wfs:PARKINFOOGD.3856050,1013
wfs:PARKINFOOGD.3856051,1014
wfs:PARKINFOOGD.3856052,1015
wfs:PARKINFOOGD.3856053,1016
wfs:PARKINFOOGD.3856054,1017
wfs:PARKINFOOGD.3856055,1018
wfs:PARKINFOOGD.3856056,1019
wfs:PARKINFOOGD.3856057,1020
wfs:PARKINFOOGD.3856058,1021
wfs:PARKINFOOGD.3856059,1022
wfs:PARKINFOOGD.3856060,1023
wfs:PARKINFOOGD.3856061,1024
wfs:PARKINFOOGD.3856062,1025
wfs:PARKINFOOGD.3856063,1026
wfs:PARKINFOOGD.3856064,1027
wfs:PARKINFOOGD.3856065,1028
wfs:PARKINFOOGD.3856066,1029
wfs:PARKINFOOGD.3856067,1030
wfs:PARKINFOOGD.3856068,1031
wfs:PARKINFOOGD.3856069,1032
wfs:PARKINFOOGD.3856070,1033
wfs:PARKINFOOGD.3856071,1034
wfs:PARKINFOOGD.3856072,1035
wfs:PARKINFOOGD.3856073,1036
wfs:PARKINFOOGD.3856074,1037
wfs:PARKINFOOGD.3856075,1038
wfs:PARKINFOOGD.3856076,1039
wfs:PARKINFOOGD.3856077,1040
wfs:PARKINFOOGD.3856078,1041
wfs:PARKINFOOGD.3856079,1042
wfs:PARKINFOOGD.3856080,1043
wfs:PARKINFOOGD.3856081,1044
wfs:PARKINFOOGD.3856082,1045
wfs:PARKINFOOGD.3856083,1046
wfs:PARKINFOOGD.3856084,1047
wfs:PARKINFOOGD.3856085,1048
wfs:PARKINFOOGD.3856086,1049
wfs:PARKINFOOGD.3856087,1050
wfs:PARKINFOOGD.3856088,1051
wfs:PARKINFOOGD.3856089,1052
wfs:PARKINFOOGD.3856090,1053
wfs:PARKINFOOGD.3856091,1054
wfs:SCHULEOGD.1900662,1055
wfs:SCHULEOGD.1900663,1056
wfs:SCHULEOGD.1900664,1057
wfs:SCHULEOGD.1900665,1058
wfs:SCHULEOGD.1900666,1059
wfs:SCHULEOGD.1900667,1060
wfs:SCHULEOGD.1900668,1061
wfs:SCHULEOGD.1900669,1062
wfs:SCHULEOGD.1900670,1063
wfs:SCHULEOGD.1900671,1064
wfs:SCHULEOGD.1900672,1065
wfs:SCHULEOGD.1900673,1066
wfs:SCHULEOGD.1900674,1067
wfs:SCHULEOGD.1900675,1068
wfs:SCHULEOGD.1900676,1069
wfs:SCHULEOGD.1900677,1070
wfs:SCHULEOGD.1900678,1071
wfs:SCHULEOGD.1900679,1072
wfs:SCHULEOGD.1900680,1073
wfs:SCHULEOGD.1900681,1074
wfs:SCHULEOGD.1900682,1075
wfs:SCHULEOGD.1900885,1076
wfs:SCHULEOGD.1900886,1077
wfs:SCHULEOGD.1900887,1078
wfs:SCHULEOGD.1900888,1079
wfs:SCHULEOGD.1900889,1080
wfs:SCHULEOGD.1900890,1081
wfs:SCHULEOGD.1900891,1082
wfs:SCHULEOGD.1900892,1083
wfs:SCHULEOGD.1900893,1084
wfs:SCHULEOGD.1900894,1085
wfs:SCHULEOGD.1900895,1086
wfs:SCHULEOGD.1900896,1087
wfs:SCHULEOGD.1900897,1088
wfs:SCHULEOGD.1900898,1089
wfs:SCHULEOGD.1900899,1090
wfs:SCHULEOGD.1900900,1091
wfs:SCHULEOGD.1900901,1092
wfs:SCHULEOGD.1900902,1093
wfs:SCHULEOGD.1900903,1094
wfs:SCHULEOGD.1900904,1095
wfs:SCHULEOGD.1900905,1096
wfs:SCHULEOGD.1900906,1097
wfs:SCHULEOGD.1900907,1098
wfs:SCHULEOGD.1900908,1099
wfs:SCHULEOGD.1900909,1100
wfs:SCHULEOGD.1900910,1101
wfs:SCHULEOGD.1900911,1102
wfs:SCHULEOGD.1900912,1103
wfs:SCHULEOGD.1900913,1104
wfs:SCHULEOGD.1900914,1105
wfs:SCHULEOGD.1900915,1106
wfs:SCHULEOGD.1900916,1107
wfs:SCHULEOGD.1900917,1108
wfs:SCHULEOGD.1900918,1109
wfs:SCHULEOGD.1900919,1110
wfs:SCHULEOGD.1900920,1111
wfs:SCHULEOGD.1900921,1112
wfs:SCHULEOGD.1900922,1113
wfs:SCHULEOGD.1900923,1114
wfs:SCHULEOGD.1900924,1115
wfs:SCHULEOGD.1900683,1116
wfs:SCHULEOGD.1900684,1117
wfs:SCHULEOGD.1900685,1118
wfs:SCHULEOGD.1900686,1119
wfs:SCHULEOGD.1900687,1120
wfs:SCHULEOGD.1900688,1121
wfs:SCHULEOGD.1900689,1122
wfs:SCHULEOGD.1900690,1123
wfs:SCHULEOGD.1900691,1124
wfs:SCHULEOGD.1900692,1125
wfs:SCHULEOGD.1900693,1126
wfs:SCHULEOGD.1900694,1127
wfs:SCHULEOGD.1900695,1128
wfs:SCHULEOGD.1900696,1129
wfs:SCHULEOGD.1900697,1130
wfs:SCHULEOGD.1900698,1131
wfs:SCHULEOGD.1900699,1132
wfs:SCHULEOGD.1900700,1133
wfs:SCHULEOGD.1900701,1134
wfs:SCHULEOGD.1900702,1135
wfs:SCHULEOGD.1900703,1136
wfs:SCHULEOGD.1900704,1137
wfs:SCHULEOGD.1900705,1138
wfs:SCHULEOGD.1900706,1139
wfs:SCHULEOGD.1900707,1140
wfs:SCHULEOGD.1900708,1141
wfs:SCHULEOGD.1900709,1142
wfs:SCHULEOGD.1900710,1143
wfs:SCHULEOGD.1900711,1144
wfs:SCHULEOGD.1900712,1145
wfs:SCHULEOGD.1900713,1146
wfs:SCHULEOGD.1900714,1147
wfs:SCHULEOGD.1900715,1148
wfs:SCHULEOGD.1900716,1149
wfs:SCHULEOGD.1900717,1150
wfs:SCHULEOGD.1900718,1151
wfs:SCHULEOGD.1900719,1152
wfs:SCHULEOGD.1900720,1153
wfs:SCHULEOGD.1900721,1154
wfs:SCHULEOGD.1900722,1155
wfs:SCHULEOGD.1900723,1156
wfs:SCHULEOGD.1900724,1157
wfs:SCHULEOGD.1900725,1158
wfs:SCHULEOGD.1900726,1159
wfs:SCHULEOGD.1900727,1160
wfs:SCHULEOGD.1900728,1161
wfs:SCHULEOGD.1900729,1162
wfs:SCHULEOGD.1900730,1163
wfs:SCHULEOGD.1900731,1164
wfs:SCHULEOGD.1900732,1165
wfs:SCHULEOGD.1900733,1166
wfs:SCHULEOGD.1900734,1167
wfs:SCHULEOGD.1900735,1168
wfs:SCHULEOGD.1900736,1169
wfs:SCHULEOGD.1900737,1170
wfs:SCHULEOGD.1900738,1171
wfs:SCHULEOGD.1900739,1172
wfs:SCHULEOGD.1900740,1173
wfs:SCHULEOGD.1900753,1174
wfs:SCHULEOGD.1900754,1175
wfs:SCHULEOGD.1900755,1176
wfs:SCHULEOGD.1900756,1177
wfs:SCHULEOGD.1900757,1178
wfs:SCHULEOGD.1900758,1179
wfs:SCHULEOGD.1900741,1180
wfs:SCHULEOGD.1900742,1181
wfs:SCHULEOGD.1900743,1182
wfs:SCHULEOGD.1900744,1183
wfs:SCHULEOGD.1900745,1184
wfs:SCHULEOGD.1900746,1185
wfs:SCHULEOGD.1900747,1186
wfs:SCHULEOGD.1900748,1187
wfs:SCHULEOGD.1900749,1188
wfs:SCHULEOGD.1900750,1189
wfs:SCHULEOGD.1900751,1190
wfs:SCHULEOGD.1900752,1191
wfs:SCHULEOGD.1900759,1192
wfs:SCHULEOGD.1900760,1193
wfs:SCHULEOGD.1900761,1194
wfs:SCHULEOGD.1900762,1195
wfs:SCHULEOGD.1900763,1196
wfs:SCHULEOGD.1900764,1197
wfs:SCHULEOGD.1900765,1198
wfs:SCHULEOGD.1900766,1199
wfs:SCHULEOGD.1900767,1200
wfs:SCHULEOGD.1900768,1201
wfs:SCHULEOGD.1900769,1202
wfs:SCHULEOGD.1900770,1203
wfs:SCHULEOGD.1900771,1204
wfs:SCHULEOGD.1900772,1205
wfs:SCHULEOGD.1900773,1206
wfs:SCHULEOGD.1900774,1207
wfs:SCHULEOGD.1900775,1208
wfs:SCHULEOGD.1900776,1209
wfs:SCHULEOGD.1900777,1210
wfs:SCHULEOGD.1900778,1211
wfs:SCHULEOGD.1900779,1212
wfs:SCHULEOGD.1900780,1213
wfs:SCHULEOGD.1900782,1214
wfs:SCHULEOGD.1900783,1215
wfs:SCHULEOGD.1900784,1216
wfs:SCHULEOGD.1900785,1217
wfs:SCHULEOGD.1900786,1218
wfs:SCHULEOGD.1900787,1219
wfs:SCHULEOGD.1900788,1220
wfs:SCHULEOGD.1900789,1221
wfs:SCHULEOGD.1900790,1222
wfs:SCHULEOGD.1900791,1223
wfs:SCHULEOGD.1900792,1224
wfs:SCHULEOGD.1900793,1225
wfs:SCHULEOGD.1900794,1226
wfs:SCHULEOGD.1900795,1227
wfs:SCHULEOGD.1900796,1228
wfs:SCHULEOGD.1900797,1229
wfs:SCHULEOGD.1900798,1230
wfs:SCHULEOGD.1900799,1231
wfs:SCHULEOGD.1900800,1232
wfs:SCHULEOGD.1900781,1233
wfs:SCHULEOGD.1900801,1234
wfs:SCHULEOGD.1900802,1235
wfs:SCHULEOGD.1900803,1236
wfs:SCHULEOGD.1900804,1237
wfs:SCHULEOGD.1900805,1238
wfs:SCHULEOGD.1900806,1239
wfs:SCHULEOGD.1900807,1240
wfs:SCHULEOGD.1900808,1241
wfs:SCHULEOGD.1900809,1242
wfs:SCHULEOGD.1900810,1243
wfs:SCHULEOGD.1900811,1244
wfs:SCHULEOGD.1900812,1245
wfs:SCHULEOGD.1900813,1246
wfs:SCHULEOGD.1900814,1247
wfs:SCHULEOGD.1900815,1248
wfs:SCHULEOGD.1900816,1249
wfs:SCHULEOGD.1900817,1250
wfs:SCHULEOGD.1900818,1251
wfs:SCHULEOGD.1900819,1252
wfs:SCHULEOGD.1900820,1253
wfs:SCHULEOGD.1900821,1254
wfs:SCHULEOGD.1900822,1255
wfs:SCHULEOGD.1900823,1256
wfs:SCHULEOGD.1900824,1257
wfs:SCHULEOGD.1900825,1258
wfs:SCHULEOGD.1900826,1259
wfs:SCHULEOGD.1900827,1260
wfs:SCHULEOGD.1900828,1261
wfs:SCHULEOGD.1900829,1262
wfs:SCHULEOGD.1900830,1263
wfs:SCHULEOGD.1900831,1264
wfs:SCHULEOGD.1900832,1265
wfs:SCHULEOGD.1900833,1266
wfs:SCHULEOGD.1900834,1267
wfs:SCHULEOGD.1900835,1268
wfs:SCHULEOGD.1900836,1269
wfs:SCHULEOGD.1900837,1270
wfs:SCHULEOGD.1900838,1271
wfs:SCHULEOGD.1900839,1272
wfs:SCHULEOGD.1900840,1273
wfs:SCHULEOGD.1900841,1274
wfs:SCHULEOGD.1900842,1275
wfs:SCHULEOGD.1900843,1276
wfs:SCHULEOGD.1900844,1277
wfs:SCHULEOGD.1900845,1278
wfs:SCHULEOGD.1900846,1279
wfs:SCHULEOGD.1900847,1280
wfs:SCHULEOGD.1900848,1281
wfs:SCHULEOGD.1900849,1282
wfs:SCHULEOGD.1900850,1283
wfs:SCHULEOGD.1900851,1284
wfs:SCHULEOGD.1900852,1285
wfs:SCHULEOGD.1900853,1286
wfs:SCHULEOGD.1900854,1287
wfs:SCHULEOGD.1900855,1288
wfs:SCHULEOGD.1900856,1289
wfs:SCHULEOGD.1900857,1290
wfs:SCHULEOGD.1900858,1291
wfs:SCHULEOGD.1900859,1292
wfs:SCHULEOGD.1900860,1293
wfs:SCHULEOGD.1900861,1294
wfs:SCHULEOGD.1900862,1295
wfs:SCHULEOGD.1900863,1296
wfs:SCHULEOGD.1900864,1297
wfs:SCHULEOGD.1900865,1298
wfs:SCHULEOGD.1900866,1299
wfs:SCHULEOGD.1900867,1300
wfs:SCHULEOGD.1900868,1301
wfs:SCHULEOGD.1900869,1302
wfs:SCHULEOGD.1900870,1303
wfs:SCHULEOGD.1900871,1304
wfs:SCHULEOGD.1900872,1305
wfs:SCHULEOGD.1900873,1306
wfs:SCHULEOGD.1900874,1307
wfs:SCHULEOGD.1900875,1308
wfs:SCHULEOGD.1900876,1309
wfs:SCHULEOGD.1900877,1310
wfs:SCHULEOGD.1900878,1311
wfs:SCHULEOGD.1900879,1312
wfs:SCHULEOGD.1900880,1313
wfs:SCHULEOGD.1900881,1314
wfs:SCHULEOGD.1900882,1315
wfs:SCHULEOGD.1900883,1316
wfs:SCHULEOGD.1900884,1317
wfs:SCHULEOGD.1901169,1318
wfs:SCHULEOGD.1901170,1319
wfs:SCHULEOGD.1901171,1320
wfs:SCHULEOGD.1901172,1321
wfs:SCHULEOGD.1901173,1322
wfs:SCHULEOGD.1901174,1323
wfs:SCHULEOGD.1901175,1324
wfs:SCHULEOGD.1901176,1325
wfs:SCHULEOGD.1901177,1326
wfs:SCHULEOGD.1901178,1327
wfs:SCHULEOGD.1901179,1328
wfs:SCHULEOGD.1901180,1329
wfs:SCHULEOGD.1901181,1330
wfs:SCHULEOGD.1901182,1331
wfs:SCHULEOGD.1901183,1332
wfs:SCHULEOGD.1901184,1333
wfs:SCHULEOGD.1901185,1334
wfs:SCHULEOGD.1901186,1335
wfs:SCHULEOGD.1901187,1336
wfs:SCHULEOGD.1901188,1337
wfs:SCHULEOGD.1901189,1338
wfs:SCHULEOGD.1901190,1339
wfs:SCHULEOGD.1900925,1340
wfs:SCHULEOGD.1900926,1341
wfs:SCHULEOGD.1900927,1342
wfs:SCHULEOGD.1900928,1343
wfs:SCHULEOGD.1900929,1344
wfs:SCHULEOGD.1900930,1345
wfs:SCHULEOGD.1900931,1346
wfs:SCHULEOGD.1900932,1347
wfs:SCHULEOGD.1900933,1348
wfs:SCHULEOGD.1900934,1349
wfs:SCHULEOGD.1900935,1350
wfs:SCHULEOGD.1900936,1351
wfs:SCHULEOGD.1900937,1352
wfs:SCHULEOGD.1900938,1353
wfs:SCHULEOGD.1900939,1354
wfs:SCHULEOGD.1900940,1355
wfs:SCHULEOGD.1900941,1356
wfs:SCHULEOGD.1900942,1357
wfs:SCHULEOGD.1900943,1358
wfs:SCHULEOGD.1900944,1359
wfs:SCHULEOGD.1900945,1360
wfs:SCHULEOGD.1900946,1361
wfs:SCHULEOGD.1900947,1362
wfs:SCHULEOGD.1900948,1363
wfs:SCHULEOGD.1900949,1364
wfs:SCHULEOGD.1900950,1365
wfs:SCHULEOGD.1900951,1366
wfs:SCHULEOGD.1900952,1367
wfs:SCHULEOGD.1900953,1368
wfs:SCHULEOGD.1900954,1369
wfs:SCHULEOGD.1900955,1370
wfs:SCHULEOGD.1900956,1371
wfs:SCHULEOGD.1900957,1372
wfs:SCHULEOGD.1900958,1373
wfs:SCHULEOGD.1900959,1374
wfs:SCHULEOGD.1900960,1375
wfs:SCHULEOGD.1900961,1376
wfs:SCHULEOGD.1900962,1377
wfs:SCHULEOGD.1900963,1378
wfs:SCHULEOGD.1900964,1379
wfs:SCHULEOGD.1900965,1380
wfs:SCHULEOGD.1900966,1381
wfs:SCHULEOGD.1900967,1382
wfs:SCHULEOGD.1900968,1383
wfs:SCHULEOGD.1900969,1384
wfs:SCHULEOGD.1900970,1385
wfs:SCHULEOGD.1900971,1386
wfs:SCHULEOGD.1900972,1387
wfs:SCHULEOGD.1900973,1388
wfs:SCHULEOGD.1900974,1389
wfs:SCHULEOGD.1900975,1390
wfs:SCHULEOGD.1900976,1391
wfs:SCHULEOGD.1900977,1392
wfs:SCHULEOGD.1900978,1393
wfs:SCHULEOGD.1900979,1394
wfs:SCHULEOGD.1900980,1395
wfs:SCHULEOGD.1900981,1396
wfs:SCHULEOGD.1900982,1397
wfs:SCHULEOGD.1900983,1398
wfs:SCHULEOGD.1900984,1399
wfs:SCHULEOGD.1900985,1400
wfs:SCHULEOGD.1900986,1401
wfs:SCHULEOGD.1900987,1402
wfs:SCHULEOGD.1900988,1403
wfs:SCHULEOGD.1900989,1404
wfs:SCHULEOGD.1900990,1405
wfs:SCHULEOGD.1900991,1406
wfs:SCHULEOGD.1900992,1407
wfs:SCHULEOGD.1900993,1408
wfs:SCHULEOGD.1900994,1409
wfs:SCHULEOGD.1900995,1410
wfs:SCHULEOGD.1900996,1411
wfs:SCHULEOGD.1900997,1412
wfs:SCHULEOGD.1900998,1413
wfs:SCHULEOGD.1900999,1414
wfs:SCHULEOGD.1901000,1415
wfs:SCHULEOGD.1901001,1416
wfs:SCHULEOGD.1901002,1417
wfs:SCHULEOGD.1901003,1418
wfs:SCHULEOGD.1901004,1419
wfs:SCHULEOGD.1901005,1420
wfs:SCHULEOGD.1901006,1421
wfs:SCHULEOGD.1901007,1422
wfs:SCHULEOGD.1901008,1423
wfs:SCHULEOGD.1901009,1424
wfs:SCHULEOGD.1901010,1425
wfs:SCHULEOGD.1901011,1426
wfs:SCHULEOGD.1901012,1427
wfs:SCHULEOGD.1901013,1428
wfs:SCHULEOGD.1901014,1429
wfs:SCHULEOGD.1901015,1430
wfs:SCHULEOGD.1901016,1431
wfs:SCHULEOGD.1901017,1432
wfs:SCHULEOGD.1901018,1433
wfs:SCHULEOGD.1901019,1434
wfs:SCHULEOGD.1901020,1435
wfs:SCHULEOGD.1901021,1436
wfs:SCHULEOGD.1901022,1437
wfs:SCHULEOGD.1901023,1438
wfs:SCHULEOGD.1901024,1439
wfs:SCHULEOGD.1901025,1440
wfs:SCHULEOGD.1901026,1441
wfs:SCHULEOGD.1901027,1442
wfs:SCHULEOGD.1901028,1443
wfs:SCHULEOGD.1901029,1444
wfs:SCHULEOGD.1901030,1445
wfs:SCHULEOGD.1901031,1446
wfs:SCHULEOGD.1901032,1447
wfs:SCHULEOGD.1901033,1448
wfs:SCHULEOGD.1901034,1449
wfs:SCHULEOGD.1901035,1450
wfs:SCHULEOGD.1901036,1451
wfs:SCHULEOGD.1901037,1452
wfs:SCHULEOGD.1901038,1453
wfs:SCHULEOGD.1901039,1454
wfs:SCHULEOGD.1901040,1455
wfs:SCHULEOGD.1901041,1456
wfs:SCHULEOGD.1901042,1457
wfs:SCHULEOGD.1901043,1458
wfs:SCHULEOGD.1901044,1459
wfs:SCHULEOGD.1901045,1460
wfs:SCHULEOGD.1901046,1461
wfs:SCHULEOGD.1901047,1462
wfs:SCHULEOGD.1901048,1463
wfs:SCHULEOGD.1901049,1464
wfs:SCHULEOGD.1901050,1465
wfs:SCHULEOGD.1901051,1466
wfs:SCHULEOGD.1901052,1467
wfs:SCHULEOGD.1901053,1468
wfs:SCHULEOGD.1901054,1469
wfs:SCHULEOGD.1901055,1470
wfs:SCHULEOGD.1901056,1471
wfs:SCHULEOGD.1901057,1472
wfs:SCHULEOGD.1901058,1473
wfs:SCHULEOGD.1901059,1474
wfs:SCHULEOGD.1901060,1475
wfs:SCHULEOGD.1901061,1476
wfs:SCHULEOGD.1901062,1477
wfs:SCHULEOGD.1901063,1478
wfs:SCHULEOGD.1901064,1479
wfs:SCHULEOGD.1901065,1480
wfs:SCHULEOGD.1901066,1481
wfs:SCHULEOGD.1901067,1482
wfs:SCHULEOGD.1901068,1483
wfs:SCHULEOGD.1901069,1484
wfs:SCHULEOGD.1901070,1485
wfs:SCHULEOGD.1901071,1486
wfs:SCHULEOGD.1901072,1487
wfs:SCHULEOGD.1901073,1488
wfs:SCHULEOGD.1901074,1489
wfs:SCHULEOGD.1901075,1490
wfs:SCHULEOGD.1901076,1491
wfs:SCHULEOGD.1901077,1492
wfs:SCHULEOGD.1901078,1493
wfs:SCHULEOGD.1901079,1494
wfs:SCHULEOGD.1901080,1495
wfs:SCHULEOGD.1901081,1496
wfs:SCHULEOGD.1901082,1497
wfs:SCHULEOGD.1901083,1498
wfs:SCHULEOGD.1901084,1499
wfs:SCHULEOGD.1901085,1500
wfs:SCHULEOGD.1901086,1501
wfs:SCHULEOGD.1901087,1502
wfs:SCHULEOGD.1901088,1503
wfs:SCHULEOGD.1901089,1504
wfs:SCHULEOGD.1901090,1505
wfs:SCHULEOGD.1901091,1506
wfs:SCHULEOGD.1901092,1507
wfs:SCHULEOGD.1901093,1508
wfs:SCHULEOGD.1901094,1509
wfs:SCHULEOGD.1901095,1510
wfs:SCHULEOGD.1901096,1511
wfs:SCHULEOGD.1901097,1512
wfs:SCHULEOGD.1901098,1513
wfs:SCHULEOGD.1901099,1514
wfs:SCHULEOGD.1901100,1515
wfs:SCHULEOGD.1901101,1516
wfs:SCHULEOGD.1901102,1517
wfs:SCHULEOGD.1901103,1518
wfs:SCHULEOGD.1901104,1519
wfs:SCHULEOGD.1901105,1520
wfs:SCHULEOGD.1901106,1521
wfs:SCHULEOGD.1901107,1522
wfs:SCHULEOGD.1901108,1523
wfs:SCHULEOGD.1901109,1524
wfs:SCHULEOGD.1901110,1525
wfs:SCHULEOGD.1901111,1526
wfs:SCHULEOGD.1901112,1527
wfs:SCHULEOGD.1901113,1528
wfs:SCHULEOGD.1901114,1529
wfs:SCHULEOGD.1901115,1530
wfs:SCHULEOGD.1901116,1531
wfs:SCHULEOGD.1901117,1532
wfs:SCHULEOGD.1901118,1533
wfs:SCHULEOGD.1901119,1534
wfs:SCHULEOGD.1901120,1535
wfs:SCHULEOGD.1901121,1536
wfs:SCHULEOGD.1901122,1537
wfs:SCHULEOGD.1901123,1538
wfs:SCHULEOGD.1901124,1539
wfs:SCHULEOGD.1901125,1540
wfs:SCHULEOGD.1901126,1541
wfs:SCHULEOGD.1901127,1542
wfs:SCHULEOGD.1901128,1543
wfs:SCHULEOGD.1901129,1544
wfs:SCHULEOGD.1901130,1545
wfs:SCHULEOGD.1901131,1546
wfs:SCHULEOGD.1901132,1547
wfs:SCHULEOGD.1901133,1548
wfs:SCHULEOGD.1901134,1549
wfs:SCHULEOGD.1901135,1550
wfs:SCHULEOGD.1901136,1551
wfs:SCHULEOGD.1901137,1552
wfs:SCHULEOGD.1901138,1553
wfs:SCHULEOGD.1901139,1554
wfs:SCHULEOGD.1901140,1555
wfs:SCHULEOGD.1901141,1556
wfs:SCHULEOGD.1901142,1557
wfs:SCHULEOGD.1901143,1558
wfs:SCHULEOGD.1901144,1559
wfs:SCHULEOGD.1901145,1560
wfs:SCHULEOGD.1901146,1561
wfs:SCHULEOGD.1901147,1562
wfs:SCHULEOGD.1901148,1563
wfs:SCHULEOGD.1901149,1564
wfs:SCHULEOGD.1901150,1565
wfs:SCHULEOGD.1901151,1566
wfs:SCHULEOGD.1901152,1567
wfs:SCHULEOGD.1901153,1568
wfs:SCHULEOGD.1901154,1569
wfs:SCHULEOGD.1901155,1570
wfs:SCHULEOGD.1901156,1571
wfs:SCHULEOGD.1901157,1572
wfs:SCHULEOGD.1901158,1573
wfs:SCHULEOGD.1901159,1574
wfs:SCHULEOGD.1901160,1575
wfs:SCHULEOGD.1901161,1576
wfs:SCHULEOGD.1901162,1577
wfs:SCHULEOGD.1901163,1578
wfs:SCHULEOGD.1901164,1579
wfs:SCHULEOGD.1901165,1580
wfs:SCHULEOGD.1901166,1581
wfs:SCHULEOGD.1901167,1582
wfs:SCHULEOGD.1901168,1583
wfs:SCHULEOGD.1900385,1584
wfs:SCHULEOGD.1900386,1585
wfs:SCHULEOGD.1900387,1586
wfs:SCHULEOGD.1900388,1587
wfs:SCHULEOGD.1900389,1588
wfs:SCHULEOGD.1900390,1589
wfs:SCHULEOGD.1900391,1590
wfs:SCHULEOGD.1900392,1591
wfs:SCHULEOGD.1900393,1592
wfs:SCHULEOGD.1900394,1593
wfs:SCHULEOGD.1900395,1594
wfs:SCHULEOGD.1900396,1595
wfs:SCHULEOGD.1900397,1596
wfs:SCHULEOGD.1900398,1597
wfs:SCHULEOGD.1900399,1598
wfs:SCHULEOGD.1900400,1599
wfs:SCHULEOGD.1900401,1600
wfs:SCHULEOGD.1900402,1601
wfs:SCHULEOGD.1900403,1602
wfs:SCHULEOGD.1900404,1603
wfs:SCHULEOGD.1900405,1604
wfs:SCHULEOGD.1900406,1605
wfs:SCHULEOGD.1900407,1606
wfs:SCHULEOGD.1900408,1607
wfs:SCHULEOGD.1900409,1608
wfs:SCHULEOGD.1900410,1609
wfs:SCHULEOGD.1900411,1610
wfs:SCHULEOGD.1900412,1611
wfs:SCHULEOGD.1900413,1612
wfs:SCHULEOGD.1900414,1613
wfs:SCHULEOGD.1900415,1614
wfs:SCHULEOGD.1900416,1615
wfs:SCHULEOGD.1900417,1616
wfs:SCHULEOGD.1900418,1617
wfs:SCHULEOGD.1900419,1618
wfs:SCHULEOGD.1900420,1619
wfs:SCHULEOGD.1900619,1620
wfs:SCHULEOGD.1900620,1621
wfs:SCHULEOGD.1900621,1622
wfs:SCHULEOGD.1900622,1623
wfs:SCHULEOGD.1900623,1624
wfs:SCHULEOGD.1900624,1625
wfs:SCHULEOGD.1900625,1626
wfs:SCHULEOGD.1900626,1627
wfs:SCHULEOGD.1900627,1628
wfs:SCHULEOGD.1900628,1629
wfs:SCHULEOGD.1900629,1630
wfs:SCHULEOGD.1900630,1631
wfs:SCHULEOGD.1900631,1632
wfs:SCHULEOGD.1900632,1633
wfs:SCHULEOGD.1900633,1634
wfs:SCHULEOGD.1900634,1635
wfs:SCHULEOGD.1900635,1636
wfs:SCHULEOGD.1900636,1637
wfs:SCHULEOGD.1900637,1638
wfs:SCHULEOGD.1900638,1639
wfs:SCHULEOGD.1900639,1640
wfs:SCHULEOGD.1900640,1641
wfs:SCHULEOGD.1900641,1642
wfs:SCHULEOGD.1900642,1643
wfs:SCHULEOGD.1900643,1644
wfs:SCHULEOGD.1900644,1645
wfs:SCHULEOGD.1900645,1646
wfs:SCHULEOGD.1900646,1647
wfs:SCHULEOGD.1900647,1648
wfs:SCHULEOGD.1900648,1649
wfs:SCHULEOGD.1900649,1650
wfs:SCHULEOGD.1900650,1651
wfs:SCHULEOGD.1900651,1652
wfs:SCHULEOGD.1900652,1653
wfs:SCHULEOGD.1900653,1654
wfs:SCHULEOGD.1900654,1655
wfs:SCHULEOGD.1900655,1656
wfs:SCHULEOGD.1900656,1657
wfs:SCHULEOGD.1900657,1658
wfs:SCHULEOGD.1900658,1659
wfs:SCHULEOGD.1900659,1660
wfs:SCHULEOGD.1900660,1661
wfs:SCHULEOGD.1900661,1662
wfs:SCHULEOGD.1900421,1663
wfs:SCHULEOGD.1900422,1664
wfs:SCHULEOGD.1900423,1665
wfs:SCHULEOGD.1900424,1666
wfs:SCHULEOGD.1900425,1667
wfs:SCHULEOGD.1900426,1668
wfs:SCHULEOGD.1900427,1669
wfs:SCHULEOGD.1900428,1670
wfs:SCHULEOGD.1900429,1671
wfs:SCHULEOGD.1900430,1672
wfs:SCHULEOGD.1900431,1673
wfs:SCHULEOGD.1900432,1674
wfs:SCHULEOGD.1900433,1675
wfs:SCHULEOGD.1900434,1676
wfs:SCHULEOGD.1900435,1677
wfs:SCHULEOGD.1900436,1678
wfs:SCHULEOGD.1900437,1679
wfs:SCHULEOGD.1900438,1680
wfs:SCHULEOGD.1900439,1681
wfs:SCHULEOGD.1900440,1682
wfs:SCHULEOGD.1900441,1683
wfs:SCHULEOGD.1900442,1684
wfs:SCHULEOGD.1900443,1685
wfs:SCHULEOGD.1900444,1686
wfs:SCHULEOGD.1900445,1687
wfs:SCHULEOGD.1900446,1688
wfs:SCHULEOGD.1900447,1689
wfs:SCHULEOGD.1900448,1690
wfs:SCHULEOGD.1900449,1691
wfs:SCHULEOGD.1900450,1692
wfs:SCHULEOGD.1900451,1693
wfs:SCHULEOGD.1900452,1694
wfs:SCHULEOGD.1900453,1695
wfs:SCHULEOGD.1900454,1696
wfs:SCHULEOGD.1900455,1697
wfs:SCHULEOGD.1900456,1698
wfs:SCHULEOGD.1900457,1699
wfs:SCHULEOGD.1900458,1700
wfs:SCHULEOGD.1900459,1701
wfs:SCHULEOGD.1900460,1702
wfs:SCHULEOGD.1900461,1703
wfs:SCHULEOGD.1900462,1704
wfs:SCHULEOGD.1900463,1705
wfs:SCHULEOGD.1900464,1706
wfs:SCHULEOGD.1900465,1707
wfs:SCHULEOGD.1900466,1708
wfs:SCHULEOGD.1900467,1709
wfs:SCHULEOGD.1900468,1710
wfs:SCHULEOGD.1900469,1711
wfs:SCHULEOGD.1900470,1712
wfs:SCHULEOGD.1900471,1713
wfs:SCHULEOGD.1900472,1714
wfs:SCHULEOGD.1900473,1715
wfs:SCHULEOGD.1900474,1716
wfs:SCHULEOGD.1900475,1717
wfs:SCHULEOGD.1900476,1718
wfs:SCHULEOGD.1900477,1719
wfs:SCHULEOGD.1900478,1720
wfs:SCHULEOGD.1900479,1721
wfs:SCHULEOGD.1900480,1722
wfs:SCHULEOGD.1900481,1723
wfs:SCHULEOGD.1900482,1724
wfs:SCHULEOGD.1900483,1725
wfs:SCHULEOGD.1900484,1726
wfs:SCHULEOGD.1900485,1727
wfs:SCHULEOGD.1900486,1728
wfs:SCHULEOGD.1900487,1729
wfs:SCHULEOGD.1900488,1730
wfs:SCHULEOGD.1900489,1731
wfs:SCHULEOGD.1900490,1732
wfs:SCHULEOGD.1900491,1733
wfs:SCHULEOGD.1900492,1734
wfs:SCHULEOGD.1900493,1735
wfs:SCHULEOGD.1900494,1736
wfs:SCHULEOGD.1900495,1737
wfs:SCHULEOGD.1900496,1738
wfs:SCHULEOGD.1900497,1739
wfs:SCHULEOGD.1900498,1740
wfs:SCHULEOGD.1900499,1741
wfs:SCHULEOGD.1900500,1742
wfs:SCHULEOGD.1900501,1743
wfs:SCHULEOGD.1900502,1744
wfs:SCHULEOGD.1900503,1745
wfs:SCHULEOGD.1900504,1746
wfs:SCHULEOGD.1900505,1747
wfs:SCHULEOGD.1900506,1748
wfs:SCHULEOGD.1900507,1749
wfs:SCHULEOGD.1900508,1750
wfs:SCHULEOGD.1900509,1751
wfs:SCHULEOGD.1900510,1752
wfs:SCHULEOGD.1900511,1753
wfs:SCHULEOGD.1900512,1754
wfs:SCHULEOGD.1900513,1755
wfs:SCHULEOGD.1900514,1756
wfs:SCHULEOGD.1900515,1757
wfs:SCHULEOGD.1900516,1758
wfs:SCHULEOGD.1900517,1759
wfs:SCHULEOGD.1900518,1760
wfs:SCHULEOGD.1900519,1761
wfs:SCHULEOGD.1900520,1762
wfs:SCHULEOGD.1900521,1763
wfs:SCHULEOGD.1900522,1764
wfs:SCHULEOGD.1900523,1765
wfs:SCHULEOGD.1900524,1766
wfs:SCHULEOGD.1900525,1767
wfs:SCHULEOGD.1900526,1768
wfs:SCHULEOGD.1900527,1769
wfs:SCHULEOGD.1900528,1770
wfs:SCHULEOGD.1900529,1771
wfs:SCHULEOGD.1900530,1772
wfs:SCHULEOGD.1900531,1773
wfs:SCHULEOGD.1900532,1774
wfs:SCHULEOGD.1900533,1775
wfs:SCHULEOGD.1900534,1776
wfs:SCHULEOGD.1900535,1777
wfs:SCHULEOGD.1900536,1778
wfs:SCHULEOGD.1900537,1779
wfs:SCHULEOGD.1900538,1780
wfs:SCHULEOGD.1900539,1781
wfs:SCHULEOGD.1900540,1782
wfs:SCHULEOGD.1900541,1783
wfs:SCHULEOGD.1900542,1784
wfs:SCHULEOGD.1900543,1785
wfs:SCHULEOGD.1900544,1786
wfs:SCHULEOGD.1900545,1787
wfs:SCHULEOGD.1900546,1788
wfs:SCHULEOGD.1900547,1789
wfs:SCHULEOGD.1900548,1790
wfs:SCHULEOGD.1900549,1791
wfs:SCHULEOGD.1900550,1792
wfs:SCHULEOGD.1900551,1793
wfs:SCHULEOGD.1900552,1794
wfs:SCHULEOGD.1900553,1795
wfs:SCHULEOGD.1900554,1796
wfs:SCHULEOGD.1900555,1797
wfs:SCHULEOGD.1900556,1798
wfs:SCHULEOGD.1900557,1799
wfs:SCHULEOGD.1900558,1800
wfs:SCHULEOGD.1900559,1801
wfs:SCHULEOGD.1900560,1802
wfs:SCHULEOGD.1900561,1803
wfs:SCHULEOGD.1900562,1804
wfs:SCHULEOGD.1900563,1805
wfs:SCHULEOGD.1900564,1806
wfs:SCHULEOGD.1900565,1807
wfs:SCHULEOGD.1900566,1808
wfs:SCHULEOGD.1900567,1809
wfs:SCHULEOGD.1900568,1810
wfs:SCHULEOGD.1900569,1811
wfs:SCHULEOGD.1900570,1812
wfs:SCHULEOGD.1900571,1813
wfs:SCHULEOGD.1900572,1814
wfs:SCHULEOGD.1900573,1815
wfs:SCHULEOGD.1900574,1816
wfs:SCHULEOGD.1900575,1817
wfs:SCHULEOGD.1900576,1818
wfs:SCHULEOGD.1900577,1819
wfs:SCHULEOGD.1900578,1820
wfs:SCHULEOGD.1900579,1821
wfs:SCHULEOGD.1900580,1822
wfs:SCHULEOGD.1900581,1823
wfs:SCHULEOGD.1900582,1824
wfs:SCHULEOGD.1900583,1825
wfs:SCHULEOGD.1900584,1826
wfs:SCHULEOGD.1900585,1827
wfs:SCHULEOGD.1900586,1828
wfs:SCHULEOGD.1900587,1829
wfs:SCHULEOGD.1900588,1830
wfs:SCHULEOGD.1900589,1831
wfs:SCHULEOGD.1900590,1832
wfs:SCHULEOGD.1900591,1833
wfs:SCHULEOGD.1900592,1834
wfs:SCHULEOGD.1900593,1835
wfs:SCHULEOGD.1900594,1836
wfs:SCHULEOGD.1900595,1837
wfs:SCHULEOGD.1900596,1838
wfs:SCHULEOGD.1900597,1839
wfs:SCHULEOGD.1900598,1840
wfs:SCHULEOGD.1900599,1841
wfs:SCHULEOGD.1900600,1842
wfs:SCHULEOGD.1900601,1843
wfs:SCHULEOGD.1900602,1844
wfs:SCHULEOGD.1900603,1845
wfs:SCHULEOGD.1900604,1846
wfs:SCHULEOGD.1900605,1847
wfs:SCHULEOGD.1900606,1848
wfs:SCHULEOGD.1900607,1849
wfs:SCHULEOGD.1900608,1850
wfs:SCHULEOGD.1900609,1851
wfs:SCHULEOGD.1900610,1852
wfs:SCHULEOGD.1900611,1853
wfs:SCHULEOGD.1900612,1854
wfs:SCHULEOGD.1900613,1855
wfs:SCHULEOGD.1900614,1856
wfs:SCHULEOGD.1900615,1857
wfs:SCHULEOGD.1900616,1858
wfs:SCHULEOGD.1900617,1859
wfs:SCHULEOGD.1900618,1860
wfs:KINDERGARTENOGD.8944229,1861
wfs:KINDERGARTENOGD.8944230,1862
wfs:KINDERGARTENOGD.8944231,1863
wfs:KINDERGARTENOGD.8944232,1864
wfs:KINDERGARTENOGD.8944233,1865
wfs:KINDERGARTENOGD.8944234,1866
wfs:KINDERGARTENOGD.8944235,1867
wfs:KINDERGARTENOGD.8944236,1868
wfs:KINDERGARTENOGD.8944237,1869
wfs:KINDERGARTENOGD.8944238,1870
wfs:KINDERGARTENOGD.8944239,1871
wfs:KINDERGARTENOGD.8944240,1872
wfs:KINDERGARTENOGD.8944241,1873
wfs:KINDERGARTENOGD.8944242,1874
wfs:KINDERGARTENOGD.8944311,1875
wfs:KINDERGARTENOGD.8944312,1876
wfs:KINDERGARTENOGD.8944313,1877
wfs:KINDERGARTENOGD.8944314,1878
wfs:KINDERGARTENOGD.8944315,1879
wfs:KINDERGARTENOGD.8944316,1880
wfs:KINDERGARTENOGD.8944317,1881
wfs:KINDERGARTENOGD.8944318,1882
wfs:KINDERGARTENOGD.8944319,1883
wfs:KINDERGARTENOGD.8944320,1884
wfs:KINDERGARTENOGD.8944321,1885
wfs:KINDERGARTENOGD.8944322,1886
wfs:KINDERGARTENOGD.8944323,1887
wfs:KINDERGARTENOGD.8944324,1888
wfs:KINDERGARTENOGD.8944325,1889
wfs:KINDERGARTENOGD.8944326,1890
wfs:KINDERGARTENOGD.8944327,1891
wfs:KINDERGARTENOGD.8944328,1892
wfs:KINDERGARTENOGD.8944329,1893
wfs:KINDERGARTENOGD.8944330,1894
wfs:KINDERGARTENOGD.8944331,1895
wfs:KINDERGARTENOGD.8944332,1896
wfs:KINDERGARTENOGD.8944333,1897
wfs:KINDERGARTENOGD.8944334,1898
wfs:KINDERGARTENOGD.8944335,1899
wfs:KINDERGARTENOGD.8944336,1900
wfs:KINDERGARTENOGD.8944337,1901
wfs:KINDERGARTENOGD.8944338,1902
wfs:KINDERGARTENOGD.8944339,1903
wfs:KINDERGARTENOGD.8944340,1904
wfs:KINDERGARTENOGD.8944341,1905
wfs:KINDERGARTENOGD.8944342,1906
wfs:KINDERGARTENOGD.8944343,1907
wfs:KINDERGARTENOGD.8944344,1908
wfs:KINDERGARTENOGD.8944345,1909
wfs:KINDERGARTENOGD.8944346,1910
wfs:KINDERGARTENOGD.8944347,1911
wfs:KINDERGARTENOGD.8944348,1912
wfs:KINDERGARTENOGD.8944349,1913
wfs:KINDERGARTENOGD.8944350,1914
wfs:KINDERGARTENOGD.8944351,1915
wfs:KINDERGARTENOGD.8944352,1916
wfs:KINDERGARTENOGD.8944243,1917
wfs:KINDERGARTENOGD.8944244,1918
wfs:KINDERGARTENOGD.8944245,1919
wfs:KINDERGARTENOGD.8944246,1920
wfs:KINDERGARTENOGD.8944247,1921
wfs:KINDERGARTENOGD.8944248,1922
wfs:KINDERGARTENOGD.8944249,1923
wfs:KINDERGARTENOGD.8944250,1924
wfs:KINDERGARTENOGD.8944251,1925
wfs:KINDERGARTENOGD.8944252,1926
wfs:KINDERGARTENOGD.8944253,1927
wfs:KINDERGARTENOGD.8944254,1928
wfs:KINDERGARTENOGD.8944255,1929
wfs:KINDERGARTENOGD.8944256,1930
wfs:KINDERGARTENOGD.8944257,1931
wfs:KINDERGARTENOGD.8944258,1932
wfs:KINDERGARTENOGD.8944259,1933
wfs:KINDERGARTENOGD.8944260,1934
wfs:KINDERGARTENOGD.8944261,1935
wfs:KINDERGARTENOGD.8944262,1936
wfs:KINDERGARTENOGD.8944263,1937
wfs:KINDERGARTENOGD.8944264,1938
wfs:KINDERGARTENOGD.8944265,1939
wfs:KINDERGARTENOGD.8944266,1940
wfs:KINDERGARTENOGD.8944267,1941
wfs:KINDERGARTENOGD.8944268,1942
wfs:KINDERGARTENOGD.8944269,1943
wfs:KINDERGARTENOGD.8944270,1944
wfs:KINDERGARTENOGD.8944271,1945
wfs:KINDERGARTENOGD.8944272,1946
wfs:KINDERGARTENOGD.8944273,1947
wfs:KINDERGARTENOGD.8944274,1948
wfs:KINDERGARTENOGD.8944275,1949
wfs:KINDERGARTENOGD.8944276,1950
wfs:KINDERGARTENOGD.8944277,1951
wfs:KINDERGARTENOGD.8944278,1952
wfs:KINDERGARTENOGD.8944279,1953
wfs:KINDERGARTENOGD.8944280,1954
wfs:KINDERGARTENOGD.8944281,1955
wfs:KINDERGARTENOGD.8944282,1956
wfs:KINDERGARTENOGD.8944283,1957
wfs:KINDERGARTENOGD.8944284,1958
wfs:KINDERGARTENOGD.8944285,1959
wfs:KINDERGARTENOGD.8944286,1960
wfs:KINDERGARTENOGD.8944287,1961
wfs:KINDERGARTENOGD.8944288,1962
wfs:KINDERGARTENOGD.8944289,1963
wfs:KINDERGARTENOGD.8944290,1964
wfs:KINDERGARTENOGD.8944291,1965
wfs:KINDERGARTENOGD.8944292,1966
wfs:KINDERGARTENOGD.8944293,1967
wfs:KINDERGARTENOGD.8944294,1968
wfs:KINDERGARTENOGD.8944295,1969
wfs:KINDERGARTENOGD.8944296,1970
wfs:KINDERGARTENOGD.8944297,1971
wfs:KINDERGARTENOGD.8944298,1972
wfs:KINDERGARTENOGD.8944299,1973
wfs:KINDERGARTENOGD.8944300,1974
wfs:KINDERGARTENOGD.8944301,1975
wfs:KINDERGARTENOGD.8944302,1976
wfs:KINDERGARTENOGD.8944303,1977
wfs:KINDERGARTENOGD.8944304,1978
wfs:KINDERGARTENOGD.8944305,1979
wfs:KINDERGARTENOGD.8944306,1980
wfs:KINDERGARTENOGD.8944307,1981
wfs:KINDERGARTENOGD.8944308,1982
wfs:KINDERGARTENOGD.8944309,1983
wfs:KINDERGARTENOGD.8944310,1984
wfs:KINDERGARTENOGD.8944144,1985
wfs:KINDERGARTENOGD.8944145,1986
wfs:KINDERGARTENOGD.8944146,1987
wfs:KINDERGARTENOGD.8944147,1988
wfs:KINDERGARTENOGD.8944148,1989
wfs:KINDERGARTENOGD.8944149,1990
wfs:KINDERGARTENOGD.8944150,1991
wfs:KINDERGARTENOGD.8944151,1992
wfs:KINDERGARTENOGD.8944152,1993
wfs:KINDERGARTENOGD.8944153,1994
wfs:KINDERGARTENOGD.8944154,1995
wfs:KINDERGARTENOGD.8944155,1996
wfs:KINDERGARTENOGD.8944156,1997
wfs:KINDERGARTENOGD.8944157,1998
wfs:KINDERGARTENOGD.8944158,1999
wfs:KINDERGARTENOGD.8944159,2000
wfs:KINDERGARTENOGD.8944160,2001
wfs:KINDERGARTENOGD.8944161,2002
wfs:KINDERGARTENOGD.8944162,2003
wfs:KINDERGARTENOGD.8944163,2004
wfs:KINDERGARTENOGD.8944164,2005
wfs:KINDERGARTENOGD.8944165,2006
wfs:KINDERGARTENOGD.8944166,2007
wfs:KINDERGARTENOGD.8944167,2008
wfs:KINDERGARTENOGD.8944168,2009
wfs:KINDERGARTENOGD.8944169,2010
wfs:KINDERGARTENOGD.8944170,2011
wfs:KINDERGARTENOGD.8944171,2012
wfs:KINDERGARTENOGD.8944172,2013
wfs:KINDERGARTENOGD.8944173,2014
wfs:KINDERGARTENOGD.8944174,2015
wfs:KINDERGARTENOGD.8944175,2016
wfs:KINDERGARTENOGD.8944176,2017
wfs:KINDERGARTENOGD.8944177,2018
wfs:KINDERGARTENOGD.8944178,2019
wfs:KINDERGARTENOGD.8944179,2020
wfs:KINDERGARTENOGD.8944180,2021
wfs:KINDERGARTENOGD.8944181,2022
wfs:KINDERGARTENOGD.8944182,2023
wfs:KINDERGARTENOGD.8944183,2024
wfs:KINDERGARTENOGD.8944184,2025
wfs:KINDERGARTENOGD.8944185,2026
wfs:KINDERGARTENOGD.8944186,2027
wfs:KINDERGARTENOGD.8944187,2028
wfs:KINDERGARTENOGD.8944188,2029
wfs:KINDERGARTENOGD.8944189,2030
wfs:KINDERGARTENOGD.8944190,2031
wfs:KINDERGARTENOGD.8944191,2032
wfs:KINDERGARTENOGD.8944192,2033
wfs:KINDERGARTENOGD.8944193,2034
wfs:KINDERGARTENOGD.8944194,2035
wfs:KINDERGARTENOGD.8944195,2036
wfs:KINDERGARTENOGD.8944196,2037
wfs:KINDERGARTENOGD.8944197,2038
wfs:KINDERGARTENOGD.8944198,2039
wfs:KINDERGARTENOGD.8944199,2040
wfs:KINDERGARTENOGD.8944200,2041
wfs:KINDERGARTENOGD.8944201,2042
wfs:KINDERGARTENOGD.8944202,2043
wfs:KINDERGARTENOGD.8944203,2044
wfs:KINDERGARTENOGD.8944204,2045
wfs:KINDERGARTENOGD.8944205,2046
wfs:KINDERGARTENOGD.8944206,2047
wfs:KINDERGARTENOGD.8944207,2048
wfs:KINDERGARTENOGD.8944208,2049
wfs:KINDERGARTENOGD.8944209,2050
wfs:KINDERGARTENOGD.8944210,2051
wfs:KINDERGARTENOGD.8944211,2052
wfs:KINDERGARTENOGD.8944212,2053
wfs:KINDERGARTENOGD.8944213,2054
wfs:KINDERGARTENOGD.8944214,2055
wfs:KINDERGARTENOGD.8944215,2056
wfs:KINDERGARTENOGD.8944216,2057
wfs:KINDERGARTENOGD.8944217,2058
wfs:KINDERGARTENOGD.8944218,2059
wfs:KINDERGARTENOGD.8944219,2060
wfs:KINDERGARTENOGD.8944220,2061
wfs:KINDERGARTENOGD.8944221,2062
wfs:KINDERGARTENOGD.8944222,2063
wfs:KINDERGARTENOGD.8944223,2064
wfs:KINDERGARTENOGD.8944224,2065
wfs:KINDERGARTENOGD.8944225,2066
wfs:KINDERGARTENOGD.8944226,2067
wfs:KINDERGARTENOGD.8944227,2068
wfs:KINDERGARTENOGD.8944228,2069
wfs:KINDERGARTENOGD.8944022,2070
wfs:KINDERGARTENOGD.8944023,2071
wfs:KINDERGARTENOGD.8944024,2072
wfs:KINDERGARTENOGD.8944025,2073
wfs:KINDERGARTENOGD.8944026,2074
wfs:KINDERGARTENOGD.8944027,2075
wfs:KINDERGARTENOGD.8944028,2076
wfs:KINDERGARTENOGD.8944029,2077
wfs:KINDERGARTENOGD.8944030,2078
wfs:KINDERGARTENOGD.8944031,2079
wfs:KINDERGARTENOGD.8944032,2080
wfs:KINDERGARTENOGD.8944033,2081
wfs:KINDERGARTENOGD.8944034,2082
wfs:KINDERGARTENOGD.8944035,2083
wfs:KINDERGARTENOGD.8944103,2084
wfs:KINDERGARTENOGD.8944104,2085
wfs:KINDERGARTENOGD.8944105,2086
wfs:KINDERGARTENOGD.8944106,2087
wfs:KINDERGARTENOGD.8944107,2088
wfs:KINDERGARTENOGD.8944108,2089
wfs:KINDERGARTENOGD.8944109,2090
wfs:KINDERGARTENOGD.8944110,2091
wfs:KINDERGARTENOGD.8944111,2092
wfs:KINDERGARTENOGD.8944112,2093
wfs:KINDERGARTENOGD.8944113,2094
wfs:KINDERGARTENOGD.8944114,2095
wfs:KINDERGARTENOGD.8944115,2096
wfs:KINDERGARTENOGD.8944116,2097
wfs:KINDERGARTENOGD.8944117,2098
wfs:KINDERGARTENOGD.8944118,2099
wfs:KINDERGARTENOGD.8944119,2100
wfs:KINDERGARTENOGD.8944120,2101
wfs:KINDERGARTENOGD.8944121,2102
wfs:KINDERGARTENOGD.8944122,2103
wfs:KINDERGARTENOGD.8944123,2104
wfs:KINDERGARTENOGD.8944124,2105
wfs:KINDERGARTENOGD.8944125,2106
wfs:KINDERGARTENOGD.8944126,2107
wfs:KINDERGARTENOGD.8944127,2108
wfs:KINDERGARTENOGD.8944128,2109
wfs:KINDERGARTENOGD.8944129,2110
wfs:KINDERGARTENOGD.8944130,2111
wfs:KINDERGARTENOGD.8944131,2112
wfs:KINDERGARTENOGD.8944132,2113
wfs:KINDERGARTENOGD.8944133,2114
wfs:KINDERGARTENOGD.8944134,2115
wfs:KINDERGARTENOGD.8944135,2116
wfs:KINDERGARTENOGD.8944136,2117
wfs:KINDERGARTENOGD.8944137,2118
wfs:KINDERGARTENOGD.8944138,2119
wfs:KINDERGARTENOGD.8944139,2120
wfs:KINDERGARTENOGD.8944140,2121
wfs:KINDERGARTENOGD.8944141,2122
wfs:KINDERGARTENOGD.8944142,2123
wfs:KINDERGARTENOGD.8944143,2124
wfs:KINDERGARTENOGD.8944036,2125
wfs:KINDERGARTENOGD.8944037,2126
wfs:KINDERGARTENOGD.8944038,2127
wfs:KINDERGARTENOGD.8944039,2128
wfs:KINDERGARTENOGD.8944040,2129
wfs:KINDERGARTENOGD.8944041,2130
wfs:KINDERGARTENOGD.8944042,2131
wfs:KINDERGARTENOGD.8944043,2132
wfs:KINDERGARTENOGD.8944044,2133
wfs:KINDERGARTENOGD.8944045,2134
wfs:KINDERGARTENOGD.8944046,2135
wfs:KINDERGARTENOGD.8944047,2136
wfs:KINDERGARTENOGD.8944048,2137
wfs:KINDERGARTENOGD.8944049,2138
wfs:KINDERGARTENOGD.8944050,2139
wfs:KINDERGARTENOGD.8944051,2140
wfs:KINDERGARTENOGD.8944052,2141
wfs:KINDERGARTENOGD.8944053,2142
wfs:KINDERGARTENOGD.8944054,2143
wfs:KINDERGARTENOGD.8944055,2144
wfs:KINDERGARTENOGD.8944056,2145
wfs:KINDERGARTENOGD.8944057,2146
wfs:KINDERGARTENOGD.8944058,2147
wfs:KINDERGARTENOGD.8944059,2148
wfs:KINDERGARTENOGD.8944060,2149
wfs:KINDERGARTENOGD.8944061,2150
wfs:KINDERGARTENOGD.8944062,2151
wfs:KINDERGARTENOGD.8944063,2152
wfs:KINDERGARTENOGD.8944064,2153
wfs:KINDERGARTENOGD.8944065,2154
wfs:KINDERGARTENOGD.8944066,2155
wfs:KINDERGARTENOGD.8944067,2156
wfs:KINDERGARTENOGD.8944068,2157
wfs:KINDERGARTENOGD.8944069,2158
wfs:KINDERGARTENOGD.8944070,2159
wfs:KINDERGARTENOGD.8944071,2160
wfs:KINDERGARTENOGD.8944072,2161
wfs:KINDERGARTENOGD.8944073,2162
wfs:KINDERGARTENOGD.8944074,2163
wfs:KINDERGARTENOGD.8944075,2164
wfs:KINDERGARTENOGD.8944076,2165
wfs:KINDERGARTENOGD.8944077,2166
wfs:KINDERGARTENOGD.8944078,2167
wfs:KINDERGARTENOGD.8944079,2168
wfs:KINDERGARTENOGD.8944080,2169
wfs:KINDERGARTENOGD.8944081,2170
wfs:KINDERGARTENOGD.8944082,2171
wfs:KINDERGARTENOGD.8944083,2172
wfs:KINDERGARTENOGD.8944084,2173
wfs:KINDERGARTENOGD.8944085,2174
wfs:KINDERGARTENOGD.8944086,2175
wfs:KINDERGARTENOGD.8944087,2176
wfs:KINDERGARTENOGD.8944088,2177
wfs:KINDERGARTENOGD.8944089,2178
wfs:KINDERGARTENOGD.8944090,2179
wfs:KINDERGARTENOGD.8944091,2180
wfs:KINDERGARTENOGD.8944092,2181
wfs:KINDERGARTENOGD.8944093,2182
wfs:KINDERGARTENOGD.8944094,2183
wfs:KINDERGARTENOGD.8944095,2184
wfs:KINDERGARTENOGD.8944096,2185
wfs:KINDERGARTENOGD.8944097,2186
wfs:KINDERGARTENOGD.8944098,2187
wfs:KINDERGARTENOGD.8944099,2188
wfs:KINDERGARTENOGD.8944100,2189
wfs:KINDERGARTENOGD.8944101,2190
wfs:KINDERGARTENOGD.8944102,2191
wfs:KINDERGARTENOGD.8943941,2192
wfs:KINDERGARTENOGD.8943942,2193
wfs:KINDERGARTENOGD.8943943,2194
wfs:KINDERGARTENOGD.8943944,2195
wfs:KINDERGARTENOGD.8943945,2196
wfs:KINDERGARTENOGD.8943946,2197
wfs:KINDERGARTENOGD.8943947,2198
wfs:KINDERGARTENOGD.8943948,2199
wfs:KINDERGARTENOGD.8943949,2200
wfs:KINDERGARTENOGD.8943950,2201
wfs:KINDERGARTENOGD.8943951,2202
wfs:KINDERGARTENOGD.8943952,2203
wfs:KINDERGARTENOGD.8943953,2204
wfs:KINDERGARTENOGD.8943954,2205
wfs:KINDERGARTENOGD.8943955,2206
wfs:KINDERGARTENOGD.8943956,2207
wfs:KINDERGARTENOGD.8943957,2208
wfs:KINDERGARTENOGD.8943958,2209
wfs:KINDERGARTENOGD.8943959,2210
wfs:KINDERGARTENOGD.8943960,2211
wfs:KINDERGARTENOGD.8943961,2212
wfs:KINDERGARTENOGD.8943962,2213
wfs:KINDERGARTENOGD.8943963,2214
wfs:KINDERGARTENOGD.8943964,2215
wfs:KINDERGARTENOGD.8943965,2216
wfs:KINDERGARTENOGD.8943966,2217
wfs:KINDERGARTENOGD.8943967,2218
wfs:KINDERGARTENOGD.8943968,2219
wfs:KINDERGARTENOGD.8943969,2220
wfs:KINDERGARTENOGD.8943970,2221
wfs:KINDERGARTENOGD.8943971,2222
wfs:KINDERGARTENOGD.8943972,2223
wfs:KINDERGARTENOGD.8943973,2224
wfs:KINDERGARTENOGD.8943974,2225
wfs:KINDERGARTENOGD.8943975,2226
wfs:KINDERGARTENOGD.8943976,2227
wfs:KINDERGARTENOGD.8943977,2228
wfs:KINDERGARTENOGD.8943978,2229
wfs:KINDERGARTENOGD.8943979,2230
wfs:KINDERGARTENOGD.8943980,2231
wfs:KINDERGARTENOGD.8943981,2232
wfs:KINDERGARTENOGD.8943982,2233
wfs:KINDERGARTENOGD.8943983,2234
wfs:KINDERGARTENOGD.8943984,2235
wfs:KINDERGARTENOGD.8943985,2236
wfs:KINDERGARTENOGD.8943986,2237
wfs:KINDERGARTENOGD.8943987,2238
wfs:KINDERGARTENOGD.8943988,2239
wfs:KINDERGARTENOGD.8943989,2240
wfs:KINDERGARTENOGD.8943990,2241
wfs:KINDERGARTENOGD.8943991,2242
wfs:KINDERGARTENOGD.8943992,2243
wfs:KINDERGARTENOGD.8943993,2244
wfs:KINDERGARTENOGD.8943994,2245
wfs:KINDERGARTENOGD.8943995,2246
wfs:KINDERGARTENOGD.8943996,2247
wfs:KINDERGARTENOGD.8943997,2248
wfs:KINDERGARTENOGD.8943998,2249
wfs:KINDERGARTENOGD.8943999,2250
wfs:KINDERGARTENOGD.8944000,2251
wfs:KINDERGARTENOGD.8944001,2252
wfs:KINDERGARTENOGD.8944002,2253
wfs:KINDERGARTENOGD.8944003,2254
wfs:KINDERGARTENOGD.8944004,2255
wfs:KINDERGARTENOGD.8944005,2256
wfs:KINDERGARTENOGD.8944006,2257
wfs:KINDERGARTENOGD.8944007,2258
wfs:KINDERGARTENOGD.8944008,2259
wfs:KINDERGARTENOGD.8944009,2260
wfs:KINDERGARTENOGD.8944010,2261
wfs:KINDERGARTENOGD.8944011,2262
wfs:KINDERGARTENOGD.8944012,2263
wfs:KINDERGARTENOGD.8944013,2264
wfs:KINDERGARTENOGD.8944014,2265
wfs:KINDERGARTENOGD.8944015,2266
wfs:KINDERGARTENOGD.8944016,2267
wfs:KINDERGARTENOGD.8944017,2268
wfs:KINDERGARTENOGD.8944018,2269
wfs:KINDERGARTENOGD.8944019,2270
wfs:KINDERGARTENOGD.8944020,2271
wfs:KINDERGARTENOGD.8944021,2272
wfs:KINDERGARTENOGD.8944667,2273
wfs:KINDERGARTENOGD.8944668,2274
wfs:KINDERGARTENOGD.8944669,2275
wfs:KINDERGARTENOGD.8944670,2276
wfs:KINDERGARTENOGD.8944671,2277
wfs:KINDERGARTENOGD.8944672,2278
wfs:KINDERGARTENOGD.8944673,2279
wfs:KINDERGARTENOGD.8944674,2280
wfs:KINDERGARTENOGD.8944675,2281
wfs:KINDERGARTENOGD.8944676,2282
wfs:KINDERGARTENOGD.8944677,2283
wfs:KINDERGARTENOGD.8944678,2284
wfs:KINDERGARTENOGD.8944679,2285
wfs:KINDERGARTENOGD.8944666,2286
wfs:KINDERGARTENOGD.8944680,2287
wfs:KINDERGARTENOGD.8944681,2288
wfs:KINDERGARTENOGD.8944682,2289
wfs:KINDERGARTENOGD.8944683,2290
wfs:KINDERGARTENOGD.8944684,2291
wfs:KINDERGARTENOGD.8944685,2292
wfs:KINDERGARTENOGD.8944686,2293
wfs:KINDERGARTENOGD.8944687,2294
wfs:KINDERGARTENOGD.8944688,2295
wfs:KINDERGARTENOGD.8944689,2296
wfs:KINDERGARTENOGD.8944690,2297
wfs:KINDERGARTENOGD.8944691,2298
wfs:KINDERGARTENOGD.8944692,2299
wfs:KINDERGARTENOGD.8944693,2300
wfs:KINDERGARTENOGD.8944694,2301
wfs:KINDERGARTENOGD.8944695,2302
wfs:KINDERGARTENOGD.8944696,2303
wfs:KINDERGARTENOGD.8944697,2304
wfs:KINDERGARTENOGD.8944698,2305
wfs:KINDERGARTENOGD.8944699,2306
wfs:KINDERGARTENOGD.8944700,2307
wfs:KINDERGARTENOGD.8944701,2308
wfs:KINDERGARTENOGD.8944702,2309
wfs:KINDERGARTENOGD.8944703,2310
wfs:KINDERGARTENOGD.8944561,2311
wfs:KINDERGARTENOGD.8944562,2312
wfs:KINDERGARTENOGD.8944563,2313
wfs:KINDERGARTENOGD.8944564,2314
wfs:KINDERGARTENOGD.8944565,2315
wfs:KINDERGARTENOGD.8944566,2316
wfs:KINDERGARTENOGD.8944567,2317
wfs:KINDERGARTENOGD.8944568,2318
wfs:KINDERGARTENOGD.8944569,2319
wfs:KINDERGARTENOGD.8944570,2320
wfs:KINDERGARTENOGD.8944571,2321
wfs:KINDERGARTENOGD.8944572,2322
wfs:KINDERGARTENOGD.8944573,2323
wfs:KINDERGARTENOGD.8944574,2324
wfs:KINDERGARTENOGD.8944575,2325
wfs:KINDERGARTENOGD.8944576,2326
wfs:KINDERGARTENOGD.8944577,2327
wfs:KINDERGARTENOGD.8944578,2328
wfs:KINDERGARTENOGD.8944579,2329
wfs:KINDERGARTENOGD.8944580,2330
wfs:KINDERGARTENOGD.8944581,2331
wfs:KINDERGARTENOGD.8944582,2332
wfs:KINDERGARTENOGD.8944583,2333
wfs:KINDERGARTENOGD.8944584,2334
wfs:KINDERGARTENOGD.8944585,2335
wfs:KINDERGARTENOGD.8944586,2336
wfs:KINDERGARTENOGD.8944587,2337
wfs:KINDERGARTENOGD.8944588,2338
wfs:KINDERGARTENOGD.8944589,2339
wfs:KINDERGARTENOGD.8944590,2340
wfs:KINDERGARTENOGD.8944591,2341
wfs:KINDERGARTENOGD.8944592,2342
wfs:KINDERGARTENOGD.8944593,2343
wfs:KINDERGARTENOGD.8944594,2344
wfs:KINDERGARTENOGD.8944595,2345
wfs:KINDERGARTENOGD.8944596,2346
wfs:KINDERGARTENOGD.8944597,2347
wfs:KINDERGARTENOGD.8944598,2348
wfs:KINDERGARTENOGD.8944599,2349
wfs:KINDERGARTENOGD.8944600,2350
wfs:KINDERGARTENOGD.8944601,2351
wfs:KINDERGARTENOGD.8944602,2352
wfs:KINDERGARTENOGD.8944603,2353
wfs:KINDERGARTENOGD.8944604,2354
wfs:KINDERGARTENOGD.8944605,2355
wfs:KINDERGARTENOGD.8944606,2356
wfs:KINDERGARTENOGD.8944607,2357
wfs:KINDERGARTENOGD.8944608,2358
wfs:KINDERGARTENOGD.8944609,2359
wfs:KINDERGARTENOGD.8944610,2360
wfs:KINDERGARTENOGD.8944611,2361
wfs:KINDERGARTENOGD.8944612,2362
wfs:KINDERGARTENOGD.8944613,2363
wfs:KINDERGARTENOGD.8944614,2364
wfs:KINDERGARTENOGD.8944615,2365
wfs:KINDERGARTENOGD.8944616,2366
wfs:KINDERGARTENOGD.8944617,2367
wfs:KINDERGARTENOGD.8944618,2368
wfs:KINDERGARTENOGD.8944619,2369
wfs:KINDERGARTENOGD.8944620,2370
wfs:KINDERGARTENOGD.8944621,2371
wfs:KINDERGARTENOGD.8944622,2372
wfs:KINDERGARTENOGD.8944623,2373
wfs:KINDERGARTENOGD.8944624,2374
wfs:KINDERGARTENOGD.8944625,2375
wfs:KINDERGARTENOGD.8944626,2376
wfs:KINDERGARTENOGD.8944627,2377
wfs:KINDERGARTENOGD.8944628,2378
wfs:KINDERGARTENOGD.8944629,2379
wfs:KINDERGARTENOGD.8944630,2380
wfs:KINDERGARTENOGD.8944631,2381
wfs:KINDERGARTENOGD.8944632,2382
wfs:KINDERGARTENOGD.8944633,2383
wfs:KINDERGARTENOGD.8944634,2384
wfs:KINDERGARTENOGD.8944635,2385
wfs:KINDERGARTENOGD.8944636,2386
wfs:KINDERGARTENOGD.8944637,2387
wfs:KINDERGARTENOGD.8944638,2388
wfs:KINDERGARTENOGD.8944639,2389
wfs:KINDERGARTENOGD.8944640,2390
wfs:KINDERGARTENOGD.8944641,2391
wfs:KINDERGARTENOGD.8944642,2392
wfs:KINDERGARTENOGD.8944643,2393
wfs:KINDERGARTENOGD.8944644,2394
wfs:KINDERGARTENOGD.8944645,2395
wfs:KINDERGARTENOGD.8944646,2396
wfs:KINDERGARTENOGD.8944647,2397
wfs:KINDERGARTENOGD.8944648,2398
wfs:KINDERGARTENOGD.8944649,2399
wfs:KINDERGARTENOGD.8944650,2400
wfs:KINDERGARTENOGD.8944651,2401
wfs:KINDERGARTENOGD.8944652,2402
wfs:KINDERGARTENOGD.8944653,2403
wfs:KINDERGARTENOGD.8944654,2404
wfs:KINDERGARTENOGD.8944655,2405
wfs:KINDERGARTENOGD.8944656,2406
wfs:KINDERGARTENOGD.8944657,2407
wfs:KINDERGARTENOGD.8944658,2408
wfs:KINDERGARTENOGD.8944659,2409
wfs:KINDERGARTENOGD.8944660,2410
wfs:KINDERGARTENOGD.8944661,2411
wfs:KINDERGARTENOGD.8944662,2412
wfs:KINDERGARTENOGD.8944663,2413
wfs:KINDERGARTENOGD.8944664,2414
wfs:KINDERGARTENOGD.8944665,2415
wfs:KINDERGARTENOGD.8944437,2416
wfs:KINDERGARTENOGD.8944438,2417
wfs:KINDERGARTENOGD.8944439,2418
wfs:KINDERGARTENOGD.8944440,2419
wfs:KINDERGARTENOGD.8944441,2420
wfs:KINDERGARTENOGD.8944442,2421
wfs:KINDERGARTENOGD.8944443,2422
wfs:KINDERGARTENOGD.8944444,2423
wfs:KINDERGARTENOGD.8944445,2424
wfs:KINDERGARTENOGD.8944446,2425
wfs:KINDERGARTENOGD.8944447,2426
wfs:KINDERGARTENOGD.8944448,2427
wfs:KINDERGARTENOGD.8944449,2428
wfs:KINDERGARTENOGD.8944520,2429
wfs:KINDERGARTENOGD.8944521,2430
wfs:KINDERGARTENOGD.8944522,2431
wfs:KINDERGARTENOGD.8944523,2432
wfs:KINDERGARTENOGD.8944524,2433
wfs:KINDERGARTENOGD.8944525,2434
wfs:KINDERGARTENOGD.8944526,2435
wfs:KINDERGARTENOGD.8944527,2436
wfs:KINDERGARTENOGD.8944528,2437
wfs:KINDERGARTENOGD.8944529,2438
wfs:KINDERGARTENOGD.8944530,2439
wfs:KINDERGARTENOGD.8944531,2440
wfs:KINDERGARTENOGD.8944532,2441
wfs:KINDERGARTENOGD.8944533,2442
wfs:KINDERGARTENOGD.8944534,2443
wfs:KINDERGARTENOGD.8944535,2444
wfs:KINDERGARTENOGD.8944536,2445
wfs:KINDERGARTENOGD.8944537,2446
wfs:KINDERGARTENOGD.8944538,2447
wfs:KINDERGARTENOGD.8944539,2448
wfs:KINDERGARTENOGD.8944540,2449
wfs:KINDERGARTENOGD.8944541,2450
wfs:KINDERGARTENOGD.8944542,2451
wfs:KINDERGARTENOGD.8944543,2452
wfs:KINDERGARTENOGD.8944544,2453
wfs:KINDERGARTENOGD.8944545,2454
wfs:KINDERGARTENOGD.8944546,2455
wfs:KINDERGARTENOGD.8944547,2456
wfs:KINDERGARTENOGD.8944548,2457
wfs:KINDERGARTENOGD.8944549,2458
wfs:KINDERGARTENOGD.8944550,2459
wfs:KINDERGARTENOGD.8944551,2460
wfs:KINDERGARTENOGD.8944552,2461
wfs:KINDERGARTENOGD.8944553,2462
wfs:KINDERGARTENOGD.8944554,2463
wfs:KINDERGARTENOGD.8944555,2464
wfs:KINDERGARTENOGD.8944556,2465
wfs:KINDERGARTENOGD.8944557,2466
wfs:KINDERGARTENOGD.8944558,2467
wfs:KINDERGARTENOGD.8944559,2468
wfs:KINDERGARTENOGD.8944560,2469
wfs:KINDERGARTENOGD.8944450,2470
wfs:KINDERGARTENOGD.8944451,2471
wfs:KINDERGARTENOGD.8944452,2472
wfs:KINDERGARTENOGD.8944453,2473
wfs:KINDERGARTENOGD.8944454,2474
wfs:KINDERGARTENOGD.8944455,2475
wfs:KINDERGARTENOGD.8944456,2476
wfs:KINDERGARTENOGD.8944457,2477
wfs:KINDERGARTENOGD.8944458,2478
wfs:KINDERGARTENOGD.8944459,2479
wfs:KINDERGARTENOGD.8944460,2480
wfs:KINDERGARTENOGD.8944461,2481
wfs:KINDERGARTENOGD.8944462,2482
wfs:KINDERGARTENOGD.8944463,2483
wfs:KINDERGARTENOGD.8944464,2484
wfs:KINDERGARTENOGD.8944465,2485
wfs:KINDERGARTENOGD.8944466,2486
wfs:KINDERGARTENOGD.8944467,2487
wfs:KINDERGARTENOGD.8944468,2488
wfs:KINDERGARTENOGD.8944469,2489
wfs:KINDERGARTENOGD.8944470,2490
wfs:KINDERGARTENOGD.8944471,2491
wfs:KINDERGARTENOGD.8944472,2492
wfs:KINDERGARTENOGD.8944473,2493
wfs:KINDERGARTENOGD.8944474,2494
wfs:KINDERGARTENOGD.8944475,2495
wfs:KINDERGARTENOGD.8944476,2496
wfs:KINDERGARTENOGD.8944477,2497
wfs:KINDERGARTENOGD.8944478,2498
wfs:KINDERGARTENOGD.8944479,2499
wfs:KINDERGARTENOGD.8944480,2500
wfs:KINDERGARTENOGD.8944481,2501
wfs:KINDERGARTENOGD.8944482,2502
wfs:KINDERGARTENOGD.8944483,2503
wfs:KINDERGARTENOGD.8944484,2504
wfs:KINDERGARTENOGD.8944485,2505
wfs:KINDERGARTENOGD.8944486,2506
wfs:KINDERGARTENOGD.8944487,2507
wfs:KINDERGARTENOGD.8944488,2508
wfs:KINDERGARTENOGD.8944489,2509
wfs:KINDERGARTENOGD.8944490,2510
wfs:KINDERGARTENOGD.8944491,2511
wfs:KINDERGARTENOGD.8944492,2512
wfs:KINDERGARTENOGD.8944493,2513
wfs:KINDERGARTENOGD.8944494,2514
wfs:KINDERGARTENOGD.8944495,2515
wfs:KINDERGARTENOGD.8944496,2516
wfs:KINDERGARTENOGD.8944497,2517
wfs:KINDERGARTENOGD.8944498,2518
wfs:KINDERGARTENOGD.8944499,2519
wfs:KINDERGARTENOGD.8944500,2520
wfs:KINDERGARTENOGD.8944501,2521
wfs:KINDERGARTENOGD.8944502,2522
wfs:KINDERGARTENOGD.8944503,2523
wfs:KINDERGARTENOGD.8944504,2524
wfs:KINDERGARTENOGD.8944505,2525
wfs:KINDERGARTENOGD.8944506,2526
wfs:KINDERGARTENOGD.8944507,2527
wfs:KINDERGARTENOGD.8944508,2528
wfs:KINDERGARTENOGD.8944509,2529
wfs:KINDERGARTENOGD.8944510,2530
wfs:KINDERGARTENOGD.8944511,2531
wfs:KINDERGARTENOGD.8944512,2532
wfs:KINDERGARTENOGD.8944513,2533
wfs:KINDERGARTENOGD.8944514,2534
wfs:KINDERGARTENOGD.8944515,2535
wfs:KINDERGARTENOGD.8944516,2536
wfs:KINDERGARTENOGD.8944517,2537
wfs:KINDERGARTENOGD.8944518,2538
wfs:KINDERGARTENOGD.8944519,2539
wfs:KINDERGARTENOGD.8944353,2540
wfs:KINDERGARTENOGD.8944354,2541
wfs:KINDERGARTENOGD.8944355,2542
wfs:KINDERGARTENOGD.8944356,2543
wfs:KINDERGARTENOGD.8944357,2544
wfs:KINDERGARTENOGD.8944358,2545
wfs:KINDERGARTENOGD.8944359,2546
wfs:KINDERGARTENOGD.8944360,2547
wfs:KINDERGARTENOGD.8944361,2548
wfs:KINDERGARTENOGD.8944362,2549
wfs:KINDERGARTENOGD.8944363,2550
wfs:KINDERGARTENOGD.8944364,2551
wfs:KINDERGARTENOGD.8944365,2552
wfs:KINDERGARTENOGD.8944366,2553
wfs:KINDERGARTENOGD.8944367,2554
wfs:KINDERGARTENOGD.8944368,2555
wfs:KINDERGARTENOGD.8944369,2556
wfs:KINDERGARTENOGD.8944370,2557
wfs:KINDERGARTENOGD.8944371,2558
wfs:KINDERGARTENOGD.8944372,2559
wfs:KINDERGARTENOGD.8944373,2560
wfs:KINDERGARTENOGD.8944374,2561
wfs:KINDERGARTENOGD.8944375,2562
wfs:KINDERGARTENOGD.8944376,2563
wfs:KINDERGARTENOGD.8944377,2564
wfs:KINDERGARTENOGD.8944378,2565
wfs:KINDERGARTENOGD.8944379,2566
wfs:KINDERGARTENOGD.8944380,2567
wfs:KINDERGARTENOGD.8944381,2568
wfs:KINDERGARTENOGD.8944382,2569
wfs:KINDERGARTENOGD.8944383,2570
wfs:KINDERGARTENOGD.8944384,2571
wfs:KINDERGARTENOGD.8944385,2572
wfs:KINDERGARTENOGD.8944386,2573
wfs:KINDERGARTENOGD.8944387,2574
wfs:KINDERGARTENOGD.8944388,2575
wfs:KINDERGARTENOGD.8944389,2576
wfs:KINDERGARTENOGD.8944390,2577
wfs:KINDERGARTENOGD.8944391,2578
wfs:KINDERGARTENOGD.8944392,2579
wfs:KINDERGARTENOGD.8944393,2580
wfs:KINDERGARTENOGD.8944394,2581
wfs:KINDERGARTENOGD.8944395,2582
wfs:KINDERGARTENOGD.8944396,2583
wfs:KINDERGARTENOGD.8944397,2584
wfs:KINDERGARTENOGD.8944398,2585
wfs:KINDERGARTENOGD.8944399,2586
wfs:KINDERGARTENOGD.8944400,2587
wfs:KINDERGARTENOGD.8944401,2588
wfs:KINDERGARTENOGD.8944402,2589
wfs:KINDERGARTENOGD.8944403,2590
wfs:KINDERGARTENOGD.8944404,2591
wfs:KINDERGARTENOGD.8944405,2592
wfs:KINDERGARTENOGD.8944406,2593
wfs:KINDERGARTENOGD.8944407,2594
wfs:KINDERGARTENOGD.8944408,2595
wfs:KINDERGARTENOGD.8944409,2596
wfs:KINDERGARTENOGD.8944410,2597
wfs:KINDERGARTENOGD.8944411,2598
wfs:KINDERGARTENOGD.8944412,2599
wfs:KINDERGARTENOGD.8944413,2600
wfs:KINDERGARTENOGD.8944414,2601
wfs:KINDERGARTENOGD.8944415,2602
wfs:KINDERGARTENOGD.8944416,2603
wfs:KINDERGARTENOGD.8944417,2604
wfs:KINDERGARTENOGD.8944418,2605
wfs:KINDERGARTENOGD.8944419,2606
wfs:KINDERGARTENOGD.8944420,2607
wfs:KINDERGARTENOGD.8944421,2608
wfs:KINDERGARTENOGD.8944422,2609
wfs:KINDERGARTENOGD.8944423,2610
wfs:KINDERGARTENOGD.8944424,2611
wfs:KINDERGARTENOGD.8944425,2612
wfs:KINDERGARTENOGD.8944426,2613
wfs:KINDERGARTENOGD.8944427,2614
wfs:KINDERGARTENOGD.8944428,2615
wfs:KINDERGARTENOGD.8944429,2616
wfs:KINDERGARTENOGD.8944430,2617
wfs:KINDERGARTENOGD.8944431,2618
wfs:KINDERGARTENOGD.8944432,2619
wfs:KINDERGARTENOGD.8944433,2620
wfs:KINDERGARTENOGD.8944434,2621
wfs:KINDERGARTENOGD.8944435,2622
wfs:KINDERGARTENOGD.8944436,2623
wfs:KINDERGARTENOGD.8943704,2624
wfs:KINDERGARTENOGD.8943705,2625
wfs:KINDERGARTENOGD.8943706,2626
wfs:KINDERGARTENOGD.8943707,2627
wfs:KINDERGARTENOGD.8943708,2628
wfs:KINDERGARTENOGD.8943709,2629
wfs:KINDERGARTENOGD.8943710,2630
wfs:KINDERGARTENOGD.8943711,2631
wfs:KINDERGARTENOGD.8943712,2632
wfs:KINDERGARTENOGD.8943713,2633
wfs:KINDERGARTENOGD.8943714,2634
wfs:KINDERGARTENOGD.8943715,2635
wfs:KINDERGARTENOGD.8943716,2636
wfs:KINDERGARTENOGD.8943717,2637
wfs:KINDERGARTENOGD.8943916,2638
wfs:KINDERGARTENOGD.8943917,2639
wfs:KINDERGARTENOGD.8943918,2640
wfs:KINDERGARTENOGD.8943919,2641
wfs:KINDERGARTENOGD.8943920,2642
wfs:KINDERGARTENOGD.8943921,2643
wfs:KINDERGARTENOGD.8943922,2644
wfs:KINDERGARTENOGD.8943923,2645
wfs:KINDERGARTENOGD.8943924,2646
wfs:KINDERGARTENOGD.8943925,2647
wfs:KINDERGARTENOGD.8943926,2648
wfs:KINDERGARTENOGD.8943927,2649
wfs:KINDERGARTENOGD.8943263,2650
wfs:KINDERGARTENOGD.8943264,2651
wfs:KINDERGARTENOGD.8943265,2652
wfs:KINDERGARTENOGD.8943266,2653
wfs:KINDERGARTENOGD.8943267,2654
wfs:KINDERGARTENOGD.8943268,2655
wfs:KINDERGARTENOGD.8943269,2656
wfs:KINDERGARTENOGD.8943270,2657
wfs:KINDERGARTENOGD.8943271,2658
wfs:KINDERGARTENOGD.8943272,2659
wfs:KINDERGARTENOGD.8943273,2660
wfs:KINDERGARTENOGD.8943274,2661
wfs:KINDERGARTENOGD.8943275,2662
wfs:KINDERGARTENOGD.8943276,2663
wfs:KINDERGARTENOGD.8943277,2664
wfs:KINDERGARTENOGD.8943278,2665
wfs:KINDERGARTENOGD.8943500,2666
wfs:KINDERGARTENOGD.8943501,2667
wfs:KINDERGARTENOGD.8943502,2668
wfs:KINDERGARTENOGD.8943503,2669
wfs:KINDERGARTENOGD.8943504,2670
wfs:KINDERGARTENOGD.8943505,2671
wfs:KINDERGARTENOGD.8943506,2672
wfs:KINDERGARTENOGD.8943507,2673
wfs:KINDERGARTENOGD.8943508,2674
wfs:KINDERGARTENOGD.8943509,2675
wfs:KINDERGARTENOGD.8943510,2676
wfs:KINDERGARTENOGD.8943511,2677
wfs:KINDERGARTENOGD.8943928,2678
wfs:KINDERGARTENOGD.8943929,2679
wfs:KINDERGARTENOGD.8943930,2680
wfs:KINDERGARTENOGD.8943931,2681
wfs:KINDERGARTENOGD.8943932,2682
wfs:KINDERGARTENOGD.8943933,2683
wfs:KINDERGARTENOGD.8943934,2684
wfs:KINDERGARTENOGD.8943935,2685
wfs:KINDERGARTENOGD.8943936,2686
wfs:KINDERGARTENOGD.8943937,2687
wfs:KINDERGARTENOGD.8943938,2688
wfs:KINDERGARTENOGD.8943939,2689
wfs:KINDERGARTENOGD.8943940,2690
wfs:KINDERGARTENOGD.8943028,2691
wfs:KINDERGARTENOGD.8943029,2692
wfs:KINDERGARTENOGD.8943030,2693
wfs:KINDERGARTENOGD.8943031,2694
wfs:KINDERGARTENOGD.8943032,2695
wfs:KINDERGARTENOGD.8943033,2696
wfs:KINDERGARTENOGD.8943034,2697
wfs:KINDERGARTENOGD.8943035,2698
wfs:KINDERGARTENOGD.8943036,2699
wfs:KINDERGARTENOGD.8943037,2700
wfs:KINDERGARTENOGD.8943038,2701
wfs:KINDERGARTENOGD.8943039,2702
wfs:KINDERGARTENOGD.8943040,2703
wfs:KINDERGARTENOGD.8943027,2704
wfs:KINDERGARTENOGD.8943041,2705
wfs:KINDERGARTENOGD.8943042,2706
wfs:KINDERGARTENOGD.8943043,2707
wfs:KINDERGARTENOGD.8943280,2708
wfs:KINDERGARTENOGD.8943281,2709
wfs:KINDERGARTENOGD.8943282,2710
wfs:KINDERGARTENOGD.8943283,2711
wfs:KINDERGARTENOGD.8943284,2712
wfs:KINDERGARTENOGD.8943285,2713
wfs:KINDERGARTENOGD.8943286,2714
wfs:KINDERGARTENOGD.8943287,2715
wfs:KINDERGARTENOGD.8943288,2716
wfs:KINDERGARTENOGD.8943289,2717
wfs:KINDERGARTENOGD.8943290,2718
wfs:KINDERGARTENOGD.8943291,2719
wfs:KINDERGARTENOGD.8943292,2720
wfs:KINDERGARTENOGD.8943279,2721
wfs:KINDERGARTENOGD.8943293,2722
wfs:KINDERGARTENOGD.8943294,2723
wfs:KINDERGARTENOGD.8943512,2724
wfs:KINDERGARTENOGD.8943513,2725
wfs:KINDERGARTENOGD.8943514,2726
wfs:KINDERGARTENOGD.8943515,2727
wfs:KINDERGARTENOGD.8943516,2728
wfs:KINDERGARTENOGD.8943517,2729
wfs:KINDERGARTENOGD.8943518,2730
wfs:KINDERGARTENOGD.8943519,2731
wfs:KINDERGARTENOGD.8943520,2732
wfs:KINDERGARTENOGD.8943521,2733
wfs:KINDERGARTENOGD.8943522,2734
wfs:KINDERGARTENOGD.8943523,2735
wfs:KINDERGARTENOGD.8943524,2736
wfs:KINDERGARTENOGD.8943719,2737
wfs:KINDERGARTENOGD.8943720,2738
wfs:KINDERGARTENOGD.8943721,2739
wfs:KINDERGARTENOGD.8943722,2740
wfs:KINDERGARTENOGD.8943723,2741
wfs:KINDERGARTENOGD.8943724,2742
wfs:KINDERGARTENOGD.8943725,2743
wfs:KINDERGARTENOGD.8943726,2744
wfs:KINDERGARTENOGD.8943727,2745
wfs:KINDERGARTENOGD.8943728,2746
wfs:KINDERGARTENOGD.8943729,2747
wfs:KINDERGARTENOGD.8943730,2748
wfs:KINDERGARTENOGD.8943731,2749
wfs:KINDERGARTENOGD.8943718,2750
wfs:KINDERGARTENOGD.8943044,2751
wfs:KINDERGARTENOGD.8943045,2752
wfs:KINDERGARTENOGD.8943046,2753
wfs:KINDERGARTENOGD.8943047,2754
wfs:KINDERGARTENOGD.8943048,2755
wfs:KINDERGARTENOGD.8943049,2756
wfs:KINDERGARTENOGD.8943050,2757
wfs:KINDERGARTENOGD.8943051,2758
wfs:KINDERGARTENOGD.8943052,2759
wfs:KINDERGARTENOGD.8943053,2760
wfs:KINDERGARTENOGD.8943054,2761
wfs:KINDERGARTENOGD.8943055,2762
wfs:KINDERGARTENOGD.8943056,2763
wfs:KINDERGARTENOGD.8943057,2764
wfs:KINDERGARTENOGD.8943058,2765
wfs:KINDERGARTENOGD.8943059,2766
wfs:KINDERGARTENOGD.8943295,2767
wfs:KINDERGARTENOGD.8943296,2768
wfs:KINDERGARTENOGD.8943297,2769
wfs:KINDERGARTENOGD.8943298,2770
wfs:KINDERGARTENOGD.8943299,2771
wfs:KINDERGARTENOGD.8943300,2772
wfs:KINDERGARTENOGD.8943301,2773
wfs:KINDERGARTENOGD.8943302,2774
wfs:KINDERGARTENOGD.8943303,2775
wfs:KINDERGARTENOGD.8943304,2776
wfs:KINDERGARTENOGD.8943305,2777
wfs:KINDERGARTENOGD.8943306,2778
wfs:KINDERGARTENOGD.8943307,2779
wfs:KINDERGARTENOGD.8943308,2780
wfs:KINDERGARTENOGD.8943309,2781
wfs:KINDERGARTENOGD.8943310,2782
wfs:KINDERGARTENOGD.8943525,2783
wfs:KINDERGARTENOGD.8943526,2784
wfs:KINDERGARTENOGD.8943527,2785
wfs:KINDERGARTENOGD.8943528,2786
wfs:KINDERGARTENOGD.8943529,2787
wfs:KINDERGARTENOGD.8943530,2788
wfs:KINDERGARTENOGD.8943531,2789
wfs:KINDERGARTENOGD.8943532,2790
wfs:KINDERGARTENOGD.8943533,2791
wfs:KINDERGARTENOGD.8943534,2792
wfs:KINDERGARTENOGD.8943535,2793
wfs:KINDERGARTENOGD.8943536,2794
wfs:KINDERGARTENOGD.8943537,2795
wfs:KINDERGARTENOGD.8943732,2796
wfs:KINDERGARTENOGD.8943733,2797
wfs:KINDERGARTENOGD.8943734,2798
wfs:KINDERGARTENOGD.8943735,2799
wfs:KINDERGARTENOGD.8943736,2800
wfs:KINDERGARTENOGD.8943737,2801
wfs:KINDERGARTENOGD.8943738,2802
wfs:KINDERGARTENOGD.8943739,2803
wfs:KINDERGARTENOGD.8943740,2804
wfs:KINDERGARTENOGD.8943741,2805
wfs:KINDERGARTENOGD.8943742,2806
wfs:KINDERGARTENOGD.8943743,2807
wfs:KINDERGARTENOGD.8943744,2808
wfs:KINDERGARTENOGD.8943745,2809
wfs:KINDERGARTENOGD.8943060,2810
wfs:KINDERGARTENOGD.8943061,2811
wfs:KINDERGARTENOGD.8943062,2812
wfs:KINDERGARTENOGD.8943063,2813
wfs:KINDERGARTENOGD.8943064,2814
wfs:KINDERGARTENOGD.8943065,2815
wfs:KINDERGARTENOGD.8943066,2816
wfs:KINDERGARTENOGD.8943067,2817
wfs:KINDERGARTENOGD.8943068,2818
wfs:KINDERGARTENOGD.8943069,2819
wfs:KINDERGARTENOGD.8943070,2820
wfs:KINDERGARTENOGD.8943071,2821
wfs:KINDERGARTENOGD.8943072,2822
wfs:KINDERGARTENOGD.8943073,2823
wfs:KINDERGARTENOGD.8943311,2824
wfs:KINDERGARTENOGD.8943312,2825
wfs:KINDERGARTENOGD.8943313,2826
wfs:KINDERGARTENOGD.8943314,2827
wfs:KINDERGARTENOGD.8943315,2828
wfs:KINDERGARTENOGD.8943316,2829
wfs:KINDERGARTENOGD.8943317,2830
wfs:KINDERGARTENOGD.8943318,2831
wfs:KINDERGARTENOGD.8943319,2832
wfs:KINDERGARTENOGD.8943320,2833
wfs:KINDERGARTENOGD.8943321,2834
wfs:KINDERGARTENOGD.8943322,2835
wfs:KINDERGARTENOGD.8943323,2836
wfs:KINDERGARTENOGD.8943324,2837
wfs:KINDERGARTENOGD.8943325,2838
wfs:KINDERGARTENOGD.8943326,2839
wfs:KINDERGARTENOGD.8943538,2840
wfs:KINDERGARTENOGD.8943539,2841
wfs:KINDERGARTENOGD.8943540,2842
wfs:KINDERGARTENOGD.8943541,2843
wfs:KINDERGARTENOGD.8943542,2844
wfs:KINDERGARTENOGD.8943543,2845
wfs:KINDERGARTENOGD.8943544,2846
wfs:KINDERGARTENOGD.8943545,2847
wfs:KINDERGARTENOGD.8943546,2848
wfs:KINDERGARTENOGD.8943547,2849
wfs:KINDERGARTENOGD.8943548,2850
wfs:KINDERGARTENOGD.8943549,2851
wfs:KINDERGARTENOGD.8943550,2852
wfs:KINDERGARTENOGD.8943551,2853
wfs:KINDERGARTENOGD.8943746,2854
wfs:KINDERGARTENOGD.8943747,2855
wfs:KINDERGARTENOGD.8943748,2856
wfs:KINDERGARTENOGD.8943749,2857
wfs:KINDERGARTENOGD.8943750,2858
wfs:KINDERGARTENOGD.8943751,2859
wfs:KINDERGARTENOGD.8943752,2860
wfs:KINDERGARTENOGD.8943753,2861
wfs:KINDERGARTENOGD.8943754,2862
wfs:KINDERGARTENOGD.8943755,2863
wfs:KINDERGARTENOGD.8943756,2864
wfs:KINDERGARTENOGD.8943757,2865
wfs:KINDERGARTENOGD.8943758,2866
wfs:KINDERGARTENOGD.8943759,2867
wfs:KINDERGARTENOGD.8943074,2868
wfs:KINDERGARTENOGD.8943075,2869
wfs:KINDERGARTENOGD.8943076,2870
wfs:KINDERGARTENOGD.8943077,2871
wfs:KINDERGARTENOGD.8943078,2872
wfs:KINDERGARTENOGD.8943079,2873
wfs:KINDERGARTENOGD.8943080,2874
wfs:KINDERGARTENOGD.8943081,2875
wfs:KINDERGARTENOGD.8943082,2876
wfs:KINDERGARTENOGD.8943083,2877
wfs:KINDERGARTENOGD.8943084,2878
wfs:KINDERGARTENOGD.8943085,2879
wfs:KINDERGARTENOGD.8943086,2880
wfs:KINDERGARTENOGD.8943087,2881
wfs:KINDERGARTENOGD.8943088,2882
wfs:KINDERGARTENOGD.8943327,2883
wfs:KINDERGARTENOGD.8943328,2884
wfs:KINDERGARTENOGD.8943329,2885
wfs:KINDERGARTENOGD.8943330,2886
wfs:KINDERGARTENOGD.8943331,2887
wfs:KINDERGARTENOGD.8943332,2888
wfs:KINDERGARTENOGD.8943333,2889
wfs:KINDERGARTENOGD.8943334,2890
wfs:KINDERGARTENOGD.8943335,2891
wfs:KINDERGARTENOGD.8943336,2892
wfs:KINDERGARTENOGD.8943337,2893
wfs:KINDERGARTENOGD.8943338,2894
wfs:KINDERGARTENOGD.8943339,2895
wfs:KINDERGARTENOGD.8943340,2896
wfs:KINDERGARTENOGD.8943341,2897
wfs:KINDERGARTENOGD.8943553,2898
wfs:KINDERGARTENOGD.8943554,2899
wfs:KINDERGARTENOGD.8943555,2900
wfs:KINDERGARTENOGD.8943556,2901
wfs:KINDERGARTENOGD.8943557,2902
wfs:KINDERGARTENOGD.8943558,2903
wfs:KINDERGARTENOGD.8943559,2904
wfs:KINDERGARTENOGD.8943560,2905
wfs:KINDERGARTENOGD.8943561,2906
wfs:KINDERGARTENOGD.8943562,2907
wfs:KINDERGARTENOGD.8943563,2908
wfs:KINDERGARTENOGD.8943564,2909
wfs:KINDERGARTENOGD.8943565,2910
wfs:KINDERGARTENOGD.8943552,2911
wfs:KINDERGARTENOGD.8943760,2912
wfs:KINDERGARTENOGD.8943761,2913
wfs:KINDERGARTENOGD.8943762,2914
wfs:KINDERGARTENOGD.8943763,2915
wfs:KINDERGARTENOGD.8943764,2916
wfs:KINDERGARTENOGD.8943765,2917
wfs:KINDERGARTENOGD.8943766,2918
wfs:KINDERGARTENOGD.8943767,2919
wfs:KINDERGARTENOGD.8943768,2920
wfs:KINDERGARTENOGD.8943769,2921
wfs:KINDERGARTENOGD.8943770,2922
wfs:KINDERGARTENOGD.8943771,2923
wfs:KINDERGARTENOGD.8943772,2924
wfs:KINDERGARTENOGD.8943773,2925
wfs:KINDERGARTENOGD.8943774,2926
wfs:KINDERGARTENOGD.8943089,2927
wfs:KINDERGARTENOGD.8943090,2928
wfs:KINDERGARTENOGD.8943091,2929
wfs:KINDERGARTENOGD.8943092,2930
wfs:KINDERGARTENOGD.8943093,2931
wfs:KINDERGARTENOGD.8943094,2932
wfs:KINDERGARTENOGD.8943095,2933
wfs:KINDERGARTENOGD.8943096,2934
wfs:KINDERGARTENOGD.8943097,2935
wfs:KINDERGARTENOGD.8943098,2936
wfs:KINDERGARTENOGD.8943099,2937
wfs:KINDERGARTENOGD.8943100,2938
wfs:KINDERGARTENOGD.8943101,2939
wfs:KINDERGARTENOGD.8943102,2940
wfs:KINDERGARTENOGD.8943103,2941
wfs:KINDERGARTENOGD.8943104,2942
wfs:KINDERGARTENOGD.8943105,2943
wfs:KINDERGARTENOGD.8943342,2944
wfs:KINDERGARTENOGD.8943343,2945
wfs:KINDERGARTENOGD.8943344,2946
wfs:KINDERGARTENOGD.8943345,2947
wfs:KINDERGARTENOGD.8943346,2948
wfs:KINDERGARTENOGD.8943347,2949
wfs:KINDERGARTENOGD.8943348,2950
wfs:KINDERGARTENOGD.8943349,2951
wfs:KINDERGARTENOGD.8943350,2952
wfs:KINDERGARTENOGD.8943351,2953
wfs:KINDERGARTENOGD.8943352,2954
wfs:KINDERGARTENOGD.8943353,2955
wfs:KINDERGARTENOGD.8943354,2956
wfs:KINDERGARTENOGD.8943355,2957
wfs:KINDERGARTENOGD.8943356,2958
wfs:KINDERGARTENOGD.8943357,2959
wfs:KINDERGARTENOGD.8943566,2960
wfs:KINDERGARTENOGD.8943567,2961
wfs:KINDERGARTENOGD.8943568,2962
wfs:KINDERGARTENOGD.8943569,2963
wfs:KINDERGARTENOGD.8943570,2964
wfs:KINDERGARTENOGD.8943571,2965
wfs:KINDERGARTENOGD.8943572,2966
wfs:KINDERGARTENOGD.8943573,2967
wfs:KINDERGARTENOGD.8943574,2968
wfs:KINDERGARTENOGD.8943575,2969
wfs:KINDERGARTENOGD.8943576,2970
wfs:KINDERGARTENOGD.8943577,2971
wfs:KINDERGARTENOGD.8943578,2972
wfs:KINDERGARTENOGD.8943579,2973
wfs:KINDERGARTENOGD.8943775,2974
wfs:KINDERGARTENOGD.8943776,2975
wfs:KINDERGARTENOGD.8943777,2976
wfs:KINDERGARTENOGD.8943778,2977
wfs:KINDERGARTENOGD.8943779,2978
wfs:KINDERGARTENOGD.8943780,2979
wfs:KINDERGARTENOGD.8943781,2980
wfs:KINDERGARTENOGD.8943782,2981
wfs:KINDERGARTENOGD.8943783,2982
wfs:KINDERGARTENOGD.8943784,2983
wfs:KINDERGARTENOGD.8943785,2984
wfs:KINDERGARTENOGD.8943786,2985
wfs:KINDERGARTENOGD.8943787,2986
wfs:KINDERGARTENOGD.8943788,2987
wfs:KINDERGARTENOGD.8943107,2988
wfs:KINDERGARTENOGD.8943108,2989
wfs:KINDERGARTENOGD.8943109,2990
wfs:KINDERGARTENOGD.8943110,2991
wfs:KINDERGARTENOGD.8943111,2992
wfs:KINDERGARTENOGD.8943112,2993
wfs:KINDERGARTENOGD.8943113,2994
wfs:KINDERGARTENOGD.8943114,2995
wfs:KINDERGARTENOGD.8943115,2996
wfs:KINDERGARTENOGD.8943116,2997
wfs:KINDERGARTENOGD.8943117,2998
wfs:KINDERGARTENOGD.8943118,2999
wfs:KINDERGARTENOGD.8943119,3000
wfs:KINDERGARTENOGD.8943106,3001
wfs:KINDERGARTENOGD.8943120,3002
wfs:KINDERGARTENOGD.8943358,3003
wfs:KINDERGARTENOGD.8943359,3004
wfs:KINDERGARTENOGD.8943360,3005
wfs:KINDERGARTENOGD.8943361,3006
wfs:KINDERGARTENOGD.8943362,3007
wfs:KINDERGARTENOGD.8943363,3008
wfs:KINDERGARTENOGD.8943364,3009
wfs:KINDERGARTENOGD.8943365,3010
wfs:KINDERGARTENOGD.8943366,3011
wfs:KINDERGARTENOGD.8943367,3012
wfs:KINDERGARTENOGD.8943368,3013
wfs:KINDERGARTENOGD.8943369,3014
wfs:KINDERGARTENOGD.8943370,3015
wfs:KINDERGARTENOGD.8943371,3016
wfs:KINDERGARTENOGD.8943372,3017
wfs:KINDERGARTENOGD.8943373,3018
wfs:KINDERGARTENOGD.8943580,3019
wfs:KINDERGARTENOGD.8943581,3020
wfs:KINDERGARTENOGD.8943582,3021
wfs:KINDERGARTENOGD.8943583,3022
wfs:KINDERGARTENOGD.8943584,3023
wfs:KINDERGARTENOGD.8943585,3024
wfs:KINDERGARTENOGD.8943586,3025
wfs:KINDERGARTENOGD.8943587,3026
wfs:KINDERGARTENOGD.8943588,3027
wfs:KINDERGARTENOGD.8943589,3028
wfs:KINDERGARTENOGD.8943590,3029
wfs:KINDERGARTENOGD.8943591,3030
wfs:KINDERGARTENOGD.8943592,3031
wfs:KINDERGARTENOGD.8943593,3032
wfs:KINDERGARTENOGD.8943789,3033
wfs:KINDERGARTENOGD.8943790,3034
wfs:KINDERGARTENOGD.8943791,3035
wfs:KINDERGARTENOGD.8943792,3036
wfs:KINDERGARTENOGD.8943793,3037
wfs:KINDERGARTENOGD.8943794,3038
wfs:KINDERGARTENOGD.8943795,3039
wfs:KINDERGARTENOGD.8943796,3040
wfs:KINDERGARTENOGD.8943797,3041
wfs:KINDERGARTENOGD.8943798,3042
wfs:KINDERGARTENOGD.8943799,3043
wfs:KINDERGARTENOGD.8943800,3044
wfs:KINDERGARTENOGD.8943801,3045
wfs:KINDERGARTENOGD.8943121,3046
wfs:KINDERGARTENOGD.8943122,3047
wfs:KINDERGARTENOGD.8943123,3048
wfs:KINDERGARTENOGD.8943124,3049
wfs:KINDERGARTENOGD.8943125,3050
wfs:KINDERGARTENOGD.8943126,3051
wfs:KINDERGARTENOGD.8943127,3052
wfs:KINDERGARTENOGD.8943128,3053
wfs:KINDERGARTENOGD.8943129,3054
wfs:KINDERGARTENOGD.8943130,3055
wfs:KINDERGARTENOGD.8943131,3056
wfs:KINDERGARTENOGD.8943132,3057
wfs:KINDERGARTENOGD.8943133,3058
wfs:KINDERGARTENOGD.8943134,3059
wfs:KINDERGARTENOGD.8943135,3060
wfs:KINDERGARTENOGD.8943375,3061
wfs:KINDERGARTENOGD.8943376,3062
wfs:KINDERGARTENOGD.8943377,3063
wfs:KINDERGARTENOGD.8943378,3064
wfs:KINDERGARTENOGD.8943379,3065
wfs:KINDERGARTENOGD.8943380,3066
wfs:KINDERGARTENOGD.8943381,3067
wfs:KINDERGARTENOGD.8943382,3068
wfs:KINDERGARTENOGD.8943383,3069
wfs:KINDERGARTENOGD.8943384,3070
wfs:KINDERGARTENOGD.8943385,3071
wfs:KINDERGARTENOGD.8943386,3072
wfs:KINDERGARTENOGD.8943387,3073
wfs:KINDERGARTENOGD.8943374,3074
wfs:KINDERGARTENOGD.8943388,3075
wfs:KINDERGARTENOGD.8943389,3076
wfs:KINDERGARTENOGD.8943390,3077
wfs:KINDERGARTENOGD.8943594,3078
wfs:KINDERGARTENOGD.8943595,3079
wfs:KINDERGARTENOGD.8943596,3080
wfs:KINDERGARTENOGD.8943597,3081
wfs:KINDERGARTENOGD.8943598,3082
wfs:KINDERGARTENOGD.8943599,3083
wfs:KINDERGARTENOGD.8943600,3084
wfs:KINDERGARTENOGD.8943601,3085
wfs:KINDERGARTENOGD.8943602,3086
wfs:KINDERGARTENOGD.8943603,3087
wfs:KINDERGARTENOGD.8943604,3088
wfs:KINDERGARTENOGD.8943605,3089
wfs:KINDERGARTENOGD.8943606,3090
wfs:KINDERGARTENOGD.8943607,3091
wfs:KINDERGARTENOGD.8943802,3092
wfs:KINDERGARTENOGD.8943803,3093
wfs:KINDERGARTENOGD.8943804,3094
wfs:KINDERGARTENOGD.8943805,3095
wfs:KINDERGARTENOGD.8943806,3096
wfs:KINDERGARTENOGD.8943807,3097
wfs:KINDERGARTENOGD.8943808,3098
wfs:KINDERGARTENOGD.8943809,3099
wfs:KINDERGARTENOGD.8943810,3100
wfs:KINDERGARTENOGD.8943811,3101
wfs:KINDERGARTENOGD.8943812,3102
wfs:KINDERGARTENOGD.8943813,3103
wfs:KINDERGARTENOGD.8943814,3104
wfs:KINDERGARTENOGD.8943815,3105
wfs:KINDERGARTENOGD.8943816,3106
wfs:KINDERGARTENOGD.8943136,3107
wfs:KINDERGARTENOGD.8943137,3108
wfs:KINDERGARTENOGD.8943138,3109
wfs:KINDERGARTENOGD.8943139,3110
wfs:KINDERGARTENOGD.8943140,3111
wfs:KINDERGARTENOGD.8943141,3112
wfs:KINDERGARTENOGD.8943142,3113
wfs:KINDERGARTENOGD.8943143,3114
wfs:KINDERGARTENOGD.8943144,3115
wfs:KINDERGARTENOGD.8943145,3116
wfs:KINDERGARTENOGD.8943146,3117
wfs:KINDERGARTENOGD.8943147,3118
wfs:KINDERGARTENOGD.8943148,3119
wfs:KINDERGARTENOGD.8943149,3120
wfs:KINDERGARTENOGD.8943150,3121
wfs:KINDERGARTENOGD.8943151,3122
wfs:KINDERGARTENOGD.8943391,3123
wfs:KINDERGARTENOGD.8943392,3124
wfs:KINDERGARTENOGD.8943393,3125
wfs:KINDERGARTENOGD.8943394,3126
wfs:KINDERGARTENOGD.8943395,3127
wfs:KINDERGARTENOGD.8943396,3128
wfs:KINDERGARTENOGD.8943397,3129
wfs:KINDERGARTENOGD.8943398,3130
wfs:KINDERGARTENOGD.8943399,3131
wfs:KINDERGARTENOGD.8943400,3132
wfs:KINDERGARTENOGD.8943401,3133
wfs:KINDERGARTENOGD.8943402,3134
wfs:KINDERGARTENOGD.8943403,3135
wfs:KINDERGARTENOGD.8943404,3136
wfs:KINDERGARTENOGD.8943405,3137
wfs:KINDERGARTENOGD.8943406,3138
wfs:KINDERGARTENOGD.8943608,3139
wfs:KINDERGARTENOGD.8943609,3140
wfs:KINDERGARTENOGD.8943610,3141
wfs:KINDERGARTENOGD.8943611,3142
wfs:KINDERGARTENOGD.8943612,3143
wfs:KINDERGARTENOGD.8943613,3144
wfs:KINDERGARTENOGD.8943614,3145
wfs:KINDERGARTENOGD.8943615,3146
wfs:KINDERGARTENOGD.8943616,3147
wfs:KINDERGARTENOGD.8943617,3148
wfs:KINDERGARTENOGD.8943618,3149
wfs:KINDERGARTENOGD.8943619,3150
wfs:KINDERGARTENOGD.8943620,3151
wfs:KINDERGARTENOGD.8943621,3152
wfs:KINDERGARTENOGD.8943818,3153
wfs:KINDERGARTENOGD.8943819,3154
wfs:KINDERGARTENOGD.8943820,3155
wfs:KINDERGARTENOGD.8943821,3156
wfs:KINDERGARTENOGD.8943822,3157
wfs:KINDERGARTENOGD.8943823,3158
wfs:KINDERGARTENOGD.8943824,3159
wfs:KINDERGARTENOGD.8943825,3160
wfs:KINDERGARTENOGD.8943826,3161
wfs:KINDERGARTENOGD.8943827,3162
wfs:KINDERGARTENOGD.8943828,3163
wfs:KINDERGARTENOGD.8943829,3164
wfs:KINDERGARTENOGD.8943830,3165
wfs:KINDERGARTENOGD.8943817,3166
wfs:KINDERGARTENOGD.8943831,3167
wfs:KINDERGARTENOGD.8943152,3168
wfs:KINDERGARTENOGD.8943153,3169
wfs:KINDERGARTENOGD.8943154,3170
wfs:KINDERGARTENOGD.8943155,3171
wfs:KINDERGARTENOGD.8943156,3172
wfs:KINDERGARTENOGD.8943157,3173
wfs:KINDERGARTENOGD.8943158,3174
wfs:KINDERGARTENOGD.8943159,3175
wfs:KINDERGARTENOGD.8943160,3176
wfs:KINDERGARTENOGD.8943161,3177
wfs:KINDERGARTENOGD.8943162,3178
wfs:KINDERGARTENOGD.8943163,3179
wfs:KINDERGARTENOGD.8943164,3180
wfs:KINDERGARTENOGD.8943165,3181
wfs:KINDERGARTENOGD.8943166,3182
wfs:KINDERGARTENOGD.8943167,3183
wfs:KINDERGARTENOGD.8943407,3184
wfs:KINDERGARTENOGD.8943408,3185
wfs:KINDERGARTENOGD.8943409,3186
wfs:KINDERGARTENOGD.8943410,3187
wfs:KINDERGARTENOGD.8943411,3188
wfs:KINDERGARTENOGD.8943412,3189
wfs:KINDERGARTENOGD.8943413,3190
wfs:KINDERGARTENOGD.8943414,3191
wfs:KINDERGARTENOGD.8943415,3192
wfs:KINDERGARTENOGD.8943416,3193
wfs:KINDERGARTENOGD.8943417,3194
wfs:KINDERGARTENOGD.8943418,3195
wfs:KINDERGARTENOGD.8943419,3196
wfs:KINDERGARTENOGD.8943420,3197
wfs:KINDERGARTENOGD.8943421,3198
wfs:KINDERGARTENOGD.8943422,3199
wfs:KINDERGARTENOGD.8943622,3200
wfs:KINDERGARTENOGD.8943623,3201
wfs:KINDERGARTENOGD.8943624,3202
wfs:KINDERGARTENOGD.8943625,3203
wfs:KINDERGARTENOGD.8943626,3204
wfs:KINDERGARTENOGD.8943627,3205
wfs:KINDERGARTENOGD.8943628,3206
wfs:KINDERGARTENOGD.8943629,3207
wfs:KINDERGARTENOGD.8943630,3208
wfs:KINDERGARTENOGD.8943631,3209
wfs:KINDERGARTENOGD.8943632,3210
wfs:KINDERGARTENOGD.8943633,3211
wfs:KINDERGARTENOGD.8943634,3212
wfs:KINDERGARTENOGD.8943832,3213
wfs:KINDERGARTENOGD.8943833,3214
wfs:KINDERGARTENOGD.8943834,3215
wfs:KINDERGARTENOGD.8943835,3216
wfs:KINDERGARTENOGD.8943836,3217
wfs:KINDERGARTENOGD.8943837,3218
wfs:KINDERGARTENOGD.8943838,3219
wfs:KINDERGARTENOGD.8943839,3220
wfs:KINDERGARTENOGD.8943840,3221
wfs:KINDERGARTENOGD.8943841,3222
wfs:KINDERGARTENOGD.8943842,3223
wfs:KINDERGARTENOGD.8943843,3224
wfs:KINDERGARTENOGD.8943844,3225
wfs:KINDERGARTENOGD.8943845,3226
wfs:KINDERGARTENOGD.8943168,3227
wfs:KINDERGARTENOGD.8943169,3228
wfs:KINDERGARTENOGD.8943170,3229
wfs:KINDERGARTENOGD.8943171,3230
wfs:KINDERGARTENOGD.8943172,3231
wfs:KINDERGARTENOGD.8943173,3232
wfs:KINDERGARTENOGD.8943174,3233
wfs:KINDERGARTENOGD.8943175,3234
wfs:KINDERGARTENOGD.8943176,3235
wfs:KINDERGARTENOGD.8943177,3236
wfs:KINDERGARTENOGD.8943178,3237
wfs:KINDERGARTENOGD.8943179,3238
wfs:KINDERGARTENOGD.8943180,3239
wfs:KINDERGARTENOGD.8943181,3240
wfs:KINDERGARTENOGD.8943182,3241
wfs:KINDERGARTENOGD.8943423,3242
wfs:KINDERGARTENOGD.8943424,3243
wfs:KINDERGARTENOGD.8943425,3244
wfs:KINDERGARTENOGD.8943426,3245
wfs:KINDERGARTENOGD.8943427,3246
wfs:KINDERGARTENOGD.8943428,3247
wfs:KINDERGARTENOGD.8943429,3248
wfs:KINDERGARTENOGD.8943430,3249
wfs:KINDERGARTENOGD.8943431,3250
wfs:KINDERGARTENOGD.8943432,3251
wfs:KINDERGARTENOGD.8943433,3252
wfs:KINDERGARTENOGD.8943434,3253
wfs:KINDERGARTENOGD.8943435,3254
wfs:KINDERGARTENOGD.8943436,3255
wfs:KINDERGARTENOGD.8943437,3256
wfs:KINDERGARTENOGD.8943635,3257
wfs:KINDERGARTENOGD.8943636,3258
wfs:KINDERGARTENOGD.8943637,3259
wfs:KINDERGARTENOGD.8943638,3260
wfs:KINDERGARTENOGD.8943639,3261
wfs:KINDERGARTENOGD.8943640,3262
wfs:KINDERGARTENOGD.8943641,3263
wfs:KINDERGARTENOGD.8943642,3264
wfs:KINDERGARTENOGD.8943643,3265
wfs:KINDERGARTENOGD.8943644,3266
wfs:KINDERGARTENOGD.8943645,3267
wfs:KINDERGARTENOGD.8943646,3268
wfs:KINDERGARTENOGD.8943647,3269
wfs:KINDERGARTENOGD.8943648,3270
wfs:KINDERGARTENOGD.8943846,3271
wfs:KINDERGARTENOGD.8943847,3272
wfs:KINDERGARTENOGD.8943848,3273
wfs:KINDERGARTENOGD.8943849,3274
wfs:KINDERGARTENOGD.8943850,3275
wfs:KINDERGARTENOGD.8943851,3276
wfs:KINDERGARTENOGD.8943852,3277
wfs:KINDERGARTENOGD.8943853,3278
wfs:KINDERGARTENOGD.8943854,3279
wfs:KINDERGARTENOGD.8943855,3280
wfs:KINDERGARTENOGD.8943856,3281
wfs:KINDERGARTENOGD.8943857,3282
wfs:KINDERGARTENOGD.8943858,3283
wfs:KINDERGARTENOGD.8943859,3284
wfs:KINDERGARTENOGD.8943183,3285
wfs:KINDERGARTENOGD.8943184,3286
wfs:KINDERGARTENOGD.8943185,3287
wfs:KINDERGARTENOGD.8943186,3288
wfs:KINDERGARTENOGD.8943187,3289
wfs:KINDERGARTENOGD.8943188,3290
wfs:KINDERGARTENOGD.8943189,3291
wfs:KINDERGARTENOGD.8943190,3292
wfs:KINDERGARTENOGD.8943191,3293
wfs:KINDERGARTENOGD.8943192,3294
wfs:KINDERGARTENOGD.8943193,3295
wfs:KINDERGARTENOGD.8943194,3296
wfs:KINDERGARTENOGD.8943195,3297
wfs:KINDERGARTENOGD.8943196,3298
wfs:KINDERGARTENOGD.8943197,3299
wfs:KINDERGARTENOGD.8943198,3300
wfs:KINDERGARTENOGD.8943439,3301
wfs:KINDERGARTENOGD.8943440,3302
wfs:KINDERGARTENOGD.8943441,3303
wfs:KINDERGARTENOGD.8943442,3304
wfs:KINDERGARTENOGD.8943443,3305
wfs:KINDERGARTENOGD.8943444,3306
wfs:KINDERGARTENOGD.8943445,3307
wfs:KINDERGARTENOGD.8943446,3308
wfs:KINDERGARTENOGD.8943447,3309
wfs:KINDERGARTENOGD.8943448,3310
wfs:KINDERGARTENOGD.8943449,3311
wfs:KINDERGARTENOGD.8943450,3312
wfs:KINDERGARTENOGD.8943451,3313
wfs:KINDERGARTENOGD.8943438,3314
wfs:KINDERGARTENOGD.8943452,3315
wfs:KINDERGARTENOGD.8943453,3316
wfs:KINDERGARTENOGD.8943649,3317
wfs:KINDERGARTENOGD.8943650,3318
wfs:KINDERGARTENOGD.8943651,3319
wfs:KINDERGARTENOGD.8943652,3320
wfs:KINDERGARTENOGD.8943653,3321
wfs:KINDERGARTENOGD.8943654,3322
wfs:KINDERGARTENOGD.8943655,3323
wfs:KINDERGARTENOGD.8943656,3324
wfs:KINDERGARTENOGD.8943657,3325
wfs:KINDERGARTENOGD.8943658,3326
wfs:KINDERGARTENOGD.8943659,3327
wfs:KINDERGARTENOGD.8943660,3328
wfs:KINDERGARTENOGD.8943661,3329
wfs:KINDERGARTENOGD.8943860,3330
wfs:KINDERGARTENOGD.8943861,3331
wfs:KINDERGARTENOGD.8943862,3332
wfs:KINDERGARTENOGD.8943863,3333
wfs:KINDERGARTENOGD.8943864,3334
wfs:KINDERGARTENOGD.8943865,3335
wfs:KINDERGARTENOGD.8943866,3336
wfs:KINDERGARTENOGD.8943867,3337
wfs:KINDERGARTENOGD.8943868,3338
wfs:KINDERGARTENOGD.8943869,3339
wfs:KINDERGARTENOGD.8943870,3340
wfs:KINDERGARTENOGD.8943871,3341
wfs:KINDERGARTENOGD.8943872,3342
wfs:KINDERGARTENOGD.8943873,3343
wfs:KINDERGARTENOGD.8943200,3344
wfs:KINDERGARTENOGD.8943201,3345
wfs:KINDERGARTENOGD.8943202,3346
wfs:KINDERGARTENOGD.8943203,3347
wfs:KINDERGARTENOGD.8943204,3348
wfs:KINDERGARTENOGD.8943205,3349
wfs:KINDERGARTENOGD.8943206,3350
wfs:KINDERGARTENOGD.8943207,3351
wfs:KINDERGARTENOGD.8943208,3352
wfs:KINDERGARTENOGD.8943209,3353
wfs:KINDERGARTENOGD.8943210,3354
wfs:KINDERGARTENOGD.8943211,3355
wfs:KINDERGARTENOGD.8943212,3356
wfs:KINDERGARTENOGD.8943213,3357
wfs:KINDERGARTENOGD.8943199,3358
wfs:KINDERGARTENOGD.8943214,3359
wfs:KINDERGARTENOGD.8943454,3360
wfs:KINDERGARTENOGD.8943455,3361
wfs:KINDERGARTENOGD.8943456,3362
wfs:KINDERGARTENOGD.8943457,3363
wfs:KINDERGARTENOGD.8943458,3364
wfs:KINDERGARTENOGD.8943459,3365
wfs:KINDERGARTENOGD.8943460,3366
wfs:KINDERGARTENOGD.8943461,3367
wfs:KINDERGARTENOGD.8943462,3368
wfs:KINDERGARTENOGD.8943463,3369
wfs:KINDERGARTENOGD.8943464,3370
wfs:KINDERGARTENOGD.8943465,3371
wfs:KINDERGARTENOGD.8943466,3372
wfs:KINDERGARTENOGD.8943467,3373
wfs:KINDERGARTENOGD.8943468,3374
wfs:KINDERGARTENOGD.8943469,3375
wfs:KINDERGARTENOGD.8943662,3376
wfs:KINDERGARTENOGD.8943663,3377
wfs:KINDERGARTENOGD.8943664,3378
wfs:KINDERGARTENOGD.8943665,3379
wfs:KINDERGARTENOGD.8943666,3380
wfs:KINDERGARTENOGD.8943667,3381
wfs:KINDERGARTENOGD.8943668,3382
wfs:KINDERGARTENOGD.8943669,3383
wfs:KINDERGARTENOGD.8943670,3384
wfs:KINDERGARTENOGD.8943671,3385
wfs:KINDERGARTENOGD.8943672,3386
wfs:KINDERGARTENOGD.8943673,3387
wfs:KINDERGARTENOGD.8943674,3388
wfs:KINDERGARTENOGD.8943675,3389
wfs:KINDERGARTENOGD.8943874,3390
wfs:KINDERGARTENOGD.8943875,3391
wfs:KINDERGARTENOGD.8943876,3392
wfs:KINDERGARTENOGD.8943877,3393
wfs:KINDERGARTENOGD.8943878,3394
wfs:KINDERGARTENOGD.8943879,3395
wfs:KINDERGARTENOGD.8943880,3396
wfs:KINDERGARTENOGD.8943881,3397
wfs:KINDERGARTENOGD.8943882,3398
wfs:KINDERGARTENOGD.8943883,3399
wfs:KINDERGARTENOGD.8943884,3400
wfs:KINDERGARTENOGD.8943885,3401
wfs:KINDERGARTENOGD.8943886,3402
wfs:KINDERGARTENOGD.8943215,3403
wfs:KINDERGARTENOGD.8943216,3404
wfs:KINDERGARTENOGD.8943217,3405
wfs:KINDERGARTENOGD.8943218,3406
wfs:KINDERGARTENOGD.8943219,3407
wfs:KINDERGARTENOGD.8943220,3408
wfs:KINDERGARTENOGD.8943221,3409
wfs:KINDERGARTENOGD.8943222,3410
wfs:KINDERGARTENOGD.8943223,3411
wfs:KINDERGARTENOGD.8943224,3412
wfs:KINDERGARTENOGD.8943225,3413
wfs:KINDERGARTENOGD.8943226,3414
wfs:KINDERGARTENOGD.8943227,3415
wfs:KINDERGARTENOGD.8943228,3416
wfs:KINDERGARTENOGD.8943229,3417
wfs:KINDERGARTENOGD.8943230,3418
wfs:KINDERGARTENOGD.8943231,3419
wfs:KINDERGARTENOGD.8943470,3420
wfs:KINDERGARTENOGD.8943471,3421
wfs:KINDERGARTENOGD.8943472,3422
wfs:KINDERGARTENOGD.8943473,3423
wfs:KINDERGARTENOGD.8943474,3424
wfs:KINDERGARTENOGD.8943475,3425
wfs:KINDERGARTENOGD.8943476,3426
wfs:KINDERGARTENOGD.8943477,3427
wfs:KINDERGARTENOGD.8943478,3428
wfs:KINDERGARTENOGD.8943479,3429
wfs:KINDERGARTENOGD.8943480,3430
wfs:KINDERGARTENOGD.8943481,3431
wfs:KINDERGARTENOGD.8943482,3432
wfs:KINDERGARTENOGD.8943483,3433
wfs:KINDERGARTENOGD.8943484,3434
wfs:KINDERGARTENOGD.8943485,3435
wfs:KINDERGARTENOGD.8943676,3436
wfs:KINDERGARTENOGD.8943677,3437
wfs:KINDERGARTENOGD.8943678,3438
wfs:KINDERGARTENOGD.8943679,3439
wfs:KINDERGARTENOGD.8943680,3440
wfs:KINDERGARTENOGD.8943681,3441
wfs:KINDERGARTENOGD.8943682,3442
wfs:KINDERGARTENOGD.8943683,3443
wfs:KINDERGARTENOGD.8943684,3444
wfs:KINDERGARTENOGD.8943685,3445
wfs:KINDERGARTENOGD.8943686,3446
wfs:KINDERGARTENOGD.8943687,3447
wfs:KINDERGARTENOGD.8943688,3448
wfs:KINDERGARTENOGD.8943689,3449
wfs:KINDERGARTENOGD.8943887,3450
wfs:KINDERGARTENOGD.8943888,3451
wfs:KINDERGARTENOGD.8943889,3452
wfs:KINDERGARTENOGD.8943890,3453
wfs:KINDERGARTENOGD.8943891,3454
wfs:KINDERGARTENOGD.8943892,3455
wfs:KINDERGARTENOGD.8943893,3456
wfs:KINDERGARTENOGD.8943894,3457
wfs:KINDERGARTENOGD.8943895,3458
wfs:KINDERGARTENOGD.8943896,3459
wfs:KINDERGARTENOGD.8943897,3460
wfs:KINDERGARTENOGD.8943898,3461
wfs:KINDERGARTENOGD.8943899,3462
wfs:KINDERGARTENOGD.8943900,3463
wfs:KINDERGARTENOGD.8943232,3464
wfs:KINDERGARTENOGD.8943233,3465
wfs:KINDERGARTENOGD.8943234,3466
wfs:KINDERGARTENOGD.8943235,3467
wfs:KINDERGARTENOGD.8943236,3468
wfs:KINDERGARTENOGD.8943237,3469
wfs:KINDERGARTENOGD.8943238,3470
wfs:KINDERGARTENOGD.8943239,3471
wfs:KINDERGARTENOGD.8943240,3472
wfs:KINDERGARTENOGD.8943241,3473
wfs:KINDERGARTENOGD.8943242,3474
wfs:KINDERGARTENOGD.8943243,3475
wfs:KINDERGARTENOGD.8943244,3476
wfs:KINDERGARTENOGD.8943245,3477
wfs:KINDERGARTENOGD.8943246,3478
wfs:KINDERGARTENOGD.8943247,3479
wfs:KINDERGARTENOGD.8943486,3480
wfs:KINDERGARTENOGD.8943487,3481
wfs:KINDERGARTENOGD.8943488,3482
wfs:KINDERGARTENOGD.8943489,3483
wfs:KINDERGARTENOGD.8943490,3484
wfs:KINDERGARTENOGD.8943491,3485
wfs:KINDERGARTENOGD.8943492,3486
wfs:KINDERGARTENOGD.8943493,3487
wfs:KINDERGARTENOGD.8943494,3488
wfs:KINDERGARTENOGD.8943495,3489
wfs:KINDERGARTENOGD.8943496,3490
wfs:KINDERGARTENOGD.8943497,3491
wfs:KINDERGARTENOGD.8943498,3492
wfs:KINDERGARTENOGD.8943499,3493
wfs:KINDERGARTENOGD.8943701,3494
wfs:KINDERGARTENOGD.8943702,3495
wfs:KINDERGARTENOGD.8943703,3496
wfs:KINDERGARTENOGD.8943690,3497
wfs:KINDERGARTENOGD.8943691,3498
wfs:KINDERGARTENOGD.8943692,3499
wfs:KINDERGARTENOGD.8943693,3500
wfs:KINDERGARTENOGD.8943694,3501
wfs:KINDERGARTENOGD.8943695,3502
wfs:KINDERGARTENOGD.8943696,3503
wfs:KINDERGARTENOGD.8943697,3504
wfs:KINDERGARTENOGD.8943698,3505
wfs:KINDERGARTENOGD.8943699,3506
wfs:KINDERGARTENOGD.8943700,3507
wfs:KINDERGARTENOGD.8943901,3508
wfs:KINDERGARTENOGD.8943902,3509
wfs:KINDERGARTENOGD.8943903,3510
wfs:KINDERGARTENOGD.8943904,3511
wfs:KINDERGARTENOGD.8943905,3512
wfs:KINDERGARTENOGD.8943906,3513
wfs:KINDERGARTENOGD.8943907,3514
wfs:KINDERGARTENOGD.8943908,3515
wfs:KINDERGARTENOGD.8943909,3516
wfs:KINDERGARTENOGD.8943910,3517
wfs:KINDERGARTENOGD.8943911,3518
wfs:KINDERGARTENOGD.8943912,3519
wfs:KINDERGARTENOGD.8943913,3520
wfs:KINDERGARTENOGD.8943914,3521
wfs:KINDERGARTENOGD.8943915,3522
wfs:KINDERGARTENOGD.8943248,3523
wfs:KINDERGARTENOGD.8943249,3524
wfs:KINDERGARTENOGD.8943250,3525
wfs:KINDERGARTENOGD.8943251,3526
wfs:KINDERGARTENOGD.8943252,3527
wfs:KINDERGARTENOGD.8943253,3528
wfs:KINDERGARTENOGD.8943254,3529
wfs:KINDERGARTENOGD.8943255,3530
wfs:KINDERGARTENOGD.8943256,3531
wfs:KINDERGARTENOGD.8943257,3532
wfs:KINDERGARTENOGD.8943258,3533
wfs:KINDERGARTENOGD.8943259,3534
wfs:KINDERGARTENOGD.8943260,3535
wfs:KINDERGARTENOGD.8943261,3536
wfs:KINDERGARTENOGD.8943262,3537
wfs:UNIVERSITAETOGD.5734675,3538
wfs:UNIVERSITAETOGD.5734676,3539
wfs:UNIVERSITAETOGD.5734677,3540
wfs:UNIVERSITAETOGD.5734678,3541
wfs:UNIVERSITAETOGD.5734679,3542
wfs:UNIVERSITAETOGD.5734680,3543
wfs:UNIVERSITAETOGD.5734681,3544
wfs:UNIVERSITAETOGD.5734902,3545
wfs:UNIVERSITAETOGD.5734903,3546
wfs:UNIVERSITAETOGD.5734712,3547
wfs:UNIVERSITAETOGD.5734713,3548
wfs:UNIVERSITAETOGD.5734714,3549
wfs:UNIVERSITAETOGD.5734715,3550
wfs:UNIVERSITAETOGD.5734716,3551
wfs:UNIVERSITAETOGD.5734717,3552
wfs:UNIVERSITAETOGD.5734718,3553
wfs:UNIVERSITAETOGD.5734411,3554
wfs:UNIVERSITAETOGD.5734412,3555
wfs:UNIVERSITAETOGD.5734413,3556
wfs:UNIVERSITAETOGD.5734414,3557
wfs:UNIVERSITAETOGD.5734415,3558
wfs:UNIVERSITAETOGD.5734416,3559
wfs:UNIVERSITAETOGD.5734417,3560
wfs:UNIVERSITAETOGD.5734418,3561
wfs:UNIVERSITAETOGD.5734419,3562
wfs:UNIVERSITAETOGD.5734420,3563
wfs:UNIVERSITAETOGD.5734421,3564
wfs:UNIVERSITAETOGD.5734422,3565
wfs:UNIVERSITAETOGD.5734423,3566
wfs:UNIVERSITAETOGD.5734424,3567
wfs:UNIVERSITAETOGD.5734425,3568
wfs:UNIVERSITAETOGD.5734426,3569
wfs:UNIVERSITAETOGD.5734490,3570
wfs:UNIVERSITAETOGD.5734517,3571
wfs:UNIVERSITAETOGD.5734518,3572
wfs:UNIVERSITAETOGD.5734519,3573
wfs:UNIVERSITAETOGD.5734520,3574
wfs:UNIVERSITAETOGD.5734559,3575
wfs:UNIVERSITAETOGD.5734560,3576
wfs:UNIVERSITAETOGD.5734561,3577
wfs:UNIVERSITAETOGD.5734562,3578
wfs:UNIVERSITAETOGD.5734563,3579
wfs:UNIVERSITAETOGD.5734564,3580
wfs:UNIVERSITAETOGD.5734565,3581
wfs:UNIVERSITAETOGD.5734566,3582
wfs:UNIVERSITAETOGD.5734567,3583
wfs:UNIVERSITAETOGD.5734568,3584
wfs:UNIVERSITAETOGD.5734569,3585
wfs:UNIVERSITAETOGD.5734570,3586
wfs:UNIVERSITAETOGD.5734571,3587
wfs:UNIVERSITAETOGD.5734572,3588
wfs:UNIVERSITAETOGD.5734574,3589
wfs:UNIVERSITAETOGD.5734575,3590
wfs:UNIVERSITAETOGD.5734576,3591
wfs:UNIVERSITAETOGD.5734577,3592
wfs:UNIVERSITAETOGD.5734578,3593
wfs:UNIVERSITAETOGD.5734579,3594
wfs:UNIVERSITAETOGD.5734580,3595
wfs:UNIVERSITAETOGD.5734581,3596
wfs:UNIVERSITAETOGD.5734582,3597
wfs:UNIVERSITAETOGD.5734583,3598
wfs:UNIVERSITAETOGD.5734584,3599
wfs:UNIVERSITAETOGD.5734585,3600
wfs:UNIVERSITAETOGD.5734586,3601
wfs:UNIVERSITAETOGD.5734587,3602
wfs:UNIVERSITAETOGD.5734588,3603
wfs:UNIVERSITAETOGD.5734589,3604
wfs:UNIVERSITAETOGD.5734590,3605
wfs:UNIVERSITAETOGD.5734573,3606
wfs:UNIVERSITAETOGD.5734373,3607
wfs:UNIVERSITAETOGD.5734374,3608
wfs:UNIVERSITAETOGD.5734375,3609
wfs:UNIVERSITAETOGD.5734376,3610
wfs:UNIVERSITAETOGD.5734377,3611
wfs:UNIVERSITAETOGD.5734378,3612
wfs:UNIVERSITAETOGD.5734379,3613
wfs:UNIVERSITAETOGD.5734380,3614
wfs:UNIVERSITAETOGD.5734381,3615
wfs:UNIVERSITAETOGD.5734382,3616
wfs:UNIVERSITAETOGD.5734383,3617
wfs:UNIVERSITAETOGD.5734384,3618
wfs:UNIVERSITAETOGD.5734385,3619
wfs:UNIVERSITAETOGD.5734386,3620
wfs:UNIVERSITAETOGD.5734387,3621
wfs:UNIVERSITAETOGD.5734388,3622
wfs:UNIVERSITAETOGD.5734389,3623
wfs:UNIVERSITAETOGD.5734390,3624
wfs:UNIVERSITAETOGD.5734353,3625
wfs:UNIVERSITAETOGD.5734354,3626
wfs:UNIVERSITAETOGD.5734355,3627
wfs:UNIVERSITAETOGD.5734356,3628
wfs:UNIVERSITAETOGD.5734357,3629
wfs:UNIVERSITAETOGD.5734358,3630
wfs:UNIVERSITAETOGD.5734359,3631
wfs:UNIVERSITAETOGD.5734682,3632
wfs:UNIVERSITAETOGD.5734683,3633
wfs:UNIVERSITAETOGD.5734391,3634
wfs:UNIVERSITAETOGD.5734392,3635
wfs:UNIVERSITAETOGD.5734393,3636
wfs:UNIVERSITAETOGD.5734394,3637
wfs:UNIVERSITAETOGD.5734395,3638
wfs:UNIVERSITAETOGD.5734396,3639
wfs:UNIVERSITAETOGD.5734397,3640
wfs:UNIVERSITAETOGD.5734399,3641
wfs:UNIVERSITAETOGD.5734400,3642
wfs:UNIVERSITAETOGD.5734401,3643
wfs:UNIVERSITAETOGD.5734402,3644
wfs:UNIVERSITAETOGD.5734403,3645
wfs:UNIVERSITAETOGD.5734404,3646
wfs:UNIVERSITAETOGD.5734405,3647
wfs:UNIVERSITAETOGD.5734406,3648
wfs:UNIVERSITAETOGD.5734407,3649
wfs:UNIVERSITAETOGD.5734408,3650
wfs:UNIVERSITAETOGD.5734409,3651
wfs:UNIVERSITAETOGD.5734410,3652
wfs:UNIVERSITAETOGD.5734719,3653
wfs:UNIVERSITAETOGD.5734720,3654
wfs:UNIVERSITAETOGD.5734721,3655
wfs:UNIVERSITAETOGD.5734722,3656
wfs:UNIVERSITAETOGD.5734723,3657
wfs:UNIVERSITAETOGD.5734724,3658
wfs:UNIVERSITAETOGD.5734725,3659
wfs:UNIVERSITAETOGD.5734786,3660
wfs:UNIVERSITAETOGD.5734788,3661
wfs:UNIVERSITAETOGD.5734835,3662
wfs:UNIVERSITAETOGD.5734836,3663
wfs:UNIVERSITAETOGD.5734845,3664
wfs:UNIVERSITAETOGD.5734846,3665
wfs:UNIVERSITAETOGD.5734847,3666
wfs:UNIVERSITAETOGD.5734848,3667
wfs:UNIVERSITAETOGD.5734849,3668
wfs:UNIVERSITAETOGD.5734850,3669
wfs:UNIVERSITAETOGD.5734851,3670
wfs:UNIVERSITAETOGD.5734852,3671
wfs:UNIVERSITAETOGD.5734853,3672
wfs:UNIVERSITAETOGD.5734854,3673
wfs:UNIVERSITAETOGD.5734856,3674
wfs:UNIVERSITAETOGD.5734857,3675
wfs:UNIVERSITAETOGD.5734867,3676
wfs:UNIVERSITAETOGD.5734868,3677
wfs:UNIVERSITAETOGD.5734870,3678
wfs:UNIVERSITAETOGD.5734491,3679
wfs:UNIVERSITAETOGD.5734492,3680
wfs:UNIVERSITAETOGD.5734493,3681
wfs:UNIVERSITAETOGD.5734494,3682
wfs:UNIVERSITAETOGD.5734495,3683
wfs:UNIVERSITAETOGD.5734787,3684
wfs:UNIVERSITAETOGD.5734246,3685
wfs:UNIVERSITAETOGD.5734247,3686
wfs:UNIVERSITAETOGD.5734248,3687
wfs:UNIVERSITAETOGD.5734343,3688
wfs:UNIVERSITAETOGD.5734344,3689
wfs:UNIVERSITAETOGD.5734345,3690
wfs:UNIVERSITAETOGD.5734346,3691
wfs:UNIVERSITAETOGD.5734347,3692
wfs:UNIVERSITAETOGD.5734348,3693
wfs:UNIVERSITAETOGD.5734349,3694
wfs:UNIVERSITAETOGD.5734350,3695
wfs:UNIVERSITAETOGD.5734351,3696
wfs:UNIVERSITAETOGD.5734352,3697
wfs:UNIVERSITAETOGD.5734684,3698
wfs:MAERKTEOGD.148339,3699
wfs:MAERKTEOGD.148340,3700
wfs:MAERKTEOGD.148341,3701
wfs:MAERKTEOGD.147714,3702
wfs:MAERKTEOGD.147715,3703
wfs:MAERKTEOGD.147716,3704
wfs:MAERKTEOGD.147717,3705
wfs:MAERKTEOGD.147718,3706
wfs:MAERKTEOGD.147719,3707
wfs:MAERKTEOGD.147720,3708
wfs:MAERKTEOGD.147721,3709
wfs:MAERKTEOGD.147722,3710
wfs:MAERKTEOGD.147723,3711
wfs:MAERKTEOGD.147724,3712
wfs:MAERKTEOGD.147725,3713
wfs:MAERKTEOGD.147726,3714
wfs:MAERKTEOGD.147727,3715
wfs:MAERKTEOGD.147728,3716
wfs:MAERKTEOGD.148337,3717
wfs:MAERKTEOGD.148338,3718
wfs:MAERKTEOGD.148342,3719
wfs:MAERKTEOGD.148343,3720
wfs:MAERKTEOGD.148344,3721
wfs:MUSEUMOGD.140627,3722
wfs:MUSEUMOGD.140628,3723
wfs:MUSEUMOGD.140629,3724
wfs:MUSEUMOGD.140630,3725
wfs:MUSEUMOGD.140631,3726
wfs:MUSEUMOGD.140632,3727
wfs:MUSEUMOGD.140633,3728
wfs:MUSEUMOGD.140634,3729
wfs:MUSEUMOGD.140635,3730
wfs:MUSEUMOGD.140636,3731
wfs:MUSEUMOGD.140637,3732
wfs:MUSEUMOGD.140638,3733
wfs:MUSEUMOGD.140639,3734
wfs:MUSEUMOGD.140640,3735
wfs:MUSEUMOGD.140641,3736
wfs:MUSEUMOGD.140642,3737
wfs:MUSEUMOGD.140643,3738
wfs:MUSEUMOGD.140644,3739
wfs:MUSEUMOGD.140645,3740
wfs:MUSEUMOGD.140646,3741
wfs:MUSEUMOGD.140647,3742
wfs:MUSEUMOGD.140648,3743
wfs:MUSEUMOGD.140649,3744
wfs:MUSEUMOGD.140650,3745
wfs:MUSEUMOGD.140651,3746
wfs:MUSEUMOGD.140652,3747
wfs:MUSEUMOGD.140653,3748
wfs:MUSEUMOGD.140654,3749
wfs:MUSEUMOGD.140655,3750
wfs:MUSEUMOGD.140656,3751
wfs:MUSEUMOGD.140657,3752
wfs:MUSEUMOGD.140658,3753
wfs:MUSEUMOGD.140659,3754
wfs:MUSEUMOGD.140660,3755
wfs:MUSEUMOGD.140661,3756
wfs:MUSEUMOGD.140662,3757
wfs:MUSEUMOGD.140663,3758
wfs:MUSEUMOGD.140664,3759
wfs:MUSEUMOGD.140665,3760
wfs:MUSEUMOGD.140666,3761
wfs:MUSEUMOGD.140667,3762
wfs:MUSEUMOGD.140668,3763
wfs:MUSEUMOGD.140669,3764
wfs:MUSEUMOGD.140670,3765
wfs:MUSEUMOGD.140671,3766
wfs:MUSEUMOGD.140672,3767
wfs:MUSEUMOGD.140673,3768
wfs:MUSEUMOGD.140674,3769
wfs:MUSEUMOGD.140675,3770
wfs:MUSEUMOGD.140676,3771
wfs:MUSEUMOGD.140692,3772
wfs:MUSEUMOGD.140693,3773
wfs:MUSEUMOGD.140694,3774
wfs:MUSEUMOGD.140695,3775
wfs:MUSEUMOGD.140696,3776
wfs:MUSEUMOGD.140697,3777
wfs:MUSEUMOGD.140698,3778
wfs:MUSEUMOGD.140699,3779
wfs:MUSEUMOGD.140700,3780
wfs:MUSEUMOGD.140701,3781
wfs:MUSEUMOGD.140677,3782
wfs:MUSEUMOGD.140678,3783
wfs:MUSEUMOGD.140679,3784
wfs:MUSEUMOGD.140680,3785
wfs:MUSEUMOGD.140681,3786
wfs:MUSEUMOGD.140682,3787
wfs:MUSEUMOGD.140683,3788
wfs:MUSEUMOGD.140684,3789
wfs:MUSEUMOGD.140685,3790
wfs:MUSEUMOGD.140686,3791
wfs:MUSEUMOGD.140687,3792
wfs:MUSEUMOGD.140688,3793
wfs:MUSEUMOGD.140689,3794
wfs:MUSEUMOGD.140690,3795
wfs:MUSEUMOGD.140691,3796
wfs:MUSEUMOGD.140702,3797
wfs:MUSEUMOGD.140703,3798
wfs:MUSEUMOGD.140704,3799
wfs:MUSEUMOGD.140705,3800
wfs:MUSEUMOGD.140706,3801
wfs:MUSEUMOGD.140707,3802
wfs:MUSEUMOGD.140708,3803
wfs:MUSEUMOGD.140709,3804
wfs:MUSEUMOGD.140710,3805
wfs:MUSEUMOGD.140711,3806
wfs:MUSEUMOGD.140712,3807
wfs:MUSEUMOGD.140713,3808
wfs:MUSEUMOGD.140577,3809
wfs:MUSEUMOGD.140578,3810
wfs:MUSEUMOGD.140579,3811
wfs:MUSEUMOGD.140580,3812
wfs:MUSEUMOGD.140581,3813
wfs:MUSEUMOGD.140582,3814
wfs:MUSEUMOGD.140583,3815
wfs:MUSEUMOGD.140584,3816
wfs:MUSEUMOGD.140585,3817
wfs:MUSEUMOGD.140586,3818
wfs:MUSEUMOGD.140587,3819
wfs:MUSEUMOGD.140588,3820
wfs:MUSEUMOGD.140589,3821
wfs:MUSEUMOGD.140590,3822
wfs:MUSEUMOGD.140591,3823
wfs:MUSEUMOGD.140592,3824
wfs:MUSEUMOGD.140593,3825
wfs:MUSEUMOGD.140594,3826
wfs:MUSEUMOGD.140595,3827
wfs:MUSEUMOGD.140596,3828
wfs:MUSEUMOGD.140597,3829
wfs:MUSEUMOGD.140598,3830
wfs:MUSEUMOGD.140599,3831
wfs:MUSEUMOGD.140600,3832
wfs:MUSEUMOGD.140601,3833
wfs:MUSEUMOGD.140602,3834
wfs:MUSEUMOGD.140603,3835
wfs:MUSEUMOGD.140604,3836
wfs:MUSEUMOGD.140605,3837
wfs:MUSEUMOGD.140606,3838
wfs:MUSEUMOGD.140607,3839
wfs:MUSEUMOGD.140608,3840
wfs:MUSEUMOGD.140609,3841
wfs:MUSEUMOGD.140610,3842
wfs:MUSEUMOGD.140611,3843
wfs:MUSEUMOGD.140612,3844
wfs:MUSEUMOGD.140613,3845
wfs:MUSEUMOGD.140614,3846
wfs:MUSEUMOGD.140615,3847
wfs:MUSEUMOGD.140616,3848
wfs:MUSEUMOGD.140617,3849
wfs:MUSEUMOGD.140618,3850
wfs:MUSEUMOGD.140619,3851
wfs:MUSEUMOGD.140620,3852
wfs:MUSEUMOGD.140621,3853
wfs:MUSEUMOGD.140622,3854
wfs:MUSEUMOGD.140623,3855
wfs:MUSEUMOGD.140624,3856
wfs:MUSEUMOGD.140625,3857
wfs:MUSEUMOGD.140626,3858
wfs:SPORTSTAETTENOGD.16353,3859
wfs:SPORTSTAETTENOGD.16354,3860
wfs:SPORTSTAETTENOGD.16355,3861
wfs:SPORTSTAETTENOGD.16356,3862
wfs:SPORTSTAETTENOGD.16357,3863
wfs:SPORTSTAETTENOGD.16358,3864
wfs:SPORTSTAETTENOGD.16359,3865
wfs:SPORTSTAETTENOGD.16360,3866
wfs:SPORTSTAETTENOGD.16361,3867
wfs:SPORTSTAETTENOGD.16362,3868
wfs:SPORTSTAETTENOGD.16363,3869
wfs:SPORTSTAETTENOGD.16365,3870
wfs:SPORTSTAETTENOGD.16366,3871
wfs:SPORTSTAETTENOGD.16367,3872
wfs:SPORTSTAETTENOGD.16368,3873
wfs:SPORTSTAETTENOGD.16369,3874
wfs:SPORTSTAETTENOGD.16370,3875
wfs:SPORTSTAETTENOGD.16371,3876
wfs:SPORTSTAETTENOGD.16372,3877
wfs:SPORTSTAETTENOGD.16373,3878
wfs:SPORTSTAETTENOGD.16374,3879
wfs:SPORTSTAETTENOGD.16375,3880
wfs:SPORTSTAETTENOGD.16376,3881
wfs:SPORTSTAETTENOGD.16377,3882
wfs:SPORTSTAETTENOGD.16378,3883
wfs:SPORTSTAETTENOGD.16379,3884
wfs:SPORTSTAETTENOGD.16380,3885
wfs:SPORTSTAETTENOGD.16381,3886
wfs:SPORTSTAETTENOGD.11144,3887
wfs:SPORTSTAETTENOGD.11145,3888
wfs:SPORTSTAETTENOGD.11146,3889
wfs:SPORTSTAETTENOGD.11147,3890
wfs:SPORTSTAETTENOGD.11148,3891
wfs:SPORTSTAETTENOGD.11149,3892
wfs:SPORTSTAETTENOGD.11150,3893
wfs:SPORTSTAETTENOGD.11151,3894
wfs:SPORTSTAETTENOGD.11152,3895
wfs:SPORTSTAETTENOGD.11153,3896
wfs:SPORTSTAETTENOGD.11154,3897
wfs:SPORTSTAETTENOGD.11155,3898
wfs:SPORTSTAETTENOGD.11156,3899
wfs:SPORTSTAETTENOGD.11157,3900
wfs:SPORTSTAETTENOGD.11158,3901
wfs:SPORTSTAETTENOGD.11159,3902
wfs:SPORTSTAETTENOGD.11160,3903
wfs:SPORTSTAETTENOGD.11161,3904
wfs:SPORTSTAETTENOGD.11162,3905
wfs:SPORTSTAETTENOGD.11163,3906
wfs:SPORTSTAETTENOGD.11164,3907
wfs:SPORTSTAETTENOGD.11165,3908
wfs:SPORTSTAETTENOGD.11166,3909
wfs:SPORTSTAETTENOGD.11167,3910
wfs:SPORTSTAETTENOGD.11168,3911
wfs:SPORTSTAETTENOGD.11169,3912
wfs:SPORTSTAETTENOGD.11170,3913
wfs:SPORTSTAETTENOGD.11171,3914
wfs:SPORTSTAETTENOGD.11172,3915
wfs:SPORTSTAETTENOGD.11173,3916
wfs:SPORTSTAETTENOGD.11174,3917
wfs:SPORTSTAETTENOGD.11175,3918
wfs:SPORTSTAETTENOGD.11176,3919
wfs:SPORTSTAETTENOGD.11177,3920
wfs:SPORTSTAETTENOGD.11178,3921
wfs:SPORTSTAETTENOGD.11179,3922
wfs:SPORTSTAETTENOGD.11180,3923
wfs:SPORTSTAETTENOGD.11181,3924
wfs:SPORTSTAETTENOGD.11182,3925
wfs:SPORTSTAETTENOGD.11183,3926
wfs:SPORTSTAETTENOGD.11184,3927
wfs:SPORTSTAETTENOGD.11185,3928
wfs:SPORTSTAETTENOGD.11186,3929
wfs:SPORTSTAETTENOGD.11187,3930
wfs:SPORTSTAETTENOGD.11188,3931
wfs:SPORTSTAETTENOGD.11189,3932
wfs:SPORTSTAETTENOGD.11190,3933
wfs:SPORTSTAETTENOGD.11191,3934
wfs:SPORTSTAETTENOGD.11192,3935
wfs:SPORTSTAETTENOGD.11193,3936
wfs:SPORTSTAETTENOGD.11194,3937
wfs:SPORTSTAETTENOGD.11195,3938
wfs:SPORTSTAETTENOGD.11196,3939
wfs:SPORTSTAETTENOGD.11197,3940
wfs:SPORTSTAETTENOGD.11198,3941
wfs:SPORTSTAETTENOGD.11199,3942
wfs:SPORTSTAETTENOGD.11200,3943
wfs:SPORTSTAETTENOGD.16001,3944
wfs:SPORTSTAETTENOGD.16002,3945
wfs:SPORTSTAETTENOGD.16003,3946
wfs:SPORTSTAETTENOGD.16004,3947
wfs:SPORTSTAETTENOGD.16005,3948
wfs:SPORTSTAETTENOGD.16006,3949
wfs:SPORTSTAETTENOGD.16007,3950
wfs:SPORTSTAETTENOGD.16008,3951
wfs:SPORTSTAETTENOGD.16009,3952
wfs:SPORTSTAETTENOGD.16010,3953
wfs:SPORTSTAETTENOGD.16011,3954
wfs:SPORTSTAETTENOGD.16012,3955
wfs:SPORTSTAETTENOGD.16013,3956
wfs:SPORTSTAETTENOGD.16014,3957
wfs:SPORTSTAETTENOGD.16015,3958
wfs:SPORTSTAETTENOGD.16016,3959
wfs:SPORTSTAETTENOGD.16017,3960
wfs:SPORTSTAETTENOGD.16018,3961
wfs:SPORTSTAETTENOGD.16019,3962
wfs:SPORTSTAETTENOGD.16020,3963
wfs:SPORTSTAETTENOGD.16021,3964
wfs:SPORTSTAETTENOGD.16022,3965
wfs:SPORTSTAETTENOGD.16023,3966
wfs:SPORTSTAETTENOGD.16024,3967
wfs:SPORTSTAETTENOGD.16025,3968
wfs:SPORTSTAETTENOGD.16026,3969
wfs:SPORTSTAETTENOGD.16027,3970
wfs:SPORTSTAETTENOGD.16028,3971
wfs:SPORTSTAETTENOGD.16029,3972
wfs:SPORTSTAETTENOGD.16030,3973
wfs:SPORTSTAETTENOGD.16031,3974
wfs:SPORTSTAETTENOGD.16032,3975
wfs:SPORTSTAETTENOGD.16033,3976
wfs:SPORTSTAETTENOGD.16034,3977
wfs:SPORTSTAETTENOGD.16035,3978
wfs:SPORTSTAETTENOGD.16036,3979
wfs:SPORTSTAETTENOGD.16037,3980
wfs:SPORTSTAETTENOGD.16038,3981
wfs:SPORTSTAETTENOGD.16039,3982
wfs:SPORTSTAETTENOGD.16040,3983
wfs:SPORTSTAETTENOGD.16041,3984
wfs:SPORTSTAETTENOGD.16042,3985
wfs:SPORTSTAETTENOGD.16043,3986
wfs:SPORTSTAETTENOGD.16044,3987
wfs:SPORTSTAETTENOGD.16045,3988
wfs:SPORTSTAETTENOGD.16046,3989
wfs:SPORTSTAETTENOGD.16047,3990
wfs:SPORTSTAETTENOGD.16048,3991
wfs:SPORTSTAETTENOGD.16049,3992
wfs:SPORTSTAETTENOGD.16050,3993
wfs:SPORTSTAETTENOGD.16051,3994
wfs:SPORTSTAETTENOGD.16052,3995
wfs:SPORTSTAETTENOGD.16053,3996
wfs:SPORTSTAETTENOGD.16054,3997
wfs:SPORTSTAETTENOGD.16055,3998
wfs:SPORTSTAETTENOGD.16056,3999
wfs:SPORTSTAETTENOGD.16057,4000
wfs:SPORTSTAETTENOGD.16058,4001
wfs:SPORTSTAETTENOGD.16059,4002
wfs:SPORTSTAETTENOGD.16060,4003
wfs:SPORTSTAETTENOGD.16061,4004
wfs:SPORTSTAETTENOGD.16062,4005
wfs:SPORTSTAETTENOGD.16063,4006
wfs:SPORTSTAETTENOGD.16064,4007
wfs:SPORTSTAETTENOGD.16065,4008
wfs:SPORTSTAETTENOGD.16066,4009
wfs:SPORTSTAETTENOGD.16067,4010
wfs:SPORTSTAETTENOGD.16068,4011
wfs:SPORTSTAETTENOGD.16069,4012
wfs:SPORTSTAETTENOGD.16070,4013
wfs:SPORTSTAETTENOGD.16071,4014
wfs:SPORTSTAETTENOGD.16072,4015
wfs:SPORTSTAETTENOGD.16073,4016
wfs:SPORTSTAETTENOGD.16074,4017
wfs:SPORTSTAETTENOGD.16075,4018
wfs:SPORTSTAETTENOGD.16076,4019
wfs:SPORTSTAETTENOGD.16077,4020
wfs:SPORTSTAETTENOGD.16078,4021
wfs:SPORTSTAETTENOGD.16079,4022
wfs:SPORTSTAETTENOGD.16080,4023
wfs:SPORTSTAETTENOGD.16081,4024
wfs:SPORTSTAETTENOGD.16082,4025
wfs:SPORTSTAETTENOGD.16083,4026
wfs:SPORTSTAETTENOGD.16084,4027
wfs:SPORTSTAETTENOGD.16085,4028
wfs:SPORTSTAETTENOGD.16086,4029
wfs:SPORTSTAETTENOGD.16087,4030
wfs:SPORTSTAETTENOGD.16088,4031
wfs:SPORTSTAETTENOGD.16089,4032
wfs:SPORTSTAETTENOGD.16090,4033
wfs:SPORTSTAETTENOGD.16091,4034
wfs:SPORTSTAETTENOGD.16092,4035
wfs:SPORTSTAETTENOGD.16093,4036
wfs:SPORTSTAETTENOGD.16094,4037
wfs:SPORTSTAETTENOGD.16095,4038
wfs:SPORTSTAETTENOGD.16096,4039
wfs:SPORTSTAETTENOGD.16097,4040
wfs:SPORTSTAETTENOGD.16098,4041
wfs:SPORTSTAETTENOGD.16099,4042
wfs:SPORTSTAETTENOGD.16100,4043
wfs:SPORTSTAETTENOGD.16101,4044
wfs:SPORTSTAETTENOGD.16102,4045
wfs:SPORTSTAETTENOGD.16103,4046
wfs:SPORTSTAETTENOGD.16104,4047
wfs:SPORTSTAETTENOGD.16105,4048
wfs:SPORTSTAETTENOGD.16106,4049
wfs:SPORTSTAETTENOGD.16107,4050
wfs:SPORTSTAETTENOGD.16108,4051
wfs:SPORTSTAETTENOGD.16109,4052
wfs:SPORTSTAETTENOGD.16110,4053
wfs:SPORTSTAETTENOGD.16111,4054
wfs:SPORTSTAETTENOGD.16112,4055
wfs:SPORTSTAETTENOGD.16113,4056
wfs:SPORTSTAETTENOGD.16114,4057
wfs:SPORTSTAETTENOGD.16115,4058
wfs:SPORTSTAETTENOGD.16116,4059
wfs:SPORTSTAETTENOGD.16117,4060
wfs:SPORTSTAETTENOGD.16118,4061
wfs:SPORTSTAETTENOGD.16119,4062
wfs:SPORTSTAETTENOGD.16120,4063
wfs:SPORTSTAETTENOGD.16121,4064
wfs:SPORTSTAETTENOGD.16122,4065
wfs:SPORTSTAETTENOGD.16123,4066
wfs:SPORTSTAETTENOGD.16124,4067
wfs:SPORTSTAETTENOGD.16125,4068
wfs:SPORTSTAETTENOGD.16126,4069
wfs:SPORTSTAETTENOGD.16127,4070
wfs:SPORTSTAETTENOGD.16128,4071
wfs:SPORTSTAETTENOGD.16129,4072
wfs:SPORTSTAETTENOGD.16130,4073
wfs:SPORTSTAETTENOGD.16131,4074
wfs:SPORTSTAETTENOGD.16132,4075
wfs:SPORTSTAETTENOGD.16133,4076
wfs:SPORTSTAETTENOGD.16134,4077
wfs:SPORTSTAETTENOGD.16135,4078
wfs:SPORTSTAETTENOGD.16136,4079
wfs:SPORTSTAETTENOGD.16137,4080
wfs:SPORTSTAETTENOGD.16138,4081
wfs:SPORTSTAETTENOGD.16139,4082
wfs:SPORTSTAETTENOGD.16140,4083
wfs:SPORTSTAETTENOGD.16141,4084
wfs:SPORTSTAETTENOGD.16142,4085
wfs:SPORTSTAETTENOGD.16143,4086
wfs:SPORTSTAETTENOGD.16144,4087
wfs:SPORTSTAETTENOGD.16145,4088
wfs:SPORTSTAETTENOGD.16146,4089
wfs:SPORTSTAETTENOGD.16147,4090
wfs:SPORTSTAETTENOGD.16148,4091
wfs:SPORTSTAETTENOGD.16149,4092
wfs:SPORTSTAETTENOGD.16150,4093
wfs:SPORTSTAETTENOGD.16151,4094
wfs:SPORTSTAETTENOGD.16152,4095
wfs:SPORTSTAETTENOGD.16153,4096
wfs:SPORTSTAETTENOGD.16154,4097
wfs:SPORTSTAETTENOGD.16155,4098
wfs:SPORTSTAETTENOGD.16156,4099
wfs:SPORTSTAETTENOGD.16157,4100
wfs:SPORTSTAETTENOGD.16158,4101
wfs:SPORTSTAETTENOGD.16159,4102
wfs:SPORTSTAETTENOGD.16160,4103
wfs:SPORTSTAETTENOGD.16161,4104
wfs:SPORTSTAETTENOGD.16162,4105
wfs:SPORTSTAETTENOGD.16163,4106
wfs:SPORTSTAETTENOGD.16164,4107
wfs:SPORTSTAETTENOGD.16165,4108
wfs:SPORTSTAETTENOGD.16166,4109
wfs:SPORTSTAETTENOGD.16167,4110
wfs:SPORTSTAETTENOGD.16168,4111
wfs:SPORTSTAETTENOGD.16169,4112
wfs:SPORTSTAETTENOGD.16170,4113
wfs:SPORTSTAETTENOGD.16171,4114
wfs:SPORTSTAETTENOGD.16172,4115
wfs:SPORTSTAETTENOGD.16173,4116
wfs:SPORTSTAETTENOGD.16174,4117
wfs:SPORTSTAETTENOGD.16175,4118
wfs:SPORTSTAETTENOGD.16176,4119
wfs:SPORTSTAETTENOGD.16177,4120
wfs:SPORTSTAETTENOGD.16178,4121
wfs:SPORTSTAETTENOGD.16179,4122
wfs:SPORTSTAETTENOGD.16180,4123
wfs:SPORTSTAETTENOGD.16181,4124
wfs:SPORTSTAETTENOGD.16182,4125
wfs:SPORTSTAETTENOGD.16183,4126
wfs:SPORTSTAETTENOGD.16184,4127
wfs:SPORTSTAETTENOGD.16185,4128
wfs:SPORTSTAETTENOGD.16186,4129
wfs:SPORTSTAETTENOGD.16187,4130
wfs:SPORTSTAETTENOGD.16188,4131
wfs:SPORTSTAETTENOGD.16189,4132
wfs:SPORTSTAETTENOGD.16190,4133
wfs:SPORTSTAETTENOGD.16191,4134
wfs:SPORTSTAETTENOGD.16192,4135
wfs:SPORTSTAETTENOGD.16193,4136
wfs:SPORTSTAETTENOGD.16194,4137
wfs:SPORTSTAETTENOGD.16195,4138
wfs:SPORTSTAETTENOGD.16196,4139
wfs:SPORTSTAETTENOGD.16197,4140
wfs:SPORTSTAETTENOGD.16198,4141
wfs:SPORTSTAETTENOGD.16199,4142
wfs:SPORTSTAETTENOGD.16200,4143
wfs:SPORTSTAETTENOGD.16201,4144
wfs:SPORTSTAETTENOGD.16202,4145
wfs:SPORTSTAETTENOGD.16203,4146
wfs:SPORTSTAETTENOGD.16204,4147
wfs:SPORTSTAETTENOGD.16205,4148
wfs:SPORTSTAETTENOGD.16206,4149
wfs:SPORTSTAETTENOGD.16207,4150
wfs:SPORTSTAETTENOGD.16208,4151
wfs:SPORTSTAETTENOGD.16209,4152
wfs:SPORTSTAETTENOGD.16210,4153
wfs:SPORTSTAETTENOGD.16211,4154
wfs:SPORTSTAETTENOGD.16212,4155
wfs:SPORTSTAETTENOGD.16213,4156
wfs:SPORTSTAETTENOGD.16214,4157
wfs:SPORTSTAETTENOGD.16215,4158
wfs:SPORTSTAETTENOGD.16216,4159
wfs:SPORTSTAETTENOGD.16217,4160
wfs:SPORTSTAETTENOGD.16218,4161
wfs:SPORTSTAETTENOGD.16219,4162
wfs:SPORTSTAETTENOGD.16220,4163
wfs:SPORTSTAETTENOGD.16221,4164
wfs:SPORTSTAETTENOGD.16222,4165
wfs:SPORTSTAETTENOGD.16223,4166
wfs:SPORTSTAETTENOGD.16224,4167
wfs:SPORTSTAETTENOGD.16225,4168
wfs:SPORTSTAETTENOGD.16226,4169
wfs:SPORTSTAETTENOGD.16227,4170
wfs:SPORTSTAETTENOGD.16228,4171
wfs:SPORTSTAETTENOGD.16229,4172
wfs:SPORTSTAETTENOGD.16230,4173
wfs:SPORTSTAETTENOGD.16231,4174
wfs:SPORTSTAETTENOGD.16232,4175
wfs:SPORTSTAETTENOGD.16233,4176
wfs:SPORTSTAETTENOGD.16234,4177
wfs:SPORTSTAETTENOGD.16235,4178
wfs:SPORTSTAETTENOGD.16236,4179
wfs:SPORTSTAETTENOGD.16237,4180
wfs:SPORTSTAETTENOGD.16238,4181
wfs:SPORTSTAETTENOGD.16239,4182
wfs:SPORTSTAETTENOGD.16240,4183
wfs:SPORTSTAETTENOGD.16241,4184
wfs:SPORTSTAETTENOGD.16242,4185
wfs:SPORTSTAETTENOGD.16243,4186
wfs:SPORTSTAETTENOGD.16244,4187
wfs:SPORTSTAETTENOGD.16245,4188
wfs:SPORTSTAETTENOGD.16246,4189
wfs:SPORTSTAETTENOGD.16247,4190
wfs:SPORTSTAETTENOGD.16248,4191
wfs:SPORTSTAETTENOGD.16249,4192
wfs:SPORTSTAETTENOGD.16250,4193
wfs:SPORTSTAETTENOGD.16251,4194
wfs:SPORTSTAETTENOGD.16252,4195
wfs:SPORTSTAETTENOGD.16253,4196
wfs:SPORTSTAETTENOGD.16254,4197
wfs:SPORTSTAETTENOGD.16255,4198
wfs:SPORTSTAETTENOGD.16256,4199
wfs:SPORTSTAETTENOGD.16257,4200
wfs:SPORTSTAETTENOGD.16258,4201
wfs:SPORTSTAETTENOGD.16259,4202
wfs:SPORTSTAETTENOGD.16260,4203
wfs:SPORTSTAETTENOGD.16261,4204
wfs:SPORTSTAETTENOGD.16262,4205
wfs:SPORTSTAETTENOGD.16263,4206
wfs:SPORTSTAETTENOGD.16287,4207
wfs:SPORTSTAETTENOGD.16288,4208
wfs:SPORTSTAETTENOGD.16289,4209
wfs:SPORTSTAETTENOGD.16290,4210
wfs:SPORTSTAETTENOGD.16291,4211
wfs:SPORTSTAETTENOGD.16292,4212
wfs:SPORTSTAETTENOGD.16293,4213
wfs:SPORTSTAETTENOGD.16264,4214
wfs:SPORTSTAETTENOGD.16265,4215
wfs:SPORTSTAETTENOGD.16266,4216
wfs:SPORTSTAETTENOGD.16267,4217
wfs:SPORTSTAETTENOGD.16268,4218
wfs:SPORTSTAETTENOGD.16269,4219
wfs:SPORTSTAETTENOGD.16270,4220
wfs:SPORTSTAETTENOGD.16271,4221
wfs:SPORTSTAETTENOGD.16272,4222
wfs:SPORTSTAETTENOGD.16273,4223
wfs:SPORTSTAETTENOGD.16274,4224
wfs:SPORTSTAETTENOGD.16275,4225
wfs:SPORTSTAETTENOGD.16276,4226
wfs:SPORTSTAETTENOGD.16277,4227
wfs:SPORTSTAETTENOGD.16278,4228
wfs:SPORTSTAETTENOGD.16279,4229
wfs:SPORTSTAETTENOGD.16280,4230
wfs:SPORTSTAETTENOGD.16281,4231
wfs:SPORTSTAETTENOGD.16282,4232
wfs:SPORTSTAETTENOGD.16283,4233
wfs:SPORTSTAETTENOGD.16284,4234
wfs:SPORTSTAETTENOGD.16285,4235
wfs:SPORTSTAETTENOGD.16286,4236
wfs:SPORTSTAETTENOGD.16294,4237
wfs:SPORTSTAETTENOGD.16295,4238
wfs:SPORTSTAETTENOGD.16296,4239
wfs:SPORTSTAETTENOGD.16297,4240
wfs:SPORTSTAETTENOGD.16298,4241
wfs:SPORTSTAETTENOGD.16299,4242
wfs:SPORTSTAETTENOGD.16300,4243
wfs:SPORTSTAETTENOGD.16301,4244
wfs:SPORTSTAETTENOGD.16302,4245
wfs:SPORTSTAETTENOGD.16303,4246
wfs:SPORTSTAETTENOGD.16304,4247
wfs:SPORTSTAETTENOGD.16305,4248
wfs:SPORTSTAETTENOGD.16306,4249
wfs:SPORTSTAETTENOGD.16307,4250
wfs:SPORTSTAETTENOGD.16308,4251
wfs:SPORTSTAETTENOGD.16309,4252
wfs:SPORTSTAETTENOGD.16310,4253
wfs:SPORTSTAETTENOGD.16311,4254
wfs:SPORTSTAETTENOGD.16312,4255
wfs:SPORTSTAETTENOGD.16313,4256
wfs:SPORTSTAETTENOGD.16314,4257
wfs:SPORTSTAETTENOGD.16315,4258
wfs:SPORTSTAETTENOGD.16316,4259
wfs:SPORTSTAETTENOGD.16317,4260
wfs:SPORTSTAETTENOGD.16318,4261
wfs:SPORTSTAETTENOGD.16319,4262
wfs:SPORTSTAETTENOGD.16320,4263
wfs:SPORTSTAETTENOGD.16321,4264
wfs:SPORTSTAETTENOGD.16322,4265
wfs:SPORTSTAETTENOGD.16323,4266
wfs:SPORTSTAETTENOGD.16324,4267
wfs:SPORTSTAETTENOGD.16325,4268
wfs:SPORTSTAETTENOGD.16326,4269
wfs:SPORTSTAETTENOGD.16327,4270
wfs:SPORTSTAETTENOGD.16328,4271
wfs:SPORTSTAETTENOGD.16329,4272
wfs:SPORTSTAETTENOGD.16330,4273
wfs:SPORTSTAETTENOGD.16331,4274
wfs:SPORTSTAETTENOGD.16332,4275
wfs:SPORTSTAETTENOGD.16333,4276
wfs:SPORTSTAETTENOGD.16334,4277
wfs:SPORTSTAETTENOGD.16335,4278
wfs:SPORTSTAETTENOGD.16336,4279
wfs:SPORTSTAETTENOGD.16337,4280
wfs:SPORTSTAETTENOGD.16338,4281
wfs:SPORTSTAETTENOGD.16339,4282
wfs:SPORTSTAETTENOGD.16340,4283
wfs:SPORTSTAETTENOGD.16341,4284
wfs:SPORTSTAETTENOGD.16342,4285
wfs:SPORTSTAETTENOGD.16343,4286
wfs:SPORTSTAETTENOGD.16344,4287
wfs:SPORTSTAETTENOGD.16345,4288
wfs:SPORTSTAETTENOGD.16346,4289
wfs:SPORTSTAETTENOGD.16347,4290
wfs:SPORTSTAETTENOGD.16348,4291
wfs:SPORTSTAETTENOGD.16349,4292
wfs:SPORTSTAETTENOGD.16350,4293
wfs:SPORTSTAETTENOGD.16351,4294
wfs:SPORTSTAETTENOGD.16352,4295
wfs:SPORTSTAETTENOGD.16836,4296
wfs:SPORTSTAETTENOGD.16837,4297
wfs:SPORTSTAETTENOGD.16838,4298
wfs:SPORTSTAETTENOGD.16839,4299
wfs:SPORTSTAETTENOGD.16840,4300
wfs:SPORTSTAETTENOGD.16841,4301
wfs:SPORTSTAETTENOGD.16842,4302
wfs:SPORTSTAETTENOGD.16843,4303
wfs:SPORTSTAETTENOGD.16844,4304
wfs:SPORTSTAETTENOGD.16845,4305
wfs:SPORTSTAETTENOGD.16846,4306
wfs:SPORTSTAETTENOGD.16847,4307
wfs:SPORTSTAETTENOGD.16848,4308
wfs:SPORTSTAETTENOGD.16849,4309
wfs:SPORTSTAETTENOGD.16850,4310
wfs:SPORTSTAETTENOGD.16851,4311
wfs:SPORTSTAETTENOGD.16852,4312
wfs:SPORTSTAETTENOGD.16853,4313
wfs:SPORTSTAETTENOGD.16854,4314
wfs:SPORTSTAETTENOGD.16855,4315
wfs:SPORTSTAETTENOGD.16856,4316
wfs:SPORTSTAETTENOGD.16857,4317
wfs:SPORTSTAETTENOGD.16858,4318
wfs:SPORTSTAETTENOGD.16859,4319
wfs:SPORTSTAETTENOGD.16860,4320
wfs:SPORTSTAETTENOGD.16861,4321
wfs:SPORTSTAETTENOGD.16862,4322
wfs:SPORTSTAETTENOGD.16863,4323
wfs:SPORTSTAETTENOGD.16864,4324
wfs:SPORTSTAETTENOGD.16865,4325
wfs:SPORTSTAETTENOGD.16866,4326
wfs:SPORTSTAETTENOGD.16867,4327
wfs:SPORTSTAETTENOGD.16868,4328
wfs:SPORTSTAETTENOGD.16869,4329
wfs:SPORTSTAETTENOGD.16382,4330
wfs:SPORTSTAETTENOGD.16383,4331
wfs:SPORTSTAETTENOGD.16384,4332
wfs:SPORTSTAETTENOGD.16385,4333
wfs:SPORTSTAETTENOGD.16386,4334
wfs:SPORTSTAETTENOGD.16387,4335
wfs:SPORTSTAETTENOGD.16388,4336
wfs:SPORTSTAETTENOGD.16389,4337
wfs:SPORTSTAETTENOGD.16390,4338
wfs:SPORTSTAETTENOGD.16391,4339
wfs:SPORTSTAETTENOGD.16392,4340
wfs:SPORTSTAETTENOGD.16393,4341
wfs:SPORTSTAETTENOGD.16394,4342
wfs:SPORTSTAETTENOGD.16395,4343
wfs:SPORTSTAETTENOGD.16396,4344
wfs:SPORTSTAETTENOGD.16397,4345
wfs:SPORTSTAETTENOGD.16398,4346
wfs:SPORTSTAETTENOGD.16399,4347
wfs:SPORTSTAETTENOGD.16400,4348
wfs:SPORTSTAETTENOGD.16401,4349
wfs:SPORTSTAETTENOGD.16402,4350
wfs:SPORTSTAETTENOGD.16403,4351
wfs:SPORTSTAETTENOGD.16404,4352
wfs:SPORTSTAETTENOGD.16405,4353
wfs:SPORTSTAETTENOGD.16406,4354
wfs:SPORTSTAETTENOGD.16407,4355
wfs:SPORTSTAETTENOGD.16408,4356
wfs:SPORTSTAETTENOGD.16409,4357
wfs:SPORTSTAETTENOGD.16410,4358
wfs:SPORTSTAETTENOGD.16411,4359
wfs:SPORTSTAETTENOGD.16412,4360
wfs:SPORTSTAETTENOGD.16413,4361
wfs:SPORTSTAETTENOGD.16414,4362
wfs:SPORTSTAETTENOGD.16415,4363
wfs:SPORTSTAETTENOGD.16416,4364
wfs:SPORTSTAETTENOGD.16417,4365
wfs:SPORTSTAETTENOGD.16418,4366
wfs:SPORTSTAETTENOGD.16419,4367
wfs:SPORTSTAETTENOGD.16420,4368
wfs:SPORTSTAETTENOGD.16421,4369
wfs:SPORTSTAETTENOGD.16422,4370
wfs:SPORTSTAETTENOGD.16423,4371
wfs:SPORTSTAETTENOGD.16424,4372
wfs:SPORTSTAETTENOGD.16425,4373
wfs:SPORTSTAETTENOGD.16426,4374
wfs:SPORTSTAETTENOGD.16427,4375
wfs:SPORTSTAETTENOGD.16428,4376
wfs:SPORTSTAETTENOGD.16429,4377
wfs:SPORTSTAETTENOGD.16430,4378
wfs:SPORTSTAETTENOGD.16431,4379
wfs:SPORTSTAETTENOGD.16432,4380
wfs:SPORTSTAETTENOGD.16433,4381
wfs:SPORTSTAETTENOGD.16434,4382
wfs:SPORTSTAETTENOGD.16435,4383
wfs:SPORTSTAETTENOGD.16436,4384
wfs:SPORTSTAETTENOGD.16437,4385
wfs:SPORTSTAETTENOGD.16438,4386
wfs:SPORTSTAETTENOGD.16439,4387
wfs:SPORTSTAETTENOGD.16440,4388
wfs:SPORTSTAETTENOGD.16441,4389
wfs:SPORTSTAETTENOGD.16442,4390
wfs:SPORTSTAETTENOGD.16443,4391
wfs:SPORTSTAETTENOGD.16444,4392
wfs:SPORTSTAETTENOGD.16445,4393
wfs:SPORTSTAETTENOGD.16446,4394
wfs:SPORTSTAETTENOGD.16447,4395
wfs:SPORTSTAETTENOGD.16448,4396
wfs:SPORTSTAETTENOGD.16449,4397
wfs:SPORTSTAETTENOGD.16450,4398
wfs:SPORTSTAETTENOGD.16451,4399
wfs:SPORTSTAETTENOGD.16452,4400
wfs:SPORTSTAETTENOGD.16453,4401
wfs:SPORTSTAETTENOGD.16454,4402
wfs:SPORTSTAETTENOGD.16455,4403
wfs:SPORTSTAETTENOGD.16456,4404
wfs:SPORTSTAETTENOGD.16457,4405
wfs:SPORTSTAETTENOGD.16458,4406
wfs:SPORTSTAETTENOGD.16459,4407
wfs:SPORTSTAETTENOGD.16460,4408
wfs:SPORTSTAETTENOGD.16461,4409
wfs:SPORTSTAETTENOGD.16462,4410
wfs:SPORTSTAETTENOGD.16463,4411
wfs:SPORTSTAETTENOGD.16464,4412
wfs:SPORTSTAETTENOGD.16465,4413
wfs:SPORTSTAETTENOGD.16466,4414
wfs:SPORTSTAETTENOGD.16467,4415
wfs:SPORTSTAETTENOGD.16468,4416
wfs:SPORTSTAETTENOGD.16469,4417
wfs:SPORTSTAETTENOGD.16470,4418
wfs:SPORTSTAETTENOGD.16471,4419
wfs:SPORTSTAETTENOGD.16472,4420
wfs:SPORTSTAETTENOGD.16473,4421
wfs:SPORTSTAETTENOGD.16474,4422
wfs:SPORTSTAETTENOGD.16475,4423
wfs:SPORTSTAETTENOGD.16476,4424
wfs:SPORTSTAETTENOGD.16477,4425
wfs:SPORTSTAETTENOGD.16478,4426
wfs:SPORTSTAETTENOGD.16479,4427
wfs:SPORTSTAETTENOGD.16480,4428
wfs:SPORTSTAETTENOGD.16481,4429
wfs:SPORTSTAETTENOGD.16482,4430
wfs:SPORTSTAETTENOGD.16483,4431
wfs:SPORTSTAETTENOGD.16484,4432
wfs:SPORTSTAETTENOGD.16485,4433
wfs:SPORTSTAETTENOGD.16486,4434
wfs:SPORTSTAETTENOGD.16487,4435
wfs:SPORTSTAETTENOGD.16488,4436
wfs:SPORTSTAETTENOGD.16489,4437
wfs:SPORTSTAETTENOGD.16490,4438
wfs:SPORTSTAETTENOGD.16491,4439
wfs:SPORTSTAETTENOGD.16492,4440
wfs:SPORTSTAETTENOGD.16493,4441
wfs:SPORTSTAETTENOGD.16494,4442
wfs:SPORTSTAETTENOGD.16495,4443
wfs:SPORTSTAETTENOGD.16496,4444
wfs:SPORTSTAETTENOGD.16497,4445
wfs:SPORTSTAETTENOGD.16498,4446
wfs:SPORTSTAETTENOGD.16499,4447
wfs:SPORTSTAETTENOGD.16500,4448
wfs:SPORTSTAETTENOGD.16501,4449
wfs:SPORTSTAETTENOGD.16502,4450
wfs:SPORTSTAETTENOGD.16503,4451
wfs:SPORTSTAETTENOGD.16504,4452
wfs:SPORTSTAETTENOGD.16505,4453
wfs:SPORTSTAETTENOGD.16506,4454
wfs:SPORTSTAETTENOGD.16507,4455
wfs:SPORTSTAETTENOGD.16508,4456
wfs:SPORTSTAETTENOGD.16509,4457
wfs:SPORTSTAETTENOGD.16510,4458
wfs:SPORTSTAETTENOGD.16511,4459
wfs:SPORTSTAETTENOGD.16512,4460
wfs:SPORTSTAETTENOGD.16513,4461
wfs:SPORTSTAETTENOGD.16514,4462
wfs:SPORTSTAETTENOGD.16515,4463
wfs:SPORTSTAETTENOGD.16516,4464
wfs:SPORTSTAETTENOGD.16517,4465
wfs:SPORTSTAETTENOGD.16518,4466
wfs:SPORTSTAETTENOGD.16519,4467
wfs:SPORTSTAETTENOGD.16520,4468
wfs:SPORTSTAETTENOGD.16521,4469
wfs:SPORTSTAETTENOGD.16522,4470
wfs:SPORTSTAETTENOGD.16523,4471
wfs:SPORTSTAETTENOGD.16524,4472
wfs:SPORTSTAETTENOGD.16525,4473
wfs:SPORTSTAETTENOGD.16526,4474
wfs:SPORTSTAETTENOGD.16527,4475
wfs:SPORTSTAETTENOGD.16528,4476
wfs:SPORTSTAETTENOGD.16529,4477
wfs:SPORTSTAETTENOGD.16530,4478
wfs:SPORTSTAETTENOGD.16531,4479
wfs:SPORTSTAETTENOGD.16532,4480
wfs:SPORTSTAETTENOGD.16533,4481
wfs:SPORTSTAETTENOGD.16534,4482
wfs:SPORTSTAETTENOGD.16535,4483
wfs:SPORTSTAETTENOGD.16536,4484
wfs:SPORTSTAETTENOGD.16537,4485
wfs:SPORTSTAETTENOGD.16538,4486
wfs:SPORTSTAETTENOGD.16539,4487
wfs:SPORTSTAETTENOGD.16540,4488
wfs:SPORTSTAETTENOGD.16541,4489
wfs:SPORTSTAETTENOGD.16542,4490
wfs:SPORTSTAETTENOGD.16543,4491
wfs:SPORTSTAETTENOGD.16544,4492
wfs:SPORTSTAETTENOGD.16545,4493
wfs:SPORTSTAETTENOGD.16546,4494
wfs:SPORTSTAETTENOGD.16547,4495
wfs:SPORTSTAETTENOGD.16548,4496
wfs:SPORTSTAETTENOGD.16549,4497
wfs:SPORTSTAETTENOGD.16550,4498
wfs:SPORTSTAETTENOGD.16551,4499
wfs:SPORTSTAETTENOGD.16552,4500
wfs:SPORTSTAETTENOGD.16553,4501
wfs:SPORTSTAETTENOGD.16554,4502
wfs:SPORTSTAETTENOGD.16555,4503
wfs:SPORTSTAETTENOGD.16556,4504
wfs:SPORTSTAETTENOGD.16557,4505
wfs:SPORTSTAETTENOGD.16558,4506
wfs:SPORTSTAETTENOGD.16559,4507
wfs:SPORTSTAETTENOGD.16560,4508
wfs:SPORTSTAETTENOGD.16561,4509
wfs:SPORTSTAETTENOGD.16562,4510
wfs:SPORTSTAETTENOGD.16563,4511
wfs:SPORTSTAETTENOGD.16564,4512
wfs:SPORTSTAETTENOGD.16565,4513
wfs:SPORTSTAETTENOGD.16566,4514
wfs:SPORTSTAETTENOGD.16567,4515
wfs:SPORTSTAETTENOGD.16568,4516
wfs:SPORTSTAETTENOGD.16569,4517
wfs:SPORTSTAETTENOGD.16570,4518
wfs:SPORTSTAETTENOGD.16571,4519
wfs:SPORTSTAETTENOGD.16572,4520
wfs:SPORTSTAETTENOGD.16573,4521
wfs:SPORTSTAETTENOGD.16574,4522
wfs:SPORTSTAETTENOGD.16575,4523
wfs:SPORTSTAETTENOGD.16576,4524
wfs:SPORTSTAETTENOGD.16577,4525
wfs:SPORTSTAETTENOGD.16578,4526
wfs:SPORTSTAETTENOGD.16579,4527
wfs:SPORTSTAETTENOGD.16580,4528
wfs:SPORTSTAETTENOGD.16581,4529
wfs:SPORTSTAETTENOGD.16582,4530
wfs:SPORTSTAETTENOGD.16583,4531
wfs:SPORTSTAETTENOGD.16584,4532
wfs:SPORTSTAETTENOGD.16585,4533
wfs:SPORTSTAETTENOGD.16586,4534
wfs:SPORTSTAETTENOGD.16587,4535
wfs:SPORTSTAETTENOGD.16588,4536
wfs:SPORTSTAETTENOGD.16589,4537
wfs:SPORTSTAETTENOGD.16590,4538
wfs:SPORTSTAETTENOGD.16591,4539
wfs:SPORTSTAETTENOGD.16592,4540
wfs:SPORTSTAETTENOGD.16593,4541
wfs:SPORTSTAETTENOGD.16594,4542
wfs:SPORTSTAETTENOGD.16595,4543
wfs:SPORTSTAETTENOGD.16596,4544
wfs:SPORTSTAETTENOGD.16597,4545
wfs:SPORTSTAETTENOGD.16598,4546
wfs:SPORTSTAETTENOGD.16599,4547
wfs:SPORTSTAETTENOGD.16600,4548
wfs:SPORTSTAETTENOGD.16601,4549
wfs:SPORTSTAETTENOGD.16602,4550
wfs:SPORTSTAETTENOGD.16603,4551
wfs:SPORTSTAETTENOGD.16604,4552
wfs:SPORTSTAETTENOGD.16605,4553
wfs:SPORTSTAETTENOGD.16606,4554
wfs:SPORTSTAETTENOGD.16607,4555
wfs:SPORTSTAETTENOGD.16608,4556
wfs:SPORTSTAETTENOGD.16609,4557
wfs:SPORTSTAETTENOGD.16610,4558
wfs:SPORTSTAETTENOGD.16611,4559
wfs:SPORTSTAETTENOGD.16612,4560
wfs:SPORTSTAETTENOGD.16613,4561
wfs:SPORTSTAETTENOGD.16614,4562
wfs:SPORTSTAETTENOGD.16615,4563
wfs:SPORTSTAETTENOGD.16616,4564
wfs:SPORTSTAETTENOGD.16617,4565
wfs:SPORTSTAETTENOGD.16618,4566
wfs:SPORTSTAETTENOGD.16619,4567
wfs:SPORTSTAETTENOGD.16620,4568
wfs:SPORTSTAETTENOGD.16621,4569
wfs:SPORTSTAETTENOGD.16622,4570
wfs:SPORTSTAETTENOGD.16623,4571
wfs:SPORTSTAETTENOGD.16624,4572
wfs:SPORTSTAETTENOGD.16625,4573
wfs:SPORTSTAETTENOGD.16626,4574
wfs:SPORTSTAETTENOGD.16627,4575
wfs:SPORTSTAETTENOGD.16628,4576
wfs:SPORTSTAETTENOGD.16629,4577
wfs:SPORTSTAETTENOGD.16630,4578
wfs:SPORTSTAETTENOGD.16631,4579
wfs:SPORTSTAETTENOGD.16632,4580
wfs:SPORTSTAETTENOGD.16633,4581
wfs:SPORTSTAETTENOGD.16634,4582
wfs:SPORTSTAETTENOGD.16635,4583
wfs:SPORTSTAETTENOGD.16636,4584
wfs:SPORTSTAETTENOGD.16637,4585
wfs:SPORTSTAETTENOGD.16638,4586
wfs:SPORTSTAETTENOGD.16639,4587
wfs:SPORTSTAETTENOGD.16640,4588
wfs:SPORTSTAETTENOGD.16641,4589
wfs:SPORTSTAETTENOGD.16642,4590
wfs:SPORTSTAETTENOGD.16643,4591
wfs:SPORTSTAETTENOGD.16644,4592
wfs:SPORTSTAETTENOGD.16645,4593
wfs:SPORTSTAETTENOGD.16646,4594
wfs:SPORTSTAETTENOGD.16647,4595
wfs:SPORTSTAETTENOGD.16648,4596
wfs:SPORTSTAETTENOGD.16649,4597
wfs:SPORTSTAETTENOGD.16650,4598
wfs:SPORTSTAETTENOGD.16651,4599
wfs:SPORTSTAETTENOGD.16652,4600
wfs:SPORTSTAETTENOGD.16653,4601
wfs:SPORTSTAETTENOGD.16654,4602
wfs:SPORTSTAETTENOGD.16655,4603
wfs:SPORTSTAETTENOGD.16656,4604
wfs:SPORTSTAETTENOGD.16657,4605
wfs:SPORTSTAETTENOGD.16658,4606
wfs:SPORTSTAETTENOGD.16659,4607
wfs:SPORTSTAETTENOGD.16660,4608
wfs:SPORTSTAETTENOGD.16661,4609
wfs:SPORTSTAETTENOGD.16662,4610
wfs:SPORTSTAETTENOGD.16663,4611
wfs:SPORTSTAETTENOGD.16664,4612
wfs:SPORTSTAETTENOGD.16665,4613
wfs:SPORTSTAETTENOGD.16666,4614
wfs:SPORTSTAETTENOGD.16667,4615
wfs:SPORTSTAETTENOGD.16668,4616
wfs:SPORTSTAETTENOGD.16669,4617
wfs:SPORTSTAETTENOGD.16670,4618
wfs:SPORTSTAETTENOGD.16671,4619
wfs:SPORTSTAETTENOGD.16672,4620
wfs:SPORTSTAETTENOGD.16673,4621
wfs:SPORTSTAETTENOGD.16674,4622
wfs:SPORTSTAETTENOGD.16675,4623
wfs:SPORTSTAETTENOGD.16676,4624
wfs:SPORTSTAETTENOGD.16677,4625
wfs:SPORTSTAETTENOGD.16678,4626
wfs:SPORTSTAETTENOGD.16679,4627
wfs:SPORTSTAETTENOGD.16680,4628
wfs:SPORTSTAETTENOGD.16681,4629
wfs:SPORTSTAETTENOGD.16682,4630
wfs:SPORTSTAETTENOGD.16683,4631
wfs:SPORTSTAETTENOGD.16684,4632
wfs:SPORTSTAETTENOGD.16685,4633
wfs:SPORTSTAETTENOGD.16686,4634
wfs:SPORTSTAETTENOGD.16687,4635
wfs:SPORTSTAETTENOGD.16688,4636
wfs:SPORTSTAETTENOGD.16689,4637
wfs:SPORTSTAETTENOGD.16690,4638
wfs:SPORTSTAETTENOGD.16691,4639
wfs:SPORTSTAETTENOGD.16692,4640
wfs:SPORTSTAETTENOGD.16693,4641
wfs:SPORTSTAETTENOGD.16694,4642
wfs:SPORTSTAETTENOGD.16695,4643
wfs:SPORTSTAETTENOGD.16696,4644
wfs:SPORTSTAETTENOGD.16697,4645
wfs:SPORTSTAETTENOGD.16698,4646
wfs:SPORTSTAETTENOGD.16699,4647
wfs:SPORTSTAETTENOGD.16700,4648
wfs:SPORTSTAETTENOGD.16701,4649
wfs:SPORTSTAETTENOGD.16702,4650
wfs:SPORTSTAETTENOGD.16703,4651
wfs:SPORTSTAETTENOGD.16704,4652
wfs:SPORTSTAETTENOGD.16705,4653
wfs:SPORTSTAETTENOGD.16706,4654
wfs:SPORTSTAETTENOGD.16707,4655
wfs:SPORTSTAETTENOGD.16708,4656
wfs:SPORTSTAETTENOGD.16709,4657
wfs:SPORTSTAETTENOGD.16710,4658
wfs:SPORTSTAETTENOGD.16711,4659
wfs:SPORTSTAETTENOGD.16712,4660
wfs:SPORTSTAETTENOGD.16713,4661
wfs:SPORTSTAETTENOGD.16714,4662
wfs:SPORTSTAETTENOGD.16715,4663
wfs:SPORTSTAETTENOGD.16716,4664
wfs:SPORTSTAETTENOGD.16717,4665
wfs:SPORTSTAETTENOGD.16718,4666
wfs:SPORTSTAETTENOGD.16719,4667
wfs:SPORTSTAETTENOGD.16720,4668
wfs:SPORTSTAETTENOGD.16721,4669
wfs:SPORTSTAETTENOGD.16722,4670
wfs:SPORTSTAETTENOGD.16723,4671
wfs:SPORTSTAETTENOGD.16724,4672
wfs:SPORTSTAETTENOGD.16725,4673
wfs:SPORTSTAETTENOGD.16726,4674
wfs:SPORTSTAETTENOGD.16727,4675
wfs:SPORTSTAETTENOGD.16728,4676
wfs:SPORTSTAETTENOGD.16729,4677
wfs:SPORTSTAETTENOGD.16730,4678
wfs:SPORTSTAETTENOGD.16731,4679
wfs:SPORTSTAETTENOGD.16732,4680
wfs:SPORTSTAETTENOGD.16733,4681
wfs:SPORTSTAETTENOGD.16734,4682
wfs:SPORTSTAETTENOGD.16735,4683
wfs:SPORTSTAETTENOGD.16736,4684
wfs:SPORTSTAETTENOGD.16737,4685
wfs:SPORTSTAETTENOGD.16738,4686
wfs:SPORTSTAETTENOGD.16739,4687
wfs:SPORTSTAETTENOGD.16740,4688
wfs:SPORTSTAETTENOGD.16741,4689
wfs:SPORTSTAETTENOGD.16742,4690
wfs:SPORTSTAETTENOGD.16743,4691
wfs:SPORTSTAETTENOGD.16744,4692
wfs:SPORTSTAETTENOGD.16745,4693
wfs:SPORTSTAETTENOGD.16746,4694
wfs:SPORTSTAETTENOGD.16747,4695
wfs:SPORTSTAETTENOGD.16748,4696
wfs:SPORTSTAETTENOGD.16749,4697
wfs:SPORTSTAETTENOGD.16750,4698
wfs:SPORTSTAETTENOGD.16751,4699
wfs:SPORTSTAETTENOGD.16752,4700
wfs:SPORTSTAETTENOGD.16753,4701
wfs:SPORTSTAETTENOGD.16754,4702
wfs:SPORTSTAETTENOGD.16755,4703
wfs:SPORTSTAETTENOGD.16756,4704
wfs:SPORTSTAETTENOGD.16757,4705
wfs:SPORTSTAETTENOGD.16758,4706
wfs:SPORTSTAETTENOGD.16759,4707
wfs:SPORTSTAETTENOGD.16760,4708
wfs:SPORTSTAETTENOGD.16761,4709
wfs:SPORTSTAETTENOGD.16762,4710
wfs:SPORTSTAETTENOGD.16763,4711
wfs:SPORTSTAETTENOGD.16764,4712
wfs:SPORTSTAETTENOGD.16765,4713
wfs:SPORTSTAETTENOGD.16766,4714
wfs:SPORTSTAETTENOGD.16768,4715
wfs:SPORTSTAETTENOGD.16769,4716
wfs:SPORTSTAETTENOGD.16770,4717
wfs:SPORTSTAETTENOGD.16771,4718
wfs:SPORTSTAETTENOGD.16772,4719
wfs:SPORTSTAETTENOGD.16773,4720
wfs:SPORTSTAETTENOGD.16774,4721
wfs:SPORTSTAETTENOGD.16775,4722
wfs:SPORTSTAETTENOGD.16776,4723
wfs:SPORTSTAETTENOGD.16777,4724
wfs:SPORTSTAETTENOGD.16778,4725
wfs:SPORTSTAETTENOGD.16779,4726
wfs:SPORTSTAETTENOGD.16780,4727
wfs:SPORTSTAETTENOGD.16781,4728
wfs:SPORTSTAETTENOGD.16782,4729
wfs:SPORTSTAETTENOGD.16783,4730
wfs:SPORTSTAETTENOGD.16784,4731
wfs:SPORTSTAETTENOGD.16785,4732
wfs:SPORTSTAETTENOGD.16786,4733
wfs:SPORTSTAETTENOGD.16787,4734
wfs:SPORTSTAETTENOGD.16788,4735
wfs:SPORTSTAETTENOGD.16789,4736
wfs:SPORTSTAETTENOGD.16790,4737
wfs:SPORTSTAETTENOGD.16791,4738
wfs:SPORTSTAETTENOGD.16792,4739
wfs:SPORTSTAETTENOGD.16793,4740
wfs:SPORTSTAETTENOGD.16794,4741
wfs:SPORTSTAETTENOGD.16795,4742
wfs:SPORTSTAETTENOGD.16796,4743
wfs:SPORTSTAETTENOGD.16797,4744
wfs:SPORTSTAETTENOGD.16767,4745
wfs:SPORTSTAETTENOGD.16798,4746
wfs:SPORTSTAETTENOGD.16799,4747
wfs:SPORTSTAETTENOGD.16800,4748
wfs:SPORTSTAETTENOGD.16801,4749
wfs:SPORTSTAETTENOGD.16802,4750
wfs:SPORTSTAETTENOGD.16803,4751
wfs:SPORTSTAETTENOGD.16804,4752
wfs:SPORTSTAETTENOGD.16805,4753
wfs:SPORTSTAETTENOGD.16806,4754
wfs:SPORTSTAETTENOGD.16807,4755
wfs:SPORTSTAETTENOGD.16808,4756
wfs:SPORTSTAETTENOGD.16809,4757
wfs:SPORTSTAETTENOGD.16810,4758
wfs:SPORTSTAETTENOGD.16811,4759
wfs:SPORTSTAETTENOGD.16812,4760
wfs:SPORTSTAETTENOGD.16813,4761
wfs:SPORTSTAETTENOGD.16814,4762
wfs:SPORTSTAETTENOGD.16815,4763
wfs:SPORTSTAETTENOGD.16816,4764
wfs:SPORTSTAETTENOGD.16817,4765
wfs:SPORTSTAETTENOGD.16818,4766
wfs:SPORTSTAETTENOGD.16819,4767
wfs:SPORTSTAETTENOGD.16820,4768
wfs:SPORTSTAETTENOGD.16821,4769
wfs:SPORTSTAETTENOGD.16822,4770
wfs:SPORTSTAETTENOGD.16823,4771
wfs:SPORTSTAETTENOGD.16824,4772
wfs:SPORTSTAETTENOGD.16825,4773
wfs:SPORTSTAETTENOGD.16826,4774
wfs:SPORTSTAETTENOGD.16827,4775
wfs:SPORTSTAETTENOGD.16828,4776
wfs:SPORTSTAETTENOGD.16829,4777
wfs:SPORTSTAETTENOGD.16830,4778
wfs:SPORTSTAETTENOGD.16831,4779
wfs:SPORTSTAETTENOGD.16832,4780
wfs:SPORTSTAETTENOGD.16833,4781
wfs:SPORTSTAETTENOGD.16834,4782
wfs:SPORTSTAETTENOGD.16835,4783
wfs:SPORTSTAETTENOGD.17327,4784
wfs:SPORTSTAETTENOGD.17328,4785
wfs:SPORTSTAETTENOGD.17329,4786
wfs:SPORTSTAETTENOGD.17330,4787
wfs:SPORTSTAETTENOGD.17331,4788
wfs:SPORTSTAETTENOGD.17332,4789
wfs:SPORTSTAETTENOGD.17333,4790
wfs:SPORTSTAETTENOGD.17334,4791
wfs:SPORTSTAETTENOGD.17335,4792
wfs:SPORTSTAETTENOGD.17336,4793
wfs:SPORTSTAETTENOGD.17337,4794
wfs:SPORTSTAETTENOGD.17338,4795
wfs:SPORTSTAETTENOGD.17339,4796
wfs:SPORTSTAETTENOGD.17340,4797
wfs:SPORTSTAETTENOGD.17341,4798
wfs:SPORTSTAETTENOGD.17342,4799
wfs:SPORTSTAETTENOGD.17343,4800
wfs:SPORTSTAETTENOGD.17344,4801
wfs:SPORTSTAETTENOGD.17345,4802
wfs:SPORTSTAETTENOGD.17346,4803
wfs:SPORTSTAETTENOGD.17347,4804
wfs:SPORTSTAETTENOGD.17348,4805
wfs:SPORTSTAETTENOGD.17349,4806
wfs:SPORTSTAETTENOGD.17350,4807
wfs:SPORTSTAETTENOGD.17351,4808
wfs:SPORTSTAETTENOGD.17352,4809
wfs:SPORTSTAETTENOGD.17353,4810
wfs:SPORTSTAETTENOGD.17354,4811
wfs:SPORTSTAETTENOGD.17355,4812
wfs:SPORTSTAETTENOGD.17356,4813
wfs:SPORTSTAETTENOGD.17357,4814
wfs:SPORTSTAETTENOGD.17358,4815
wfs:SPORTSTAETTENOGD.16870,4816
wfs:SPORTSTAETTENOGD.16871,4817
wfs:SPORTSTAETTENOGD.16872,4818
wfs:SPORTSTAETTENOGD.16873,4819
wfs:SPORTSTAETTENOGD.16874,4820
wfs:SPORTSTAETTENOGD.16875,4821
wfs:SPORTSTAETTENOGD.16876,4822
wfs:SPORTSTAETTENOGD.16877,4823
wfs:SPORTSTAETTENOGD.16878,4824
wfs:SPORTSTAETTENOGD.16879,4825
wfs:SPORTSTAETTENOGD.16880,4826
wfs:SPORTSTAETTENOGD.16881,4827
wfs:SPORTSTAETTENOGD.16882,4828
wfs:SPORTSTAETTENOGD.16883,4829
wfs:SPORTSTAETTENOGD.16884,4830
wfs:SPORTSTAETTENOGD.16885,4831
wfs:SPORTSTAETTENOGD.16886,4832
wfs:SPORTSTAETTENOGD.16887,4833
wfs:SPORTSTAETTENOGD.16888,4834
wfs:SPORTSTAETTENOGD.16889,4835
wfs:SPORTSTAETTENOGD.16890,4836
wfs:SPORTSTAETTENOGD.16891,4837
wfs:SPORTSTAETTENOGD.16892,4838
wfs:SPORTSTAETTENOGD.16893,4839
wfs:SPORTSTAETTENOGD.16894,4840
wfs:SPORTSTAETTENOGD.16895,4841
wfs:SPORTSTAETTENOGD.16896,4842
wfs:SPORTSTAETTENOGD.16897,4843
wfs:SPORTSTAETTENOGD.16898,4844
wfs:SPORTSTAETTENOGD.16899,4845
wfs:SPORTSTAETTENOGD.16900,4846
wfs:SPORTSTAETTENOGD.16901,4847
wfs:SPORTSTAETTENOGD.16902,4848
wfs:SPORTSTAETTENOGD.16903,4849
wfs:SPORTSTAETTENOGD.16904,4850
wfs:SPORTSTAETTENOGD.16905,4851
wfs:SPORTSTAETTENOGD.16906,4852
wfs:SPORTSTAETTENOGD.16907,4853
wfs:SPORTSTAETTENOGD.16908,4854
wfs:SPORTSTAETTENOGD.16909,4855
wfs:SPORTSTAETTENOGD.16910,4856
wfs:SPORTSTAETTENOGD.16911,4857
wfs:SPORTSTAETTENOGD.16912,4858
wfs:SPORTSTAETTENOGD.16913,4859
wfs:SPORTSTAETTENOGD.16914,4860
wfs:SPORTSTAETTENOGD.16915,4861
wfs:SPORTSTAETTENOGD.16916,4862
wfs:SPORTSTAETTENOGD.16917,4863
wfs:SPORTSTAETTENOGD.16918,4864
wfs:SPORTSTAETTENOGD.16919,4865
wfs:SPORTSTAETTENOGD.16920,4866
wfs:SPORTSTAETTENOGD.16921,4867
wfs:SPORTSTAETTENOGD.16922,4868
wfs:SPORTSTAETTENOGD.16923,4869
wfs:SPORTSTAETTENOGD.16924,4870
wfs:SPORTSTAETTENOGD.16925,4871
wfs:SPORTSTAETTENOGD.16926,4872
wfs:SPORTSTAETTENOGD.16927,4873
wfs:SPORTSTAETTENOGD.16928,4874
wfs:SPORTSTAETTENOGD.16929,4875
wfs:SPORTSTAETTENOGD.16930,4876
wfs:SPORTSTAETTENOGD.16931,4877
wfs:SPORTSTAETTENOGD.16932,4878
wfs:SPORTSTAETTENOGD.16933,4879
wfs:SPORTSTAETTENOGD.16934,4880
wfs:SPORTSTAETTENOGD.16935,4881
wfs:SPORTSTAETTENOGD.16936,4882
wfs:SPORTSTAETTENOGD.16937,4883
wfs:SPORTSTAETTENOGD.16938,4884
wfs:SPORTSTAETTENOGD.16939,4885
wfs:SPORTSTAETTENOGD.16940,4886
wfs:SPORTSTAETTENOGD.16941,4887
wfs:SPORTSTAETTENOGD.16942,4888
wfs:SPORTSTAETTENOGD.16943,4889
wfs:SPORTSTAETTENOGD.16944,4890
wfs:SPORTSTAETTENOGD.16945,4891
wfs:SPORTSTAETTENOGD.16946,4892
wfs:SPORTSTAETTENOGD.16947,4893
wfs:SPORTSTAETTENOGD.16948,4894
wfs:SPORTSTAETTENOGD.16949,4895
wfs:SPORTSTAETTENOGD.16950,4896
wfs:SPORTSTAETTENOGD.16951,4897
wfs:SPORTSTAETTENOGD.16952,4898
wfs:SPORTSTAETTENOGD.16953,4899
wfs:SPORTSTAETTENOGD.16954,4900
wfs:SPORTSTAETTENOGD.16955,4901
wfs:SPORTSTAETTENOGD.16956,4902
wfs:SPORTSTAETTENOGD.16957,4903
wfs:SPORTSTAETTENOGD.16958,4904
wfs:SPORTSTAETTENOGD.16959,4905
wfs:SPORTSTAETTENOGD.16960,4906
wfs:SPORTSTAETTENOGD.16961,4907
wfs:SPORTSTAETTENOGD.16962,4908
wfs:SPORTSTAETTENOGD.16963,4909
wfs:SPORTSTAETTENOGD.16964,4910
wfs:SPORTSTAETTENOGD.16965,4911
wfs:SPORTSTAETTENOGD.16966,4912
wfs:SPORTSTAETTENOGD.16967,4913
wfs:SPORTSTAETTENOGD.16968,4914
wfs:SPORTSTAETTENOGD.16969,4915
wfs:SPORTSTAETTENOGD.16970,4916
wfs:SPORTSTAETTENOGD.16971,4917
wfs:SPORTSTAETTENOGD.16972,4918
wfs:SPORTSTAETTENOGD.16973,4919
wfs:SPORTSTAETTENOGD.16974,4920
wfs:SPORTSTAETTENOGD.16975,4921
wfs:SPORTSTAETTENOGD.16976,4922
wfs:SPORTSTAETTENOGD.16977,4923
wfs:SPORTSTAETTENOGD.16978,4924
wfs:SPORTSTAETTENOGD.16979,4925
wfs:SPORTSTAETTENOGD.16980,4926
wfs:SPORTSTAETTENOGD.16981,4927
wfs:SPORTSTAETTENOGD.16982,4928
wfs:SPORTSTAETTENOGD.16983,4929
wfs:SPORTSTAETTENOGD.16984,4930
wfs:SPORTSTAETTENOGD.16985,4931
wfs:SPORTSTAETTENOGD.16986,4932
wfs:SPORTSTAETTENOGD.16987,4933
wfs:SPORTSTAETTENOGD.16988,4934
wfs:SPORTSTAETTENOGD.16989,4935
wfs:SPORTSTAETTENOGD.16990,4936
wfs:SPORTSTAETTENOGD.16991,4937
wfs:SPORTSTAETTENOGD.16992,4938
wfs:SPORTSTAETTENOGD.16993,4939
wfs:SPORTSTAETTENOGD.16994,4940
wfs:SPORTSTAETTENOGD.16995,4941
wfs:SPORTSTAETTENOGD.16996,4942
wfs:SPORTSTAETTENOGD.16997,4943
wfs:SPORTSTAETTENOGD.16998,4944
wfs:SPORTSTAETTENOGD.16999,4945
wfs:SPORTSTAETTENOGD.17000,4946
wfs:SPORTSTAETTENOGD.17001,4947
wfs:SPORTSTAETTENOGD.17002,4948
wfs:SPORTSTAETTENOGD.17003,4949
wfs:SPORTSTAETTENOGD.17004,4950
wfs:SPORTSTAETTENOGD.17005,4951
wfs:SPORTSTAETTENOGD.17007,4952
wfs:SPORTSTAETTENOGD.17008,4953
wfs:SPORTSTAETTENOGD.17009,4954
wfs:SPORTSTAETTENOGD.17010,4955
wfs:SPORTSTAETTENOGD.17011,4956
wfs:SPORTSTAETTENOGD.17012,4957
wfs:SPORTSTAETTENOGD.17013,4958
wfs:SPORTSTAETTENOGD.17014,4959
wfs:SPORTSTAETTENOGD.17015,4960
wfs:SPORTSTAETTENOGD.17016,4961
wfs:SPORTSTAETTENOGD.17017,4962
wfs:SPORTSTAETTENOGD.17018,4963
wfs:SPORTSTAETTENOGD.17019,4964
wfs:SPORTSTAETTENOGD.17020,4965
wfs:SPORTSTAETTENOGD.17021,4966
wfs:SPORTSTAETTENOGD.17022,4967
wfs:SPORTSTAETTENOGD.17023,4968
wfs:SPORTSTAETTENOGD.17024,4969
wfs:SPORTSTAETTENOGD.17025,4970
wfs:SPORTSTAETTENOGD.17026,4971
wfs:SPORTSTAETTENOGD.17027,4972
wfs:SPORTSTAETTENOGD.17028,4973
wfs:SPORTSTAETTENOGD.17029,4974
wfs:SPORTSTAETTENOGD.17030,4975
wfs:SPORTSTAETTENOGD.17031,4976
wfs:SPORTSTAETTENOGD.17032,4977
wfs:SPORTSTAETTENOGD.17033,4978
wfs:SPORTSTAETTENOGD.17034,4979
wfs:SPORTSTAETTENOGD.17035,4980
wfs:SPORTSTAETTENOGD.17036,4981
wfs:SPORTSTAETTENOGD.17006,4982
wfs:SPORTSTAETTENOGD.17037,4983
wfs:SPORTSTAETTENOGD.17038,4984
wfs:SPORTSTAETTENOGD.17039,4985
wfs:SPORTSTAETTENOGD.17040,4986
wfs:SPORTSTAETTENOGD.17041,4987
wfs:SPORTSTAETTENOGD.17042,4988
wfs:SPORTSTAETTENOGD.17043,4989
wfs:SPORTSTAETTENOGD.17044,4990
wfs:SPORTSTAETTENOGD.17045,4991
wfs:SPORTSTAETTENOGD.17046,4992
wfs:SPORTSTAETTENOGD.17047,4993
wfs:SPORTSTAETTENOGD.17048,4994
wfs:SPORTSTAETTENOGD.17049,4995
wfs:SPORTSTAETTENOGD.17050,4996
wfs:SPORTSTAETTENOGD.17051,4997
wfs:SPORTSTAETTENOGD.17052,4998
wfs:SPORTSTAETTENOGD.17053,4999
wfs:SPORTSTAETTENOGD.17054,5000
wfs:SPORTSTAETTENOGD.17055,5001
wfs:SPORTSTAETTENOGD.17056,5002
wfs:SPORTSTAETTENOGD.17057,5003
wfs:SPORTSTAETTENOGD.17058,5004
wfs:SPORTSTAETTENOGD.17059,5005
wfs:SPORTSTAETTENOGD.17060,5006
wfs:SPORTSTAETTENOGD.17061,5007
wfs:SPORTSTAETTENOGD.17062,5008
wfs:SPORTSTAETTENOGD.17063,5009
wfs:SPORTSTAETTENOGD.17064,5010
wfs:SPORTSTAETTENOGD.17065,5011
wfs:SPORTSTAETTENOGD.17066,5012
wfs:SPORTSTAETTENOGD.17067,5013
wfs:SPORTSTAETTENOGD.17068,5014
wfs:SPORTSTAETTENOGD.17069,5015
wfs:SPORTSTAETTENOGD.17070,5016
wfs:SPORTSTAETTENOGD.17071,5017
wfs:SPORTSTAETTENOGD.17072,5018
wfs:SPORTSTAETTENOGD.17073,5019
wfs:SPORTSTAETTENOGD.17074,5020
wfs:SPORTSTAETTENOGD.17075,5021
wfs:SPORTSTAETTENOGD.17076,5022
wfs:SPORTSTAETTENOGD.17077,5023
wfs:SPORTSTAETTENOGD.17078,5024
wfs:SPORTSTAETTENOGD.17079,5025
wfs:SPORTSTAETTENOGD.17080,5026
wfs:SPORTSTAETTENOGD.17081,5027
wfs:SPORTSTAETTENOGD.17082,5028
wfs:SPORTSTAETTENOGD.17083,5029
wfs:SPORTSTAETTENOGD.17084,5030
wfs:SPORTSTAETTENOGD.17085,5031
wfs:SPORTSTAETTENOGD.17086,5032
wfs:SPORTSTAETTENOGD.17087,5033
wfs:SPORTSTAETTENOGD.17088,5034
wfs:SPORTSTAETTENOGD.17089,5035
wfs:SPORTSTAETTENOGD.17090,5036
wfs:SPORTSTAETTENOGD.17091,5037
wfs:SPORTSTAETTENOGD.17092,5038
wfs:SPORTSTAETTENOGD.17093,5039
wfs:SPORTSTAETTENOGD.17094,5040
wfs:SPORTSTAETTENOGD.17095,5041
wfs:SPORTSTAETTENOGD.17096,5042
wfs:SPORTSTAETTENOGD.17097,5043
wfs:SPORTSTAETTENOGD.17098,5044
wfs:SPORTSTAETTENOGD.17099,5045
wfs:SPORTSTAETTENOGD.17100,5046
wfs:SPORTSTAETTENOGD.17101,5047
wfs:SPORTSTAETTENOGD.17102,5048
wfs:SPORTSTAETTENOGD.17103,5049
wfs:SPORTSTAETTENOGD.17104,5050
wfs:SPORTSTAETTENOGD.17105,5051
wfs:SPORTSTAETTENOGD.17106,5052
wfs:SPORTSTAETTENOGD.17107,5053
wfs:SPORTSTAETTENOGD.17108,5054
wfs:SPORTSTAETTENOGD.17109,5055
wfs:SPORTSTAETTENOGD.17110,5056
wfs:SPORTSTAETTENOGD.17111,5057
wfs:SPORTSTAETTENOGD.17112,5058
wfs:SPORTSTAETTENOGD.17113,5059
wfs:SPORTSTAETTENOGD.17114,5060
wfs:SPORTSTAETTENOGD.17115,5061
wfs:SPORTSTAETTENOGD.17116,5062
wfs:SPORTSTAETTENOGD.17117,5063
wfs:SPORTSTAETTENOGD.17118,5064
wfs:SPORTSTAETTENOGD.17119,5065
wfs:SPORTSTAETTENOGD.17120,5066
wfs:SPORTSTAETTENOGD.17121,5067
wfs:SPORTSTAETTENOGD.17122,5068
wfs:SPORTSTAETTENOGD.17123,5069
wfs:SPORTSTAETTENOGD.17124,5070
wfs:SPORTSTAETTENOGD.17125,5071
wfs:SPORTSTAETTENOGD.17126,5072
wfs:SPORTSTAETTENOGD.17127,5073
wfs:SPORTSTAETTENOGD.17128,5074
wfs:SPORTSTAETTENOGD.17129,5075
wfs:SPORTSTAETTENOGD.17130,5076
wfs:SPORTSTAETTENOGD.17131,5077
wfs:SPORTSTAETTENOGD.17132,5078
wfs:SPORTSTAETTENOGD.17133,5079
wfs:SPORTSTAETTENOGD.17134,5080
wfs:SPORTSTAETTENOGD.17135,5081
wfs:SPORTSTAETTENOGD.17136,5082
wfs:SPORTSTAETTENOGD.17137,5083
wfs:SPORTSTAETTENOGD.17138,5084
wfs:SPORTSTAETTENOGD.17139,5085
wfs:SPORTSTAETTENOGD.17140,5086
wfs:SPORTSTAETTENOGD.17141,5087
wfs:SPORTSTAETTENOGD.17142,5088
wfs:SPORTSTAETTENOGD.17143,5089
wfs:SPORTSTAETTENOGD.17144,5090
wfs:SPORTSTAETTENOGD.17145,5091
wfs:SPORTSTAETTENOGD.17146,5092
wfs:SPORTSTAETTENOGD.17147,5093
wfs:SPORTSTAETTENOGD.17148,5094
wfs:SPORTSTAETTENOGD.17149,5095
wfs:SPORTSTAETTENOGD.17150,5096
wfs:SPORTSTAETTENOGD.17151,5097
wfs:SPORTSTAETTENOGD.17152,5098
wfs:SPORTSTAETTENOGD.17153,5099
wfs:SPORTSTAETTENOGD.17154,5100
wfs:SPORTSTAETTENOGD.17155,5101
wfs:SPORTSTAETTENOGD.17156,5102
wfs:SPORTSTAETTENOGD.17157,5103
wfs:SPORTSTAETTENOGD.17158,5104
wfs:SPORTSTAETTENOGD.17159,5105
wfs:SPORTSTAETTENOGD.17160,5106
wfs:SPORTSTAETTENOGD.17161,5107
wfs:SPORTSTAETTENOGD.17162,5108
wfs:SPORTSTAETTENOGD.17163,5109
wfs:SPORTSTAETTENOGD.17164,5110
wfs:SPORTSTAETTENOGD.17165,5111
wfs:SPORTSTAETTENOGD.17166,5112
wfs:SPORTSTAETTENOGD.17167,5113
wfs:SPORTSTAETTENOGD.17168,5114
wfs:SPORTSTAETTENOGD.17169,5115
wfs:SPORTSTAETTENOGD.17170,5116
wfs:SPORTSTAETTENOGD.17171,5117
wfs:SPORTSTAETTENOGD.17172,5118
wfs:SPORTSTAETTENOGD.17173,5119
wfs:SPORTSTAETTENOGD.17174,5120
wfs:SPORTSTAETTENOGD.17175,5121
wfs:SPORTSTAETTENOGD.17176,5122
wfs:SPORTSTAETTENOGD.17177,5123
wfs:SPORTSTAETTENOGD.17178,5124
wfs:SPORTSTAETTENOGD.17179,5125
wfs:SPORTSTAETTENOGD.17180,5126
wfs:SPORTSTAETTENOGD.17181,5127
wfs:SPORTSTAETTENOGD.17182,5128
wfs:SPORTSTAETTENOGD.17183,5129
wfs:SPORTSTAETTENOGD.17184,5130
wfs:SPORTSTAETTENOGD.17185,5131
wfs:SPORTSTAETTENOGD.17186,5132
wfs:SPORTSTAETTENOGD.17187,5133
wfs:SPORTSTAETTENOGD.17188,5134
wfs:SPORTSTAETTENOGD.17189,5135
wfs:SPORTSTAETTENOGD.17190,5136
wfs:SPORTSTAETTENOGD.17191,5137
wfs:SPORTSTAETTENOGD.17192,5138
wfs:SPORTSTAETTENOGD.17193,5139
wfs:SPORTSTAETTENOGD.17194,5140
wfs:SPORTSTAETTENOGD.17195,5141
wfs:SPORTSTAETTENOGD.17196,5142
wfs:SPORTSTAETTENOGD.17197,5143
wfs:SPORTSTAETTENOGD.17198,5144
wfs:SPORTSTAETTENOGD.17199,5145
wfs:SPORTSTAETTENOGD.17200,5146
wfs:SPORTSTAETTENOGD.17201,5147
wfs:SPORTSTAETTENOGD.17202,5148
wfs:SPORTSTAETTENOGD.17203,5149
wfs:SPORTSTAETTENOGD.17204,5150
wfs:SPORTSTAETTENOGD.17205,5151
wfs:SPORTSTAETTENOGD.17206,5152
wfs:SPORTSTAETTENOGD.17207,5153
wfs:SPORTSTAETTENOGD.17208,5154
wfs:SPORTSTAETTENOGD.17209,5155
wfs:SPORTSTAETTENOGD.17210,5156
wfs:SPORTSTAETTENOGD.17211,5157
wfs:SPORTSTAETTENOGD.17212,5158
wfs:SPORTSTAETTENOGD.17213,5159
wfs:SPORTSTAETTENOGD.17214,5160
wfs:SPORTSTAETTENOGD.17215,5161
wfs:SPORTSTAETTENOGD.17216,5162
wfs:SPORTSTAETTENOGD.17217,5163
wfs:SPORTSTAETTENOGD.17218,5164
wfs:SPORTSTAETTENOGD.17219,5165
wfs:SPORTSTAETTENOGD.17220,5166
wfs:SPORTSTAETTENOGD.17221,5167
wfs:SPORTSTAETTENOGD.17222,5168
wfs:SPORTSTAETTENOGD.17223,5169
wfs:SPORTSTAETTENOGD.17224,5170
wfs:SPORTSTAETTENOGD.17225,5171
wfs:SPORTSTAETTENOGD.17226,5172
wfs:SPORTSTAETTENOGD.17227,5173
wfs:SPORTSTAETTENOGD.17228,5174
wfs:SPORTSTAETTENOGD.17229,5175
wfs:SPORTSTAETTENOGD.17230,5176
wfs:SPORTSTAETTENOGD.17231,5177
wfs:SPORTSTAETTENOGD.17232,5178
wfs:SPORTSTAETTENOGD.17233,5179
wfs:SPORTSTAETTENOGD.17234,5180
wfs:SPORTSTAETTENOGD.17235,5181
wfs:SPORTSTAETTENOGD.17236,5182
wfs:SPORTSTAETTENOGD.17237,5183
wfs:SPORTSTAETTENOGD.17238,5184
wfs:SPORTSTAETTENOGD.17239,5185
wfs:SPORTSTAETTENOGD.17240,5186
wfs:SPORTSTAETTENOGD.17241,5187
wfs:SPORTSTAETTENOGD.17242,5188
wfs:SPORTSTAETTENOGD.17243,5189
wfs:SPORTSTAETTENOGD.17244,5190
wfs:SPORTSTAETTENOGD.17245,5191
wfs:SPORTSTAETTENOGD.17246,5192
wfs:SPORTSTAETTENOGD.17247,5193
wfs:SPORTSTAETTENOGD.17248,5194
wfs:SPORTSTAETTENOGD.17249,5195
wfs:SPORTSTAETTENOGD.17250,5196
wfs:SPORTSTAETTENOGD.17251,5197
wfs:SPORTSTAETTENOGD.17252,5198
wfs:SPORTSTAETTENOGD.17253,5199
wfs:SPORTSTAETTENOGD.17254,5200
wfs:SPORTSTAETTENOGD.17255,5201
wfs:SPORTSTAETTENOGD.17256,5202
wfs:SPORTSTAETTENOGD.17257,5203
wfs:SPORTSTAETTENOGD.17258,5204
wfs:SPORTSTAETTENOGD.17259,5205
wfs:SPORTSTAETTENOGD.17260,5206
wfs:SPORTSTAETTENOGD.17261,5207
wfs:SPORTSTAETTENOGD.17262,5208
wfs:SPORTSTAETTENOGD.17263,5209
wfs:SPORTSTAETTENOGD.17264,5210
wfs:SPORTSTAETTENOGD.17265,5211
wfs:SPORTSTAETTENOGD.17266,5212
wfs:SPORTSTAETTENOGD.17267,5213
wfs:SPORTSTAETTENOGD.17268,5214
wfs:SPORTSTAETTENOGD.17269,5215
wfs:SPORTSTAETTENOGD.17270,5216
wfs:SPORTSTAETTENOGD.17271,5217
wfs:SPORTSTAETTENOGD.17272,5218
wfs:SPORTSTAETTENOGD.17273,5219
wfs:SPORTSTAETTENOGD.17274,5220
wfs:SPORTSTAETTENOGD.17275,5221
wfs:SPORTSTAETTENOGD.17276,5222
wfs:SPORTSTAETTENOGD.17277,5223
wfs:SPORTSTAETTENOGD.17278,5224
wfs:SPORTSTAETTENOGD.17279,5225
wfs:SPORTSTAETTENOGD.17280,5226
wfs:SPORTSTAETTENOGD.17281,5227
wfs:SPORTSTAETTENOGD.17282,5228
wfs:SPORTSTAETTENOGD.17283,5229
wfs:SPORTSTAETTENOGD.17284,5230
wfs:SPORTSTAETTENOGD.17285,5231
wfs:SPORTSTAETTENOGD.17286,5232
wfs:SPORTSTAETTENOGD.17287,5233
wfs:SPORTSTAETTENOGD.17288,5234
wfs:SPORTSTAETTENOGD.17289,5235
wfs:SPORTSTAETTENOGD.17290,5236
wfs:SPORTSTAETTENOGD.17291,5237
wfs:SPORTSTAETTENOGD.17292,5238
wfs:SPORTSTAETTENOGD.17293,5239
wfs:SPORTSTAETTENOGD.17294,5240
wfs:SPORTSTAETTENOGD.17295,5241
wfs:SPORTSTAETTENOGD.17296,5242
wfs:SPORTSTAETTENOGD.17297,5243
wfs:SPORTSTAETTENOGD.17298,5244
wfs:SPORTSTAETTENOGD.17299,5245
wfs:SPORTSTAETTENOGD.17300,5246
wfs:SPORTSTAETTENOGD.17301,5247
wfs:SPORTSTAETTENOGD.17302,5248
wfs:SPORTSTAETTENOGD.17303,5249
wfs:SPORTSTAETTENOGD.17304,5250
wfs:SPORTSTAETTENOGD.17305,5251
wfs:SPORTSTAETTENOGD.17306,5252
wfs:SPORTSTAETTENOGD.17307,5253
wfs:SPORTSTAETTENOGD.17308,5254
wfs:SPORTSTAETTENOGD.17309,5255
wfs:SPORTSTAETTENOGD.17310,5256
wfs:SPORTSTAETTENOGD.17311,5257
wfs:SPORTSTAETTENOGD.17312,5258
wfs:SPORTSTAETTENOGD.17313,5259
wfs:SPORTSTAETTENOGD.17314,5260
wfs:SPORTSTAETTENOGD.17315,5261
wfs:SPORTSTAETTENOGD.17316,5262
wfs:SPORTSTAETTENOGD.17317,5263
wfs:SPORTSTAETTENOGD.17318,5264
wfs:SPORTSTAETTENOGD.17319,5265
wfs:SPORTSTAETTENOGD.17320,5266
wfs:SPORTSTAETTENOGD.17321,5267
wfs:SPORTSTAETTENOGD.17322,5268
wfs:SPORTSTAETTENOGD.17323,5269
wfs:SPORTSTAETTENOGD.17324,5270
wfs:SPORTSTAETTENOGD.17325,5271
wfs:SPORTSTAETTENOGD.17326,5272
wfs:SPORTSTAETTENOGD.17359,5273
wfs:SPORTSTAETTENOGD.17360,5274
wfs:SPORTSTAETTENOGD.17361,5275
wfs:SPORTSTAETTENOGD.17362,5276
wfs:SPORTSTAETTENOGD.17363,5277
wfs:SPORTSTAETTENOGD.17364,5278
wfs:SPORTSTAETTENOGD.17365,5279
wfs:SPORTSTAETTENOGD.17366,5280
wfs:SPORTSTAETTENOGD.17367,5281
wfs:SPORTSTAETTENOGD.17368,5282
wfs:SPORTSTAETTENOGD.17369,5283
wfs:SPORTSTAETTENOGD.17370,5284
wfs:SPORTSTAETTENOGD.17371,5285
wfs:SPORTSTAETTENOGD.17372,5286
wfs:SPORTSTAETTENOGD.17373,5287
wfs:SPORTSTAETTENOGD.17374,5288
wfs:SPORTSTAETTENOGD.17375,5289
wfs:SPORTSTAETTENOGD.17376,5290
wfs:SPORTSTAETTENOGD.17377,5291
wfs:SPORTSTAETTENOGD.17378,5292
wfs:SPORTSTAETTENOGD.17379,5293
wfs:SPORTSTAETTENOGD.17380,5294
wfs:SPORTSTAETTENOGD.17381,5295
wfs:SPORTSTAETTENOGD.17382,5296
wfs:SPORTSTAETTENOGD.17383,5297
wfs:SPORTSTAETTENOGD.17384,5298
wfs:SPORTSTAETTENOGD.17385,5299
wfs:SPORTSTAETTENOGD.17386,5300
wfs:SPORTSTAETTENOGD.17387,5301
wfs:SPORTSTAETTENOGD.17388,5302
wfs:SPORTSTAETTENOGD.17389,5303
wfs:SPORTSTAETTENOGD.17390,5304
wfs:SPORTSTAETTENOGD.17391,5305
wfs:SPORTSTAETTENOGD.17392,5306
wfs:SPORTSTAETTENOGD.17393,5307
wfs:SPORTSTAETTENOGD.17394,5308
wfs:SPORTSTAETTENOGD.17395,5309
wfs:SPORTSTAETTENOGD.17396,5310
wfs:SPORTSTAETTENOGD.17397,5311
wfs:SPORTSTAETTENOGD.17398,5312
wfs:SPORTSTAETTENOGD.17399,5313
wfs:SPORTSTAETTENOGD.17400,5314
wfs:SPORTSTAETTENOGD.17401,5315
wfs:SPORTSTAETTENOGD.17402,5316
wfs:SPORTSTAETTENOGD.17403,5317
wfs:SPORTSTAETTENOGD.17404,5318
wfs:SPORTSTAETTENOGD.17405,5319
wfs:SPORTSTAETTENOGD.17406,5320
wfs:SPORTSTAETTENOGD.17407,5321
wfs:SPORTSTAETTENOGD.17408,5322
wfs:SPORTSTAETTENOGD.17409,5323
wfs:SPORTSTAETTENOGD.17410,5324
wfs:SPORTSTAETTENOGD.17411,5325
wfs:SPORTSTAETTENOGD.17412,5326
wfs:SPORTSTAETTENOGD.17413,5327
wfs:SPORTSTAETTENOGD.17414,5328
wfs:SPORTSTAETTENOGD.17415,5329
wfs:SPORTSTAETTENOGD.17416,5330
wfs:SPORTSTAETTENOGD.17417,5331
wfs:SPORTSTAETTENOGD.17418,5332
wfs:SPORTSTAETTENOGD.17419,5333
wfs:SPORTSTAETTENOGD.17420,5334
wfs:SPORTSTAETTENOGD.17421,5335
wfs:SPORTSTAETTENOGD.17422,5336
wfs:SPORTSTAETTENOGD.17423,5337
wfs:SPORTSTAETTENOGD.17424,5338
wfs:SPORTSTAETTENOGD.17425,5339
wfs:SPORTSTAETTENOGD.17426,5340
wfs:SPORTSTAETTENOGD.17427,5341
wfs:SPORTSTAETTENOGD.17428,5342
wfs:SPORTSTAETTENOGD.17429,5343
wfs:SPORTSTAETTENOGD.17430,5344
wfs:SPORTSTAETTENOGD.17431,5345
wfs:SPORTSTAETTENOGD.17432,5346
wfs:SPORTSTAETTENOGD.17433,5347
wfs:SPORTSTAETTENOGD.17434,5348
wfs:SPORTSTAETTENOGD.17435,5349
wfs:SPORTSTAETTENOGD.17436,5350
wfs:SPORTSTAETTENOGD.17437,5351
wfs:SPORTSTAETTENOGD.17438,5352
wfs:SPORTSTAETTENOGD.17439,5353
wfs:SPORTSTAETTENOGD.17440,5354
wfs:SPORTSTAETTENOGD.17441,5355
wfs:SPORTSTAETTENOGD.17442,5356
wfs:SPORTSTAETTENOGD.17443,5357
wfs:SPORTSTAETTENOGD.17444,5358
wfs:SPORTSTAETTENOGD.17445,5359
wfs:SPORTSTAETTENOGD.17446,5360
wfs:SPORTSTAETTENOGD.17447,5361
wfs:SPORTSTAETTENOGD.17448,5362
wfs:SPORTSTAETTENOGD.17449,5363
wfs:SPORTSTAETTENOGD.17450,5364
wfs:SPORTSTAETTENOGD.17451,5365
wfs:SPORTSTAETTENOGD.17452,5366
wfs:SPORTSTAETTENOGD.17453,5367
wfs:SPORTSTAETTENOGD.17454,5368
wfs:SPORTSTAETTENOGD.17455,5369
wfs:SPORTSTAETTENOGD.17456,5370
wfs:SPORTSTAETTENOGD.17457,5371
wfs:SPORTSTAETTENOGD.17458,5372
wfs:SPORTSTAETTENOGD.17459,5373
wfs:SPORTSTAETTENOGD.17460,5374
wfs:SPORTSTAETTENOGD.17461,5375
wfs:SPORTSTAETTENOGD.17462,5376
wfs:SPORTSTAETTENOGD.17463,5377
wfs:SPORTSTAETTENOGD.17464,5378
wfs:SPORTSTAETTENOGD.17465,5379
wfs:SPORTSTAETTENOGD.17466,5380
wfs:SPORTSTAETTENOGD.17467,5381
wfs:SPORTSTAETTENOGD.17468,5382
wfs:SPORTSTAETTENOGD.17469,5383
wfs:SPORTSTAETTENOGD.17470,5384
wfs:SPORTSTAETTENOGD.17471,5385
wfs:SPORTSTAETTENOGD.17472,5386
wfs:SPORTSTAETTENOGD.17473,5387
wfs:SPORTSTAETTENOGD.17474,5388
wfs:SPORTSTAETTENOGD.17475,5389
wfs:SPORTSTAETTENOGD.17476,5390
wfs:SPORTSTAETTENOGD.17477,5391
wfs:SPORTSTAETTENOGD.17478,5392
wfs:SPORTSTAETTENOGD.17479,5393
wfs:SPORTSTAETTENOGD.17480,5394
wfs:SPORTSTAETTENOGD.17481,5395
wfs:SPORTSTAETTENOGD.17482,5396
wfs:SPORTSTAETTENOGD.17483,5397
wfs:SPORTSTAETTENOGD.17484,5398
wfs:SPORTSTAETTENOGD.17485,5399
wfs:SPORTSTAETTENOGD.17486,5400
wfs:SPIELPLATZPUNKTOGD.2960638,5401
wfs:SPIELPLATZPUNKTOGD.2960639,5402
wfs:SPIELPLATZPUNKTOGD.2960640,5403
wfs:SPIELPLATZPUNKTOGD.2960641,5404
wfs:SPIELPLATZPUNKTOGD.2960642,5405
wfs:SPIELPLATZPUNKTOGD.2960643,5406
wfs:SPIELPLATZPUNKTOGD.2960644,5407
wfs:SPIELPLATZPUNKTOGD.2960645,5408
wfs:SPIELPLATZPUNKTOGD.2960646,5409
wfs:SPIELPLATZPUNKTOGD.2960647,5410
wfs:SPIELPLATZPUNKTOGD.2960648,5411
wfs:SPIELPLATZPUNKTOGD.2960649,5412
wfs:SPIELPLATZPUNKTOGD.2960650,5413
wfs:SPIELPLATZPUNKTOGD.2960651,5414
wfs:SPIELPLATZPUNKTOGD.2960652,5415
wfs:SPIELPLATZPUNKTOGD.2960653,5416
wfs:SPIELPLATZPUNKTOGD.2960654,5417
wfs:SPIELPLATZPUNKTOGD.2960655,5418
wfs:SPIELPLATZPUNKTOGD.2960656,5419
wfs:SPIELPLATZPUNKTOGD.2960657,5420
wfs:SPIELPLATZPUNKTOGD.2960658,5421
wfs:SPIELPLATZPUNKTOGD.2960659,5422
wfs:SPIELPLATZPUNKTOGD.2960660,5423
wfs:SPIELPLATZPUNKTOGD.2960661,5424
wfs:SPIELPLATZPUNKTOGD.2960662,5425
wfs:SPIELPLATZPUNKTOGD.2960663,5426
wfs:SPIELPLATZPUNKTOGD.2960664,5427
wfs:SPIELPLATZPUNKTOGD.2960665,5428
wfs:SPIELPLATZPUNKTOGD.2960666,5429
wfs:SPIELPLATZPUNKTOGD.2960667,5430
wfs:SPIELPLATZPUNKTOGD.2960671,5431
wfs:SPIELPLATZPUNKTOGD.2960672,5432
wfs:SPIELPLATZPUNKTOGD.2960673,5433
wfs:SPIELPLATZPUNKTOGD.2960674,5434
wfs:SPIELPLATZPUNKTOGD.2960675,5435
wfs:SPIELPLATZPUNKTOGD.2960676,5436
wfs:SPIELPLATZPUNKTOGD.2960677,5437
wfs:SPIELPLATZPUNKTOGD.2960678,5438
wfs:SPIELPLATZPUNKTOGD.2960679,5439
wfs:SPIELPLATZPUNKTOGD.2960680,5440
wfs:SPIELPLATZPUNKTOGD.2960681,5441
wfs:SPIELPLATZPUNKTOGD.2960682,5442
wfs:SPIELPLATZPUNKTOGD.2960683,5443
wfs:SPIELPLATZPUNKTOGD.2960684,5444
wfs:SPIELPLATZPUNKTOGD.2960685,5445
wfs:SPIELPLATZPUNKTOGD.2960686,5446
wfs:SPIELPLATZPUNKTOGD.2960687,5447
wfs:SPIELPLATZPUNKTOGD.2960688,5448
wfs:SPIELPLATZPUNKTOGD.2960689,5449
wfs:SPIELPLATZPUNKTOGD.2960690,5450
wfs:SPIELPLATZPUNKTOGD.2960691,5451
wfs:SPIELPLATZPUNKTOGD.2960692,5452
wfs:SPIELPLATZPUNKTOGD.2960693,5453
wfs:SPIELPLATZPUNKTOGD.2960694,5454
wfs:SPIELPLATZPUNKTOGD.2960668,5455
wfs:SPIELPLATZPUNKTOGD.2960669,5456
wfs:SPIELPLATZPUNKTOGD.2960670,5457
wfs:SPIELPLATZPUNKTOGD.2960695,5458
wfs:SPIELPLATZPUNKTOGD.2960696,5459
wfs:SPIELPLATZPUNKTOGD.2960725,5460
wfs:SPIELPLATZPUNKTOGD.2960726,5461
wfs:SPIELPLATZPUNKTOGD.2960727,5462
wfs:SPIELPLATZPUNKTOGD.2960728,5463
wfs:SPIELPLATZPUNKTOGD.2960729,5464
wfs:SPIELPLATZPUNKTOGD.2960730,5465
wfs:SPIELPLATZPUNKTOGD.2960731,5466
wfs:SPIELPLATZPUNKTOGD.2960732,5467
wfs:SPIELPLATZPUNKTOGD.2960733,5468
wfs:SPIELPLATZPUNKTOGD.2960734,5469
wfs:SPIELPLATZPUNKTOGD.2960735,5470
wfs:SPIELPLATZPUNKTOGD.2960736,5471
wfs:SPIELPLATZPUNKTOGD.2960737,5472
wfs:SPIELPLATZPUNKTOGD.2960738,5473
wfs:SPIELPLATZPUNKTOGD.2960739,5474
wfs:SPIELPLATZPUNKTOGD.2960740,5475
wfs:SPIELPLATZPUNKTOGD.2960741,5476
wfs:SPIELPLATZPUNKTOGD.2960742,5477
wfs:SPIELPLATZPUNKTOGD.2960743,5478
wfs:SPIELPLATZPUNKTOGD.2960744,5479
wfs:SPIELPLATZPUNKTOGD.2960745,5480
wfs:SPIELPLATZPUNKTOGD.2960746,5481
wfs:SPIELPLATZPUNKTOGD.2960747,5482
wfs:SPIELPLATZPUNKTOGD.2960748,5483
wfs:SPIELPLATZPUNKTOGD.2960749,5484
wfs:SPIELPLATZPUNKTOGD.2960750,5485
wfs:SPIELPLATZPUNKTOGD.2960751,5486
wfs:SPIELPLATZPUNKTOGD.2960752,5487
wfs:SPIELPLATZPUNKTOGD.2960753,5488
wfs:SPIELPLATZPUNKTOGD.2960754,5489
wfs:SPIELPLATZPUNKTOGD.2960755,5490
wfs:SPIELPLATZPUNKTOGD.2960756,5491
wfs:SPIELPLATZPUNKTOGD.2960757,5492
wfs:SPIELPLATZPUNKTOGD.2960758,5493
wfs:SPIELPLATZPUNKTOGD.2960759,5494
wfs:SPIELPLATZPUNKTOGD.2960760,5495
wfs:SPIELPLATZPUNKTOGD.2960761,5496
wfs:SPIELPLATZPUNKTOGD.2960762,5497
wfs:SPIELPLATZPUNKTOGD.2960763,5498
wfs:SPIELPLATZPUNKTOGD.2960764,5499
wfs:SPIELPLATZPUNKTOGD.2960765,5500
wfs:SPIELPLATZPUNKTOGD.2960766,5501
wfs:SPIELPLATZPUNKTOGD.2960767,5502
wfs:SPIELPLATZPUNKTOGD.2960768,5503
wfs:SPIELPLATZPUNKTOGD.2960769,5504
wfs:SPIELPLATZPUNKTOGD.2960770,5505
wfs:SPIELPLATZPUNKTOGD.2960771,5506
wfs:SPIELPLATZPUNKTOGD.2960772,5507
wfs:SPIELPLATZPUNKTOGD.2960773,5508
wfs:SPIELPLATZPUNKTOGD.2960774,5509
wfs:SPIELPLATZPUNKTOGD.2960775,5510
wfs:SPIELPLATZPUNKTOGD.2960776,5511
wfs:SPIELPLATZPUNKTOGD.2960777,5512
wfs:SPIELPLATZPUNKTOGD.2960778,5513
wfs:SPIELPLATZPUNKTOGD.2960779,5514
wfs:SPIELPLATZPUNKTOGD.2960780,5515
wfs:SPIELPLATZPUNKTOGD.2960781,5516
wfs:SPIELPLATZPUNKTOGD.2960782,5517
wfs:SPIELPLATZPUNKTOGD.2960783,5518
wfs:SPIELPLATZPUNKTOGD.2960784,5519
wfs:SPIELPLATZPUNKTOGD.2960785,5520
wfs:SPIELPLATZPUNKTOGD.2960786,5521
wfs:SPIELPLATZPUNKTOGD.2960787,5522
wfs:SPIELPLATZPUNKTOGD.2960788,5523
wfs:SPIELPLATZPUNKTOGD.2960789,5524
wfs:SPIELPLATZPUNKTOGD.2960790,5525
wfs:SPIELPLATZPUNKTOGD.2960791,5526
wfs:SPIELPLATZPUNKTOGD.2960792,5527
wfs:SPIELPLATZPUNKTOGD.2960793,5528
wfs:SPIELPLATZPUNKTOGD.2960794,5529
wfs:SPIELPLATZPUNKTOGD.2960795,5530
wfs:SPIELPLATZPUNKTOGD.2960796,5531
wfs:SPIELPLATZPUNKTOGD.2960797,5532
wfs:SPIELPLATZPUNKTOGD.2960798,5533
wfs:SPIELPLATZPUNKTOGD.2960799,5534
wfs:SPIELPLATZPUNKTOGD.2960800,5535
wfs:SPIELPLATZPUNKTOGD.2960801,5536
wfs:SPIELPLATZPUNKTOGD.2960802,5537
wfs:SPIELPLATZPUNKTOGD.2960803,5538
wfs:SPIELPLATZPUNKTOGD.2960804,5539
wfs:SPIELPLATZPUNKTOGD.2960805,5540
wfs:SPIELPLATZPUNKTOGD.2960806,5541
wfs:SPIELPLATZPUNKTOGD.2960807,5542
wfs:SPIELPLATZPUNKTOGD.2960808,5543
wfs:SPIELPLATZPUNKTOGD.2960809,5544
wfs:SPIELPLATZPUNKTOGD.2960810,5545
wfs:SPIELPLATZPUNKTOGD.2960811,5546
wfs:SPIELPLATZPUNKTOGD.2960812,5547
wfs:SPIELPLATZPUNKTOGD.2960813,5548
wfs:SPIELPLATZPUNKTOGD.2960814,5549
wfs:SPIELPLATZPUNKTOGD.2960815,5550
wfs:SPIELPLATZPUNKTOGD.2960816,5551
wfs:SPIELPLATZPUNKTOGD.2960817,5552
wfs:SPIELPLATZPUNKTOGD.2960818,5553
wfs:SPIELPLATZPUNKTOGD.2960819,5554
wfs:SPIELPLATZPUNKTOGD.2960820,5555
wfs:SPIELPLATZPUNKTOGD.2960821,5556
wfs:SPIELPLATZPUNKTOGD.2960822,5557
wfs:SPIELPLATZPUNKTOGD.2960823,5558
wfs:SPIELPLATZPUNKTOGD.2960824,5559
wfs:SPIELPLATZPUNKTOGD.2960825,5560
wfs:SPIELPLATZPUNKTOGD.2960826,5561
wfs:SPIELPLATZPUNKTOGD.2960827,5562
wfs:SPIELPLATZPUNKTOGD.2960828,5563
wfs:SPIELPLATZPUNKTOGD.2960829,5564
wfs:SPIELPLATZPUNKTOGD.2960830,5565
wfs:SPIELPLATZPUNKTOGD.2960831,5566
wfs:SPIELPLATZPUNKTOGD.2960832,5567
wfs:SPIELPLATZPUNKTOGD.2960833,5568
wfs:SPIELPLATZPUNKTOGD.2960834,5569
wfs:SPIELPLATZPUNKTOGD.2960835,5570
wfs:SPIELPLATZPUNKTOGD.2960836,5571
wfs:SPIELPLATZPUNKTOGD.2960837,5572
wfs:SPIELPLATZPUNKTOGD.2960838,5573
wfs:SPIELPLATZPUNKTOGD.2960839,5574
wfs:SPIELPLATZPUNKTOGD.2960840,5575
wfs:SPIELPLATZPUNKTOGD.2960697,5576
wfs:SPIELPLATZPUNKTOGD.2960698,5577
wfs:SPIELPLATZPUNKTOGD.2960699,5578
wfs:SPIELPLATZPUNKTOGD.2960700,5579
wfs:SPIELPLATZPUNKTOGD.2960701,5580
wfs:SPIELPLATZPUNKTOGD.2960702,5581
wfs:SPIELPLATZPUNKTOGD.2960703,5582
wfs:SPIELPLATZPUNKTOGD.2960704,5583
wfs:SPIELPLATZPUNKTOGD.2960705,5584
wfs:SPIELPLATZPUNKTOGD.2960706,5585
wfs:SPIELPLATZPUNKTOGD.2960707,5586
wfs:SPIELPLATZPUNKTOGD.2960708,5587
wfs:SPIELPLATZPUNKTOGD.2960709,5588
wfs:SPIELPLATZPUNKTOGD.2960710,5589
wfs:SPIELPLATZPUNKTOGD.2960711,5590
wfs:SPIELPLATZPUNKTOGD.2960712,5591
wfs:SPIELPLATZPUNKTOGD.2960713,5592
wfs:SPIELPLATZPUNKTOGD.2960714,5593
wfs:SPIELPLATZPUNKTOGD.2960715,5594
wfs:SPIELPLATZPUNKTOGD.2960716,5595
wfs:SPIELPLATZPUNKTOGD.2960717,5596
wfs:SPIELPLATZPUNKTOGD.2960718,5597
wfs:SPIELPLATZPUNKTOGD.2960719,5598
wfs:SPIELPLATZPUNKTOGD.2960720,5599
wfs:SPIELPLATZPUNKTOGD.2960721,5600
wfs:SPIELPLATZPUNKTOGD.2960722,5601
wfs:SPIELPLATZPUNKTOGD.2960723,5602
wfs:SPIELPLATZPUNKTOGD.2960724,5603
wfs:SPIELPLATZPUNKTOGD.2960453,5604
wfs:SPIELPLATZPUNKTOGD.2960454,5605
wfs:SPIELPLATZPUNKTOGD.2960455,5606
wfs:SPIELPLATZPUNKTOGD.2960456,5607
wfs:SPIELPLATZPUNKTOGD.2960457,5608
wfs:SPIELPLATZPUNKTOGD.2960458,5609
wfs:SPIELPLATZPUNKTOGD.2960459,5610
wfs:SPIELPLATZPUNKTOGD.2960460,5611
wfs:SPIELPLATZPUNKTOGD.2960461,5612
wfs:SPIELPLATZPUNKTOGD.2960462,5613
wfs:SPIELPLATZPUNKTOGD.2960463,5614
wfs:SPIELPLATZPUNKTOGD.2960464,5615
wfs:SPIELPLATZPUNKTOGD.2960465,5616
wfs:SPIELPLATZPUNKTOGD.2960466,5617
wfs:SPIELPLATZPUNKTOGD.2960467,5618
wfs:SPIELPLATZPUNKTOGD.2960468,5619
wfs:SPIELPLATZPUNKTOGD.2960469,5620
wfs:SPIELPLATZPUNKTOGD.2960470,5621
wfs:SPIELPLATZPUNKTOGD.2960471,5622
wfs:SPIELPLATZPUNKTOGD.2960472,5623
wfs:SPIELPLATZPUNKTOGD.2960473,5624
wfs:SPIELPLATZPUNKTOGD.2960474,5625
wfs:SPIELPLATZPUNKTOGD.2960475,5626
wfs:SPIELPLATZPUNKTOGD.2960476,5627
wfs:SPIELPLATZPUNKTOGD.2960477,5628
wfs:SPIELPLATZPUNKTOGD.2960478,5629
wfs:SPIELPLATZPUNKTOGD.2960479,5630
wfs:SPIELPLATZPUNKTOGD.2960480,5631
wfs:SPIELPLATZPUNKTOGD.2960481,5632
wfs:SPIELPLATZPUNKTOGD.2960482,5633
wfs:SPIELPLATZPUNKTOGD.2960483,5634
wfs:SPIELPLATZPUNKTOGD.2960484,5635
wfs:SPIELPLATZPUNKTOGD.2960485,5636
wfs:SPIELPLATZPUNKTOGD.2960486,5637
wfs:SPIELPLATZPUNKTOGD.2960487,5638
wfs:SPIELPLATZPUNKTOGD.2960488,5639
wfs:SPIELPLATZPUNKTOGD.2960489,5640
wfs:SPIELPLATZPUNKTOGD.2960490,5641
wfs:SPIELPLATZPUNKTOGD.2960491,5642
wfs:SPIELPLATZPUNKTOGD.2960492,5643
wfs:SPIELPLATZPUNKTOGD.2960493,5644
wfs:SPIELPLATZPUNKTOGD.2960494,5645
wfs:SPIELPLATZPUNKTOGD.2960495,5646
wfs:SPIELPLATZPUNKTOGD.2960496,5647
wfs:SPIELPLATZPUNKTOGD.2960497,5648
wfs:SPIELPLATZPUNKTOGD.2960498,5649
wfs:SPIELPLATZPUNKTOGD.2960499,5650
wfs:SPIELPLATZPUNKTOGD.2960500,5651
wfs:SPIELPLATZPUNKTOGD.2960501,5652
wfs:SPIELPLATZPUNKTOGD.2960502,5653
wfs:SPIELPLATZPUNKTOGD.2960503,5654
wfs:SPIELPLATZPUNKTOGD.2960504,5655
wfs:SPIELPLATZPUNKTOGD.2960505,5656
wfs:SPIELPLATZPUNKTOGD.2960506,5657
wfs:SPIELPLATZPUNKTOGD.2960507,5658
wfs:SPIELPLATZPUNKTOGD.2960508,5659
wfs:SPIELPLATZPUNKTOGD.2960509,5660
wfs:SPIELPLATZPUNKTOGD.2960510,5661
wfs:SPIELPLATZPUNKTOGD.2960511,5662
wfs:SPIELPLATZPUNKTOGD.2960512,5663
wfs:SPIELPLATZPUNKTOGD.2960513,5664
wfs:SPIELPLATZPUNKTOGD.2960514,5665
wfs:SPIELPLATZPUNKTOGD.2960515,5666
wfs:SPIELPLATZPUNKTOGD.2960516,5667
wfs:SPIELPLATZPUNKTOGD.2960518,5668
wfs:SPIELPLATZPUNKTOGD.2960519,5669
wfs:SPIELPLATZPUNKTOGD.2960520,5670
wfs:SPIELPLATZPUNKTOGD.2960521,5671
wfs:SPIELPLATZPUNKTOGD.2960522,5672
wfs:SPIELPLATZPUNKTOGD.2960523,5673
wfs:SPIELPLATZPUNKTOGD.2960524,5674
wfs:SPIELPLATZPUNKTOGD.2960525,5675
wfs:SPIELPLATZPUNKTOGD.2960526,5676
wfs:SPIELPLATZPUNKTOGD.2960527,5677
wfs:SPIELPLATZPUNKTOGD.2960528,5678
wfs:SPIELPLATZPUNKTOGD.2960529,5679
wfs:SPIELPLATZPUNKTOGD.2960530,5680
wfs:SPIELPLATZPUNKTOGD.2960531,5681
wfs:SPIELPLATZPUNKTOGD.2960532,5682
wfs:SPIELPLATZPUNKTOGD.2960533,5683
wfs:SPIELPLATZPUNKTOGD.2960534,5684
wfs:SPIELPLATZPUNKTOGD.2960535,5685
wfs:SPIELPLATZPUNKTOGD.2960536,5686
wfs:SPIELPLATZPUNKTOGD.2960537,5687
wfs:SPIELPLATZPUNKTOGD.2960538,5688
wfs:SPIELPLATZPUNKTOGD.2960539,5689
wfs:SPIELPLATZPUNKTOGD.2960540,5690
wfs:SPIELPLATZPUNKTOGD.2960541,5691
wfs:SPIELPLATZPUNKTOGD.2960542,5692
wfs:SPIELPLATZPUNKTOGD.2960543,5693
wfs:SPIELPLATZPUNKTOGD.2960544,5694
wfs:SPIELPLATZPUNKTOGD.2960545,5695
wfs:SPIELPLATZPUNKTOGD.2960517,5696
wfs:SPIELPLATZPUNKTOGD.2960547,5697
wfs:SPIELPLATZPUNKTOGD.2960548,5698
wfs:SPIELPLATZPUNKTOGD.2960549,5699
wfs:SPIELPLATZPUNKTOGD.2960550,5700
wfs:SPIELPLATZPUNKTOGD.2960551,5701
wfs:SPIELPLATZPUNKTOGD.2960552,5702
wfs:SPIELPLATZPUNKTOGD.2960553,5703
wfs:SPIELPLATZPUNKTOGD.2960554,5704
wfs:SPIELPLATZPUNKTOGD.2960555,5705
wfs:SPIELPLATZPUNKTOGD.2960556,5706
wfs:SPIELPLATZPUNKTOGD.2960557,5707
wfs:SPIELPLATZPUNKTOGD.2960558,5708
wfs:SPIELPLATZPUNKTOGD.2960559,5709
wfs:SPIELPLATZPUNKTOGD.2960560,5710
wfs:SPIELPLATZPUNKTOGD.2960561,5711
wfs:SPIELPLATZPUNKTOGD.2960562,5712
wfs:SPIELPLATZPUNKTOGD.2960563,5713
wfs:SPIELPLATZPUNKTOGD.2960564,5714
wfs:SPIELPLATZPUNKTOGD.2960565,5715
wfs:SPIELPLATZPUNKTOGD.2960566,5716
wfs:SPIELPLATZPUNKTOGD.2960567,5717
wfs:SPIELPLATZPUNKTOGD.2960568,5718
wfs:SPIELPLATZPUNKTOGD.2960569,5719
wfs:SPIELPLATZPUNKTOGD.2960570,5720
wfs:SPIELPLATZPUNKTOGD.2960571,5721
wfs:SPIELPLATZPUNKTOGD.2960572,5722
wfs:SPIELPLATZPUNKTOGD.2960573,5723
wfs:SPIELPLATZPUNKTOGD.2960574,5724
wfs:SPIELPLATZPUNKTOGD.2960546,5725
wfs:SPIELPLATZPUNKTOGD.2960575,5726
wfs:SPIELPLATZPUNKTOGD.2960576,5727
wfs:SPIELPLATZPUNKTOGD.2960577,5728
wfs:SPIELPLATZPUNKTOGD.2960578,5729
wfs:SPIELPLATZPUNKTOGD.2960579,5730
wfs:SPIELPLATZPUNKTOGD.2960580,5731
wfs:SPIELPLATZPUNKTOGD.2960581,5732
wfs:SPIELPLATZPUNKTOGD.2960582,5733
wfs:SPIELPLATZPUNKTOGD.2960583,5734
wfs:SPIELPLATZPUNKTOGD.2960584,5735
wfs:SPIELPLATZPUNKTOGD.2960585,5736
wfs:SPIELPLATZPUNKTOGD.2960586,5737
wfs:SPIELPLATZPUNKTOGD.2960587,5738
wfs:SPIELPLATZPUNKTOGD.2960588,5739
wfs:SPIELPLATZPUNKTOGD.2960589,5740
wfs:SPIELPLATZPUNKTOGD.2960590,5741
wfs:SPIELPLATZPUNKTOGD.2960591,5742
wfs:SPIELPLATZPUNKTOGD.2960592,5743
wfs:SPIELPLATZPUNKTOGD.2960593,5744
wfs:SPIELPLATZPUNKTOGD.2960594,5745
wfs:SPIELPLATZPUNKTOGD.2960595,5746
wfs:SPIELPLATZPUNKTOGD.2960596,5747
wfs:SPIELPLATZPUNKTOGD.2960597,5748
wfs:SPIELPLATZPUNKTOGD.2960598,5749
wfs:SPIELPLATZPUNKTOGD.2960599,5750
wfs:SPIELPLATZPUNKTOGD.2960600,5751
wfs:SPIELPLATZPUNKTOGD.2960601,5752
wfs:SPIELPLATZPUNKTOGD.2960602,5753
wfs:SPIELPLATZPUNKTOGD.2960603,5754
wfs:SPIELPLATZPUNKTOGD.2960604,5755
wfs:SPIELPLATZPUNKTOGD.2960605,5756
wfs:SPIELPLATZPUNKTOGD.2960606,5757
wfs:SPIELPLATZPUNKTOGD.2960607,5758
wfs:SPIELPLATZPUNKTOGD.2960608,5759
wfs:SPIELPLATZPUNKTOGD.2960609,5760
wfs:SPIELPLATZPUNKTOGD.2960610,5761
wfs:SPIELPLATZPUNKTOGD.2960611,5762
wfs:SPIELPLATZPUNKTOGD.2960612,5763
wfs:SPIELPLATZPUNKTOGD.2960613,5764
wfs:SPIELPLATZPUNKTOGD.2960614,5765
wfs:SPIELPLATZPUNKTOGD.2960615,5766
wfs:SPIELPLATZPUNKTOGD.2960616,5767
wfs:SPIELPLATZPUNKTOGD.2960617,5768
wfs:SPIELPLATZPUNKTOGD.2960618,5769
wfs:SPIELPLATZPUNKTOGD.2960619,5770
wfs:SPIELPLATZPUNKTOGD.2960620,5771
wfs:SPIELPLATZPUNKTOGD.2960621,5772
wfs:SPIELPLATZPUNKTOGD.2960622,5773
wfs:SPIELPLATZPUNKTOGD.2960623,5774
wfs:SPIELPLATZPUNKTOGD.2960624,5775
wfs:SPIELPLATZPUNKTOGD.2960625,5776
wfs:SPIELPLATZPUNKTOGD.2960626,5777
wfs:SPIELPLATZPUNKTOGD.2960627,5778
wfs:SPIELPLATZPUNKTOGD.2960628,5779
wfs:SPIELPLATZPUNKTOGD.2960629,5780
wfs:SPIELPLATZPUNKTOGD.2960630,5781
wfs:SPIELPLATZPUNKTOGD.2960631,5782
wfs:SPIELPLATZPUNKTOGD.2960632,5783
wfs:SPIELPLATZPUNKTOGD.2960633,5784
wfs:SPIELPLATZPUNKTOGD.2960634,5785
wfs:SPIELPLATZPUNKTOGD.2960635,5786
wfs:SPIELPLATZPUNKTOGD.2960636,5787
wfs:SPIELPLATZPUNKTOGD.2960637,5788
wfs:SPIELPLATZPUNKTOGD.2958869,5789
wfs:SPIELPLATZPUNKTOGD.2958870,5790
wfs:SPIELPLATZPUNKTOGD.2958871,5791
wfs:SPIELPLATZPUNKTOGD.2958872,5792
wfs:SPIELPLATZPUNKTOGD.2958873,5793
wfs:SPIELPLATZPUNKTOGD.2958874,5794
wfs:SPIELPLATZPUNKTOGD.2958875,5795
wfs:SPIELPLATZPUNKTOGD.2958876,5796
wfs:SPIELPLATZPUNKTOGD.2958877,5797
wfs:SPIELPLATZPUNKTOGD.2958878,5798
wfs:SPIELPLATZPUNKTOGD.2958879,5799
wfs:SPIELPLATZPUNKTOGD.2958880,5800
wfs:SPIELPLATZPUNKTOGD.2958881,5801
wfs:SPIELPLATZPUNKTOGD.2958882,5802
wfs:SPIELPLATZPUNKTOGD.2958883,5803
wfs:SPIELPLATZPUNKTOGD.2958884,5804
wfs:SPIELPLATZPUNKTOGD.2958885,5805
wfs:SPIELPLATZPUNKTOGD.2958886,5806
wfs:SPIELPLATZPUNKTOGD.2958887,5807
wfs:SPIELPLATZPUNKTOGD.2958888,5808
wfs:SPIELPLATZPUNKTOGD.2958889,5809
wfs:SPIELPLATZPUNKTOGD.2958890,5810
wfs:SPIELPLATZPUNKTOGD.2958891,5811
wfs:SPIELPLATZPUNKTOGD.2958892,5812
wfs:SPIELPLATZPUNKTOGD.2958893,5813
wfs:SPIELPLATZPUNKTOGD.2958894,5814
wfs:SPIELPLATZPUNKTOGD.2958895,5815
wfs:SPIELPLATZPUNKTOGD.2958896,5816
wfs:SPIELPLATZPUNKTOGD.2958897,5817
wfs:SPIELPLATZPUNKTOGD.2958898,5818
wfs:SPIELPLATZPUNKTOGD.2958899,5819
wfs:SPIELPLATZPUNKTOGD.2958900,5820
wfs:SPIELPLATZPUNKTOGD.2958901,5821
wfs:SPIELPLATZPUNKTOGD.2958902,5822
wfs:SPIELPLATZPUNKTOGD.2958903,5823
wfs:SPIELPLATZPUNKTOGD.2958904,5824
wfs:SPIELPLATZPUNKTOGD.2958905,5825
wfs:SPIELPLATZPUNKTOGD.2958906,5826
wfs:SPIELPLATZPUNKTOGD.2958907,5827
wfs:SPIELPLATZPUNKTOGD.2958908,5828
wfs:SPIELPLATZPUNKTOGD.2958909,5829
wfs:SPIELPLATZPUNKTOGD.2958910,5830
wfs:SPIELPLATZPUNKTOGD.2958911,5831
wfs:SPIELPLATZPUNKTOGD.2958912,5832
wfs:SPIELPLATZPUNKTOGD.2958913,5833
wfs:SPIELPLATZPUNKTOGD.2958914,5834
wfs:SPIELPLATZPUNKTOGD.2958915,5835
wfs:SPIELPLATZPUNKTOGD.2958916,5836
wfs:SPIELPLATZPUNKTOGD.2958917,5837
wfs:SPIELPLATZPUNKTOGD.2958918,5838
wfs:SPIELPLATZPUNKTOGD.2958919,5839
wfs:SPIELPLATZPUNKTOGD.2958920,5840
wfs:SPIELPLATZPUNKTOGD.2958921,5841
wfs:SPIELPLATZPUNKTOGD.2958922,5842
wfs:SPIELPLATZPUNKTOGD.2958923,5843
wfs:SPIELPLATZPUNKTOGD.2958924,5844
wfs:SPIELPLATZPUNKTOGD.2958925,5845
wfs:SPIELPLATZPUNKTOGD.2958926,5846
wfs:SPIELPLATZPUNKTOGD.2958927,5847
wfs:SPIELPLATZPUNKTOGD.2958928,5848
wfs:SPIELPLATZPUNKTOGD.2958929,5849
wfs:SPIELPLATZPUNKTOGD.2958960,5850
wfs:SPIELPLATZPUNKTOGD.2958961,5851
wfs:SPIELPLATZPUNKTOGD.2958962,5852
wfs:SPIELPLATZPUNKTOGD.2958963,5853
wfs:SPIELPLATZPUNKTOGD.2958964,5854
wfs:SPIELPLATZPUNKTOGD.2958965,5855
wfs:SPIELPLATZPUNKTOGD.2958966,5856
wfs:SPIELPLATZPUNKTOGD.2958967,5857
wfs:SPIELPLATZPUNKTOGD.2958968,5858
wfs:SPIELPLATZPUNKTOGD.2958969,5859
wfs:SPIELPLATZPUNKTOGD.2958970,5860
wfs:SPIELPLATZPUNKTOGD.2958971,5861
wfs:SPIELPLATZPUNKTOGD.2958972,5862
wfs:SPIELPLATZPUNKTOGD.2958973,5863
wfs:SPIELPLATZPUNKTOGD.2958974,5864
wfs:SPIELPLATZPUNKTOGD.2958975,5865
wfs:SPIELPLATZPUNKTOGD.2958976,5866
wfs:SPIELPLATZPUNKTOGD.2958977,5867
wfs:SPIELPLATZPUNKTOGD.2958978,5868
wfs:SPIELPLATZPUNKTOGD.2958979,5869
wfs:SPIELPLATZPUNKTOGD.2958980,5870
wfs:SPIELPLATZPUNKTOGD.2958981,5871
wfs:SPIELPLATZPUNKTOGD.2958982,5872
wfs:SPIELPLATZPUNKTOGD.2958983,5873
wfs:SPIELPLATZPUNKTOGD.2958984,5874
wfs:SPIELPLATZPUNKTOGD.2958985,5875
wfs:SPIELPLATZPUNKTOGD.2958986,5876
wfs:SPIELPLATZPUNKTOGD.2958987,5877
wfs:SPIELPLATZPUNKTOGD.2958988,5878
wfs:SPIELPLATZPUNKTOGD.2958989,5879
wfs:SPIELPLATZPUNKTOGD.2958990,5880
wfs:SPIELPLATZPUNKTOGD.2958991,5881
wfs:SPIELPLATZPUNKTOGD.2958992,5882
wfs:SPIELPLATZPUNKTOGD.2958993,5883
wfs:SPIELPLATZPUNKTOGD.2958994,5884
wfs:SPIELPLATZPUNKTOGD.2958995,5885
wfs:SPIELPLATZPUNKTOGD.2958996,5886
wfs:SPIELPLATZPUNKTOGD.2958997,5887
wfs:SPIELPLATZPUNKTOGD.2958998,5888
wfs:SPIELPLATZPUNKTOGD.2958999,5889
wfs:SPIELPLATZPUNKTOGD.2959000,5890
wfs:SPIELPLATZPUNKTOGD.2959001,5891
wfs:SPIELPLATZPUNKTOGD.2959002,5892
wfs:SPIELPLATZPUNKTOGD.2959003,5893
wfs:SPIELPLATZPUNKTOGD.2959004,5894
wfs:SPIELPLATZPUNKTOGD.2959005,5895
wfs:SPIELPLATZPUNKTOGD.2959006,5896
wfs:SPIELPLATZPUNKTOGD.2959007,5897
wfs:SPIELPLATZPUNKTOGD.2959008,5898
wfs:SPIELPLATZPUNKTOGD.2959009,5899
wfs:SPIELPLATZPUNKTOGD.2959010,5900
wfs:SPIELPLATZPUNKTOGD.2959011,5901
wfs:SPIELPLATZPUNKTOGD.2959012,5902
wfs:SPIELPLATZPUNKTOGD.2959013,5903
wfs:SPIELPLATZPUNKTOGD.2959014,5904
wfs:SPIELPLATZPUNKTOGD.2959015,5905
wfs:SPIELPLATZPUNKTOGD.2959016,5906
wfs:SPIELPLATZPUNKTOGD.2959017,5907
wfs:SPIELPLATZPUNKTOGD.2959018,5908
wfs:SPIELPLATZPUNKTOGD.2959019,5909
wfs:SPIELPLATZPUNKTOGD.2959020,5910
wfs:SPIELPLATZPUNKTOGD.2959021,5911
wfs:SPIELPLATZPUNKTOGD.2959022,5912
wfs:SPIELPLATZPUNKTOGD.2959023,5913
wfs:SPIELPLATZPUNKTOGD.2959024,5914
wfs:SPIELPLATZPUNKTOGD.2959025,5915
wfs:SPIELPLATZPUNKTOGD.2959026,5916
wfs:SPIELPLATZPUNKTOGD.2959027,5917
wfs:SPIELPLATZPUNKTOGD.2959028,5918
wfs:SPIELPLATZPUNKTOGD.2959029,5919
wfs:SPIELPLATZPUNKTOGD.2959030,5920
wfs:SPIELPLATZPUNKTOGD.2959031,5921
wfs:SPIELPLATZPUNKTOGD.2959032,5922
wfs:SPIELPLATZPUNKTOGD.2959033,5923
wfs:SPIELPLATZPUNKTOGD.2959034,5924
wfs:SPIELPLATZPUNKTOGD.2959035,5925
wfs:SPIELPLATZPUNKTOGD.2959036,5926
wfs:SPIELPLATZPUNKTOGD.2959037,5927
wfs:SPIELPLATZPUNKTOGD.2959038,5928
wfs:SPIELPLATZPUNKTOGD.2959039,5929
wfs:SPIELPLATZPUNKTOGD.2959040,5930
wfs:SPIELPLATZPUNKTOGD.2959041,5931
wfs:SPIELPLATZPUNKTOGD.2959042,5932
wfs:SPIELPLATZPUNKTOGD.2959043,5933
wfs:SPIELPLATZPUNKTOGD.2959044,5934
wfs:SPIELPLATZPUNKTOGD.2959045,5935
wfs:SPIELPLATZPUNKTOGD.2959046,5936
wfs:SPIELPLATZPUNKTOGD.2959047,5937
wfs:SPIELPLATZPUNKTOGD.2959048,5938
wfs:SPIELPLATZPUNKTOGD.2959049,5939
wfs:SPIELPLATZPUNKTOGD.2959050,5940
wfs:SPIELPLATZPUNKTOGD.2959051,5941
wfs:SPIELPLATZPUNKTOGD.2959052,5942
wfs:SPIELPLATZPUNKTOGD.2959053,5943
wfs:SPIELPLATZPUNKTOGD.2959054,5944
wfs:SPIELPLATZPUNKTOGD.2959055,5945
wfs:SPIELPLATZPUNKTOGD.2959056,5946
wfs:SPIELPLATZPUNKTOGD.2960433,5947
wfs:SPIELPLATZPUNKTOGD.2960434,5948
wfs:SPIELPLATZPUNKTOGD.2960435,5949
wfs:SPIELPLATZPUNKTOGD.2960436,5950
wfs:SPIELPLATZPUNKTOGD.2960437,5951
wfs:SPIELPLATZPUNKTOGD.2960438,5952
wfs:SPIELPLATZPUNKTOGD.2960439,5953
wfs:SPIELPLATZPUNKTOGD.2960440,5954
wfs:SPIELPLATZPUNKTOGD.2960441,5955
wfs:SPIELPLATZPUNKTOGD.2960442,5956
wfs:SPIELPLATZPUNKTOGD.2960443,5957
wfs:SPIELPLATZPUNKTOGD.2960444,5958
wfs:SPIELPLATZPUNKTOGD.2960445,5959
wfs:SPIELPLATZPUNKTOGD.2960446,5960
wfs:SPIELPLATZPUNKTOGD.2960447,5961
wfs:SPIELPLATZPUNKTOGD.2960448,5962
wfs:SPIELPLATZPUNKTOGD.2960449,5963
wfs:SPIELPLATZPUNKTOGD.2960450,5964
wfs:SPIELPLATZPUNKTOGD.2960451,5965
wfs:SPIELPLATZPUNKTOGD.2960452,5966
wfs:SPIELPLATZPUNKTOGD.2958930,5967
wfs:SPIELPLATZPUNKTOGD.2958931,5968
wfs:SPIELPLATZPUNKTOGD.2958932,5969
wfs:SPIELPLATZPUNKTOGD.2958933,5970
wfs:SPIELPLATZPUNKTOGD.2958934,5971
wfs:SPIELPLATZPUNKTOGD.2958935,5972
wfs:SPIELPLATZPUNKTOGD.2958936,5973
wfs:SPIELPLATZPUNKTOGD.2958937,5974
wfs:SPIELPLATZPUNKTOGD.2958938,5975
wfs:SPIELPLATZPUNKTOGD.2958939,5976
wfs:SPIELPLATZPUNKTOGD.2958940,5977
wfs:SPIELPLATZPUNKTOGD.2958941,5978
wfs:SPIELPLATZPUNKTOGD.2958942,5979
wfs:SPIELPLATZPUNKTOGD.2958943,5980
wfs:SPIELPLATZPUNKTOGD.2958944,5981
wfs:SPIELPLATZPUNKTOGD.2958945,5982
wfs:SPIELPLATZPUNKTOGD.2958946,5983
wfs:SPIELPLATZPUNKTOGD.2958947,5984
wfs:SPIELPLATZPUNKTOGD.2958948,5985
wfs:SPIELPLATZPUNKTOGD.2958949,5986
wfs:SPIELPLATZPUNKTOGD.2958950,5987
wfs:SPIELPLATZPUNKTOGD.2958951,5988
wfs:SPIELPLATZPUNKTOGD.2958952,5989
wfs:SPIELPLATZPUNKTOGD.2958953,5990
wfs:SPIELPLATZPUNKTOGD.2958954,5991
wfs:SPIELPLATZPUNKTOGD.2958955,5992
wfs:SPIELPLATZPUNKTOGD.2958956,5993
wfs:SPIELPLATZPUNKTOGD.2958957,5994
wfs:SPIELPLATZPUNKTOGD.2958958,5995
wfs:SPIELPLATZPUNKTOGD.2958959,5996
wfs:SPIELPLATZPUNKTOGD.2958692,5997
wfs:SPIELPLATZPUNKTOGD.2958693,5998
wfs:SPIELPLATZPUNKTOGD.2958694,5999
wfs:SPIELPLATZPUNKTOGD.2958695,6000
wfs:SPIELPLATZPUNKTOGD.2958696,6001
wfs:SPIELPLATZPUNKTOGD.2958697,6002
wfs:SPIELPLATZPUNKTOGD.2958698,6003
wfs:SPIELPLATZPUNKTOGD.2958699,6004
wfs:SPIELPLATZPUNKTOGD.2958700,6005
wfs:SPIELPLATZPUNKTOGD.2958701,6006
wfs:SPIELPLATZPUNKTOGD.2958702,6007
wfs:SPIELPLATZPUNKTOGD.2958703,6008
wfs:SPIELPLATZPUNKTOGD.2958704,6009
wfs:SPIELPLATZPUNKTOGD.2958705,6010
wfs:SPIELPLATZPUNKTOGD.2958706,6011
wfs:SPIELPLATZPUNKTOGD.2958707,6012
wfs:SPIELPLATZPUNKTOGD.2958708,6013
wfs:SPIELPLATZPUNKTOGD.2958709,6014
wfs:SPIELPLATZPUNKTOGD.2958710,6015
wfs:SPIELPLATZPUNKTOGD.2958711,6016
wfs:SPIELPLATZPUNKTOGD.2958712,6017
wfs:SPIELPLATZPUNKTOGD.2958713,6018
wfs:SPIELPLATZPUNKTOGD.2958714,6019
wfs:SPIELPLATZPUNKTOGD.2958715,6020
wfs:SPIELPLATZPUNKTOGD.2958716,6021
wfs:SPIELPLATZPUNKTOGD.2958717,6022
wfs:SPIELPLATZPUNKTOGD.2958718,6023
wfs:SPIELPLATZPUNKTOGD.2958719,6024
wfs:SPIELPLATZPUNKTOGD.2958720,6025
wfs:SPIELPLATZPUNKTOGD.2958721,6026
wfs:SPIELPLATZPUNKTOGD.2958722,6027
wfs:SPIELPLATZPUNKTOGD.2958723,6028
wfs:SPIELPLATZPUNKTOGD.2958724,6029
wfs:SPIELPLATZPUNKTOGD.2958725,6030
wfs:SPIELPLATZPUNKTOGD.2958726,6031
wfs:SPIELPLATZPUNKTOGD.2958727,6032
wfs:SPIELPLATZPUNKTOGD.2958728,6033
wfs:SPIELPLATZPUNKTOGD.2958729,6034
wfs:SPIELPLATZPUNKTOGD.2958730,6035
wfs:SPIELPLATZPUNKTOGD.2958731,6036
wfs:SPIELPLATZPUNKTOGD.2958732,6037
wfs:SPIELPLATZPUNKTOGD.2958733,6038
wfs:SPIELPLATZPUNKTOGD.2958734,6039
wfs:SPIELPLATZPUNKTOGD.2958735,6040
wfs:SPIELPLATZPUNKTOGD.2958736,6041
wfs:SPIELPLATZPUNKTOGD.2958737,6042
wfs:SPIELPLATZPUNKTOGD.2958738,6043
wfs:SPIELPLATZPUNKTOGD.2958739,6044
wfs:SPIELPLATZPUNKTOGD.2958740,6045
wfs:SPIELPLATZPUNKTOGD.2958741,6046
wfs:SPIELPLATZPUNKTOGD.2958742,6047
wfs:SPIELPLATZPUNKTOGD.2958743,6048
wfs:SPIELPLATZPUNKTOGD.2958744,6049
wfs:SPIELPLATZPUNKTOGD.2958745,6050
wfs:SPIELPLATZPUNKTOGD.2958746,6051
wfs:SPIELPLATZPUNKTOGD.2958747,6052
wfs:SPIELPLATZPUNKTOGD.2958748,6053
wfs:SPIELPLATZPUNKTOGD.2958749,6054
wfs:SPIELPLATZPUNKTOGD.2958750,6055
wfs:SPIELPLATZPUNKTOGD.2958751,6056
wfs:SPIELPLATZPUNKTOGD.2958752,6057
wfs:SPIELPLATZPUNKTOGD.2958753,6058
wfs:SPIELPLATZPUNKTOGD.2958754,6059
wfs:SPIELPLATZPUNKTOGD.2958755,6060
wfs:SPIELPLATZPUNKTOGD.2958756,6061
wfs:SPIELPLATZPUNKTOGD.2958757,6062
wfs:SPIELPLATZPUNKTOGD.2958758,6063
wfs:SPIELPLATZPUNKTOGD.2958759,6064
wfs:SPIELPLATZPUNKTOGD.2958760,6065
wfs:SPIELPLATZPUNKTOGD.2958761,6066
wfs:SPIELPLATZPUNKTOGD.2958762,6067
wfs:SPIELPLATZPUNKTOGD.2958763,6068
wfs:SPIELPLATZPUNKTOGD.2958764,6069
wfs:SPIELPLATZPUNKTOGD.2958765,6070
wfs:SPIELPLATZPUNKTOGD.2958766,6071
wfs:SPIELPLATZPUNKTOGD.2958767,6072
wfs:SPIELPLATZPUNKTOGD.2958768,6073
wfs:SPIELPLATZPUNKTOGD.2958769,6074
wfs:SPIELPLATZPUNKTOGD.2958770,6075
wfs:SPIELPLATZPUNKTOGD.2958771,6076
wfs:SPIELPLATZPUNKTOGD.2958772,6077
wfs:SPIELPLATZPUNKTOGD.2958773,6078
wfs:SPIELPLATZPUNKTOGD.2958774,6079
wfs:SPIELPLATZPUNKTOGD.2958775,6080
wfs:SPIELPLATZPUNKTOGD.2958776,6081
wfs:SPIELPLATZPUNKTOGD.2958777,6082
wfs:SPIELPLATZPUNKTOGD.2958778,6083
wfs:SPIELPLATZPUNKTOGD.2958779,6084
wfs:SPIELPLATZPUNKTOGD.2958780,6085
wfs:SPIELPLATZPUNKTOGD.2958781,6086
wfs:SPIELPLATZPUNKTOGD.2958782,6087
wfs:SPIELPLATZPUNKTOGD.2958783,6088
wfs:SPIELPLATZPUNKTOGD.2958784,6089
wfs:SPIELPLATZPUNKTOGD.2958785,6090
wfs:SPIELPLATZPUNKTOGD.2958786,6091
wfs:SPIELPLATZPUNKTOGD.2958787,6092
wfs:SPIELPLATZPUNKTOGD.2958788,6093
wfs:SPIELPLATZPUNKTOGD.2958789,6094
wfs:SPIELPLATZPUNKTOGD.2958790,6095
wfs:SPIELPLATZPUNKTOGD.2958791,6096
wfs:SPIELPLATZPUNKTOGD.2958792,6097
wfs:SPIELPLATZPUNKTOGD.2958793,6098
wfs:SPIELPLATZPUNKTOGD.2958794,6099
wfs:SPIELPLATZPUNKTOGD.2958795,6100
wfs:SPIELPLATZPUNKTOGD.2958796,6101
wfs:SPIELPLATZPUNKTOGD.2958797,6102
wfs:SPIELPLATZPUNKTOGD.2958798,6103
wfs:SPIELPLATZPUNKTOGD.2958799,6104
wfs:SPIELPLATZPUNKTOGD.2958800,6105
wfs:SPIELPLATZPUNKTOGD.2958801,6106
wfs:SPIELPLATZPUNKTOGD.2958802,6107
wfs:SPIELPLATZPUNKTOGD.2958803,6108
wfs:SPIELPLATZPUNKTOGD.2958804,6109
wfs:SPIELPLATZPUNKTOGD.2958805,6110
wfs:SPIELPLATZPUNKTOGD.2958806,6111
wfs:SPIELPLATZPUNKTOGD.2958807,6112
wfs:SPIELPLATZPUNKTOGD.2958808,6113
wfs:SPIELPLATZPUNKTOGD.2958809,6114
wfs:SPIELPLATZPUNKTOGD.2958810,6115
wfs:SPIELPLATZPUNKTOGD.2958811,6116
wfs:SPIELPLATZPUNKTOGD.2958812,6117
wfs:SPIELPLATZPUNKTOGD.2958813,6118
wfs:SPIELPLATZPUNKTOGD.2958814,6119
wfs:SPIELPLATZPUNKTOGD.2958815,6120
wfs:SPIELPLATZPUNKTOGD.2958816,6121
wfs:SPIELPLATZPUNKTOGD.2958817,6122
wfs:SPIELPLATZPUNKTOGD.2958818,6123
wfs:SPIELPLATZPUNKTOGD.2958819,6124
wfs:SPIELPLATZPUNKTOGD.2958820,6125
wfs:SPIELPLATZPUNKTOGD.2958821,6126
wfs:SPIELPLATZPUNKTOGD.2958822,6127
wfs:SPIELPLATZPUNKTOGD.2958823,6128
wfs:SPIELPLATZPUNKTOGD.2958824,6129
wfs:SPIELPLATZPUNKTOGD.2958825,6130
wfs:SPIELPLATZPUNKTOGD.2958826,6131
wfs:SPIELPLATZPUNKTOGD.2958827,6132
wfs:SPIELPLATZPUNKTOGD.2958828,6133
wfs:SPIELPLATZPUNKTOGD.2958829,6134
wfs:SPIELPLATZPUNKTOGD.2958830,6135
wfs:SPIELPLATZPUNKTOGD.2958831,6136
wfs:SPIELPLATZPUNKTOGD.2958832,6137
wfs:SPIELPLATZPUNKTOGD.2958833,6138
wfs:SPIELPLATZPUNKTOGD.2958834,6139
wfs:SPIELPLATZPUNKTOGD.2958835,6140
wfs:SPIELPLATZPUNKTOGD.2958836,6141
wfs:SPIELPLATZPUNKTOGD.2958837,6142
wfs:SPIELPLATZPUNKTOGD.2958838,6143
wfs:SPIELPLATZPUNKTOGD.2958839,6144
wfs:SPIELPLATZPUNKTOGD.2958840,6145
wfs:SPIELPLATZPUNKTOGD.2958841,6146
wfs:SPIELPLATZPUNKTOGD.2958842,6147
wfs:SPIELPLATZPUNKTOGD.2958843,6148
wfs:SPIELPLATZPUNKTOGD.2958844,6149
wfs:SPIELPLATZPUNKTOGD.2958845,6150
wfs:SPIELPLATZPUNKTOGD.2958846,6151
wfs:SPIELPLATZPUNKTOGD.2958847,6152
wfs:SPIELPLATZPUNKTOGD.2958848,6153
wfs:SPIELPLATZPUNKTOGD.2958849,6154
wfs:SPIELPLATZPUNKTOGD.2958850,6155
wfs:SPIELPLATZPUNKTOGD.2958851,6156
wfs:SPIELPLATZPUNKTOGD.2958852,6157
wfs:SPIELPLATZPUNKTOGD.2958853,6158
wfs:SPIELPLATZPUNKTOGD.2958854,6159
wfs:SPIELPLATZPUNKTOGD.2958855,6160
wfs:SPIELPLATZPUNKTOGD.2958856,6161
wfs:SPIELPLATZPUNKTOGD.2958857,6162
wfs:SPIELPLATZPUNKTOGD.2958858,6163
wfs:SPIELPLATZPUNKTOGD.2958859,6164
wfs:SPIELPLATZPUNKTOGD.2958860,6165
wfs:SPIELPLATZPUNKTOGD.2958861,6166
wfs:SPIELPLATZPUNKTOGD.2958862,6167
wfs:SPIELPLATZPUNKTOGD.2958863,6168
wfs:SPIELPLATZPUNKTOGD.2958864,6169
wfs:SPIELPLATZPUNKTOGD.2958865,6170
wfs:SPIELPLATZPUNKTOGD.2958866,6171
wfs:SPIELPLATZPUNKTOGD.2958867,6172
wfs:SPIELPLATZPUNKTOGD.2958868,6173
osm:node/46823888,6174
osm:node/46823910,6175
osm:node/46823914,6176
osm:node/46823935,6177
osm:node/46823962,6178
osm:node/55411636,6179
osm:node/60648368,6180
osm:node/76469902,6181
osm:node/76470536,6182
osm:node/76514684,6183
osm:node/76515393,6184
osm:node/76518712,6185
osm:node/76656467,6186
osm:node/81609136,6187
osm:node/83453802,6188
osm:node/106061288,6189
osm:node/115180054,6190
osm:node/115513011,6191
osm:node/119371746,6192
osm:node/126502432,6193
osm:node/138297090,6194
osm:node/139128641,6195
osm:node/146317179,6196
osm:node/146317846,6197
osm:node/146340019,6198
osm:node/154622635,6199
osm:node/154622735,6200
osm:node/217881130,6201
osm:node/236858381,6202
osm:node/244496511,6203
osm:node/244496574,6204
osm:node/244497017,6205
osm:node/244497023,6206
osm:node/244497161,6207
osm:node/244497172,6208
osm:node/244497186,6209
osm:node/244522889,6210
osm:node/245495351,6211
osm:node/246836952,6212
osm:node/248529367,6213
osm:node/249485841,6214
osm:node/249485842,6215
osm:node/249568684,6216
osm:node/249711653,6217
osm:node/249711654,6218
osm:node/249711655,6219
osm:node/249733140,6220
osm:node/249884081,6221
osm:node/250077138,6222
osm:node/250380570,6223
osm:node/251523468,6224
osm:node/252467398,6225
osm:node/252467399,6226
osm:node/252549221,6227
osm:node/252549228,6228
osm:node/252549230,6229
osm:node/254640433,6230
osm:node/254904592,6231
osm:node/256669740,6232
osm:node/256669781,6233
osm:node/256669819,6234
osm:node/256669972,6235
osm:node/257613384,6236
osm:node/259640958,6237
osm:node/259641273,6238
osm:node/260990967,6239
osm:node/265002408,6240
osm:node/266281901,6241
osm:node/267244783,6242
osm:node/267263160,6243
osm:node/267275362,6244
osm:node/268500778,6245
osm:node/269208762,6246
osm:node/269208764,6247
osm:node/269209054,6248
osm:node/269209069,6249
osm:node/269542815,6250
osm:node/269904458,6251
osm:node/270066222,6252
osm:node/271817593,6253
osm:node/276184676,6254
osm:node/277843035,6255
osm:node/278113676,6256
osm:node/279452021,6257
osm:node/280812411,6258
osm:node/280813671,6259
osm:node/281295823,6260
osm:node/281657531,6261
osm:node/283318282,6262
osm:node/286557366,6263
osm:node/288015983,6264
osm:node/288015984,6265
osm:node/288089459,6266
osm:node/288187563,6267
osm:node/288643493,6268
osm:node/289642463,6269
osm:node/289642464,6270
osm:node/289942099,6271
osm:node/289943660,6272
osm:node/290257793,6273
osm:node/290481672,6274
osm:node/291576552,6275
osm:node/291765444,6276
osm:node/294137696,6277
osm:node/294285276,6278
osm:node/294507916,6279
osm:node/295386885,6280
osm:node/295387954,6281
osm:node/295413442,6282
osm:node/295413458,6283
osm:node/295413460,6284
osm:node/295811116,6285
osm:node/295929282,6286
osm:node/296854420,6287
osm:node/296920676,6288
osm:node/297160436,6289
osm:node/297478688,6290
osm:node/297783442,6291
osm:node/298163080,6292
osm:node/298347612,6293
osm:node/298620530,6294
osm:node/298713610,6295
osm:node/299893744,6296
osm:node/301428914,6297
osm:node/301430742,6298
osm:node/301431463,6299
osm:node/302734708,6300
osm:node/303507170,6301
osm:node/304983570,6302
osm:node/306005700,6303
osm:node/306005705,6304
osm:node/306016537,6305
osm:node/306083017,6306
osm:node/306095249,6307
osm:node/307433233,6308
osm:node/307643605,6309
osm:node/307643606,6310
osm:node/308111492,6311
osm:node/309293361,6312
osm:node/309293363,6313
osm:node/309293364,6314
osm:node/310192247,6315
osm:node/310649397,6316
osm:node/310676113,6317
osm:node/311283080,6318
osm:node/311283313,6319
osm:node/311536058,6320
osm:node/311562414,6321
osm:node/311820993,6322
osm:node/311821005,6323
osm:node/311875082,6324
osm:node/312073547,6325
osm:node/313010814,6326
osm:node/313351706,6327
osm:node/313955132,6328
osm:node/315337583,6329
osm:node/315893443,6330
osm:node/315986749,6331
osm:node/315986941,6332
osm:node/315987356,6333
osm:node/316011440,6334
osm:node/316012422,6335
osm:node/316407266,6336
osm:node/316683922,6337
osm:node/317080908,6338
osm:node/317767122,6339
osm:node/317767352,6340
osm:node/317815743,6341
osm:node/318023658,6342
osm:node/318023660,6343
osm:node/318297340,6344
osm:node/318456944,6345
osm:node/319734659,6346
osm:node/319735103,6347
osm:node/319755259,6348
osm:node/321241248,6349
osm:node/321595780,6350
osm:node/323058537,6351
osm:node/323060577,6352
osm:node/323060590,6353
osm:node/323060637,6354
osm:node/323177975,6355
osm:node/323243151,6356
osm:node/323661731,6357
osm:node/323672015,6358
osm:node/324188355,6359
osm:node/324479730,6360
osm:node/325140051,6361
osm:node/325148691,6362
osm:node/326889002,6363
osm:node/329464821,6364
osm:node/330273415,6365
osm:node/330375942,6366
osm:node/331584946,6367
osm:node/331855628,6368
osm:node/332254536,6369
osm:node/332309218,6370
osm:node/332412903,6371
osm:node/333052979,6372
osm:node/333121653,6373
osm:node/333371991,6374
osm:node/333532257,6375
osm:node/333539957,6376
osm:node/333640319,6377
osm:node/333641376,6378
osm:node/333653457,6379
osm:node/333655633,6380
osm:node/333655634,6381
osm:node/333655635,6382
osm:node/333672130,6383
osm:node/333696995,6384
osm:node/334230868,6385
osm:node/334236925,6386
osm:node/334355382,6387
osm:node/334390933,6388
osm:node/334497913,6389
osm:node/334634698,6390
osm:node/334634963,6391
osm:node/334636027,6392
osm:node/334641013,6393
osm:node/334756752,6394
osm:node/334793287,6395
osm:node/334795583,6396
osm:node/334800902,6397
osm:node/335296359,6398
osm:node/335317816,6399
osm:node/335654627,6400
osm:node/335933214,6401
osm:node/335937019,6402
osm:node/336003485,6403
osm:node/336005050,6404
osm:node/336038309,6405
osm:node/336038681,6406
osm:node/336094131,6407
osm:node/336244940,6408
osm:node/336250391,6409
osm:node/337468339,6410
osm:node/337934421,6411
osm:node/337947384,6412
osm:node/337947389,6413
osm:node/337947392,6414
osm:node/338287510,6415
osm:node/338293881,6416
osm:node/338470656,6417
osm:node/338470657,6418
osm:node/338470662,6419
osm:node/338470667,6420
osm:node/338470669,6421
osm:node/338470672,6422
osm:node/338470676,6423
osm:node/338470684,6424
osm:node/338470686,6425
osm:node/338470689,6426
osm:node/338473232,6427
osm:node/338473236,6428
osm:node/338525606,6429
osm:node/339910920,6430
osm:node/340069340,6431
osm:node/340070539,6432
osm:node/340216977,6433
osm:node/341255640,6434
osm:node/342245314,6435
osm:node/342288876,6436
osm:node/342301304,6437
osm:node/342301942,6438
osm:node/342302681,6439
osm:node/342303156,6440
osm:node/342303837,6441
osm:node/342304875,6442
osm:node/342305562,6443
osm:node/342305687,6444
osm:node/342306706,6445
osm:node/342306957,6446
osm:node/342308867,6447
osm:node/342370822,6448
osm:node/342372654,6449
osm:node/343320228,6450
osm:node/343347085,6451
osm:node/344481901,6452
osm:node/344482365,6453
osm:node/344491374,6454
osm:node/344621456,6455
osm:node/344666078,6456
osm:node/344666762,6457
osm:node/344667725,6458
osm:node/344671406,6459
osm:node/344872252,6460
osm:node/344923915,6461
osm:node/344925907,6462
osm:node/344926482,6463
osm:node/344927480,6464
osm:node/344929843,6465
osm:node/344930884,6466
osm:node/344931801,6467
osm:node/344983588,6468
osm:node/345289488,6469
osm:node/345298530,6470
osm:node/345622346,6471
osm:node/345682057,6472
osm:node/345758417,6473
osm:node/346144460,6474
osm:node/346279199,6475
osm:node/347403008,6476
osm:node/347403015,6477
osm:node/347442567,6478
osm:node/349242464,6479
osm:node/350449333,6480
osm:node/350646644,6481
osm:node/351628384,6482
osm:node/352270388,6483
osm:node/352545403,6484
osm:node/352725976,6485
osm:node/352985492,6486
osm:node/353071638,6487
osm:node/353077280,6488
osm:node/353282827,6489
osm:node/353834931,6490
osm:node/353893638,6491
osm:node/354501505,6492
osm:node/354558151,6493
osm:node/355123976,6494
osm:node/355211469,6495
osm:node/355686988,6496
osm:node/356280748,6497
osm:node/356308812,6498
osm:node/356313158,6499
osm:node/356313837,6500
osm:node/356746043,6501
osm:node/356892384,6502
osm:node/356892391,6503
osm:node/358089451,6504
osm:node/358546165,6505
osm:node/358546222,6506
osm:node/359238262,6507
osm:node/359238264,6508
osm:node/360183913,6509
osm:node/360184046,6510
osm:node/360187254,6511
osm:node/360192261,6512
osm:node/361527735,6513
osm:node/361528151,6514
osm:node/361528538,6515
osm:node/361528726,6516
osm:node/362372212,6517
osm:node/363281553,6518
osm:node/363281556,6519
osm:node/364040659,6520
osm:node/364439550,6521
osm:node/365305618,6522
osm:node/365859732,6523
osm:node/365865111,6524
osm:node/365865114,6525
osm:node/365947932,6526
osm:node/365948633,6527
osm:node/366220354,6528
osm:node/366220850,6529
osm:node/366223123,6530
osm:node/366223947,6531
osm:node/366224622,6532
osm:node/366550146,6533
osm:node/367390337,6534
osm:node/367817578,6535
osm:node/367850770,6536
osm:node/367992124,6537
osm:node/367997616,6538
osm:node/368276452,6539
osm:node/370358446,6540
osm:node/370438683,6541
osm:node/370483984,6542
osm:node/370521980,6543
osm:node/370523406,6544
osm:node/370653407,6545
osm:node/370833407,6546
osm:node/370931029,6547
osm:node/370931244,6548
osm:node/371798859,6549
osm:node/373470635,6550
osm:node/373480650,6551
osm:node/373550671,6552
osm:node/373550674,6553
osm:node/374485605,6554
osm:node/374572757,6555
osm:node/374572860,6556
osm:node/374723778,6557
osm:node/374756697,6558
osm:node/375844890,6559
osm:node/375990308,6560
osm:node/380762894,6561
osm:node/380765915,6562
osm:node/380840764,6563
osm:node/380842186,6564
osm:node/381909771,6565
osm:node/382371488,6566
osm:node/385285783,6567
osm:node/386115006,6568
osm:node/390020832,6569
osm:node/392031212,6570
osm:node/392032121,6571
osm:node/392046634,6572
osm:node/394053172,6573
osm:node/394941622,6574
osm:node/394941625,6575
osm:node/394941626,6576
osm:node/395492367,6577
osm:node/398597854,6578
osm:node/398603916,6579
osm:node/401268104,6580
osm:node/402504350,6581
osm:node/403107779,6582
osm:node/406361098,6583
osm:node/409168050,6584
osm:node/409168053,6585
osm:node/409168057,6586
osm:node/409188522,6587
osm:node/409188525,6588
osm:node/409188527,6589
osm:node/409188534,6590
osm:node/409188535,6591
osm:node/409188537,6592
osm:node/409188538,6593
osm:node/409188539,6594
osm:node/409230019,6595
osm:node/410455891,6596
osm:node/410689272,6597
osm:node/410711013,6598
osm:node/410711016,6599
osm:node/410711018,6600
osm:node/410753771,6601
osm:node/411753258,6602
osm:node/411757173,6603
osm:node/412345248,6604
osm:node/412345268,6605
osm:node/412568587,6606
osm:node/412862778,6607
osm:node/413128344,6608
osm:node/414714707,6609
osm:node/415357334,6610
osm:node/415409740,6611
osm:node/415409756,6612
osm:node/415627424,6613
osm:node/415889061,6614
osm:node/415889385,6615
osm:node/415906772,6616
osm:node/417310013,6617
osm:node/417340746,6618
osm:node/417751930,6619
osm:node/417751931,6620
osm:node/417751940,6621
osm:node/417751942,6622
osm:node/417865183,6623
osm:node/417883472,6624
osm:node/418134093,6625
osm:node/418164970,6626
osm:node/418185343,6627
osm:node/418743589,6628
osm:node/419114021,6629
osm:node/419240555,6630
osm:node/419289410,6631
osm:node/419294544,6632
osm:node/420021014,6633
osm:node/420021015,6634
osm:node/423005402,6635
osm:node/423005412,6636
osm:node/423005424,6637
osm:node/423005429,6638
osm:node/425448602,6639
osm:node/426869281,6640
osm:node/428023078,6641
osm:node/428028612,6642
osm:node/430383191,6643
osm:node/430384039,6644
osm:node/430384865,6645
osm:node/430388313,6646
osm:node/430388832,6647
osm:node/432692936,6648
osm:node/434487717,6649
osm:node/437164262,6650
osm:node/437164275,6651
osm:node/437993816,6652
osm:node/440396315,6653
osm:node/441075962,6654
osm:node/441230552,6655
osm:node/441576820,6656
osm:node/441576825,6657
osm:node/441577404,6658
osm:node/441595498,6659
osm:node/441595499,6660
osm:node/441696299,6661
osm:node/441752543,6662
osm:node/441752550,6663
osm:node/441752555,6664
osm:node/441768597,6665
osm:node/442046095,6666
osm:node/442051738,6667
osm:node/442052509,6668
osm:node/442053766,6669
osm:node/442054259,6670
osm:node/442056679,6671
osm:node/442056989,6672
osm:node/442059975,6673
osm:node/442060467,6674
osm:node/442065626,6675
osm:node/442443224,6676
osm:node/442541342,6677
osm:node/442541444,6678
osm:node/442542434,6679
osm:node/442542985,6680
osm:node/442546268,6681
osm:node/442551000,6682
osm:node/442564943,6683
osm:node/442567405,6684
osm:node/442567957,6685
osm:node/442568337,6686
osm:node/442569612,6687
osm:node/442570132,6688
osm:node/442571315,6689
osm:node/442571782,6690
osm:node/442573169,6691
osm:node/442573493,6692
osm:node/442579134,6693
osm:node/442579784,6694
osm:node/442585871,6695
osm:node/442586670,6696
osm:node/442587345,6697
osm:node/442587405,6698
osm:node/442588977,6699
osm:node/442588993,6700
osm:node/442715461,6701
osm:node/442963335,6702
osm:node/442972880,6703
osm:node/442972884,6704
osm:node/442972885,6705
osm:node/442972887,6706
osm:node/442981695,6707
osm:node/442981702,6708
osm:node/442981719,6709
osm:node/442981725,6710
osm:node/442981736,6711
osm:node/442981741,6712
osm:node/442997731,6713
osm:node/442997737,6714
osm:node/442997817,6715
osm:node/442997840,6716
osm:node/442997852,6717
osm:node/443013016,6718
osm:node/443013020,6719
osm:node/443013028,6720
osm:node/443025460,6721
osm:node/443025463,6722
osm:node/443025467,6723
osm:node/443025470,6724
osm:node/443025473,6725
osm:node/443025483,6726
osm:node/443025490,6727
osm:node/443216730,6728
osm:node/443216739,6729
osm:node/443221943,6730
osm:node/443503611,6731
osm:node/443503613,6732
osm:node/443503615,6733
osm:node/444247110,6734
osm:node/444884075,6735
osm:node/448748498,6736
osm:node/448887987,6737
osm:node/448897302,6738
osm:node/449210154,6739
osm:node/450170234,6740
osm:node/450174393,6741
osm:node/451617621,6742
osm:node/451617628,6743
osm:node/451631513,6744
osm:node/451731690,6745
osm:node/452422529,6746
osm:node/452658942,6747
osm:node/456408025,6748
osm:node/456408034,6749
osm:node/456420667,6750
osm:node/457117732,6751
osm:node/457217069,6752
osm:node/457217761,6753
osm:node/457256038,6754
osm:node/457260720,6755
osm:node/457352899,6756
osm:node/457352904,6757
osm:node/457352905,6758
osm:node/458747386,6759
osm:node/463862679,6760
osm:node/469485014,6761
osm:node/470017960,6762
osm:node/470324872,6763
osm:node/470624579,6764
osm:node/471025098,6765
osm:node/471037178,6766
osm:node/471045128,6767
osm:node/471545864,6768
osm:node/471546666,6769
osm:node/474953068,6770
osm:node/475197374,6771
osm:node/476340834,6772
osm:node/476441840,6773
osm:node/476609598,6774
osm:node/477197219,6775
osm:node/477233994,6776
osm:node/477364149,6777
osm:node/478688452,6778
osm:node/478701714,6779
osm:node/478814056,6780
osm:node/478814058,6781
osm:node/478814062,6782
osm:node/478887917,6783
osm:node/478887930,6784
osm:node/478928080,6785
osm:node/479988405,6786
osm:node/482820116,6787
osm:node/483195713,6788
osm:node/491481641,6789
osm:node/491481648,6790
osm:node/492537190,6791
osm:node/495320725,6792
osm:node/495681249,6793
osm:node/497126272,6794
osm:node/499643069,6795
osm:node/512411257,6796
osm:node/512456917,6797
osm:node/518666024,6798
osm:node/518666043,6799
osm:node/520277930,6800
osm:node/521346501,6801
osm:node/524581338,6802
osm:node/524673105,6803
osm:node/526684626,6804
osm:node/526684628,6805
osm:node/526701250,6806
osm:node/527555412,6807
osm:node/527555429,6808
osm:node/527555451,6809
osm:node/527555531,6810
osm:node/530867127,6811
osm:node/538383574,6812
osm:node/539048655,6813
osm:node/539455727,6814
osm:node/539466664,6815
osm:node/539649025,6816
osm:node/540677157,6817
osm:node/541587670,6818
osm:node/543402668,6819
osm:node/549357083,6820
osm:node/549357084,6821
osm:node/549357085,6822
osm:node/557985692,6823
osm:node/558617172,6824
osm:node/558703592,6825
osm:node/560858180,6826
osm:node/561058334,6827
osm:node/561197349,6828
osm:node/561323738,6829
osm:node/563271467,6830
osm:node/563271468,6831
osm:node/563271473,6832
osm:node/563271476,6833
osm:node/564153820,6834
osm:node/566452294,6835
osm:node/566660659,6836
osm:node/566660717,6837
osm:node/566660740,6838
osm:node/566660742,6839
osm:node/566660785,6840
osm:node/566991847,6841
osm:node/566992020,6842
osm:node/566992033,6843
osm:node/567053680,6844
osm:node/567053686,6845
osm:node/567059350,6846
osm:node/567066325,6847
osm:node/567066360,6848
osm:node/567070930,6849
osm:node/567070957,6850
osm:node/567077591,6851
osm:node/567084187,6852
osm:node/567084249,6853
osm:node/567096858,6854
osm:node/567096861,6855
osm:node/567097850,6856
osm:node/567097871,6857
osm:node/567104171,6858
osm:node/567332964,6859
osm:node/568068784,6860
osm:node/568494734,6861
osm:node/570203038,6862
osm:node/571651943,6863
osm:node/571786498,6864
osm:node/571913355,6865
osm:node/577545200,6866
osm:node/581027412,6867
osm:node/582370267,6868
osm:node/582575376,6869
osm:node/583229905,6870
osm:node/583236351,6871
osm:node/587006002,6872
osm:node/588084968,6873
osm:node/598633997,6874
osm:node/598634155,6875
osm:node/598635594,6876
osm:node/599189787,6877
osm:node/600318645,6878
osm:node/600706376,6879
osm:node/600708082,6880
osm:node/600710635,6881
osm:node/600711084,6882
osm:node/600714231,6883
osm:node/600717331,6884
osm:node/600720878,6885
osm:node/600938801,6886
osm:node/601411472,6887
osm:node/601411477,6888
osm:node/601412786,6889
osm:node/605216835,6890
osm:node/611890965,6891
osm:node/611890966,6892
osm:node/618284053,6893
osm:node/618284057,6894
osm:node/618377108,6895
osm:node/618477202,6896
osm:node/619517317,6897
osm:node/619522966,6898
osm:node/619522967,6899
osm:node/620848232,6900
osm:node/621953646,6901
osm:node/628757252,6902
osm:node/631489469,6903
osm:node/631533980,6904
osm:node/631852939,6905
osm:node/634327154,6906
osm:node/636106660,6907
osm:node/637647122,6908
osm:node/637647125,6909
osm:node/637647128,6910
osm:node/637819745,6911
osm:node/637820915,6912
osm:node/637822653,6913
osm:node/637823444,6914
osm:node/637825905,6915
osm:node/653112532,6916
osm:node/656294836,6917
osm:node/659823599,6918
osm:node/660130435,6919
osm:node/661599772,6920
osm:node/661599784,6921
osm:node/668640708,6922
osm:node/671352043,6923
osm:node/671352056,6924
osm:node/672213953,6925
osm:node/672213954,6926
osm:node/672213955,6927
osm:node/672213956,6928
osm:node/672213957,6929
osm:node/672213960,6930
osm:node/672213961,6931
osm:node/672213962,6932
osm:node/672222034,6933
osm:node/672222106,6934
osm:node/672222121,6935
osm:node/674930703,6936
osm:node/675546635,6937
osm:node/677560320,6938
osm:node/677560332,6939
osm:node/677560337,6940
osm:node/678972405,6941
osm:node/679652173,6942
osm:node/683569941,6943
osm:node/683569946,6944
osm:node/685160110,6945
osm:node/687758947,6946
osm:node/693438046,6947
osm:node/694078151,6948
osm:node/696546390,6949
osm:node/696546391,6950
osm:node/696546392,6951
osm:node/696747465,6952
osm:node/699688591,6953
osm:node/701019028,6954
osm:node/701320966,6955
osm:node/701332160,6956
osm:node/702453489,6957
osm:node/710536919,6958
osm:node/710536920,6959
osm:node/719147734,6960
osm:node/727633539,6961
osm:node/727641972,6962
osm:node/728538341,6963
osm:node/738034317,6964
osm:node/746332341,6965
osm:node/761175368,6966
osm:node/761213100,6967
osm:node/761218853,6968
osm:node/766034545,6969
osm:node/766879983,6970
osm:node/766879987,6971
osm:node/766880008,6972
osm:node/766880019,6973
osm:node/767358619,6974
osm:node/767358625,6975
osm:node/767358632,6976
osm:node/767358656,6977
osm:node/767384563,6978
osm:node/768480198,6979
osm:node/772126266,6980
osm:node/773401132,6981
osm:node/775798714,6982
osm:node/794570859,6983
osm:node/794570861,6984
osm:node/794570886,6985
osm:node/799513821,6986
osm:node/801005233,6987
osm:node/802389619,6988
osm:node/805972617,6989
osm:node/807099498,6990
osm:node/807251283,6991
osm:node/807587684,6992
osm:node/808478292,6993
osm:node/808478325,6994
osm:node/808610315,6995
osm:node/808610393,6996
osm:node/808734710,6997
osm:node/808734749,6998
osm:node/808734760,6999
osm:node/809561675,7000
osm:node/809580005,7001
osm:node/810229242,7002
osm:node/810229820,7003
osm:node/810356720,7004
osm:node/810356761,7005
osm:node/810608203,7006
osm:node/813542571,7007
osm:node/814103864,7008
osm:node/815228846,7009
osm:node/815910747,7010
osm:node/817436691,7011
osm:node/821210016,7012
osm:node/821210018,7013
osm:node/822797021,7014
osm:node/824076169,7015
osm:node/824832612,7016
osm:node/828027113,7017
osm:node/828037635,7018
osm:node/830645042,7019
osm:node/830645055,7020
osm:node/835284255,7021
osm:node/836251309,7022
osm:node/836868334,7023
osm:node/839356635,7024
osm:node/839473189,7025
osm:node/840690636,7026
osm:node/843188907,7027
osm:node/843363509,7028
osm:node/844543582,7029
osm:node/844544378,7030
osm:node/845973629,7031
osm:node/847071492,7032
osm:node/848000061,7033
osm:node/848109557,7034
osm:node/848217223,7035
osm:node/848248678,7036
osm:node/854902860,7037
osm:node/867428501,7038
osm:node/870980192,7039
osm:node/871777982,7040
osm:node/871777995,7041
osm:node/871778002,7042
osm:node/872404403,7043
osm:node/872404421,7044
osm:node/874117230,7045
osm:node/893028434,7046
osm:node/893324046,7047
osm:node/893918475,7048
osm:node/894087114,7049
osm:node/894087120,7050
osm:node/895302724,7051
osm:node/896492823,7052
osm:node/897441890,7053
osm:node/897648009,7054
osm:node/899114348,7055
osm:node/901058081,7056
osm:node/901058104,7057
osm:node/901058136,7058
osm:node/901058189,7059
osm:node/901058218,7060
osm:node/901058229,7061
osm:node/901058296,7062
osm:node/901058327,7063
osm:node/902496915,7064
osm:node/902496928,7065
osm:node/902496930,7066
osm:node/902496931,7067
osm:node/902496936,7068
osm:node/902496940,7069
osm:node/902496942,7070
osm:node/904303308,7071
osm:node/905829638,7072
osm:node/906476408,7073
osm:node/906476449,7074
osm:node/906476541,7075
osm:node/912021095,7076
osm:node/913272967,7077
osm:node/913963125,7078
osm:node/913963143,7079
osm:node/914767733,7080
osm:node/915174265,7081
osm:node/915174270,7082
osm:node/915174274,7083
osm:node/915644331,7084
osm:node/915964012,7085
osm:node/915964024,7086
osm:node/915964052,7087
osm:node/916277771,7088
osm:node/916277781,7089
osm:node/919481751,7090
osm:node/920427496,7091
osm:node/920740479,7092
osm:node/921126754,7093
osm:node/921126802,7094
osm:node/921127554,7095
osm:node/921348845,7096
osm:node/922054634,7097
osm:node/922847980,7098
osm:node/923938958,7099
osm:node/923938959,7100
osm:node/923938964,7101
osm:node/924763158,7102
osm:node/926621132,7103
osm:node/927883779,7104
osm:node/928313174,7105
osm:node/928623392,7106
osm:node/929228045,7107
osm:node/929515605,7108
osm:node/930439503,7109
osm:node/931460381,7110
osm:node/935989106,7111
osm:node/941388867,7112
osm:node/944529379,7113
osm:node/945128195,7114
osm:node/945128197,7115
osm:node/947077611,7116
osm:node/947077620,7117
osm:node/948326965,7118
osm:node/948329570,7119
osm:node/948339782,7120
osm:node/948462336,7121
osm:node/948462380,7122
osm:node/948462441,7123
osm:node/948462468,7124
osm:node/948462504,7125
osm:node/948462526,7126
osm:node/948462584,7127
osm:node/948703166,7128
osm:node/948703255,7129
osm:node/950535972,7130
osm:node/950536072,7131
osm:node/954998679,7132
osm:node/956080252,7133
osm:node/956080279,7134
osm:node/956080337,7135
osm:node/956080359,7136
osm:node/956080362,7137
osm:node/956080380,7138
osm:node/956159131,7139
osm:node/956159141,7140
osm:node/956159161,7141
osm:node/956159179,7142
osm:node/956159191,7143
osm:node/956159203,7144
osm:node/956159205,7145
osm:node/956159222,7146
osm:node/956159223,7147
osm:node/956159244,7148
osm:node/956430037,7149
osm:node/956430055,7150
osm:node/956430057,7151
osm:node/956430067,7152
osm:node/956430106,7153
osm:node/956430111,7154
osm:node/956430114,7155
osm:node/956430117,7156
osm:node/956430121,7157
osm:node/956430126,7158
osm:node/956430135,7159
osm:node/956430137,7160
osm:node/956430160,7161
osm:node/956430162,7162
osm:node/956432196,7163
osm:node/956432227,7164
osm:node/957695876,7165
osm:node/957695888,7166
osm:node/957695900,7167
osm:node/957695903,7168
osm:node/957695904,7169
osm:node/960200368,7170
osm:node/964363605,7171
osm:node/964884519,7172
osm:node/967784700,7173
osm:node/970182177,7174
osm:node/974112051,7175
osm:node/982838162,7176
osm:node/991076841,7177
osm:node/991972892,7178
osm:node/991984348,7179
osm:node/999259356,7180
osm:node/1005962562,7181
osm:node/1009032977,7182
osm:node/1016849141,7183
osm:node/1021979986,7184
osm:node/1021980006,7185
osm:node/1021980072,7186
osm:node/1022111986,7187
osm:node/1022767615,7188
osm:node/1031098737,7189
osm:node/1033377457,7190
osm:node/1039767505,7191
osm:node/1057637970,7192
osm:node/1066143899,7193
osm:node/1068145208,7194
osm:node/1068145293,7195
osm:node/1086064568,7196
osm:node/1091505630,7197
osm:node/1092841007,7198
osm:node/1107533195,7199
osm:node/1110205284,7200
osm:node/1110205293,7201
osm:node/1110205298,7202
osm:node/1110205309,7203
osm:node/1129258020,7204
osm:node/1134036839,7205
osm:node/1134036840,7206
osm:node/1134036861,7207
osm:node/1134036883,7208
osm:node/1134036889,7209
osm:node/1134036920,7210
osm:node/1145179257,7211
osm:node/1145179280,7212
osm:node/1147794105,7213
osm:node/1151244728,7214
osm:node/1152590804,7215
osm:node/1153799327,7216
osm:node/1157535963,7217
osm:node/1158033019,7218
osm:node/1158298730,7219
osm:node/1161707075,7220
osm:node/1164070449,7221
osm:node/1164180180,7222
osm:node/1166254288,7223
osm:node/1166288442,7224
osm:node/1166289576,7225
osm:node/1166290169,7226
osm:node/1166298735,7227
osm:node/1166298739,7228
osm:node/1166326783,7229
osm:node/1166326830,7230
osm:node/1166347417,7231
osm:node/1166348216,7232
osm:node/1166348323,7233
osm:node/1166812231,7234
osm:node/1167293625,7235
osm:node/1167791096,7236
osm:node/1167791100,7237
osm:node/1167860822,7238
osm:node/1168873317,7239
osm:node/1168880076,7240
osm:node/1168880091,7241
osm:node/1168924767,7242
osm:node/1177170464,7243
osm:node/1179555826,7244
osm:node/1184383558,7245
osm:node/1187363211,7246
osm:node/1188876218,7247
osm:node/1192826640,7248
osm:node/1193859571,7249
osm:node/1197118814,7250
osm:node/1202223902,7251
osm:node/1202227684,7252
osm:node/1203033837,7253
osm:node/1203034330,7254
osm:node/1203035338,7255
osm:node/1204182801,7256
osm:node/1205073869,7257
osm:node/1205089151,7258
osm:node/1207358918,7259
osm:node/1209007877,7260
osm:node/1209065429,7261
osm:node/1209065582,7262
osm:node/1210626716,7263
osm:node/1210626722,7264
osm:node/1210641219,7265
osm:node/1210650748,7266
osm:node/1210661838,7267
osm:node/1210661841,7268
osm:node/1210670878,7269
osm:node/1210670886,7270
osm:node/1210670891,7271
osm:node/1210688188,7272
osm:node/1210688189,7273
osm:node/1210688190,7274
osm:node/1216175877,7275
osm:node/1230571037,7276
osm:node/1233024762,7277
osm:node/1233106567,7278
osm:node/1234580663,7279
osm:node/1236956603,7280
osm:node/1244340110,7281
osm:node/1246635330,7282
osm:node/1246877416,7283
osm:node/1253252236,7284
osm:node/1254416769,7285
osm:node/1254430797,7286
osm:node/1256323512,7287
osm:node/1260488291,7288
osm:node/1261426826,7289
osm:node/1262117387,7290
osm:node/1270968321,7291
osm:node/1272830638,7292
osm:node/1273226271,7293
osm:node/1290993459,7294
osm:node/1291414393,7295
osm:node/1296271588,7296
osm:node/1296648341,7297
osm:node/1298221010,7298
osm:node/1298400884,7299
osm:node/1300145999,7300
osm:node/1301361977,7301
osm:node/1301361978,7302
osm:node/1301361979,7303
osm:node/1306060246,7304
osm:node/1306060283,7305
osm:node/1306459053,7306
osm:node/1307579567,7307
osm:node/1307591888,7308
osm:node/1308569909,7309
osm:node/1308579742,7310
osm:node/1308610739,7311
osm:node/1308621529,7312
osm:node/1308636116,7313
osm:node/1308639755,7314
osm:node/1308644177,7315
osm:node/1308646939,7316
osm:node/1308654562,7317
osm:node/1308661139,7318
osm:node/1308665381,7319
osm:node/1308667841,7320
osm:node/1308669727,7321
osm:node/1311610871,7322
osm:node/1312933786,7323
osm:node/1314636916,7324
osm:node/1316674199,7325
osm:node/1316674534,7326
osm:node/1319197250,7327
osm:node/1324804238,7328
osm:node/1325455101,7329
osm:node/1328817418,7330
osm:node/1335933200,7331
osm:node/1336944983,7332
osm:node/1346775395,7333
osm:node/1350366989,7334
osm:node/1354675459,7335
osm:node/1358151190,7336
osm:node/1360128748,7337
osm:node/1361170894,7338
osm:node/1361647973,7339
osm:node/1362013365,7340
osm:node/1362442780,7341
osm:node/1362500391,7342
osm:node/1362753598,7343
osm:node/1363081487,7344
osm:node/1363106445,7345
osm:node/1363127131,7346
osm:node/1363127138,7347
osm:node/1363142268,7348
osm:node/1363142293,7349
osm:node/1363149562,7350
osm:node/1363149567,7351
osm:node/1363149900,7352
osm:node/1363294980,7353
osm:node/1363354897,7354
osm:node/1363354902,7355
osm:node/1363651570,7356
osm:node/1363769637,7357
osm:node/1365158973,7358
osm:node/1365266760,7359
osm:node/1365685409,7360
osm:node/1365701429,7361
osm:node/1365701433,7362
osm:node/1366488393,7363
osm:node/1366570684,7364
osm:node/1366570922,7365
osm:node/1369273276,7366
osm:node/1370226152,7367
osm:node/1370932236,7368
osm:node/1371534685,7369
osm:node/1372365496,7370
osm:node/1373994681,7371
osm:node/1375290499,7372
osm:node/1375294851,7373
osm:node/1377399037,7374
osm:node/1377593235,7375
osm:node/1377593241,7376
osm:node/1377764088,7377
osm:node/1379024969,7378
osm:node/1379929310,7379
osm:node/1379945682,7380
osm:node/1381006446,7381
osm:node/1382931199,7382
osm:node/1382931200,7383
osm:node/1386222423,7384
osm:node/1387363918,7385
osm:node/1387495310,7386
osm:node/1401845624,7387
osm:node/1401845637,7388
osm:node/1402225026,7389
osm:node/1403934330,7390
osm:node/1404600363,7391
osm:node/1404785572,7392
osm:node/1410412702,7393
osm:node/1410806531,7394
osm:node/1411814679,7395
osm:node/1415830157,7396
osm:node/1416644636,7397
osm:node/1416644640,7398
osm:node/1418445193,7399
osm:node/1418445194,7400
osm:node/1426806930,7401
osm:node/1426907535,7402
osm:node/1427842866,7403
osm:node/1434173355,7404
osm:node/1434634576,7405
osm:node/1436309738,7406
osm:node/1436669612,7407
osm:node/1437849602,7408
osm:node/1437849747,7409
osm:node/1438194247,7410
osm:node/1438248421,7411
osm:node/1438259632,7412
osm:node/1438264958,7413
osm:node/1438264983,7414
osm:node/1438302100,7415
osm:node/1438302115,7416
osm:node/1438302120,7417
osm:node/1438788580,7418
osm:node/1438788587,7419
osm:node/1438797384,7420
osm:node/1439050075,7421
osm:node/1439050104,7422
osm:node/1439050120,7423
osm:node/1439051816,7424
osm:node/1439055398,7425
osm:node/1439055403,7426
osm:node/1439056558,7427
osm:node/1439056886,7428
osm:node/1439059737,7429
osm:node/1439059748,7430
osm:node/1439059750,7431
osm:node/1439061843,7432
osm:node/1439061857,7433
osm:node/1439062276,7434
osm:node/1439063863,7435
osm:node/1439067235,7436
osm:node/1439072542,7437
osm:node/1439072547,7438
osm:node/1439072551,7439
osm:node/1439072552,7440
osm:node/1439072553,7441
osm:node/1439072561,7442
osm:node/1439072572,7443
osm:node/1439072576,7444
osm:node/1439073883,7445
osm:node/1439076633,7446
osm:node/1439085877,7447
osm:node/1439091553,7448
osm:node/1439091557,7449
osm:node/1439091563,7450
osm:node/1439094432,7451
osm:node/1439094454,7452
osm:node/1439094467,7453
osm:node/1442012590,7454
osm:node/1442012594,7455
osm:node/1442012604,7456
osm:node/1442012610,7457
osm:node/1443475427,7458
osm:node/1444705270,7459
osm:node/1444934773,7460
osm:node/1444934775,7461
osm:node/1444934777,7462
osm:node/1444937916,7463
osm:node/1444945527,7464
osm:node/1444968956,7465
osm:node/1444974645,7466
osm:node/1445235611,7467
osm:node/1453831920,7468
osm:node/1454374331,7469
osm:node/1460958327,7470
osm:node/1460959562,7471
osm:node/1460969654,7472
osm:node/1461610055,7473
osm:node/1462379305,7474
osm:node/1463810528,7475
osm:node/1465942356,7476
osm:node/1466949135,7477
osm:node/1466973182,7478
osm:node/1466973196,7479
osm:node/1466988203,7480
osm:node/1467003732,7481
osm:node/1467014731,7482
osm:node/1467021041,7483
osm:node/1467021156,7484
osm:node/1467022523,7485
osm:node/1467023428,7486
osm:node/1467029619,7487
osm:node/1467040036,7488
osm:node/1467057154,7489
osm:node/1467062621,7490
osm:node/1467082785,7491
osm:node/1467082800,7492
osm:node/1467109667,7493
osm:node/1467120687,7494
osm:node/1467125788,7495
osm:node/1467125803,7496
osm:node/1467126314,7497
osm:node/1467144768,7498
osm:node/1467144770,7499
osm:node/1467144790,7500
osm:node/1467144791,7501
osm:node/1467153076,7502
osm:node/1467159929,7503
osm:node/1467159939,7504
osm:node/1467161749,7505
osm:node/1467161829,7506
osm:node/1467161922,7507
osm:node/1467165240,7508
osm:node/1467168557,7509
osm:node/1467188110,7510
osm:node/1467189828,7511
osm:node/1467216634,7512
osm:node/1467231064,7513
osm:node/1467235328,7514
osm:node/1467240380,7515
osm:node/1467262888,7516
osm:node/1467267651,7517
osm:node/1467267659,7518
osm:node/1467267709,7519
osm:node/1467267738,7520
osm:node/1467267761,7521
osm:node/1467267781,7522
osm:node/1467287774,7523
osm:node/1467290048,7524
osm:node/1467290073,7525
osm:node/1467290088,7526
osm:node/1467300168,7527
osm:node/1467300181,7528
osm:node/1467300183,7529
osm:node/1467319602,7530
osm:node/1467319604,7531
osm:node/1467319608,7532
osm:node/1467334210,7533
osm:node/1467593683,7534
osm:node/1467593688,7535
osm:node/1467593716,7536
osm:node/1467861644,7537
osm:node/1467894782,7538
osm:node/1468212155,7539
osm:node/1478830911,7540
osm:node/1483321286,7541
osm:node/1485601687,7542
osm:node/1488907662,7543
osm:node/1488907664,7544
osm:node/1493386081,7545
osm:node/1501971038,7546
osm:node/1501971050,7547
osm:node/1502257454,7548
osm:node/1510779819,7549
osm:node/1513237751,7550
osm:node/1524647218,7551
osm:node/1528767301,7552
osm:node/1529813520,7553
osm:node/1530271340,7554
osm:node/1532450178,7555
osm:node/1532450179,7556
osm:node/1534768208,7557
osm:node/1537466252,7558
osm:node/1537466286,7559
osm:node/1539804821,7560
osm:node/1540097806,7561
osm:node/1540316378,7562
osm:node/1540642339,7563
osm:node/1540721019,7564
osm:node/1541442086,7565
osm:node/1541917300,7566
osm:node/1544599580,7567
osm:node/1544700297,7568
osm:node/1546312206,7569
osm:node/1563596967,7570
osm:node/1566503977,7571
osm:node/1567079290,7572
osm:node/1569606743,7573
osm:node/1570195661,7574
osm:node/1570780361,7575
osm:node/1574480092,7576
osm:node/1575202605,7577
osm:node/1579075244,7578
osm:node/1579545496,7579
osm:node/1580828927,7580
osm:node/1581962292,7581
osm:node/1581962319,7582
osm:node/1582938697,7583
osm:node/1588468283,7584
osm:node/1589577034,7585
osm:node/1589577118,7586
osm:node/1590144633,7587
osm:node/1590146558,7588
osm:node/1590153702,7589
osm:node/1591079266,7590
osm:node/1591079269,7591
osm:node/1591079293,7592
osm:node/1591079404,7593
osm:node/1591079431,7594
osm:node/1591079460,7595
osm:node/1591079464,7596
osm:node/1591079494,7597
osm:node/1591079504,7598
osm:node/1600335827,7599
osm:node/1600450972,7600
osm:node/1600655313,7601
osm:node/1600941680,7602
osm:node/1602786854,7603
osm:node/1605805453,7604
osm:node/1607582232,7605
osm:node/1610928010,7606
osm:node/1611649455,7607
osm:node/1618097104,7608
osm:node/1622870691,7609
osm:node/1630381889,7610
osm:node/1631228602,7611
osm:node/1633119234,7612
osm:node/1633245791,7613
osm:node/1636691493,7614
osm:node/1640415242,7615
osm:node/1640430322,7616
osm:node/1640437064,7617
osm:node/1644772793,7618
osm:node/1645554194,7619
osm:node/1645992984,7620
osm:node/1652609623,7621
osm:node/1654459048,7622
osm:node/1660019809,7623
osm:node/1660747765,7624
osm:node/1660988911,7625
osm:node/1660997102,7626
osm:node/1665276227,7627
osm:node/1665339980,7628
osm:node/1672651160,7629
osm:node/1672651270,7630
osm:node/1672651272,7631
osm:node/1672773326,7632
osm:node/1673916014,7633
osm:node/1674378721,7634
osm:node/1674782673,7635
osm:node/1676767979,7636
osm:node/1676767990,7637
osm:node/1676767994,7638
osm:node/1677422658,7639
osm:node/1677422672,7640
osm:node/1677422681,7641
osm:node/1677422686,7642
osm:node/1677422835,7643
osm:node/1677422841,7644
osm:node/1678557781,7645
osm:node/1681809929,7646
osm:node/1686473987,7647
osm:node/1687549592,7648
osm:node/1687584191,7649
osm:node/1687584254,7650
osm:node/1687584257,7651
osm:node/1687584258,7652
osm:node/1687584262,7653
osm:node/1687765923,7654
osm:node/1687766020,7655
osm:node/1687766029,7656
osm:node/1691023550,7657
osm:node/1691939108,7658
osm:node/1691943627,7659
osm:node/1692181439,7660
osm:node/1692181459,7661
osm:node/1692181465,7662
osm:node/1692237517,7663
osm:node/1693452987,7664
osm:node/1693846778,7665
osm:node/1693846779,7666
osm:node/1693847053,7667
osm:node/1694921158,7668
osm:node/1699092262,7669
osm:node/1699092263,7670
osm:node/1701309592,7671
osm:node/1701363936,7672
osm:node/1701681976,7673
osm:node/1702621451,7674
osm:node/1704847241,7675
osm:node/1706078282,7676
osm:node/1707142906,7677
osm:node/1707143148,7678
osm:node/1707193972,7679
osm:node/1707194114,7680
osm:node/1707194157,7681
osm:node/1708782898,7682
osm:node/1708782952,7683
osm:node/1708783902,7684
osm:node/1708783922,7685
osm:node/1708784070,7686
osm:node/1709195189,7687
osm:node/1711057804,7688
osm:node/1712386685,7689
osm:node/1712390347,7690
osm:node/1712432489,7691
osm:node/1712669888,7692
osm:node/1713578015,7693
osm:node/1714758486,7694
osm:node/1715099734,7695
osm:node/1715947090,7696
osm:node/1717868121,7697
osm:node/1717868124,7698
osm:node/1717868160,7699
osm:node/1717868163,7700
osm:node/1717868175,7701
osm:node/1717868177,7702
osm:node/1722195549,7703
osm:node/1722364856,7704
osm:node/1722364857,7705
osm:node/1723344702,7706
osm:node/1723347943,7707
osm:node/1723348144,7708
osm:node/1723353210,7709
osm:node/1725614090,7710
osm:node/1725802127,7711
osm:node/1727153402,7712
osm:node/1729158193,7713
osm:node/1729254629,7714
osm:node/1729255371,7715
osm:node/1729271333,7716
osm:node/1730509422,7717
osm:node/1730779756,7718
osm:node/1730938065,7719
osm:node/1731090910,7720
osm:node/1731973535,7721
osm:node/1732209431,7722
osm:node/1732241000,7723
osm:node/1732434815,7724
osm:node/1735850636,7725
osm:node/1737484242,7726
osm:node/1737968232,7727
osm:node/1740259398,7728
osm:node/1740400579,7729
osm:node/1742005509,7730
osm:node/1742005517,7731
osm:node/1744229463,7732
osm:node/1744229465,7733
osm:node/1744315076,7734
osm:node/1747565716,7735
osm:node/1747954641,7736
osm:node/1751349362,7737
osm:node/1752561673,7738
osm:node/1752595009,7739
osm:node/1756173656,7740
osm:node/1756230554,7741
osm:node/1756232675,7742
osm:node/1756236408,7743
osm:node/1756941534,7744
osm:node/1760411638,7745
osm:node/1764201661,7746
osm:node/1764202761,7747
osm:node/1764647426,7748
osm:node/1768540891,7749
osm:node/1769270744,7750
osm:node/1770421165,7751
osm:node/1770649858,7752
osm:node/1772827351,7753
osm:node/1775070493,7754
osm:node/1776090872,7755
osm:node/1777315906,7756
osm:node/1777750875,7757
osm:node/1779421262,7758
osm:node/1779797396,7759
osm:node/1779797728,7760
osm:node/1779797906,7761
osm:node/1779876734,7762
osm:node/1780408812,7763
osm:node/1781924195,7764
osm:node/1784481906,7765
osm:node/1784800698,7766
osm:node/1785276847,7767
osm:node/1785315520,7768
osm:node/1786176042,7769
osm:node/1787153982,7770
osm:node/1787190255,7771
osm:node/1797074397,7772
osm:node/1801683335,7773
osm:node/1802230473,7774
osm:node/1802230474,7775
osm:node/1802230476,7776
osm:node/1802230478,7777
osm:node/1802230509,7778
osm:node/1802230566,7779
osm:node/1802230619,7780
osm:node/1802230856,7781
osm:node/1804294334,7782
osm:node/1807906083,7783
osm:node/1812917808,7784
osm:node/1819239795,7785
osm:node/1819242096,7786
osm:node/1819267835,7787
osm:node/1822711264,7788
osm:node/1822949326,7789
osm:node/1825516561,7790
osm:node/1825516566,7791
osm:node/1825985207,7792
osm:node/1826262496,7793
osm:node/1832531890,7794
osm:node/1835534618,7795
osm:node/1836979093,7796
osm:node/1836989583,7797
osm:node/1838694688,7798
osm:node/1841473771,7799
osm:node/1841533958,7800
osm:node/1841540786,7801
osm:node/1841605260,7802
osm:node/1841904079,7803
osm:node/1842335430,7804
osm:node/1845377380,7805
osm:node/1846909723,7806
osm:node/1849426225,7807
osm:node/1852952105,7808
osm:node/1852952316,7809
osm:node/1853441231,7810
osm:node/1853444670,7811
osm:node/1863241458,7812
osm:node/1873911446,7813
osm:node/1874061405,7814
osm:node/1874254578,7815
osm:node/1874547068,7816
osm:node/1874547069,7817
osm:node/1880692099,7818
osm:node/1881195202,7819
osm:node/1881666783,7820
osm:node/1884703785,7821
osm:node/1886348004,7822
osm:node/1888701033,7823
osm:node/1888730233,7824
osm:node/1888793839,7825
osm:node/1889771200,7826
osm:node/1894132484,7827
osm:node/1894439571,7828
osm:node/1894638487,7829
osm:node/1894707699,7830
osm:node/1896102096,7831
osm:node/1896102128,7832
osm:node/1896113645,7833
osm:node/1896117010,7834
osm:node/1903094531,7835
osm:node/1903909191,7836
osm:node/1906553709,7837
osm:node/1907118691,7838
osm:node/1910748622,7839
osm:node/1912003408,7840
osm:node/1912668920,7841
osm:node/1913129892,7842
osm:node/1913342055,7843
osm:node/1913963706,7844
osm:node/1916813668,7845
osm:node/1917166455,7846
osm:node/1918765993,7847
osm:node/1919079477,7848
osm:node/1921567509,7849
osm:node/1921851321,7850
osm:node/1924276045,7851
osm:node/1927759612,7852
osm:node/1930466965,7853
osm:node/1930467033,7854
osm:node/1932222464,7855
osm:node/1935447984,7856
osm:node/1936025717,7857
osm:node/1939416291,7858
osm:node/1942541015,7859
osm:node/1943204056,7860
osm:node/1943950910,7861
osm:node/1944670145,7862
osm:node/1944670150,7863
osm:node/1944671022,7864
osm:node/1944671128,7865
osm:node/1949307283,7866
osm:node/1949307287,7867
osm:node/1949307300,7868
osm:node/1949363099,7869
osm:node/1949411509,7870
osm:node/1949411512,7871
osm:node/1949419327,7872
osm:node/1949586786,7873
osm:node/1952352277,7874
osm:node/1954554302,7875
osm:node/1954556171,7876
osm:node/1954568017,7877
osm:node/1955278832,7878
osm:node/1960941676,7879
osm:node/1964987346,7880
osm:node/1965010055,7881
osm:node/1965017666,7882
osm:node/1968774256,7883
osm:node/1968774258,7884
osm:node/1968846330,7885
osm:node/1969901966,7886
osm:node/1969920409,7887
osm:node/1970228875,7888
osm:node/1970390505,7889
osm:node/1972128409,7890
osm:node/1972146224,7891
osm:node/1972229601,7892
osm:node/1973677637,7893
osm:node/1973833050,7894
osm:node/1976676038,7895
osm:node/1978310266,7896
osm:node/1988328669,7897
osm:node/1991433140,7898
osm:node/1992827875,7899
osm:node/1993134070,7900
osm:node/1994306605,7901
osm:node/1994360254,7902
osm:node/1994364880,7903
osm:node/1994505302,7904
osm:node/1996706550,7905
osm:node/2000560985,7906
osm:node/2004973987,7907
osm:node/2005150064,7908
osm:node/2010396616,7909
osm:node/2012079013,7910
osm:node/2012081578,7911
osm:node/2016344840,7912
osm:node/2018938803,7913
osm:node/2020225668,7914
osm:node/2020225680,7915
osm:node/2040313938,7916
osm:node/2047691655,7917
osm:node/2048179815,7918
osm:node/2048199383,7919
osm:node/2048616571,7920
osm:node/2048616583,7921
osm:node/2052777619,7922
osm:node/2054130864,7923
osm:node/2054289405,7924
osm:node/2054759016,7925
osm:node/2057743982,7926
osm:node/2057899567,7927
osm:node/2062018766,7928
osm:node/2068070718,7929
osm:node/2076221292,7930
osm:node/2076299367,7931
osm:node/2076303268,7932
osm:node/2077922997,7933
osm:node/2080997789,7934
osm:node/2083297605,7935
osm:node/2083468740,7936
osm:node/2086495843,7937
osm:node/2086495846,7938
osm:node/2088379467,7939
osm:node/2088379468,7940
osm:node/2090010631,7941
osm:node/2096142609,7942
osm:node/2096210307,7943
osm:node/2096231625,7944
osm:node/2096231629,7945
osm:node/2098809987,7946
osm:node/2103427100,7947
osm:node/2107053284,7948
osm:node/2111217142,7949
osm:node/2111217148,7950
osm:node/2111217159,7951
osm:node/2113423706,7952
osm:node/2113476871,7953
osm:node/2113486562,7954
osm:node/2113489038,7955
osm:node/2115590614,7956
osm:node/2122487551,7957
osm:node/2124106507,7958
osm:node/2127332398,7959
osm:node/2129501690,7960
osm:node/2130927417,7961
osm:node/2133047687,7962
osm:node/2137681437,7963
osm:node/2137688161,7964
osm:node/2139290505,7965
osm:node/2141521287,7966
osm:node/2141984084,7967
osm:node/2144683042,7968
osm:node/2145110892,7969
osm:node/2146196525,7970
osm:node/2151815684,7971
osm:node/2152354102,7972
osm:node/2152354132,7973
osm:node/2154656748,7974
osm:node/2155225619,7975
osm:node/2156238185,7976
osm:node/2158088050,7977
osm:node/2159504854,7978
osm:node/2159506008,7979
osm:node/2159510875,7980
osm:node/2159511715,7981
osm:node/2162384112,7982
osm:node/2163639084,7983
osm:node/2164244743,7984
osm:node/2166862527,7985
osm:node/2166969446,7986
osm:node/2171977206,7987
osm:node/2175056007,7988
osm:node/2178843142,7989
osm:node/2181886001,7990
osm:node/2181886024,7991
osm:node/2181937533,7992
osm:node/2184683518,7993
osm:node/2191044822,7994
osm:node/2206804677,7995
osm:node/2209848155,7996
osm:node/2209991118,7997
osm:node/2210358270,7998
osm:node/2211896741,7999
osm:node/2217042367,8000
osm:node/2242580822,8001
osm:node/2247657921,8002
osm:node/2247671864,8003
osm:node/2257658060,8004
osm:node/2258149842,8005
osm:node/2258175756,8006
osm:node/2261282154,8007
osm:node/2264190796,8008
osm:node/2265961202,8009
osm:node/2275586098,8010
osm:node/2278921922,8011
osm:node/2288356925,8012
osm:node/2291278782,8013
osm:node/2291278783,8014
osm:node/2302700196,8015
osm:node/2311414958,8016
osm:node/2313068140,8017
osm:node/2313291176,8018
osm:node/2315665961,8019
osm:node/2316391562,8020
osm:node/2316808619,8021
osm:node/2322073946,8022
osm:node/2322078051,8023
osm:node/2322156158,8024
osm:node/2322385681,8025
osm:node/2324638602,8026
osm:node/2326240000,8027
osm:node/2327414512,8028
osm:node/2329405787,8029
osm:node/2334354199,8030
osm:node/2334354201,8031
osm:node/2334354204,8032
osm:node/2334354205,8033
osm:node/2334368443,8034
osm:node/2334368444,8035
osm:node/2336844415,8036
osm:node/2338206268,8037
osm:node/2343158536,8038
osm:node/2343241693,8039
osm:node/2344217756,8040
osm:node/2344577123,8041
osm:node/2344882593,8042
osm:node/2344889827,8043
osm:node/2352626076,8044
osm:node/2352669698,8045
osm:node/2353475441,8046
osm:node/2353478110,8047
osm:node/2353486358,8048
osm:node/2354507999,8049
osm:node/2357829147,8050
osm:node/2359394178,8051
osm:node/2359444698,8052
osm:node/2360936743,8053
osm:node/2365710579,8054
osm:node/2366421242,8055
osm:node/2368925599,8056
osm:node/2370729313,8057
osm:node/2372320952,8058
osm:node/2373571210,8059
osm:node/2374032542,8060
osm:node/2374484017,8061
osm:node/2377140839,8062
osm:node/2377471513,8063
osm:node/2382842975,8064
osm:node/2388999071,8065
osm:node/2390866729,8066
osm:node/2391161680,8067
osm:node/2391874037,8068
osm:node/2397484585,8069
osm:node/2411122961,8070
osm:node/2411309922,8071
osm:node/2411576119,8072
osm:node/2415389873,8073
osm:node/2415389880,8074
osm:node/2415389884,8075
osm:node/2417989940,8076
osm:node/2418263567,8077
osm:node/2418893694,8078
osm:node/2418896282,8079
osm:node/2423474909,8080
osm:node/2423474927,8081
osm:node/2425800992,8082
osm:node/2426998324,8083
osm:node/2428107237,8084
osm:node/2428114552,8085
osm:node/2432707377,8086
osm:node/2437230770,8087
osm:node/2445634964,8088
osm:node/2445635068,8089
osm:node/2446549028,8090
osm:node/2447812191,8091
osm:node/2447845706,8092
osm:node/2447871267,8093
osm:node/2450295917,8094
osm:node/2450295921,8095
osm:node/2450545676,8096
osm:node/2450560273,8097
osm:node/2451762209,8098
osm:node/2453709466,8099
osm:node/2454512962,8100
osm:node/2457088247,8101
osm:node/2458558761,8102
osm:node/2458558762,8103
osm:node/2458558766,8104
osm:node/2458558769,8105
osm:node/2458558771,8106
osm:node/2459522171,8107
osm:node/2461383062,8108
osm:node/2463089725,8109
osm:node/2463860299,8110
osm:node/2467188689,8111
osm:node/2473121642,8112
osm:node/2473490459,8113
osm:node/2475377599,8114
osm:node/2476501165,8115
osm:node/2476576889,8116
osm:node/2478537583,8117
osm:node/2478696679,8118
osm:node/2479206355,8119
osm:node/2479264868,8120
osm:node/2479293608,8121
osm:node/2479315108,8122
osm:node/2480036338,8123
osm:node/2481283639,8124
osm:node/2481295587,8125
osm:node/2484073313,8126
osm:node/2484859198,8127
osm:node/2484859200,8128
osm:node/2484859207,8129
osm:node/2484899326,8130
osm:node/2484899327,8131
osm:node/2484910479,8132
osm:node/2484910499,8133
osm:node/2484918184,8134
osm:node/2484940629,8135
osm:node/2484964779,8136
osm:node/2484974272,8137
osm:node/2488254211,8138
osm:node/2489078827,8139
osm:node/2489108768,8140
osm:node/2491726101,8141
osm:node/2493279563,8142
osm:node/2494780337,8143
osm:node/2495761056,8144
osm:node/2500519191,8145
osm:node/2500806638,8146
osm:node/2500823773,8147
osm:node/2503270995,8148
osm:node/2503721946,8149
osm:node/2504018977,8150
osm:node/2505312402,8151
osm:node/2506067377,8152
osm:node/2506074641,8153
osm:node/2506234287,8154
osm:node/2506234288,8155
osm:node/2506234293,8156
osm:node/2506291176,8157
osm:node/2506291182,8158
osm:node/2507465152,8159
osm:node/2509098252,8160
osm:node/2510053075,8161
osm:node/2510830722,8162
osm:node/2510830729,8163
osm:node/2512621735,8164
osm:node/2515671261,8165
osm:node/2517094501,8166
osm:node/2523333847,8167
osm:node/2526083492,8168
osm:node/2526083494,8169
osm:node/2526083509,8170
osm:node/2526101567,8171
osm:node/2526101576,8172
osm:node/2526139382,8173
osm:node/2526139384,8174
osm:node/2526240475,8175
osm:node/2526254770,8176
osm:node/2526254797,8177
osm:node/2527209693,8178
osm:node/2529267575,8179
osm:node/2529269365,8180
osm:node/2529270524,8181
osm:node/2529270950,8182
osm:node/2529344661,8183
osm:node/2530403001,8184
osm:node/2531301389,8185
osm:node/2532609143,8186
osm:node/2532609162,8187
osm:node/2536414363,8188
osm:node/2536472685,8189
osm:node/2537091455,8190
osm:node/2537832053,8191
osm:node/2538128940,8192
osm:node/2538461739,8193
osm:node/2538461878,8194
osm:node/2539737143,8195
osm:node/2540418216,8196
osm:node/2543743671,8197
osm:node/2543743678,8198
osm:node/2543743713,8199
osm:node/2543961975,8200
osm:node/2548349510,8201
osm:node/2552613288,8202
osm:node/2552618331,8203
osm:node/2552629742,8204
osm:node/2563578537,8205
osm:node/2567156026,8206
osm:node/2568290640,8207
osm:node/2568387463,8208
osm:node/2568626442,8209
osm:node/2568626450,8210
osm:node/2568949871,8211
osm:node/2570326668,8212
osm:node/2571249351,8213
osm:node/2571390953,8214
osm:node/2573368281,8215
osm:node/2573658162,8216
osm:node/2573667291,8217
osm:node/2574578105,8218
osm:node/2577015915,8219
osm:node/2577118842,8220
osm:node/2579219364,8221
osm:node/2581257456,8222
osm:node/2594471077,8223
osm:node/2598878235,8224
osm:node/2605273046,8225
osm:node/2607328418,8226
osm:node/2609889223,8227
osm:node/2612461576,8228
osm:node/2612471523,8229
osm:node/2613518523,8230
osm:node/2613518524,8231
osm:node/2617056379,8232
osm:node/2617056382,8233
osm:node/2617117223,8234
osm:node/2619598579,8235
osm:node/2619649579,8236
osm:node/2619649580,8237
osm:node/2624689237,8238
osm:node/2624692095,8239
osm:node/2624695918,8240
osm:node/2632060138,8241
osm:node/2637865925,8242
osm:node/2637866970,8243
osm:node/2643323010,8244
osm:node/2647300062,8245
osm:node/2647732708,8246
osm:node/2650654801,8247
osm:node/2652815600,8248
osm:node/2655441412,8249
osm:node/2656363162,8250
osm:node/2657012623,8251
osm:node/2657609202,8252
osm:node/2662867507,8253
osm:node/2662867562,8254
osm:node/2662929943,8255
osm:node/2669050201,8256
osm:node/2669480090,8257
osm:node/2670820058,8258
osm:node/2683475950,8259
osm:node/2684621259,8260
osm:node/2693105392,8261
osm:node/2694283360,8262
osm:node/2701010146,8263
osm:node/2701086843,8264
osm:node/2701970797,8265
osm:node/2707515284,8266
osm:node/2710845517,8267
osm:node/2712610108,8268
osm:node/2715627598,8269
osm:node/2717549923,8270
osm:node/2730139238,8271
osm:node/2730873527,8272
osm:node/2731223454,8273
osm:node/2736336390,8274
osm:node/2737141631,8275
osm:node/2741691424,8276
osm:node/2744327532,8277
osm:node/2747964835,8278
osm:node/2749151395,8279
osm:node/2750456220,8280
osm:node/2750669760,8281
osm:node/2763757530,8282
osm:node/2771767764,8283
osm:node/2773679895,8284
osm:node/2790291492,8285
osm:node/2790297234,8286
osm:node/2800544976,8287
osm:node/2803285701,8288
osm:node/2808577901,8289
osm:node/2812988821,8290
osm:node/2819146101,8291
osm:node/2821271693,8292
osm:node/2833709343,8293
osm:node/2837660500,8294
osm:node/2837661101,8295
osm:node/2841401282,8296
osm:node/2860669257,8297
osm:node/2877561693,8298
osm:node/2886905792,8299
osm:node/2887248102,8300
osm:node/2887404176,8301
osm:node/2892002903,8302
osm:node/2895075845,8303
osm:node/2896228563,8304
osm:node/2901255701,8305
osm:node/2901356099,8306
osm:node/2902239878,8307
osm:node/2906330472,8308
osm:node/2908499754,8309
osm:node/2921396525,8310
osm:node/2923152001,8311
osm:node/2924890354,8312
osm:node/2935041716,8313
osm:node/2937333382,8314
osm:node/2945692958,8315
osm:node/2946719924,8316
osm:node/2951940369,8317
osm:node/2954842027,8318
osm:node/2955751386,8319
osm:node/2960971943,8320
osm:node/2962299633,8321
osm:node/2968227764,8322
osm:node/2973708601,8323
osm:node/2974311101,8324
osm:node/2974318643,8325
osm:node/2974320960,8326
osm:node/2975986751,8327
osm:node/2976102381,8328
osm:node/2976440916,8329
osm:node/2977709035,8330
osm:node/2977741433,8331
osm:node/2984119621,8332
osm:node/2984602439,8333
osm:node/2990971599,8334
osm:node/3002398334,8335
osm:node/3002971607,8336
osm:node/3007887159,8337
osm:node/3012157534,8338
osm:node/3014093275,8339
osm:node/3016770833,8340
osm:node/3019549010,8341
osm:node/3027179235,8342
osm:node/3027848320,8343
osm:node/3027850921,8344
osm:node/3028618047,8345
osm:node/3031707493,8346
osm:node/3031707747,8347
osm:node/3034087245,8348
osm:node/3034087717,8349
osm:node/3034489600,8350
osm:node/3034678630,8351
osm:node/3035413546,8352
osm:node/3038856181,8353
osm:node/3044229601,8354
osm:node/3057641933,8355
osm:node/3057641942,8356
osm:node/3057641944,8357
osm:node/3057641946,8358
osm:node/3057641961,8359
osm:node/3058809678,8360
osm:node/3066504642,8361
osm:node/3074878751,8362
osm:node/3093823569,8363
osm:node/3093934438,8364
osm:node/3097777850,8365
osm:node/3101585463,8366
osm:node/3103991688,8367
osm:node/3110936889,8368
osm:node/3110936890,8369
osm:node/3114407824,8370
osm:node/3133049179,8371
osm:node/3134827873,8372
osm:node/3138842790,8373
osm:node/3150836624,8374
osm:node/3153302022,8375
osm:node/3153942867,8376
osm:node/3157765847,8377
osm:node/3168712561,8378
osm:node/3170473895,8379
osm:node/3171408096,8380
osm:node/3186185369,8381
osm:node/3186544039,8382
osm:node/3186700562,8383
osm:node/3202944255,8384
osm:node/3203001291,8385
osm:node/3203001310,8386
osm:node/3205961161,8387
osm:node/3215150277,8388
osm:node/3215670079,8389
osm:node/3215670080,8390
osm:node/3215857484,8391
osm:node/3215857485,8392
osm:node/3215857486,8393
osm:node/3215857487,8394
osm:node/3215857490,8395
osm:node/3215857491,8396
osm:node/3215857492,8397
osm:node/3215857493,8398
osm:node/3215857494,8399
osm:node/3215857495,8400
osm:node/3215857496,8401
osm:node/3215857497,8402
osm:node/3216583087,8403
osm:node/3217609296,8404
osm:node/3218138914,8405
osm:node/3219434374,8406
osm:node/3231708225,8407
osm:node/3234287361,8408
osm:node/3235042362,8409
osm:node/3239415361,8410
osm:node/3255811316,8411
osm:node/3257397686,8412
osm:node/3258242228,8413
osm:node/3259514301,8414
osm:node/3263833718,8415
osm:node/3266784188,8416
osm:node/3268083061,8417
osm:node/3271174773,8418
osm:node/3271174774,8419
osm:node/3271345296,8420
osm:node/3273321595,8421
osm:node/3274539678,8422
osm:node/3276659706,8423
osm:node/3279432461,8424
osm:node/3279524561,8425
osm:node/3280700263,8426
osm:node/3281369491,8427
osm:node/3281716667,8428
osm:node/3291246359,8429
osm:node/3296415382,8430
osm:node/3296415383,8431
osm:node/3316299363,8432
osm:node/3316480735,8433
osm:node/3325473825,8434
osm:node/3326558173,8435
osm:node/3326776019,8436
osm:node/3329236988,8437
osm:node/3338830080,8438
osm:node/3338908126,8439
osm:node/3344134380,8440
osm:node/3351860350,8441
osm:node/3352860238,8442
osm:node/3357028593,8443
osm:node/3357769328,8444
osm:node/3360508916,8445
osm:node/3360763824,8446
osm:node/3360770299,8447
osm:node/3360829687,8448
osm:node/3360863629,8449
osm:node/3366588427,8450
osm:node/3370159116,8451
osm:node/3370516708,8452
osm:node/3370643936,8453
osm:node/3371227224,8454
osm:node/3371230811,8455
osm:node/3371258561,8456
osm:node/3372995956,8457
osm:node/3373656517,8458
osm:node/3374797171,8459
osm:node/3375709783,8460
osm:node/3375759782,8461
osm:node/3378242993,8462
osm:node/3380176573,8463
osm:node/3380779676,8464
osm:node/3382805455,8465
osm:node/3384993992,8466
osm:node/3386759591,8467
osm:node/3387552091,8468
osm:node/3387746826,8469
osm:node/3387746827,8470
osm:node/3394931379,8471
osm:node/3419958321,8472
osm:node/3423723048,8473
osm:node/3425469742,8474
osm:node/3425523135,8475
osm:node/3425553021,8476
osm:node/3425562371,8477
osm:node/3425594713,8478
osm:node/3426987924,8479
osm:node/3442400632,8480
osm:node/3445093223,8481
osm:node/3446100893,8482
osm:node/3447435743,8483
osm:node/3448718020,8484
osm:node/3448718021,8485
osm:node/3450408299,8486
osm:node/3451258399,8487
osm:node/3451258400,8488
osm:node/3451340767,8489
osm:node/3453825119,8490
osm:node/3455494412,8491
osm:node/3456346364,8492
osm:node/3456346368,8493
osm:node/3457504497,8494
osm:node/3461140513,8495
osm:node/3461389414,8496
osm:node/3461830768,8497
osm:node/3461830769,8498
osm:node/3462959839,8499
osm:node/3463194593,8500
osm:node/3465061604,8501
osm:node/3467568523,8502
osm:node/3467568525,8503
osm:node/3467568529,8504
osm:node/3470331946,8505
osm:node/3471640593,8506
osm:node/3482195406,8507
osm:node/3489171239,8508
osm:node/3489171240,8509
osm:node/3489171244,8510
osm:node/3489171246,8511
osm:node/3490374093,8512
osm:node/3493548496,8513
osm:node/3495918503,8514
osm:node/3496036730,8515
osm:node/3497430854,8516
osm:node/3499756835,8517
osm:node/3503645673,8518
osm:node/3506970414,8519
osm:node/3506970415,8520
osm:node/3506970428,8521
osm:node/3506970435,8522
osm:node/3507543196,8523
osm:node/3509532313,8524
osm:node/3509894396,8525
osm:node/3512205710,8526
osm:node/3512291544,8527
osm:node/3515323535,8528
osm:node/3515938930,8529
osm:node/3517279902,8530
osm:node/3517310472,8531
osm:node/3517376631,8532
osm:node/3521667403,8533
osm:node/3522432552,8534
osm:node/3523889606,8535
osm:node/3524113982,8536
osm:node/3524330333,8537
osm:node/3524330334,8538
osm:node/3532940644,8539
osm:node/3537193630,8540
osm:node/3541557104,8541
osm:node/3563459395,8542
osm:node/3563688393,8543
osm:node/3566377888,8544
osm:node/3571530106,8545
osm:node/3573352569,8546
osm:node/3574954393,8547
osm:node/3574954394,8548
osm:node/3579793197,8549
osm:node/3583230477,8550
osm:node/3585996805,8551
osm:node/3586247775,8552
osm:node/3587719462,8553
osm:node/3603561816,8554
osm:node/3603561827,8555
osm:node/3603561833,8556
osm:node/3606790221,8557
osm:node/3612389781,8558
osm:node/3613747840,8559
osm:node/3620548154,8560
osm:node/3633504185,8561
osm:node/3634242443,8562
osm:node/3634242446,8563
osm:node/3634242447,8564
osm:node/3636472610,8565
osm:node/3636472620,8566
osm:node/3636472626,8567
osm:node/3642077698,8568
osm:node/3645208574,8569
osm:node/3645208577,8570
osm:node/3645208582,8571
osm:node/3645208586,8572
osm:node/3645208587,8573
osm:node/3645208588,8574
osm:node/3645208589,8575
osm:node/3647824775,8576
osm:node/3659717969,8577
osm:node/3662026157,8578
osm:node/3662683825,8579
osm:node/3662988505,8580
osm:node/3666488085,8581
osm:node/3666488086,8582
osm:node/3666488092,8583
osm:node/3666488139,8584
osm:node/3673522729,8585
osm:node/3674168225,8586
osm:node/3674168226,8587
osm:node/3675134325,8588
osm:node/3676143725,8589
osm:node/3677811730,8590
osm:node/3682024831,8591
osm:node/3683012625,8592
osm:node/3685912226,8593
osm:node/3696913053,8594
osm:node/3705384739,8595
osm:node/3707540915,8596
osm:node/3707663429,8597
osm:node/3709486125,8598
osm:node/3709492567,8599
osm:node/3713133200,8600
osm:node/3716880892,8601
osm:node/3716880893,8602
osm:node/3730835599,8603
osm:node/3734218983,8604
osm:node/3734220029,8605
osm:node/3735118101,8606
osm:node/3735688141,8607
osm:node/3740466244,8608
osm:node/3742539925,8609
osm:node/3745162525,8610
osm:node/3750767642,8611
osm:node/3754664959,8612
osm:node/3754688865,8613
osm:node/3754688875,8614
osm:node/3754710522,8615
osm:node/3754710524,8616
osm:node/3759120284,8617
osm:node/3759120294,8618
osm:node/3759131038,8619
osm:node/3759181491,8620
osm:node/3759181492,8621
osm:node/3759191417,8622
osm:node/3759222636,8623
osm:node/3759276921,8624
osm:node/3759312753,8625
osm:node/3762665324,8626
osm:node/3762665326,8627
osm:node/3762665327,8628
osm:node/3765289157,8629
osm:node/3767115154,8630
osm:node/3770773187,8631
osm:node/3774671502,8632
osm:node/3778358971,8633
osm:node/3778426357,8634
osm:node/3778426360,8635
osm:node/3778426372,8636
osm:node/3779752442,8637
osm:node/3786175962,8638
osm:node/3789312658,8639
osm:node/3791235438,8640
osm:node/3792809309,8641
osm:node/3792870136,8642
osm:node/3792870137,8643
osm:node/3792919395,8644
osm:node/3792959195,8645
osm:node/3794006162,8646
osm:node/3794006163,8647
osm:node/3794006168,8648
osm:node/3796926372,8649
osm:node/3798076312,8650
osm:node/3804193264,8651
osm:node/3804822012,8652
osm:node/3806650772,8653
osm:node/3811363936,8654
osm:node/3812967592,8655
osm:node/3815172594,8656
osm:node/3819795108,8657
osm:node/3822359258,8658
osm:node/3835688358,8659
osm:node/3839156162,8660
osm:node/3848853043,8661
osm:node/3853297525,8662
osm:node/3856268122,8663
osm:node/3856268124,8664
osm:node/3856268125,8665
osm:node/3857191069,8666
osm:node/3868635558,8667
osm:node/3872476107,8668
osm:node/3872986257,8669
osm:node/3873957371,8670
osm:node/3874601059,8671
osm:node/3884148269,8672
osm:node/3884770705,8673
osm:node/3886200633,8674
osm:node/3886530194,8675
osm:node/3892446455,8676
osm:node/3894592155,8677
osm:node/3899622177,8678
osm:node/3906099212,8679
osm:node/3908087774,8680
osm:node/3913107463,8681
osm:node/3913191855,8682
osm:node/3916497259,8683
osm:node/3916530590,8684
osm:node/3916555257,8685
osm:node/3919963919,8686
osm:node/3924275100,8687
osm:node/3929688461,8688
osm:node/3930911894,8689
osm:node/3933751004,8690
osm:node/3934158867,8691
osm:node/3934158869,8692
osm:node/3934357811,8693
osm:node/3935403228,8694
osm:node/3941235432,8695
osm:node/3944585236,8696
osm:node/3944963113,8697
osm:node/3947626190,8698
osm:node/3952194516,8699
osm:node/3952433570,8700
osm:node/3952787733,8701
osm:node/3956017965,8702
osm:node/3956744441,8703
osm:node/3958831438,8704
osm:node/3958848657,8705
osm:node/3961438009,8706
osm:node/3963796925,8707
osm:node/3964339847,8708
osm:node/3964578496,8709
osm:node/3975798457,8710
osm:node/3987086364,8711
osm:node/3991869122,8712
osm:node/3994209817,8713
osm:node/3996185494,8714
osm:node/4013886134,8715
osm:node/4014218916,8716
osm:node/4019425312,8717
osm:node/4019827636,8718
osm:node/4020497816,8719
osm:node/4020639198,8720
osm:node/4026537575,8721
osm:node/4030881336,8722
osm:node/4031227335,8723
osm:node/4034551605,8724
osm:node/4037399448,8725
osm:node/4047479303,8726
osm:node/4054984307,8727
osm:node/4055216880,8728
osm:node/4055216881,8729
osm:node/4057755312,8730
osm:node/4061239661,8731
osm:node/4063613611,8732
osm:node/4065350558,8733
osm:node/4065498107,8734
osm:node/4068154160,8735
osm:node/4068343022,8736
osm:node/4068343023,8737
osm:node/4068343030,8738
osm:node/4071146442,8739
osm:node/4081215562,8740
osm:node/4088648567,8741
osm:node/4088714395,8742
osm:node/4088782472,8743
osm:node/4088981010,8744
osm:node/4089575755,8745
osm:node/4090395119,8746
osm:node/4090485838,8747
osm:node/4090525897,8748
osm:node/4091067531,8749
osm:node/4091067537,8750
osm:node/4092592860,8751
osm:node/4092694840,8752
osm:node/4092758996,8753
osm:node/4093423323,8754
osm:node/4095642745,8755
osm:node/4096953611,8756
osm:node/4096953612,8757
osm:node/4096953614,8758
osm:node/4096953617,8759
osm:node/4096953621,8760
osm:node/4097496289,8761
osm:node/4098305011,8762
osm:node/4098511098,8763
osm:node/4099311016,8764
osm:node/4099962977,8765
osm:node/4099979132,8766
osm:node/4099993153,8767
osm:node/4100000112,8768
osm:node/4100006592,8769
osm:node/4100007717,8770
osm:node/4100013473,8771
osm:node/4100026438,8772
osm:node/4100026450,8773
osm:node/4100027617,8774
osm:node/4100066003,8775
osm:node/4100077924,8776
osm:node/4100091290,8777
osm:node/4100575549,8778
osm:node/4100575557,8779
osm:node/4100575561,8780
osm:node/4100575567,8781
osm:node/4100575572,8782
osm:node/4100575577,8783
osm:node/4101792157,8784
osm:node/4102143557,8785
osm:node/4111596215,8786
osm:node/4111851445,8787
osm:node/4114269763,8788
osm:node/4116304263,8789
osm:node/4116304264,8790
osm:node/4118511706,8791
osm:node/4118542480,8792
osm:node/4118542481,8793
osm:node/4118542483,8794
osm:node/4118542484,8795
osm:node/4118542486,8796
osm:node/4118542488,8797
osm:node/4118543089,8798
osm:node/4118583445,8799
osm:node/4133419508,8800
osm:node/4140312794,8801
osm:node/4140315523,8802
osm:node/4141815826,8803
osm:node/4143596299,8804
osm:node/4148895090,8805
osm:node/4149750848,8806
osm:node/4156396894,8807
osm:node/4156396895,8808
osm:node/4159400489,8809
osm:node/4163604659,8810
osm:node/4167787639,8811
osm:node/4171290621,8812
osm:node/4184204989,8813
osm:node/4187164246,8814
osm:node/4187164250,8815
osm:node/4187164253,8816
osm:node/4187164254,8817
osm:node/4189483926,8818
osm:node/4191240192,8819
osm:node/4192061714,8820
osm:node/4192093000,8821
osm:node/4196632773,8822
osm:node/4201710298,8823
osm:node/4201718046,8824
osm:node/4203043448,8825
osm:node/4208932159,8826
osm:node/4210289795,8827
osm:node/4210781134,8828
osm:node/4212960596,8829
osm:node/4219992090,8830
osm:node/4224269644,8831
osm:node/4224269648,8832
osm:node/4224269650,8833
osm:node/4224269653,8834
osm:node/4224269655,8835
osm:node/4224318922,8836
osm:node/4224832491,8837
osm:node/4225399316,8838
osm:node/4225401596,8839
osm:node/4225441897,8840
osm:node/4225441898,8841
osm:node/4226900394,8842
osm:node/4227441199,8843
osm:node/4227679601,8844
osm:node/4227692976,8845
osm:node/4229895332,8846
osm:node/4229895333,8847
osm:node/4229895340,8848
osm:node/4231937520,8849
osm:node/4233346264,8850
osm:node/4234477293,8851
osm:node/4234488293,8852
osm:node/4234492091,8853
osm:node/4234514090,8854
osm:node/4234514091,8855
osm:node/4234524789,8856
osm:node/4234524889,8857
osm:node/4234525889,8858
osm:node/4239841589,8859
osm:node/4239872992,8860
osm:node/4239906092,8861
osm:node/4239913590,8862
osm:node/4239914889,8863
osm:node/4239914892,8864
osm:node/4239915089,8865
osm:node/4239915289,8866
osm:node/4239972894,8867
osm:node/4239973192,8868
osm:node/4239973193,8869
osm:node/4239973390,8870
osm:node/4240001389,8871
osm:node/4240066942,8872
osm:node/4240067776,8873
osm:node/4247042491,8874
osm:node/4248260211,8875
osm:node/4248290485,8876
osm:node/4248297844,8877
osm:node/4249070092,8878
osm:node/4249094989,8879
osm:node/4251247196,8880
osm:node/4251882613,8881
osm:node/4256186526,8882
osm:node/4256188591,8883
osm:node/4264226302,8884
osm:node/4280564309,8885
osm:node/4280661780,8886
osm:node/4291174917,8887
osm:node/4291295548,8888
osm:node/4294670014,8889
osm:node/4299025600,8890
osm:node/4299036360,8891
osm:node/4299050113,8892
osm:node/4304575856,8893
osm:node/4304967572,8894
osm:node/4318350869,8895
osm:node/4318425860,8896
osm:node/4318578994,8897
osm:node/4327115046,8898
osm:node/4327132266,8899
osm:node/4329294293,8900
osm:node/4329729460,8901
osm:node/4335045144,8902
osm:node/4335062235,8903
osm:node/4335318752,8904
osm:node/4340818908,8905
osm:node/4342955232,8906
osm:node/4344544555,8907
osm:node/4347102647,8908
osm:node/4347325194,8909
osm:node/4348840573,8910
osm:node/4349028337,8911
osm:node/4351593402,8912
osm:node/4351607435,8913
osm:node/4356815063,8914
osm:node/4358767214,8915
osm:node/4358961938,8916
osm:node/4360434915,8917
osm:node/4361304808,8918
osm:node/4364521712,8919
osm:node/4366156123,8920
osm:node/4367557890,8921
osm:node/4368516296,8922
osm:node/4369924495,8923
osm:node/4376996663,8924
osm:node/4380565202,8925
osm:node/4380753191,8926
osm:node/4381227793,8927
osm:node/4382250793,8928
osm:node/4382582793,8929
osm:node/4383021369,8930
osm:node/4387383107,8931
osm:node/4389313209,8932
osm:node/4389406294,8933
osm:node/4394417556,8934
osm:node/4395864988,8935
osm:node/4395889025,8936
osm:node/4396153575,8937
osm:node/4396476852,8938
osm:node/4400167892,8939
osm:node/4400167893,8940
osm:node/4401702811,8941
osm:node/4402328990,8942
osm:node/4408685906,8943
osm:node/4408685914,8944
osm:node/4408686596,8945
osm:node/4408687594,8946
osm:node/4409872291,8947
osm:node/4416237733,8948
osm:node/4418035837,8949
osm:node/4420182452,8950
osm:node/4424877911,8951
osm:node/4430291820,8952
osm:node/4430880560,8953
osm:node/4432467430,8954
osm:node/4432477655,8955
osm:node/4432477656,8956
osm:node/4432756536,8957
osm:node/4432775088,8958
osm:node/4432802505,8959
osm:node/4433210952,8960
osm:node/4437361509,8961
osm:node/4442712895,8962
osm:node/4444704337,8963
osm:node/4444704341,8964
osm:node/4449369247,8965
osm:node/4450879087,8966
osm:node/4458367896,8967
osm:node/4461966576,8968
osm:node/4467413391,8969
osm:node/4467430289,8970
osm:node/4470476628,8971
osm:node/4471382066,8972
osm:node/4471396553,8973
osm:node/4474066145,8974
osm:node/4496694613,8975
osm:node/4502328083,8976
osm:node/4506431954,8977
osm:node/4520460041,8978
osm:node/4524252207,8979
osm:node/4532931616,8980
osm:node/4533814323,8981
osm:node/4537835875,8982
osm:node/4539820949,8983
osm:node/4551006234,8984
osm:node/4551892507,8985
osm:node/4552996865,8986
osm:node/4553924590,8987
osm:node/4558270160,8988
osm:node/4558696878,8989
osm:node/4561779473,8990
osm:node/4561848619,8991
osm:node/4564764973,8992
osm:node/4565552061,8993
osm:node/4567243015,8994
osm:node/4569228842,8995
osm:node/4575940490,8996
osm:node/4575940491,8997
osm:node/4580075563,8998
osm:node/4580135868,8999
osm:node/4583554154,9000
osm:node/4584003378,9001
osm:node/4584003379,9002
osm:node/4584003380,9003
osm:node/4584003400,9004
osm:node/4587561467,9005
osm:node/4592873390,9006
osm:node/4597780740,9007
osm:node/4600634413,9008
osm:node/4602682592,9009
osm:node/4603998628,9010
osm:node/4604787228,9011
osm:node/4608115438,9012
osm:node/4608592067,9013
osm:node/4608653383,9014
osm:node/4608653384,9015
osm:node/4609350539,9016
osm:node/4611587940,9017
osm:node/4626464676,9018
osm:node/4630791640,9019
osm:node/4635439593,9020
osm:node/4655761427,9021
osm:node/4674432261,9022
osm:node/4675478594,9023
osm:node/4690203789,9024
osm:node/4690714550,9025
osm:node/4691978100,9026
osm:node/4692410949,9027
osm:node/4698302171,9028
osm:node/4702586021,9029
osm:node/4710825003,9030
osm:node/4717077807,9031
osm:node/4726953919,9032
osm:node/4730218390,9033
osm:node/4730218391,9034
osm:node/4739517170,9035
osm:node/4754572221,9036
osm:node/4757928213,9037
osm:node/4771259724,9038
osm:node/4772687493,9039
osm:node/4778519351,9040
osm:node/4779526720,9041
osm:node/4780939638,9042
osm:node/4780939646,9043
osm:node/4782483029,9044
osm:node/4791847272,9045
osm:node/4792139821,9046
osm:node/4806064553,9047
osm:node/4807769232,9048
osm:node/4813941531,9049
osm:node/4814006952,9050
osm:node/4817739521,9051
osm:node/4819520322,9052
osm:node/4823108122,9053
osm:node/4823108123,9054
osm:node/4823125023,9055
osm:node/4836398848,9056
osm:node/4837956799,9057
osm:node/4844581610,9058
osm:node/4844581611,9059
osm:node/4845314521,9060
osm:node/4847326700,9061
osm:node/4847380665,9062
osm:node/4852403788,9063
osm:node/4858599375,9064
osm:node/4858599390,9065
osm:node/4858599403,9066
osm:node/4858600321,9067
osm:node/4858600328,9068
osm:node/4863952121,9069
osm:node/4867004688,9070
osm:node/4867004691,9071
osm:node/4867931842,9072
osm:node/4868216234,9073
osm:node/4869297853,9074
osm:node/4872001309,9075
osm:node/4873549122,9076
osm:node/4874643715,9077
osm:node/4876451917,9078
osm:node/4881951621,9079
osm:node/4885760041,9080
osm:node/4886028343,9081
osm:node/4888320128,9082
osm:node/4888976482,9083
osm:node/4892925055,9084
osm:node/4892925056,9085
osm:node/4893438322,9086
osm:node/4893438323,9087
osm:node/4893438523,9088
osm:node/4894814522,9089
osm:node/4895877657,9090
osm:node/4897223900,9091
osm:node/4899593623,9092
osm:node/4900297277,9093
osm:node/4901603318,9094
osm:node/4903329860,9095
osm:node/4904122801,9096
osm:node/4904950473,9097
osm:node/4906680124,9098
osm:node/4909372462,9099
osm:node/4910074561,9100
osm:node/4910167288,9101
osm:node/4921950104,9102
osm:node/4921950119,9103
osm:node/4924304449,9104
osm:node/4932958231,9105
osm:node/4934363813,9106
osm:node/4934561520,9107
osm:node/4941106310,9108
osm:node/4946573321,9109
osm:node/4946782431,9110
osm:node/4947003423,9111
osm:node/4947039623,9112
osm:node/4950452270,9113
osm:node/4956142068,9114
osm:node/4956300267,9115
osm:node/4956978437,9116
osm:node/4958728806,9117
osm:node/4959779021,9118
osm:node/4961687341,9119
osm:node/4961691048,9120
osm:node/4969198779,9121
osm:node/4973686721,9122
osm:node/4975524528,9123
osm:node/4979493277,9124
osm:node/4980027278,9125
osm:node/4986399400,9126
osm:node/4987019224,9127
osm:node/4987028621,9128
osm:node/4997119386,9129
osm:node/5007092121,9130
osm:node/5009464083,9131
osm:node/5009471625,9132
osm:node/5009473111,9133
osm:node/5016014119,9134
osm:node/5022816741,9135
osm:node/5024257979,9136
osm:node/5026447761,9137
osm:node/5026493821,9138
osm:node/5027950923,9139
osm:node/5030631322,9140
osm:node/5031629931,9141
osm:node/5042503341,9142
osm:node/5044807650,9143
osm:node/5044807651,9144
osm:node/5046474137,9145
osm:node/5062530804,9146
osm:node/5064088221,9147
osm:node/5065127625,9148
osm:node/5065127628,9149
osm:node/5065127643,9150
osm:node/5065127652,9151
osm:node/5082229329,9152
osm:node/5088959436,9153
osm:node/5091467147,9154
osm:node/5095778536,9155
osm:node/5098771022,9156
osm:node/5099749537,9157
osm:node/5114872472,9158
osm:node/5125393079,9159
osm:node/5127161000,9160
osm:node/5127814400,9161
osm:node/5130287221,9162
osm:node/5135844504,9163
osm:node/5135844517,9164
osm:node/5137105062,9165
osm:node/5138492181,9166
osm:node/5143238781,9167
osm:node/5143238782,9168
osm:node/5143240730,9169
osm:node/5143914517,9170
osm:node/5144438099,9171
osm:node/5145450037,9172
osm:node/5146879958,9173
osm:node/5150132301,9174
osm:node/5150366699,9175
osm:node/5151800190,9176
osm:node/5152455677,9177
osm:node/5154256720,9178
osm:node/5154681986,9179
osm:node/5156192591,9180
osm:node/5156813315,9181
osm:node/5156996030,9182
osm:node/5157013059,9183
osm:node/5158463872,9184
osm:node/5159317270,9185
osm:node/5159639558,9186
osm:node/5160645708,9187
osm:node/5162648678,9188
osm:node/5162810464,9189
osm:node/5162829068,9190
osm:node/5163787025,9191
osm:node/5165633070,9192
osm:node/5167185959,9193
osm:node/5167185960,9194
osm:node/5167248083,9195
osm:node/5174799393,9196
osm:node/5175423783,9197
osm:node/5175423784,9198
osm:node/5180659069,9199
osm:node/5183535456,9200
osm:node/5184042865,9201
osm:node/5185156871,9202
osm:node/5185694142,9203
osm:node/5185694143,9204
osm:node/5188605997,9205
osm:node/5194286291,9206
osm:node/5202979006,9207
osm:node/5203750922,9208
osm:node/5209783748,9209
osm:node/5211718561,9210
osm:node/5224769335,9211
osm:node/5224877088,9212
osm:node/5235320925,9213
osm:node/5235324131,9214
osm:node/5235996506,9215
osm:node/5236410577,9216
osm:node/5236994087,9217
osm:node/5238076425,9218
osm:node/5243940867,9219
osm:node/5249463266,9220
osm:node/5250481428,9221
osm:node/5250893082,9222
osm:node/5250893083,9223
osm:node/5250893084,9224
osm:node/5251083836,9225
osm:node/5251112787,9226
osm:node/5252399773,9227
osm:node/5253716119,9228
osm:node/5257379816,9229
osm:node/5257379817,9230
osm:node/5259640321,9231
osm:node/5272673012,9232
osm:node/5275074323,9233
osm:node/5275141467,9234
osm:node/5275245297,9235
osm:node/5280244122,9236
osm:node/5283584233,9237
osm:node/5292422764,9238
osm:node/5298329879,9239
osm:node/5298403982,9240
osm:node/5299907418,9241
osm:node/5299907625,9242
osm:node/5300777693,9243
osm:node/5302930416,9244
osm:node/5303209289,9245
osm:node/5305192502,9246
osm:node/5313200261,9247
osm:node/5314965710,9248
osm:node/5314965711,9249
osm:node/5315169719,9250
osm:node/5316213640,9251
osm:node/5316235769,9252
osm:node/5316583608,9253
osm:node/5316611640,9254
osm:node/5318937068,9255
osm:node/5318937069,9256
osm:node/5332175424,9257
osm:node/5333480182,9258
osm:node/5333480183,9259
osm:node/5333480191,9260
osm:node/5336479380,9261
osm:node/5338038921,9262
osm:node/5338335021,9263
osm:node/5338347121,9264
osm:node/5349554658,9265
osm:node/5349669220,9266
osm:node/5351070848,9267
osm:node/5351070851,9268
osm:node/5351070854,9269
osm:node/5352373957,9270
osm:node/5359283737,9271
osm:node/5360982614,9272
osm:node/5364762601,9273
osm:node/5364762611,9274
osm:node/5372840566,9275
osm:node/5374345621,9276
osm:node/5376196674,9277
osm:node/5381184563,9278
osm:node/5382829763,9279
osm:node/5382829764,9280
osm:node/5382841233,9281
osm:node/5382851780,9282
osm:node/5382851782,9283
osm:node/5390211810,9284
osm:node/5403252845,9285
osm:node/5403263169,9286
osm:node/5403263171,9287
osm:node/5403263172,9288
osm:node/5409593151,9289
osm:node/5415132662,9290
osm:node/5418257076,9291
osm:node/5421058676,9292
osm:node/5433229098,9293
osm:node/5434123636,9294
osm:node/5436245482,9295
osm:node/5440786211,9296
osm:node/5445872971,9297
osm:node/5448487047,9298
osm:node/5463168185,9299
osm:node/5470682462,9300
osm:node/5472976122,9301
osm:node/5477352521,9302
osm:node/5480695338,9303
osm:node/5481934733,9304
osm:node/5493662475,9305
osm:node/5503379821,9306
osm:node/5506501286,9307
osm:node/5506682358,9308
osm:node/5506686918,9309
osm:node/5507799407,9310
osm:node/5508473819,9311
osm:node/5509425671,9312
osm:node/5512473804,9313
osm:node/5514490633,9314
osm:node/5516939547,9315
osm:node/5517324542,9316
osm:node/5519886351,9317
osm:node/5528896721,9318
osm:node/5536356215,9319
osm:node/5538332267,9320
osm:node/5538332268,9321
osm:node/5538332269,9322
osm:node/5538332270,9323
osm:node/5538429836,9324
osm:node/5548620020,9325
osm:node/5548717165,9326
osm:node/5561498121,9327
osm:node/5564359011,9328
osm:node/5564983620,9329
osm:node/5578380835,9330
osm:node/5578380836,9331
osm:node/5578380844,9332
osm:node/5578380846,9333
osm:node/5578380849,9334
osm:node/5582570021,9335
osm:node/5584715463,9336
osm:node/5598723984,9337
osm:node/5600647361,9338
osm:node/5601799593,9339
osm:node/5605483460,9340
osm:node/5614791435,9341
osm:node/5615060436,9342
osm:node/5624228659,9343
osm:node/5624916021,9344
osm:node/5632344287,9345
osm:node/5647247295,9346
osm:node/5647247296,9347
osm:node/5647247297,9348
osm:node/5647247299,9349
osm:node/5653196393,9350
osm:node/5656294277,9351
osm:node/5661778902,9352
osm:node/5664809637,9353
osm:node/5664809640,9354
osm:node/5664809642,9355
osm:node/5666216621,9356
osm:node/5666543508,9357
osm:node/5666587083,9358
osm:node/5675297679,9359
osm:node/5692991934,9360
osm:node/5699209673,9361
osm:node/5700001768,9362
osm:node/5702972739,9363
osm:node/5709161124,9364
osm:node/5709161127,9365
osm:node/5718550121,9366
osm:node/5720857595,9367
osm:node/5722106966,9368
osm:node/5722234328,9369
osm:node/5722234335,9370
osm:node/5730357586,9371
osm:node/5730357607,9372
osm:node/5730357614,9373
osm:node/5737602894,9374
osm:node/5737602902,9375
osm:node/5741176799,9376
osm:node/5745872876,9377
osm:node/5747065904,9378
osm:node/5754639525,9379
osm:node/5754662321,9380
osm:node/5757289796,9381
osm:node/5757292482,9382
osm:node/5758883211,9383
osm:node/5758883213,9384
osm:node/5758888225,9385
osm:node/5758888231,9386
osm:node/5762966457,9387
osm:node/5766190562,9388
osm:node/5773323975,9389
osm:node/5787501168,9390
osm:node/5799146953,9391
osm:node/5804635262,9392
osm:node/5805973153,9393
osm:node/5812632953,9394
osm:node/5837050753,9395
osm:node/5840072648,9396
osm:node/5842166786,9397
osm:node/5851590017,9398
osm:node/5852403299,9399
osm:node/5854356910,9400
osm:node/5857092013,9401
osm:node/5857267100,9402
osm:node/5859225235,9403
osm:node/5859514387,9404
osm:node/5873031174,9405
osm:node/5873085399,9406
osm:node/5874073973,9407
osm:node/5874073984,9408
osm:node/5874097586,9409
osm:node/5874097591,9410
osm:node/5874097592,9411
osm:node/5874097594,9412
osm:node/5881659505,9413
osm:node/5892839069,9414
osm:node/5893291185,9415
osm:node/5901290639,9416
osm:node/5902480485,9417
osm:node/5904861029,9418
osm:node/5909477300,9419
osm:node/5914440091,9420
osm:node/5919302986,9421
osm:node/5922949792,9422
osm:node/5948107819,9423
osm:node/5949560706,9424
osm:node/5960936301,9425
osm:node/5967219370,9426
osm:node/5969749990,9427
osm:node/5974982807,9428
osm:node/5980993744,9429
osm:node/5981218345,9430
osm:node/5981514091,9431
osm:node/5984151077,9432
osm:node/5988884105,9433
osm:node/6003121886,9434
osm:node/6015488142,9435
osm:node/6017249248,9436
osm:node/6017271194,9437
osm:node/6019346688,9438
osm:node/6019346689,9439
osm:node/6019368485,9440
osm:node/6019440885,9441
osm:node/6019440886,9442
osm:node/6019440887,9443
osm:node/6019440888,9444
osm:node/6019440985,9445
osm:node/6019440986,9446
osm:node/6019449989,9447
osm:node/6019449991,9448
osm:node/6019495885,9449
osm:node/6019712903,9450
osm:node/6019712904,9451
osm:node/6019712905,9452
osm:node/6019712906,9453
osm:node/6019712908,9454
osm:node/6019712909,9455
osm:node/6019712910,9456
osm:node/6019713292,9457
osm:node/6019766386,9458
osm:node/6019886786,9459
osm:node/6020323178,9460
osm:node/6020323397,9461
osm:node/6020323398,9462
osm:node/6020323399,9463
osm:node/6022759801,9464
osm:node/6025559625,9465
osm:node/6026835005,9466
osm:node/6027654441,9467
osm:node/6030822788,9468
osm:node/6033689587,9469
osm:node/6034498431,9470
osm:node/6034520607,9471
osm:node/6036743533,9472
osm:node/6038896588,9473
osm:node/6048952984,9474
osm:node/6056294395,9475
osm:node/6056294399,9476
osm:node/6056294400,9477
osm:node/6060588432,9478
osm:node/6061447449,9479
osm:node/6068040611,9480
osm:node/6070563914,9481
osm:node/6070563915,9482
osm:node/6073050933,9483
osm:node/6080863218,9484
osm:node/6090024206,9485
osm:node/6090899947,9486
osm:node/6093020787,9487
osm:node/6099082812,9488
osm:node/6106888885,9489
osm:node/6111731586,9490
osm:node/6113889730,9491
osm:node/6113889733,9492
osm:node/6124963021,9493
osm:node/6126188880,9494
osm:node/6132509986,9495
osm:node/6143770213,9496
osm:node/6143770218,9497
osm:node/6143770219,9498
osm:node/6143770221,9499
osm:node/6148340309,9500
osm:node/6153263182,9501
osm:node/6157212207,9502
osm:node/6164368769,9503
osm:node/6164368770,9504
osm:node/6167346532,9505
osm:node/6169452856,9506
osm:node/6170701885,9507
osm:node/6176900885,9508
osm:node/6181562564,9509
osm:node/6184632917,9510
osm:node/6188291485,9511
osm:node/6194518439,9512
osm:node/6203258385,9513
osm:node/6222176185,9514
osm:node/6228379957,9515
osm:node/6228379959,9516
osm:node/6233140116,9517
osm:node/6235890860,9518
osm:node/6236866841,9519
osm:node/6239942659,9520
osm:node/6241174685,9521
osm:node/6244644514,9522
osm:node/6253910696,9523
osm:node/6256851586,9524
osm:node/6260905076,9525
osm:node/6262287564,9526
osm:node/6262287602,9527
osm:node/6264867675,9528
osm:node/6264953188,9529
osm:node/6266806510,9530
osm:node/6270516682,9531
osm:node/6276938088,9532
osm:node/6279454539,9533
osm:node/6284451209,9534
osm:node/6290001620,9535
osm:node/6296619685,9536
osm:node/6299182588,9537
osm:node/6310206984,9538
osm:node/6321524417,9539
osm:node/6323495086,9540
osm:node/6323495092,9541
osm:node/6323882622,9542
osm:node/6325206620,9543
osm:node/6325840772,9544
osm:node/6325840777,9545
osm:node/6326096685,9546
osm:node/6326749205,9547
osm:node/6326749206,9548
osm:node/6326749207,9549
osm:node/6327722761,9550
osm:node/6327722764,9551
osm:node/6331569607,9552
osm:node/6333239844,9553
osm:node/6333239845,9554
osm:node/6334311392,9555
osm:node/6334311394,9556
osm:node/6336080709,9557
osm:node/6344270195,9558
osm:node/6354640770,9559
osm:node/6358069286,9560
osm:node/6368867597,9561
osm:node/6372982687,9562
osm:node/6377545493,9563
osm:node/6377869985,9564
osm:node/6377891785,9565
osm:node/6379164524,9566
osm:node/6384372382,9567
osm:node/6389496056,9568
osm:node/6391563796,9569
osm:node/6393554893,9570
osm:node/6393656430,9571
osm:node/6393796351,9572
osm:node/6393796352,9573
osm:node/6394657747,9574
osm:node/6394657748,9575
osm:node/6394657749,9576
osm:node/6394657750,9577
osm:node/6397265280,9578
osm:node/6399901384,9579
osm:node/6432974580,9580
osm:node/6440816881,9581
osm:node/6452062564,9582
osm:node/6453836302,9583
osm:node/6455497172,9584
osm:node/6463033348,9585
osm:node/6463033351,9586
osm:node/6463033360,9587
osm:node/6471043644,9588
osm:node/6482304853,9589
osm:node/6482311826,9590
osm:node/6482929346,9591
osm:node/6483792345,9592
osm:node/6513497984,9593
osm:node/6517903744,9594
osm:node/6518137657,9595
osm:node/6520476484,9596
osm:node/6536760798,9597
osm:node/6547553733,9598
osm:node/6547661930,9599
osm:node/6547722350,9600
osm:node/6547802869,9601
osm:node/6549275093,9602
osm:node/6549275094,9603
osm:node/6549287711,9604
osm:node/6551088335,9605
osm:node/6551215012,9606
osm:node/6555519238,9607
osm:node/6557473438,9608
osm:node/6557473443,9609
osm:node/6561658683,9610
osm:node/6583739307,9611
osm:node/6586005787,9612
osm:node/6597334985,9613
osm:node/6602468332,9614
osm:node/6612076769,9615
osm:node/6616671285,9616
osm:node/6620322529,9617
osm:node/6630702707,9618
osm:node/6631506381,9619
osm:node/6634307846,9620
osm:node/6635782078,9621
osm:node/6635803485,9622
osm:node/6638705108,9623
osm:node/6672712827,9624
osm:node/6684061227,9625
osm:node/6697197212,9626
osm:node/6697500064,9627
osm:node/6698694470,9628
osm:node/6698863147,9629
osm:node/6698868099,9630
osm:node/6705086838,9631
osm:node/6708093447,9632
osm:node/6740150389,9633
osm:node/6743614006,9634
osm:node/6746501269,9635
osm:node/6746771324,9636
osm:node/6753200475,9637
osm:node/6753200477,9638
osm:node/6762165857,9639
osm:node/6778160929,9640
osm:node/6780741555,9641
osm:node/6780741904,9642
osm:node/6789096047,9643
osm:node/6811888014,9644
osm:node/6826725636,9645
osm:node/6826789286,9646
osm:node/6828342985,9647
osm:node/6831452590,9648
osm:node/6832415759,9649
osm:node/6836446146,9650
osm:node/6873290685,9651
osm:node/6874277121,9652
osm:node/6874328609,9653
osm:node/6875338649,9654
osm:node/6875375561,9655
osm:node/6901998056,9656
osm:node/6908883784,9657
osm:node/6910644673,9658
osm:node/6916781920,9659
osm:node/6918611179,9660
osm:node/6919025061,9661
osm:node/6919417274,9662
osm:node/6934019338,9663
osm:node/6935343691,9664
osm:node/6937700046,9665
osm:node/6944842586,9666
osm:node/6946278879,9667
osm:node/6946278883,9668
osm:node/6952524398,9669
osm:node/6960314643,9670
osm:node/6964580237,9671
osm:node/6968355859,9672
osm:node/6970313151,9673
osm:node/6976714163,9674
osm:node/6985749385,9675
osm:node/7005266248,9676
osm:node/7020629865,9677
osm:node/7021817142,9678
osm:node/7022370186,9679
osm:node/7039511846,9680
osm:node/7056708383,9681
osm:node/7056724586,9682
osm:node/7056724591,9683
osm:node/7060493885,9684
osm:node/7077295299,9685
osm:node/7090277291,9686
osm:node/7099514649,9687
osm:node/7102337418,9688
osm:node/7104417931,9689
osm:node/7114848485,9690
osm:node/7128156085,9691
osm:node/7128166485,9692
osm:node/7131838323,9693
osm:node/7131879354,9694
osm:node/7147074965,9695
osm:node/7149844385,9696
osm:node/7158920354,9697
osm:node/7164328388,9698
osm:node/7164529948,9699
osm:node/7176812749,9700
osm:node/7177529985,9701
osm:node/7182753885,9702
osm:node/7188954255,9703
osm:node/7192835835,9704
osm:node/7201283130,9705
osm:node/7206320006,9706
osm:node/7211287004,9707
osm:node/7211364480,9708
osm:node/7213891885,9709
osm:node/7214479270,9710
osm:node/7222143971,9711
osm:node/7231470885,9712
osm:node/7234304613,9713
osm:node/7239204686,9714
osm:node/7243131478,9715
osm:node/7248722657,9716
osm:node/7253718333,9717
osm:node/7255945755,9718
osm:node/7272328730,9719
osm:node/7272328735,9720
osm:node/7272328739,9721
osm:node/7272328740,9722
osm:node/7297115939,9723
osm:node/7320655250,9724
osm:node/7324795446,9725
osm:node/7362741773,9726
osm:node/7380240010,9727
osm:node/7417915264,9728
osm:node/7431925085,9729
osm:node/7441888592,9730
osm:node/7449405147,9731
osm:node/7462924860,9732
osm:node/7468401023,9733
osm:node/7481767354,9734
osm:node/7486692948,9735
osm:node/7501898994,9736
osm:node/7515403550,9737
osm:node/7523052719,9738
osm:node/7523076223,9739
osm:node/7533177894,9740
osm:node/7538734334,9741
osm:node/7551612368,9742
osm:node/7596495734,9743
osm:node/7596566450,9744
osm:node/7596566451,9745
osm:node/7596802954,9746
osm:node/7611694176,9747
osm:node/7646008592,9748
osm:node/7646988362,9749
osm:node/7647100388,9750
osm:node/7654988064,9751
osm:node/7659388624,9752
osm:node/7659388625,9753
osm:node/7667949406,9754
osm:node/7671695663,9755
osm:node/7692397018,9756
osm:node/7725688075,9757
osm:node/7725715977,9758
osm:node/7732451825,9759
osm:node/7746801438,9760
osm:node/7746995141,9761
osm:node/7746995142,9762
osm:node/7755876644,9763
osm:node/7756785898,9764
osm:node/7757279907,9765
osm:node/7762633963,9766
osm:node/7770573212,9767
osm:node/7770573213,9768
osm:node/7770573214,9769
osm:node/7770957187,9770
osm:node/7794438493,9771
osm:node/7799415985,9772
osm:node/7807238190,9773
osm:node/7814185898,9774
osm:node/7820894660,9775
osm:node/7823676819,9776
osm:node/7832417067,9777
osm:node/7832417076,9778
osm:node/7832417082,9779
osm:node/7834786051,9780
osm:node/7837440246,9781
osm:node/7837750985,9782
osm:node/7838815518,9783
osm:node/7857106218,9784
osm:node/7857106221,9785
osm:node/7859009864,9786
osm:node/7861392939,9787
osm:node/7861516826,9788
osm:node/7875852707,9789
osm:node/7881127578,9790
osm:node/7881159727,9791
osm:node/7881213714,9792
osm:node/7881226905,9793
osm:node/7881249371,9794
osm:node/7881292549,9795
osm:node/7903921637,9796
osm:node/7920217629,9797
osm:node/7922033369,9798
osm:node/7922565081,9799
osm:node/7922573004,9800
osm:node/7922573005,9801
osm:node/7925867134,9802
osm:node/7927336838,9803
osm:node/7927336839,9804
osm:node/7947270386,9805
osm:node/7948870542,9806
osm:node/7964343927,9807
osm:node/7969246373,9808
osm:node/7972989308,9809
osm:node/7977683888,9810
osm:node/7994247285,9811
osm:node/8001191797,9812
osm:node/8003228585,9813
osm:node/8039570444,9814
osm:node/8039570478,9815
osm:node/8069101663,9816
osm:node/8072630563,9817
osm:node/8088203525,9818
osm:node/8089011202,9819
osm:node/8109662626,9820
osm:node/8111481464,9821
osm:node/8118347840,9822
osm:node/8118347841,9823
osm:node/8121226860,9824
osm:node/8121226878,9825
osm:node/8125082679,9826
osm:node/8125082714,9827
osm:node/8142869300,9828
osm:node/8149240617,9829
osm:node/8156064462,9830
osm:node/8173506964,9831
osm:node/8173625721,9832
osm:node/8179801571,9833
osm:node/8181119202,9834
osm:node/8195005016,9835
osm:node/8201863423,9836
osm:node/8201883618,9837
osm:node/8209026028,9838
osm:node/8209501770,9839
osm:node/8237521714,9840
osm:node/8249747840,9841
osm:node/8253375411,9842
osm:node/8274741467,9843
osm:node/8274763687,9844
osm:node/8274865711,9845
osm:node/8278051917,9846
osm:node/8284402952,9847
osm:node/8296590653,9848
osm:node/8297362165,9849
osm:node/8303648274,9850
osm:node/8314277147,9851
osm:node/8319149274,9852
osm:node/8334692909,9853
osm:node/8336096193,9854
osm:node/8336096194,9855
osm:node/8336096195,9856
osm:node/8336096196,9857
osm:node/8342511659,9858
osm:node/8357035811,9859
osm:node/8357124964,9860
osm:node/8360708370,9861
osm:node/8360708371,9862
osm:node/8380687374,9863
osm:node/8384221494,9864
osm:node/8396090279,9865
osm:node/8397306973,9866
osm:node/8397311643,9867
osm:node/8397320664,9868
osm:node/8399076158,9869
osm:node/8400007842,9870
osm:node/8406067893,9871
osm:node/8415995156,9872
osm:node/8420335275,9873
osm:node/8421094219,9874
osm:node/8422811301,9875
osm:node/8429777492,9876
osm:node/8432772173,9877
osm:node/8441616931,9878
osm:node/8443290117,9879
osm:node/8454139237,9880
osm:node/8455267192,9881
osm:node/8455412702,9882
osm:node/8468074479,9883
osm:node/8468761946,9884
osm:node/8491917168,9885
osm:node/8501239791,9886
osm:node/8501924650,9887
osm:node/8503637490,9888
osm:node/8503761137,9889
osm:node/8544123594,9890
osm:node/8549639893,9891
osm:node/8568060417,9892
osm:node/8569175208,9893
osm:node/8587220289,9894
osm:node/8587221609,9895
osm:node/8587244681,9896
osm:node/8587246304,9897
osm:node/8587249875,9898
osm:node/8590000771,9899
osm:node/8592858521,9900
osm:node/8595964806,9901
osm:node/8595964811,9902
osm:node/8596035895,9903
osm:node/8596121892,9904
osm:node/8640596093,9905
osm:node/8646470142,9906
osm:node/8646470143,9907
osm:node/8652285584,9908
osm:node/8665599802,9909
osm:node/8681211504,9910
osm:node/8684550709,9911
osm:node/8705086809,9912
osm:node/8711343447,9913
osm:node/8721246628,9914
osm:node/8738838930,9915
osm:node/8739817239,9916
osm:node/8739889393,9917
osm:node/8755703066,9918
osm:node/8761781517,9919
osm:node/8762224526,9920
osm:node/8776957529,9921
osm:node/8777298566,9922
osm:node/8780982223,9923
osm:node/8783744641,9924
osm:node/8785163117,9925
osm:node/8790088345,9926
osm:node/8790203521,9927
osm:node/8792211737,9928
osm:node/8795942347,9929
osm:node/8804683072,9930
osm:node/8804997426,9931
osm:node/8807279912,9932
osm:node/8807884416,9933
osm:node/8809938393,9934
osm:node/8809984060,9935
osm:node/8812381966,9936
osm:node/8812393722,9937
osm:node/8814825322,9938
osm:node/8818206424,9939
osm:node/8820428092,9940
osm:node/8825521967,9941
osm:node/8825704742,9942
osm:node/8826034055,9943
osm:node/8826202449,9944
osm:node/8826202502,9945
osm:node/8830010566,9946
osm:node/8830010605,9947
osm:node/8836246576,9948
osm:node/8844900519,9949
osm:node/8850707718,9950
osm:node/8863609717,9951
osm:node/8867479891,9952
osm:node/8868144691,9953
osm:node/8868838940,9954
osm:node/8874803425,9955
osm:node/8875586627,9956
osm:node/8888542081,9957
osm:node/8889669533,9958
osm:node/8897871352,9959
osm:node/8904745802,9960
osm:node/8906918372,9961
osm:node/8906918482,9962
osm:node/8908185917,9963
osm:node/8910285717,9964
osm:node/8910895355,9965
osm:node/8911128930,9966
osm:node/8911128947,9967
osm:node/8913055407,9968
osm:node/8920625292,9969
osm:node/8920983344,9970
osm:node/8928801866,9971
osm:node/8928808101,9972
osm:node/8929017725,9973
osm:node/8933671658,9974
osm:node/8936683619,9975
osm:node/8944385960,9976
osm:node/8963152376,9977
osm:node/8963152397,9978
osm:node/8987688759,9979
osm:node/8987807670,9980
osm:node/8990099373,9981
osm:node/8990131148,9982
osm:node/9014982758,9983
osm:node/9025493153,9984
osm:node/9026648859,9985
osm:node/9030161958,9986
osm:node/9033605119,9987
osm:node/9035499439,9988
osm:node/9038606273,9989
osm:node/9038606277,9990
osm:node/9041112317,9991
osm:node/9051115496,9992
osm:node/9053863910,9993
osm:node/9055771129,9994
osm:node/9060726276,9995
osm:node/9063922220,9996
osm:node/9070307478,9997
osm:node/9070344717,9998
osm:node/9080885178,9999
osm:node/9084724253,10000
osm:node/9084732179,10001
osm:node/9084743137,10002
osm:node/9084822723,10003
osm:node/9088570387,10004
osm:node/9090956956,10005
osm:node/9091434386,10006
osm:node/9094677037,10007
osm:node/9100442951,10008
osm:node/9108167717,10009
osm:node/9108167729,10010
osm:node/9110869699,10011
osm:node/9112460833,10012
osm:node/9116623248,10013
osm:node/9117255757,10014
osm:node/9118480159,10015
osm:node/9118480161,10016
osm:node/9118480166,10017
osm:node/9124614226,10018
osm:node/9126488279,10019
osm:node/9128043594,10020
osm:node/9138067676,10021
osm:node/9138067681,10022
osm:node/9139655042,10023
osm:node/9139655050,10024
osm:node/9140085139,10025
osm:node/9144519691,10026
osm:node/9153030993,10027
osm:node/9159379766,10028
osm:node/9162553517,10029
osm:node/9163275193,10030
osm:node/9176004538,10031
osm:node/9177716364,10032
osm:node/9178383777,10033
osm:node/9178536517,10034
osm:node/9179880466,10035
osm:node/9179916360,10036
osm:node/9183621945,10037
osm:node/9183621950,10038
osm:node/9197064689,10039
osm:node/9197563194,10040
osm:node/9199545588,10041
osm:node/9200392095,10042
osm:node/9200392106,10043
osm:node/9202686769,10044
osm:node/9203013507,10045
osm:node/9212350863,10046
osm:node/9212524149,10047
osm:node/9213388896,10048
osm:node/9216224226,10049
osm:node/9229402917,10050
osm:node/9229593233,10051
osm:node/9229906602,10052
osm:node/9229906608,10053
osm:node/9230031200,10054
osm:node/9230031201,10055
osm:node/9230044720,10056
osm:node/9230044725,10057
osm:node/9230075843,10058
osm:node/9230389685,10059
osm:node/9230389687,10060
osm:node/9230389690,10061
osm:node/9233622440,10062
osm:node/9241662684,10063
osm:node/9248407618,10064
osm:node/9250304917,10065
osm:node/9251017637,10066
osm:node/9256276189,10067
osm:node/9256276194,10068
osm:node/9256286954,10069
osm:node/9267484031,10070
osm:node/9270438967,10071
osm:node/9270438970,10072
osm:node/9270438974,10073
osm:node/9272669029,10074
osm:node/9276187853,10075
osm:node/9279755728,10076
osm:node/9280358975,10077
osm:node/9282066486,10078
osm:node/9283558389,10079
osm:node/9310039550,10080
osm:node/9320682531,10081
osm:node/9320714069,10082
osm:node/9321679171,10083
osm:node/9338318165,10084
osm:node/9352205076,10085
osm:node/9365763617,10086
osm:node/9369946638,10087
osm:node/9386460615,10088
osm:node/9389444862,10089
osm:node/9405073641,10090
osm:node/9413041317,10091
osm:node/9422122030,10092
osm:node/9422192892,10093
osm:node/9429062517,10094
osm:node/9429062528,10095
osm:node/9441791643,10096
osm:node/9447199185,10097
osm:node/9447229185,10098
osm:node/9457806435,10099
osm:node/9459094817,10100
osm:node/9472429162,10101
osm:node/9476295633,10102
osm:node/9481072160,10103
osm:node/9481486445,10104
osm:node/9481530859,10105
osm:node/9492097654,10106
osm:node/9493185824,10107
osm:node/9493185825,10108
osm:node/9493744013,10109
osm:node/9493756635,10110
osm:node/9493774209,10111
osm:node/9493774421,10112
osm:node/9493775333,10113
osm:node/9493776449,10114
osm:node/9493776450,10115
osm:node/9493777870,10116
osm:node/9493784288,10117
osm:node/9493787991,10118
osm:node/9495208587,10119
osm:node/9497101804,10120
osm:node/9498232253,10121
osm:node/9499399841,10122
osm:node/9501199821,10123
osm:node/9506315186,10124
osm:node/9510597037,10125
osm:node/9510608729,10126
osm:node/9510642145,10127
osm:node/9510650147,10128
osm:node/9510661824,10129
osm:node/9510661826,10130
osm:node/9510661927,10131
osm:node/9521102820,10132
osm:node/9524111317,10133
osm:node/9524794134,10134
osm:node/9524794136,10135
osm:node/9532901679,10136
osm:node/9532937360,10137
osm:node/9544631573,10138
osm:node/9545298761,10139
osm:node/9545298769,10140
osm:node/9546660825,10141
osm:node/9550361735,10142
osm:node/9551525273,10143
osm:node/9552218608,10144
osm:node/9560719373,10145
osm:node/9560776842,10146
osm:node/9561377405,10147
osm:node/9573560682,10148
osm:node/9575040979,10149
osm:node/9588100533,10150
osm:node/9588924107,10151
osm:node/9590452143,10152
osm:node/9590560117,10153
osm:node/9609751390,10154
osm:node/9609793891,10155
osm:node/9626794121,10156
osm:node/9642350630,10157
osm:node/9645094517,10158
osm:node/9645157393,10159
osm:node/9654104969,10160
osm:node/9654104970,10161
osm:node/9658671917,10162
osm:node/9666924534,10163
osm:node/9667040017,10164
osm:node/9679391051,10165
osm:node/9689423325,10166
osm:node/9690007021,10167
osm:node/9694807731,10168
osm:node/9702398929,10169
osm:node/9704691213,10170
osm:node/9704691215,10171
osm:node/9705599217,10172
osm:node/9707708496,10173
osm:node/9709046121,10174
osm:node/9720315804,10175
osm:node/9720945786,10176
osm:node/9723291986,10177
osm:node/9724952879,10178
osm:node/9725519433,10179
osm:node/9725532853,10180
osm:node/9726371738,10181
osm:node/9733541512,10182
osm:node/9735031317,10183
osm:node/9735039017,10184
osm:node/9741204037,10185
osm:node/9741320447,10186
osm:node/9744161119,10187
osm:node/9751704466,10188
osm:node/9751791415,10189
osm:node/9775054317,10190
osm:node/9784795637,10191
osm:node/9788587611,10192
osm:node/9791012404,10193
osm:node/9791012405,10194
osm:node/9791012406,10195
osm:node/9792243140,10196
osm:node/9798347390,10197
osm:node/9802909517,10198
osm:node/9804790196,10199
osm:node/9804850091,10200
osm:node/9804850092,10201
osm:node/9812181479,10202
osm:node/9812223877,10203
osm:node/9812346362,10204
osm:node/9812429741,10205
osm:node/9813252017,10206
osm:node/9815333460,10207
osm:node/9822388495,10208
osm:node/9823162334,10209
osm:node/9826898643,10210
osm:node/9829302024,10211
osm:node/9830592079,10212
osm:node/9833353080,10213
osm:node/9835956863,10214
osm:node/9835956870,10215
osm:node/9844603587,10216
osm:node/9846561392,10217
osm:node/9847934811,10218
osm:node/9847934812,10219
osm:node/9850811436,10220
osm:node/9854186197,10221
osm:node/9855107144,10222
osm:node/9856089369,10223
osm:node/9860710165,10224
osm:node/9860874733,10225
osm:node/9860877015,10226
osm:node/9860889446,10227
osm:node/9861780293,10228
osm:node/9867760531,10229
osm:node/9869038933,10230
osm:node/9869038936,10231
osm:node/9869038996,10232
osm:node/9872391526,10233
osm:node/9874815400,10234
osm:node/9874821568,10235
osm:node/9874823247,10236
osm:node/9874824982,10237
osm:node/9874832271,10238
osm:node/9874833151,10239
osm:node/9876912813,10240
osm:node/9884613585,10241
osm:node/9889348992,10242
osm:node/9889348994,10243
osm:node/9889392786,10244
osm:node/9889414762,10245
osm:node/9890648152,10246
osm:node/9897844675,10247
osm:node/9897912331,10248
osm:node/9905946812,10249
osm:node/9918487594,10250
osm:node/9918512267,10251
osm:node/9919040900,10252
osm:node/9923882019,10253
osm:node/9924871919,10254
osm:node/9933350831,10255
osm:node/9937842080,10256
osm:node/9939953626,10257
osm:node/9943266988,10258
osm:node/9956771017,10259
osm:node/9957331542,10260
osm:node/9961145305,10261
osm:node/9961163389,10262
osm:node/9961180303,10263
osm:node/9961201853,10264
osm:node/9961821667,10265
osm:node/9972941747,10266
osm:node/9976820486,10267
osm:node/9981071641,10268
osm:node/9981859589,10269
osm:node/9981859597,10270
osm:node/9985580535,10271
osm:node/9985580540,10272
osm:node/9987524104,10273
osm:node/9993486804,10274
osm:node/9995798817,10275
osm:node/9998366109,10276
osm:node/10002033891,10277
osm:node/10002033892,10278
osm:node/10004691122,10279
osm:node/10009226952,10280
osm:node/10010246968,10281
osm:node/10011442461,10282
osm:node/10013110915,10283
osm:node/10013199531,10284
osm:node/10013199537,10285
osm:node/10013513705,10286
osm:node/10013636662,10287
osm:node/10013652925,10288
osm:node/10013675392,10289
osm:node/10013725002,10290
osm:node/10013973589,10291
osm:node/10016846982,10292
osm:node/10018602854,10293
osm:node/10024966023,10294
osm:node/10024966032,10295
osm:node/10024966035,10296
osm:node/10026753770,10297
osm:node/10030349456,10298
osm:node/10030965068,10299
osm:node/10031188017,10300
osm:node/10036128118,10301
osm:node/10036128120,10302
osm:node/10043129945,10303
osm:node/10062430795,10304
osm:node/10064365951,10305
osm:node/10066597647,10306
osm:node/10073593101,10307
osm:node/10084860295,10308
osm:node/10086791622,10309
osm:node/10093150038,10310
osm:node/10093150060,10311
osm:node/10101672310,10312
osm:node/10106411108,10313
osm:node/10109407579,10314
osm:node/10115052835,10315
osm:node/10115191555,10316
osm:node/10117120944,10317
osm:node/10117126308,10318
osm:node/10118956495,10319
osm:node/10119632142,10320
osm:node/10119632152,10321
osm:node/10119632153,10322
osm:node/10120617080,10323
osm:node/10120617081,10324
osm:node/10120651817,10325
osm:node/10121478309,10326
osm:node/10124950634,10327
osm:node/10130691911,10328
osm:node/10132083717,10329
osm:node/10133117361,10330
osm:node/10133117367,10331
osm:node/10133117390,10332
osm:node/10135860555,10333
osm:node/10138397170,10334
osm:node/10140398281,10335
osm:node/10140398290,10336
osm:node/10142881426,10337
osm:node/10142881437,10338
osm:node/10142881445,10339
osm:node/10143373335,10340
osm:node/10143376324,10341
osm:node/10161285738,10342
osm:node/10163505214,10343
osm:node/10169379315,10344
osm:node/10169918776,10345
osm:node/10169918780,10346
osm:node/10171875089,10347
osm:node/10171877191,10348
osm:node/10171892250,10349
osm:node/10171902348,10350
osm:node/10178134232,10351
osm:node/10180479931,10352
osm:node/10186143318,10353
osm:node/10186143333,10354
osm:node/10186143334,10355
osm:node/10198374718,10356
osm:node/10203434475,10357
osm:node/10210154885,10358
osm:node/10215468681,10359
osm:node/10217342333,10360
osm:node/10217342334,10361
osm:node/10219844117,10362
osm:node/10219844141,10363
osm:node/10219844165,10364
osm:node/10219844166,10365
osm:node/10219952832,10366
osm:node/10225863471,10367
osm:node/10235965571,10368
osm:node/10238950146,10369
osm:node/10249855872,10370
osm:node/10261208706,10371
osm:node/10277971609,10372
osm:node/10284716856,10373
osm:node/10291520214,10374
osm:node/10295550507,10375
osm:node/10300291009,10376
osm:node/10311327697,10377
osm:node/10311336391,10378
osm:node/10311347622,10379
osm:node/10311359559,10380
osm:node/10311372742,10381
osm:node/10311373818,10382
osm:node/10312702538,10383
osm:node/10544409623,10384
osm:node/10553924710,10385
osm:node/10554272709,10386
osm:node/10560035236,10387
osm:node/10564930930,10388
osm:node/10567670364,10389
osm:node/10574218989,10390
osm:node/10581901791,10391
osm:node/10581927144,10392
osm:node/10583638334,10393
osm:node/10589257579,10394
osm:node/10592308005,10395
osm:node/10598814271,10396
osm:node/10604762205,10397
osm:node/10649427553,10398
osm:node/10649427554,10399
osm:node/10649427555,10400
osm:node/10649427556,10401
osm:node/10671372205,10402
osm:node/10676278484,10403
osm:node/10676410988,10404
osm:node/10683078006,10405
osm:node/10693430680,10406
osm:node/10693512798,10407
osm:node/10694683094,10408
osm:node/10696410905,10409
osm:node/10701272909,10410
osm:node/10701800317,10411
osm:node/10704776615,10412
osm:node/10707456185,10413
osm:node/10709796880,10414
osm:node/10712204859,10415
osm:node/10712204860,10416
osm:node/10717561273,10417
osm:node/10720073589,10418
osm:node/10723627394,10419
osm:node/10725574083,10420
osm:node/10725939388,10421
osm:node/10737489593,10422
osm:node/10737489594,10423
osm:node/10737697776,10424
osm:node/10737884756,10425
osm:node/10739279963,10426
osm:node/10739590344,10427
osm:node/10742097572,10428
osm:node/10743550097,10429
osm:node/10743550099,10430
osm:node/10743732740,10431
osm:node/10753126633,10432
osm:node/10755952512,10433
osm:node/10755974725,10434
osm:node/10772696375,10435
osm:node/10772847781,10436
osm:node/10773151486,10437
osm:node/10773535541,10438
osm:node/10773809105,10439
osm:node/10778350303,10440
osm:node/10779758076,10441
osm:node/10779883151,10442
osm:node/10779949509,10443
osm:node/10780026705,10444
osm:node/10784893500,10445
osm:node/10788197418,10446
osm:node/10788197419,10447
osm:node/10789911231,10448
osm:node/10790668807,10449
osm:node/10790778421,10450
osm:node/10796700161,10451
osm:node/10803080530,10452
osm:node/10814866960,10453
osm:node/10816745841,10454
osm:node/10819836558,10455
osm:node/10829168753,10456
osm:node/10829177134,10457
osm:node/10830126489,10458
osm:node/10832093245,10459
osm:node/10834158474,10460
osm:node/10837233052,10461
osm:node/10857148484,10462
osm:node/10857157124,10463
osm:node/10857162759,10464
osm:node/10860341648,10465
osm:node/10873111180,10466
osm:node/10875526514,10467
osm:node/10875596930,10468
osm:node/10879408608,10469
osm:node/10884109949,10470
osm:node/10884176183,10471
osm:node/10884178231,10472
osm:node/10887543208,10473
osm:node/10887543209,10474
osm:node/10893191869,10475
osm:node/10893247297,10476
osm:node/10899894660,10477
osm:node/10904906301,10478
osm:node/10907346027,10479
osm:node/10907451991,10480
osm:node/10911266069,10481
osm:node/10911268501,10482
osm:node/10917995776,10483
osm:node/10918039962,10484
osm:node/10918249490,10485
osm:node/10918305798,10486
osm:node/10924290136,10487
osm:node/10924290137,10488
osm:node/10925259189,10489
osm:node/10925272336,10490
osm:node/10927957576,10491
osm:node/10931623207,10492
osm:node/10942254852,10493
osm:node/10942254853,10494
osm:node/10942256089,10495
osm:node/10942404460,10496
osm:node/10942428796,10497
osm:node/10942428802,10498
osm:node/10944285223,10499
osm:node/10948454905,10500
osm:node/10948791505,10501
osm:node/10949467611,10502
osm:node/10956931205,10503
osm:node/10956931305,10504
osm:node/10957646005,10505
osm:node/10959429606,10506
osm:node/10961734055,10507
osm:node/10962178476,10508
osm:node/10965553981,10509
osm:node/10965553982,10510
osm:node/10965553987,10511
osm:node/10965553988,10512
osm:node/10965553993,10513
osm:node/10965713377,10514
osm:node/10966047904,10515
osm:node/10968916905,10516
osm:node/10969213874,10517
osm:node/10969213875,10518
osm:node/10969213879,10519
osm:node/10969213880,10520
osm:node/10969213881,10521
osm:node/10969213884,10522
osm:node/10971817041,10523
osm:node/10971817042,10524
osm:node/10971817043,10525
osm:node/10971817044,10526
osm:node/10994633674,10527
osm:node/10994639880,10528
osm:node/10995221437,10529
osm:node/10998260534,10530
osm:node/10998260536,10531
osm:node/11003228554,10532
osm:node/11003228558,10533
osm:node/11003228564,10534
osm:node/11010243781,10535
osm:node/11010243787,10536
osm:node/11010243788,10537
osm:node/11010243789,10538
osm:node/11010243793,10539
osm:node/11010243799,10540
osm:node/11010260618,10541
osm:node/11010260622,10542
osm:node/11010260628,10543
osm:node/11010260629,10544
osm:node/11010260633,10545
osm:node/11010260651,10546
osm:node/11010776388,10547
osm:node/11010892623,10548
osm:node/11012060777,10549
osm:node/11012060778,10550
osm:node/11012060781,10551
osm:node/11012060789,10552
osm:node/11012060791,10553
osm:node/11020292891,10554
osm:node/11020930988,10555
osm:node/11034235957,10556
osm:node/11035854603,10557
osm:node/11042190407,10558
osm:node/11043846063,10559
osm:node/11046381287,10560
osm:node/11047242965,10561
osm:node/11048694624,10562
osm:node/11051772617,10563
osm:node/11057360106,10564
osm:node/11065597724,10565
osm:node/11069767907,10566
osm:node/11069851616,10567
osm:node/11069851725,10568
osm:node/11071781145,10569
osm:node/11071786810,10570
osm:node/11071786813,10571
osm:node/11071786835,10572
osm:node/11071789589,10573
osm:node/11073237178,10574
osm:node/11075063453,10575
osm:node/11075486762,10576
osm:node/11076509533,10577
osm:node/11076911882,10578
osm:node/11076911989,10579
osm:node/11076912005,10580
osm:node/11079538748,10581
osm:node/11079538749,10582
osm:node/11079545998,10583
osm:node/11085071688,10584
osm:node/11085319398,10585
osm:node/11086737608,10586
osm:node/11086737681,10587
osm:node/11086820005,10588
osm:node/11090329348,10589
osm:node/11092998676,10590
osm:node/11093763515,10591
osm:node/11099357022,10592
osm:node/11101794260,10593
osm:node/11107258746,10594
osm:node/11107540832,10595
osm:node/11107907214,10596
osm:node/11112205868,10597
osm:node/11115850115,10598
osm:node/11116502938,10599
osm:node/11132231212,10600
osm:node/11132231213,10601
osm:node/11132231223,10602
osm:node/11132231228,10603
osm:node/11133546005,10604
osm:node/11141898665,10605
osm:node/11143687190,10606
osm:node/11143687191,10607
osm:node/11146662331,10608
osm:node/11146728575,10609
osm:node/11150693201,10610
osm:node/11154244137,10611
osm:node/11159676295,10612
osm:node/11159676297,10613
osm:node/11159676298,10614
osm:node/11161549096,10615
osm:node/11162865905,10616
osm:node/11165013536,10617
osm:node/11165352885,10618
osm:node/11165400013,10619
osm:node/11165400090,10620
osm:node/11165400132,10621
osm:node/11165400246,10622
osm:node/11165602986,10623
osm:node/11172175414,10624
osm:node/11172175415,10625
osm:node/11172175416,10626
osm:node/11172175417,10627
osm:node/11172175418,10628
osm:node/11172175419,10629
osm:node/11172175421,10630
osm:node/11172175422,10631
osm:node/11172175427,10632
osm:node/11179096423,10633
osm:node/11179096425,10634
osm:node/11179096431,10635
osm:node/11193834430,10636
osm:node/11195775955,10637
osm:node/11195777350,10638
osm:node/11196222165,10639
osm:node/11202213537,10640
osm:node/11203389157,10641
osm:node/11205811652,10642
osm:node/11209807728,10643
osm:node/11210347367,10644
osm:node/11219832979,10645
osm:node/11225316929,10646
osm:node/11225316933,10647
osm:node/11227505816,10648
osm:node/11229612878,10649
osm:node/11230753176,10650
osm:node/11231212043,10651
osm:node/11243519030,10652
osm:node/11245577736,10653
osm:node/11246059979,10654
osm:node/11246059995,10655
osm:node/11248234695,10656
osm:node/11250785846,10657
osm:node/11251726089,10658
osm:node/11251997304,10659
osm:node/11257727217,10660
osm:node/11257879246,10661
osm:node/11261329101,10662
osm:node/11271988870,10663
osm:node/11275535804,10664
osm:node/11278360566,10665
osm:node/11279437416,10666
osm:node/11279698469,10667
osm:node/11280480090,10668
osm:node/11281632034,10669
osm:node/11295320984,10670
osm:node/11296442653,10671
osm:node/11297473869,10672
osm:node/11298394089,10673
osm:node/11300511962,10674
osm:node/11301436135,10675
osm:node/11304911992,10676
osm:node/11304912177,10677
osm:node/11310580720,10678
osm:node/11314452085,10679
osm:node/11326698748,10680
osm:node/11326698759,10681
osm:node/11327575566,10682
osm:node/11327602770,10683
osm:node/11327602773,10684
osm:node/11327603720,10685
osm:node/11329047882,10686
osm:node/11331223329,10687
osm:node/11331414218,10688
osm:node/11331414219,10689
osm:node/11331414223,10690
osm:node/11331414851,10691
osm:node/11333221638,10692
osm:node/11333223471,10693
osm:node/11339479082,10694
osm:node/11341426097,10695
osm:node/11342095501,10696
osm:node/11349337616,10697
osm:node/11356878125,10698
osm:node/11358426164,10699
osm:node/11359772809,10700
osm:node/11360364051,10701
osm:node/11360364052,10702
osm:node/11360857306,10703
osm:node/11365965724,10704
osm:node/11370436105,10705
osm:node/11370554321,10706
osm:node/11377288289,10707
osm:node/11383557167,10708
osm:node/11384636882,10709
osm:node/11388068939,10710
osm:node/11388092189,10711
osm:node/11396690208,10712
osm:node/11405179969,10713
osm:node/11405425918,10714
osm:node/11410340734,10715
osm:node/11413397028,10716
osm:node/11415352372,10717
osm:node/11418239809,10718
osm:node/11422599969,10719
osm:node/11432383773,10720
osm:node/11438593044,10721
osm:node/11439243459,10722
osm:node/11439276501,10723
osm:node/11444865232,10724
osm:node/11459677331,10725
osm:node/11460031963,10726
osm:node/11480601969,10727
osm:node/11488977554,10728
osm:node/11488977555,10729
osm:node/11488977558,10730
osm:node/11490043178,10731
osm:node/11491631478,10732
osm:node/11492198761,10733
osm:node/11494579325,10734
osm:node/11499960769,10735
osm:node/11505906735,10736
osm:node/11514109483,10737
osm:node/11517326768,10738
osm:node/11524981729,10739
osm:node/11525004682,10740
osm:node/11541220826,10741
osm:node/11543461918,10742
osm:node/11543753358,10743
osm:node/11546973761,10744
osm:node/11550881464,10745
osm:node/11565051359,10746
osm:node/11573604635,10747
osm:node/11574037673,10748
osm:node/11574037674,10749
osm:node/11574037677,10750
osm:node/11574037678,10751
osm:node/11577267819,10752
osm:node/11577267821,10753
osm:node/11577267822,10754
osm:node/11577267833,10755
osm:node/11577643765,10756
osm:node/11598699447,10757
osm:node/11603168919,10758
osm:node/11608090171,10759
osm:node/11611397316,10760
osm:node/11622775627,10761
osm:node/11635043456,10762
osm:node/11637735156,10763
osm:node/11650296428,10764
osm:node/11650296430,10765
osm:node/11650296431,10766
osm:node/11650296432,10767
osm:node/11650296434,10768
osm:node/11650296438,10769
osm:node/11659498241,10770
osm:node/11662521363,10771
osm:node/11663014827,10772
osm:node/11663095839,10773
osm:node/11663095843,10774
osm:node/11677605764,10775
osm:node/11682582600,10776
osm:node/11684671763,10777
osm:node/11684681770,10778
osm:node/11694173992,10779
osm:node/11694320575,10780
osm:node/11694858869,10781
osm:node/11697269395,10782
osm:node/11700863532,10783
osm:node/11700863533,10784
osm:node/11700863535,10785
osm:node/11703715914,10786
osm:node/11705104955,10787
osm:node/11705124564,10788
osm:node/11708248373,10789
osm:node/11708725862,10790
osm:node/11725294261,10791
osm:node/11725394925,10792
osm:node/11728490637,10793
osm:node/11730081710,10794
osm:node/11732361947,10795
osm:node/11732383822,10796
osm:node/11734459582,10797
osm:node/11736810160,10798
osm:node/11736820329,10799
osm:node/11745555863,10800
osm:node/11746577385,10801
osm:node/11746684501,10802
osm:node/11750315918,10803
osm:node/11751140628,10804
osm:node/11757828584,10805
osm:node/11757924382,10806
osm:node/11759124236,10807
osm:node/11761399962,10808
osm:node/11766879385,10809
osm:node/11767430520,10810
osm:node/11769635315,10811
osm:node/11781355103,10812
osm:node/11784544795,10813
osm:node/11795499695,10814
osm:node/11799416569,10815
osm:node/11801707373,10816
osm:node/11802665314,10817
osm:node/11809659685,10818
osm:node/11809669523,10819
osm:node/11809674615,10820
osm:node/11809674616,10821
osm:node/11810258180,10822
osm:node/11812264949,10823
osm:node/11827105342,10824
osm:node/11831598760,10825
osm:node/11833268403,10826
osm:node/11833868447,10827
osm:node/11866981823,10828
osm:node/11866981824,10829
osm:node/11871571602,10830
osm:node/11871571603,10831
osm:node/11871828502,10832
osm:node/11871923876,10833
osm:node/11873682084,10834
osm:node/11873846797,10835
osm:node/11875888511,10836
osm:node/11876273735,10837
osm:node/11876354185,10838
osm:node/11879023369,10839
osm:node/11879217491,10840
osm:node/11879368875,10841
osm:node/11880879452,10842
osm:node/11880879453,10843
osm:node/11880913957,10844
osm:node/11880913958,10845
osm:node/11883543994,10846
osm:node/11883565887,10847
osm:node/11886824896,10848
osm:node/11887203356,10849
osm:node/11887271169,10850
osm:node/11889352069,10851
osm:node/11889405669,10852
osm:node/11891801540,10853
osm:node/11896825990,10854
osm:node/11905911067,10855
osm:node/11915918058,10856
osm:node/11928163270,10857
osm:node/11931330427,10858
osm:node/11933179425,10859
osm:node/11953999686,10860
osm:node/11953999687,10861
osm:node/11958614772,10862
osm:node/11958614773,10863
osm:node/11958614774,10864
osm:node/11958724188,10865
osm:node/11958794782,10866
osm:node/11961228892,10867
osm:node/11961288950,10868
osm:node/11964434875,10869
osm:node/11964434928,10870
osm:node/11966044480,10871
osm:node/11966081819,10872
osm:node/11966412922,10873
osm:node/11967780564,10874
osm:node/11975206762,10875
osm:node/11981696855,10876
osm:node/11981696856,10877
osm:node/11983086021,10878
osm:node/11983086024,10879
osm:node/11983095637,10880
osm:node/11983648184,10881
osm:node/11985544782,10882
osm:node/11994912988,10883
osm:node/12000713266,10884
osm:node/12001174242,10885
osm:node/12001365069,10886
osm:node/12020639624,10887
osm:node/12028866970,10888
osm:node/12029835300,10889
osm:node/12032741868,10890
osm:node/12032771467,10891
osm:node/12034032824,10892
osm:node/12034078889,10893
osm:node/12037542771,10894
osm:node/12039058269,10895
osm:node/12039957951,10896
osm:node/12039986209,10897
osm:node/12044055760,10898
osm:node/12046187039,10899
osm:node/12048792534,10900
osm:node/12051055916,10901
osm:node/12059495430,10902
osm:node/12061084580,10903
osm:node/12061867805,10904
osm:node/12066234032,10905
osm:node/12068732893,10906
osm:node/12077325742,10907
osm:node/12085769399,10908
osm:node/12089176538,10909
osm:node/12089237737,10910
osm:node/12089310651,10911
osm:node/12092278462,10912
osm:node/12092298834,10913
osm:node/12095716071,10914
osm:node/12104435420,10915
osm:node/12104654356,10916
osm:node/12111206608,10917
osm:node/12111206609,10918
osm:node/12123693701,10919
osm:node/12124481977,10920
osm:node/12128367152,10921
osm:node/12140550653,10922
osm:node/12145561201,10923
osm:node/12148114196,10924
osm:node/12148163076,10925
osm:node/12155880305,10926
osm:node/12155981553,10927
osm:node/12160415301,10928
osm:node/12160714100,10929
osm:node/12161972388,10930
osm:node/12165808201,10931
osm:node/12166044117,10932
osm:node/12175011198,10933
osm:node/12184398144,10934
osm:node/12184398145,10935
osm:node/12204791403,10936
osm:node/12208482413,10937
osm:node/12209615559,10938
osm:node/12219091174,10939
osm:node/12219091181,10940
osm:node/12222053300,10941
osm:node/12222068207,10942
osm:node/12236189141,10943
osm:node/12239458206,10944
osm:node/12239489800,10945
osm:node/12246427283,10946
osm:node/12270890164,10947
osm:node/12271148391,10948
osm:node/12271149548,10949
osm:node/12278296516,10950
osm:node/12282797829,10951
osm:node/12282797830,10952
osm:node/12290124823,10953
osm:node/12294458413,10954
osm:node/12294683664,10955
osm:node/12301517263,10956
osm:node/12301781378,10957
osm:node/12301821323,10958
osm:node/12303959356,10959
osm:node/12305680304,10960
osm:node/12306873833,10961
osm:node/12307225323,10962
osm:node/12307225449,10963
osm:node/12307233033,10964
osm:node/12307242190,10965
osm:node/12307243106,10966
osm:node/12309384058,10967
osm:node/12309413030,10968
osm:node/12316343840,10969
osm:node/12318710986,10970
osm:node/12320568502,10971
osm:node/12326788301,10972
osm:node/12327396366,10973
osm:node/12329247221,10974
osm:node/12329556724,10975
osm:node/12347996829,10976
osm:node/12356582998,10977
osm:node/12369193501,10978
osm:node/12372344327,10979
osm:node/12388948601,10980
osm:node/12390061741,10981
osm:node/12390124794,10982
osm:node/12394936872,10983
osm:node/12394946657,10984
osm:node/12400992181,10985
osm:node/12401840356,10986
osm:node/12406119081,10987
osm:node/12407314721,10988
osm:node/12438504501,10989
osm:node/12462648576,10990
osm:node/12469905611,10991
osm:node/12471960302,10992
osm:node/12475401943,10993
osm:node/12475601309,10994
osm:node/12479126905,10995
osm:node/12484147863,10996
osm:node/12486592866,10997
osm:node/12488336144,10998
osm:node/12494926970,10999
osm:node/12499162907,11000
osm:node/12499175428,11001
osm:node/12504220168,11002
osm:node/12504235421,11003
osm:node/12504235424,11004
osm:node/12504235425,11005
osm:node/12504235446,11006
osm:node/12504235447,11007
osm:node/12505531731,11008
osm:node/12509538012,11009
osm:node/12518706125,11010
osm:node/12531633058,11011
osm:node/12531963923,11012
osm:node/12531963924,11013
osm:node/12579243645,11014
osm:node/12579247601,11015
osm:node/12580074018,11016
osm:node/12580470174,11017
osm:node/12589810791,11018
osm:node/12589810792,11019
osm:node/12595879048,11020
osm:node/12595879049,11021
osm:node/12595879050,11022
osm:node/12597726457,11023
osm:node/12609294004,11024
osm:node/12615296469,11025
osm:node/12618321113,11026
osm:node/12626404942,11027
osm:node/12628755473,11028
osm:node/12639491388,11029
osm:node/12645173760,11030
osm:node/12645173761,11031
osm:node/12647391484,11032
osm:node/12647611852,11033
osm:node/12652837503,11034
osm:node/12656235624,11035
osm:node/12656854236,11036
osm:node/12656864184,11037
osm:node/12656864185,11038
osm:node/12656867975,11039
osm:node/12656868366,11040
osm:node/12660759048,11041
osm:node/12667651524,11042
osm:node/12669822423,11043
osm:node/12669890212,11044
osm:node/12670337320,11045
osm:node/12673098138,11046
osm:node/12676215853,11047
osm:node/12676233747,11048
osm:node/12690733345,11049
osm:node/12691202411,11050
osm:node/12692543154,11051
osm:node/12694665202,11052
osm:node/12695044201,11053
osm:node/12705242847,11054
osm:node/12709762937,11055
osm:node/12726232460,11056
osm:node/12732463812,11057
osm:node/12732479403,11058
osm:node/12736564589,11059
osm:node/12736817462,11060
osm:node/12736827891,11061
osm:node/12736827892,11062
osm:node/12736827893,11063
osm:node/12748631406,11064
osm:node/12749840242,11065
osm:node/12754311201,11066
osm:node/12754675001,11067
osm:node/12755204399,11068
osm:node/12760448299,11069
osm:node/12770035529,11070
osm:node/12777827002,11071
osm:node/12779205767,11072
osm:node/12782867540,11073
osm:node/12785383501,11074
osm:node/12788240502,11075
osm:node/12790325760,11076
osm:node/12790367171,11077
osm:node/12791259160,11078
osm:node/12791691223,11079
osm:node/12791698474,11080
osm:node/12797653701,11081
osm:node/12804278506,11082
osm:node/12804278507,11083
osm:node/12806225660,11084
osm:node/12806367321,11085
osm:node/12813693101,11086
osm:node/12817101987,11087
osm:node/12827788131,11088
osm:node/12840632886,11089
osm:node/12841419375,11090
osm:node/12841419376,11091
osm:node/12841419377,11092
osm:node/12843952346,11093
osm:node/12843991021,11094
osm:node/12843991023,11095
osm:node/12843991024,11096
osm:node/12843991025,11097
osm:node/12847053875,11098
osm:node/12847063659,11099
osm:node/12849416601,11100
osm:node/12850416301,11101
osm:node/12854258625,11102
osm:node/12856203627,11103
osm:node/12858790343,11104
osm:node/12860613734,11105
osm:node/12860613737,11106
osm:node/12862599650,11107
osm:node/12862844206,11108
osm:node/12864827040,11109
osm:node/12873583302,11110
osm:node/12877238435,11111
osm:node/12877301260,11112
osm:node/12877326818,11113
osm:node/12877364871,11114
osm:node/12878561139,11115
osm:node/12878641901,11116
osm:node/12878819101,11117
osm:node/12879298181,11118
osm:node/12891666059,11119
osm:node/12906397039,11120
osm:node/12909899534,11121
osm:node/12914286982,11122
osm:node/12914319783,11123
osm:node/12921959002,11124
osm:node/12923065375,11125
osm:node/12924321524,11126
osm:node/12925441154,11127
osm:node/12945929501,11128
osm:node/12952062259,11129
osm:node/12955159318,11130
osm:node/12955159319,11131
osm:node/12955159320,11132
osm:node/12956530090,11133
osm:node/12956907135,11134
osm:node/12956967928,11135
osm:node/12961198727,11136
osm:node/12961283331,11137
osm:node/12961398501,11138
osm:node/12963994913,11139
osm:node/12985398248,11140
osm:node/12985398285,11141
osm:node/12986051921,11142
osm:node/12986147336,11143
osm:node/12990485396,11144
osm:node/12994872079,11145
osm:node/12995723091,11146
osm:node/12997206395,11147
osm:node/12997206396,11148
osm:node/12998925683,11149
osm:node/13001075387,11150
osm:node/13005930636,11151
osm:node/13007188026,11152
osm:node/13015382691,11153
osm:node/13017063043,11154
osm:node/13018782563,11155
osm:node/13021086860,11156
osm:node/13023053023,11157
osm:node/13023070531,11158
osm:node/13026907360,11159
osm:node/13031319242,11160
osm:node/13038425562,11161
osm:node/13040206837,11162
osm:node/13042858823,11163
osm:node/13046345201,11164
osm:node/13056463702,11165
osm:node/13058285812,11166
osm:node/13058289504,11167
osm:node/13058294207,11168
osm:node/13058298643,11169
osm:node/13058388409,11170
osm:node/13058567005,11171
osm:node/13059595994,11172
osm:node/13061801171,11173
osm:node/13062108601,11174
osm:node/13063743600,11175
osm:node/13068128539,11176
osm:node/13069518698,11177
osm:node/13071936696,11178
osm:node/13075702344,11179
osm:node/13075813661,11180
osm:node/13077952716,11181
osm:node/13077964588,11182
osm:node/13077993571,11183
osm:node/13077993572,11184
osm:node/13078492684,11185
osm:node/13082382820,11186
osm:node/13082439402,11187
osm:node/13082439405,11188
osm:node/13082470412,11189
osm:node/13082470414,11190
osm:node/13084973044,11191
osm:node/13085003978,11192
osm:node/13085003979,11193
osm:node/13089527873,11194
osm:node/13092490656,11195
osm:node/13094536801,11196
osm:node/13096384260,11197
osm:node/13097600410,11198
osm:node/13097600411,11199
osm:node/13097600416,11200
osm:node/13105704033,11201
osm:node/13108505301,11202
osm:node/13109184695,11203
osm:node/13110200858,11204
osm:node/13110202801,11205
osm:node/13112450036,11206
osm:node/13115036022,11207
osm:node/13116627555,11208
osm:node/13116828301,11209
osm:node/13116835857,11210
osm:node/13119602190,11211
osm:node/13119996168,11212
osm:node/13120006911,11213
osm:node/13120008384,11214
osm:node/13121319394,11215
osm:node/13121619601,11216
osm:node/13127617024,11217
osm:node/13130942301,11218
osm:node/13131530806,11219
osm:node/13131540711,11220
osm:node/13138474463,11221
osm:node/13142229664,11222
osm:node/13145062174,11223
osm:node/13146894025,11224
osm:node/13158438601,11225
osm:node/13159552397,11226
osm:node/13159563104,11227
osm:node/13159563108,11228
osm:node/13163125061,11229
osm:node/13164869702,11230
osm:node/13168040811,11231
osm:node/13169565801,11232
osm:node/13175335399,11233
osm:node/13183713759,11234
osm:node/13184401796,11235
osm:node/13192038633,11236
osm:node/13192811062,11237
osm:node/13193094935,11238
osm:node/13193552771,11239
osm:node/13193565072,11240
osm:node/13195618101,11241
osm:node/13195680009,11242
osm:node/13195888464,11243
osm:node/13195888466,11244
osm:node/13196523246,11245
osm:node/13196523247,11246
osm:node/13202585628,11247
osm:node/13203403817,11248
osm:node/13205332077,11249
osm:node/13205421213,11250
osm:node/13205615701,11251
osm:node/13205627701,11252
osm:node/13207358846,11253
osm:node/13227562782,11254
osm:node/13230703140,11255
osm:node/13233009502,11256
osm:node/13233766884,11257
osm:node/13234930201,11258
osm:node/13235206320,11259
osm:node/13236554401,11260
osm:node/13238647574,11261
osm:node/13243071254,11262
osm:node/13243688790,11263
osm:node/13249683282,11264
osm:node/13250287144,11265
osm:node/13255098905,11266
osm:node/13257352327,11267
osm:node/13259567177,11268
osm:node/13272834101,11269
osm:node/13275971977,11270
osm:node/13275971978,11271
osm:node/13288122983,11272
osm:node/13289125820,11273
osm:node/13289788551,11274
osm:node/13301674649,11275
osm:node/13306043785,11276
osm:node/13306433274,11277
osm:node/13308072624,11278
osm:node/13316129068,11279
osm:node/13320173377,11280
osm:node/13321551883,11281
osm:node/13326169320,11282
osm:node/13326206123,11283
osm:node/13326206124,11284
osm:node/13326207640,11285
osm:node/13326954001,11286
osm:node/13334488335,11287
osm:node/13336160964,11288
osm:node/13340120101,11289
osm:node/13340290045,11290
osm:node/13342613389,11291
osm:node/13352757603,11292
osm:node/13359234790,11293
osm:node/13359279517,11294
osm:node/13361217838,11295
osm:node/13361217839,11296
osm:node/13361217840,11297
osm:node/13361217841,11298
osm:node/13361217842,11299
osm:node/13361217843,11300
osm:node/13361294293,11301
osm:node/13361315618,11302
osm:node/13361933049,11303
osm:node/13362224398,11304
osm:node/13366503001,11305
osm:node/13368237353,11306
osm:node/13369059220,11307
osm:node/13369118689,11308
osm:node/13371423950,11309
osm:node/13371471643,11310
osm:node/13371756924,11311
osm:node/13373701788,11312
osm:node/13373822293,11313
osm:node/13373870622,11314
osm:node/13373988528,11315
osm:node/13377905259,11316
osm:node/13377988888,11317
osm:node/13383303255,11318
osm:node/13388476401,11319
osm:node/13392434360,11320
osm:node/13392494001,11321
osm:node/13392944163,11322
osm:node/13397390878,11323
osm:node/13414466506,11324
osm:node/13415227436,11325
osm:node/13416507150,11326
osm:node/13423554667,11327
osm:node/13428325851,11328
osm:node/13428450294,11329
osm:node/13428824317,11330
osm:node/13430422166,11331
osm:node/13431986502,11332
osm:node/13435850250,11333
osm:node/13437709930,11334
osm:node/13438258173,11335
osm:node/13439725637,11336
osm:node/13445039971,11337
osm:node/13448962201,11338
osm:node/13449551460,11339
osm:node/13452519101,11340
osm:node/13455863201,11341
osm:node/13457555820,11342
osm:node/13462168501,11343
osm:node/13462172401,11344
osm:node/13462187001,11345
osm:node/13462991890,11346
osm:node/13462991891,11347
osm:node/13466312901,11348
osm:node/13466644911,11349
osm:node/13474366591,11350
osm:node/13478344117,11351
osm:node/13481377785,11352
osm:node/13481942001,11353
osm:node/13483418889,11354
osm:node/13483437597,11355
osm:node/13502690197,11356
osm:node/13507439167,11357
osm:node/13510549368,11358
osm:node/13513193765,11359
osm:node/13514450801,11360
osm:node/13516333509,11361
osm:node/13519328110,11362
osm:node/13523512379,11363
osm:node/13525652144,11364
osm:node/13525727468,11365
osm:node/13526991688,11366
osm:node/13529164655,11367
osm:node/13531681801,11368
osm:node/13533948602,11369
osm:node/13536057979,11370
osm:node/13540474701,11371
osm:node/13540522201,11372
osm:node/13540531801,11373
osm:node/13556737128,11374
osm:node/13569652958,11375
osm:node/13569701611,11376
osm:node/13569789866,11377
osm:node/13569842187,11378
osm:node/13570209464,11379
osm:node/13573878185,11380
osm:node/13574425237,11381
osm:node/13580421050,11382
osm:node/13580421051,11383
osm:node/13587515701,11384
osm:node/13588053654,11385
osm:node/13593089237,11386
osm:node/13593125238,11387
osm:node/13596197301,11388
osm:node/13596197501,11389
osm:node/13598468703,11390
osm:node/13598509620,11391
osm:node/13603403400,11392
osm:node/13605953441,11393
osm:node/13606065026,11394
osm:node/13606382273,11395
osm:node/13611919378,11396
osm:node/13613196523,11397
osm:node/13623464490,11398
osm:node/13623486313,11399
osm:node/13624861601,11400
osm:node/13625394898,11401
osm:node/13625480801,11402
osm:node/13630928998,11403
osm:node/13638057498,11404
osm:node/13641112807,11405
osm:node/13643675445,11406
osm:node/13645685331,11407
osm:node/13652695440,11408
osm:node/13652696967,11409
osm:node/13652734407,11410
osm:node/13652739728,11411
osm:node/13653781236,11412
osm:node/13658982127,11413
osm:node/13661220198,11414
osm:node/13669278129,11415
osm:node/13671865604,11416
osm:node/13672784712,11417
osm:node/13672784726,11418
osm:node/13675703805,11419
osm:node/13675703806,11420
osm:node/13681113501,11421
osm:node/13682971001,11422
osm:node/13686767884,11423
osm:node/13695374059,11424
osm:node/13699042601,11425
osm:node/13699043901,11426
osm:node/13700933401,11427
osm:node/13700938801,11428
osm:node/13709165801,11429
osm:node/13710784895,11430
osm:node/13711367601,11431
osm:node/13716240424,11432
osm:node/13716848564,11433
osm:node/13717312085,11434
osm:node/13720115987,11435
osm:node/13721168110,11436
osm:node/13722657687,11437
osm:node/13723713246,11438
osm:node/13723725639,11439
osm:node/13724826846,11440
osm:node/13724826848,11441
osm:node/13725001687,11442
osm:node/13725001688,11443
osm:node/13725718871,11444
osm:node/13737041501,11445
osm:node/13737088601,11446
osm:node/13745002707,11447
osm:node/13746038877,11448
osm:node/13746112821,11449
osm:node/13746114839,11450
osm:node/13746228374,11451
osm:node/13749706758,11452
osm:node/13750457902,11453
osm:node/13752116577,11454
osm:node/13755079147,11455
osm:node/13755097223,11456
osm:node/13755113424,11457
osm:node/13755150402,11458
osm:node/13755161422,11459
osm:node/13755210806,11460
osm:node/13755860595,11461
osm:node/13759587601,11462
osm:node/13764524510,11463
osm:node/13764699034,11464
osm:node/13764699035,11465
osm:node/13764868833,11466
osm:node/13765651173,11467
osm:node/13769608777,11468
osm:node/13770602496,11469
osm:node/13774385423,11470
osm:node/13779321658,11471
osm:node/13784497765,11472
osm:node/13784656801,11473
osm:node/13790059581,11474
osm:node/13798558692,11475
osm:node/13798584790,11476
osm:node/13799282542,11477
osm:node/13800981201,11478
osm:node/13806116454,11479
osm:node/13811407101,11480
osm:node/13814910275,11481
osm:node/13814910276,11482
osm:node/13814910277,11483
osm:node/13814994097,11484
osm:node/13814994099,11485
osm:node/13814994100,11486
osm:node/13815008601,11487
osm:node/13820770624,11488
osm:node/13827401901,11489
osm:node/13835618345,11490
osm:node/13845357330,11491
osm:node/13851573832,11492
osm:node/13851573833,11493
osm:node/13851573864,11494
osm:node/13851573865,11495
osm:node/13851573873,11496
osm:node/13851573874,11497
osm:node/13857472436,11498
osm:node/13861107811,11499
osm:node/13881477397,11500
osm:node/13895573970,11501
osm:node/13897799801,11502
osm:node/13899154180,11503
osm:node/13899201375,11504
osm:node/13900544101,11505
osm:node/13902465716,11506
osm:node/13908374102,11507
osm:node/13909342093,11508
osm:node/13909450553,11509
osm:node/13910246657,11510
osm:node/13917170768,11511
osm:node/13928620201,11512
osm:node/13929174857,11513
osm:node/13930600201,11514
osm:node/13930600203,11515
osm:node/13930602601,11516
osm:node/13930769694,11517
osm:node/13936476301,11518
osm:node/13936819586,11519
osm:node/13946305411,11520
osm:node/13946429615,11521
osm:node/13947342605,11522
osm:node/13947794558,11523
osm:node/13947937801,11524
osm:node/13955420601,11525
osm:node/13957543754,11526
osm:node/13958613578,11527
osm:node/13959437023,11528
osm:node/13959976601,11529
osm:node/13961944701,11530
osm:node/13968631659,11531
osm:node/13968631660,11532
osm:node/13968631664,11533
osm:node/13970165991,11534
osm:node/13970478650,11535
osm:node/13980155216,11536
osm:node/13982731318,11537
osm:node/13985203528,11538
osm:node/13985203529,11539
osm:node/13989520239,11540
osm:node/13990199339,11541
osm:node/13990380234,11542
osm:node/13994455508,11543
osm:node/14011233112,11544
osm:node/14017166701,11545
osm:node/14026898936,11546
osm:node/14028369306,11547
osm:node/14028442320,11548
osm:node/14031051237,11549
osm:node/14032182145,11550
osm:node/14032182147,11551
osm:node/14038965577,11552
osm:node/14053242401,11553
osm:node/14053247601,11554
osm:node/14062376454,11555
osm:node/14068724792,11556
osm:node/14069059990,11557
osm:node/14069105842,11558
osm:node/14069127767,11559
osm:node/14069127769,11560
osm:node/14069127771,11561
osm:node/14069243544,11562
osm:node/14069243554,11563
osm:node/14069243556,11564
osm:node/14069243557,11565
osm:node/14069243559,11566
osm:node/14077510292,11567
osm:node/14078779492,11568
osm:node/14078787201,11569
osm:node/14080865592,11570
osm:node/14088169675,11571
osm:node/14088428519,11572
osm:node/14088697601,11573
osm:node/14091925901,11574
osm:node/14094529001,11575
osm:node/14095288101,11576
osm:node/14096247801,11577
osm:node/14096247802,11578
osm:node/14096248001,11579
osm:node/14096618993,11580
osm:node/14096960904,11581
osm:node/14100442301,11582
osm:node/14100816601,11583
osm:node/14102577101,11584
osm:node/14104803481,11585
osm:node/14107669201,11586
osm:node/14114691350,11587
osm:node/14120258429,11588
osm:node/14120384916,11589
osm:node/14123157274,11590
osm:node/14123174289,11591
osm:node/14123183687,11592
osm:node/14132315495,11593
osm:node/14132925517,11594
osm:node/14132926878,11595
osm:node/14136957301,11596
osm:node/14139614996,11597
osm:node/14142762242,11598
osm:node/14142856579,11599
osm:node/14142856583,11600
osm:node/14145324116,11601
osm:node/14148198101,11602
osm:node/14154914302,11603
osm:node/14155726758,11604
osm:node/14162339521,11605
osm:node/14162478924,11606
osm:node/14162595501,11607
osm:node/14166983273,11608
osm:node/14166993799,11609
osm:node/14174491001,11610
osm:node/14174800001,11611
osm:node/14181459538,11612
osm:node/14181560560,11613
osm:node/14191376569,11614
osm:node/14192262801,11615
osm:node/14196847103,11616
osm:node/14197250101,11617
osm:node/14203318087,11618
osm:node/14206717501,11619
osm:node/14209022132,11620
osm:node/14212166339,11621
osm:node/14213675845,11622
osm:node/14214801432,11623
osm:node/14218528705,11624
osm:node/14219038493,11625
osm:node/14219086527,11626
osm:way/10121567,11627
osm:way/10628954,11628
osm:way/10943295,11629
osm:way/10943400,11630
osm:way/10945322,11631
osm:way/10948396,11632
osm:way/13709239,11633
osm:way/13774222,11634
osm:way/13774353,11635
osm:way/13774419,11636
osm:way/13774783,11637
osm:way/13774826,11638
osm:way/13774861,11639
osm:way/23098031,11640
osm:way/23098033,11641
osm:way/23329527,11642
osm:way/23654501,11643
osm:way/23813300,11644
osm:way/23813303,11645
osm:way/23813336,11646
osm:way/24223329,11647
osm:way/24232547,11648
osm:way/24287622,11649
osm:way/24287687,11650
osm:way/24369373,11651
osm:way/25004080,11652
osm:way/25004081,11653
osm:way/25580176,11654
osm:way/26203600,11655
osm:way/26227852,11656
osm:way/26259458,11657
osm:way/26259555,11658
osm:way/26300520,11659
osm:way/26300541,11660
osm:way/26300555,11661
osm:way/26300572,11662
osm:way/26301731,11663
osm:way/26301738,11664
osm:way/26345013,11665
osm:way/26350801,11666
osm:way/26350839,11667
osm:way/26350930,11668
osm:way/26358446,11669
osm:way/26382936,11670
osm:way/26386408,11671
osm:way/26391967,11672
osm:way/26399379,11673
osm:way/26399702,11674
osm:way/26399703,11675
osm:way/26405754,11676
osm:way/26406516,11677
osm:way/26434870,11678
osm:way/26434876,11679
osm:way/26435077,11680
osm:way/26435087,11681
osm:way/26450671,11682
osm:way/26461111,11683
osm:way/26461115,11684
osm:way/26461119,11685
osm:way/26461134,11686
osm:way/26461141,11687
osm:way/26468447,11688
osm:way/26468448,11689
osm:way/26504119,11690
osm:way/26505605,11691
osm:way/26506166,11692
osm:way/26516542,11693
osm:way/26516547,11694
osm:way/26581378,11695
osm:way/26581547,11696
osm:way/26583717,11697
osm:way/26584060,11698
osm:way/26584062,11699
osm:way/26584103,11700
osm:way/26615758,11701
osm:way/26640698,11702
osm:way/26640703,11703
osm:way/26640710,11704
osm:way/26640765,11705
osm:way/26640813,11706
osm:way/26640823,11707
osm:way/26640831,11708
osm:way/26640835,11709
osm:way/26640840,11710
osm:way/26640847,11711
osm:way/26640850,11712
osm:way/26640853,11713
osm:way/26640864,11714
osm:way/26640866,11715
osm:way/26640871,11716
osm:way/26640882,11717
osm:way/26640912,11718
osm:way/26640916,11719
osm:way/26640930,11720
osm:way/26641725,11721
osm:way/26641729,11722
osm:way/26641772,11723
osm:way/26643705,11724
osm:way/26643855,11725
osm:way/26667518,11726
osm:way/26700028,11727
osm:way/26721761,11728
osm:way/26763988,11729
osm:way/26764002,11730
osm:way/26764006,11731
osm:way/26764011,11732
osm:way/26785511,11733
osm:way/26937799,11734
osm:way/26960349,11735
osm:way/26960522,11736
osm:way/27041440,11737
osm:way/27043451,11738
osm:way/27043589,11739
osm:way/27057044,11740
osm:way/27057955,11741
osm:way/27064638,11742
osm:way/27064662,11743
osm:way/27167773,11744
osm:way/27174754,11745
osm:way/27210453,11746
osm:way/27210457,11747
osm:way/27211654,11748
osm:way/27211669,11749
osm:way/27211972,11750
osm:way/27211975,11751
osm:way/27211983,11752
osm:way/27212004,11753
osm:way/27212286,11754
osm:way/27240345,11755
osm:way/27452554,11756
osm:way/27460687,11757
osm:way/27479674,11758
osm:way/27494512,11759
osm:way/27500974,11760
osm:way/27500975,11761
osm:way/27500994,11762
osm:way/27500995,11763
osm:way/27500996,11764
osm:way/27500997,11765
osm:way/27501226,11766
osm:way/27501230,11767
osm:way/27540866,11768
osm:way/27580045,11769
osm:way/27631944,11770
osm:way/27674111,11771
osm:way/27674120,11772
osm:way/27674123,11773
osm:way/27674129,11774
osm:way/27674141,11775
osm:way/27674332,11776
osm:way/27674337,11777
osm:way/27674384,11778
osm:way/27674932,11779
osm:way/27711412,11780
osm:way/27716367,11781
osm:way/27716369,11782
osm:way/27893425,11783
osm:way/27893440,11784
osm:way/27940613,11785
osm:way/28019006,11786
osm:way/28019007,11787
osm:way/28034626,11788
osm:way/28053267,11789
osm:way/28159271,11790
osm:way/28214656,11791
osm:way/28214675,11792
osm:way/28279244,11793
osm:way/28335596,11794
osm:way/28422441,11795
osm:way/28423824,11796
osm:way/28456480,11797
osm:way/28687244,11798
osm:way/28687247,11799
osm:way/28713228,11800
osm:way/28801326,11801
osm:way/28801807,11802
osm:way/28809157,11803
osm:way/28870102,11804
osm:way/28918592,11805
osm:way/28918619,11806
osm:way/28918632,11807
osm:way/28918640,11808
osm:way/28974899,11809
osm:way/28975030,11810
osm:way/28975032,11811
osm:way/28975040,11812
osm:way/28975062,11813
osm:way/28997013,11814
osm:way/28997023,11815
osm:way/29072354,11816
osm:way/29130836,11817
osm:way/29135446,11818
osm:way/29136225,11819
osm:way/29136241,11820
osm:way/29139745,11821
osm:way/29178632,11822
osm:way/29181647,11823
osm:way/29201754,11824
osm:way/29208590,11825
osm:way/29208629,11826
osm:way/29209156,11827
osm:way/29221264,11828
osm:way/29221268,11829
osm:way/29221272,11830
osm:way/29249875,11831
osm:way/29253889,11832
osm:way/29278132,11833
osm:way/29281291,11834
osm:way/29283916,11835
osm:way/29283926,11836
osm:way/29283940,11837
osm:way/29283960,11838
osm:way/29283966,11839
osm:way/29300648,11840
osm:way/29304078,11841
osm:way/29319441,11842
osm:way/29319509,11843
osm:way/29321362,11844
osm:way/29321377,11845
osm:way/29321389,11846
osm:way/29334692,11847
osm:way/29395520,11848
osm:way/29395522,11849
osm:way/29395524,11850
osm:way/29395526,11851
osm:way/29395527,11852
osm:way/29398106,11853
osm:way/29399984,11854
osm:way/29399989,11855
osm:way/29417979,11856
osm:way/29435919,11857
osm:way/29435928,11858
osm:way/29450031,11859
osm:way/29450052,11860
osm:way/29512523,11861
osm:way/29641385,11862
osm:way/29641518,11863
osm:way/29695878,11864
osm:way/29700231,11865
osm:way/29700237,11866
osm:way/29700243,11867
osm:way/29700246,11868
osm:way/29700250,11869
osm:way/29702006,11870
osm:way/29710536,11871
osm:way/29799599,11872
osm:way/29799610,11873
osm:way/29879928,11874
osm:way/29881391,11875
osm:way/29972393,11876
osm:way/30011177,11877
osm:way/30011183,11878
osm:way/30011186,11879
osm:way/30113479,11880
osm:way/30199895,11881
osm:way/30199900,11882
osm:way/30254324,11883
osm:way/30343456,11884
osm:way/30343689,11885
osm:way/30410182,11886
osm:way/30412244,11887
osm:way/30447424,11888
osm:way/30454805,11889
osm:way/30528334,11890
osm:way/30796273,11891
osm:way/30816964,11892
osm:way/30824798,11893
osm:way/30826172,11894
osm:way/30826247,11895
osm:way/30994988,11896
osm:way/31101025,11897
osm:way/31114028,11898
osm:way/31114041,11899
osm:way/31321184,11900
osm:way/31321185,11901
osm:way/31362681,11902
osm:way/31426418,11903
osm:way/31428412,11904
osm:way/31471118,11905
osm:way/31471212,11906
osm:way/31471214,11907
osm:way/31471217,11908
osm:way/31471388,11909
osm:way/31472469,11910
osm:way/31516592,11911
osm:way/31779049,11912
osm:way/31830643,11913
osm:way/31830681,11914
osm:way/31830729,11915
osm:way/31894045,11916
osm:way/32113502,11917
osm:way/32215489,11918
osm:way/32314891,11919
osm:way/32315676,11920
osm:way/32562632,11921
osm:way/32939313,11922
osm:way/32939317,11923
osm:way/32958049,11924
osm:way/32958246,11925
osm:way/33100167,11926
osm:way/33362158,11927
osm:way/33362550,11928
osm:way/33437255,11929
osm:way/33619892,11930
osm:way/34155951,11931
osm:way/34291651,11932
osm:way/34389399,11933
osm:way/34778085,11934
osm:way/35355600,11935
osm:way/35360761,11936
osm:way/36117693,11937
osm:way/36191354,11938
osm:way/36327563,11939
osm:way/36327569,11940
osm:way/36725226,11941
osm:way/36769682,11942
osm:way/36771241,11943
osm:way/36828828,11944
osm:way/36857060,11945
osm:way/36857061,11946
osm:way/36882653,11947
osm:way/36908908,11948
osm:way/36937714,11949
osm:way/36940536,11950
osm:way/37045430,11951
osm:way/37329654,11952
osm:way/38182530,11953
osm:way/38182587,11954
osm:way/38182844,11955
osm:way/38183248,11956
osm:way/38891404,11957
osm:way/38891410,11958
osm:way/39226332,11959
osm:way/39349418,11960
osm:way/42352926,11961
osm:way/42772888,11962
osm:way/43122622,11963
osm:way/43328267,11964
osm:way/43403450,11965
osm:way/44384736,11966
osm:way/44384737,11967
osm:way/44386366,11968
osm:way/44386367,11969
osm:way/44389809,11970
osm:way/44546559,11971
osm:way/44842798,11972
osm:way/45760203,11973
osm:way/45760804,11974
osm:way/47445447,11975
osm:way/47498498,11976
osm:way/47498504,11977
osm:way/48545725,11978
osm:way/48545728,11979
osm:way/48834386,11980
osm:way/49040780,11981
osm:way/49071718,11982
osm:way/49151736,11983
osm:way/49684521,11984
osm:way/50593149,11985
osm:way/50642877,11986
osm:way/50913969,11987
osm:way/51261156,11988
osm:way/51263354,11989
osm:way/51342836,11990
osm:way/52390100,11991
osm:way/53257552,11992
osm:way/53445972,11993
osm:way/53752550,11994
osm:way/54906540,11995
osm:way/56245817,11996
osm:way/56466673,11997
osm:way/56788250,11998
osm:way/59847152,11999
osm:way/59847158,12000
osm:way/60561336,12001
osm:way/61887485,12002
osm:way/62149225,12003
osm:way/62149465,12004
osm:way/64137393,12005
osm:way/68314660,12006
osm:way/70011798,12007
osm:way/70011801,12008
osm:way/74310447,12009
osm:way/75107151,12010
osm:way/75107164,12011
osm:way/77703672,12012
osm:way/78872691,12013
osm:way/79182469,12014
osm:way/80018917,12015
osm:way/80363891,12016
osm:way/80801682,12017
osm:way/80882751,12018
osm:way/80882753,12019
osm:way/80882758,12020
osm:way/81101999,12021
osm:way/81389869,12022
osm:way/82204169,12023
osm:way/82551346,12024
osm:way/82551350,12025
osm:way/83500444,12026
osm:way/83500445,12027
osm:way/83500449,12028
osm:way/83500450,12029
osm:way/83500451,12030
osm:way/83649418,12031
osm:way/83649421,12032
osm:way/84467225,12033
osm:way/84467235,12034
osm:way/84821146,12035
osm:way/86120700,12036
osm:way/88142213,12037
osm:way/88142538,12038
osm:way/88266678,12039
osm:way/88369056,12040
osm:way/88369058,12041
osm:way/89094508,12042
osm:way/89535514,12043
osm:way/89593965,12044
osm:way/90027566,12045
osm:way/90350277,12046
osm:way/90991377,12047
osm:way/91614497,12048
osm:way/91891524,12049
osm:way/91891525,12050
osm:way/93107236,12051
osm:way/93107260,12052
osm:way/93107394,12053
osm:way/93107430,12054
osm:way/93107433,12055
osm:way/93897147,12056
osm:way/93897157,12057
osm:way/93903504,12058
osm:way/94246035,12059
osm:way/94437534,12060
osm:way/95667405,12061
osm:way/96056573,12062
osm:way/96131098,12063
osm:way/96206690,12064
osm:way/97207945,12065
osm:way/97667638,12066
osm:way/97982224,12067
osm:way/97982225,12068
osm:way/97982235,12069
osm:way/98105901,12070
osm:way/98105904,12071
osm:way/98230550,12072
osm:way/98230557,12073
osm:way/98281099,12074
osm:way/98383571,12075
osm:way/98747800,12076
osm:way/99618972,12077
osm:way/99660200,12078
osm:way/99660201,12079
osm:way/100146630,12080
osm:way/100146850,12081
osm:way/100461791,12082
osm:way/100461793,12083
osm:way/100534280,12084
osm:way/100956655,12085
osm:way/100956665,12086
osm:way/100963251,12087
osm:way/100968670,12088
osm:way/101002726,12089
osm:way/101211659,12090
osm:way/101369897,12091
osm:way/101740846,12092
osm:way/101740849,12093
osm:way/102355639,12094
osm:way/102630713,12095
osm:way/104345102,12096
osm:way/104446849,12097
osm:way/104495951,12098
osm:way/104516880,12099
osm:way/104516882,12100
osm:way/104516890,12101
osm:way/104516893,12102
osm:way/104984728,12103
osm:way/104984744,12104
osm:way/105033500,12105
osm:way/105033501,12106
osm:way/105055188,12107
osm:way/105055198,12108
osm:way/105055214,12109
osm:way/105079529,12110
osm:way/105208763,12111
osm:way/105208768,12112
osm:way/105308801,12113
osm:way/105506532,12114
osm:way/105618494,12115
osm:way/105712311,12116
osm:way/107047794,12117
osm:way/107196195,12118
osm:way/108353942,12119
osm:way/108842604,12120
osm:way/109180468,12121
osm:way/109180473,12122
osm:way/109690836,12123
osm:way/109690843,12124
osm:way/110311466,12125
osm:way/110980885,12126
osm:way/110980888,12127
osm:way/110982381,12128
osm:way/110982384,12129
osm:way/111351054,12130
osm:way/115385784,12131
osm:way/116401483,12132
osm:way/116615579,12133
osm:way/116676026,12134
osm:way/116701199,12135
osm:way/117047428,12136
osm:way/117047631,12137
osm:way/117325640,12138
osm:way/117325641,12139
osm:way/117325642,12140
osm:way/117744488,12141
osm:way/118749658,12142
osm:way/119397879,12143
osm:way/119516797,12144
osm:way/119905732,12145
osm:way/120589833,12146
osm:way/120739913,12147
osm:way/120858401,12148
osm:way/121064660,12149
osm:way/121144657,12150
osm:way/121806642,12151
osm:way/121956234,12152
osm:way/122258784,12153
osm:way/123353718,12154
osm:way/123353935,12155
osm:way/124322454,12156
osm:way/124398424,12157
osm:way/124434535,12158
osm:way/124434537,12159
osm:way/124485854,12160
osm:way/125630271,12161
osm:way/126138839,12162
osm:way/126138844,12163
osm:way/126138855,12164
osm:way/127101482,12165
osm:way/127101485,12166
osm:way/128431184,12167
osm:way/129648992,12168
osm:way/130630497,12169
osm:way/130634119,12170
osm:way/130634121,12171
osm:way/130634125,12172
osm:way/130645763,12173
osm:way/130645765,12174
osm:way/130645767,12175
osm:way/130646606,12176
osm:way/130737752,12177
osm:way/130742991,12178
osm:way/131110125,12179
osm:way/132527254,12180
osm:way/132528405,12181
osm:way/132702579,12182
osm:way/132702586,12183
osm:way/132702596,12184
osm:way/132709647,12185
osm:way/132710079,12186
osm:way/132789529,12187
osm:way/132858356,12188
osm:way/133128089,12189
osm:way/133373016,12190
osm:way/133387751,12191
osm:way/133387752,12192
osm:way/133387968,12193
osm:way/133618467,12194
osm:way/133677620,12195
osm:way/133791327,12196
osm:way/133862470,12197
osm:way/134019193,12198
osm:way/134019195,12199
osm:way/135512853,12200
osm:way/135770973,12201
osm:way/136217388,12202
osm:way/136322935,12203
osm:way/136447717,12204
osm:way/136447721,12205
osm:way/136447723,12206
osm:way/136656298,12207
osm:way/136708679,12208
osm:way/136885385,12209
osm:way/136969337,12210
osm:way/137845611,12211
osm:way/138314025,12212
osm:way/138361734,12213
osm:way/138464343,12214
osm:way/138514794,12215
osm:way/138514795,12216
osm:way/138920810,12217
osm:way/138963364,12218
osm:way/138963365,12219
osm:way/139000865,12220
osm:way/139000866,12221
osm:way/140125339,12222
osm:way/140126414,12223
osm:way/140311941,12224
osm:way/140334742,12225
osm:way/140560359,12226
osm:way/140585046,12227
osm:way/140766878,12228
osm:way/140768881,12229
osm:way/141104069,12230
osm:way/141123634,12231
osm:way/141265145,12232
osm:way/142044910,12233
osm:way/144285852,12234
osm:way/144425639,12235
osm:way/144438170,12236
osm:way/144716367,12237
osm:way/146402728,12238
osm:way/146827489,12239
osm:way/146834180,12240
osm:way/147127053,12241
osm:way/147127056,12242
osm:way/147127058,12243
osm:way/147127059,12244
osm:way/147127060,12245
osm:way/147127061,12246
osm:way/149504492,12247
osm:way/150102042,12248
osm:way/150246342,12249
osm:way/152235190,12250
osm:way/152235213,12251
osm:way/153296461,12252
osm:way/153296462,12253
osm:way/153530198,12254
osm:way/153530199,12255
osm:way/154348596,12256
osm:way/154394622,12257
osm:way/154511887,12258
osm:way/154511890,12259
osm:way/154563608,12260
osm:way/154863142,12261
osm:way/155033501,12262
osm:way/155033503,12263
osm:way/155120092,12264
osm:way/155120093,12265
osm:way/155156237,12266
osm:way/155270043,12267
osm:way/155364426,12268
osm:way/157110605,12269
osm:way/157247537,12270
osm:way/158028099,12271
osm:way/158329822,12272
osm:way/158383647,12273
osm:way/158383649,12274
osm:way/158515288,12275
osm:way/158515292,12276
osm:way/158515299,12277
osm:way/158722447,12278
osm:way/158728397,12279
osm:way/158730051,12280
osm:way/158730055,12281
osm:way/158730070,12282
osm:way/158935686,12283
osm:way/159160990,12284
osm:way/159246057,12285
osm:way/159246058,12286
osm:way/159246059,12287
osm:way/159314351,12288
osm:way/159401369,12289
osm:way/159589148,12290
osm:way/159912573,12291
osm:way/160577110,12292
osm:way/160577111,12293
osm:way/160577113,12294
osm:way/160577114,12295
osm:way/160656329,12296
osm:way/160759665,12297
osm:way/160892784,12298
osm:way/160893216,12299
osm:way/161071041,12300
osm:way/161313886,12301
osm:way/161610250,12302
osm:way/161845516,12303
osm:way/162147175,12304
osm:way/162176306,12305
osm:way/162580594,12306
osm:way/163120574,12307
osm:way/163647681,12308
osm:way/163975961,12309
osm:way/164005019,12310
osm:way/164053818,12311
osm:way/164056921,12312
osm:way/164721295,12313
osm:way/165346145,12314
osm:way/165715173,12315
osm:way/166029597,12316
osm:way/166220706,12317
osm:way/166642310,12318
osm:way/166750360,12319
osm:way/166750365,12320
osm:way/166858412,12321
osm:way/168104374,12322
osm:way/168275545,12323
osm:way/168584676,12324
osm:way/169082192,12325
osm:way/169082193,12326
osm:way/169263159,12327
osm:way/169478529,12328
osm:way/171691814,12329
osm:way/172049755,12330
osm:way/172049756,12331
osm:way/172049759,12332
osm:way/172049760,12333
osm:way/172049762,12334
osm:way/172073178,12335
osm:way/172404825,12336
osm:way/172457248,12337
osm:way/172589229,12338
osm:way/172800492,12339
osm:way/172941403,12340
osm:way/173165959,12341
osm:way/173165961,12342
osm:way/173168404,12343
osm:way/173168406,12344
osm:way/173168407,12345
osm:way/173168408,12346
osm:way/173168409,12347
osm:way/173168410,12348
osm:way/173168411,12349
osm:way/173168412,12350
osm:way/173168413,12351
osm:way/173168414,12352
osm:way/173168415,12353
osm:way/173168416,12354
osm:way/173168417,12355
osm:way/173168419,12356
osm:way/173168421,12357
osm:way/173168423,12358
osm:way/173535101,12359
osm:way/173894802,12360
osm:way/173906305,12361
osm:way/174135413,12362
osm:way/174135414,12363
osm:way/174135415,12364
osm:way/174135416,12365
osm:way/174135417,12366
osm:way/174135418,12367
osm:way/174135421,12368
osm:way/174135422,12369
osm:way/174135423,12370
osm:way/174135424,12371
osm:way/174135426,12372
osm:way/174135427,12373
osm:way/174135428,12374
osm:way/174135429,12375
osm:way/174135430,12376
osm:way/174135431,12377
osm:way/174135432,12378
osm:way/174135433,12379
osm:way/174135434,12380
osm:way/174135435,12381
osm:way/174135437,12382
osm:way/174135438,12383
osm:way/174135439,12384
osm:way/174135440,12385
osm:way/174135441,12386
osm:way/174135442,12387
osm:way/174135443,12388
osm:way/174135444,12389
osm:way/174135445,12390
osm:way/174135446,12391
osm:way/174135447,12392
osm:way/174269664,12393
osm:way/174269670,12394
osm:way/174516793,12395
osm:way/174649559,12396
osm:way/174790786,12397
osm:way/174861947,12398
osm:way/174865980,12399
osm:way/174874180,12400
osm:way/174880861,12401
osm:way/174967415,12402
osm:way/175029500,12403
osm:way/175147553,12404
osm:way/175326927,12405
osm:way/175326971,12406
osm:way/175484400,12407
osm:way/175488643,12408
osm:way/175507228,12409
osm:way/175811539,12410
osm:way/175814607,12411
osm:way/175898587,12412
osm:way/176338503,12413
osm:way/176338504,12414
osm:way/176384783,12415
osm:way/176697634,12416
osm:way/176697635,12417
osm:way/176697636,12418
osm:way/176697637,12419
osm:way/177390428,12420
osm:way/177390429,12421
osm:way/177656464,12422
osm:way/177689895,12423
osm:way/178145436,12424
osm:way/178702578,12425
osm:way/178702580,12426
osm:way/178849125,12427
osm:way/178849126,12428
osm:way/178858832,12429
osm:way/179016929,12430
osm:way/179026188,12431
osm:way/179183000,12432
osm:way/179183001,12433
osm:way/179183002,12434
osm:way/179183003,12435
osm:way/179341014,12436
osm:way/179505979,12437
osm:way/179604848,12438
osm:way/179604855,12439
osm:way/179892558,12440
osm:way/180311135,12441
osm:way/180311136,12442
osm:way/180311155,12443
osm:way/180390032,12444
osm:way/180390035,12445
osm:way/180622925,12446
osm:way/180711558,12447
osm:way/180714489,12448
osm:way/180820641,12449
osm:way/181338733,12450
osm:way/182212626,12451
osm:way/182456244,12452
osm:way/182566494,12453
osm:way/183041206,12454
osm:way/183041207,12455
osm:way/183162129,12456
osm:way/183169284,12457
osm:way/183336951,12458
osm:way/183616032,12459
osm:way/183743929,12460
osm:way/183923604,12461
osm:way/184309619,12462
osm:way/185328291,12463
osm:way/185408089,12464
osm:way/185408092,12465
osm:way/185474974,12466
osm:way/185811570,12467
osm:way/186089670,12468
osm:way/186649615,12469
osm:way/186867086,12470
osm:way/186919966,12471
osm:way/187067142,12472
osm:way/187290459,12473
osm:way/188026849,12474
osm:way/188750620,12475
osm:way/189054513,12476
osm:way/189661553,12477
osm:way/190455761,12478
osm:way/190480602,12479
osm:way/190583651,12480
osm:way/190604549,12481
osm:way/190929073,12482
osm:way/191049143,12483
osm:way/191072127,12484
osm:way/191072131,12485
osm:way/191146551,12486
osm:way/191146552,12487
osm:way/191581618,12488
osm:way/192771125,12489
osm:way/193461363,12490
osm:way/194379077,12491
osm:way/194819515,12492
osm:way/194820847,12493
osm:way/194914670,12494
osm:way/194998465,12495
osm:way/195001112,12496
osm:way/195036975,12497
osm:way/195090115,12498
osm:way/195090124,12499
osm:way/195112072,12500
osm:way/195112073,12501
osm:way/195351908,12502
osm:way/195521763,12503
osm:way/195996602,12504
osm:way/196261969,12505
osm:way/196261971,12506
osm:way/196632631,12507
osm:way/196632632,12508
osm:way/196632633,12509
osm:way/197179425,12510
osm:way/198097829,12511
osm:way/198742474,12512
osm:way/199116911,12513
osm:way/199640912,12514
osm:way/199796279,12515
osm:way/200351713,12516
osm:way/200351718,12517
osm:way/200546057,12518
osm:way/200546058,12519
osm:way/200546060,12520
osm:way/200964320,12521
osm:way/201856401,12522
osm:way/202099161,12523
osm:way/202099164,12524
osm:way/202099166,12525
osm:way/202099168,12526
osm:way/202506195,12527
osm:way/202619053,12528
osm:way/202755044,12529
osm:way/202757697,12530
osm:way/202890378,12531
osm:way/203008522,12532
osm:way/203707812,12533
osm:way/203994881,12534
osm:way/204014378,12535
osm:way/204051908,12536
osm:way/204051909,12537
osm:way/204051910,12538
osm:way/204145890,12539
osm:way/204707171,12540
osm:way/204826534,12541
osm:way/204900422,12542
osm:way/205325153,12543
osm:way/206222850,12544
osm:way/207022421,12545
osm:way/207368021,12546
osm:way/207368022,12547
osm:way/207516805,12548
osm:way/207528336,12549
osm:way/207606329,12550
osm:way/207697712,12551
osm:way/208536554,12552
osm:way/209873109,12553
osm:way/209873110,12554
osm:way/210022524,12555
osm:way/211740719,12556
osm:way/214262471,12557
osm:way/214304976,12558
osm:way/214304977,12559
osm:way/214577185,12560
osm:way/214854075,12561
osm:way/215830970,12562
osm:way/217298558,12563
osm:way/218562227,12564
osm:way/218911981,12565
osm:way/219368939,12566
osm:way/220023191,12567
osm:way/220469659,12568
osm:way/220534241,12569
osm:way/222350021,12570
osm:way/222688838,12571
osm:way/222871403,12572
osm:way/223104597,12573
osm:way/223326637,12574
osm:way/223392846,12575
osm:way/223392847,12576
osm:way/223392848,12577
osm:way/223392850,12578
osm:way/223635003,12579
osm:way/223676602,12580
osm:way/223688062,12581
osm:way/223688063,12582
osm:way/223688069,12583
osm:way/223693538,12584
osm:way/223693896,12585
osm:way/223824290,12586
osm:way/224260928,12587
osm:way/224664372,12588
osm:way/225410940,12589
osm:way/225647109,12590
osm:way/225707463,12591
osm:way/225707465,12592
osm:way/225707466,12593
osm:way/226307567,12594
osm:way/226512421,12595
osm:way/226558711,12596
osm:way/226559084,12597
osm:way/226565645,12598
osm:way/226565646,12599
osm:way/226565647,12600
osm:way/226565648,12601
osm:way/226565650,12602
osm:way/226866268,12603
osm:way/226866270,12604
osm:way/226866271,12605
osm:way/227053075,12606
osm:way/227703721,12607
osm:way/227703722,12608
osm:way/227703723,12609
osm:way/228012273,12610
osm:way/228012274,12611
osm:way/228339485,12612
osm:way/228626894,12613
osm:way/229258933,12614
osm:way/229971322,12615
osm:way/229971324,12616
osm:way/230295846,12617
osm:way/230487824,12618
osm:way/230488516,12619
osm:way/231147659,12620
osm:way/231363588,12621
osm:way/232312870,12622
osm:way/232792449,12623
osm:way/233594137,12624
osm:way/233594513,12625
osm:way/233705732,12626
osm:way/235998145,12627
osm:way/235998705,12628
osm:way/236617895,12629
osm:way/236827458,12630
osm:way/236827459,12631
osm:way/237247550,12632
osm:way/237735232,12633
osm:way/237735233,12634
osm:way/237735234,12635
osm:way/237735235,12636
osm:way/237735236,12637
osm:way/237740084,12638
osm:way/237740087,12639
osm:way/237740089,12640
osm:way/237767209,12641
osm:way/237767210,12642
osm:way/237842883,12643
osm:way/237859111,12644
osm:way/238036899,12645
osm:way/238138020,12646
osm:way/238240813,12647
osm:way/238376302,12648
osm:way/238376303,12649
osm:way/238381739,12650
osm:way/238767980,12651
osm:way/240877846,12652
osm:way/240886663,12653
osm:way/241010325,12654
osm:way/241094257,12655
osm:way/241094258,12656
osm:way/241094259,12657
osm:way/241094260,12658
osm:way/241111794,12659
osm:way/241112130,12660
osm:way/241112132,12661
osm:way/241112134,12662
osm:way/241112136,12663
osm:way/241112137,12664
osm:way/241112138,12665
osm:way/241112139,12666
osm:way/241112141,12667
osm:way/241112142,12668
osm:way/241112143,12669
osm:way/241174703,12670
osm:way/241428812,12671
osm:way/241428814,12672
osm:way/241733363,12673
osm:way/242751315,12674
osm:way/242751332,12675
osm:way/242848148,12676
osm:way/242848149,12677
osm:way/242983030,12678
osm:way/243087159,12679
osm:way/243637346,12680
osm:way/243666187,12681
osm:way/243993251,12682
osm:way/246050203,12683
osm:way/246344314,12684
osm:way/246629748,12685
osm:way/247054882,12686
osm:way/249047455,12687
osm:way/250031309,12688
osm:way/250520215,12689
osm:way/250559036,12690
osm:way/250816801,12691
osm:way/251554369,12692
osm:way/251554378,12693
osm:way/251554379,12694
osm:way/251554381,12695
osm:way/251677054,12696
osm:way/251678547,12697
osm:way/252795413,12698
osm:way/253455846,12699
osm:way/256584785,12700
osm:way/256584786,12701
osm:way/258984683,12702
osm:way/258984684,12703
osm:way/259220419,12704
osm:way/259610346,12705
osm:way/259610347,12706
osm:way/259610348,12707
osm:way/261460762,12708
osm:way/262533037,12709
osm:way/263140164,12710
osm:way/264904537,12711
osm:way/264904538,12712
osm:way/264904539,12713
osm:way/265411631,12714
osm:way/266232634,12715
osm:way/266510250,12716
osm:way/267205740,12717
osm:way/267205743,12718
osm:way/267385650,12719
osm:way/267385659,12720
osm:way/267385663,12721
osm:way/267385678,12722
osm:way/267385713,12723
osm:way/267385717,12724
osm:way/267385720,12725
osm:way/269952707,12726
osm:way/269952710,12727
osm:way/269952713,12728
osm:way/269952715,12729
osm:way/269952718,12730
osm:way/269952721,12731
osm:way/272256091,12732
osm:way/275420675,12733
osm:way/275898698,12734
osm:way/275980957,12735
osm:way/275980958,12736
osm:way/278060493,12737
osm:way/279366946,12738
osm:way/281547911,12739
osm:way/282209306,12740
osm:way/282737625,12741
osm:way/283595955,12742
osm:way/284054086,12743
osm:way/285013422,12744
osm:way/285192506,12745
osm:way/285543647,12746
osm:way/285960984,12747
osm:way/286606303,12748
osm:way/286606306,12749
osm:way/286965702,12750
osm:way/286965708,12751
osm:way/286965709,12752
osm:way/286965710,12753
osm:way/287631989,12754
osm:way/288961572,12755
osm:way/290208239,12756
osm:way/291278297,12757
osm:way/292355043,12758
osm:way/292356271,12759
osm:way/295085670,12760
osm:way/295289423,12761
osm:way/295289427,12762
osm:way/295854467,12763
osm:way/296175219,12764
osm:way/296394467,12765
osm:way/296627959,12766
osm:way/296892712,12767
osm:way/296988759,12768
osm:way/296989522,12769
osm:way/297285024,12770
osm:way/297517675,12771
osm:way/297517758,12772
osm:way/297537105,12773
osm:way/297604321,12774
osm:way/297604322,12775
osm:way/297632590,12776
osm:way/297862988,12777
osm:way/297863122,12778
osm:way/298301577,12779
osm:way/298854269,12780
osm:way/298900512,12781
osm:way/299252357,12782
osm:way/299618478,12783
osm:way/299704582,12784
osm:way/299704587,12785
osm:way/299749737,12786
osm:way/300012001,12787
osm:way/300550889,12788
osm:way/300745863,12789
osm:way/301720641,12790
osm:way/302749036,12791
osm:way/303129853,12792
osm:way/303129854,12793
osm:way/303545702,12794
osm:way/303545703,12795
osm:way/303545704,12796
osm:way/303545705,12797
osm:way/303545706,12798
osm:way/303545707,12799
osm:way/303545708,12800
osm:way/303545709,12801
osm:way/303545710,12802
osm:way/303545711,12803
osm:way/304847636,12804
osm:way/305079297,12805
osm:way/305129849,12806
osm:way/305129851,12807
osm:way/305131428,12808
osm:way/305503396,12809
osm:way/305610385,12810
osm:way/305674867,12811
osm:way/306278949,12812
osm:way/306433596,12813
osm:way/306904943,12814
osm:way/308267595,12815
osm:way/309413818,12816
osm:way/309455701,12817
osm:way/309562659,12818
osm:way/310043875,12819
osm:way/312080859,12820
osm:way/312080861,12821
osm:way/313076176,12822
osm:way/313685638,12823
osm:way/313685639,12824
osm:way/314763992,12825
osm:way/315262133,12826
osm:way/315756186,12827
osm:way/315756187,12828
osm:way/315756188,12829
osm:way/315756189,12830
osm:way/315756190,12831
osm:way/315756191,12832
osm:way/315756192,12833
osm:way/316421079,12834
osm:way/316470085,12835
osm:way/317021851,12836
osm:way/317087237,12837
osm:way/317087241,12838
osm:way/317131931,12839
osm:way/318070949,12840
osm:way/318337096,12841
osm:way/318986844,12842
osm:way/319342061,12843
osm:way/319342067,12844
osm:way/319342071,12845
osm:way/319342074,12846
osm:way/321015628,12847
osm:way/321506797,12848
osm:way/324886786,12849
osm:way/324886788,12850
osm:way/324886791,12851
osm:way/326194367,12852
osm:way/326194368,12853
osm:way/326383673,12854
osm:way/326383674,12855
osm:way/326383675,12856
osm:way/326383676,12857
osm:way/326472944,12858
osm:way/326589295,12859
osm:way/326589297,12860
osm:way/326623253,12861
osm:way/327123300,12862
osm:way/327123301,12863
osm:way/327123302,12864
osm:way/327123304,12865
osm:way/327170826,12866
osm:way/328865409,12867
osm:way/329133651,12868
osm:way/329599856,12869
osm:way/330402049,12870
osm:way/330402050,12871
osm:way/330402051,12872
osm:way/331929580,12873
osm:way/331929584,12874
osm:way/332002326,12875
osm:way/333861997,12876
osm:way/335235769,12877
osm:way/335750171,12878
osm:way/335750172,12879
osm:way/336136636,12880
osm:way/338543014,12881
osm:way/339564957,12882
osm:way/339673330,12883
osm:way/339673331,12884
osm:way/339708993,12885
osm:way/340953860,12886
osm:way/342113777,12887
osm:way/342142487,12888
osm:way/342142510,12889
osm:way/342521386,12890
osm:way/343166516,12891
osm:way/343466822,12892
osm:way/343466825,12893
osm:way/343467517,12894
osm:way/343923538,12895
osm:way/344420684,12896
osm:way/344657319,12897
osm:way/345097343,12898
osm:way/346884637,12899
osm:way/347000590,12900
osm:way/347791596,12901
osm:way/347791598,12902
osm:way/349660719,12903
osm:way/350135926,12904
osm:way/350615256,12905
osm:way/350615257,12906
osm:way/350620942,12907
osm:way/350932762,12908
osm:way/351055956,12909
osm:way/351055957,12910
osm:way/351451588,12911
osm:way/352013957,12912
osm:way/352168568,12913
osm:way/352168569,12914
osm:way/352538901,12915
osm:way/352556492,12916
osm:way/353874391,12917
osm:way/353874711,12918
osm:way/354344312,12919
osm:way/354615386,12920
osm:way/354945759,12921
osm:way/355125513,12922
osm:way/355125514,12923
osm:way/355244888,12924
osm:way/355462099,12925
osm:way/355471704,12926
osm:way/356606877,12927
osm:way/356629411,12928
osm:way/356629412,12929
osm:way/357207979,12930
osm:way/357207980,12931
osm:way/357231317,12932
osm:way/359373279,12933
osm:way/360782194,12934
osm:way/361414981,12935
osm:way/361414984,12936
osm:way/361414990,12937
osm:way/361414993,12938
osm:way/361414996,12939
osm:way/361414998,12940
osm:way/361415193,12941
osm:way/361517541,12942
osm:way/361672179,12943
osm:way/363021982,12944
osm:way/366303125,12945
osm:way/366303126,12946
osm:way/366337214,12947
osm:way/368897674,12948
osm:way/368952932,12949
osm:way/369720088,12950
osm:way/369720094,12951
osm:way/369988999,12952
osm:way/369989000,12953
osm:way/369989022,12954
osm:way/370577069,12955
osm:way/370577167,12956
osm:way/371957936,12957
osm:way/372026596,12958
osm:way/372964463,12959
osm:way/374141739,12960
osm:way/374141743,12961
osm:way/374141744,12962
osm:way/374401266,12963
osm:way/377297253,12964
osm:way/382420906,12965
osm:way/382424772,12966
osm:way/383628784,12967
osm:way/383628785,12968
osm:way/383632689,12969
osm:way/383634265,12970
osm:way/385556448,12971
osm:way/389587200,12972
osm:way/389705392,12973
osm:way/390783750,12974
osm:way/392347130,12975
osm:way/392347131,12976
osm:way/392952818,12977
osm:way/394551306,12978
osm:way/396018147,12979
osm:way/396029586,12980
osm:way/396033541,12981
osm:way/396140328,12982
osm:way/396144847,12983
osm:way/396246145,12984
osm:way/396425940,12985
osm:way/397822325,12986
osm:way/397822327,12987
osm:way/403520067,12988
osm:way/403598150,12989
osm:way/403834691,12990
osm:way/404020701,12991
osm:way/404050686,12992
osm:way/404050687,12993
osm:way/404349227,12994
osm:way/404476640,12995
osm:way/404999306,12996
osm:way/405449280,12997
osm:way/406499619,12998
osm:way/406499621,12999
osm:way/407676237,13000
osm:way/407676238,13001
osm:way/407676243,13002
osm:way/407746611,13003
osm:way/409055409,13004
osm:way/409055410,13005
osm:way/410955436,13006
osm:way/411407967,13007
osm:way/411407993,13008
osm:way/413496152,13009
osm:way/413707798,13010
osm:way/414445548,13011
osm:way/415728783,13012
osm:way/421683757,13013
osm:way/422035389,13014
osm:way/422130320,13015
osm:way/422130321,13016
osm:way/422130322,13017
osm:way/422133623,13018
osm:way/422924820,13019
osm:way/424791617,13020
osm:way/424791849,13021
osm:way/425425281,13022
osm:way/428805959,13023
osm:way/429479694,13024
osm:way/434892788,13025
osm:way/441961483,13026
osm:way/446085193,13027
osm:way/448033029,13028
osm:way/448055305,13029
osm:way/450892041,13030
osm:way/457768079,13031
osm:way/457768081,13032
osm:way/457768082,13033
osm:way/457768083,13034
osm:way/458549012,13035
osm:way/458549013,13036
osm:way/458549014,13037
osm:way/458549015,13038
osm:way/458549016,13039
osm:way/458549017,13040
osm:way/458549018,13041
osm:way/458549020,13042
osm:way/458549021,13043
osm:way/458549022,13044
osm:way/458549023,13045
osm:way/458549026,13046
osm:way/458549027,13047
osm:way/458549028,13048
osm:way/458549029,13049
osm:way/458549030,13050
osm:way/458549031,13051
osm:way/458549032,13052
osm:way/458549033,13053
osm:way/458549034,13054
osm:way/458549035,13055
osm:way/458549036,13056
osm:way/459348441,13057
osm:way/459350869,13058
osm:way/460740173,13059
osm:way/461007371,13060
osm:way/461223708,13061
osm:way/461223709,13062
osm:way/463066566,13063
osm:way/464500479,13064
osm:way/464789921,13065
osm:way/466709037,13066
osm:way/466709038,13067
osm:way/475622011,13068
osm:way/475622012,13069
osm:way/475622013,13070
osm:way/475622014,13071
osm:way/475622015,13072
osm:way/475622016,13073
osm:way/476183362,13074
osm:way/478880889,13075
osm:way/481600461,13076
osm:way/483018201,13077
osm:way/483018202,13078
osm:way/483018203,13079
osm:way/485728641,13080
osm:way/485728642,13081
osm:way/486571880,13082
osm:way/486602235,13083
osm:way/486602236,13084
osm:way/486999033,13085
osm:way/489119605,13086
osm:way/489119606,13087
osm:way/489890008,13088
osm:way/491711567,13089
osm:way/492693478,13090
osm:way/492693479,13091
osm:way/493210676,13092
osm:way/493669393,13093
osm:way/493669403,13094
osm:way/493680685,13095
osm:way/494251835,13096
osm:way/495596977,13097
osm:way/497207250,13098
osm:way/498378451,13099
osm:way/498378452,13100
osm:way/498378453,13101
osm:way/499387417,13102
osm:way/502882263,13103
osm:way/503208134,13104
osm:way/504260619,13105
osm:way/504434955,13106
osm:way/504434956,13107
osm:way/504608977,13108
osm:way/504608978,13109
osm:way/504608982,13110
osm:way/504992583,13111
osm:way/506093089,13112
osm:way/506270748,13113
osm:way/507856690,13114
osm:way/507857413,13115
osm:way/510760788,13116
osm:way/510760789,13117
osm:way/510760790,13118
osm:way/514998029,13119
osm:way/514998035,13120
osm:way/516481320,13121
osm:way/518106868,13122
osm:way/518106869,13123
osm:way/518110859,13124
osm:way/518111121,13125
osm:way/519249156,13126
osm:way/520119672,13127
osm:way/520119673,13128
osm:way/520119674,13129
osm:way/520119675,13130
osm:way/520119676,13131
osm:way/520119677,13132
osm:way/520119678,13133
osm:way/520119679,13134
osm:way/520119680,13135
osm:way/520123826,13136
osm:way/521218910,13137
osm:way/521882729,13138
osm:way/521882731,13139
osm:way/522244143,13140
osm:way/522244144,13141
osm:way/522244145,13142
osm:way/522244147,13143
osm:way/522244153,13144
osm:way/523339516,13145
osm:way/526558903,13146
osm:way/527288284,13147
osm:way/527288286,13148
osm:way/527288947,13149
osm:way/529243162,13150
osm:way/530899596,13151
osm:way/533648108,13152
osm:way/539026758,13153
osm:way/539243838,13154
osm:way/539243839,13155
osm:way/539493141,13156
osm:way/541358689,13157
osm:way/541411082,13158
osm:way/541413104,13159
osm:way/541413112,13160
osm:way/541413113,13161
osm:way/541906834,13162
osm:way/541906835,13163
osm:way/541913613,13164
osm:way/542096621,13165
osm:way/542096622,13166
osm:way/542939600,13167
osm:way/544242809,13168
osm:way/544242810,13169
osm:way/544412455,13170
osm:way/544579970,13171
osm:way/545824066,13172
osm:way/545844926,13173
osm:way/545844927,13174
osm:way/545844930,13175
osm:way/545844933,13176
osm:way/545844935,13177
osm:way/545844937,13178
osm:way/545844939,13179
osm:way/545844942,13180
osm:way/545844944,13181
osm:way/547975745,13182
osm:way/548204713,13183
osm:way/548570038,13184
osm:way/549004122,13185
osm:way/549004123,13186
osm:way/550281419,13187
osm:way/551247967,13188
osm:way/551255877,13189
osm:way/551255878,13190
osm:way/551255879,13191
osm:way/551478741,13192
osm:way/551709041,13193
osm:way/555084262,13194
osm:way/556725419,13195
osm:way/561902848,13196
osm:way/563351735,13197
osm:way/564156028,13198
osm:way/565131254,13199
osm:way/568785262,13200
osm:way/568785265,13201
osm:way/568800201,13202
osm:way/572701940,13203
osm:way/577531379,13204
osm:way/580403521,13205
osm:way/586100026,13206
osm:way/586100034,13207
osm:way/586100037,13208
osm:way/586100038,13209
osm:way/586719848,13210
osm:way/587189002,13211
osm:way/587189006,13212
osm:way/587189026,13213
osm:way/589330974,13214
osm:way/589694190,13215
osm:way/589694258,13216
osm:way/590244359,13217
osm:way/590282597,13218
osm:way/591336691,13219
osm:way/591400089,13220
osm:way/595143187,13221
osm:way/597521177,13222
osm:way/601082279,13223
osm:way/601082280,13224
osm:way/604063682,13225
osm:way/608438197,13226
osm:way/610305780,13227
osm:way/610305781,13228
osm:way/610305782,13229
osm:way/610434739,13230
osm:way/610623255,13231
osm:way/611790696,13232
osm:way/613141845,13233
osm:way/613147219,13234
osm:way/613479355,13235
osm:way/613575379,13236
osm:way/613866778,13237
osm:way/613920645,13238
osm:way/614296741,13239
osm:way/617487441,13240
osm:way/621566982,13241
osm:way/622144059,13242
osm:way/622144063,13243
osm:way/623657177,13244
osm:way/623725143,13245
osm:way/623725144,13246
osm:way/626295901,13247
osm:way/626363581,13248
osm:way/630903080,13249
osm:way/631525645,13250
osm:way/633610319,13251
osm:way/634958116,13252
osm:way/635418905,13253
osm:way/638826729,13254
osm:way/640221709,13255
osm:way/645896845,13256
osm:way/646744480,13257
osm:way/647425730,13258
osm:way/648740776,13259
osm:way/648740788,13260
osm:way/650941667,13261
osm:way/655274821,13262
osm:way/663502616,13263
osm:way/669100132,13264
osm:way/672356553,13265
osm:way/674873833,13266
osm:way/675876304,13267
osm:way/675876305,13268
osm:way/680854821,13269
osm:way/682727972,13270
osm:way/683999350,13271
osm:way/684871847,13272
osm:way/687182868,13273
osm:way/687701944,13274
osm:way/690891431,13275
osm:way/693616345,13276
osm:way/697491726,13277
osm:way/698238898,13278
osm:way/699964555,13279
osm:way/699964556,13280
osm:way/704092299,13281
osm:way/704092716,13282
osm:way/707060652,13283
osm:way/707060653,13284
osm:way/707060654,13285
osm:way/711144244,13286
osm:way/714022882,13287
osm:way/716897886,13288
osm:way/725981446,13289
osm:way/733920574,13290
osm:way/734383837,13291
osm:way/737007163,13292
osm:way/737113245,13293
osm:way/738358435,13294
osm:way/738358436,13295
osm:way/739167607,13296
osm:way/741334747,13297
osm:way/743588504,13298
osm:way/757939301,13299
osm:way/757939303,13300
osm:way/757939304,13301
osm:way/758455631,13302
osm:way/760742680,13303
osm:way/766643757,13304
osm:way/766661510,13305
osm:way/766683275,13306
osm:way/782381732,13307
osm:way/782381733,13308
osm:way/788508343,13309
osm:way/798522547,13310
osm:way/798522548,13311
osm:way/800012784,13312
osm:way/800362317,13313
osm:way/800362318,13314
osm:way/800398856,13315
osm:way/800538077,13316
osm:way/803033960,13317
osm:way/812578146,13318
osm:way/813719814,13319
osm:way/817528940,13320
osm:way/817545515,13321
osm:way/817849323,13322
osm:way/817849324,13323
osm:way/817849328,13324
osm:way/817998398,13325
osm:way/819869624,13326
osm:way/821538128,13327
osm:way/824604330,13328
osm:way/827824836,13329
osm:way/827824837,13330
osm:way/832933501,13331
osm:way/833320508,13332
osm:way/837950180,13333
osm:way/837950181,13334
osm:way/837950182,13335
osm:way/844281013,13336
osm:way/849474634,13337
osm:way/865694194,13338
osm:way/867726749,13339
osm:way/868354201,13340
osm:way/881050979,13341
osm:way/884295175,13342
osm:way/888419168,13343
osm:way/890233039,13344
osm:way/890507958,13345
osm:way/890507959,13346
osm:way/890507960,13347
osm:way/890507970,13348
osm:way/890507971,13349
osm:way/894515992,13350
osm:way/900497656,13351
osm:way/900497657,13352
osm:way/900497658,13353
osm:way/900497659,13354
osm:way/900497660,13355
osm:way/905072174,13356
osm:way/905072176,13357
osm:way/905072177,13358
osm:way/905956215,13359
osm:way/906669525,13360
osm:way/906885332,13361
osm:way/907142934,13362
osm:way/907831051,13363
osm:way/907850813,13364
osm:way/907850814,13365
osm:way/909136901,13366
osm:way/913153871,13367
osm:way/913153873,13368
osm:way/913226855,13369
osm:way/914058537,13370
osm:way/914438838,13371
osm:way/914438842,13372
osm:way/914438852,13373
osm:way/915492244,13374
osm:way/916575702,13375
osm:way/916601058,13376
osm:way/916601094,13377
osm:way/919238769,13378
osm:way/920117715,13379
osm:way/921726509,13380
osm:way/921736655,13381
osm:way/922502884,13382
osm:way/923509148,13383
osm:way/925289063,13384
osm:way/925289066,13385
osm:way/925813875,13386
osm:way/926273061,13387
osm:way/926300905,13388
osm:way/926718537,13389
osm:way/927739519,13390
osm:way/928023650,13391
osm:way/928485014,13392
osm:way/929700023,13393
osm:way/933997211,13394
osm:way/933998413,13395
osm:way/935502813,13396
osm:way/938043080,13397
osm:way/938819323,13398
osm:way/940039888,13399
osm:way/945695233,13400
osm:way/945695234,13401
osm:way/945695235,13402
osm:way/945695242,13403
osm:way/947934292,13404
osm:way/948209405,13405
osm:way/948235632,13406
osm:way/948549375,13407
osm:way/948549376,13408
osm:way/948842660,13409
osm:way/949437331,13410
osm:way/949828655,13411
osm:way/951514935,13412
osm:way/951980691,13413
osm:way/952273769,13414
osm:way/952273770,13415
osm:way/952273771,13416
osm:way/952273772,13417
osm:way/952273773,13418
osm:way/952273774,13419
osm:way/955132407,13420
osm:way/955257925,13421
osm:way/955830508,13422
osm:way/957423026,13423
osm:way/960610836,13424
osm:way/961900233,13425
osm:way/972966425,13426
osm:way/972966426,13427
osm:way/977930842,13428
osm:way/977930843,13429
osm:way/980531706,13430
osm:way/980533246,13431
osm:way/980533247,13432
osm:way/980533248,13433
osm:way/983605201,13434
osm:way/985074528,13435
osm:way/985175801,13436
osm:way/985502622,13437
osm:way/985731069,13438
osm:way/985731595,13439
osm:way/985731596,13440
osm:way/985731597,13441
osm:way/988338531,13442
osm:way/988338532,13443
osm:way/988338533,13444
osm:way/988338534,13445
osm:way/988338535,13446
osm:way/988338536,13447
osm:way/988338537,13448
osm:way/988338538,13449
osm:way/988338539,13450
osm:way/988338540,13451
osm:way/988338541,13452
osm:way/988338542,13453
osm:way/988338543,13454
osm:way/988338544,13455
osm:way/988338545,13456
osm:way/988338546,13457
osm:way/988338547,13458
osm:way/988338548,13459
osm:way/988338549,13460
osm:way/988338550,13461
osm:way/988338551,13462
osm:way/988338552,13463
osm:way/988338553,13464
osm:way/988338554,13465
osm:way/988338555,13466
osm:way/988338556,13467
osm:way/988338557,13468
osm:way/988338558,13469
osm:way/988338559,13470
osm:way/988338560,13471
osm:way/988338561,13472
osm:way/988338562,13473
osm:way/988338563,13474
osm:way/988338564,13475
osm:way/988338565,13476
osm:way/988338566,13477
osm:way/988338567,13478
osm:way/988338568,13479
osm:way/988338569,13480
osm:way/988338570,13481
osm:way/988338571,13482
osm:way/988338572,13483
osm:way/988338573,13484
osm:way/988338574,13485
osm:way/988338575,13486
osm:way/988338576,13487
osm:way/988338577,13488
osm:way/988338578,13489
osm:way/988338579,13490
osm:way/988338580,13491
osm:way/988338581,13492
osm:way/988338582,13493
osm:way/988338583,13494
osm:way/988338584,13495
osm:way/988338591,13496
osm:way/988338592,13497
osm:way/988338593,13498
osm:way/988338594,13499
osm:way/988338595,13500
osm:way/988338596,13501
osm:way/988338597,13502
osm:way/988338598,13503
osm:way/992410336,13504
osm:way/992412784,13505
osm:way/993213104,13506
osm:way/993215351,13507
osm:way/994040272,13508
osm:way/996055355,13509
osm:way/997443086,13510
osm:way/997991971,13511
osm:way/998207857,13512
osm:way/999050272,13513
osm:way/999724782,13514
osm:way/1000062657,13515
osm:way/1000062658,13516
osm:way/1001018088,13517
osm:way/1001123118,13518
osm:way/1001162637,13519
osm:way/1001537803,13520
osm:way/1003256801,13521
osm:way/1003562589,13522
osm:way/1003562590,13523
osm:way/1004575983,13524
osm:way/1004578747,13525
osm:way/1004769115,13526
osm:way/1005408655,13527
osm:way/1005610445,13528
osm:way/1006777543,13529
osm:way/1006777544,13530
osm:way/1006777545,13531
osm:way/1006777546,13532
osm:way/1006777547,13533
osm:way/1006777548,13534
osm:way/1009243164,13535
osm:way/1009263933,13536
osm:way/1009384316,13537
osm:way/1011524418,13538
osm:way/1011524419,13539
osm:way/1012184595,13540
osm:way/1012871572,13541
osm:way/1013163133,13542
osm:way/1013775833,13543
osm:way/1014177878,13544
osm:way/1015015423,13545
osm:way/1015267135,13546
osm:way/1017942750,13547
osm:way/1020919990,13548
osm:way/1020919991,13549
osm:way/1021344022,13550
osm:way/1021386843,13551
osm:way/1021995690,13552
osm:way/1022397198,13553
osm:way/1022397199,13554
osm:way/1024957347,13555
osm:way/1024976624,13556
osm:way/1025611192,13557
osm:way/1026505935,13558
osm:way/1026518470,13559
osm:way/1028483286,13560
osm:way/1030512278,13561
osm:way/1031827662,13562
osm:way/1036549773,13563
osm:way/1036779360,13564
osm:way/1036779362,13565
osm:way/1036944131,13566
osm:way/1038011853,13567
osm:way/1039176696,13568
osm:way/1039176697,13569
osm:way/1040944729,13570
osm:way/1041434378,13571
osm:way/1046887156,13572
osm:way/1049098969,13573
osm:way/1049098970,13574
osm:way/1049098971,13575
osm:way/1049098972,13576
osm:way/1049641048,13577
osm:way/1049641075,13578
osm:way/1051565434,13579
osm:way/1053095147,13580
osm:way/1056567962,13581
osm:way/1056859047,13582
osm:way/1056860215,13583
osm:way/1058890818,13584
osm:way/1059049886,13585
osm:way/1059984575,13586
osm:way/1062465661,13587
osm:way/1062529689,13588
osm:way/1062532831,13589
osm:way/1062532832,13590
osm:way/1064987351,13591
osm:way/1068479672,13592
osm:way/1068479673,13593
osm:way/1068479674,13594
osm:way/1070361471,13595
osm:way/1072073388,13596
osm:way/1078870918,13597
osm:way/1080358674,13598
osm:way/1087779899,13599
osm:way/1087779900,13600
osm:way/1087779901,13601
osm:way/1087779902,13602
osm:way/1087779903,13603
osm:way/1087779904,13604
osm:way/1087779905,13605
osm:way/1087779906,13606
osm:way/1087779907,13607
osm:way/1087779908,13608
osm:way/1087779909,13609
osm:way/1087779910,13610
osm:way/1087779911,13611
osm:way/1087779912,13612
osm:way/1087779913,13613
osm:way/1087779914,13614
osm:way/1087779915,13615
osm:way/1087779916,13616
osm:way/1087779917,13617
osm:way/1087779918,13618
osm:way/1087779919,13619
osm:way/1087779920,13620
osm:way/1087779921,13621
osm:way/1087779922,13622
osm:way/1087779923,13623
osm:way/1087779924,13624
osm:way/1087779925,13625
osm:way/1087779926,13626
osm:way/1087779927,13627
osm:way/1087779928,13628
osm:way/1087779929,13629
osm:way/1087779930,13630
osm:way/1087779931,13631
osm:way/1087779932,13632
osm:way/1087779933,13633
osm:way/1087779934,13634
osm:way/1089707331,13635
osm:way/1089947247,13636
osm:way/1091126635,13637
osm:way/1092107307,13638
osm:way/1092227641,13639
osm:way/1092227642,13640
osm:way/1092408595,13641
osm:way/1092600302,13642
osm:way/1098930015,13643
osm:way/1099699923,13644
osm:way/1100865232,13645
osm:way/1102159663,13646
osm:way/1102187242,13647
osm:way/1102189735,13648
osm:way/1105343992,13649
osm:way/1105343993,13650
osm:way/1106015452,13651
osm:way/1108630508,13652
osm:way/1108630509,13653
osm:way/1108753390,13654
osm:way/1108782567,13655
osm:way/1111121114,13656
osm:way/1111121119,13657
osm:way/1111121120,13658
osm:way/1111880736,13659
osm:way/1112715337,13660
osm:way/1117506099,13661
osm:way/1118277476,13662
osm:way/1119209918,13663
osm:way/1122934067,13664
osm:way/1133396277,13665
osm:way/1133909904,13666
osm:way/1134609793,13667
osm:way/1138655193,13668
osm:way/1138655194,13669
osm:way/1138655197,13670
osm:way/1138655213,13671
osm:way/1148988771,13672
osm:way/1150760231,13673
osm:way/1153032233,13674
osm:way/1157862348,13675
osm:way/1160623046,13676
osm:way/1164248283,13677
osm:way/1164249776,13678
osm:way/1164249779,13679
osm:way/1165180015,13680
osm:way/1165180016,13681
osm:way/1165180017,13682
osm:way/1165180018,13683
osm:way/1165180023,13684
osm:way/1165180057,13685
osm:way/1165180058,13686
osm:way/1165481434,13687
osm:way/1166198457,13688
osm:way/1166198461,13689
osm:way/1168000927,13690
osm:way/1168001711,13691
osm:way/1169011681,13692
osm:way/1169011682,13693
osm:way/1169252343,13694
osm:way/1171512605,13695
osm:way/1171512606,13696
osm:way/1173117602,13697
osm:way/1176747442,13698
osm:way/1180629586,13699
osm:way/1181153484,13700
osm:way/1181153485,13701
osm:way/1181153486,13702
osm:way/1181431005,13703
osm:way/1181437082,13704
osm:way/1181437083,13705
osm:way/1181458478,13706
osm:way/1185355668,13707
osm:way/1185355669,13708
osm:way/1185355670,13709
osm:way/1185355671,13710
osm:way/1185355672,13711
osm:way/1185472682,13712
osm:way/1185472683,13713
osm:way/1186863319,13714
osm:way/1187367129,13715
osm:way/1190010409,13716
osm:way/1190452278,13717
osm:way/1190661581,13718
osm:way/1190661584,13719
osm:way/1190891098,13720
osm:way/1190891106,13721
osm:way/1190891119,13722
osm:way/1192483347,13723
osm:way/1192483364,13724
osm:way/1193005532,13725
osm:way/1193188770,13726
osm:way/1193188776,13727
osm:way/1193188785,13728
osm:way/1193188805,13729
osm:way/1193291225,13730
osm:way/1193291226,13731
osm:way/1193297513,13732
osm:way/1193325471,13733
osm:way/1193325475,13734
osm:way/1194471690,13735
osm:way/1194471694,13736
osm:way/1197762212,13737
osm:way/1197762213,13738
osm:way/1199514088,13739
osm:way/1202586653,13740
osm:way/1203262850,13741
osm:way/1203262853,13742
osm:way/1203262856,13743
osm:way/1204253645,13744
osm:way/1204253651,13745
osm:way/1204253673,13746
osm:way/1204253693,13747
osm:way/1204720208,13748
osm:way/1204720209,13749
osm:way/1204720212,13750
osm:way/1204720215,13751
osm:way/1204720217,13752
osm:way/1204720219,13753
osm:way/1204720234,13754
osm:way/1204720237,13755
osm:way/1204720242,13756
osm:way/1204720243,13757
osm:way/1204720247,13758
osm:way/1204720254,13759
osm:way/1204720256,13760
osm:way/1204731258,13761
osm:way/1205305424,13762
osm:way/1205499606,13763
osm:way/1207502029,13764
osm:way/1207502038,13765
osm:way/1207502040,13766
osm:way/1207502043,13767
osm:way/1209339400,13768
osm:way/1209339404,13769
osm:way/1209339405,13770
osm:way/1210144791,13771
osm:way/1210144792,13772
osm:way/1210144797,13773
osm:way/1210568299,13774
osm:way/1211260137,13775
osm:way/1211625419,13776
osm:way/1211625422,13777
osm:way/1212247946,13778
osm:way/1212247959,13779
osm:way/1212247962,13780
osm:way/1212247972,13781
osm:way/1212247975,13782
osm:way/1212738989,13783
osm:way/1214011056,13784
osm:way/1214143973,13785
osm:way/1217436432,13786
osm:way/1218549355,13787
osm:way/1218761537,13788
osm:way/1219582587,13789
osm:way/1220057107,13790
osm:way/1220057132,13791
osm:way/1220057153,13792
osm:way/1220057172,13793
osm:way/1221011173,13794
osm:way/1221011182,13795
osm:way/1221356307,13796
osm:way/1221983081,13797
osm:way/1222020477,13798
osm:way/1222020481,13799
osm:way/1222020488,13800
osm:way/1222020490,13801
osm:way/1222755849,13802
osm:way/1222837355,13803
osm:way/1225024634,13804
osm:way/1238025120,13805
osm:way/1238292618,13806
osm:way/1238958348,13807
osm:way/1238958349,13808
osm:way/1239338102,13809
osm:way/1239338507,13810
osm:way/1239338826,13811
osm:way/1239339983,13812
osm:way/1239339984,13813
osm:way/1239339986,13814
osm:way/1239339987,13815
osm:way/1243330614,13816
osm:way/1245316760,13817
osm:way/1245316762,13818
osm:way/1248644990,13819
osm:way/1250083689,13820
osm:way/1250342655,13821
osm:way/1250342661,13822
osm:way/1250342662,13823
osm:way/1250507730,13824
osm:way/1252174369,13825
osm:way/1252553335,13826
osm:way/1254590940,13827
osm:way/1255401344,13828
osm:way/1256866536,13829
osm:way/1256866542,13830
osm:way/1256991842,13831
osm:way/1257116096,13832
osm:way/1257116097,13833
osm:way/1257116098,13834
osm:way/1257116099,13835
osm:way/1257116100,13836
osm:way/1257116101,13837
osm:way/1257116102,13838
osm:way/1257116103,13839
osm:way/1257116104,13840
osm:way/1257116105,13841
osm:way/1257116106,13842
osm:way/1257116107,13843
osm:way/1257116108,13844
osm:way/1257116110,13845
osm:way/1257116111,13846
osm:way/1257116113,13847
osm:way/1257116114,13848
osm:way/1257116115,13849
osm:way/1257116116,13850
osm:way/1257116117,13851
osm:way/1257116118,13852
osm:way/1257177352,13853
osm:way/1258746473,13854
osm:way/1258746474,13855
osm:way/1258746475,13856
osm:way/1258746476,13857
osm:way/1258746477,13858
osm:way/1258746478,13859
osm:way/1258746480,13860
osm:way/1258746481,13861
osm:way/1258746482,13862
osm:way/1258746484,13863
osm:way/1258746485,13864
osm:way/1258746486,13865
osm:way/1258746487,13866
osm:way/1258746488,13867
osm:way/1258746489,13868
osm:way/1258746490,13869
osm:way/1258746491,13870
osm:way/1258746492,13871
osm:way/1258746493,13872
osm:way/1258746494,13873
osm:way/1258746496,13874
osm:way/1258746497,13875
osm:way/1258746498,13876
osm:way/1258746499,13877
osm:way/1258746500,13878
osm:way/1258746503,13879
osm:way/1258746504,13880
osm:way/1258746505,13881
osm:way/1258746506,13882
osm:way/1258746507,13883
osm:way/1258746508,13884
osm:way/1258747576,13885
osm:way/1258747577,13886
osm:way/1258747578,13887
osm:way/1258747579,13888
osm:way/1258747581,13889
osm:way/1258747582,13890
osm:way/1258747583,13891
osm:way/1258817545,13892
osm:way/1258817546,13893
osm:way/1258817547,13894
osm:way/1258817548,13895
osm:way/1258817549,13896
osm:way/1258817550,13897
osm:way/1258817551,13898
osm:way/1258817552,13899
osm:way/1258817553,13900
osm:way/1258817554,13901
osm:way/1258817555,13902
osm:way/1258817556,13903
osm:way/1258817559,13904
osm:way/1258817560,13905
osm:way/1258817561,13906
osm:way/1258817562,13907
osm:way/1258817563,13908
osm:way/1258817564,13909
osm:way/1258817565,13910
osm:way/1258817566,13911
osm:way/1258817567,13912
osm:way/1258817568,13913
osm:way/1258824623,13914
osm:way/1258824624,13915
osm:way/1258824625,13916
osm:way/1258824626,13917
osm:way/1258824627,13918
osm:way/1258824628,13919
osm:way/1258824629,13920
osm:way/1258824630,13921
osm:way/1258824631,13922
osm:way/1258824632,13923
osm:way/1258824633,13924
osm:way/1258824634,13925
osm:way/1258824635,13926
osm:way/1258824636,13927
osm:way/1258824637,13928
osm:way/1258824638,13929
osm:way/1258824639,13930
osm:way/1258824640,13931
osm:way/1258824641,13932
osm:way/1258824642,13933
osm:way/1258824643,13934
osm:way/1258824644,13935
osm:way/1259082625,13936
osm:way/1259082626,13937
osm:way/1259082627,13938
osm:way/1259082628,13939
osm:way/1259083789,13940
osm:way/1259083790,13941
osm:way/1259083791,13942
osm:way/1259083792,13943
osm:way/1259083793,13944
osm:way/1259083794,13945
osm:way/1259083795,13946
osm:way/1259083796,13947
osm:way/1259083797,13948
osm:way/1259083798,13949
osm:way/1259083799,13950
osm:way/1259083800,13951
osm:way/1259086817,13952
osm:way/1259086818,13953
osm:way/1259086819,13954
osm:way/1259086820,13955
osm:way/1259086821,13956
osm:way/1259086822,13957
osm:way/1259086823,13958
osm:way/1259086824,13959
osm:way/1259086825,13960
osm:way/1259086826,13961
osm:way/1259086827,13962
osm:way/1259090453,13963
osm:way/1259090454,13964
osm:way/1259090455,13965
osm:way/1259090456,13966
osm:way/1259090457,13967
osm:way/1259090458,13968
osm:way/1259090459,13969
osm:way/1259090460,13970
osm:way/1259090461,13971
osm:way/1259115923,13972
osm:way/1259115926,13973
osm:way/1259115928,13974
osm:way/1259115930,13975
osm:way/1259165108,13976
osm:way/1259165109,13977
osm:way/1259165110,13978
osm:way/1259165111,13979
osm:way/1259165112,13980
osm:way/1259165113,13981
osm:way/1259165114,13982
osm:way/1259171386,13983
osm:way/1259171387,13984
osm:way/1259171388,13985
osm:way/1259171389,13986
osm:way/1259171390,13987
osm:way/1259171391,13988
osm:way/1259171392,13989
osm:way/1259171393,13990
osm:way/1259171394,13991
osm:way/1259171395,13992
osm:way/1259171396,13993
osm:way/1259171397,13994
osm:way/1259171398,13995
osm:way/1259171399,13996
osm:way/1259171400,13997
osm:way/1259171401,13998
osm:way/1259171402,13999
osm:way/1259171403,14000
osm:way/1259171404,14001
osm:way/1259171405,14002
osm:way/1259171406,14003
osm:way/1259171407,14004
osm:way/1259171408,14005
osm:way/1259171409,14006
osm:way/1259171410,14007
osm:way/1259171411,14008
osm:way/1259171412,14009
osm:way/1259171413,14010
osm:way/1259171415,14011
osm:way/1259171416,14012
osm:way/1259171417,14013
osm:way/1259171418,14014
osm:way/1259171419,14015
osm:way/1259171420,14016
osm:way/1259171421,14017
osm:way/1259171422,14018
osm:way/1259171423,14019
osm:way/1259171424,14020
osm:way/1259171425,14021
osm:way/1259171426,14022
osm:way/1259171427,14023
osm:way/1259171428,14024
osm:way/1259171429,14025
osm:way/1259171430,14026
osm:way/1259171431,14027
osm:way/1259171432,14028
osm:way/1259171433,14029
osm:way/1259171434,14030
osm:way/1259171435,14031
osm:way/1259171436,14032
osm:way/1259172955,14033
osm:way/1259172956,14034
osm:way/1259172957,14035
osm:way/1259773140,14036
osm:way/1259773141,14037
osm:way/1259773142,14038
osm:way/1259773143,14039
osm:way/1259773144,14040
osm:way/1259773145,14041
osm:way/1259773146,14042
osm:way/1259773147,14043
osm:way/1259773148,14044
osm:way/1260639271,14045
osm:way/1260639272,14046
osm:way/1260639273,14047
osm:way/1260639274,14048
osm:way/1260639275,14049
osm:way/1260639276,14050
osm:way/1260639277,14051
osm:way/1260639278,14052
osm:way/1260639279,14053
osm:way/1260639280,14054
osm:way/1260639281,14055
osm:way/1260639282,14056
osm:way/1260639283,14057
osm:way/1260639284,14058
osm:way/1260639285,14059
osm:way/1260639286,14060
osm:way/1260639287,14061
osm:way/1260639288,14062
osm:way/1260639289,14063
osm:way/1260639290,14064
osm:way/1260688028,14065
osm:way/1261805929,14066
osm:way/1261805930,14067
osm:way/1261805931,14068
osm:way/1261805932,14069
osm:way/1261805933,14070
osm:way/1261805934,14071
osm:way/1261805935,14072
osm:way/1261805936,14073
osm:way/1261995039,14074
osm:way/1261995040,14075
osm:way/1263494653,14076
osm:way/1263494654,14077
osm:way/1264509277,14078
osm:way/1264910614,14079
osm:way/1264910615,14080
osm:way/1264910616,14081
osm:way/1264910617,14082
osm:way/1264910618,14083
osm:way/1264910619,14084
osm:way/1264910620,14085
osm:way/1264910621,14086
osm:way/1264910622,14087
osm:way/1264910623,14088
osm:way/1264918616,14089
osm:way/1264918617,14090
osm:way/1264918618,14091
osm:way/1264918619,14092
osm:way/1264918620,14093
osm:way/1264918621,14094
osm:way/1264918622,14095
osm:way/1264918623,14096
osm:way/1265197052,14097
osm:way/1265197053,14098
osm:way/1265197054,14099
osm:way/1265197055,14100
osm:way/1265197056,14101
osm:way/1265197057,14102
osm:way/1265197058,14103
osm:way/1265454005,14104
osm:way/1265869665,14105
osm:way/1265869666,14106
osm:way/1265869667,14107
osm:way/1265869668,14108
osm:way/1265869669,14109
osm:way/1265869670,14110
osm:way/1265869671,14111
osm:way/1265869672,14112
osm:way/1265869673,14113
osm:way/1265871227,14114
osm:way/1265891115,14115
osm:way/1265891116,14116
osm:way/1265891117,14117
osm:way/1265891118,14118
osm:way/1265891119,14119
osm:way/1265893893,14120
osm:way/1266614770,14121
osm:way/1266614771,14122
osm:way/1266614772,14123
osm:way/1266614773,14124
osm:way/1266614774,14125
osm:way/1266614775,14126
osm:way/1266614776,14127
osm:way/1266614777,14128
osm:way/1266614778,14129
osm:way/1266614779,14130
osm:way/1266614780,14131
osm:way/1266614781,14132
osm:way/1266614783,14133
osm:way/1266614784,14134
osm:way/1266614785,14135
osm:way/1266772353,14136
osm:way/1266772355,14137
osm:way/1266772356,14138
osm:way/1266774107,14139
osm:way/1266774108,14140
osm:way/1266774109,14141
osm:way/1266774110,14142
osm:way/1266774111,14143
osm:way/1266774112,14144
osm:way/1266774113,14145
osm:way/1266774114,14146
osm:way/1266774115,14147
osm:way/1266774116,14148
osm:way/1267053085,14149
osm:way/1269073914,14150
osm:way/1269876035,14151
osm:way/1270198984,14152
osm:way/1270198985,14153
osm:way/1270198986,14154
osm:way/1270198987,14155
osm:way/1270198988,14156
osm:way/1270198989,14157
osm:way/1270198990,14158
osm:way/1270198991,14159
osm:way/1270198992,14160
osm:way/1270198993,14161
osm:way/1270198994,14162
osm:way/1270457816,14163
osm:way/1270457817,14164
osm:way/1270457818,14165
osm:way/1270457819,14166
osm:way/1270592428,14167
osm:way/1271273252,14168
osm:way/1271273253,14169
osm:way/1271273254,14170
osm:way/1271273255,14171
osm:way/1271273256,14172
osm:way/1271273257,14173
osm:way/1271273258,14174
osm:way/1271273259,14175
osm:way/1271273260,14176
osm:way/1271274381,14177
osm:way/1271274382,14178
osm:way/1271274383,14179
osm:way/1271274384,14180
osm:way/1271277282,14181
osm:way/1271277283,14182
osm:way/1271277284,14183
osm:way/1271277611,14184
osm:way/1271277612,14185
osm:way/1271277613,14186
osm:way/1271281428,14187
osm:way/1271281429,14188
osm:way/1271281430,14189
osm:way/1271281431,14190
osm:way/1271281432,14191
osm:way/1271281433,14192
osm:way/1271281434,14193
osm:way/1271281435,14194
osm:way/1271281436,14195
osm:way/1271281437,14196
osm:way/1271281438,14197
osm:way/1271281439,14198
osm:way/1271283421,14199
osm:way/1271283422,14200
osm:way/1271495428,14201
osm:way/1271495429,14202
osm:way/1271495430,14203
osm:way/1271495431,14204
osm:way/1271495432,14205
osm:way/1271495433,14206
osm:way/1271495434,14207
osm:way/1271495435,14208
osm:way/1271495436,14209
osm:way/1271495437,14210
osm:way/1271495438,14211
osm:way/1271495796,14212
osm:way/1271495797,14213
osm:way/1271495798,14214
osm:way/1271495799,14215
osm:way/1271495800,14216
osm:way/1271496677,14217
osm:way/1271496678,14218
osm:way/1271496679,14219
osm:way/1271496680,14220
osm:way/1271496681,14221
osm:way/1271496682,14222
osm:way/1271496686,14223
osm:way/1271496687,14224
osm:way/1271503734,14225
osm:way/1271503735,14226
osm:way/1271503736,14227
osm:way/1271503737,14228
osm:way/1271503738,14229
osm:way/1271503739,14230
osm:way/1271503740,14231
osm:way/1271503741,14232
osm:way/1271503742,14233
osm:way/1271503743,14234
osm:way/1271503744,14235
osm:way/1271503745,14236
osm:way/1271503746,14237
osm:way/1271503747,14238
osm:way/1271503748,14239
osm:way/1271503749,14240
osm:way/1271503750,14241
osm:way/1271503751,14242
osm:way/1271503752,14243
osm:way/1271504643,14244
osm:way/1271504644,14245
osm:way/1271712533,14246
osm:way/1272076147,14247
osm:way/1273541759,14248
osm:way/1274188661,14249
osm:way/1274512867,14250
osm:way/1275192481,14251
osm:way/1275453387,14252
osm:way/1275453388,14253
osm:way/1275453389,14254
osm:way/1275453392,14255
osm:way/1275453395,14256
osm:way/1279858616,14257
osm:way/1280244281,14258
osm:way/1280244282,14259
osm:way/1281698198,14260
osm:way/1284382889,14261
osm:way/1284382890,14262
osm:way/1285796334,14263
osm:way/1285796335,14264
osm:way/1285796336,14265
osm:way/1285796337,14266
osm:way/1285796338,14267
osm:way/1290442547,14268
osm:way/1290442555,14269
osm:way/1290494857,14270
osm:way/1290495139,14271
osm:way/1290495927,14272
osm:way/1290496808,14273
osm:way/1291006401,14274
osm:way/1294762187,14275
osm:way/1294762188,14276
osm:way/1297408568,14277
osm:way/1297408569,14278
osm:way/1297408570,14279
osm:way/1297408571,14280
osm:way/1297408572,14281
osm:way/1297682650,14282
osm:way/1302348043,14283
osm:way/1302348044,14284
osm:way/1302354759,14285
osm:way/1303284565,14286
osm:way/1303956714,14287
osm:way/1303956715,14288
osm:way/1303973266,14289
osm:way/1305581392,14290
osm:way/1305581395,14291
osm:way/1307913342,14292
osm:way/1313914162,14293
osm:way/1313914163,14294
osm:way/1313914164,14295
osm:way/1313914165,14296
osm:way/1313914166,14297
osm:way/1313914168,14298
osm:way/1313914169,14299
osm:way/1313914170,14300
osm:way/1313914172,14301
osm:way/1313914173,14302
osm:way/1313914174,14303
osm:way/1313914175,14304
osm:way/1315363119,14305
osm:way/1315566230,14306
osm:way/1315734638,14307
osm:way/1315737208,14308
osm:way/1316321119,14309
osm:way/1318199264,14310
osm:way/1318518245,14311
osm:way/1318518246,14312
osm:way/1318518247,14313
osm:way/1318518248,14314
osm:way/1318518249,14315
osm:way/1318518250,14316
osm:way/1319699633,14317
osm:way/1319699634,14318
osm:way/1319699635,14319
osm:way/1319699636,14320
osm:way/1319699637,14321
osm:way/1319699638,14322
osm:way/1319699639,14323
osm:way/1319699640,14324
osm:way/1319699641,14325
osm:way/1319699642,14326
osm:way/1319699645,14327
osm:way/1319699646,14328
osm:way/1319699647,14329
osm:way/1319699648,14330
osm:way/1319699649,14331
osm:way/1319699650,14332
osm:way/1319699651,14333
osm:way/1319699652,14334
osm:way/1319699653,14335
osm:way/1319879001,14336
osm:way/1319879002,14337
osm:way/1319879003,14338
osm:way/1320473787,14339
osm:way/1320473788,14340
osm:way/1320780630,14341
osm:way/1323215936,14342
osm:way/1323215937,14343
osm:way/1323215938,14344
osm:way/1323215939,14345
osm:way/1323219273,14346
osm:way/1323219274,14347
osm:way/1323940563,14348
osm:way/1327640670,14349
osm:way/1327640671,14350
osm:way/1327640672,14351
osm:way/1327640673,14352
osm:way/1327640681,14353
osm:way/1327641800,14354
osm:way/1327641801,14355
osm:way/1327641802,14356
osm:way/1327641803,14357
osm:way/1328218140,14358
osm:way/1328343361,14359
osm:way/1328343363,14360
osm:way/1328343365,14361
osm:way/1328343366,14362
osm:way/1328344600,14363
osm:way/1328344601,14364
osm:way/1328344602,14365
osm:way/1328344605,14366
osm:way/1328626033,14367
osm:way/1329372824,14368
osm:way/1329372825,14369
osm:way/1329372826,14370
osm:way/1329372827,14371
osm:way/1329372828,14372
osm:way/1329589054,14373
osm:way/1329848904,14374
osm:way/1329848905,14375
osm:way/1329848906,14376
osm:way/1330219567,14377
osm:way/1330250102,14378
osm:way/1330758177,14379
osm:way/1330758178,14380
osm:way/1330758179,14381
osm:way/1330758181,14382
osm:way/1330758182,14383
osm:way/1331248746,14384
osm:way/1331959225,14385
osm:way/1331959226,14386
osm:way/1332100042,14387
osm:way/1335376568,14388
osm:way/1337761650,14389
osm:way/1339041446,14390
osm:way/1339125179,14391
osm:way/1339125180,14392
osm:way/1339125660,14393
osm:way/1339887432,14394
osm:way/1345183116,14395
osm:way/1347307285,14396
osm:way/1347307286,14397
osm:way/1347307287,14398
osm:way/1347307288,14399
osm:way/1347307289,14400
osm:way/1347309171,14401
osm:way/1347309172,14402
osm:way/1347309173,14403
osm:way/1347309174,14404
osm:way/1347309175,14405
osm:way/1347309176,14406
osm:way/1347309177,14407
osm:way/1347309178,14408
osm:way/1347309179,14409
osm:way/1347309180,14410
osm:way/1347309181,14411
osm:way/1347309182,14412
osm:way/1347309183,14413
osm:way/1347309184,14414
osm:way/1352416719,14415
osm:way/1354165367,14416
osm:way/1355025777,14417
osm:way/1355025778,14418
osm:way/1359340115,14419
osm:way/1360983974,14420
osm:way/1361819140,14421
osm:way/1361819141,14422
osm:way/1362051466,14423
osm:way/1362051467,14424
osm:way/1363171676,14425
osm:way/1364101807,14426
osm:way/1366042820,14427
osm:way/1366042821,14428
osm:way/1366042822,14429
osm:way/1366042823,14430
osm:way/1366042824,14431
osm:way/1366042825,14432
osm:way/1366042826,14433
osm:way/1366042827,14434
osm:way/1368123183,14435
osm:way/1370350265,14436
osm:way/1371682258,14437
osm:way/1373098971,14438
osm:way/1373536520,14439
osm:way/1373536521,14440
osm:way/1373536522,14441
osm:way/1373536523,14442
osm:way/1373536524,14443
osm:way/1373536525,14444
osm:way/1373536526,14445
osm:way/1373536527,14446
osm:way/1373536528,14447
osm:way/1373536529,14448
osm:way/1373536530,14449
osm:way/1373536531,14450
osm:way/1373536532,14451
osm:way/1373536533,14452
osm:way/1373536534,14453
osm:way/1373536535,14454
osm:way/1373536536,14455
osm:way/1373536537,14456
osm:way/1373536538,14457
osm:way/1375673931,14458
osm:way/1375673932,14459
osm:way/1375673933,14460
osm:way/1375673934,14461
osm:way/1375673935,14462
osm:way/1375673936,14463
osm:way/1375673937,14464
osm:way/1375673938,14465
osm:way/1375673939,14466
osm:way/1375673940,14467
osm:way/1375673941,14468
osm:way/1375673942,14469
osm:way/1375673943,14470
osm:way/1375673944,14471
osm:way/1375673945,14472
osm:way/1375673946,14473
osm:way/1375673947,14474
osm:way/1375673948,14475
osm:way/1375673950,14476
osm:way/1376869749,14477
osm:way/1377305752,14478
osm:way/1377305753,14479
osm:way/1377305754,14480
osm:way/1377305755,14481
osm:way/1377305756,14482
osm:way/1377305757,14483
osm:way/1377305758,14484
osm:way/1377305759,14485
osm:way/1377305760,14486
osm:way/1377305761,14487
osm:way/1377305762,14488
osm:way/1377305763,14489
osm:way/1377305764,14490
osm:way/1377305765,14491
osm:way/1377305766,14492
osm:way/1377305767,14493
osm:way/1377305768,14494
osm:way/1377305769,14495
osm:way/1378723212,14496
osm:way/1379087891,14497
osm:way/1382137725,14498
osm:way/1382317544,14499
osm:way/1382766586,14500
osm:way/1384035897,14501
osm:way/1384035898,14502
osm:way/1384398454,14503
osm:way/1384398455,14504
osm:way/1386969131,14505
osm:way/1386969132,14506
osm:way/1386969133,14507
osm:way/1388388089,14508
osm:way/1389159907,14509
osm:way/1389744706,14510
osm:way/1389944687,14511
osm:way/1390652280,14512
osm:way/1391385731,14513
osm:way/1392149339,14514
osm:way/1395532889,14515
osm:way/1411599735,14516
osm:way/1411599736,14517
osm:way/1411599737,14518
osm:way/1411599738,14519
osm:way/1411599739,14520
osm:way/1411599740,14521
osm:way/1414249062,14522
osm:way/1414249063,14523
osm:way/1414301388,14524
osm:way/1414702180,14525
osm:way/1414702181,14526
osm:way/1414702514,14527
osm:way/1415613621,14528
osm:way/1416705610,14529
osm:way/1417642103,14530
osm:way/1417680697,14531
osm:way/1418344990,14532
osm:way/1418344991,14533
osm:way/1420449804,14534
osm:way/1423405199,14535
osm:way/1423925954,14536
osm:way/1423925955,14537
osm:way/1423925956,14538
osm:way/1424625688,14539
osm:way/1425669416,14540
osm:way/1425673107,14541
osm:way/1425677272,14542
osm:way/1426092409,14543
osm:way/1426092411,14544
osm:way/1426698778,14545
osm:way/1427338831,14546
osm:way/1427371129,14547
osm:way/1427551301,14548
osm:way/1427726798,14549
osm:way/1428782031,14550
osm:way/1429933783,14551
osm:way/1429969822,14552
osm:way/1431407256,14553
osm:way/1432236247,14554
osm:way/1434035137,14555
osm:way/1434035138,14556
osm:way/1434684417,14557
osm:way/1435756769,14558
osm:way/1436003452,14559
osm:way/1436866538,14560
osm:way/1442249776,14561
osm:way/1442249777,14562
osm:way/1442249778,14563
osm:way/1444374117,14564
osm:way/1444648137,14565
osm:way/1444780657,14566
osm:way/1446364465,14567
osm:way/1448526357,14568
osm:way/1453842852,14569
osm:way/1453849435,14570
osm:way/1453853116,14571
osm:way/1454191325,14572
osm:way/1454191326,14573
osm:way/1454191327,14574
osm:way/1454191328,14575
osm:way/1454191329,14576
osm:way/1454191330,14577
osm:way/1454191332,14578
osm:way/1456980998,14579
osm:way/1458888421,14580
osm:way/1461499169,14581
osm:way/1461499171,14582
osm:way/1461543917,14583
osm:way/1463079144,14584
osm:way/1463084743,14585
osm:way/1463084744,14586
osm:way/1464129877,14587
osm:way/1466093592,14588
osm:way/1466093593,14589
osm:way/1466093594,14590
osm:way/1466093595,14591
osm:way/1466093596,14592
osm:way/1466093597,14593
osm:way/1466093598,14594
osm:way/1466093599,14595
osm:way/1466561573,14596
osm:way/1469464279,14597
osm:way/1469473478,14598
osm:way/1471683757,14599
osm:way/1471683758,14600
osm:way/1473809120,14601
osm:way/1477813408,14602
osm:way/1478496304,14603
osm:way/1482240509,14604
osm:way/1482248092,14605
osm:way/1484221421,14606
osm:way/1485388889,14607
osm:way/1487351217,14608
osm:way/1488502018,14609
osm:way/1488502021,14610
osm:way/1488502022,14611
osm:way/1488759443,14612
osm:way/1488873353,14613
osm:way/1489278524,14614
osm:way/1490319841,14615
osm:way/1490319842,14616
osm:way/1495462094,14617
osm:way/1495462095,14618
osm:way/1495462096,14619
osm:way/1497595569,14620
osm:way/1497757994,14621
osm:way/1498059377,14622
osm:way/1499019930,14623
osm:way/1500667084,14624
osm:way/1501287140,14625
osm:way/1501373772,14626
osm:way/1501373773,14627
osm:way/1503098951,14628
osm:way/1504086123,14629
osm:way/1505475456,14630
osm:way/1505475457,14631
osm:way/1510974519,14632
osm:way/1511443056,14633
osm:way/1511443057,14634
osm:way/1511443058,14635
osm:way/1512519106,14636
osm:way/1512718816,14637
osm:way/1514439697,14638
osm:way/1514439698,14639
osm:way/1517046060,14640
osm:way/1517351064,14641
osm:way/1518769385,14642
osm:way/1518769386,14643
osm:way/1520038747,14644
osm:way/1521257546,14645
osm:way/1521262644,14646
osm:way/1521381753,14647
osm:way/1521383602,14648
osm:way/1523990052,14649
osm:way/1524720872,14650
osm:way/1524764142,14651
osm:way/1525873788,14652
osm:way/1526235339,14653
osm:way/1530879755,14654
osm:way/1530879757,14655
osm:way/1531728446,14656
osm:way/1531728449,14657
osm:way/1531728450,14658
osm:way/1532999125,14659
osm:way/1533852091,14660
osm:way/1533852092,14661
osm:way/1533852093,14662
osm:way/1533852094,14663
osm:way/1535473252,14664
osm:way/1535473258,14665
osm:way/1535474488,14666
osm:way/1535476128,14667
osm:way/1535476129,14668
osm:way/1535476130,14669
osm:way/1535476133,14670
osm:way/1535587670,14671
osm:way/1537486040,14672
osm:way/1537486042,14673
osm:way/1539739171,14674
osm:way/1540795198,14675
osm:way/1540795203,14676
osm:way/1541133800,14677
osm:way/1544827494,14678
osm:way/1544852039,14679
osm:way/1544852047,14680
osm:way/1544852054,14681
osm:way/1546722271,14682
osm:way/1546722272,14683
osm:way/1546757352,14684
osm:way/1547399589,14685
osm:way/1548198463,14686
osm:way/1548198464,14687
osm:way/1548201161,14688
osm:way/1548630634,14689
osm:way/1548631319,14690
osm:way/1549339215,14691
osm:way/1550506526,14692
osm:way/1550823661,14693
osm:way/1550823662,14694
osm:way/1550823663,14695
osm:way/1551742289,14696
osm:way/1557193046,14697
osm:way/1559276233,14698
osm:way/1559276235,14699
osm:way/1559276236,14700
osm:way/1560095022,14701
osm:way/1561391045,14702
osm:way/1561391046,14703
osm:way/1561391052,14704
osm:way/1561679756,14705
osm:way/1561679757,14706
osm:relation/2133746,14707
osm:relation/2742816,14708
osm:relation/2759243,14709
osm:relation/2907986,14710
osm:relation/3958082,14711
osm:relation/4042512,14712
osm:relation/4116663,14713
osm:relation/5460322,14714
osm:relation/5813216,14715
osm:relation/6802681,14716
osm:relation/6858867,14717
osm:relation/8287004,14718
osm:relation/10082711,14719
osm:relation/12426134,14720
osm:relation/15442822,14721
osm:relation/16005008,14722
osm:relation/17231736,14723
osm:relation/19277251,14724
osm:relation/19950571,14725
osm:relation/20709928,14726
osm:relation/21022415,14727
