at:43:3499,at:49:1159,25B,1,81
at:43:5133,at:49:1235,SEV BB,4,760
at:43:5133,at:49:1620,61A,1,264
at:43:5133,at:49:947,61B,1,81
at:49:1,at:49:1910,11,1,4920
at:49:1,at:49:1910,6,1,2294
at:49:1,at:49:1910,N6,1,54
at:49:1,at:49:384,11,2,4920
at:49:1,at:49:384,6,2,2294
at:49:1,at:49:384,N6,1,54
at:49:10,at:49:1815,39A,1,241
at:49:10,at:49:687,35A,1,1320
at:49:10,at:49:687,N35,1,32
at:49:10,at:49:931,35A,1,1346
at:49:10,at:49:931,43B,1,55
at:49:10,at:49:931,N35,1,32
at:49:100,at:49:111,33A,1,184
at:49:100,at:49:848,33A,2,184
at:49:1000,at:49:278,56A,1,537
at:49:1000,at:49:94,58A,1,626
at:49:1000,at:49:94,58B,1,1244
at:49:1001,at:49:1178,56A,1,4
at:49:1001,at:49:1178,58A,1,626
at:49:1001,at:49:1178,58B,1,610
at:49:1001,at:49:227,58B,1,622
at:49:1002,at:49:1440,11A,1,2908
at:49:1002,at:49:547,11A,1,2941
at:49:1004,at:49:1258,95A,2,1493
at:49:1004,at:49:1773,97A,1,6
at:49:1004,at:49:1773,N24,1,28
at:49:1004,at:49:1923,97A,1,8
at:49:1004,at:49:596,95A,1,1479
at:49:1005,at:49:1158,10,2,1385
at:49:1005,at:49:1158,46,2,15
at:49:1005,at:49:1158,49,2,162
at:49:1005,at:49:1158,52,2,1771
at:49:1005,at:49:1158,60,2,21
at:49:1005,at:49:1176,60,2,1247
at:49:1005,at:49:1846,N54,2,54
at:49:1005,at:49:67,52,3,18
at:49:1005,at:49:67,60,3,1223
at:49:1005,at:49:67,N54,1,48
at:49:1007,at:49:1235,U6,2,13372
at:49:1007,at:49:1362,N64,1,16
at:49:1007,at:49:150,61A,1,253
at:49:1007,at:49:150,64A,1,280
at:49:1007,at:49:150,N64,1,16
at:49:1007,at:49:1604,61A,1,264
at:49:1007,at:49:285,U6,2,12839
at:49:1007,at:49:796,64A,1,64
at:49:1008,at:49:109,37,2,862
at:49:1008,at:49:540,37,2,862
at:49:1009,at:49:1421,N81,1,27
at:49:1009,at:49:1892,N81,1,27
at:49:101,at:49:1461,38,1,343
at:49:101,at:49:1461,40,1,1619
at:49:101,at:49:1461,41,1,1736
at:49:101,at:49:1461,41E,3,480
at:49:101,at:49:1461,N41,1,56
at:49:101,at:49:843,38,2,343
at:49:101,at:49:843,40,2,1614
at:49:101,at:49:843,41,2,1731
at:49:101,at:49:843,41E,1,480
at:49:101,at:49:843,N41,1,60
at:49:1010,at:49:304,40A,1,1138
at:49:1012,at:49:1322,66A,1,1399
at:49:1012,at:49:1322,67A,2,231
at:49:1012,at:49:1322,N66,1,69
at:49:1012,at:49:580,16A,1,736
at:49:1012,at:49:580,66A,1,1399
at:49:1012,at:49:580,67A,1,230
at:49:1012,at:49:580,N66,1,72
at:49:1013,at:49:1664,12A,1,1189
at:49:1013,at:49:445,48A,2,2246
at:49:1014,at:49:1438,46,1,586
at:49:1014,at:49:1438,47A,1,586
at:49:1014,at:49:1438,49,1,3302
at:49:1014,at:49:1438,N49,1,100
at:49:1014,at:49:472,46,2,586
at:49:1014,at:49:472,49,2,3311
at:49:1014,at:49:472,N49,1,86
at:49:1015,at:49:1160,62A,1,669
at:49:1015,at:49:1160,BB,2,2089
at:49:1015,at:49:1262,62A,1,676
at:49:1015,at:49:1262,8A,1,542
at:49:1015,at:49:1394,U6,2,9227
at:49:1015,at:49:1477,62,2,1860
at:49:1015,at:49:1477,N8,2,16
at:49:1015,at:49:1718,9A,1,574
at:49:1015,at:49:48,U6,3,4101
at:49:1015,at:49:542,8A,2,545
at:49:1015,at:49:865,59A,1,1701
at:49:1015,at:49:865,62,1,1860
at:49:1015,at:49:865,BB,1,2089
at:49:1015,at:49:865,N8,1,16
at:49:1015,at:49:937,U6,1,13373
at:49:1016,at:49:1405,69A,1,642
at:49:1016,at:49:1912,71,1,37
at:49:1016,at:49:1912,D,1,4219
at:49:1016,at:49:84,69A,1,647
at:49:1016,at:49:905,D,1,4211
at:49:1017,at:49:1375,13A,2,2608
at:49:1017,at:49:1375,N71,2,32
at:49:1018,at:49:1085,12A,2,743
at:49:1018,at:49:1085,14A,2,1599
at:49:1018,at:49:1659,N60,2,18
at:49:1018,at:49:293,13A,2,3624
at:49:1018,at:49:293,14A,2,1599
at:49:1018,at:49:293,57A,1,298
at:49:1018,at:49:293,N71,2,48
at:49:1018,at:49:529,57A,2,301
at:49:1018,at:49:670,N60,1,20
at:49:1018,at:49:670,U4,1,5207
at:49:1018,at:49:827,U4,2,5180
at:49:1018,at:49:829,13A,1,3620
at:49:1018,at:49:829,N71,1,43
at:49:1019,at:49:1066,13A,1,3778
at:49:1019,at:49:1349,13A,2,3776
at:49:1019,at:49:1349,N66,1,27
at:49:102,at:49:1135,26,3,817
at:49:102,at:49:1135,27,3,2506
at:49:102,at:49:1135,N20,2,90
at:49:102,at:49:1495,26,1,817
at:49:102,at:49:1495,27,1,2506
at:49:102,at:49:1495,N20,1,88
at:49:1021,at:49:1242,44A,1,410
at:49:1021,at:49:514,44A,1,410
at:49:1022,at:49:457,2A,1,581
at:49:1023,at:49:138,85A,1,806
at:49:1023,at:49:1680,85A,1,816
at:49:1024,at:49:171,N91,1,16
at:49:1024,at:49:1788,93A,1,530
at:49:1024,at:49:1788,N91,1,18
at:49:1024,at:49:624,93A,1,496
at:49:1025,at:49:1173,71,1,37
at:49:1025,at:49:1173,D,1,4219
at:49:1025,at:49:446,D,1,4211
at:49:1026,at:49:1662,26A,1,2374
at:49:1026,at:49:1662,88A,1,106
at:49:1026,at:49:1662,N20,1,51
at:49:1026,at:49:281,26A,1,2374
at:49:1026,at:49:281,88A,1,106
at:49:1026,at:49:281,N20,1,47
at:49:1027,at:49:1360,N23,1,28
at:49:1027,at:49:1360,N24,2,32
at:49:1027,at:49:1751,22A,1,1929
at:49:1027,at:49:8,22A,1,1948
at:49:1027,at:49:8,N23,1,28
at:49:1028,at:49:1112,63A,2,1030
at:49:1028,at:49:1376,63A,2,1066
at:49:1028,at:49:1546,9A,1,579
at:49:1029,at:49:418,44A,1,410
at:49:103,at:49:368,18,1,21
at:49:103,at:49:368,6,1,23
at:49:103,at:49:368,62,1,1747
at:49:103,at:49:368,BB,1,1449
at:49:103,at:49:470,59A,2,1701
at:49:103,at:49:865,18,2,21
at:49:103,at:49:865,59A,2,1739
at:49:103,at:49:865,6,2,23
at:49:103,at:49:865,62,3,1747
at:49:103,at:49:865,BB,2,2089
at:49:103,at:49:865,N8,2,16
at:49:1030,at:49:109,37,2,862
at:49:1030,at:49:135,37,1,862
at:49:1031,at:49:1234,94A,1,548
at:49:1031,at:49:236,25,2,1752
at:49:1031,at:49:236,26,2,111
at:49:1031,at:49:236,26A,1,2393
at:49:1031,at:49:236,N20,1,81
at:49:1031,at:49:288,25,1,1752
at:49:1031,at:49:288,26,1,111
at:49:1031,at:49:288,26A,1,2393
at:49:1031,at:49:288,94A,1,542
at:49:1031,at:49:288,N20,1,82
at:49:1031,at:49:288,N90,2,16
at:49:1033,at:49:1090,2A,1,572
at:49:1034,at:49:1313,94A,1,548
at:49:1034,at:49:869,94A,1,542
at:49:1035,at:49:1317,U3,1,6454
at:49:1035,at:49:166,46,2,586
at:49:1035,at:49:166,49,2,3376
at:49:1035,at:49:166,E3,1,708
at:49:1035,at:49:166,N49,1,100
at:49:1035,at:49:606,49,2,3247
at:49:1035,at:49:606,E3,2,708
at:49:1035,at:49:606,N49,2,36
at:49:1035,at:49:606,U3,2,4057
at:49:1035,at:49:754,10,1,1385
at:49:1035,at:49:754,46,1,586
at:49:1035,at:49:754,49,1,138
at:49:1035,at:49:909,10,1,1385
at:49:1037,at:49:1013,48A,1,2246
at:49:1037,at:49:1190,10A,1,1824
at:49:1037,at:49:1664,10A,1,1807
at:49:1038,at:49:1270,22A,1,1416
at:49:1038,at:49:531,22A,1,1432
at:49:1038,at:49:531,95B,1,40
at:49:1038,at:49:896,95B,1,40
at:49:1039,at:49:1896,77A,1,1166
at:49:1039,at:49:1896,78A,1,315
at:49:1039,at:49:1896,79A,1,440
at:49:1039,at:49:1896,79B,1,162
at:49:1039,at:49:282,77A,1,1160
at:49:1039,at:49:282,78A,2,315
at:49:1039,at:49:282,79A,2,446
at:49:1039,at:49:282,79B,2,162
at:49:1039,at:49:282,N81,1,27
at:49:104,at:49:1086,59A,2,1701
at:49:104,at:49:137,12A,2,743
at:49:104,at:49:137,14A,2,1618
at:49:104,at:49:137,59A,2,1701
at:49:1040,at:49:1130,2,2,66
at:49:1040,at:49:1130,5B,2,1295
at:49:1040,at:49:1421,N81,1,27
at:49:1040,at:49:1427,80A,3,1106
at:49:1040,at:49:1433,U1,1,4958
at:49:1040,at:49:1747,82A,1,294
at:49:1040,at:49:1848,N25,1,16
at:49:1040,at:49:1891,U2,1,5103
at:49:1040,at:49:1892,U2,1,5080
at:49:1040,at:49:1892,U2E,3,20
at:49:1040,at:49:348,O,2,1927
at:49:1040,at:49:916,N25,2,18
at:49:1040,at:49:916,U1,2,4944
at:49:1040,at:49:941,5,3,1965
at:49:1040,at:49:941,O,2,1927
at:49:1041,at:49:1104,4A,2,1106
at:49:1041,at:49:1497,4A,2,1067
at:49:1042,at:49:916,5A,2,374
at:49:1043,at:49:1177,46A,1,581
at:49:1043,at:49:1766,44B,1,416
at:49:1043,at:49:985,46B,1,534
at:49:1044,at:49:1109,53A,1,360
at:49:1044,at:49:1109,54A,1,147
at:49:1044,at:49:1109,54B,1,146
at:49:1044,at:49:1109,N54,1,54
at:49:1044,at:49:1422,53A,1,354
at:49:1044,at:49:1785,53A,2,348
at:49:1045,at:49:1488,69A,1,631
at:49:1045,at:49:377,69A,1,642
at:49:1046,at:49:751,88A,2,106
at:49:1046,at:49:751,88B,2,343
at:49:1046,at:49:942,88A,1,106
at:49:1046,at:49:942,88B,1,351
at:49:1047,at:49:1529,59A,1,1618
at:49:1047,at:49:1529,N71,1,48
at:49:1047,at:49:193,59A,2,1618
at:49:1047,at:49:193,N71,1,43
at:49:1048,at:49:1680,85A,2,806
at:49:1048,at:49:1681,95A,1,1479
at:49:1048,at:49:1681,95B,1,123
at:49:1048,at:49:1922,25,2,508
at:49:1048,at:49:1922,27,1,1659
at:49:1048,at:49:1922,95A,1,1493
at:49:1048,at:49:38,26,1,1634
at:49:1048,at:49:38,95B,1,121
at:49:1048,at:49:38,N23,1,28
at:49:1048,at:49:38,N24,1,32
at:49:1048,at:49:965,25,2,508
at:49:1048,at:49:965,26,2,1634
at:49:1048,at:49:965,27,2,1659
at:49:1049,at:49:1052,48A,1,2400
at:49:1049,at:49:1065,47A,1,586
at:49:1049,at:49:1065,N46,1,73
at:49:1049,at:49:1082,48A,1,2407
at:49:105,at:49:133,25A,1,266
at:49:1050,at:49:155,25A,2,160
at:49:1050,at:49:155,N25,1,18
at:49:1050,at:49:785,25A,1,356
at:49:1050,at:49:785,N25,1,18
at:49:1050,at:49:822,25A,1,202
at:49:1052,at:49:1049,47A,1,586
at:49:1052,at:49:1049,48A,1,2407
at:49:1053,at:49:637,60A,1,407
at:49:1053,at:49:637,N61,1,27
at:49:1053,at:49:707,60A,1,410
at:49:1053,at:49:707,N61,1,24
at:49:1054,at:49:1389,65A,2,16
at:49:1054,at:49:1491,65A,1,16
at:49:1054,at:49:1491,66A,1,1399
at:49:1054,at:49:1491,67B,2,241
at:49:1054,at:49:1491,N66,1,69
at:49:1054,at:49:1586,66A,2,1399
at:49:1054,at:49:1586,67B,2,231
at:49:1054,at:49:1586,N66,2,72
at:49:1054,at:49:444,SEV BB,4,246
at:49:1055,at:49:1087,46B,1,534
at:49:1055,at:49:983,46A,1,581
at:49:1056,at:49:1202,38,1,343
at:49:1056,at:49:1202,41,2,2426
at:49:1056,at:49:1202,N41,2,56
at:49:1056,at:49:673,41A,2,492
at:49:1057,at:49:673,41A,1,487
at:49:1057,at:49:932,41A,1,492
at:49:1058,at:49:1095,11,2,4920
at:49:1058,at:49:1095,6,2,2326
at:49:1058,at:49:1095,N6,4,48
at:49:1058,at:49:1095,N65,1,103
at:49:1058,at:49:1095,N67,1,9
at:49:1058,at:49:1095,N68,1,25
at:49:1058,at:49:136,N66,2,27
at:49:1058,at:49:136,O,2,1976
at:49:1058,at:49:86,11,1,5054
at:49:1058,at:49:86,N66,2,27
at:49:1058,at:49:86,O,1,2048
at:49:1058,at:49:914,6,2,2131
at:49:1058,at:49:914,N6,2,60
at:49:106,at:49:1483,50B,1,196
at:49:106,at:49:1483,N49,1,54
at:49:106,at:49:360,50A,2,656
at:49:106,at:49:360,N49,2,54
at:49:106,at:49:459,50A,1,662
at:49:1060,at:49:1598,1,3,222
at:49:1060,at:49:1598,18,2,21
at:49:1060,at:49:1598,6,2,2189
at:49:1060,at:49:225,1,1,5154
at:49:1060,at:49:225,62,1,305
at:49:1060,at:49:849,1,2,4970
at:49:1060,at:49:849,18,2,11
at:49:1060,at:49:849,6,2,2189
at:49:1060,at:49:849,62,2,305
at:49:1060,at:49:849,N6,1,27
at:49:1061,at:49:1148,74A,2,1994
at:49:1061,at:49:1694,77A,1,1469
at:49:1061,at:49:292,74A,1,1994
at:49:1062,at:49:1068,D,1,4359
at:49:1062,at:49:1068,N36,1,27
at:49:1062,at:49:1667,U6,1,12740
at:49:1062,at:49:357,U4,2,5229
at:49:1062,at:49:405,37A,1,870
at:49:1062,at:49:405,N36,1,30
at:49:1062,at:49:405,N8,2,18
at:49:1062,at:49:491,U4,2,5259
at:49:1062,at:49:692,37A,2,864
at:49:1062,at:49:786,D,2,4373
at:49:1062,at:49:950,35A,4,1279
at:49:1062,at:49:950,N35,9,20
at:49:1062,at:49:950,U6,1,12425
at:49:1063,at:49:348,O,2,1927
at:49:1063,at:49:513,1,1,5357
at:49:1063,at:49:513,N29,1,78
at:49:1063,at:49:527,1,2,5392
at:49:1063,at:49:527,N29,1,72
at:49:1063,at:49:527,O,2,1927
at:49:1065,at:49:1439,N46,3,73
at:49:1065,at:49:338,47A,1,586
at:49:1066,at:49:120,13A,2,3776
at:49:1066,at:49:604,13A,2,3778
at:49:1067,at:49:1663,93A,1,496
at:49:1067,at:49:1663,N91,1,16
at:49:1067,at:49:559,93A,1,520
at:49:1067,at:49:559,N91,1,18
at:49:1068,at:49:1062,D,1,4373
at:49:1068,at:49:1062,N36,1,30
at:49:1068,at:49:439,D,1,4359
at:49:1068,at:49:439,N36,1,27
at:49:107,at:49:1116,47B,1,308
at:49:107,at:49:1613,46,1,601
at:49:107,at:49:1613,49,1,3464
at:49:107,at:49:1790,47B,1,308
at:49:107,at:49:184,46,2,601
at:49:107,at:49:184,49,2,3464
at:49:1070,at:49:1264,76A,1,616
at:49:1070,at:49:1264,76B,1,420
at:49:1070,at:49:465,76A,1,608
at:49:1070,at:49:465,76B,1,426
at:49:1071,at:49:1041,4A,1,1066
at:49:1071,at:49:1497,1,2,5357
at:49:1071,at:49:1497,N29,2,78
at:49:1071,at:49:513,1,1,5392
at:49:1071,at:49:513,N29,1,72
at:49:1072,at:49:1184,U2,2,5080
at:49:1072,at:49:1430,U2,1,5103
at:49:1072,at:49:1559,1,2,4
at:49:1072,at:49:1559,2,2,4313
at:49:1072,at:49:1794,2,4,450
at:49:1072,at:49:246,2,3,3876
at:49:1073,at:49:1406,72A,1,114
at:49:1073,at:49:1652,72A,1,116
at:49:1074,at:49:761,66A,2,1395
at:49:1074,at:49:761,N66,2,63
at:49:1075,at:49:1420,53A,1,348
at:49:1075,at:49:1505,53A,1,354
at:49:1076,at:49:1103,32A,1,1267
at:49:1076,at:49:546,32A,1,1364
at:49:1077,at:49:1443,5,2,1977
at:49:1077,at:49:1443,O,2,1
at:49:1077,at:49:1449,5A,1,558
at:49:1077,at:49:169,5A,1,559
at:49:1077,at:49:944,5,2,1977
at:49:1077,at:49:944,O,2,4
at:49:1078,at:49:1140,11,1,5054
at:49:1078,at:49:1140,N65,2,85
at:49:1078,at:49:1393,11,2,5062
at:49:1078,at:49:1393,N65,1,103
at:49:1078,at:49:1393,O,1,2048
at:49:1078,at:49:447,15A,2,1230
at:49:1078,at:49:761,15A,2,1278
at:49:1079,at:49:1919,12,2,2116
at:49:1079,at:49:1919,O,3,66
at:49:1079,at:49:51,2,1,4501
at:49:1079,at:49:51,N29,1,68
at:49:1079,at:49:578,12,2,2105
at:49:1079,at:49:578,2,2,4541
at:49:1079,at:49:578,N29,1,74
at:49:1079,at:49:578,O,2,69
at:49:108,at:49:1645,98A,1,796
at:49:108,at:49:1709,98A,1,780
at:49:1080,at:49:1865,44,1,737
at:49:1080,at:49:669,44,1,737
at:49:1081,at:49:1395,56A,1,4
at:49:1081,at:49:1395,58A,1,626
at:49:1081,at:49:46,56A,1,4
at:49:1081,at:49:46,58A,1,620
at:49:1082,at:49:1049,48A,1,2400
at:49:1082,at:49:1049,N46,2,63
at:49:1082,at:49:1188,48A,1,2407
at:49:1083,at:49:1401,88B,2,351
at:49:1084,at:49:1158,10,1,1385
at:49:1084,at:49:1158,46,2,15
at:49:1084,at:49:1158,49,1,153
at:49:1084,at:49:1158,52,1,1771
at:49:1084,at:49:1158,60,2,21
at:49:1084,at:49:302,46,2,15
at:49:1084,at:49:302,49,1,162
at:49:1084,at:49:302,52,1,1771
at:49:1084,at:49:302,60,1,21
at:49:1084,at:49:909,10,1,1385
at:49:1085,at:49:1018,N60,1,20
at:49:1085,at:49:1086,14A,1,1599
at:49:1085,at:49:696,12A,1,743
at:49:1085,at:49:829,12A,3,738
at:49:1086,at:49:104,59A,2,1701
at:49:1086,at:49:269,59A,1,1701
at:49:1086,at:49:306,12A,2,738
at:49:1086,at:49:306,14A,2,1618
at:49:1087,at:49:1055,46A,1,581
at:49:1087,at:49:509,46B,1,534
at:49:1088,at:49:1237,49,1,3223
at:49:1088,at:49:1237,52,1,477
at:49:1088,at:49:1237,N49,1,36
at:49:1088,at:49:1533,49,1,3223
at:49:1088,at:49:1533,52,1,477
at:49:1088,at:49:1533,N49,1,32
at:49:1088,at:49:56,13A,2,2817
at:49:1088,at:49:56,N71,2,50
at:49:1088,at:49:920,13A,1,2821
at:49:1088,at:49:920,N71,2,48
at:49:109,at:49:1008,37,1,862
at:49:109,at:49:1030,37,1,862
at:49:109,at:49:1138,10A,1,1726
at:49:109,at:49:1138,39A,1,663
at:49:109,at:49:439,10A,1,1744
at:49:109,at:49:439,39A,1,663
at:49:1090,at:49:195,3A,2,660
at:49:1090,at:49:498,1A,1,676
at:49:1090,at:49:506,2A,2,572
at:49:1091,at:49:1407,71,2,6081
at:49:1091,at:49:1407,D,1,2
at:49:1091,at:49:1407,N71,1,87
at:49:1091,at:49:346,77A,2,1464
at:49:1091,at:49:688,71,1,6050
at:49:1091,at:49:688,N71,1,87
at:49:1091,at:49:736,1,1,104
at:49:1091,at:49:736,O,1,1927
at:49:1091,at:49:929,1,2,153
at:49:1091,at:49:929,O,2,1927
at:49:1093,at:49:1448,89A,2,283
at:49:1093,at:49:223,89A,1,279
at:49:1094,at:49:657,1,1,4897
at:49:1094,at:49:657,62,2,1035
at:49:1094,at:49:657,BB,1,1449
at:49:1094,at:49:657,N62,1,23
at:49:1094,at:49:975,N66,3,27
at:49:1094,at:49:996,1,2,4971
at:49:1094,at:49:996,62,1,1035
at:49:1094,at:49:996,BB,1,1449
at:49:1095,at:49:1058,11,2,4920
at:49:1095,at:49:1058,6,2,2324
at:49:1095,at:49:1058,N6,1,60
at:49:1095,at:49:1058,N67,2,9
at:49:1095,at:49:1058,N68,1,22
at:49:1095,at:49:1191,65A,2,464
at:49:1095,at:49:1191,66A,2,1381
at:49:1095,at:49:1300,14A,2,1618
at:49:1095,at:49:1441,68A,1,434
at:49:1095,at:49:1441,68B,1,434
at:49:1095,at:49:1441,N68,1,25
at:49:1095,at:49:1573,N67,2,9
at:49:1095,at:49:1573,U1,1,4946
at:49:1095,at:49:384,11,1,4920
at:49:1095,at:49:384,6,2,2294
at:49:1095,at:49:384,N6,1,54
at:49:1095,at:49:666,U1,1,4958
at:49:1095,at:49:86,7A,2,707
at:49:1095,at:49:86,N65,1,95
at:49:1095,at:49:86,N66,1,48
at:49:1096,at:49:744,54A,1,148
at:49:1098,at:49:1581,67B,1,144
at:49:1098,at:49:700,67A,1,71
at:49:1098,at:49:700,67B,1,147
at:49:1098,at:49:741,67A,1,48
at:49:1099,at:49:1984,10A,1,446
at:49:1099,at:49:1984,42A,1,356
at:49:1099,at:49:217,10A,3,1378
at:49:1099,at:49:217,42A,4,666
at:49:1099,at:49:508,10A,2,1807
at:49:1099,at:49:508,42A,1,1027
at:49:11,at:49:424,5A,1,567
at:49:11,at:49:781,5A,2,576
at:49:110,at:49:1450,74A,1,1994
at:49:110,at:49:292,74A,1,1994
at:49:1100,at:49:1255,60,1,1362
at:49:1100,at:49:1255,N60,1,48
at:49:1100,at:49:504,60,1,1362
at:49:1100,at:49:504,N60,1,48
at:49:1101,at:49:1562,49A,1,728
at:49:1102,at:49:1320,3A,2,660
at:49:1102,at:49:1981,3A,1,140
at:49:1102,at:49:245,3A,1,529
at:49:1103,at:49:1076,32A,1,1364
at:49:1103,at:49:388,32A,2,1267
at:49:1104,at:49:1450,4A,1,1106
at:49:1104,at:49:1450,74A,1,1994
at:49:1104,at:49:1471,74A,1,1994
at:49:1104,at:49:1471,N75,1,16
at:49:1104,at:49:397,4A,1,1107
at:49:1104,at:49:653,U3,2,6846
at:49:1104,at:49:743,U3,2,6844
at:49:1104,at:49:993,N75,1,18
at:49:1105,at:49:1492,60A,1,407
at:49:1105,at:49:1492,N61,1,27
at:49:1105,at:49:637,60,2,1352
at:49:1105,at:49:637,N60,2,32
at:49:1105,at:49:823,60A,1,410
at:49:1105,at:49:823,N61,1,24
at:49:1107,at:49:1127,60A,1,407
at:49:1107,at:49:1127,N60,1,32
at:49:1107,at:49:1127,N61,1,9
at:49:1107,at:49:1656,60A,1,410
at:49:1107,at:49:1656,N60,1,32
at:49:1107,at:49:1656,N61,1,8
at:49:1108,at:49:336,35A,1,1320
at:49:1108,at:49:336,N35,1,32
at:49:1108,at:49:714,35A,1,1346
at:49:1108,at:49:714,N35,1,32
at:49:1109,at:49:1504,53A,1,360
at:49:1109,at:49:1504,54A,1,147
at:49:1109,at:49:1504,54B,1,146
at:49:1109,at:49:1504,N54,1,54
at:49:1109,at:49:1785,53A,2,356
at:49:1109,at:49:1785,54A,2,148
at:49:1109,at:49:1785,54B,2,147
at:49:111,at:49:100,33A,1,184
at:49:111,at:49:125,33A,1,184
at:49:1111,at:49:1406,69A,1,631
at:49:1111,at:49:800,69A,1,642
at:49:1112,at:49:1028,63A,1,1066
at:49:1112,at:49:1118,63A,2,1030
at:49:1113,at:49:1368,99B,2,16
at:49:1113,at:49:1502,99B,1,199
at:49:1113,at:49:693,99B,2,219
at:49:1114,at:49:1174,62,2,1860
at:49:1114,at:49:1174,N62,1,23
at:49:1114,at:49:906,56A,1,4
at:49:1114,at:49:906,58B,1,622
at:49:1114,at:49:96,56A,1,4
at:49:1114,at:49:96,58B,1,620
at:49:1114,at:49:96,62,2,1860
at:49:1114,at:49:96,N62,1,24
at:49:1115,at:49:276,43,2,3076
at:49:1115,at:49:276,9,2,1596
at:49:1115,at:49:276,N43,1,84
at:49:1115,at:49:508,2,2,138
at:49:1115,at:49:508,43,2,3076
at:49:1115,at:49:508,9,1,60
at:49:1115,at:49:508,N43,2,86
at:49:1115,at:49:861,2,1,150
at:49:1115,at:49:861,9,1,1574
at:49:1116,at:49:107,47B,2,308
at:49:1116,at:49:1614,47B,1,308
at:49:1117,at:49:1319,64A,3,280
at:49:1117,at:49:1319,N64,1,16
at:49:1117,at:49:413,64A,1,279
at:49:1117,at:49:413,N64,1,16
at:49:1118,at:49:863,10A,2,1692
at:49:1118,at:49:863,63A,2,1030
at:49:1118,at:49:863,N60,1,18
at:49:1119,at:49:1198,2A,2,717
at:49:112,at:49:1169,1,2,242
at:49:112,at:49:1169,D,2,3674
at:49:112,at:49:1169,N38,1,58
at:49:112,at:49:122,40A,1,1058
at:49:112,at:49:122,N41,1,18
at:49:112,at:49:29,40A,2,1063
at:49:112,at:49:29,N41,2,18
at:49:112,at:49:371,1,1,252
at:49:112,at:49:371,D,1,3668
at:49:112,at:49:371,N38,1,58
at:49:1120,at:49:220,92B,2,472
at:49:1120,at:49:342,92B,2,472
at:49:1121,at:49:1136,12,2,101
at:49:1121,at:49:1136,2,2,4486
at:49:1121,at:49:698,46A,1,581
at:49:1121,at:49:784,10,2,1392
at:49:1121,at:49:784,12,1,101
at:49:1121,at:49:784,2,2,4491
at:49:1121,at:49:840,10,2,1392
at:49:1121,at:49:840,46B,3,534
at:49:1122,at:49:1386,25A,2,362
at:49:1122,at:49:1675,27A,4,245
at:49:1122,at:49:1675,28A,1,378
at:49:1122,at:49:1716,25A,1,356
at:49:1122,at:49:1858,28A,3,388
at:49:1122,at:49:955,27A,1,239
at:49:1124,at:49:1182,U4,2,5229
at:49:1124,at:49:357,U4,2,5259
at:49:1125,at:49:703,66A,1,1383
at:49:1125,at:49:788,N66,2,63
at:49:1126,at:49:1546,7A,2,713
at:49:1126,at:49:28,9A,1,579
at:49:1126,at:49:863,7A,2,725
at:49:1126,at:49:863,9A,2,574
at:49:1127,at:49:1107,60A,1,410
at:49:1127,at:49:1107,N60,1,32
at:49:1127,at:49:1107,N61,1,8
at:49:1127,at:49:1936,N60,2,32
at:49:1127,at:49:852,60A,1,407
at:49:1127,at:49:852,N61,1,9
at:49:1128,at:49:1361,58B,1,610
at:49:1128,at:49:1361,60A,1,410
at:49:1128,at:49:214,66A,1,1383
at:49:1128,at:49:214,N66,1,63
at:49:1128,at:49:94,56A,1,563
at:49:1128,at:49:94,60A,1,407
at:49:1128,at:49:94,66A,2,1359
at:49:1128,at:49:94,N66,1,72
at:49:1129,at:49:1033,2A,1,572
at:49:1129,at:49:213,3A,1,644
at:49:113,at:49:1696,47A,2,586
at:49:113,at:49:358,46,2,15
at:49:113,at:49:358,49,1,162
at:49:113,at:49:358,52,1,1771
at:49:113,at:49:358,60,2,21
at:49:113,at:49:434,46,2,15
at:49:113,at:49:434,49,1,153
at:49:113,at:49:434,52,1,1771
at:49:113,at:49:434,60,1,21
at:49:1130,at:49:1875,5B,1,1311
at:49:1130,at:49:1876,5B,1,1295
at:49:1130,at:49:494,2,1,66
at:49:1130,at:49:899,2,1,66
at:49:1132,at:49:67,18,1,108
at:49:1132,at:49:67,49,1,23
at:49:1132,at:49:67,5,1,103
at:49:1132,at:49:67,52,1,1694
at:49:1132,at:49:67,60,2,1242
at:49:1132,at:49:67,9,1,55
at:49:1132,at:49:67,E3,1,16
at:49:1132,at:49:67,N54,1,54
at:49:1132,at:49:712,18,1,137
at:49:1132,at:49:712,49,1,14
at:49:1132,at:49:712,5,1,103
at:49:1132,at:49:712,52,1,1694
at:49:1132,at:49:712,60,1,1242
at:49:1132,at:49:712,9,1,55
at:49:1132,at:49:712,E3,1,16
at:49:1132,at:49:712,N54,1,48
at:49:1133,at:49:1248,30A,1,822
at:49:1133,at:49:1248,31A,1,1112
at:49:1133,at:49:1268,31A,1,1112
at:49:1134,at:49:278,56A,2,4
at:49:1134,at:49:278,58B,2,622
at:49:1134,at:49:49,56A,1,541
at:49:1135,at:49:102,26,2,817
at:49:1135,at:49:102,27,2,2506
at:49:1135,at:49:102,N20,3,88
at:49:1135,at:49:1333,32A,1,1263
at:49:1135,at:49:260,26,1,817
at:49:1135,at:49:260,27,1,2506
at:49:1135,at:49:260,32A,1,1331
at:49:1135,at:49:260,N20,2,90
at:49:1136,at:49:1121,12,2,101
at:49:1136,at:49:1121,2,1,4491
at:49:1136,at:49:1490,12,1,101
at:49:1136,at:49:1490,2,1,4486
at:49:1137,at:49:1165,82A,1,294
at:49:1138,at:49:109,10A,2,1744
at:49:1138,at:49:109,39A,2,663
at:49:1138,at:49:1253,10A,2,1726
at:49:1138,at:49:1253,39A,2,663
at:49:1139,at:49:1799,N65,3,96
at:49:1139,at:49:35,64B,3,29
at:49:1139,at:49:35,N8,2,16
at:49:1139,at:49:48,16A,1,732
at:49:1139,at:49:48,N65,1,106
at:49:1139,at:49:801,64B,1,30
at:49:1139,at:49:801,N8,1,16
at:49:114,at:49:1555,47A,1,586
at:49:114,at:49:338,47A,1,586
at:49:1140,at:49:1078,11,2,5062
at:49:1140,at:49:1078,N65,1,98
at:49:1140,at:49:1480,11,1,5054
at:49:1140,at:49:1480,N65,1,96
at:49:1141,at:49:607,25,2,508
at:49:1141,at:49:607,26,2,1634
at:49:1141,at:49:607,27,2,1659
at:49:1141,at:49:607,27A,1,465
at:49:1141,at:49:607,N20,1,80
at:49:1141,at:49:633,25,2,508
at:49:1141,at:49:633,26,2,1634
at:49:1141,at:49:633,27,2,1659
at:49:1141,at:49:633,N20,2,97
at:49:1142,at:49:206,35A,1,1320
at:49:1142,at:49:206,N35,1,32
at:49:1143,at:49:337,26A,1,2393
at:49:1143,at:49:337,N20,1,82
at:49:1143,at:49:811,26A,1,2393
at:49:1143,at:49:811,N20,1,81
at:49:1144,at:49:544,2A,1,136
at:49:1144,at:49:544,3A,1,644
at:49:1145,at:49:1129,2A,2,572
at:49:1145,at:49:1144,2A,1,136
at:49:1145,at:49:1182,1,2,4484
at:49:1145,at:49:1182,2,2,42
at:49:1145,at:49:1182,D,2,864
at:49:1145,at:49:1198,1,2,4402
at:49:1145,at:49:1198,2,2,66
at:49:1145,at:49:1198,71,2,8
at:49:1145,at:49:1198,D,2,869
at:49:1146,at:49:1416,49A,1,728
at:49:1146,at:49:1416,50A,1,656
at:49:1146,at:49:1416,N49,1,54
at:49:1146,at:49:1482,50A,1,662
at:49:1146,at:49:1482,N49,1,54
at:49:1147,at:49:1668,20A,2,808
at:49:1148,at:49:1061,74A,1,316
at:49:1148,at:49:115,18,1,4398
at:49:1148,at:49:1425,18,2,4398
at:49:1148,at:49:1425,74A,2,1994
at:49:1149,at:49:1283,56A,1,350
at:49:1149,at:49:1283,56B,1,323
at:49:1149,at:49:1909,56A,1,336
at:49:1149,at:49:1909,56B,1,322
at:49:1149,at:49:408,58A,7,258
at:49:1149,at:49:408,58B,7,258
at:49:115,at:49:1148,18,2,4398
at:49:115,at:49:1199,18,2,4398
at:49:115,at:49:1199,77A,2,320
at:49:115,at:49:1199,80A,2,182
at:49:1150,at:49:406,56A,1,549
at:49:1150,at:49:952,56A,1,573
at:49:1151,at:49:239,29A,1,946
at:49:1151,at:49:239,N25,1,18
at:49:1151,at:49:271,28A,2,388
at:49:1151,at:49:617,28A,1,378
at:49:1151,at:49:771,29A,1,946
at:49:1151,at:49:771,N25,1,18
at:49:1152,at:49:1430,13A,1,235
at:49:1152,at:49:1430,48A,1,2232
at:49:1152,at:49:1430,N46,2,44
at:49:1153,at:49:224,39A,1,663
at:49:1153,at:49:362,39A,1,663
at:49:1154,at:49:849,14A,2,1618
at:49:1155,at:49:1156,42A,1,794
at:49:1156,at:49:1467,42A,2,799
at:49:1158,at:49:1084,10,1,1385
at:49:1158,at:49:1084,46,1,15
at:49:1158,at:49:1084,49,1,162
at:49:1158,at:49:1084,52,1,1771
at:49:1158,at:49:1084,60,1,21
at:49:1158,at:49:1176,10,3,1385
at:49:1158,at:49:1176,10A,3,1692
at:49:1158,at:49:1176,52,3,57
at:49:1158,at:49:1176,60,3,21
at:49:1158,at:49:67,52,4,1714
at:49:1158,at:49:911,10A,2,1716
at:49:1159,at:43:3499,25B,1,81
at:49:1159,at:49:1307,25B,2,54
at:49:1159,at:49:1357,25B,1,27
at:49:116,at:49:1882,38B,4,64
at:49:116,at:49:948,D,2,4373
at:49:1160,at:49:1015,62A,2,676
at:49:1160,at:49:1015,BB,1,2089
at:49:1160,at:49:1015,N8,1,16
at:49:1160,at:49:1214,BB,2,2089
at:49:1160,at:49:1477,62A,1,669
at:49:1160,at:49:1477,7A,2,707
at:49:1160,at:49:1477,N62,2,14
at:49:1160,at:49:1508,15A,2,1230
at:49:1160,at:49:1726,N62,2,16
at:49:1160,at:49:1816,7B,4,144
at:49:1160,at:49:444,SEV BB,11,246
at:49:1160,at:49:542,7A,2,725
at:49:1162,at:49:43,72A,1,459
at:49:1163,at:49:1164,93A,1,520
at:49:1163,at:49:1164,96A,1,74
at:49:1163,at:49:1164,N91,1,18
at:49:1163,at:49:649,93A,1,496
at:49:1163,at:49:649,96A,1,73
at:49:1163,at:49:649,N91,1,16
at:49:1164,at:49:1163,93A,1,496
at:49:1164,at:49:1163,96A,1,73
at:49:1164,at:49:1163,N91,1,16
at:49:1164,at:49:1663,93A,1,520
at:49:1164,at:49:1663,N91,1,18
at:49:1165,at:49:1881,82A,1,294
at:49:1166,at:49:1484,88B,1,351
at:49:1168,at:49:1047,59A,1,1618
at:49:1168,at:49:1047,N71,1,48
at:49:1168,at:49:1366,N66,1,27
at:49:1168,at:49:996,N62,1,27
at:49:1169,at:49:112,1,1,252
at:49:1169,at:49:112,D,1,3668
at:49:1169,at:49:112,N38,1,58
at:49:1169,at:49:1184,N38,2,58
at:49:1169,at:49:195,1,2,242
at:49:1169,at:49:195,D,2,3674
at:49:117,at:49:1872,7A,1,707
at:49:117,at:49:225,7A,2,707
at:49:1171,at:49:1937,64A,1,176
at:49:1171,at:49:421,64A,3,104
at:49:1171,at:49:613,60A,1,409
at:49:1171,at:49:613,66A,1,1383
at:49:1171,at:49:613,N66,1,63
at:49:1171,at:49:898,60A,1,409
at:49:1171,at:49:898,64A,1,279
at:49:1171,at:49:898,66A,1,1383
at:49:1171,at:49:898,N66,1,72
at:49:1173,at:49:1025,D,2,4211
at:49:1173,at:49:1346,71,3,37
at:49:1173,at:49:1346,D,3,4219
at:49:1174,at:49:1114,62,1,1860
at:49:1174,at:49:1114,N62,1,24
at:49:1174,at:49:1383,63A,2,1030
at:49:1174,at:49:1383,N62,1,23
at:49:1174,at:49:1679,16A,1,18
at:49:1174,at:49:1679,63A,1,1066
at:49:1174,at:49:511,16A,2,20
at:49:1174,at:49:511,62,1,1860
at:49:1176,at:49:1005,10,1,1385
at:49:1176,at:49:1005,52,1,57
at:49:1176,at:49:1005,60,1,1268
at:49:1176,at:49:1158,10A,2,1716
at:49:1176,at:49:1211,10A,1,1692
at:49:1176,at:49:1211,N60,1,18
at:49:1176,at:49:520,10,3,1385
at:49:1176,at:49:520,52,3,57
at:49:1176,at:49:520,60,2,1268
at:49:1177,at:49:1043,46B,1,534
at:49:1177,at:49:1758,46A,1,581
at:49:1178,at:49:1081,56A,1,4
at:49:1178,at:49:1081,58A,1,626
at:49:1178,at:49:46,58B,1,610
at:49:1179,at:49:1200,12A,1,1174
at:49:1179,at:49:437,12A,1,1179
at:49:118,at:49:194,39A,1,663
at:49:118,at:49:660,39A,1,663
at:49:1180,at:49:391,98A,1,596
at:49:1181,at:49:1340,46,1,2228
at:49:1181,at:49:1340,N46,2,72
at:49:1181,at:49:1372,46,2,2228
at:49:1181,at:49:1372,N46,2,72
at:49:1182,at:49:1124,U4,1,5259
at:49:1182,at:49:1129,3A,2,644
at:49:1182,at:49:1145,1,1,4402
at:49:1182,at:49:1145,2,1,66
at:49:1182,at:49:1145,71,1,8
at:49:1182,at:49:1145,D,1,869
at:49:1182,at:49:1184,U2,2,5103
at:49:1182,at:49:1198,N25,2,18
at:49:1182,at:49:1198,N31,2,27
at:49:1182,at:49:1198,N38,2,16
at:49:1182,at:49:1198,N60,2,16
at:49:1182,at:49:1198,N66,2,27
at:49:1182,at:49:1198,U4,1,5229
at:49:1182,at:49:1891,U2,1,5080
at:49:1182,at:49:195,1,3,4484
at:49:1182,at:49:195,2,2,42
at:49:1182,at:49:195,71,2,4254
at:49:1182,at:49:195,D,2,864
at:49:1182,at:49:961,N31,2,27
at:49:1182,at:49:962,31,2,2571
at:49:1184,at:49:1072,U2,2,5103
at:49:1184,at:49:1182,U2,1,5080
at:49:1184,at:49:1197,37,2,493
at:49:1184,at:49:1197,38,2,1208
at:49:1184,at:49:1197,40,2,2164
at:49:1184,at:49:1197,41,2,2278
at:49:1184,at:49:1197,42,2,1459
at:49:1184,at:49:1197,N41,2,50
at:49:1184,at:49:122,40A,2,1063
at:49:1184,at:49:122,N41,2,18
at:49:1184,at:49:1369,1A,1,676
at:49:1184,at:49:192,1,1,4275
at:49:1184,at:49:192,2,1,35
at:49:1184,at:49:192,71,2,4104
at:49:1184,at:49:192,D,1,3063
at:49:1184,at:49:195,1,2,4364
at:49:1184,at:49:195,2,2,33
at:49:1184,at:49:195,71,2,4256
at:49:1184,at:49:195,D,2,3245
at:49:1184,at:49:195,N25,1,18
at:49:1184,at:49:195,N38,1,74
at:49:1184,at:49:195,N60,1,16
at:49:1184,at:49:195,N66,1,27
at:49:1184,at:49:742,2,3,7
at:49:1184,at:49:742,43,2,3052
at:49:1184,at:49:742,44,2,719
at:49:1184,at:49:742,N43,3,86
at:49:1184,at:49:994,1,2,145
at:49:1184,at:49:994,71,3,150
at:49:1184,at:49:994,D,2,183
at:49:1185,at:49:401,54B,3,147
at:49:1186,at:49:1554,30,2,1565
at:49:1186,at:49:1554,31,2,2381
at:49:1186,at:49:1554,N31,1,24
at:49:1186,at:49:334,12,4,6
at:49:1186,at:49:334,26,4,1
at:49:1186,at:49:334,27,4,40
at:49:1186,at:49:334,30,4,1508
at:49:1186,at:49:334,31,4,2398
at:49:1186,at:49:334,5,4,19
at:49:1186,at:49:334,N31,3,27
at:49:1187,at:49:514,44A,1,639
at:49:1188,at:49:1082,48A,1,2400
at:49:1188,at:49:1082,N46,1,63
at:49:1188,at:49:1439,48A,1,2407
at:49:1189,at:49:1707,53A,2,348
at:49:119,at:49:250,34A,1,829
at:49:119,at:49:250,36A,2,218
at:49:119,at:49:250,36B,1,286
at:49:119,at:49:594,34A,1,827
at:49:1190,at:49:1037,10A,1,1807
at:49:1190,at:49:1374,46,2,2717
at:49:1190,at:49:1374,N46,1,116
at:49:1190,at:49:669,10A,1,1824
at:49:1190,at:49:981,46,2,2717
at:49:1190,at:49:981,N46,2,109
at:49:1191,at:49:1573,65A,2,464
at:49:1191,at:49:1573,66A,1,1415
at:49:1191,at:49:1573,N66,1,42
at:49:1191,at:49:760,65A,2,464
at:49:1191,at:49:760,66A,2,1381
at:49:1192,at:49:1697,36A,1,228
at:49:1192,at:49:1697,36B,1,286
at:49:1193,at:49:1407,N71,1,87
at:49:1193,at:49:1460,1,1,844
at:49:1193,at:49:1460,2,1,4018
at:49:1193,at:49:1460,D,1,864
at:49:1193,at:49:1795,71,2,6050
at:49:1193,at:49:1813,4A,1,699
at:49:1193,at:49:1972,N75,2,18
at:49:1193,at:49:446,71,2,37
at:49:1193,at:49:446,D,2,4219
at:49:1193,at:49:657,1,3,846
at:49:1193,at:49:657,2,3,142
at:49:1193,at:49:657,4A,1,1106
at:49:1193,at:49:804,4A,2,408
at:49:1193,at:49:975,2,2,3861
at:49:1193,at:49:975,2A,2,581
at:49:1193,at:49:975,3A,1,140
at:49:1193,at:49:975,71,3,4256
at:49:1193,at:49:975,D,2,3245
at:49:1193,at:49:975,N25,2,18
at:49:1193,at:49:975,N38,2,16
at:49:1193,at:49:975,N60,4,16
at:49:1193,at:49:975,N66,2,27
at:49:1193,at:49:975,N71,3,87
at:49:1193,at:49:975,N75,2,16
at:49:1195,at:49:1054,65A,1,16
at:49:1195,at:49:1054,66A,2,1399
at:49:1195,at:49:1054,67B,1,231
at:49:1195,at:49:1054,N66,1,72
at:49:1195,at:49:1319,66A,2,1399
at:49:1195,at:49:1319,67B,3,241
at:49:1195,at:49:1319,N66,2,69
at:49:1195,at:49:930,65A,1,16
at:49:1196,at:49:1506,34A,2,493
at:49:1196,at:49:1513,34A,1,489
at:49:1197,at:49:1184,37,3,493
at:49:1197,at:49:1184,38,3,1208
at:49:1197,at:49:1184,40,3,2164
at:49:1197,at:49:1184,41,3,2278
at:49:1197,at:49:1184,42,3,1459
at:49:1197,at:49:1184,N41,3,50
at:49:1197,at:49:1288,37,2,493
at:49:1197,at:49:1288,38,2,1208
at:49:1197,at:49:1288,40,2,2164
at:49:1197,at:49:1288,41,2,2278
at:49:1197,at:49:1288,42,2,1459
at:49:1197,at:49:1288,N41,2,50
at:49:1198,at:49:1145,1,2,4484
at:49:1198,at:49:1145,2,2,2
at:49:1198,at:49:1145,2A,1,572
at:49:1198,at:49:1145,D,2,864
at:49:1198,at:49:1182,N31,2,27
at:49:1198,at:49:1182,U4,2,5259
at:49:1198,at:49:1320,U1,1,4944
at:49:1198,at:49:1979,2A,2,136
at:49:1198,at:49:245,N25,2,18
at:49:1198,at:49:245,N38,2,16
at:49:1198,at:49:245,N60,2,16
at:49:1198,at:49:245,N66,2,27
at:49:1198,at:49:419,2,2,4016
at:49:1198,at:49:419,N29,2,74
at:49:1198,at:49:619,1,2,4402
at:49:1198,at:49:619,2,2,4003
at:49:1198,at:49:619,71,2,8
at:49:1198,at:49:619,D,2,869
at:49:1198,at:49:619,N29,1,78
at:49:1198,at:49:659,2,3,459
at:49:1198,at:49:743,U4,2,3638
at:49:1198,at:49:916,N25,3,16
at:49:1198,at:49:916,U1,1,4958
at:49:1199,at:49:115,18,1,4398
at:49:1199,at:49:1315,77A,1,320
at:49:1199,at:49:1315,80A,1,180
at:49:1199,at:49:1583,18,7,26
at:49:1199,at:49:283,77A,1,1469
at:49:1199,at:49:289,U3,1,6846
at:49:1199,at:49:653,U3,1,6844
at:49:1199,at:49:821,18,2,2994
at:49:1199,at:49:821,77A,2,1367
at:49:1199,at:49:821,80A,2,1108
at:49:12,at:49:1664,10A,1,1716
at:49:12,at:49:1665,10A,2,1869
at:49:12,at:49:1713,12A,1,1194
at:49:120,at:49:1019,13A,1,3776
at:49:120,at:49:1366,N66,1,27
at:49:1200,at:49:1179,12A,2,1179
at:49:1200,at:49:1468,U3,2,4057
at:49:1200,at:49:440,9,2,1570
at:49:1200,at:49:458,49,1,3247
at:49:1200,at:49:458,9,1,1570
at:49:1200,at:49:458,E3,1,708
at:49:1200,at:49:458,N49,1,36
at:49:1200,at:49:556,12A,2,1189
at:49:1200,at:49:556,49,1,3238
at:49:1200,at:49:556,E3,1,708
at:49:1200,at:49:556,N49,1,32
at:49:1200,at:49:606,U3,2,4056
at:49:1201,at:49:1504,53A,1,356
at:49:1201,at:49:577,53A,1,360
at:49:1202,at:49:1056,38,1,343
at:49:1202,at:49:1056,41,2,2426
at:49:1202,at:49:1056,N41,3,56
at:49:1202,at:49:287,38,1,343
at:49:1202,at:49:287,41,1,2426
at:49:1202,at:49:287,N41,1,56
at:49:1203,at:49:1090,1A,1,676
at:49:1203,at:49:1090,3A,1,660
at:49:1204,at:49:1209,92A,1,1044
at:49:1204,at:49:1209,92B,1,386
at:49:1204,at:49:1209,N90,1,14
at:49:1204,at:49:475,92A,2,1040
at:49:1204,at:49:475,92B,2,376
at:49:1204,at:49:475,N90,1,16
at:49:1205,at:49:411,92A,1,1040
at:49:1205,at:49:411,92B,1,376
at:49:1205,at:49:411,N90,1,16
at:49:1205,at:49:641,92A,3,1025
at:49:1205,at:49:641,92B,2,378
at:49:1205,at:49:641,N90,1,14
at:49:1206,at:49:817,80A,1,1108
at:49:1207,at:49:1399,95A,1,1488
at:49:1207,at:49:140,95A,1,1482
at:49:1208,at:49:395,42A,1,1027
at:49:1208,at:49:711,42A,1,1022
at:49:1209,at:49:1204,92A,1,1040
at:49:1209,at:49:1204,92B,1,376
at:49:1209,at:49:1204,N90,1,16
at:49:1209,at:49:411,92A,1,1044
at:49:1209,at:49:411,92B,1,386
at:49:1209,at:49:411,N90,1,14
at:49:121,at:49:1316,93A,1,638
at:49:121,at:49:746,93A,1,648
at:49:1210,at:49:26,37,1,338
at:49:1210,at:49:26,40,1,2286
at:49:1210,at:49:393,9,3,1206
at:49:1211,at:49:1118,10A,1,1692
at:49:1211,at:49:1118,N60,1,18
at:49:1211,at:49:1176,10A,1,1716
at:49:1211,at:49:520,N60,2,18
at:49:1211,at:49:520,U4,2,5180
at:49:1211,at:49:863,U4,2,5207
at:49:1212,at:49:1028,9A,1,579
at:49:1212,at:49:1249,9A,1,574
at:49:1213,at:49:1917,29B,1,832
at:49:1213,at:49:305,29B,1,832
at:49:1214,at:49:1160,BB,2,2089
at:49:1214,at:49:444,BB,1,2089
at:49:1215,at:49:622,30A,1,818
at:49:1216,at:49:1657,27A,1,459
at:49:1216,at:49:1657,N25,1,18
at:49:1216,at:49:771,27A,2,457
at:49:1216,at:49:771,N25,1,18
at:49:1217,at:49:489,29A,1,946
at:49:1217,at:49:489,29B,2,832
at:49:1217,at:49:489,N30,1,32
at:49:1217,at:49:995,29A,1,946
at:49:1217,at:49:995,29B,2,832
at:49:1217,at:49:995,N30,1,32
at:49:1218,at:49:743,1,2,153
at:49:1218,at:49:743,O,2,1927
at:49:1218,at:49:929,1,1,104
at:49:1218,at:49:929,O,1,1927
at:49:1219,at:49:1662,88B,1,351
at:49:122,at:49:112,40A,1,1063
at:49:122,at:49:112,N41,1,18
at:49:122,at:49:1184,N41,3,18
at:49:122,at:49:1654,40A,2,1058
at:49:1220,at:49:268,54B,1,147
at:49:1220,at:49:401,54B,1,146
at:49:1221,at:49:1967,89A,1,283
at:49:1221,at:49:1967,99A,1,215
at:49:1221,at:49:1967,99B,1,219
at:49:1221,at:49:503,89A,2,279
at:49:1221,at:49:693,99A,1,219
at:49:1221,at:49:693,99B,1,215
at:49:1223,at:49:1327,17A,1,376
at:49:1223,at:49:608,17A,1,378
at:49:1226,at:49:1197,37,1,493
at:49:1226,at:49:1197,38,1,1208
at:49:1226,at:49:1197,40,1,2164
at:49:1226,at:49:1197,41,1,2278
at:49:1226,at:49:1197,42,1,1459
at:49:1226,at:49:1197,N41,1,50
at:49:1227,at:49:36,53A,1,360
at:49:1227,at:49:577,53A,1,356
at:49:1228,at:49:1938,64A,1,65
at:49:1228,at:49:247,61A,2,264
at:49:1228,at:49:247,64A,2,64
at:49:1228,at:49:790,61A,1,253
at:49:1229,at:49:176,30,2,1565
at:49:1229,at:49:176,31,1,2381
at:49:1229,at:49:176,N31,1,21
at:49:1229,at:49:431,30,2,1565
at:49:1229,at:49:431,31,2,2381
at:49:1229,at:49:431,N31,1,24
at:49:123,at:49:1412,49A,6,297
at:49:123,at:49:1412,50B,6,80
at:49:123,at:49:1501,50A,7,269
at:49:123,at:49:1501,N49,6,9
at:49:123,at:49:184,49A,1,429
at:49:123,at:49:184,50A,1,393
at:49:123,at:49:184,50B,1,116
at:49:123,at:49:184,N49,1,80
at:49:123,at:49:355,43B,2,55
at:49:123,at:49:355,52A,2,188
at:49:123,at:49:355,52B,2,160
at:49:123,at:49:560,43B,2,55
at:49:123,at:49:560,52A,2,188
at:49:123,at:49:560,52B,2,160
at:49:123,at:49:560,N49,2,92
at:49:1230,at:49:1074,66A,2,1395
at:49:1230,at:49:1074,N66,1,63
at:49:1230,at:49:1479,66A,2,1395
at:49:1230,at:49:1479,N66,1,69
at:49:1230,at:49:2924,66A,1,4
at:49:1230,at:49:2924,N66,1,9
at:49:1231,at:49:428,D,2,4373
at:49:1231,at:49:428,N36,1,30
at:49:1231,at:49:948,D,1,4359
at:49:1231,at:49:948,N36,1,27
at:49:1232,at:49:306,12A,2,743
at:49:1233,at:49:104,12A,1,743
at:49:1233,at:49:104,14A,1,1618
at:49:1234,at:49:1031,94A,1,542
at:49:1234,at:49:927,94A,1,548
at:49:1235,at:43:5133,SEV BB,6,769
at:49:1235,at:49:1007,U6,1,12839
at:49:1235,at:49:1727,N64,1,16
at:49:1235,at:49:671,61B,2,81
at:49:1235,at:49:947,61B,2,82
at:49:1237,at:49:1088,49,1,3223
at:49:1237,at:49:1088,52,2,477
at:49:1237,at:49:1088,N49,1,32
at:49:1237,at:49:1325,49,1,3223
at:49:1237,at:49:1325,52,1,477
at:49:1237,at:49:1325,N49,1,36
at:49:1239,at:49:580,66A,1,1395
at:49:1239,at:49:580,N66,1,69
at:49:1239,at:49:697,17A,1,375
at:49:1239,at:49:697,67A,1,231
at:49:1239,at:49:697,N67,1,27
at:49:1239,at:49:722,67B,2,190
at:49:1239,at:49:971,17A,1,372
at:49:1239,at:49:971,66A,1,1399
at:49:1239,at:49:971,67A,1,230
at:49:1239,at:49:971,67B,1,192
at:49:1239,at:49:971,N66,1,72
at:49:1239,at:49:971,N67,1,23
at:49:124,at:49:507,44,2,719
at:49:124,at:49:977,44,2,719
at:49:1240,at:49:266,52A,1,188
at:49:1241,at:49:1244,93A,1,648
at:49:1241,at:49:1244,N90,1,14
at:49:1241,at:49:746,93A,1,638
at:49:1241,at:49:746,N90,1,16
at:49:1242,at:49:1029,44A,1,410
at:49:1243,at:49:1796,52B,1,21
at:49:1243,at:49:57,52B,1,160
at:49:1244,at:49:1241,93A,1,638
at:49:1244,at:49:1241,N90,1,16
at:49:1244,at:49:273,93A,1,648
at:49:1244,at:49:273,N90,1,14
at:49:1245,at:49:1377,68A,1,435
at:49:1245,at:49:1377,68B,1,437
at:49:1245,at:49:1377,N68,1,22
at:49:1245,at:49:331,15A,1,1246
at:49:1245,at:49:721,68A,2,434
at:49:1245,at:49:721,68B,2,434
at:49:1245,at:49:721,N68,1,25
at:49:1245,at:49:750,15A,2,1206
at:49:1246,at:49:521,43A,2,607
at:49:1246,at:49:672,43A,2,607
at:49:1247,at:49:1512,92A,1,644
at:49:1247,at:49:811,26A,1,2393
at:49:1247,at:49:811,N20,1,82
at:49:1247,at:49:89,92A,1,642
at:49:1247,at:49:89,97A,1,1031
at:49:1247,at:49:89,N20,1,81
at:49:1247,at:49:89,N91,1,16
at:49:1247,at:49:958,26A,2,2393
at:49:1247,at:49:958,N84,1,14
at:49:1248,at:49:1133,31A,2,1112
at:49:1248,at:49:1215,30A,2,818
at:49:1248,at:49:1851,31A,1,1116
at:49:1248,at:49:1914,30A,2,822
at:49:1248,at:49:1914,N30,1,32
at:49:1248,at:49:1916,N30,3,32
at:49:1249,at:49:1212,9A,1,579
at:49:1249,at:49:28,9A,2,574
at:49:125,at:49:129,33A,1,184
at:49:1250,at:49:1815,39A,1,241
at:49:1250,at:49:367,39A,1,663
at:49:1252,at:49:959,38,1,1624
at:49:1252,at:49:959,N38,1,48
at:49:1252,at:49:992,38,1,1624
at:49:1252,at:49:992,N38,1,46
at:49:1253,at:49:1138,10A,1,1744
at:49:1253,at:49:1138,39A,1,663
at:49:1253,at:49:376,10A,2,1726
at:49:1253,at:49:376,38,2,1624
at:49:1253,at:49:376,N38,1,48
at:49:1253,at:49:959,38,1,1624
at:49:1253,at:49:959,39A,1,663
at:49:1253,at:49:959,N38,1,46
at:49:1254,at:49:1585,25A,1,276
at:49:1255,at:49:1100,60,1,1362
at:49:1255,at:49:1100,N60,1,48
at:49:1255,at:49:343,60,2,1362
at:49:1255,at:49:343,N60,1,48
at:49:1256,at:49:660,39B,2,54
at:49:1257,at:49:1344,15A,1,1204
at:49:1257,at:49:42,15A,1,1206
at:49:1258,at:49:1004,95A,1,1479
at:49:1258,at:49:1004,97A,1,14
at:49:1258,at:49:1808,95A,1,1493
at:49:1258,at:49:1808,97A,1,10
at:49:1259,at:49:464,76A,1,396
at:49:1259,at:49:464,76B,1,426
at:49:1259,at:49:957,76A,1,386
at:49:1259,at:49:957,76B,1,420
at:49:1260,at:49:160,11,1,3918
at:49:1260,at:49:160,71,1,6001
at:49:1260,at:49:160,D,1,249
at:49:1260,at:49:1756,69A,1,642
at:49:1260,at:49:1756,72A,1,116
at:49:1260,at:49:1756,73A,1,1432
at:49:1260,at:49:314,11,2,3918
at:49:1260,at:49:314,71,2,6007
at:49:1260,at:49:314,71E,1,22
at:49:1260,at:49:314,D,2,249
at:49:1260,at:49:314,N71,1,97
at:49:1260,at:49:425,N71,1,98
at:49:1260,at:49:425,U3,1,6745
at:49:1260,at:49:815,72A,1,457
at:49:1261,at:49:1826,49A,1,728
at:49:1262,at:49:1015,59A,2,1059
at:49:1262,at:49:1015,62A,2,669
at:49:1262,at:49:1015,8A,1,545
at:49:1262,at:49:1015,9A,1,280
at:49:1263,at:49:425,11,2,4073
at:49:1263,at:49:425,6,2,7
at:49:1263,at:49:425,71,2,37
at:49:1263,at:49:425,D,2,249
at:49:1263,at:49:425,N6,1,54
at:49:1263,at:49:484,11,2,4073
at:49:1263,at:49:484,6,1,7
at:49:1263,at:49:484,D,1,247
at:49:1263,at:49:484,N6,1,54
at:49:1264,at:49:1070,76A,1,608
at:49:1264,at:49:1070,76B,1,426
at:49:1264,at:49:715,76A,2,616
at:49:1264,at:49:715,76B,2,420
at:49:1265,at:49:608,17A,1,376
at:49:1266,at:49:887,49A,1,726
at:49:1266,at:49:887,50B,1,196
at:49:1267,at:49:178,2,1,7
at:49:1267,at:49:178,43,1,3052
at:49:1267,at:49:178,44,1,719
at:49:1267,at:49:178,N43,1,86
at:49:1267,at:49:747,43,1,3052
at:49:1267,at:49:747,44,1,719
at:49:1267,at:49:747,N43,1,86
at:49:1267,at:49:753,13A,1,2600
at:49:1267,at:49:753,N71,1,32
at:49:1268,at:49:1133,30A,1,822
at:49:1268,at:49:1133,31A,1,1112
at:49:1268,at:49:130,31A,1,1112
at:49:1269,at:49:231,65A,2,16
at:49:127,at:49:117,7A,1,707
at:49:1270,at:49:1038,22A,1,1432
at:49:1270,at:49:1038,95B,1,80
at:49:1270,at:49:1946,22A,1,516
at:49:1270,at:49:414,22A,1,1929
at:49:1270,at:49:532,95B,1,41
at:49:1272,at:49:1426,37,1,338
at:49:1272,at:49:1426,40,1,642
at:49:1272,at:49:1426,41,1,663
at:49:1272,at:49:1426,42,1,1518
at:49:1272,at:49:1426,9,1,1596
at:49:1272,at:49:1526,37,2,338
at:49:1272,at:49:1526,40,1,637
at:49:1272,at:49:1526,41,1,658
at:49:1272,at:49:1526,9,2,1107
at:49:1272,at:49:393,9,4,99
at:49:1272,at:49:73,42,2,1518
at:49:1272,at:49:73,9,2,390
at:49:1275,at:49:175,57A,2,1434
at:49:1275,at:49:1986,57A,1,422
at:49:1275,at:49:436,57A,3,1012
at:49:1276,at:49:1477,62,2,1860
at:49:1276,at:49:1477,62A,2,676
at:49:1276,at:49:1477,N8,1,16
at:49:1276,at:49:35,62A,2,669
at:49:1276,at:49:35,N8,2,16
at:49:1276,at:49:511,62,3,1860
at:49:1277,at:49:495,31A,1,1074
at:49:1277,at:49:773,31A,2,1088
at:49:1278,at:49:299,U2,2,5196
at:49:1278,at:49:473,25,2,1752
at:49:1278,at:49:473,26,2,111
at:49:1278,at:49:473,95A,1,1482
at:49:1278,at:49:473,N20,1,81
at:49:1278,at:49:473,U2,1,5044
at:49:1278,at:49:778,25,1,1752
at:49:1278,at:49:778,26,1,111
at:49:1278,at:49:778,95A,1,1423
at:49:1278,at:49:778,N20,1,82
at:49:1279,at:49:1280,85A,1,806
at:49:1279,at:49:1527,24A,1,1166
at:49:1279,at:49:1527,N24,1,16
at:49:1279,at:49:1878,85A,1,4
at:49:1279,at:49:83,24A,1,1168
at:49:1279,at:49:83,85A,1,4
at:49:1279,at:49:83,N24,1,42
at:49:128,at:49:1314,30A,1,682
at:49:128,at:49:1621,30A,1,678
at:49:128,at:49:1621,32A,1,1364
at:49:128,at:49:483,30A,1,140
at:49:128,at:49:483,32A,2,1267
at:49:1280,at:49:1955,85A,1,806
at:49:1282,at:49:1380,89A,1,286
at:49:1282,at:49:579,89A,1,283
at:49:1283,at:49:1149,56A,1,336
at:49:1283,at:49:1149,56B,1,322
at:49:1283,at:49:408,56A,4,213
at:49:1283,at:49:408,56B,4,310
at:49:1283,at:49:539,10,1,45
at:49:1283,at:49:539,52,1,57
at:49:1283,at:49:539,56A,2,573
at:49:1283,at:49:539,56B,2,633
at:49:1283,at:49:539,60,2,1289
at:49:1283,at:49:539,N60,2,48
at:49:1283,at:49:589,10,2,45
at:49:1283,at:49:589,52,1,57
at:49:1283,at:49:589,60,2,1289
at:49:1283,at:49:589,N60,1,48
at:49:1284,at:49:46,58A,1,626
at:49:1284,at:49:96,58A,1,620
at:49:1285,at:49:854,60A,2,410
at:49:1286,at:49:1233,14A,2,1618
at:49:1287,at:49:1571,N62,1,27
at:49:1287,at:49:727,N62,1,23
at:49:1288,at:49:1226,37,1,493
at:49:1288,at:49:1226,38,1,1208
at:49:1288,at:49:1226,40,1,2164
at:49:1288,at:49:1226,41,1,2278
at:49:1288,at:49:1226,42,1,1459
at:49:1288,at:49:1226,N41,1,50
at:49:1288,at:49:1510,40,3,2164
at:49:1288,at:49:1510,41,3,2278
at:49:1288,at:49:1510,42,2,1459
at:49:1288,at:49:1510,N41,2,50
at:49:1288,at:49:29,12,2,1742
at:49:1288,at:49:29,37,2,493
at:49:1288,at:49:29,38,2,1208
at:49:1288,at:49:29,5,2,1673
at:49:1288,at:49:762,12,1,1746
at:49:1288,at:49:762,5,1,1673
at:49:1289,at:49:427,86A,2,531
at:49:1289,at:49:427,87A,2,152
at:49:1289,at:49:749,95A,1,1423
at:49:1289,at:49:749,96A,1,74
at:49:129,at:49:162,33A,2,184
at:49:1291,at:49:1031,94A,2,548
at:49:1291,at:49:1031,N90,1,16
at:49:1291,at:49:429,94A,2,542
at:49:1291,at:49:746,N90,1,14
at:49:1292,at:49:1291,94A,1,542
at:49:1292,at:49:1291,N90,1,14
at:49:1296,at:49:1568,18,2,661
at:49:1296,at:49:1568,77A,2,519
at:49:1296,at:49:1583,18,2,661
at:49:1296,at:49:1583,77A,2,524
at:49:1299,at:49:1473,86A,2,532
at:49:1299,at:49:1473,87A,2,144
at:49:1299,at:49:290,U2,2,5044
at:49:1299,at:49:473,U2,1,5196
at:49:1299,at:49:485,94A,2,548
at:49:130,at:49:1268,30A,1,822
at:49:130,at:49:1268,31A,1,1112
at:49:130,at:49:431,30A,2,818
at:49:130,at:49:431,31A,1,1112
at:49:130,at:49:431,36A,2,220
at:49:130,at:49:431,36B,2,284
at:49:1300,at:49:666,14A,1,1618
at:49:1301,at:49:1867,77A,1,633
at:49:1301,at:49:1867,78A,1,315
at:49:1301,at:49:1896,77A,1,628
at:49:1301,at:49:1896,78A,1,315
at:49:1301,at:49:1896,79A,1,446
at:49:1301,at:49:1896,79B,1,162
at:49:1301,at:49:88,79A,1,440
at:49:1301,at:49:88,79B,1,162
at:49:1302,at:49:1506,34A,1,180
at:49:1303,at:49:981,45A,1,363
at:49:1303,at:49:981,46A,1,581
at:49:1303,at:49:981,46B,1,534
at:49:1303,at:49:981,N46,1,125
at:49:1304,at:49:408,10,1,45
at:49:1304,at:49:408,52,1,57
at:49:1304,at:49:408,60,2,1289
at:49:1304,at:49:408,N60,1,48
at:49:1304,at:49:589,10,1,45
at:49:1304,at:49:589,52,2,57
at:49:1304,at:49:589,60,2,1289
at:49:1304,at:49:589,N60,1,48
at:49:1305,at:49:657,U4,2,5180
at:49:1305,at:49:743,U4,2,5207
at:49:1306,at:49:1566,18,2,137
at:49:1306,at:49:1566,49,2,14
at:49:1306,at:49:1566,5,2,103
at:49:1306,at:49:1566,52,2,1694
at:49:1306,at:49:1566,60,2,1242
at:49:1306,at:49:1566,9,2,55
at:49:1306,at:49:1566,E3,2,16
at:49:1306,at:49:712,18,2,108
at:49:1306,at:49:712,49,2,23
at:49:1306,at:49:712,5,2,103
at:49:1306,at:49:712,52,1,1694
at:49:1306,at:49:712,60,1,1242
at:49:1306,at:49:712,9,2,55
at:49:1306,at:49:712,E3,1,16
at:49:1306,at:49:712,N54,1,54
at:49:1307,at:49:1159,25B,2,54
at:49:1307,at:49:133,25A,1,34
at:49:1307,at:49:133,25B,1,174
at:49:1307,at:49:133,85A,2,2
at:49:1307,at:49:1357,25A,1,34
at:49:1307,at:49:1357,25B,1,94
at:49:1308,at:49:1419,30,2,1565
at:49:1308,at:49:1419,31,2,2381
at:49:1308,at:49:1419,N31,1,21
at:49:131,at:49:465,76A,1,386
at:49:131,at:49:465,76B,1,420
at:49:131,at:49:957,76A,1,396
at:49:131,at:49:957,76B,1,426
at:49:1311,at:49:409,49A,1,726
at:49:1311,at:49:409,50B,1,196
at:49:1312,at:49:1494,1,1,5150
at:49:1312,at:49:1494,62,1,305
at:49:1312,at:49:1571,15A,3,1230
at:49:1312,at:49:1571,65A,2,464
at:49:1312,at:49:447,15A,1,1230
at:49:1312,at:49:447,65A,3,464
at:49:1313,at:49:1034,94A,1,542
at:49:1313,at:49:238,94A,3,548
at:49:1313,at:49:627,N20,3,96
at:49:1313,at:49:627,N25,3,20
at:49:1313,at:49:633,N20,3,80
at:49:1313,at:49:633,N25,1,18
at:49:1314,at:49:128,30A,2,678
at:49:1314,at:49:1541,30A,1,682
at:49:1314,at:49:1541,32A,1,1331
at:49:1314,at:49:1777,32A,2,1263
at:49:1315,at:49:1321,77A,2,320
at:49:1315,at:49:1321,80A,2,180
at:49:1316,at:49:121,93A,1,648
at:49:1316,at:49:81,93A,1,638
at:49:1317,at:49:1035,U3,1,6455
at:49:1317,at:49:445,10,2,1385
at:49:1317,at:49:445,46,1,586
at:49:1317,at:49:445,49,2,138
at:49:1317,at:49:754,10,1,1385
at:49:1317,at:49:754,46,1,586
at:49:1317,at:49:754,49,1,138
at:49:1317,at:49:981,U3,2,6454
at:49:1318,at:49:372,46A,1,581
at:49:1318,at:49:983,46B,1,534
at:49:1319,at:49:1117,64A,1,279
at:49:1319,at:49:1117,N64,1,16
at:49:1319,at:49:1195,66A,1,1399
at:49:1319,at:49:1195,67B,1,231
at:49:1319,at:49:1195,N66,1,72
at:49:1319,at:49:1499,64A,2,280
at:49:1319,at:49:1499,64B,2,30
at:49:1319,at:49:1499,66A,2,1399
at:49:1319,at:49:1499,67B,1,241
at:49:1319,at:49:1499,N64,1,16
at:49:1319,at:49:1499,N66,8,69
at:49:1319,at:49:1499,N8,1,16
at:49:1319,at:49:801,64B,1,29
at:49:1319,at:49:801,N8,1,16
at:49:132,at:49:1419,30,1,1565
at:49:132,at:49:1419,31,1,2381
at:49:132,at:49:1419,N31,1,24
at:49:132,at:49:471,30,1,1565
at:49:132,at:49:471,31,1,2381
at:49:132,at:49:471,N31,1,21
at:49:1320,at:49:1102,3A,2,669
at:49:1320,at:49:1119,2A,1,717
at:49:1320,at:49:1198,U1,1,4958
at:49:1320,at:49:245,U3,1,6846
at:49:1320,at:49:506,U3,1,6844
at:49:1320,at:49:544,1A,1,676
at:49:1320,at:49:544,3A,1,660
at:49:1320,at:49:657,U1,2,4946
at:49:1321,at:49:115,77A,1,320
at:49:1321,at:49:115,80A,1,182
at:49:1321,at:49:1331,77A,2,320
at:49:1321,at:49:1331,80A,2,180
at:49:1322,at:49:1012,66A,1,1399
at:49:1322,at:49:1012,67A,1,230
at:49:1322,at:49:1012,N66,1,72
at:49:1322,at:49:1388,67A,1,231
at:49:1322,at:49:1388,67B,1,231
at:49:1322,at:49:1586,66A,1,1399
at:49:1322,at:49:1586,67B,1,241
at:49:1322,at:49:1586,N66,1,69
at:49:1323,at:49:1510,40A,3,1084
at:49:1323,at:49:448,40A,2,1090
at:49:1323,at:49:950,37,2,327
at:49:1323,at:49:950,37A,2,156
at:49:1323,at:49:950,38,2,333
at:49:1324,at:49:159,57A,1,1735
at:49:1324,at:49:501,12A,1,920
at:49:1324,at:49:52,57A,1,1735
at:49:1324,at:49:52,N8,1,16
at:49:1324,at:49:67,12A,5,254
at:49:1324,at:49:820,12A,3,1179
at:49:1324,at:49:820,N8,1,16
at:49:1325,at:49:1237,49,1,3223
at:49:1325,at:49:1237,52,1,477
at:49:1325,at:49:1237,N49,1,32
at:49:1325,at:49:1430,49,2,3223
at:49:1325,at:49:1430,52,3,477
at:49:1325,at:49:1430,N49,2,36
at:49:1327,at:49:1223,17A,2,378
at:49:1327,at:49:14,16A,2,736
at:49:1327,at:49:14,17A,2,751
at:49:1327,at:49:14,19A,1,546
at:49:1327,at:49:14,N17,1,14
at:49:1327,at:49:14,N67,1,25
at:49:1327,at:49:1481,16A,1,746
at:49:1327,at:49:1481,17A,1,374
at:49:1327,at:49:1481,67A,1,231
at:49:1327,at:49:1481,67B,1,190
at:49:1327,at:49:1481,N17,1,16
at:49:1327,at:49:1481,N67,1,27
at:49:1327,at:49:2953,67A,2,230
at:49:1327,at:49:2953,67B,2,192
at:49:1327,at:49:7,19A,1,273
at:49:1328,at:49:1468,5,2,1993
at:49:1328,at:49:646,5,2,1993
at:49:1329,at:49:185,20B,1,146
at:49:1329,at:49:1961,20B,1,146
at:49:133,at:49:105,25A,1,276
at:49:133,at:49:1307,25A,1,34
at:49:133,at:49:1307,25B,1,174
at:49:133,at:49:1359,25A,1,240
at:49:133,at:49:1688,25A,1,26
at:49:133,at:49:1688,25B,1,174
at:49:133,at:49:1688,85A,1,2
at:49:1330,at:49:1500,92A,1,644
at:49:1330,at:49:1500,96A,1,73
at:49:1330,at:49:649,92A,1,642
at:49:1330,at:49:649,96A,1,74
at:49:1331,at:49:1321,77A,2,320
at:49:1331,at:49:1321,80A,2,182
at:49:1331,at:49:1339,77A,2,320
at:49:1331,at:49:1339,80A,1,180
at:49:1332,at:49:888,58A,1,362
at:49:1332,at:49:888,58B,1,362
at:49:1332,at:49:96,58A,1,626
at:49:1332,at:49:96,58B,2,622
at:49:1333,at:49:1135,32A,1,1331
at:49:1333,at:49:1567,34A,1,180
at:49:1334,at:49:1671,73B,1,844
at:49:1335,at:49:1777,32A,1,1331
at:49:1335,at:49:260,32A,1,1185
at:49:1335,at:49:860,32A,2,78
at:49:1336,at:49:648,35A,1,1320
at:49:1336,at:49:648,N35,1,32
at:49:1336,at:49:687,35A,1,1346
at:49:1336,at:49:687,N35,1,32
at:49:1337,at:49:394,92A,1,644
at:49:1337,at:49:473,92A,1,642
at:49:1339,at:49:1331,77A,2,320
at:49:1339,at:49:1331,80A,1,182
at:49:134,at:49:238,26A,2,2393
at:49:134,at:49:238,N20,2,81
at:49:1340,at:49:1181,46,1,2228
at:49:1340,at:49:1181,N46,1,72
at:49:1340,at:49:777,46,2,2228
at:49:1340,at:49:777,N46,1,72
at:49:1340,at:49:920,13A,2,2600
at:49:1340,at:49:920,N71,2,32
at:49:1341,at:49:1345,84A,1,711
at:49:1341,at:49:1345,N84,1,14
at:49:1341,at:49:1925,84A,1,714
at:49:1341,at:49:1925,N84,1,14
at:49:1342,at:49:432,67A,1,231
at:49:1342,at:49:432,67B,1,190
at:49:1342,at:49:432,N67,1,27
at:49:1342,at:49:524,67A,1,230
at:49:1342,at:49:524,67B,1,192
at:49:1342,at:49:524,N67,1,25
at:49:1343,at:49:634,38A,2,1217
at:49:1343,at:49:713,38A,2,1217
at:49:1344,at:49:1257,15A,1,1206
at:49:1344,at:49:858,15A,1,1204
at:49:1345,at:49:1341,84A,1,714
at:49:1345,at:49:1341,N84,1,14
at:49:1345,at:49:1587,84A,1,711
at:49:1345,at:49:1587,N84,1,14
at:49:1346,at:49:1173,D,2,4211
at:49:1346,at:49:1349,1,2,143
at:49:1346,at:49:1349,18,2,4671
at:49:1346,at:49:1349,62,2,407
at:49:1346,at:49:1349,O,3,1982
at:49:1346,at:49:300,1,2,153
at:49:1346,at:49:300,18,2,4653
at:49:1346,at:49:300,O,2,1927
at:49:1346,at:49:905,71,1,37
at:49:1346,at:49:905,D,2,4219
at:49:1349,at:49:120,N66,2,27
at:49:1349,at:49:1346,1,3,193
at:49:1349,at:49:1346,18,3,4671
at:49:1349,at:49:1346,62,3,407
at:49:1349,at:49:1346,O,2,1982
at:49:1349,at:49:136,18,4,24
at:49:1349,at:49:136,N66,2,27
at:49:1349,at:49:1363,69A,1,647
at:49:1349,at:49:1366,U1,2,4958
at:49:1349,at:49:145,1,1,68
at:49:1349,at:49:145,18,1,4076
at:49:1349,at:49:145,62,1,407
at:49:1349,at:49:211,1,2,75
at:49:1349,at:49:211,18,2,571
at:49:1349,at:49:211,O,2,1982
at:49:1349,at:49:666,U1,2,4946
at:49:1349,at:49:989,13A,2,3778
at:49:135,at:49:1030,37,1,862
at:49:135,at:49:438,37,1,862
at:49:1351,at:49:244,11A,3,2037
at:49:1351,at:49:491,5B,2,1321
at:49:1351,at:49:493,5B,2,1337
at:49:1352,at:49:1353,16A,1,18
at:49:1352,at:49:1353,63A,1,1066
at:49:1352,at:49:841,16A,1,20
at:49:1352,at:49:841,63A,1,1030
at:49:1353,at:49:1352,16A,1,20
at:49:1353,at:49:1352,63A,1,1030
at:49:1353,at:49:1947,63A,3,1066
at:49:1357,at:49:1159,25B,1,27
at:49:1357,at:49:1307,25A,1,34
at:49:1357,at:49:1307,25B,1,94
at:49:1357,at:49:1307,85A,2,2
at:49:1358,at:49:1349,69A,1,642
at:49:1359,at:49:133,25A,1,264
at:49:1359,at:49:1688,25A,2,96
at:49:1359,at:49:1688,25B,1,179
at:49:1359,at:49:1774,85A,11,2
at:49:136,at:49:1058,11,1,209
at:49:136,at:49:1058,18,1,348
at:49:136,at:49:1058,N66,2,27
at:49:136,at:49:1058,O,1,2107
at:49:136,at:49:1349,N66,1,27
at:49:136,at:49:211,1,2,120
at:49:136,at:49:211,18,2,612
at:49:136,at:49:211,O,2,1982
at:49:136,at:49:286,14A,1,1618
at:49:136,at:49:666,14A,2,1618
at:49:1360,at:49:1027,N23,2,28
at:49:1360,at:49:1435,86A,1,531
at:49:1360,at:49:1435,87A,2,152
at:49:1360,at:49:1595,86A,2,532
at:49:1360,at:49:1751,22A,2,1948
at:49:1360,at:49:1751,87A,2,144
at:49:1360,at:49:530,22A,1,1929
at:49:1360,at:49:530,95A,1,1493
at:49:1360,at:49:530,N23,1,28
at:49:1360,at:49:530,N24,1,32
at:49:1361,at:49:1128,56A,1,563
at:49:1361,at:49:1128,60A,1,407
at:49:1361,at:49:49,58B,1,610
at:49:1361,at:49:49,60A,1,410
at:49:1362,at:49:671,N64,1,16
at:49:1363,at:49:1405,69A,3,647
at:49:1364,at:49:394,92A,1,642
at:49:1364,at:49:650,92A,1,644
at:49:1365,at:49:1979,2A,1,136
at:49:1365,at:49:659,5A,1,392
at:49:1365,at:49:824,2A,1,136
at:49:1365,at:49:824,5A,2,392
at:49:1366,at:49:1019,N66,2,27
at:49:1366,at:49:1094,N66,1,27
at:49:1366,at:49:1349,U1,1,4946
at:49:1366,at:49:657,U1,2,4958
at:49:1368,at:49:567,99B,1,19
at:49:1369,at:49:506,1A,1,676
at:49:137,at:49:1018,12A,3,743
at:49:137,at:49:1018,14A,2,1599
at:49:137,at:49:829,13A,1,20
at:49:137,at:49:829,14A,1,19
at:49:137,at:49:829,59A,1,1701
at:49:1370,at:49:1625,17A,1,375
at:49:1370,at:49:1625,66A,1,4
at:49:1370,at:49:1625,67A,1,1
at:49:1370,at:49:1625,N67,1,27
at:49:1370,at:49:1722,17A,1,372
at:49:1370,at:49:1722,66A,1,4
at:49:1370,at:49:1722,67A,1,1
at:49:1371,at:49:986,11,2,4069
at:49:1371,at:49:987,11,1,4075
at:49:1372,at:49:1181,46,1,2228
at:49:1372,at:49:1181,N46,1,72
at:49:1372,at:49:1413,N8,2,16
at:49:1372,at:49:172,46,1,2717
at:49:1372,at:49:172,N46,1,109
at:49:1372,at:49:188,U6,1,13380
at:49:1372,at:49:615,46,4,489
at:49:1372,at:49:615,N8,1,20
at:49:1372,at:49:615,U6,1,13373
at:49:1372,at:49:644,N46,3,44
at:49:1373,at:49:1545,9A,2,579
at:49:1373,at:49:1546,9A,1,574
at:49:1374,at:49:1190,46,2,2717
at:49:1374,at:49:1190,N46,1,109
at:49:1374,at:49:602,9,2,1570
at:49:1374,at:49:704,9,1,1570
at:49:1374,at:49:783,46,1,2717
at:49:1374,at:49:783,N46,1,116
at:49:1375,at:49:753,13A,2,2608
at:49:1375,at:49:753,N71,1,32
at:49:1376,at:49:1028,63A,1,1030
at:49:1376,at:49:378,63A,1,1066
at:49:1376,at:49:378,8A,1,545
at:49:1376,at:49:542,8A,1,542
at:49:1377,at:49:1245,68A,1,434
at:49:1377,at:49:1245,68B,1,434
at:49:1377,at:49:1245,N68,1,25
at:49:1377,at:49:1414,68A,3,435
at:49:1377,at:49:1414,68B,3,437
at:49:1377,at:49:1414,N68,2,22
at:49:1378,at:49:9,24A,2,882
at:49:1378,at:49:9,89A,2,3
at:49:1378,at:49:9,N24,2,14
at:49:1378,at:49:924,24A,1,870
at:49:1378,at:49:924,89A,2,4
at:49:1378,at:49:924,N24,1,16
at:49:138,at:49:651,85A,1,806
at:49:1380,at:49:1282,89A,1,283
at:49:1380,at:49:924,89A,1,286
at:49:1382,at:49:63,47A,1,586
at:49:1383,at:49:1174,63A,1,1066
at:49:1383,at:49:1174,N62,2,24
at:49:1383,at:49:1726,N62,1,23
at:49:1383,at:49:381,63A,1,1030
at:49:1383,at:49:381,8A,1,542
at:49:1384,at:49:1189,53A,1,348
at:49:1384,at:49:1420,53A,1,354
at:49:1385,at:49:280,5A,2,567
at:49:1385,at:49:500,12,2,2105
at:49:1385,at:49:500,2,2,4541
at:49:1385,at:49:500,N29,2,74
at:49:1385,at:49:500,O,1,69
at:49:1385,at:49:578,12,2,2116
at:49:1385,at:49:578,2,1,4501
at:49:1385,at:49:578,N29,2,68
at:49:1385,at:49:578,O,1,66
at:49:1385,at:49:813,37A,1,870
at:49:1385,at:49:813,5A,1,558
at:49:1386,at:49:1122,25A,3,356
at:49:1386,at:49:785,25A,1,362
at:49:1388,at:49:1322,67A,2,230
at:49:1388,at:49:1322,67B,2,241
at:49:1388,at:49:5,67A,1,180
at:49:1388,at:49:5,67B,1,87
at:49:1388,at:49:700,67A,2,51
at:49:1388,at:49:700,67B,2,144
at:49:1389,at:49:1269,65A,1,16
at:49:139,at:49:291,44A,1,639
at:49:139,at:49:719,44A,1,639
at:49:1392,at:49:1494,1,1,5154
at:49:1392,at:49:1494,62,1,305
at:49:1392,at:49:225,1,1,5150
at:49:1392,at:49:225,62,1,305
at:49:1393,at:49:1078,11,2,5054
at:49:1393,at:49:1078,N65,1,95
at:49:1393,at:49:1078,O,2,2048
at:49:1393,at:49:1714,65A,1,464
at:49:1393,at:49:760,11,2,5062
at:49:1393,at:49:760,65A,1,464
at:49:1393,at:49:760,N65,1,103
at:49:1393,at:49:760,O,2,2048
at:49:1394,at:49:1015,U6,2,10851
at:49:1394,at:49:48,U6,1,9227
at:49:1395,at:49:1081,56A,1,4
at:49:1395,at:49:1081,58A,1,620
at:49:1395,at:49:278,56A,1,4
at:49:1395,at:49:278,58A,1,626
at:49:1396,at:49:1467,42A,1,1022
at:49:1396,at:49:711,42A,1,1027
at:49:1397,at:49:251,10A,2,1744
at:49:1397,at:49:287,38,1,343
at:49:1397,at:49:287,41,1,2426
at:49:1397,at:49:287,N41,1,56
at:49:1397,at:49:393,10A,2,1726
at:49:1397,at:49:393,38,2,343
at:49:1397,at:49:393,41,2,2426
at:49:1397,at:49:393,N41,2,56
at:49:1398,at:49:1954,29B,1,832
at:49:1398,at:49:1954,N30,1,32
at:49:1398,at:49:258,29A,1,946
at:49:1398,at:49:489,29A,1,946
at:49:1398,at:49:489,29B,1,832
at:49:1398,at:49:489,N30,1,32
at:49:1399,at:49:636,95A,1,1488
at:49:14,at:49:1327,16A,2,746
at:49:14,at:49:1327,17A,2,752
at:49:14,at:49:1327,19A,1,273
at:49:14,at:49:1327,67A,2,231
at:49:14,at:49:1327,67B,2,190
at:49:14,at:49:1327,N17,2,16
at:49:14,at:49:1327,N67,1,27
at:49:14,at:49:1481,U1,2,2626
at:49:14,at:49:3,19A,2,273
at:49:14,at:49:33,N67,3,25
at:49:14,at:49:33,U1,1,4954
at:49:140,at:49:1207,95A,1,1423
at:49:140,at:49:1551,95A,1,1482
at:49:1400,at:49:1240,52A,1,188
at:49:1400,at:49:1821,43B,2,55
at:49:1400,at:49:189,43B,1,55
at:49:1400,at:49:189,52B,1,160
at:49:1400,at:49:243,52B,1,160
at:49:1401,at:49:108,98A,1,780
at:49:1401,at:49:1645,88B,1,351
at:49:1401,at:49:1814,98A,1,796
at:49:1402,at:49:560,50B,4,196
at:49:1403,at:49:344,7A,2,707
at:49:1403,at:49:368,63A,2,1074
at:49:1403,at:49:53,63A,2,1074
at:49:1403,at:49:53,7A,1,707
at:49:1404,at:49:1517,47A,2,586
at:49:1404,at:49:161,U4,1,5207
at:49:1404,at:49:1847,N54,2,48
at:49:1404,at:49:956,U4,1,5180
at:49:1405,at:49:1016,69A,1,647
at:49:1405,at:49:1358,69A,3,642
at:49:1406,at:49:1073,72A,1,116
at:49:1406,at:49:1111,69A,1,642
at:49:1406,at:49:147,69A,1,631
at:49:1406,at:49:147,72A,1,114
at:49:1407,at:49:1091,71,2,6050
at:49:1407,at:49:1091,N71,1,87
at:49:1407,at:49:1193,N71,2,87
at:49:1407,at:49:1795,71,1,6081
at:49:1407,at:49:1795,D,1,2
at:49:1408,at:49:1528,85A,1,824
at:49:1408,at:49:1955,28A,3,388
at:49:1408,at:49:533,28A,1,378
at:49:1409,at:49:605,70A,1,219
at:49:1409,at:49:794,70A,1,218
at:49:1409,at:49:794,N17,1,21
at:49:141,at:49:17,76A,1,396
at:49:141,at:49:17,79B,1,139
at:49:141,at:49:831,76A,1,386
at:49:141,at:49:831,79A,2,55
at:49:141,at:49:831,79B,1,150
at:49:1410,at:49:685,70A,2,218
at:49:1411,at:49:600,70A,1,218
at:49:1411,at:49:600,N17,1,21
at:49:1411,at:49:794,70A,1,219
at:49:1411,at:49:794,N17,1,23
at:49:1412,at:49:870,49A,1,726
at:49:1412,at:49:870,50B,1,196
at:49:1413,at:49:1372,N8,2,18
at:49:1413,at:49:1468,18,3,4095
at:49:1413,at:49:1468,49,2,23
at:49:1413,at:49:1468,52,3,477
at:49:1413,at:49:1468,6,3,2166
at:49:1413,at:49:1468,9,2,1570
at:49:1413,at:49:1468,E3,2,708
at:49:1413,at:49:1468,N49,2,68
at:49:1413,at:49:1468,N8,2,16
at:49:1413,at:49:188,18,1,4095
at:49:1413,at:49:188,6,1,2166
at:49:1413,at:49:458,49,1,3238
at:49:1413,at:49:458,9,1,1570
at:49:1413,at:49:458,E3,2,708
at:49:1413,at:49:458,N49,1,32
at:49:1413,at:49:646,49,1,3223
at:49:1413,at:49:646,52,1,477
at:49:1413,at:49:646,N49,1,36
at:49:1414,at:49:1377,68A,2,434
at:49:1414,at:49:1377,68B,2,434
at:49:1414,at:49:1377,N68,1,25
at:49:1414,at:49:1787,68A,1,435
at:49:1414,at:49:1787,68B,1,437
at:49:1414,at:49:1787,N68,1,22
at:49:1415,at:49:1498,56A,1,549
at:49:1415,at:49:516,56A,1,577
at:49:1416,at:49:1146,50A,1,662
at:49:1416,at:49:1146,N49,1,54
at:49:1416,at:49:1501,49A,1,728
at:49:1416,at:49:1501,50A,1,656
at:49:1416,at:49:1501,N49,1,54
at:49:1417,at:49:516,56A,1,551
at:49:1417,at:49:661,60A,1,410
at:49:1417,at:49:661,N61,1,8
at:49:1417,at:49:854,56A,1,577
at:49:1417,at:49:854,60A,1,407
at:49:1417,at:49:854,N60,1,16
at:49:1417,at:49:854,N61,1,9
at:49:1418,at:49:1671,11,1,3889
at:49:1418,at:49:1671,71,1,6363
at:49:1418,at:49:1671,71E,1,20
at:49:1418,at:49:1671,N71,1,88
at:49:1418,at:49:639,11,1,3873
at:49:1418,at:49:639,71,1,6361
at:49:1418,at:49:639,73B,2,844
at:49:1419,at:49:1308,30,2,1565
at:49:1419,at:49:1308,31,2,2381
at:49:1419,at:49:1308,N31,3,24
at:49:1419,at:49:132,30,1,1565
at:49:1419,at:49:132,31,1,2381
at:49:1419,at:49:132,N31,1,21
at:49:142,at:49:1211,10A,2,1716
at:49:1420,at:49:1075,53A,1,354
at:49:1420,at:49:1384,53A,1,348
at:49:1421,at:49:1009,N81,1,27
at:49:1421,at:49:1040,N81,1,27
at:49:1422,at:49:1044,53A,1,348
at:49:1422,at:49:1044,N54,1,54
at:49:1422,at:49:330,10,1,1402
at:49:1422,at:49:549,53A,1,354
at:49:1422,at:49:558,10,2,1402
at:49:1423,at:49:890,44A,1,410
at:49:1424,at:49:1505,62,1,1887
at:49:1424,at:49:710,62,1,1887
at:49:1425,at:49:1148,18,2,4398
at:49:1425,at:49:1148,74A,2,316
at:49:1425,at:49:1486,18,2,4653
at:49:1425,at:49:1698,74A,2,1090
at:49:1425,at:49:417,74A,1,1994
at:49:1425,at:49:461,71,2,6081
at:49:1425,at:49:461,D,2,2
at:49:1425,at:49:461,N71,1,87
at:49:1425,at:49:805,71,2,5970
at:49:1425,at:49:805,N71,2,87
at:49:1426,at:49:1272,37,1,338
at:49:1426,at:49:1272,40,1,637
at:49:1426,at:49:1272,41,1,658
at:49:1426,at:49:1272,42,1,1518
at:49:1426,at:49:1272,9,1,1596
at:49:1426,at:49:149,9,2,1596
at:49:1426,at:49:1921,37,1,338
at:49:1426,at:49:1921,40,1,642
at:49:1426,at:49:1921,41,1,663
at:49:1426,at:49:1921,42,1,1518
at:49:1427,at:49:730,80A,2,1106
at:49:1428,at:49:792,48A,1,2252
at:49:1429,at:49:1567,34A,1,180
at:49:1429,at:49:537,34A,1,180
at:49:143,at:49:565,17A,1,375
at:49:143,at:49:565,N17,1,21
at:49:143,at:49:776,17A,1,374
at:49:143,at:49:776,N17,1,23
at:49:1430,at:49:1072,U2,2,5080
at:49:1430,at:49:1325,49,2,3223
at:49:1430,at:49:1325,52,1,477
at:49:1430,at:49:1325,N49,2,32
at:49:1430,at:49:1340,N46,3,18
at:49:1430,at:49:246,48A,2,2232
at:49:1430,at:49:246,49,2,3223
at:49:1430,at:49:246,52,1,477
at:49:1430,at:49:506,U3,2,6846
at:49:1430,at:49:56,U3,2,6844
at:49:1430,at:49:664,13A,2,239
at:49:1430,at:49:664,48A,1,2226
at:49:1430,at:49:664,N46,1,37
at:49:1430,at:49:835,N46,2,116
at:49:1430,at:49:835,N49,1,36
at:49:1430,at:49:835,U2,2,5103
at:49:1431,at:49:1891,5B,1,1311
at:49:1431,at:49:824,2A,1,136
at:49:1431,at:49:824,5A,1,392
at:49:1431,at:49:961,5B,1,524
at:49:1433,at:49:1040,N25,3,18
at:49:1433,at:49:1040,U1,1,4944
at:49:1433,at:49:1440,11A,2,2906
at:49:1433,at:49:1962,12,2,2064
at:49:1433,at:49:234,N25,2,16
at:49:1433,at:49:234,U1,2,4958
at:49:1433,at:49:620,11A,1,2890
at:49:1433,at:49:620,12,2,2075
at:49:1435,at:49:1360,86A,3,532
at:49:1435,at:49:1360,87A,3,144
at:49:1435,at:49:1360,95A,2,1493
at:49:1435,at:49:387,86A,1,531
at:49:1435,at:49:387,87A,1,152
at:49:1435,at:49:387,95A,1,1479
at:49:1436,at:49:209,38A,4,1485
at:49:1436,at:49:210,38A,1,1958
at:49:1437,at:49:1741,16A,1,736
at:49:1437,at:49:697,16A,1,746
at:49:1438,at:49:1014,46,1,586
at:49:1438,at:49:1014,49,1,3311
at:49:1438,at:49:1014,N49,1,86
at:49:1438,at:49:1555,47A,1,586
at:49:1438,at:49:434,47A,1,586
at:49:1438,at:49:534,46,1,586
at:49:1438,at:49:534,49,1,3302
at:49:1438,at:49:534,N49,1,100
at:49:1439,at:49:1188,48A,1,2400
at:49:1439,at:49:1188,N46,1,63
at:49:1439,at:49:1691,48A,1,2407
at:49:1439,at:49:1691,N46,1,73
at:49:144,at:49:474,10A,1,1744
at:49:1440,at:49:1002,11A,1,2922
at:49:1440,at:49:1433,11A,2,2890
at:49:1441,at:49:1095,68A,2,435
at:49:1441,at:49:1095,68B,2,437
at:49:1441,at:49:272,68A,1,434
at:49:1441,at:49:272,68B,1,434
at:49:1441,at:49:272,N68,1,25
at:49:1443,at:49:1077,5,2,1977
at:49:1443,at:49:1077,O,1,4
at:49:1443,at:49:1444,12,2,2059
at:49:1443,at:49:1444,31,2,29
at:49:1443,at:49:1444,5,1,2011
at:49:1443,at:49:1444,O,2,1
at:49:1443,at:49:170,12,2,2055
at:49:1443,at:49:170,5,1,58
at:49:1443,at:49:170,5B,1,1295
at:49:1443,at:49:170,N31,1,27
at:49:1443,at:49:380,5B,1,1311
at:49:1443,at:49:380,N31,1,27
at:49:1444,at:49:1443,12,1,2055
at:49:1444,at:49:1443,31,1,21
at:49:1444,at:49:1443,5,1,2035
at:49:1444,at:49:1443,O,2,4
at:49:1444,at:49:357,12,2,2059
at:49:1444,at:49:357,31,2,18
at:49:1444,at:49:357,5,2,1988
at:49:1444,at:49:380,2,2,33
at:49:1444,at:49:380,31,2,2571
at:49:1444,at:49:389,31,1,2618
at:49:1444,at:49:389,5,1,23
at:49:1444,at:49:389,O,1,1
at:49:1445,at:49:158,44A,1,639
at:49:1445,at:49:291,44A,1,639
at:49:1446,at:49:1210,9,1,1206
at:49:1447,at:49:1485,20A,1,793
at:49:1447,at:49:364,20A,1,808
at:49:1448,at:49:1093,89A,2,279
at:49:1448,at:49:503,89A,1,283
at:49:1449,at:49:1077,5A,1,559
at:49:1449,at:49:654,5A,1,558
at:49:145,at:49:1349,1,2,73
at:49:145,at:49:1349,18,1,4059
at:49:145,at:49:1349,62,1,407
at:49:145,at:49:689,1,1,68
at:49:145,at:49:689,18,1,4076
at:49:145,at:49:689,62,1,407
at:49:1450,at:49:110,74A,1,1994
at:49:1450,at:49:1104,4A,1,1107
at:49:1450,at:49:1104,74A,1,1994
at:49:1450,at:49:1548,4A,1,1106
at:49:1451,at:49:1859,29B,1,853
at:49:1451,at:49:1859,N25,1,16
at:49:1451,at:49:1956,29B,1,837
at:49:1453,at:49:539,62,2,1860
at:49:1453,at:49:539,N62,1,24
at:49:1453,at:49:96,62,2,1860
at:49:1453,at:49:96,N62,1,23
at:49:1455,at:49:767,99A,2,215
at:49:1455,at:49:939,99A,1,219
at:49:1456,at:49:1538,17A,1,374
at:49:1456,at:49:1538,N17,1,23
at:49:1456,at:49:524,17A,2,375
at:49:1456,at:49:524,N17,1,21
at:49:1457,at:49:1476,76B,1,420
at:49:1457,at:49:1478,76B,1,426
at:49:1459,at:49:545,57A,2,1735
at:49:146,at:49:1487,76A,1,396
at:49:146,at:49:1487,76B,1,426
at:49:146,at:49:464,76A,1,386
at:49:146,at:49:464,76B,1,420
at:49:1460,at:49:1193,1,2,846
at:49:1460,at:49:1193,2,2,4003
at:49:1460,at:49:1193,71,2,8
at:49:1460,at:49:1193,D,2,869
at:49:1460,at:49:245,1,2,844
at:49:1460,at:49:245,2,2,4018
at:49:1460,at:49:245,D,1,864
at:49:1461,at:49:101,38,1,343
at:49:1461,at:49:101,40,1,1614
at:49:1461,at:49:101,41,2,1731
at:49:1461,at:49:101,41E,2,480
at:49:1461,at:49:101,N41,1,60
at:49:1461,at:49:393,38,2,343
at:49:1461,at:49:393,40,2,1619
at:49:1461,at:49:393,41,2,1736
at:49:1461,at:49:393,41E,1,480
at:49:1461,at:49:393,N41,1,56
at:49:1462,at:49:1509,35A,1,1289
at:49:1462,at:49:1509,37A,2,154
at:49:1462,at:49:1509,N35,1,34
at:49:1463,at:49:1488,69A,1,642
at:49:1463,at:49:1520,11,1,3882
at:49:1463,at:49:1520,71,1,6429
at:49:1463,at:49:1520,71E,2,22
at:49:1463,at:49:314,11,3,3898
at:49:1463,at:49:314,71,3,6431
at:49:1463,at:49:314,71E,3,20
at:49:1463,at:49:314,N71,1,98
at:49:1463,at:49:332,69A,2,631
at:49:1463,at:49:332,N71,1,86
at:49:1464,at:49:381,63A,1,1066
at:49:1464,at:49:381,8A,1,545
at:49:1464,at:49:543,63A,1,1030
at:49:1464,at:49:543,8A,1,542
at:49:1465,at:49:553,19A,1,546
at:49:1466,at:49:233,10,1,1402
at:49:1466,at:49:330,10,1,1402
at:49:1466,at:49:330,N54,1,54
at:49:1467,at:49:1155,42A,1,794
at:49:1467,at:49:1396,42A,1,1027
at:49:1468,at:49:1200,U3,1,4056
at:49:1468,at:49:1306,N54,2,54
at:49:1468,at:49:1413,18,3,4095
at:49:1468,at:49:1413,49,3,14
at:49:1468,at:49:1413,52,3,477
at:49:1468,at:49:1413,6,3,2166
at:49:1468,at:49:1413,9,2,1570
at:49:1468,at:49:1413,E3,2,708
at:49:1468,at:49:1413,N49,3,68
at:49:1468,at:49:1413,N8,2,18
at:49:1468,at:49:1493,18,7,29
at:49:1468,at:49:1530,U3,1,6846
at:49:1468,at:49:1566,18,1,108
at:49:1468,at:49:1566,49,1,23
at:49:1468,at:49:1566,5,1,103
at:49:1468,at:49:1566,52,1,1694
at:49:1468,at:49:1566,60,1,1242
at:49:1468,at:49:1566,9,1,55
at:49:1468,at:49:1566,E3,1,16
at:49:1468,at:49:188,U6,1,13373
at:49:1468,at:49:436,N6,2,54
at:49:1468,at:49:436,N8,2,16
at:49:1468,at:49:436,U6,1,13380
at:49:1468,at:49:643,5,2,1993
at:49:1468,at:49:833,18,1,4066
at:49:1468,at:49:833,6,1,2166
at:49:1469,at:49:470,59A,2,1739
at:49:1469,at:49:77,59A,2,1701
at:49:147,at:49:1406,69A,1,642
at:49:147,at:49:1406,72A,1,116
at:49:147,at:49:1756,69A,1,631
at:49:147,at:49:1756,72A,2,114
at:49:1470,at:49:1667,12,1,211
at:49:1470,at:49:1667,2,1,250
at:49:1470,at:49:1667,30,1,1
at:49:1470,at:49:1667,31,2,2668
at:49:1470,at:49:1667,5,1,25
at:49:1470,at:49:1667,5B,2,1337
at:49:1470,at:49:1667,O,1,66
at:49:1470,at:49:389,2,2,33
at:49:1470,at:49:389,31,1,2610
at:49:1470,at:49:389,5,1,47
at:49:1470,at:49:389,O,2,4
at:49:1470,at:49:692,5B,1,1321
at:49:1471,at:49:1104,74A,1,1994
at:49:1471,at:49:1104,N75,1,18
at:49:1471,at:49:743,74A,2,1994
at:49:1471,at:49:743,N75,2,16
at:49:1472,at:49:167,73B,1,844
at:49:1472,at:49:638,71E,1,22
at:49:1472,at:49:638,73B,1,844
at:49:1472,at:49:638,N71,1,98
at:49:1473,at:49:749,86A,2,532
at:49:1473,at:49:749,87A,2,144
at:49:1474,at:49:1095,14A,1,1618
at:49:1475,at:49:410,54A,1,148
at:49:1475,at:49:744,54A,1,147
at:49:1476,at:49:1457,76B,2,426
at:49:1476,at:49:463,76B,2,420
at:49:1477,at:49:1015,62,2,1860
at:49:1477,at:49:1160,62A,1,676
at:49:1477,at:49:1160,7A,1,707
at:49:1477,at:49:1160,N62,1,18
at:49:1477,at:49:1160,N8,2,16
at:49:1477,at:49:1276,62,2,1860
at:49:1477,at:49:1276,62A,2,669
at:49:1477,at:49:1276,N8,1,16
at:49:1477,at:49:1508,7A,2,707
at:49:1477,at:49:1508,N62,2,23
at:49:1477,at:49:1726,N62,1,8
at:49:1478,at:49:1457,76B,2,420
at:49:1478,at:49:745,73A,1,604
at:49:1478,at:49:745,79A,1,330
at:49:1478,at:49:745,79B,1,127
at:49:1478,at:49:87,76B,1,426
at:49:1478,at:49:87,79A,1,324
at:49:1478,at:49:87,79B,1,127
at:49:1479,at:49:1230,66A,1,1399
at:49:1479,at:49:1230,N66,1,72
at:49:1479,at:49:1265,17A,1,376
at:49:1479,at:49:365,17A,1,6
at:49:1479,at:49:971,17A,3,372
at:49:1479,at:49:971,66A,2,1395
at:49:1479,at:49:971,N66,2,69
at:49:148,at:49:1558,5,2,1673
at:49:148,at:49:19,5,1,1673
at:49:148,at:49:615,1,2,4
at:49:148,at:49:615,12,2,1746
at:49:148,at:49:615,2,2,4313
at:49:1480,at:49:1140,11,1,5062
at:49:1480,at:49:1140,N65,1,98
at:49:1480,at:49:365,11,1,5054
at:49:1480,at:49:365,N65,1,96
at:49:1481,at:49:1327,16A,1,736
at:49:1481,at:49:1327,17A,1,375
at:49:1481,at:49:1327,67A,1,230
at:49:1481,at:49:1327,67B,1,192
at:49:1481,at:49:1327,N17,1,14
at:49:1481,at:49:1327,N67,1,25
at:49:1481,at:49:14,U1,2,2663
at:49:1481,at:49:524,16A,2,746
at:49:1481,at:49:524,17A,1,374
at:49:1481,at:49:524,67A,1,231
at:49:1481,at:49:524,67B,1,190
at:49:1481,at:49:524,N17,1,16
at:49:1481,at:49:524,N67,1,27
at:49:1481,at:49:949,U1,1,2626
at:49:1482,at:49:1146,50A,1,656
at:49:1482,at:49:1146,N49,1,54
at:49:1482,at:49:1855,50A,1,662
at:49:1482,at:49:1855,N49,1,54
at:49:1483,at:49:2004,N49,3,54
at:49:1483,at:49:323,50B,1,196
at:49:1484,at:49:1590,88B,1,351
at:49:1484,at:49:1708,88B,1,351
at:49:1485,at:49:1447,20A,1,808
at:49:1485,at:49:1961,20A,1,789
at:49:1485,at:49:31,20A,5,2
at:49:1485,at:49:641,20A,5,2
at:49:1486,at:49:1425,18,2,4653
at:49:1486,at:49:400,18,2,4653
at:49:1487,at:49:146,76A,1,386
at:49:1487,at:49:146,76B,1,420
at:49:1487,at:49:463,76A,1,396
at:49:1487,at:49:463,76B,1,426
at:49:1488,at:49:1045,69A,1,642
at:49:1488,at:49:1463,69A,1,631
at:49:1489,at:49:1303,N46,1,125
at:49:1489,at:49:597,10,2,1392
at:49:1489,at:49:597,44,2,40
at:49:1489,at:49:597,46,2,2717
at:49:1489,at:49:597,48A,1,2400
at:49:1489,at:49:597,N46,1,109
at:49:1489,at:49:840,10,2,1392
at:49:1489,at:49:840,44,1,40
at:49:1489,at:49:840,46,2,2717
at:49:1489,at:49:981,48A,2,2447
at:49:149,at:49:1426,9,1,1596
at:49:149,at:49:276,9,1,1596
at:49:1490,at:49:1136,12,1,101
at:49:1490,at:49:1136,2,1,4491
at:49:1490,at:49:262,10A,1,1824
at:49:1490,at:49:669,10A,1,1807
at:49:1490,at:49:861,12,1,101
at:49:1490,at:49:861,2,2,4486
at:49:1491,at:49:1195,65A,1,16
at:49:1491,at:49:1195,66A,1,1399
at:49:1491,at:49:1195,67B,1,241
at:49:1491,at:49:1195,N66,1,69
at:49:1492,at:49:1105,60A,2,410
at:49:1492,at:49:1105,N60,1,32
at:49:1492,at:49:1105,N61,1,24
at:49:1492,at:49:1656,60A,1,407
at:49:1492,at:49:1656,N61,1,27
at:49:1493,at:49:1005,46,2,15
at:49:1493,at:49:1005,49,2,162
at:49:1493,at:49:1005,52,2,1732
at:49:1493,at:49:1005,60,1,1247
at:49:1494,at:49:1312,1,1,5154
at:49:1494,at:49:1312,62,1,305
at:49:1494,at:49:1392,1,1,5150
at:49:1494,at:49:1392,62,1,305
at:49:1495,at:49:102,26,1,817
at:49:1495,at:49:102,27,1,2506
at:49:1495,at:49:102,N20,1,90
at:49:1495,at:49:548,26,2,817
at:49:1495,at:49:548,27,2,2506
at:49:1495,at:49:548,N20,1,88
at:49:1496,at:49:207,79A,1,440
at:49:1496,at:49:207,79B,1,23
at:49:1496,at:49:512,79A,1,391
at:49:1496,at:49:512,79B,1,12
at:49:1497,at:49:1071,1,2,5392
at:49:1497,at:49:1071,4A,2,1066
at:49:1497,at:49:1071,N29,1,72
at:49:1497,at:49:359,80A,2,960
at:49:1497,at:49:486,1,2,5357
at:49:1497,at:49:609,80A,1,1108
at:49:1497,at:49:821,80A,7,146
at:49:1498,at:49:1415,56A,1,573
at:49:1498,at:49:242,56A,1,549
at:49:1499,at:49:1319,64A,2,279
at:49:1499,at:49:1319,64B,2,29
at:49:1499,at:49:1319,66A,1,1399
at:49:1499,at:49:1319,67B,3,231
at:49:1499,at:49:1319,N64,1,16
at:49:1499,at:49:1319,N66,2,72
at:49:1499,at:49:1319,N8,2,16
at:49:1499,at:49:285,U6,2,13070
at:49:1499,at:49:48,U6,2,13321
at:49:1499,at:49:898,60A,1,409
at:49:1499,at:49:898,64A,1,280
at:49:1499,at:49:898,66A,1,1383
at:49:1499,at:49:898,N66,1,63
at:49:15,at:49:1589,76A,1,386
at:49:15,at:49:18,76B,1,420
at:49:15,at:49:825,76A,1,170
at:49:15,at:49:825,76B,1,133
at:49:150,at:49:1007,61A,2,264
at:49:150,at:49:1007,64A,2,175
at:49:150,at:49:1007,N64,1,16
at:49:150,at:49:1606,61A,1,253
at:49:150,at:49:1730,64A,1,280
at:49:150,at:49:1730,N64,1,16
at:49:1500,at:49:1330,92A,1,642
at:49:1500,at:49:1330,96A,1,74
at:49:1500,at:49:473,92A,1,644
at:49:1500,at:49:473,96A,1,73
at:49:1501,at:49:1412,49A,1,429
at:49:1501,at:49:1412,50B,1,116
at:49:1501,at:49:1416,50A,1,662
at:49:1501,at:49:1416,N49,1,54
at:49:1501,at:49:184,49A,1,728
at:49:1501,at:49:184,50A,1,656
at:49:1501,at:49:184,N49,1,54
at:49:1502,at:49:1113,99B,1,219
at:49:1502,at:49:1534,99B,1,215
at:49:1504,at:49:1109,53A,1,356
at:49:1504,at:49:1109,54A,1,148
at:49:1504,at:49:1109,54B,1,147
at:49:1504,at:49:1201,53A,1,360
at:49:1504,at:49:66,54A,2,147
at:49:1504,at:49:66,54B,2,146
at:49:1504,at:49:956,N54,2,54
at:49:1505,at:49:1075,53A,1,348
at:49:1505,at:49:1424,62,1,1887
at:49:1505,at:49:410,53A,1,354
at:49:1506,at:49:1196,34A,1,489
at:49:1506,at:49:1302,34A,1,180
at:49:1507,at:49:1633,92A,1,642
at:49:1507,at:49:1788,92A,1,644
at:49:1508,at:49:1160,15A,1,1230
at:49:1508,at:49:1477,7A,1,707
at:49:1508,at:49:1477,N62,1,27
at:49:1508,at:49:264,15A,1,1230
at:49:1508,at:49:264,7A,1,707
at:49:1508,at:49:264,N62,1,23
at:49:1509,at:49:215,37A,1,154
at:49:1509,at:49:215,40A,2,1090
at:49:1509,at:49:448,37A,2,156
at:49:1509,at:49:448,40A,1,1084
at:49:1509,at:49:474,35A,1,1289
at:49:1509,at:49:474,N35,1,34
at:49:1510,at:49:1288,40,2,2164
at:49:1510,at:49:1288,41,2,2278
at:49:1510,at:49:1288,42,3,1459
at:49:1510,at:49:1288,N41,1,50
at:49:1510,at:49:1323,37,1,338
at:49:1510,at:49:1323,38,1,343
at:49:1510,at:49:1323,40,1,92
at:49:1510,at:49:1323,40A,1,1090
at:49:1510,at:49:1323,41,1,116
at:49:1510,at:49:1323,42,2,59
at:49:1510,at:49:29,40A,3,1058
at:49:1510,at:49:29,N41,2,18
at:49:1510,at:49:732,38,1,343
at:49:1510,at:49:732,40,1,1619
at:49:1510,at:49:732,41,1,1736
at:49:1510,at:49:732,41E,3,480
at:49:1510,at:49:732,N41,1,56
at:49:1510,at:49:874,37,3,338
at:49:1510,at:49:874,40,2,637
at:49:1510,at:49:874,41,2,658
at:49:1510,at:49:874,42,2,1518
at:49:1510,at:49:874,N8,1,22
at:49:1510,at:49:874,U6,1,13007
at:49:1510,at:49:950,N8,3,20
at:49:1510,at:49:950,U6,1,12740
at:49:1511,at:49:1666,37A,1,864
at:49:1511,at:49:229,37A,1,870
at:49:1512,at:49:1247,92A,1,642
at:49:1513,at:49:1196,34A,1,499
at:49:1513,at:49:872,34A,1,489
at:49:1514,at:49:444,N65,2,17
at:49:1514,at:49:782,16A,1,760
at:49:1514,at:49:913,16A,1,732
at:49:1516,at:49:1690,29A,1,946
at:49:1516,at:49:258,29A,1,946
at:49:1517,at:49:1014,47A,1,586
at:49:1517,at:49:434,46,1,15
at:49:1517,at:49:434,49,1,162
at:49:1517,at:49:434,52,1,1771
at:49:1517,at:49:434,60,1,21
at:49:1517,at:49:442,46,1,15
at:49:1517,at:49:442,49,1,153
at:49:1517,at:49:442,52,1,1771
at:49:1517,at:49:442,60,1,21
at:49:1519,at:49:1828,71B,1,30
at:49:1520,at:49:1463,11,1,3898
at:49:1520,at:49:1463,71,1,6431
at:49:1520,at:49:1463,71E,2,20
at:49:1520,at:49:1521,11,2,3882
at:49:1520,at:49:1521,71,1,6429
at:49:1520,at:49:1521,71E,2,22
at:49:1520,at:49:1844,ZF,1,32
at:49:1521,at:49:1520,11,2,3898
at:49:1521,at:49:1520,71,2,6431
at:49:1521,at:49:1520,71E,3,20
at:49:1521,at:49:1522,11,2,3882
at:49:1521,at:49:1522,71,2,6429
at:49:1521,at:49:1522,71E,2,22
at:49:1521,at:49:1522,ZF,2,32
at:49:1522,at:49:1521,11,1,3898
at:49:1522,at:49:1521,71,1,6431
at:49:1522,at:49:1521,71E,1,20
at:49:1522,at:49:1523,11,1,3873
at:49:1522,at:49:1523,71,1,6301
at:49:1522,at:49:1523,71A,1,376
at:49:1522,at:49:1523,71B,1,30
at:49:1522,at:49:1525,71,2,100
at:49:1522,at:49:167,71E,1,22
at:49:1522,at:49:167,73B,1,844
at:49:1522,at:49:1823,ZF,1,32
at:49:1523,at:49:1522,11,1,3889
at:49:1523,at:49:1522,71,1,6403
at:49:1523,at:49:1522,71A,1,386
at:49:1523,at:49:1522,71B,1,30
at:49:1523,at:49:1522,71E,1,20
at:49:1523,at:49:1669,11,1,3873
at:49:1523,at:49:1669,71,1,6361
at:49:1523,at:49:167,N71,1,88
at:49:1523,at:49:1699,71A,1,376
at:49:1523,at:49:1699,71B,1,30
at:49:1524,at:49:1552,16A,1,736
at:49:1524,at:49:582,16A,1,746
at:49:1525,at:49:1523,71,2,100
at:49:1525,at:49:1699,71A,1,386
at:49:1525,at:49:1699,71B,1,30
at:49:1525,at:49:1699,71E,1,20
at:49:1525,at:49:1699,N71,1,88
at:49:1525,at:49:294,71A,1,376
at:49:1525,at:49:294,71B,1,30
at:49:1526,at:49:1272,37,1,338
at:49:1526,at:49:1272,40,1,642
at:49:1526,at:49:1272,41,1,663
at:49:1526,at:49:1272,9,1,1206
at:49:1526,at:49:217,42A,1,2049
at:49:1526,at:49:393,37,2,338
at:49:1526,at:49:393,40,3,637
at:49:1526,at:49:393,41,3,658
at:49:1526,at:49:393,9,2,1107
at:49:1527,at:49:1279,24A,1,1168
at:49:1527,at:49:1279,85A,1,4
at:49:1527,at:49:1279,N24,1,42
at:49:1527,at:49:164,24A,1,1166
at:49:1527,at:49:164,N24,1,16
at:49:1527,at:49:1878,85A,1,811
at:49:1528,at:49:1527,85A,1,824
at:49:1529,at:49:768,13A,1,3776
at:49:1529,at:49:829,13A,2,3624
at:49:1529,at:49:829,N71,1,48
at:49:1529,at:49:830,13A,1,20
at:49:1529,at:49:830,59A,1,1618
at:49:153,at:49:1010,40A,1,1138
at:49:1530,at:49:1468,U3,2,6844
at:49:1530,at:49:56,U3,1,6846
at:49:1531,at:49:920,48A,1,2252
at:49:1531,at:49:920,N46,1,44
at:49:1532,at:49:1372,N46,3,37
at:49:1532,at:49:645,48A,1,2246
at:49:1533,at:49:1088,49,1,3223
at:49:1533,at:49:1088,52,1,477
at:49:1533,at:49:1088,N49,1,36
at:49:1533,at:49:646,49,2,3223
at:49:1533,at:49:646,52,2,477
at:49:1533,at:49:646,N49,1,32
at:49:1534,at:49:1368,99B,2,3
at:49:1534,at:49:1502,99B,1,216
at:49:1534,at:49:939,99B,1,215
at:49:1535,at:49:1692,76A,1,396
at:49:1535,at:49:17,76A,1,386
at:49:1535,at:49:17,79A,1,324
at:49:1535,at:49:17,79B,1,23
at:49:1535,at:49:1854,73A,1,612
at:49:1535,at:49:354,79A,2,275
at:49:1535,at:49:354,79B,1,12
at:49:1536,at:49:1580,79B,1,139
at:49:1536,at:49:499,79A,1,55
at:49:1536,at:49:499,79B,2,150
at:49:1537,at:49:299,26A,2,2393
at:49:1537,at:49:476,26A,1,2393
at:49:1538,at:49:1456,17A,1,375
at:49:1538,at:49:1456,N17,1,21
at:49:1538,at:49:1721,17A,1,374
at:49:1538,at:49:1721,N17,1,23
at:49:1539,at:49:1739,24A,1,1166
at:49:1539,at:49:1739,N24,1,16
at:49:1539,at:49:839,24A,1,1168
at:49:1539,at:49:839,N24,1,42
at:49:1540,at:49:24,32A,1,1267
at:49:1540,at:49:249,32A,1,1364
at:49:1541,at:49:1314,30A,1,678
at:49:1541,at:49:1314,32A,1,1291
at:49:1541,at:49:598,30A,1,682
at:49:1541,at:49:598,32A,1,1331
at:49:1542,at:49:1543,92B,1,472
at:49:1543,at:49:1542,92B,1,472
at:49:1543,at:49:954,92B,1,472
at:49:1544,at:49:797,34A,1,829
at:49:1544,at:49:872,34A,1,499
at:49:1545,at:49:865,9A,1,579
at:49:1546,at:49:1126,7A,2,725
at:49:1546,at:49:1373,9A,1,579
at:49:1546,at:49:32,9A,1,574
at:49:1546,at:49:542,7A,1,713
at:49:1548,at:49:1450,4A,2,1107
at:49:1548,at:49:929,4A,1,1106
at:49:1549,at:49:1568,80A,2,707
at:49:155,at:49:1050,25A,1,158
at:49:155,at:49:1050,N25,1,18
at:49:155,at:49:1657,N25,1,18
at:49:155,at:49:1860,25A,3,362
at:49:155,at:49:822,25A,1,198
at:49:1550,at:49:45,56A,2,336
at:49:1550,at:49:45,56B,2,322
at:49:1550,at:49:45,58A,2,362
at:49:1550,at:49:45,58B,2,362
at:49:1550,at:49:888,56A,1,350
at:49:1550,at:49:888,56B,1,323
at:49:1550,at:49:888,58A,2,626
at:49:1550,at:49:888,58B,2,622
at:49:1551,at:49:140,95A,1,1423
at:49:1551,at:49:967,95A,1,1482
at:49:1552,at:49:1524,16A,1,746
at:49:1552,at:49:349,16A,1,736
at:49:1553,at:49:1556,67B,1,144
at:49:1553,at:49:1581,67B,1,147
at:49:1554,at:49:1186,30,2,1565
at:49:1554,at:49:1186,31,1,2381
at:49:1554,at:49:1186,N31,1,21
at:49:1554,at:49:176,30,1,1565
at:49:1554,at:49:176,31,1,2381
at:49:1554,at:49:176,N31,1,24
at:49:1555,at:49:114,47A,1,586
at:49:1555,at:49:1438,47A,2,586
at:49:1556,at:49:1553,67B,1,147
at:49:1556,at:49:1869,67B,1,144
at:49:1558,at:49:1372,46,2,489
at:49:1558,at:49:148,5,1,1673
at:49:1558,at:49:615,5,2,320
at:49:1558,at:49:645,5,1,1993
at:49:1559,at:49:1072,2,2,4326
at:49:1559,at:49:1340,13A,2,2600
at:49:1559,at:49:1340,N71,1,32
at:49:1559,at:49:19,1,1,4
at:49:1559,at:49:19,2,2,4313
at:49:156,at:49:1853,51A,2,139
at:49:156,at:49:187,51A,1,1008
at:49:156,at:49:187,51B,1,323
at:49:156,at:49:54,51A,2,869
at:49:156,at:49:54,51B,1,320
at:49:1560,at:49:1012,16A,2,736
at:49:1560,at:49:986,16A,1,746
at:49:1561,at:49:520,51A,2,1008
at:49:1561,at:49:520,51B,2,323
at:49:1561,at:49:55,51A,2,1008
at:49:1561,at:49:55,51B,1,320
at:49:1562,at:49:1311,49A,1,726
at:49:1562,at:49:1311,50B,1,196
at:49:1562,at:49:887,49A,1,728
at:49:1566,at:49:1306,18,1,108
at:49:1566,at:49:1306,49,1,23
at:49:1566,at:49:1306,5,1,103
at:49:1566,at:49:1306,52,1,1694
at:49:1566,at:49:1306,60,1,1242
at:49:1566,at:49:1306,9,1,55
at:49:1566,at:49:1306,E3,1,16
at:49:1566,at:49:1468,18,1,137
at:49:1566,at:49:1468,49,1,14
at:49:1566,at:49:1468,5,1,103
at:49:1566,at:49:1468,52,1,1694
at:49:1566,at:49:1468,60,1,1242
at:49:1566,at:49:1468,9,1,55
at:49:1566,at:49:1468,E3,1,16
at:49:1567,at:49:1333,34A,1,180
at:49:1567,at:49:1429,34A,1,180
at:49:1568,at:49:1296,18,2,661
at:49:1568,at:49:1296,77A,1,524
at:49:1568,at:49:821,18,2,661
at:49:1568,at:49:821,77A,2,519
at:49:1568,at:49:821,80A,2,707
at:49:157,at:49:1320,1A,1,676
at:49:157,at:49:1320,2A,1,717
at:49:157,at:49:1320,3A,1,644
at:49:1570,at:49:1510,37,3,328
at:49:1570,at:49:1510,38,3,333
at:49:1571,at:49:1287,N62,2,23
at:49:1571,at:49:1760,65A,1,464
at:49:1571,at:49:1760,7B,1,144
at:49:1571,at:49:30,15A,1,1230
at:49:1571,at:49:30,65A,1,464
at:49:1571,at:49:53,15A,1,1230
at:49:1571,at:49:53,N62,1,27
at:49:1572,at:49:1715,65A,1,464
at:49:1572,at:49:447,65A,2,464
at:49:1573,at:49:1095,65A,2,464
at:49:1573,at:49:1095,66A,3,1415
at:49:1573,at:49:1095,N66,2,42
at:49:1573,at:49:1095,N67,2,9
at:49:1573,at:49:1095,U1,1,4954
at:49:1573,at:49:33,N67,3,9
at:49:1573,at:49:33,U1,1,4946
at:49:1574,at:49:1575,72A,1,31
at:49:1575,at:49:1576,72A,1,31
at:49:1576,at:49:1577,72A,1,31
at:49:1577,at:49:1578,72A,1,31
at:49:1578,at:49:1162,72A,1,31
at:49:1579,at:49:256,72A,2,112
at:49:1579,at:49:652,72A,1,116
at:49:158,at:49:1445,44A,2,639
at:49:158,at:49:515,44A,1,639
at:49:1580,at:49:1536,79A,1,55
at:49:1580,at:49:1536,79B,1,150
at:49:1580,at:49:831,79B,1,139
at:49:1581,at:49:1098,67B,1,147
at:49:1581,at:49:1553,67B,1,144
at:49:1583,at:49:1199,18,10,26
at:49:1583,at:49:1296,18,2,661
at:49:1583,at:49:1296,77A,1,519
at:49:1583,at:49:1894,18,2,597
at:49:1583,at:49:1894,77A,2,427
at:49:1585,at:49:1254,25A,1,266
at:49:1585,at:49:1716,25A,1,362
at:49:1586,at:49:1054,66A,2,1399
at:49:1586,at:49:1054,67B,2,241
at:49:1586,at:49:1054,N66,1,69
at:49:1586,at:49:1322,66A,1,1399
at:49:1586,at:49:1322,67B,1,231
at:49:1586,at:49:1322,N66,1,72
at:49:1587,at:49:1345,84A,1,714
at:49:1587,at:49:1345,N84,1,14
at:49:1587,at:49:942,84A,2,711
at:49:1587,at:49:942,N84,2,14
at:49:1588,at:49:1589,76A,1,396
at:49:1588,at:49:1692,76A,1,386
at:49:1589,at:49:15,76A,2,396
at:49:1589,at:49:1588,76A,1,386
at:49:159,at:49:1324,57A,2,1735
at:49:159,at:49:545,57A,1,1735
at:49:1590,at:49:1484,88B,2,351
at:49:1590,at:49:900,88B,1,351
at:49:1592,at:49:1594,71B,1,30
at:49:1592,at:49:1599,71B,2,30
at:49:1594,at:49:1592,71B,1,30
at:49:1594,at:49:1780,71B,2,30
at:49:1595,at:49:1360,86A,1,531
at:49:1595,at:49:1596,86A,1,532
at:49:1595,at:49:1786,25,1,508
at:49:1595,at:49:1786,26,1,1634
at:49:1595,at:49:1786,27,1,1659
at:49:1595,at:49:966,25,1,508
at:49:1595,at:49:966,26,1,1634
at:49:1595,at:49:966,27,1,1659
at:49:1596,at:49:1595,86A,1,531
at:49:1596,at:49:1597,86A,1,532
at:49:1597,at:49:1596,86A,1,531
at:49:1597,at:49:1810,86A,1,532
at:49:1598,at:49:1060,1,2,157
at:49:1598,at:49:1060,18,2,11
at:49:1598,at:49:1060,6,2,2189
at:49:1598,at:49:1060,N6,1,27
at:49:1598,at:49:914,1,1,222
at:49:1598,at:49:914,18,1,21
at:49:1598,at:49:914,6,1,2189
at:49:1598,at:49:914,N6,1,27
at:49:1599,at:49:1592,71B,2,30
at:49:1599,at:49:1685,71B,1,30
at:49:16,at:49:825,76A,1,126
at:49:16,at:49:825,76B,1,184
at:49:160,at:49:1260,11,1,3918
at:49:160,at:49:1260,71,1,6007
at:49:160,at:49:1260,D,1,249
at:49:160,at:49:425,11,1,3918
at:49:160,at:49:425,71,2,6001
at:49:160,at:49:425,D,1,249
at:49:1602,at:49:248,56A,1,573
at:49:1602,at:49:248,56B,1,633
at:49:1602,at:49:248,N62,1,16
at:49:1602,at:49:504,56A,1,549
at:49:1602,at:49:504,56B,1,643
at:49:1602,at:49:504,N62,1,16
at:49:1603,at:49:1604,61A,1,253
at:49:1603,at:49:350,61A,1,264
at:49:1604,at:49:1007,61A,1,253
at:49:1604,at:49:1603,61A,1,264
at:49:1605,at:49:1606,61A,1,264
at:49:1605,at:49:1607,61A,1,253
at:49:1606,at:49:150,61A,1,264
at:49:1606,at:49:1605,61A,1,253
at:49:1607,at:49:1620,61A,2,253
at:49:1609,at:49:1605,61A,1,264
at:49:161,at:49:1404,U4,2,5180
at:49:161,at:49:520,U4,1,5207
at:49:1610,at:49:316,92B,2,10
at:49:1610,at:49:809,92B,1,26
at:49:1612,at:49:1613,47B,1,308
at:49:1613,at:49:107,46,1,601
at:49:1613,at:49:107,49,1,3464
at:49:1613,at:49:1789,47B,1,189
at:49:1613,at:49:1790,47B,1,119
at:49:1613,at:49:1790,N49,1,100
at:49:1613,at:49:358,46,2,601
at:49:1613,at:49:358,49,1,3464
at:49:1613,at:49:358,N49,1,86
at:49:1614,at:49:1615,47B,1,308
at:49:1615,at:49:1616,47B,1,308
at:49:1615,at:49:1617,47B,1,308
at:49:1616,at:49:1615,47B,1,308
at:49:1617,at:49:1116,47B,1,308
at:49:1619,at:49:1279,85A,1,4
at:49:162,at:49:111,33A,1,184
at:49:1620,at:43:5133,61A,2,253
at:49:1620,at:49:1609,61A,1,264
at:49:1621,at:49:128,30A,1,682
at:49:1621,at:49:128,32A,1,1267
at:49:1621,at:49:1622,30A,1,678
at:49:1621,at:49:388,32A,1,1364
at:49:1622,at:49:1621,30A,2,682
at:49:1622,at:49:1623,30A,1,678
at:49:1623,at:49:1622,30A,1,682
at:49:1623,at:49:1628,30A,1,678
at:49:1624,at:49:1628,30A,1,682
at:49:1624,at:49:352,30A,1,678
at:49:1625,at:49:1626,17A,1,372
at:49:1625,at:49:1626,66A,1,4
at:49:1625,at:49:1626,67A,1,1
at:49:1625,at:49:1626,N67,1,27
at:49:1626,at:49:1370,17A,1,372
at:49:1626,at:49:1370,66A,1,4
at:49:1626,at:49:1370,67A,1,1
at:49:1626,at:49:1975,N67,3,27
at:49:1627,at:49:128,30A,2,140
at:49:1627,at:49:128,32A,1,1364
at:49:1628,at:49:1623,30A,1,682
at:49:1628,at:49:1624,30A,1,678
at:49:1629,at:49:774,60A,1,403
at:49:1629,at:49:94,60A,2,409
at:49:163,at:49:677,65A,1,16
at:49:1630,at:49:1631,25,1,1752
at:49:1630,at:49:1631,26,1,111
at:49:1630,at:49:778,25,1,1752
at:49:1630,at:49:778,26,1,111
at:49:1630,at:49:778,N20,1,81
at:49:1631,at:49:1247,N20,2,82
at:49:1631,at:49:1630,25,1,1752
at:49:1631,at:49:1630,26,1,111
at:49:1631,at:49:1630,N20,1,81
at:49:1631,at:49:1635,98A,2,780
at:49:1631,at:49:1788,93A,1,496
at:49:1631,at:49:958,93A,1,530
at:49:1631,at:49:958,97A,1,1043
at:49:1631,at:49:958,98A,1,796
at:49:1633,at:49:1507,92A,1,644
at:49:1633,at:49:1634,92A,1,642
at:49:1634,at:49:1633,92A,1,644
at:49:1634,at:49:650,92A,1,642
at:49:1635,at:49:1636,98A,1,780
at:49:1635,at:49:89,98A,1,796
at:49:1636,at:49:1635,98A,1,796
at:49:1636,at:49:1637,98A,1,780
at:49:1637,at:49:1636,98A,1,796
at:49:1637,at:49:1638,98A,1,780
at:49:1638,at:49:1637,98A,1,796
at:49:1638,at:49:1639,98A,1,780
at:49:1639,at:49:1638,98A,1,796
at:49:1639,at:49:1640,98A,1,780
at:49:164,at:49:1527,24A,1,691
at:49:164,at:49:1527,85A,1,2
at:49:164,at:49:1527,N24,1,42
at:49:164,at:49:165,24A,1,1166
at:49:164,at:49:165,N24,1,16
at:49:164,at:49:1878,85A,1,1
at:49:1640,at:49:1639,98A,1,796
at:49:1640,at:49:1641,98A,1,780
at:49:1641,at:49:1642,98A,1,780
at:49:1642,at:49:1643,98A,1,796
at:49:1642,at:49:1814,98A,1,780
at:49:1643,at:49:1644,98A,1,796
at:49:1644,at:49:1640,98A,1,796
at:49:1645,at:49:1401,98A,1,796
at:49:1645,at:49:1590,88B,1,351
at:49:1646,at:49:1746,97A,1,1058
at:49:1648,at:49:1650,97A,1,1031
at:49:1648,at:49:60,97A,1,1058
at:49:1649,at:49:60,97A,1,1031
at:49:1649,at:49:816,97A,1,1058
at:49:165,at:49:1527,24A,2,477
at:49:165,at:49:1527,85A,2,3
at:49:165,at:49:164,24A,1,691
at:49:165,at:49:164,85A,1,3
at:49:165,at:49:164,N24,2,42
at:49:165,at:49:1752,24A,1,1166
at:49:165,at:49:1752,N24,1,16
at:49:165,at:49:1773,97A,2,1022
at:49:165,at:49:1774,97A,1,1064
at:49:165,at:49:588,28A,1,388
at:49:1650,at:49:1746,97A,1,1031
at:49:1652,at:49:1073,72A,1,114
at:49:1652,at:49:465,72A,2,116
at:49:1654,at:49:195,40A,1,1058
at:49:1655,at:49:1924,63A,1,1030
at:49:1655,at:49:46,63A,2,1066
at:49:1656,at:49:1107,60A,3,407
at:49:1656,at:49:1107,N61,1,9
at:49:1656,at:49:1492,60A,1,410
at:49:1656,at:49:1492,N60,1,32
at:49:1656,at:49:1492,N61,1,24
at:49:1656,at:49:198,N61,1,18
at:49:1657,at:49:1216,N25,1,18
at:49:1657,at:49:155,25A,2,356
at:49:1657,at:49:155,N25,1,18
at:49:1657,at:49:1860,27A,2,459
at:49:1658,at:49:345,N38,2,58
at:49:1659,at:49:827,N60,1,18
at:49:166,at:49:1035,46,2,586
at:49:166,at:49:1035,49,2,3385
at:49:166,at:49:1035,E3,2,708
at:49:166,at:49:1035,N49,2,90
at:49:166,at:49:780,46,1,586
at:49:166,at:49:780,49,1,3302
at:49:166,at:49:780,N49,1,100
at:49:1660,at:49:483,30A,1,682
at:49:1660,at:49:483,31A,1,1112
at:49:1660,at:49:483,32A,1,1331
at:49:1660,at:49:598,30A,1,678
at:49:1660,at:49:598,32A,1,1291
at:49:1662,at:49:1026,26A,1,2374
at:49:1662,at:49:1026,88A,1,106
at:49:1662,at:49:1026,N20,1,47
at:49:1662,at:49:297,26A,1,2374
at:49:1662,at:49:297,88A,1,106
at:49:1662,at:49:297,88B,1,351
at:49:1662,at:49:297,N20,1,51
at:49:1662,at:49:298,99A,2,215
at:49:1662,at:49:298,99B,2,219
at:49:1663,at:49:1067,93A,1,520
at:49:1663,at:49:1067,N91,1,18
at:49:1663,at:49:1164,93A,1,496
at:49:1663,at:49:1164,N91,1,16
at:49:1664,at:49:1037,10A,2,1773
at:49:1664,at:49:12,10A,1,1869
at:49:1664,at:49:12,12A,1,1194
at:49:1664,at:49:179,48A,2,2252
at:49:1665,at:49:606,10A,1,1692
at:49:1666,at:49:1511,37A,1,870
at:49:1666,at:49:229,N8,2,18
at:49:1666,at:49:363,N8,1,18
at:49:1666,at:49:569,37A,2,864
at:49:1667,at:49:1062,U6,2,12425
at:49:1667,at:49:1470,12,1,196
at:49:1667,at:49:1470,2,1,288
at:49:1667,at:49:1470,30,1,2
at:49:1667,at:49:1470,31,2,2660
at:49:1667,at:49:1470,5,1,49
at:49:1667,at:49:1470,5B,2,1321
at:49:1667,at:49:1470,O,1,69
at:49:1667,at:49:170,12,1,2059
at:49:1667,at:49:170,31,1,8
at:49:1667,at:49:170,5,1,34
at:49:1667,at:49:170,5B,1,1311
at:49:1667,at:49:170,N31,1,27
at:49:1667,at:49:500,U6,2,13646
at:49:1667,at:49:569,12,2,2110
at:49:1667,at:49:569,2,2,250
at:49:1667,at:49:569,30,2,2
at:49:1667,at:49:569,31,2,2667
at:49:1667,at:49:569,5,2,19
at:49:1667,at:49:569,N31,2,27
at:49:1667,at:49:569,O,2,66
at:49:1668,at:49:1705,U6,1,13329
at:49:1668,at:49:334,U6,1,10995
at:49:1668,at:49:640,20B,2,146
at:49:1668,at:49:725,20A,1,793
at:49:1669,at:49:1523,11,2,3889
at:49:1669,at:49:1523,71,2,6363
at:49:1669,at:49:1670,11,1,3873
at:49:1669,at:49:1670,71,1,6361
at:49:167,at:49:1472,71E,1,22
at:49:167,at:49:1472,73B,1,844
at:49:167,at:49:1472,N71,1,88
at:49:167,at:49:1522,73B,2,844
at:49:1670,at:49:1669,11,1,3889
at:49:1670,at:49:1669,71,1,6363
at:49:1670,at:49:1671,11,2,3873
at:49:1670,at:49:1671,71,2,6361
at:49:1671,at:49:1418,11,1,3873
at:49:1671,at:49:1418,71,1,6361
at:49:1671,at:49:1670,11,1,3889
at:49:1671,at:49:1670,71,1,6363
at:49:1671,at:49:1684,71E,1,20
at:49:1671,at:49:1684,73B,1,844
at:49:1671,at:49:1684,N71,1,88
at:49:1671,at:49:535,73B,1,844
at:49:1672,at:49:1673,27A,1,465
at:49:1672,at:49:1673,N25,1,18
at:49:1673,at:49:1674,27A,1,465
at:49:1673,at:49:1674,N25,1,18
at:49:1673,at:49:1860,27A,1,467
at:49:1673,at:49:1860,N25,1,18
at:49:1674,at:49:1673,27A,1,467
at:49:1674,at:49:1673,N25,1,18
at:49:1674,at:49:572,27A,1,465
at:49:1674,at:49:572,N25,1,18
at:49:1675,at:49:1122,27A,3,239
at:49:1675,at:49:1122,28A,2,388
at:49:1675,at:49:1739,87A,4,152
at:49:1675,at:49:1754,27A,1,245
at:49:1675,at:49:1754,87A,1,144
at:49:1675,at:49:1955,28A,4,378
at:49:1676,at:49:1754,27A,1,239
at:49:1676,at:49:1754,87A,1,152
at:49:1677,at:49:1139,16A,3,732
at:49:1678,at:49:35,16A,1,760
at:49:1679,at:49:1174,16A,1,20
at:49:1679,at:49:1174,63A,1,1030
at:49:1679,at:49:841,16A,1,18
at:49:1679,at:49:841,63A,1,1066
at:49:168,at:49:426,38A,2,2033
at:49:168,at:49:925,38A,1,2033
at:49:1680,at:49:1023,85A,1,806
at:49:1680,at:49:1922,85A,2,816
at:49:1681,at:49:403,95A,1,1479
at:49:1681,at:49:403,95B,1,123
at:49:1682,at:49:1099,42A,1,1022
at:49:1683,at:49:1403,63A,2,1074
at:49:1684,at:49:1671,73B,1,844
at:49:1684,at:49:294,71E,1,20
at:49:1684,at:49:294,73B,1,844
at:49:1684,at:49:294,N71,1,88
at:49:1685,at:49:1599,71B,1,30
at:49:1685,at:49:1828,71B,5,30
at:49:1686,at:49:581,67B,2,190
at:49:1687,at:49:1216,27A,1,457
at:49:1688,at:49:1689,25A,1,126
at:49:1688,at:49:1689,25B,1,353
at:49:1688,at:49:1689,85A,2,2
at:49:1689,at:49:133,25A,3,12
at:49:1689,at:49:133,25B,2,174
at:49:1689,at:49:1359,25A,5,114
at:49:1689,at:49:1359,25B,2,174
at:49:1689,at:49:1359,85A,4,2
at:49:169,at:49:1077,5A,2,558
at:49:169,at:49:219,5A,1,559
at:49:1690,at:49:1516,29A,1,946
at:49:1690,at:49:271,29A,1,946
at:49:1691,at:49:1439,48A,1,2400
at:49:1691,at:49:1439,N46,1,63
at:49:1691,at:49:597,48A,2,2407
at:49:1691,at:49:597,N46,2,73
at:49:1692,at:49:1535,76A,1,386
at:49:1692,at:49:1588,76A,1,396
at:49:1693,at:49:280,37A,2,864
at:49:1694,at:49:461,77A,1,1469
at:49:1695,at:49:637,60,1,1352
at:49:1695,at:49:70,60,1,1352
at:49:1695,at:49:95,N60,1,32
at:49:1696,at:49:956,47A,2,586
at:49:1697,at:49:1889,36B,1,286
at:49:1697,at:49:999,36A,1,220
at:49:1698,at:49:1061,74A,1,1090
at:49:1699,at:49:1523,71A,1,386
at:49:1699,at:49:1523,71B,1,30
at:49:1699,at:49:1523,71E,1,20
at:49:1699,at:49:1523,N71,1,88
at:49:1699,at:49:1525,71A,1,376
at:49:1699,at:49:1525,71B,1,30
at:49:17,at:49:141,76A,1,386
at:49:17,at:49:141,79A,1,55
at:49:17,at:49:141,79B,1,150
at:49:17,at:49:1535,73A,1,612
at:49:17,at:49:1535,76A,1,396
at:49:17,at:49:1535,79A,1,275
at:49:17,at:49:1535,79B,1,12
at:49:17,at:49:745,79A,1,324
at:49:17,at:49:745,79B,1,127
at:49:170,at:49:1443,12,2,2059
at:49:170,at:49:1443,31,2,8
at:49:170,at:49:1443,5,2,34
at:49:170,at:49:1443,5B,1,1311
at:49:170,at:49:1443,N31,1,27
at:49:170,at:49:1667,12,1,2055
at:49:170,at:49:1667,5,1,58
at:49:170,at:49:1667,5B,1,1295
at:49:170,at:49:1667,N31,1,27
at:49:1700,at:49:1739,87A,1,144
at:49:1700,at:49:1786,87A,1,152
at:49:1701,at:49:1751,87A,1,152
at:49:1701,at:49:1786,87A,1,144
at:49:1702,at:49:717,38A,1,2033
at:49:1702,at:49:717,5B,1,1337
at:49:1703,at:49:891,5B,1,1337
at:49:1704,at:49:500,5A,1,558
at:49:1704,at:49:569,37A,2,359
at:49:1705,at:49:1668,U6,2,10995
at:49:1705,at:49:23,11A,1,2908
at:49:1705,at:49:23,5A,1,558
at:49:1705,at:49:23,N8,1,18
at:49:1705,at:49:334,U6,3,2651
at:49:1705,at:49:363,11A,2,2941
at:49:1705,at:49:363,5A,2,567
at:49:1705,at:49:500,U6,2,13329
at:49:1706,at:49:647,N61,1,16
at:49:1707,at:49:1422,53A,2,348
at:49:1708,at:49:1219,88B,1,351
at:49:1709,at:49:108,98A,1,796
at:49:1709,at:49:1711,98A,1,780
at:49:171,at:49:62,93A,1,530
at:49:171,at:49:901,N91,1,18
at:49:171,at:49:903,93A,1,496
at:49:171,at:49:903,N91,1,16
at:49:1710,at:49:1083,88B,1,351
at:49:1711,at:49:682,98A,1,780
at:49:1713,at:49:606,12A,3,1194
at:49:1713,at:49:877,12A,1,1189
at:49:1714,at:49:1393,65A,1,464
at:49:1714,at:49:1715,65A,1,464
at:49:1715,at:49:1572,65A,1,464
at:49:1715,at:49:1714,65A,1,464
at:49:1716,at:49:1122,25A,2,362
at:49:1716,at:49:1585,25A,2,356
at:49:1718,at:49:1373,9A,1,574
at:49:1719,at:49:67,57A,1,1735
at:49:172,at:49:1372,46,2,2717
at:49:172,at:49:1372,N46,1,116
at:49:172,at:49:783,46,2,2717
at:49:172,at:49:783,N46,1,109
at:49:1720,at:49:998,61B,1,81
at:49:1721,at:49:1538,17A,1,375
at:49:1721,at:49:1538,N17,1,21
at:49:1721,at:49:565,17A,1,374
at:49:1721,at:49:565,N17,1,23
at:49:1722,at:49:1370,17A,1,375
at:49:1722,at:49:1370,66A,1,4
at:49:1722,at:49:1370,67A,1,1
at:49:1722,at:49:1370,N67,1,27
at:49:1722,at:49:580,66A,2,4
at:49:1722,at:49:580,67A,2,1
at:49:1722,at:49:599,17A,1,372
at:49:1724,at:49:297,99A,1,219
at:49:1724,at:49:297,99B,1,215
at:49:1724,at:49:298,98A,1,596
at:49:1725,at:49:379,N6,1,54
at:49:1725,at:49:820,N60,1,18
at:49:1726,at:49:1160,N62,3,14
at:49:1726,at:49:1383,N62,2,24
at:49:1726,at:49:1477,N62,3,9
at:49:1727,at:49:1007,N64,2,16
at:49:1728,at:49:75,77A,1,1464
at:49:1729,at:49:1404,47A,2,586
at:49:1729,at:49:1404,N54,1,48
at:49:173,at:49:456,12,1,101
at:49:173,at:49:456,2,1,4372
at:49:173,at:49:615,12,2,101
at:49:173,at:49:615,2,2,4385
at:49:1730,at:49:150,64A,1,279
at:49:1730,at:49:150,N64,1,16
at:49:1730,at:49:923,64A,2,280
at:49:1730,at:49:923,N64,1,16
at:49:1731,at:49:1732,20A,1,808
at:49:1731,at:49:641,20A,3,789
at:49:1732,at:49:1731,20A,1,789
at:49:1732,at:49:1733,20A,2,808
at:49:1733,at:49:1732,20A,1,789
at:49:1733,at:49:1961,20A,1,808
at:49:1734,at:49:107,46,1,601
at:49:1734,at:49:107,49,1,3464
at:49:1735,at:49:607,25,2,1705
at:49:1735,at:49:607,26,2,624
at:49:1735,at:49:607,27,1,85
at:49:1735,at:49:627,25,3,1705
at:49:1735,at:49:627,26,3,624
at:49:1735,at:49:627,27,2,85
at:49:1737,at:49:1738,27A,1,465
at:49:1737,at:49:607,27A,1,463
at:49:1738,at:49:1737,27A,1,463
at:49:1738,at:49:232,27A,2,465
at:49:1739,at:49:1539,24A,2,1168
at:49:1739,at:49:1539,N24,1,42
at:49:1739,at:49:1675,87A,4,144
at:49:1739,at:49:1700,87A,1,152
at:49:1739,at:49:964,24A,2,1166
at:49:1739,at:49:964,N24,1,16
at:49:174,at:49:199,62A,2,676
at:49:174,at:49:199,N65,2,106
at:49:174,at:49:613,60A,1,409
at:49:174,at:49:613,66A,1,1383
at:49:174,at:49:613,N66,1,72
at:49:174,at:49:774,62A,2,675
at:49:174,at:49:774,N65,1,96
at:49:174,at:49:92,60A,1,409
at:49:174,at:49:93,60A,2,1
at:49:174,at:49:93,66A,1,1383
at:49:174,at:49:93,N66,1,63
at:49:1740,at:49:225,7A,2,707
at:49:1740,at:49:344,7A,1,707
at:49:1741,at:49:1437,16A,1,746
at:49:1741,at:49:582,16A,2,736
at:49:1742,at:49:1775,67B,1,190
at:49:1742,at:49:1775,N67,2,27
at:49:1742,at:49:722,67B,1,192
at:49:1743,at:49:1261,49A,1,726
at:49:1743,at:49:216,50B,1,196
at:49:1745,at:49:659,5A,1,392
at:49:1746,at:49:1648,97A,1,1058
at:49:1746,at:49:455,97A,1,1031
at:49:1747,at:49:1040,82A,1,294
at:49:1747,at:49:1897,82A,1,294
at:49:1749,at:49:1770,N75,2,16
at:49:1749,at:49:289,U3,2,6745
at:49:1749,at:49:399,U3,1,6890
at:49:1749,at:49:881,72A,2,112
at:49:175,at:49:1275,57A,1,1434
at:49:175,at:49:529,57A,1,1434
at:49:1751,at:49:1027,22A,1,1948
at:49:1751,at:49:1360,22A,2,1929
at:49:1751,at:49:1360,87A,3,152
at:49:1751,at:49:1701,87A,1,144
at:49:1752,at:49:165,24A,1,1168
at:49:1752,at:49:165,28A,2,388
at:49:1752,at:49:165,85A,2,6
at:49:1752,at:49:165,97A,2,1022
at:49:1752,at:49:165,N24,1,14
at:49:1752,at:49:9,24A,1,870
at:49:1752,at:49:9,89A,1,4
at:49:1752,at:49:9,N24,1,16
at:49:1753,at:49:1479,17A,1,4
at:49:1753,at:49:971,17A,2,3
at:49:1754,at:49:1675,27A,1,239
at:49:1754,at:49:1675,87A,1,152
at:49:1754,at:49:1676,27A,1,245
at:49:1754,at:49:1676,87A,1,144
at:49:1755,at:49:1095,7A,2,707
at:49:1756,at:49:1260,69A,2,631
at:49:1756,at:49:1260,72A,2,114
at:49:1756,at:49:1260,73A,2,1423
at:49:1756,at:49:147,69A,1,642
at:49:1756,at:49:147,72A,1,116
at:49:1756,at:49:390,73A,2,1432
at:49:1757,at:49:1263,11,1,4073
at:49:1757,at:49:1263,6,1,7
at:49:1757,at:49:1263,D,1,247
at:49:1757,at:49:1263,N6,1,54
at:49:1758,at:49:1177,46B,1,534
at:49:1758,at:49:311,46A,1,581
at:49:176,at:49:1229,30,2,1565
at:49:176,at:49:1229,31,1,2381
at:49:176,at:49:1229,N31,1,24
at:49:176,at:49:1554,30,1,1565
at:49:176,at:49:1554,31,1,2381
at:49:176,at:49:1554,N31,1,21
at:49:176,at:49:1890,36B,2,284
at:49:176,at:49:593,36B,4,286
at:49:1760,at:49:1761,65A,1,448
at:49:1760,at:49:1761,7B,1,144
at:49:1760,at:49:212,65A,5,16
at:49:1761,at:49:1160,7B,6,144
at:49:1761,at:49:1571,65A,1,464
at:49:1763,at:49:1764,44B,1,416
at:49:1764,at:49:1767,44B,1,416
at:49:1766,at:49:1767,44B,1,416
at:49:1766,at:49:985,44B,1,416
at:49:1767,at:49:1766,44B,1,416
at:49:1767,at:49:1768,44B,1,416
at:49:1768,at:49:1913,44B,1,416
at:49:1769,at:49:283,N75,1,16
at:49:1769,at:49:289,N75,1,18
at:49:177,at:49:1934,68B,1,434
at:49:177,at:49:1934,N68,1,25
at:49:177,at:49:2954,68B,1,437
at:49:177,at:49:2954,N68,1,22
at:49:1770,at:49:1749,N75,2,18
at:49:1770,at:49:289,N75,1,16
at:49:1772,at:49:130,30A,1,818
at:49:1772,at:49:130,36A,1,220
at:49:1772,at:49:130,36B,1,284
at:49:1773,at:49:1258,97A,2,10
at:49:1773,at:49:165,97A,2,1064
at:49:1773,at:49:165,N24,1,28
at:49:1773,at:49:1923,97A,2,1012
at:49:1774,at:49:1752,28A,1,378
at:49:1774,at:49:1752,85A,1,2
at:49:1774,at:49:1752,97A,1,1064
at:49:1775,at:49:1686,67B,1,190
at:49:1775,at:49:1742,67B,2,192
at:49:1775,at:49:1869,N67,2,27
at:49:1777,at:49:1314,32A,2,1331
at:49:1777,at:49:69,32A,1,1263
at:49:178,at:49:1267,43,1,3052
at:49:178,at:49:1267,44,1,719
at:49:178,at:49:1267,N43,1,86
at:49:178,at:49:27,2,3,7
at:49:178,at:49:27,43,3,3052
at:49:178,at:49:27,N43,2,86
at:49:178,at:49:507,44,2,719
at:49:1780,at:49:1594,71B,1,30
at:49:1780,at:49:294,71B,1,30
at:49:1780,at:49:294,73B,1,844
at:49:1781,at:49:1479,17A,1,378
at:49:1782,at:49:181,56A,1,573
at:49:1782,at:49:248,56A,1,549
at:49:1784,at:49:1749,72A,1,116
at:49:1785,at:49:956,53A,1,704
at:49:1785,at:49:956,54A,1,148
at:49:1785,at:49:956,54B,1,147
at:49:1786,at:49:1595,25,2,508
at:49:1786,at:49:1595,26,2,1634
at:49:1786,at:49:1595,27,1,1659
at:49:1786,at:49:1700,87A,1,144
at:49:1786,at:49:1701,87A,1,152
at:49:1786,at:49:938,25,2,508
at:49:1786,at:49:938,26,2,1634
at:49:1786,at:49:938,27,2,1659
at:49:1787,at:49:1414,68A,3,434
at:49:1787,at:49:1414,68B,3,434
at:49:1787,at:49:1414,N68,1,25
at:49:1787,at:49:272,68A,1,435
at:49:1787,at:49:272,68B,1,437
at:49:1787,at:49:272,N68,1,22
at:49:1788,at:49:1024,93A,1,496
at:49:1788,at:49:1024,N91,1,16
at:49:1788,at:49:1507,92A,1,642
at:49:1788,at:49:89,92A,1,644
at:49:1788,at:49:89,93A,1,530
at:49:1788,at:49:89,N91,1,18
at:49:1789,at:49:107,47B,1,189
at:49:179,at:49:1037,48A,1,2246
at:49:179,at:49:197,48A,2,2252
at:49:1790,at:49:107,47B,1,119
at:49:1790,at:49:560,47B,2,308
at:49:1790,at:49:560,N49,1,100
at:49:1794,at:49:246,2,1,450
at:49:1794,at:49:246,46,2,2228
at:49:1795,at:49:1193,71,2,6081
at:49:1795,at:49:1193,D,3,2
at:49:1795,at:49:1407,71,1,6050
at:49:1796,at:49:1243,52B,1,21
at:49:1796,at:49:311,52B,4,21
at:49:1799,at:49:1139,N65,2,106
at:49:1799,at:49:35,62A,3,676
at:49:1799,at:49:679,62A,1,669
at:49:1799,at:49:679,N65,1,96
at:49:18,at:49:15,76B,2,426
at:49:18,at:49:907,76B,2,420
at:49:1800,at:49:209,43A,5,172
at:49:1800,at:49:488,43A,3,172
at:49:1801,at:49:1376,63A,1,1030
at:49:1801,at:49:1376,8A,1,542
at:49:1801,at:49:543,63A,1,1066
at:49:1801,at:49:543,8A,1,545
at:49:1802,at:49:50,34A,1,829
at:49:1803,at:49:1804,68A,1,435
at:49:1804,at:49:1805,68A,1,435
at:49:1805,at:49:315,68A,3,435
at:49:1806,at:49:392,43A,1,607
at:49:1806,at:49:935,43A,1,607
at:49:1807,at:49:1270,95B,1,41
at:49:1808,at:49:862,95A,1,1493
at:49:1808,at:49:862,97A,1,10
at:49:1809,at:49:720,95A,1,1479
at:49:1809,at:49:720,97A,1,14
at:49:181,at:49:1782,56A,1,549
at:49:181,at:49:406,56A,1,573
at:49:1810,at:49:83,86A,1,518
at:49:1812,at:49:396,57A,1,711
at:49:1812,at:49:737,57A,1,711
at:49:1813,at:49:1193,4A,1,698
at:49:1813,at:49:804,4A,1,699
at:49:1814,at:49:1401,98A,1,780
at:49:1814,at:49:1642,98A,1,796
at:49:1815,at:49:10,39A,2,241
at:49:1815,at:49:1250,39A,1,241
at:49:1816,at:49:1571,7B,1,144
at:49:182,at:49:320,79A,1,446
at:49:182,at:49:320,79B,1,162
at:49:182,at:49:499,79B,1,139
at:49:182,at:49:512,79A,2,440
at:49:182,at:49:512,79B,3,23
at:49:1821,at:49:1400,43B,3,55
at:49:1821,at:49:1822,43B,2,55
at:49:1822,at:49:1821,43B,2,55
at:49:1822,at:49:842,43B,2,55
at:49:1823,at:49:1829,ZF,1,32
at:49:1825,at:49:940,52A,1,188
at:49:1826,at:49:216,49A,1,728
at:49:1828,at:49:1519,71B,1,30
at:49:1828,at:49:1685,71B,5,30
at:49:1828,at:49:1842,ZF,1,32
at:49:1829,at:49:1830,ZF,1,32
at:49:183,at:49:444,16A,1,314
at:49:183,at:49:444,65A,1,16
at:49:183,at:49:444,N65,1,60
at:49:1830,at:49:1831,ZF,1,32
at:49:1831,at:49:1832,ZF,1,32
at:49:1832,at:49:1833,ZF,1,32
at:49:1833,at:49:1834,ZF,1,32
at:49:1834,at:49:1835,ZF,1,32
at:49:1835,at:49:1836,ZF,1,32
at:49:1836,at:49:1837,ZF,1,32
at:49:1837,at:49:1838,ZF,1,32
at:49:1838,at:49:1839,ZF,1,32
at:49:1839,at:49:1840,ZF,1,32
at:49:184,at:49:123,N49,1,83
at:49:184,at:49:1501,49A,1,429
at:49:184,at:49:1501,50A,1,393
at:49:184,at:49:1501,50B,1,116
at:49:184,at:49:1501,N49,1,45
at:49:184,at:49:1734,46,1,601
at:49:184,at:49:1734,49,1,3464
at:49:184,at:49:560,49A,3,728
at:49:184,at:49:560,50A,3,656
at:49:1840,at:49:1841,ZF,1,32
at:49:1841,at:49:1828,ZF,1,32
at:49:1842,at:49:1843,ZF,1,32
at:49:1843,at:49:1520,ZF,1,32
at:49:1844,at:49:1521,ZF,1,32
at:49:1846,at:49:1005,N54,1,48
at:49:1846,at:49:520,N54,1,54
at:49:1847,at:49:520,N54,2,48
at:49:1848,at:49:1433,N25,2,16
at:49:185,at:49:1329,20B,1,146
at:49:185,at:49:31,20B,1,146
at:49:1851,at:49:1248,31A,1,1112
at:49:1851,at:49:1916,29B,1,832
at:49:1851,at:49:1917,29B,2,832
at:49:1851,at:49:325,31A,1,1116
at:49:1852,at:49:35,16A,1,732
at:49:1852,at:49:35,64B,2,30
at:49:1853,at:49:156,51A,2,117
at:49:1853,at:49:54,51A,1,139
at:49:1853,at:49:54,51B,1,323
at:49:1854,at:49:87,73A,1,612
at:49:1855,at:49:1482,50A,1,656
at:49:1855,at:49:1482,N49,1,54
at:49:1855,at:49:360,50A,1,662
at:49:1855,at:49:360,N49,1,54
at:49:1857,at:49:444,N65,1,89
at:49:1857,at:49:48,16A,1,760
at:49:1857,at:49:48,N65,1,96
at:49:1857,at:49:782,16A,1,430
at:49:1858,at:49:1122,28A,3,378
at:49:1858,at:49:1859,U1,1,4867
at:49:1858,at:49:1860,U1,1,4852
at:49:1858,at:49:617,28A,2,388
at:49:1859,at:49:1451,29B,1,837
at:49:1859,at:49:1858,U1,2,4852
at:49:1859,at:49:748,29A,1,946
at:49:1859,at:49:748,N25,1,18
at:49:1859,at:49:769,U1,2,4867
at:49:186,at:49:699,36A,2,218
at:49:186,at:49:699,36B,2,286
at:49:1860,at:49:1657,25A,1,356
at:49:1860,at:49:1672,27A,1,465
at:49:1860,at:49:1672,N25,1,18
at:49:1860,at:49:1687,27A,2,457
at:49:1860,at:49:1858,U1,1,4867
at:49:1860,at:49:632,N25,1,18
at:49:1860,at:49:633,U1,1,4852
at:49:1860,at:49:71,25A,2,2
at:49:1861,at:49:769,29B,1,853
at:49:1861,at:49:769,N25,1,16
at:49:1861,at:49:893,29B,1,837
at:49:1862,at:49:623,31A,1,1088
at:49:1862,at:49:632,31A,1,1086
at:49:1862,at:49:71,31A,1,2
at:49:1865,at:49:601,44,1,737
at:49:1867,at:49:1301,77A,1,628
at:49:1867,at:49:1301,78A,2,315
at:49:1867,at:49:1301,79B,1,3
at:49:1867,at:49:818,77A,1,633
at:49:1867,at:49:818,78A,1,315
at:49:1867,at:49:818,79B,2,3
at:49:1868,at:49:82,12A,1,743
at:49:1869,at:49:1556,67B,2,147
at:49:1869,at:49:581,67B,1,144
at:49:1869,at:49:581,N67,1,27
at:49:187,at:49:156,51A,1,1008
at:49:187,at:49:156,51B,1,320
at:49:187,at:49:889,51A,1,1008
at:49:187,at:49:889,51B,1,323
at:49:1872,at:49:510,7A,1,707
at:49:1873,at:49:2,32A,1,1267
at:49:1874,at:49:1301,77A,1,633
at:49:1874,at:49:1301,78A,1,315
at:49:1874,at:49:1301,79A,1,440
at:49:1874,at:49:1301,79B,2,162
at:49:1874,at:49:1896,77A,1,532
at:49:1875,at:49:1040,5B,3,1311
at:49:1876,at:49:494,5B,2,1295
at:49:1878,at:49:651,85A,1,816
at:49:188,at:49:1372,U6,2,13373
at:49:188,at:49:1413,18,1,4095
at:49:188,at:49:1413,6,1,2166
at:49:188,at:49:1468,U6,2,13380
at:49:188,at:49:644,48A,1,2252
at:49:1881,at:49:1892,82A,1,294
at:49:1882,at:49:1883,38B,5,64
at:49:1883,at:49:116,38B,6,62
at:49:1883,at:49:948,38B,8,2
at:49:1884,at:49:1885,36B,1,308
at:49:1884,at:49:1886,36B,1,308
at:49:1885,at:49:1884,36B,1,308
at:49:1885,at:49:769,36B,1,308
at:49:1886,at:49:1884,36B,1,308
at:49:1886,at:49:1887,36B,1,308
at:49:1887,at:49:1886,36B,1,308
at:49:1887,at:49:1888,36B,1,284
at:49:1888,at:49:1887,36B,1,286
at:49:1888,at:49:1889,36B,1,284
at:49:1889,at:49:1888,36B,1,286
at:49:1889,at:49:999,36B,1,284
at:49:189,at:49:1400,43B,1,55
at:49:189,at:49:1400,52A,1,188
at:49:189,at:49:1400,52B,1,160
at:49:189,at:49:200,43B,1,55
at:49:189,at:49:200,52A,1,188
at:49:189,at:49:200,52B,1,160
at:49:1890,at:49:176,36B,3,286
at:49:1890,at:49:699,36B,3,284
at:49:1891,at:49:1040,U2,2,5080
at:49:1891,at:49:1182,U2,1,5103
at:49:1891,at:49:1431,5B,1,524
at:49:1891,at:49:494,2,1,4475
at:49:1891,at:49:494,5B,2,1311
at:49:1891,at:49:494,N29,1,74
at:49:1891,at:49:659,2,2,4435
at:49:1891,at:49:659,N29,1,68
at:49:1891,at:49:824,5B,1,3
at:49:1891,at:49:961,5B,2,768
at:49:1892,at:49:1009,N81,1,27
at:49:1892,at:49:1040,U2,2,5103
at:49:1892,at:49:1040,U2E,4,20
at:49:1892,at:49:1893,U2,2,5080
at:49:1892,at:49:1893,U2E,2,20
at:49:1892,at:49:1905,82A,1,294
at:49:1892,at:49:274,82A,2,294
at:49:1892,at:49:274,N81,2,27
at:49:1893,at:49:1137,82A,2,294
at:49:1893,at:49:1892,U2,1,5103
at:49:1893,at:49:1892,U2E,2,20
at:49:1893,at:49:1894,U2,1,5080
at:49:1893,at:49:1894,U2E,3,20
at:49:1894,at:49:1583,18,1,597
at:49:1894,at:49:1583,77A,1,519
at:49:1894,at:49:1893,U2,1,5103
at:49:1894,at:49:1893,U2E,3,20
at:49:1894,at:49:1895,77A,1,426
at:49:1894,at:49:1895,78A,2,315
at:49:1894,at:49:1895,N81,1,27
at:49:1894,at:49:1978,18,2,597
at:49:1894,at:49:282,U2,2,5091
at:49:1894,at:49:282,U2E,4,20
at:49:1894,at:49:733,11A,1,1967
at:49:1894,at:49:733,N81,1,27
at:49:1895,at:49:1894,77A,2,423
at:49:1895,at:49:1894,78A,1,315
at:49:1895,at:49:1894,N81,1,27
at:49:1895,at:49:282,77A,1,426
at:49:1895,at:49:282,78A,1,315
at:49:1895,at:49:282,N81,1,27
at:49:1895,at:49:919,79A,2,446
at:49:1895,at:49:919,79B,2,162
at:49:1896,at:49:1039,77A,1,1160
at:49:1896,at:49:1039,78A,1,315
at:49:1896,at:49:1039,79A,1,446
at:49:1896,at:49:1039,79B,1,162
at:49:1896,at:49:1874,77A,1,1166
at:49:1896,at:49:1874,78A,1,315
at:49:1896,at:49:1874,79A,1,440
at:49:1896,at:49:1874,79B,1,162
at:49:1897,at:49:1747,82A,1,294
at:49:1897,at:49:709,82A,1,294
at:49:1898,at:49:1901,82A,2,294
at:49:1898,at:49:709,82A,1,294
at:49:19,at:49:148,1,1,4
at:49:19,at:49:148,12,1,1746
at:49:19,at:49:148,2,1,4313
at:49:19,at:49:148,5,1,1673
at:49:19,at:49:1559,2,1,4326
at:49:19,at:49:333,12,1,1742
at:49:19,at:49:333,5,1,1673
at:49:190,at:49:246,1,2,4353
at:49:190,at:49:246,2,2,3861
at:49:190,at:49:246,71,2,4256
at:49:190,at:49:246,D,1,3245
at:49:190,at:49:246,N25,1,18
at:49:190,at:49:246,N38,1,16
at:49:190,at:49:246,N60,1,16
at:49:190,at:49:246,N66,1,27
at:49:190,at:49:835,57A,1,1431
at:49:190,at:49:975,1,2,4425
at:49:190,at:49:975,2,2,3876
at:49:190,at:49:975,71,2,4254
at:49:190,at:49:975,D,2,3246
at:49:1901,at:49:1892,82A,1,294
at:49:1905,at:49:1906,82A,2,294
at:49:1906,at:49:1898,82A,1,294
at:49:1908,at:49:1395,58A,2,620
at:49:1908,at:49:1935,64A,2,279
at:49:1908,at:49:278,58B,1,622
at:49:1909,at:49:1149,56A,1,350
at:49:1909,at:49:1149,56B,1,323
at:49:1909,at:49:953,56A,2,336
at:49:1909,at:49:953,56B,2,322
at:49:1909,at:49:953,58A,2,258
at:49:1909,at:49:953,58B,2,258
at:49:1910,at:49:1,11,1,4920
at:49:1910,at:49:1,6,1,2294
at:49:1910,at:49:1,N6,1,54
at:49:1910,at:49:1912,D,2,4211
at:49:1910,at:49:382,11,3,4920
at:49:1910,at:49:382,6,2,2294
at:49:1910,at:49:382,71,3,37
at:49:1910,at:49:382,D,3,249
at:49:1910,at:49:382,N6,1,54
at:49:1911,at:49:62,93A,1,496
at:49:1911,at:49:808,93A,1,530
at:49:1912,at:49:1016,D,2,4211
at:49:1912,at:49:1910,71,2,37
at:49:1912,at:49:1910,D,2,4219
at:49:1913,at:49:450,44B,1,416
at:49:1914,at:49:1248,30A,2,818
at:49:1914,at:49:1248,N30,1,32
at:49:1915,at:49:1916,29B,2,832
at:49:1915,at:49:1916,N30,1,32
at:49:1915,at:49:1954,29B,1,832
at:49:1915,at:49:1954,N30,1,32
at:49:1916,at:49:1248,N30,3,32
at:49:1916,at:49:1851,29B,2,832
at:49:1916,at:49:1915,29B,2,832
at:49:1916,at:49:1915,N30,1,32
at:49:1917,at:49:1213,29B,1,832
at:49:1917,at:49:1851,29B,2,832
at:49:1918,at:49:1919,5,1,12
at:49:1918,at:49:1919,O,2,1930
at:49:1918,at:49:941,5,1,12
at:49:1918,at:49:941,O,1,1927
at:49:1919,at:49:1079,12,2,2105
at:49:1919,at:49:1079,O,2,69
at:49:1919,at:49:1918,5,2,12
at:49:1919,at:49:1918,O,2,1927
at:49:1919,at:49:1962,12,2,2075
at:49:192,at:49:1184,1,2,4199
at:49:192,at:49:1184,2,2,33
at:49:192,at:49:1184,71,2,4110
at:49:192,at:49:1184,D,1,3061
at:49:192,at:49:1184,N25,1,18
at:49:192,at:49:1184,N38,1,16
at:49:192,at:49:1184,N60,1,16
at:49:192,at:49:1184,N66,1,27
at:49:192,at:49:246,1,3,1132
at:49:192,at:49:246,71,2,1189
at:49:192,at:49:246,D,3,1358
at:49:192,at:49:994,1,1,3148
at:49:192,at:49:994,2,1,35
at:49:192,at:49:994,71,1,2915
at:49:192,at:49:994,D,1,1705
at:49:1920,at:49:1921,37,1,338
at:49:1920,at:49:1921,40,1,637
at:49:1920,at:49:1921,41,1,658
at:49:1920,at:49:1921,42,1,1518
at:49:1920,at:49:874,37,2,338
at:49:1920,at:49:874,40,2,642
at:49:1920,at:49:874,41,1,663
at:49:1920,at:49:874,42,2,1518
at:49:1921,at:49:1426,37,1,338
at:49:1921,at:49:1426,40,1,637
at:49:1921,at:49:1426,41,1,658
at:49:1921,at:49:1426,42,1,1518
at:49:1921,at:49:1920,37,1,338
at:49:1921,at:49:1920,40,1,642
at:49:1921,at:49:1920,41,1,663
at:49:1921,at:49:1920,42,1,1518
at:49:1922,at:49:1048,25,1,508
at:49:1922,at:49:1048,27,1,1659
at:49:1922,at:49:1048,95A,1,1479
at:49:1922,at:49:1923,97A,1,1058
at:49:1922,at:49:38,85A,1,816
at:49:1922,at:49:38,97A,2,1020
at:49:1922,at:49:596,25,1,508
at:49:1922,at:49:596,27,1,1659
at:49:1922,at:49:596,95A,1,1493
at:49:1923,at:49:1773,97A,1,1058
at:49:1923,at:49:1922,97A,1,1020
at:49:1924,at:49:1655,63A,1,1066
at:49:1924,at:49:1947,63A,1,1030
at:49:1925,at:49:1341,84A,1,711
at:49:1925,at:49:1341,N84,1,14
at:49:1925,at:49:60,84A,1,714
at:49:1925,at:49:60,N84,1,14
at:49:1929,at:49:1930,84A,1,711
at:49:1929,at:49:1930,N84,1,14
at:49:1929,at:49:942,84A,2,714
at:49:1929,at:49:942,N84,2,14
at:49:193,at:49:1168,59A,1,1618
at:49:193,at:49:1168,N62,1,27
at:49:193,at:49:1168,N66,1,27
at:49:193,at:49:1168,N71,1,48
at:49:193,at:49:657,59A,2,1602
at:49:193,at:49:975,N60,5,20
at:49:193,at:49:975,N71,6,43
at:49:1930,at:49:1929,84A,2,714
at:49:1930,at:49:1929,N84,1,14
at:49:1930,at:49:910,84A,3,711
at:49:1930,at:49:910,N84,2,14
at:49:1934,at:49:949,17A,2,374
at:49:1934,at:49:949,68B,1,434
at:49:1934,at:49:949,70A,1,218
at:49:1934,at:49:949,N68,1,25
at:49:1935,at:49:199,62A,2,669
at:49:1935,at:49:199,64A,1,280
at:49:1935,at:49:199,N65,1,96
at:49:1935,at:49:728,62A,1,676
at:49:1935,at:49:728,64A,1,279
at:49:1935,at:49:728,N65,1,106
at:49:1936,at:49:852,N60,2,32
at:49:1936,at:49:854,N60,3,32
at:49:1937,at:49:1171,64A,3,175
at:49:1937,at:49:421,64A,2,176
at:49:1938,at:49:1228,64A,1,64
at:49:1938,at:49:59,64A,1,65
at:49:194,at:49:118,39A,1,663
at:49:194,at:49:224,39A,1,663
at:49:1942,at:49:1943,27B,1,226
at:49:1942,at:49:951,27B,4,226
at:49:1943,at:49:1942,27B,1,226
at:49:1946,at:49:1270,22A,1,513
at:49:1946,at:49:532,22A,1,516
at:49:1947,at:49:1353,63A,3,1030
at:49:1947,at:49:1924,63A,1,1066
at:49:195,at:49:1169,1,2,252
at:49:195,at:49:1169,D,2,3668
at:49:195,at:49:1169,N38,1,58
at:49:195,at:49:1182,1,2,4402
at:49:195,at:49:1182,2,2,33
at:49:195,at:49:1182,3A,2,660
at:49:195,at:49:1182,71,2,4256
at:49:195,at:49:1182,D,2,869
at:49:195,at:49:1182,N25,1,18
at:49:195,at:49:1182,N38,1,16
at:49:195,at:49:1182,N60,1,16
at:49:195,at:49:1182,N66,1,27
at:49:195,at:49:1184,1,2,4431
at:49:195,at:49:1184,2,2,42
at:49:195,at:49:1184,40A,1,1058
at:49:195,at:49:1184,71,2,4254
at:49:195,at:49:1184,D,2,3246
at:49:1954,at:49:1398,29B,1,832
at:49:1954,at:49:1398,N30,1,32
at:49:1954,at:49:1915,29B,1,832
at:49:1954,at:49:1915,N30,1,32
at:49:1955,at:49:1408,28A,1,378
at:49:1955,at:49:1408,85A,1,806
at:49:1955,at:49:1675,28A,1,388
at:49:1956,at:49:1451,29B,1,853
at:49:1956,at:49:1451,N25,1,16
at:49:1956,at:49:454,29B,1,837
at:49:196,at:49:975,1,2,357
at:49:1960,at:49:385,53A,1,348
at:49:1961,at:49:1329,20B,1,146
at:49:1961,at:49:1485,20A,1,808
at:49:1961,at:49:1733,20A,1,789
at:49:1961,at:49:640,20B,2,146
at:49:1962,at:49:1433,12,3,2075
at:49:1962,at:49:1919,12,2,2064
at:49:1963,at:49:1969,25,2,508
at:49:1963,at:49:1969,27,1,1659
at:49:1963,at:49:596,25,2,508
at:49:1963,at:49:596,27,2,1659
at:49:1964,at:49:1969,25,1,508
at:49:1964,at:49:1969,27,1,1659
at:49:1964,at:49:862,95A,2,344
at:49:1964,at:49:910,25,2,508
at:49:1964,at:49:910,27,2,1659
at:49:1964,at:49:910,95A,2,340
at:49:1966,at:49:1967,89A,1,279
at:49:1966,at:49:1967,99A,1,219
at:49:1966,at:49:1967,99B,1,215
at:49:1966,at:49:910,89A,2,283
at:49:1966,at:49:910,99A,2,215
at:49:1966,at:49:910,99B,2,219
at:49:1967,at:49:1221,89A,1,279
at:49:1967,at:49:1221,99A,1,219
at:49:1967,at:49:1221,99B,1,215
at:49:1967,at:49:1966,89A,1,283
at:49:1967,at:49:1966,99A,1,215
at:49:1967,at:49:1966,99B,1,219
at:49:1968,at:49:1769,N75,1,18
at:49:1969,at:49:1963,25,1,508
at:49:1969,at:49:1963,27,1,1659
at:49:1969,at:49:1964,25,1,508
at:49:1969,at:49:1964,27,2,1659
at:49:197,at:49:1428,48A,1,2252
at:49:197,at:49:440,9,1,1570
at:49:197,at:49:704,9,3,1570
at:49:1970,at:49:263,29B,2,837
at:49:1970,at:49:893,29B,1,853
at:49:1971,at:49:1264,76A,1,348
at:49:1971,at:49:1264,76B,1,190
at:49:1972,at:49:743,N75,3,18
at:49:1973,at:49:299,U2,1,2154
at:49:1973,at:49:487,U2,1,2199
at:49:1975,at:49:722,N67,1,27
at:49:1977,at:49:1465,19A,1,273
at:49:1978,at:49:1894,18,1,597
at:49:1979,at:49:1145,2A,2,136
at:49:1979,at:49:1365,2A,1,136
at:49:198,at:49:1656,N61,1,16
at:49:198,at:49:478,N61,1,18
at:49:1980,at:49:1102,3A,1,138
at:49:1981,at:49:1980,3A,1,138
at:49:1981,at:49:1982,3A,1,140
at:49:1982,at:49:1981,3A,2,138
at:49:1982,at:49:1983,3A,1,140
at:49:1983,at:49:1193,3A,1,140
at:49:1983,at:49:1982,3A,1,138
at:49:1984,at:49:1099,10A,1,447
at:49:1984,at:49:1099,42A,1,358
at:49:1984,at:49:217,10A,1,446
at:49:1984,at:49:217,42A,1,356
at:49:1985,at:49:396,57A,1,720
at:49:1985,at:49:662,57A,2,720
at:49:1986,at:49:1275,57A,1,422
at:49:1986,at:49:436,57A,2,422
at:49:199,at:49:174,62A,2,669
at:49:199,at:49:174,N65,2,96
at:49:199,at:49:1935,62A,1,676
at:49:199,at:49:1935,N65,1,106
at:49:199,at:49:570,64A,1,280
at:49:2,at:49:574,32A,1,1267
at:49:2,at:49:758,32A,1,1415
at:49:20,at:49:1022,2A,1,581
at:49:20,at:49:734,2A,1,572
at:49:200,at:49:189,43B,1,55
at:49:200,at:49:189,52A,1,188
at:49:200,at:49:189,52B,1,160
at:49:200,at:49:355,43B,1,55
at:49:200,at:49:355,52A,1,188
at:49:200,at:49:355,52B,1,160
at:49:2003,at:49:322,50A,1,656
at:49:2003,at:49:322,50B,1,196
at:49:2004,at:49:323,50A,3,662
at:49:2004,at:49:459,50A,1,656
at:49:2004,at:49:459,N49,1,54
at:49:2006,at:49:270,73A,1,1432
at:49:2006,at:49:270,N71,1,86
at:49:2006,at:49:571,73A,1,1423
at:49:2006,at:49:571,N71,1,98
at:49:202,at:49:29,37,2,493
at:49:202,at:49:29,38,2,1208
at:49:202,at:49:950,37,2,493
at:49:202,at:49:950,38,2,1208
at:49:202,at:49:950,N38,2,58
at:49:203,at:49:1192,36A,1,228
at:49:203,at:49:1192,36B,2,286
at:49:203,at:49:388,30,2,1565
at:49:203,at:49:388,31,2,2381
at:49:203,at:49:388,N31,1,24
at:49:203,at:49:431,30,2,1565
at:49:203,at:49:431,31,2,2381
at:49:203,at:49:431,N31,1,21
at:49:204,at:49:59,61A,1,264
at:49:204,at:49:726,61A,1,253
at:49:204,at:49:774,60A,2,409
at:49:204,at:49:92,60A,2,409
at:49:206,at:49:1142,35A,1,1346
at:49:206,at:49:1142,N35,1,32
at:49:206,at:49:672,43B,2,55
at:49:206,at:49:931,35A,1,1320
at:49:206,at:49:931,43B,1,55
at:49:206,at:49:931,N35,1,32
at:49:207,at:49:1496,79A,1,391
at:49:207,at:49:1496,79B,1,12
at:49:207,at:49:354,79A,1,440
at:49:207,at:49:354,79B,2,23
at:49:208,at:49:251,10A,2,1726
at:49:209,at:49:1436,38A,4,1485
at:49:209,at:49:1800,43A,5,172
at:49:209,at:49:713,38A,2,1217
at:49:21,at:49:369,25,2,1197
at:49:21,at:49:369,26,2,1241
at:49:21,at:49:369,26E,3,853
at:49:21,at:49:369,27,2,1620
at:49:21,at:49:369,N20,1,80
at:49:21,at:49:607,25,2,1197
at:49:21,at:49:607,26,2,1241
at:49:21,at:49:607,26E,3,848
at:49:21,at:49:607,27,2,1620
at:49:21,at:49:607,N20,1,97
at:49:210,at:49:1436,38A,1,1958
at:49:210,at:49:312,38A,1,1958
at:49:211,at:49:1349,1,2,120
at:49:211,at:49:1349,18,2,612
at:49:211,at:49:1349,O,2,1982
at:49:211,at:49:136,1,2,75
at:49:211,at:49:136,18,2,571
at:49:211,at:49:136,O,2,1982
at:49:212,at:49:1761,65A,4,16
at:49:212,at:49:183,16A,1,314
at:49:212,at:49:183,65A,1,16
at:49:212,at:49:183,N65,1,60
at:49:212,at:49:444,16A,2,446
at:49:212,at:49:444,N65,2,36
at:49:212,at:49:681,16A,1,732
at:49:212,at:49:681,N65,1,106
at:49:213,at:49:1144,3A,1,644
at:49:214,at:49:1128,66A,2,1359
at:49:214,at:49:1128,N66,2,72
at:49:214,at:49:793,66A,1,1383
at:49:214,at:49:793,N66,1,63
at:49:215,at:49:1509,37A,1,156
at:49:215,at:49:1509,40A,1,1084
at:49:215,at:49:420,37A,1,154
at:49:215,at:49:420,40A,1,1090
at:49:216,at:49:564,49A,1,728
at:49:216,at:49:74,50B,1,196
at:49:217,at:49:1099,10A,2,1360
at:49:217,at:49:1099,42A,2,669
at:49:217,at:49:1397,10A,4,98
at:49:217,at:49:1984,10A,1,447
at:49:217,at:49:1984,42A,1,358
at:49:217,at:49:393,10A,2,1726
at:49:217,at:49:393,42A,1,2049
at:49:217,at:49:976,42A,1,1022
at:49:218,at:49:249,32A,1,1267
at:49:218,at:49:574,32A,1,1364
at:49:219,at:49:169,5A,1,558
at:49:219,at:49:500,5A,2,559
at:49:22,at:49:555,89A,1,283
at:49:220,at:49:1120,92B,1,472
at:49:220,at:49:676,92B,1,472
at:49:221,at:49:290,92A,1,1040
at:49:221,at:49:290,92B,2,376
at:49:221,at:49:290,N90,1,16
at:49:221,at:49:917,92A,1,1044
at:49:221,at:49:917,92B,1,386
at:49:221,at:49:917,N90,1,14
at:49:222,at:49:624,93A,1,530
at:49:222,at:49:808,93A,1,496
at:49:223,at:49:1093,89A,1,283
at:49:223,at:49:555,89A,1,279
at:49:224,at:49:1153,39A,1,663
at:49:224,at:49:194,39A,1,663
at:49:225,at:49:1060,1,1,5150
at:49:225,at:49:1060,62,1,305
at:49:225,at:49:117,7A,1,707
at:49:225,at:49:1392,1,1,5154
at:49:225,at:49:1392,62,1,305
at:49:225,at:49:1740,7A,1,707
at:49:226,at:49:422,98A,1,596
at:49:227,at:49:1001,58B,1,610
at:49:227,at:49:257,58B,1,622
at:49:229,at:49:1511,37A,1,864
at:49:229,at:49:1666,N8,1,18
at:49:229,at:49:692,37A,1,870
at:49:229,at:49:692,N8,1,18
at:49:23,at:49:1705,11A,1,2941
at:49:23,at:49:1705,5A,2,567
at:49:23,at:49:280,11A,1,2908
at:49:23,at:49:280,5A,1,558
at:49:23,at:49:363,N8,6,18
at:49:231,at:49:163,65A,1,16
at:49:231,at:49:552,65A,1,16
at:49:232,at:49:1738,27A,1,463
at:49:232,at:49:271,27A,1,465
at:49:232,at:49:623,31A,1,1088
at:49:232,at:49:773,31A,1,1088
at:49:233,at:49:1176,52,4,1
at:49:233,at:49:1176,60,4,99
at:49:233,at:49:1466,10,1,1402
at:49:233,at:49:1466,N54,1,54
at:49:233,at:49:408,10,2,45
at:49:233,at:49:408,52,2,57
at:49:233,at:49:408,60,2,1289
at:49:233,at:49:408,N60,2,48
at:49:233,at:49:520,10,3,1447
at:49:233,at:49:520,52,2,56
at:49:233,at:49:520,60,2,1190
at:49:233,at:49:520,N60,2,48
at:49:234,at:49:1433,N25,2,18
at:49:234,at:49:1433,U1,2,4944
at:49:234,at:49:641,N25,1,16
at:49:234,at:49:641,U1,1,4958
at:49:235,at:49:363,12,2,6
at:49:235,at:49:363,30,2,2
at:49:235,at:49:363,31,2,2336
at:49:235,at:49:363,5,2,19
at:49:235,at:49:554,12,1,6
at:49:235,at:49:554,30,2,2
at:49:235,at:49:554,31,1,2336
at:49:235,at:49:554,5,1,19
at:49:236,at:49:1031,25,2,1752
at:49:236,at:49:1031,26,2,111
at:49:236,at:49:1031,26A,2,2393
at:49:236,at:49:1031,N20,2,82
at:49:236,at:49:568,26A,2,2393
at:49:236,at:49:568,N20,2,81
at:49:236,at:49:81,25,2,1752
at:49:236,at:49:81,26,1,111
at:49:238,at:49:568,26A,2,2393
at:49:238,at:49:568,N20,1,82
at:49:238,at:49:627,22A,2,438
at:49:238,at:49:627,25,2,1752
at:49:238,at:49:627,26,2,111
at:49:238,at:49:627,26A,1,2393
at:49:238,at:49:627,93A,1,638
at:49:238,at:49:627,94A,2,548
at:49:238,at:49:627,N20,1,81
at:49:238,at:49:627,N25,1,16
at:49:238,at:49:631,25,1,1752
at:49:238,at:49:631,26,2,111
at:49:238,at:49:631,N25,1,18
at:49:239,at:49:1151,29A,1,946
at:49:239,at:49:1151,N25,1,18
at:49:239,at:49:748,29A,1,946
at:49:239,at:49:748,N25,1,16
at:49:24,at:49:1540,32A,1,1364
at:49:24,at:49:546,32A,1,1267
at:49:240,at:49:46,56A,2,4
at:49:240,at:49:46,58B,2,622
at:49:240,at:49:906,56A,1,4
at:49:240,at:49:906,58B,1,620
at:49:241,at:49:450,43,2,2094
at:49:241,at:49:450,43A,2,721
at:49:241,at:49:450,44A,2,639
at:49:241,at:49:450,N43,2,94
at:49:241,at:49:515,44A,2,639
at:49:241,at:49:525,43,1,2094
at:49:241,at:49:525,43A,2,723
at:49:241,at:49:525,N43,2,94
at:49:242,at:49:1498,56A,1,573
at:49:242,at:49:952,56A,1,549
at:49:243,at:49:275,52B,1,160
at:49:243,at:49:668,52B,1,160
at:49:244,at:49:341,11A,1,2037
at:49:244,at:49:341,N29,1,74
at:49:244,at:49:569,N29,3,68
at:49:244,at:49:897,11A,2,2049
at:49:245,at:49:1102,3A,1,522
at:49:245,at:49:1193,N25,2,18
at:49:245,at:49:1193,N38,2,16
at:49:245,at:49:1193,N60,2,16
at:49:245,at:49:1193,N66,2,27
at:49:245,at:49:1193,N75,2,16
at:49:245,at:49:1320,U3,1,6844
at:49:245,at:49:1460,1,2,846
at:49:245,at:49:1460,2,2,4003
at:49:245,at:49:1460,71,2,8
at:49:245,at:49:1460,D,1,869
at:49:245,at:49:619,1,2,844
at:49:245,at:49:619,2,2,4018
at:49:245,at:49:619,D,2,864
at:49:245,at:49:743,74A,2,1947
at:49:245,at:49:743,U3,1,6846
at:49:246,at:49:1072,1,4,4
at:49:246,at:49:1072,2,4,1877
at:49:246,at:49:1430,48A,1,2226
at:49:246,at:49:1430,49,2,3223
at:49:246,at:49:1430,52,3,477
at:49:246,at:49:1430,N46,1,37
at:49:246,at:49:190,1,1,4425
at:49:246,at:49:190,2,2,3876
at:49:246,at:49:190,71,2,4254
at:49:246,at:49:190,D,1,3246
at:49:246,at:49:192,1,2,1111
at:49:246,at:49:192,71,2,1189
at:49:246,at:49:192,D,3,1355
at:49:246,at:49:192,N25,1,18
at:49:246,at:49:192,N38,1,16
at:49:246,at:49:192,N60,1,16
at:49:246,at:49:192,N66,1,27
at:49:246,at:49:777,46,2,2228
at:49:246,at:49:777,N46,1,54
at:49:246,at:49:994,1,1,3238
at:49:246,at:49:994,2,1,2469
at:49:246,at:49:994,71,1,3067
at:49:246,at:49:994,D,2,1890
at:49:247,at:49:774,60A,1,1
at:49:247,at:49:774,62A,1,676
at:49:247,at:49:774,N65,1,106
at:49:247,at:49:788,61A,2,264
at:49:247,at:49:788,62A,3,675
at:49:247,at:49:788,64A,2,64
at:49:247,at:49:788,N65,2,96
at:49:248,at:49:1602,56A,1,549
at:49:248,at:49:1602,56B,1,643
at:49:248,at:49:1602,N62,1,16
at:49:248,at:49:1782,56A,1,573
at:49:248,at:49:595,56B,1,633
at:49:248,at:49:595,N62,1,16
at:49:249,at:49:1540,32A,1,1267
at:49:249,at:49:218,32A,1,1364
at:49:25,at:49:351,49A,2,728
at:49:250,at:49:119,34A,1,827
at:49:250,at:49:186,36A,1,218
at:49:250,at:49:186,36B,1,286
at:49:250,at:49:366,34A,1,829
at:49:2500,at:49:1058,11,2,77
at:49:2500,at:49:1058,6,2,158
at:49:2500,at:49:914,1,1,157
at:49:2500,at:49:914,18,1,11
at:49:2500,at:49:914,6,1,58
at:49:2503,at:49:1510,37,3,10
at:49:2503,at:49:1510,38,3,10
at:49:2503,at:49:1510,40,3,92
at:49:2503,at:49:1510,41,3,116
at:49:2503,at:49:1510,42,2,59
at:49:2503,at:49:950,1,3,242
at:49:2503,at:49:950,37,2,42
at:49:2503,at:49:950,38,3,84
at:49:2503,at:49:950,D,2,284
at:49:251,at:49:1397,10A,2,1726
at:49:251,at:49:144,10A,1,1744
at:49:251,at:49:153,40A,1,1138
at:49:251,at:49:803,37A,1,156
at:49:251,at:49:803,40A,1,1084
at:49:252,at:49:540,37,1,862
at:49:253,at:49:557,40A,1,1084
at:49:254,at:49:493,5B,1,1321
at:49:254,at:49:692,5B,2,1337
at:49:255,at:49:391,99A,1,219
at:49:255,at:49:391,99B,1,215
at:49:255,at:49:939,99A,1,215
at:49:255,at:49:939,99B,1,219
at:49:256,at:49:1579,72A,2,116
at:49:256,at:49:319,72A,1,112
at:49:256,at:49:319,76B,1,2
at:49:257,at:49:227,58B,2,610
at:49:257,at:49:49,58B,1,622
at:49:258,at:49:1398,29A,1,946
at:49:258,at:49:1516,29A,1,946
at:49:259,at:49:189,52A,1,188
at:49:26,at:49:393,37,3,338
at:49:26,at:49:393,40,3,2286
at:49:26,at:49:502,37,1,338
at:49:26,at:49:502,40,1,2286
at:49:260,at:49:1135,26,2,817
at:49:260,at:49:1135,27,2,2506
at:49:260,at:49:1135,32A,2,1263
at:49:260,at:49:1135,N20,1,88
at:49:260,at:49:1335,32A,2,1331
at:49:261,at:49:59,64A,1,64
at:49:261,at:49:796,64A,1,65
at:49:262,at:49:1490,10A,2,1807
at:49:262,at:49:508,10A,1,1824
at:49:263,at:49:1970,29B,2,853
at:49:263,at:49:305,29B,2,832
at:49:264,at:49:1508,15A,1,1230
at:49:264,at:49:1508,7A,1,707
at:49:264,at:49:1508,N62,1,27
at:49:264,at:49:1683,63A,2,1074
at:49:264,at:49:53,15A,2,1230
at:49:264,at:49:53,7A,3,707
at:49:264,at:49:53,N62,2,23
at:49:266,at:49:625,52A,1,188
at:49:267,at:49:1232,12A,1,743
at:49:267,at:49:296,N6,2,27
at:49:267,at:49:77,18,2,4066
at:49:267,at:49:77,6,2,2166
at:49:267,at:49:77,N6,1,54
at:49:267,at:49:844,18,2,21
at:49:267,at:49:844,6,3,23
at:49:267,at:49:844,62,2,1747
at:49:267,at:49:844,BB,2,1449
at:49:267,at:49:849,18,2,4087
at:49:267,at:49:849,6,2,2189
at:49:267,at:49:849,62,2,1747
at:49:267,at:49:849,BB,2,1449
at:49:267,at:49:849,N6,2,27
at:49:268,at:49:1220,54B,1,146
at:49:268,at:49:385,54A,1,147
at:49:268,at:49:66,54A,1,148
at:49:268,at:49:66,54B,1,147
at:49:269,at:49:1086,59A,2,1701
at:49:269,at:49:77,59A,2,1701
at:49:27,at:49:178,43,2,3052
at:49:27,at:49:178,N43,2,86
at:49:27,at:49:2912,43,2,24
at:49:27,at:49:615,N8,3,22
at:49:27,at:49:615,U6,1,13380
at:49:27,at:49:874,N8,2,20
at:49:27,at:49:874,U6,1,13373
at:49:27,at:49:988,2,1,7
at:49:27,at:49:988,43,1,3076
at:49:27,at:49:988,N43,2,86
at:49:270,at:49:2006,73A,1,1423
at:49:270,at:49:2006,N71,1,98
at:49:270,at:49:684,73A,1,1432
at:49:270,at:49:684,N71,1,86
at:49:271,at:49:1690,29A,1,946
at:49:271,at:49:771,27A,1,465
at:49:271,at:49:771,28A,1,382
at:49:271,at:49:771,29A,1,946
at:49:271,at:49:773,27A,1,463
at:49:272,at:49:1095,N68,2,22
at:49:272,at:49:1441,68A,2,435
at:49:272,at:49:1441,68B,2,437
at:49:272,at:49:1787,68A,1,434
at:49:272,at:49:1787,68B,1,434
at:49:272,at:49:1787,N68,1,25
at:49:273,at:49:1244,93A,1,638
at:49:273,at:49:1244,N90,1,16
at:49:273,at:49:329,93A,1,648
at:49:273,at:49:329,N90,1,14
at:49:274,at:49:1892,N81,2,27
at:49:274,at:49:1893,82A,2,294
at:49:274,at:49:523,11A,2,2900
at:49:274,at:49:974,11A,1,1994
at:49:274,at:49:974,N81,1,27
at:49:275,at:49:243,52B,1,160
at:49:275,at:49:449,52B,1,160
at:49:276,at:49:1115,2,2,7
at:49:276,at:49:1115,43,2,3076
at:49:276,at:49:1115,9,2,1596
at:49:276,at:49:1115,N43,2,86
at:49:276,at:49:149,9,1,1596
at:49:276,at:49:988,43,2,3076
at:49:276,at:49:988,N43,2,84
at:49:277,at:49:267,12A,1,738
at:49:278,at:49:1000,58A,1,626
at:49:278,at:49:1000,58B,1,1244
at:49:278,at:49:1134,56A,1,541
at:49:278,at:49:1395,56A,1,4
at:49:279,at:49:280,11A,2,2941
at:49:279,at:49:547,11A,1,2908
at:49:28,at:49:1126,9A,1,574
at:49:28,at:49:1249,9A,1,579
at:49:280,at:49:1385,37A,1,870
at:49:280,at:49:1385,5A,1,558
at:49:280,at:49:23,11A,1,2941
at:49:280,at:49:23,5A,1,567
at:49:280,at:49:279,11A,2,2908
at:49:281,at:49:1026,26A,1,2374
at:49:281,at:49:1026,88A,1,106
at:49:281,at:49:1026,N20,1,51
at:49:281,at:49:441,26A,1,2374
at:49:281,at:49:441,88A,1,106
at:49:281,at:49:441,N20,1,47
at:49:282,at:49:1039,77A,1,1166
at:49:282,at:49:1039,78A,1,315
at:49:282,at:49:1039,79A,1,440
at:49:282,at:49:1039,79B,1,162
at:49:282,at:49:1039,N81,1,27
at:49:282,at:49:1894,U2,2,5043
at:49:282,at:49:1894,U2E,4,20
at:49:282,at:49:1895,77A,1,423
at:49:282,at:49:1895,78A,1,315
at:49:282,at:49:1895,79A,1,446
at:49:282,at:49:1895,79B,1,162
at:49:282,at:49:1895,N81,1,27
at:49:282,at:49:290,U2,1,5196
at:49:282,at:49:821,77A,10,833
at:49:283,at:49:1199,77A,2,1464
at:49:283,at:49:1968,N75,1,18
at:49:283,at:49:765,77A,1,1469
at:49:283,at:49:765,N75,1,16
at:49:285,at:49:1007,U6,1,13372
at:49:285,at:49:1499,U6,1,12839
at:49:286,at:49:136,14A,1,1618
at:49:286,at:49:307,14A,2,1618
at:49:287,at:49:1202,38,1,343
at:49:287,at:49:1202,41,1,2426
at:49:287,at:49:1202,N41,1,56
at:49:287,at:49:1397,38,1,343
at:49:287,at:49:1397,41,2,2426
at:49:287,at:49:1397,N41,1,56
at:49:288,at:49:1031,25,1,1752
at:49:288,at:49:1031,26,1,111
at:49:288,at:49:1031,26A,1,2393
at:49:288,at:49:1031,N20,1,81
at:49:288,at:49:1289,86A,1,531
at:49:288,at:49:1289,87A,1,152
at:49:288,at:49:1289,95A,1,1423
at:49:288,at:49:1289,96A,1,74
at:49:288,at:49:1292,94A,1,542
at:49:288,at:49:1292,N90,1,14
at:49:288,at:49:701,25,2,1752
at:49:288,at:49:701,26,1,111
at:49:288,at:49:701,26A,2,2393
at:49:288,at:49:701,N20,1,82
at:49:289,at:49:1199,U3,1,6844
at:49:289,at:49:1749,U3,1,6890
at:49:289,at:49:1769,N75,1,16
at:49:289,at:49:1770,N75,1,18
at:49:29,at:49:112,40A,2,1058
at:49:29,at:49:112,N41,1,18
at:49:29,at:49:1288,12,2,1746
at:49:29,at:49:1288,37,2,493
at:49:29,at:49:1288,38,2,1208
at:49:29,at:49:1288,5,2,1673
at:49:29,at:49:1510,40A,3,1063
at:49:29,at:49:1510,N41,2,18
at:49:29,at:49:202,37,1,493
at:49:29,at:49:202,38,1,1208
at:49:29,at:49:202,N38,1,58
at:49:29,at:49:345,12,2,1742
at:49:29,at:49:345,5,2,1673
at:49:290,at:49:1299,U2,2,5196
at:49:290,at:49:221,92A,2,1044
at:49:290,at:49:221,92B,2,386
at:49:290,at:49:221,N90,2,14
at:49:290,at:49:282,U2,2,5044
at:49:290,at:49:329,93A,2,638
at:49:290,at:49:329,N90,2,16
at:49:290,at:49:642,92A,1,644
at:49:290,at:49:642,93A,1,520
at:49:290,at:49:642,N91,1,18
at:49:290,at:49:683,92B,2,472
at:49:291,at:49:139,44A,1,639
at:49:291,at:49:1445,44A,1,639
at:49:2912,at:49:27,43,1,24
at:49:292,at:49:1061,74A,1,1994
at:49:292,at:49:110,74A,1,1994
at:49:292,at:49:1728,77A,1,1464
at:49:2924,at:49:708,66A,1,40
at:49:2924,at:49:761,66A,3,26
at:49:293,at:49:1018,13A,2,3620
at:49:293,at:49:1018,14A,2,1599
at:49:293,at:49:1018,N71,2,50
at:49:293,at:49:529,57A,1,1133
at:49:293,at:49:56,13A,2,3624
at:49:293,at:49:56,14A,1,1229
at:49:293,at:49:56,N71,2,48
at:49:293,at:49:662,14A,1,370
at:49:293,at:49:662,57A,1,1732
at:49:294,at:49:1525,71A,1,386
at:49:294,at:49:1525,71B,1,30
at:49:294,at:49:1525,71E,1,20
at:49:294,at:49:1525,N71,1,88
at:49:294,at:49:1684,73B,1,844
at:49:294,at:49:1780,71B,1,30
at:49:294,at:49:1780,73B,1,844
at:49:295,at:49:33,15A,3,1250
at:49:295,at:49:761,15A,2,1241
at:49:2953,at:49:14,67A,2,230
at:49:2953,at:49:14,67B,2,192
at:49:2954,at:49:177,68B,1,434
at:49:2954,at:49:177,N68,1,25
at:49:2954,at:49:315,68B,2,437
at:49:2954,at:49:315,N68,1,22
at:49:296,at:49:307,14A,1,1618
at:49:296,at:49:307,N6,2,27
at:49:297,at:49:1166,88B,1,351
at:49:297,at:49:1662,26A,1,2374
at:49:297,at:49:1662,88A,1,106
at:49:297,at:49:1662,99A,1,215
at:49:297,at:49:1662,99B,1,219
at:49:297,at:49:1662,N20,1,47
at:49:297,at:49:1724,98A,1,596
at:49:297,at:49:682,26A,1,2393
at:49:297,at:49:682,88A,2,106
at:49:297,at:49:682,88B,2,351
at:49:297,at:49:682,98A,2,796
at:49:297,at:49:682,N20,2,81
at:49:298,at:49:1724,99A,1,219
at:49:298,at:49:1724,99B,1,215
at:49:298,at:49:391,99A,1,215
at:49:298,at:49:391,99B,1,219
at:49:298,at:49:4,98A,1,596
at:49:299,at:49:1278,U2,1,5040
at:49:299,at:49:1537,26A,1,2393
at:49:299,at:49:1973,U2,1,2199
at:49:299,at:49:318,84A,2,703
at:49:299,at:49:318,97A,3,1046
at:49:299,at:49:477,22A,2,1948
at:49:299,at:49:487,U2,2,1154
at:49:299,at:49:958,26A,2,2393
at:49:299,at:49:958,93A,2,496
at:49:299,at:49:958,97A,2,12
at:49:299,at:49:958,98A,3,780
at:49:3,at:49:856,19A,1,273
at:49:30,at:49:1312,15A,1,1230
at:49:30,at:49:1312,65A,1,464
at:49:300,at:49:1346,1,2,104
at:49:300,at:49:1346,18,2,4653
at:49:300,at:49:1346,O,2,1927
at:49:300,at:49:400,18,2,4653
at:49:300,at:49:736,1,1,153
at:49:300,at:49:736,O,1,1927
at:49:301,at:49:439,D,1,4373
at:49:301,at:49:468,D,1,4359
at:49:301,at:49:491,N36,1,57
at:49:302,at:49:1084,46,1,15
at:49:302,at:49:1084,49,1,153
at:49:302,at:49:1084,52,2,1771
at:49:302,at:49:1084,60,1,21
at:49:302,at:49:55,46,2,15
at:49:302,at:49:55,49,2,162
at:49:302,at:49:55,52,2,1771
at:49:302,at:49:55,60,1,21
at:49:303,at:49:953,56A,2,350
at:49:303,at:49:953,56B,2,323
at:49:303,at:49:953,8A,1,545
at:49:304,at:49:253,40A,1,1084
at:49:305,at:49:1213,29B,1,832
at:49:305,at:49:263,29B,1,832
at:49:306,at:49:1154,14A,1,1618
at:49:306,at:49:1233,12A,3,743
at:49:306,at:49:277,12A,1,738
at:49:307,at:49:286,14A,1,1618
at:49:307,at:49:849,14A,2,1618
at:49:307,at:49:849,N6,1,27
at:49:307,at:49:914,N6,1,27
at:49:309,at:49:428,38A,1,2033
at:49:309,at:49:80,38A,1,2033
at:49:31,at:49:185,20B,1,146
at:49:31,at:49:618,N25,1,18
at:49:31,at:49:627,U1,1,4958
at:49:31,at:49:631,N25,1,16
at:49:31,at:49:641,20A,5,19
at:49:31,at:49:641,U1,1,4944
at:49:311,at:49:1758,46B,1,534
at:49:311,at:49:1796,52B,4,21
at:49:311,at:49:509,46A,1,581
at:49:312,at:49:210,38A,1,1958
at:49:312,at:49:963,38A,1,1958
at:49:314,at:49:1260,11,2,3918
at:49:314,at:49:1260,71,2,6001
at:49:314,at:49:1260,71E,2,20
at:49:314,at:49:1260,D,2,249
at:49:314,at:49:1260,N71,1,98
at:49:314,at:49:1463,11,2,3882
at:49:314,at:49:1463,71,2,6429
at:49:314,at:49:1463,71E,1,22
at:49:314,at:49:1463,N71,1,86
at:49:315,at:49:2954,68B,1,434
at:49:315,at:49:2954,N68,1,25
at:49:315,at:49:721,68A,1,435
at:49:315,at:49:721,68B,1,437
at:49:315,at:49:721,N68,1,22
at:49:315,at:49:729,68A,1,434
at:49:316,at:49:1610,92B,1,21
at:49:316,at:49:809,92B,1,451
at:49:316,at:49:954,92B,1,472
at:49:317,at:49:318,84A,1,714
at:49:317,at:49:880,84A,1,703
at:49:317,at:49:880,N84,1,14
at:49:317,at:49:958,N84,1,14
at:49:318,at:49:1646,97A,1,1046
at:49:318,at:49:299,84A,2,714
at:49:318,at:49:317,84A,1,703
at:49:319,at:49:256,72A,1,116
at:49:319,at:49:324,72A,1,112
at:49:319,at:49:324,76B,1,2
at:49:32,at:49:1212,9A,1,574
at:49:320,at:49:1301,79A,1,446
at:49:320,at:49:1301,79B,1,159
at:49:320,at:49:182,79A,1,440
at:49:320,at:49:182,79B,1,162
at:49:320,at:49:1867,79B,3,3
at:49:321,at:49:1388,67A,1,182
at:49:321,at:49:1388,67B,1,241
at:49:322,at:49:1402,50B,3,196
at:49:322,at:49:2004,50A,3,656
at:49:323,at:49:2003,50A,1,656
at:49:323,at:49:2003,50B,1,196
at:49:324,at:49:1070,76B,1,2
at:49:324,at:49:319,72A,1,116
at:49:324,at:49:465,72A,2,112
at:49:325,at:49:495,31A,1,1116
at:49:329,at:49:273,93A,1,638
at:49:329,at:49:273,N90,1,16
at:49:329,at:49:290,93A,2,648
at:49:329,at:49:290,N90,2,14
at:49:33,at:49:14,N67,3,27
at:49:33,at:49:14,U1,2,4946
at:49:33,at:49:1573,N67,3,9
at:49:33,at:49:1573,U1,2,4954
at:49:33,at:49:295,15A,3,1241
at:49:33,at:49:928,15A,2,1250
at:49:330,at:49:1422,10,1,1402
at:49:330,at:49:1422,N54,2,54
at:49:330,at:49:1466,10,1,1402
at:49:331,at:49:1245,15A,1,1250
at:49:331,at:49:928,15A,1,1246
at:49:332,at:49:1463,69A,2,642
at:49:332,at:49:1463,N71,1,98
at:49:332,at:49:390,73A,2,1423
at:49:332,at:49:40,73A,1,1432
at:49:332,at:49:40,N71,1,86
at:49:332,at:49:800,69A,1,631
at:49:333,at:49:19,12,1,1746
at:49:333,at:49:19,5,1,1673
at:49:333,at:49:753,12,1,1742
at:49:333,at:49:753,5,1,1673
at:49:334,at:49:1186,12,3,6
at:49:334,at:49:1186,26,3,45
at:49:334,at:49:1186,27,3,69
at:49:334,at:49:1186,30,3,1508
at:49:334,at:49:1186,31,3,2398
at:49:334,at:49:1186,5,3,19
at:49:334,at:49:1186,N31,2,26
at:49:334,at:49:1668,U6,2,13329
at:49:334,at:49:50,26,2,783
at:49:334,at:49:50,27,2,2401
at:49:334,at:49:50,N20,1,90
at:49:334,at:49:551,25,2,1197
at:49:334,at:49:551,26,2,1241
at:49:334,at:49:551,26E,2,848
at:49:334,at:49:551,27,2,1620
at:49:334,at:49:551,N20,2,97
at:49:334,at:49:848,12,2,6
at:49:334,at:49:848,30,2,2
at:49:334,at:49:848,31,2,2336
at:49:334,at:49:848,33A,1,184
at:49:334,at:49:848,34A,1,827
at:49:334,at:49:848,5,2,19
at:49:334,at:49:848,N29,1,68
at:49:334,at:49:848,N31,1,27
at:49:334,at:49:995,29A,1,946
at:49:334,at:49:995,29B,2,832
at:49:334,at:49:995,N30,1,32
at:49:336,at:49:1108,35A,1,1346
at:49:336,at:49:1108,N35,1,32
at:49:336,at:49:723,35A,1,1320
at:49:336,at:49:723,N35,1,32
at:49:337,at:49:1143,26A,1,2393
at:49:337,at:49:1143,N20,1,81
at:49:337,at:49:751,26A,1,2393
at:49:337,at:49:751,N20,1,82
at:49:338,at:49:114,47A,1,586
at:49:338,at:49:1382,47A,1,586
at:49:339,at:49:764,51A,1,1008
at:49:339,at:49:846,51A,1,1008
at:49:34,at:49:345,1,2,242
at:49:34,at:49:345,12,2,313
at:49:34,at:49:345,31,2,18
at:49:34,at:49:345,5,2,315
at:49:34,at:49:345,D,2,3674
at:49:34,at:49:99,1,1,252
at:49:34,at:49:99,12,1,313
at:49:34,at:49:99,31,1,18
at:49:34,at:49:99,5,1,315
at:49:34,at:49:99,D,1,3668
at:49:341,at:49:244,11A,1,2049
at:49:341,at:49:244,N29,1,68
at:49:341,at:49:781,11A,1,2037
at:49:341,at:49:781,N29,1,74
at:49:342,at:49:1120,92B,1,472
at:49:342,at:49:990,92B,1,472
at:49:343,at:49:1255,60,2,1362
at:49:343,at:49:1255,N60,1,48
at:49:343,at:49:1417,N60,2,16
at:49:343,at:49:853,56A,2,567
at:49:343,at:49:854,56A,2,541
at:49:343,at:49:854,60,1,1362
at:49:343,at:49:854,N60,2,32
at:49:344,at:49:1403,7A,2,707
at:49:344,at:49:1740,7A,1,707
at:49:345,at:49:29,12,2,1746
at:49:345,at:49:29,5,2,1673
at:49:345,at:49:29,N38,2,58
at:49:345,at:49:34,1,1,252
at:49:345,at:49:34,12,1,313
at:49:345,at:49:34,31,1,18
at:49:345,at:49:34,5,1,315
at:49:345,at:49:34,D,1,3668
at:49:345,at:49:357,12,2,2055
at:49:345,at:49:357,31,2,18
at:49:345,at:49:357,5,2,1988
at:49:345,at:49:371,1,1,242
at:49:345,at:49:371,D,1,3674
at:49:345,at:49:371,N38,1,58
at:49:346,at:49:292,77A,1,1464
at:49:347,at:49:649,92A,1,644
at:49:347,at:49:649,93A,1,520
at:49:347,at:49:649,N91,1,18
at:49:347,at:49:904,92A,1,642
at:49:347,at:49:904,93A,1,496
at:49:347,at:49:904,N91,1,16
at:49:348,at:49:1040,80A,3,1108
at:49:348,at:49:1040,O,3,1927
at:49:348,at:49:1063,O,2,1927
at:49:349,at:49:1552,16A,1,746
at:49:349,at:49:524,16A,1,736
at:49:35,at:49:1139,64B,2,30
at:49:35,at:49:1139,N8,1,16
at:49:35,at:49:1276,62,1,1860
at:49:35,at:49:1276,62A,1,676
at:49:35,at:49:1276,N8,1,16
at:49:35,at:49:1677,16A,3,732
at:49:35,at:49:1799,62A,2,669
at:49:35,at:49:511,16A,1,760
at:49:35,at:49:511,64B,1,29
at:49:350,at:49:1603,61A,1,253
at:49:350,at:49:726,61A,1,264
at:49:351,at:49:562,49A,1,728
at:49:352,at:49:1624,30A,1,682
at:49:353,at:49:630,94A,1,542
at:49:353,at:49:869,94A,1,548
at:49:354,at:49:1535,79A,2,324
at:49:354,at:49:1535,79B,1,23
at:49:354,at:49:207,79A,1,391
at:49:354,at:49:207,79B,2,12
at:49:355,at:49:123,43B,1,55
at:49:355,at:49:123,52A,1,188
at:49:355,at:49:123,52B,1,160
at:49:355,at:49:200,43B,2,55
at:49:355,at:49:200,52A,2,188
at:49:355,at:49:200,52B,2,160
at:49:357,at:49:1062,U4,1,5259
at:49:357,at:49:1124,U4,1,5229
at:49:357,at:49:1444,12,1,2055
at:49:357,at:49:1444,31,1,18
at:49:357,at:49:1444,5,1,1988
at:49:357,at:49:345,12,2,2059
at:49:357,at:49:345,31,2,18
at:49:357,at:49:345,5,2,1988
at:49:358,at:49:113,46,1,15
at:49:358,at:49:113,49,1,153
at:49:358,at:49:113,52,1,1771
at:49:358,at:49:113,60,1,21
at:49:358,at:49:1613,46,2,601
at:49:358,at:49:1613,49,1,3464
at:49:358,at:49:1613,N49,1,100
at:49:358,at:49:534,46,1,586
at:49:358,at:49:534,49,1,3311
at:49:358,at:49:534,N49,1,86
at:49:359,at:49:1497,80A,1,1108
at:49:359,at:49:817,80A,1,707
at:49:359,at:49:821,80A,4,253
at:49:36,at:49:1227,53A,1,356
at:49:36,at:49:560,53A,1,360
at:49:360,at:49:106,50A,1,662
at:49:360,at:49:106,N49,1,54
at:49:360,at:49:1855,50A,1,656
at:49:360,at:49:1855,N49,1,54
at:49:361,at:49:43,72A,1,457
at:49:361,at:49:815,72A,1,459
at:49:362,at:49:1153,39A,1,663
at:49:362,at:49:959,39A,1,663
at:49:363,at:49:1666,N8,1,18
at:49:363,at:49:1705,11A,2,2908
at:49:363,at:49:1705,5A,2,576
at:49:363,at:49:1705,N8,1,18
at:49:363,at:49:235,12,2,6
at:49:363,at:49:235,30,2,2
at:49:363,at:49:235,31,2,2336
at:49:363,at:49:235,5,1,19
at:49:363,at:49:569,12,2,6
at:49:363,at:49:569,2,2,4709
at:49:363,at:49:569,30,2,2
at:49:363,at:49:569,31,2,2667
at:49:363,at:49:569,5,2,19
at:49:363,at:49:569,N31,2,27
at:49:363,at:49:781,11A,2,2049
at:49:363,at:49:781,5A,2,567
at:49:363,at:49:781,N29,1,68
at:49:363,at:49:848,N29,4,74
at:49:363,at:49:848,N31,4,30
at:49:364,at:49:1447,20A,1,793
at:49:364,at:49:611,20A,1,808
at:49:365,at:49:1480,11,1,4685
at:49:365,at:49:1480,N65,1,98
at:49:365,at:49:1753,17A,2,7
at:49:365,at:49:987,11,1,4069
at:49:365,at:49:987,N65,1,96
at:49:366,at:49:1802,34A,2,829
at:49:366,at:49:250,34A,2,827
at:49:367,at:49:1250,39A,1,663
at:49:367,at:49:660,39A,1,663
at:49:368,at:49:103,18,1,21
at:49:368,at:49:103,6,1,23
at:49:368,at:49:103,62,1,1747
at:49:368,at:49:103,BB,1,1449
at:49:368,at:49:1403,63A,3,1074
at:49:368,at:49:470,63A,2,1074
at:49:368,at:49:470,N8,1,16
at:49:368,at:49:844,18,1,21
at:49:368,at:49:844,6,1,23
at:49:368,at:49:844,62,1,1747
at:49:368,at:49:844,BB,1,1449
at:49:369,at:49:21,25,1,1197
at:49:369,at:49:21,26,1,1241
at:49:369,at:49:21,26E,2,848
at:49:369,at:49:21,27,1,1620
at:49:369,at:49:21,N20,1,97
at:49:369,at:49:551,25,1,1197
at:49:369,at:49:551,26,1,1241
at:49:369,at:49:551,26E,2,853
at:49:369,at:49:551,27,1,1620
at:49:369,at:49:551,N20,1,80
at:49:37,at:49:1383,8A,2,542
at:49:37,at:49:690,8A,1,545
at:49:370,at:49:372,45A,1,363
at:49:370,at:49:65,45A,1,356
at:49:371,at:49:112,1,1,242
at:49:371,at:49:112,D,1,3674
at:49:371,at:49:112,N38,1,58
at:49:371,at:49:345,1,2,252
at:49:371,at:49:345,D,2,3668
at:49:371,at:49:345,N38,1,58
at:49:372,at:49:1318,46B,2,534
at:49:372,at:49:370,45A,2,356
at:49:372,at:49:840,45A,2,363
at:49:372,at:49:840,46A,1,581
at:49:376,at:49:1253,10A,2,1744
at:49:376,at:49:1253,38,2,1624
at:49:376,at:49:1253,N38,2,46
at:49:376,at:49:208,10A,2,1726
at:49:376,at:49:474,35A,1,1320
at:49:376,at:49:474,38,1,1624
at:49:376,at:49:474,N35,1,32
at:49:376,at:49:474,N38,1,48
at:49:376,at:49:723,35A,3,1346
at:49:376,at:49:723,N35,2,32
at:49:377,at:49:1045,69A,1,631
at:49:377,at:49:43,69A,1,642
at:49:378,at:49:1801,63A,1,1066
at:49:378,at:49:1801,8A,1,545
at:49:379,at:49:1868,12A,1,743
at:49:379,at:49:436,N6,2,54
at:49:379,at:49:77,N6,2,54
at:49:379,at:49:883,12A,1,738
at:49:379,at:49:883,N60,1,20
at:49:38,at:49:1048,26,1,1634
at:49:38,at:49:1048,85A,1,806
at:49:38,at:49:1048,95B,2,123
at:49:38,at:49:1922,97A,1,1058
at:49:38,at:49:39,26,1,1634
at:49:38,at:49:39,85A,1,816
at:49:38,at:49:39,95B,1,121
at:49:38,at:49:39,97A,1,1020
at:49:38,at:49:39,N23,1,28
at:49:38,at:49:39,N24,1,32
at:49:380,at:49:1443,5B,1,1295
at:49:380,at:49:1443,N31,1,27
at:49:380,at:49:1444,31,2,2571
at:49:380,at:49:654,5A,1,559
at:49:380,at:49:961,2,2,33
at:49:380,at:49:961,31,2,2571
at:49:380,at:49:961,5A,2,392
at:49:380,at:49:961,5B,2,1311
at:49:380,at:49:961,N31,1,27
at:49:381,at:49:1464,63A,1,1030
at:49:381,at:49:1464,8A,1,542
at:49:381,at:49:416,63A,1,1066
at:49:381,at:49:416,8A,1,545
at:49:382,at:49:1910,11,3,4920
at:49:382,at:49:1910,6,3,2294
at:49:382,at:49:1910,D,2,247
at:49:382,at:49:1910,N6,2,54
at:49:382,at:49:484,11,2,4073
at:49:382,at:49:484,6,2,7
at:49:382,at:49:484,69A,2,623
at:49:382,at:49:484,71,1,37
at:49:382,at:49:484,D,1,249
at:49:382,at:49:484,N6,1,54
at:49:382,at:49:563,69A,2,642
at:49:383,at:49:491,11A,1,2049
at:49:384,at:49:1,11,2,4920
at:49:384,at:49:1,6,2,2294
at:49:384,at:49:1,N6,2,54
at:49:384,at:49:1095,11,2,4920
at:49:384,at:49:1095,6,2,2294
at:49:384,at:49:1095,N6,2,54
at:49:385,at:49:268,54A,1,148
at:49:385,at:49:401,53A,1,354
at:49:385,at:49:410,53A,1,348
at:49:385,at:49:410,54A,1,147
at:49:387,at:49:1435,86A,1,532
at:49:387,at:49:1435,87A,1,144
at:49:387,at:49:1435,95A,1,1493
at:49:387,at:49:288,86A,1,531
at:49:387,at:49:288,87A,1,152
at:49:387,at:49:288,95A,1,1479
at:49:388,at:49:1103,32A,1,1364
at:49:388,at:49:1621,32A,1,1267
at:49:388,at:49:203,30,1,1565
at:49:388,at:49:203,31,1,2381
at:49:388,at:49:203,N31,1,21
at:49:388,at:49:471,30,1,1565
at:49:388,at:49:471,31,1,2381
at:49:388,at:49:471,N31,1,24
at:49:389,at:49:1444,2,1,33
at:49:389,at:49:1444,31,2,2610
at:49:389,at:49:1444,5,2,47
at:49:389,at:49:1444,O,1,4
at:49:389,at:49:1470,31,1,2618
at:49:389,at:49:1470,5,1,23
at:49:389,at:49:1470,O,1,1
at:49:39,at:49:1004,N24,1,28
at:49:39,at:49:38,26,1,1634
at:49:39,at:49:38,85A,1,806
at:49:39,at:49:38,95B,1,123
at:49:39,at:49:38,97A,1,1058
at:49:39,at:49:487,26,1,1634
at:49:39,at:49:487,85A,1,816
at:49:39,at:49:487,95B,1,121
at:49:39,at:49:487,97A,1,1020
at:49:39,at:49:487,N23,1,28
at:49:39,at:49:90,N23,1,28
at:49:390,at:49:1756,73A,1,1423
at:49:390,at:49:332,73A,2,1432
at:49:391,at:49:255,99A,1,215
at:49:391,at:49:255,99B,1,219
at:49:391,at:49:298,99A,1,219
at:49:391,at:49:298,99B,1,215
at:49:391,at:49:770,98A,1,596
at:49:392,at:49:1806,43A,1,607
at:49:392,at:49:936,43A,1,607
at:49:393,at:49:1210,37,2,338
at:49:393,at:49:1210,40,1,2286
at:49:393,at:49:1397,10A,2,1646
at:49:393,at:49:1397,38,2,343
at:49:393,at:49:1397,41,2,2418
at:49:393,at:49:1397,N41,1,56
at:49:393,at:49:1446,9,1,1206
at:49:393,at:49:1461,38,2,343
at:49:393,at:49:1461,40,2,1614
at:49:393,at:49:1461,41,1,1731
at:49:393,at:49:1461,41E,1,480
at:49:393,at:49:1461,N41,1,60
at:49:393,at:49:1526,37,1,338
at:49:393,at:49:1526,40,1,642
at:49:393,at:49:1526,41,1,663
at:49:393,at:49:1526,42A,1,2049
at:49:393,at:49:1526,9,1,1206
at:49:393,at:49:217,10A,1,1807
at:49:394,at:49:1337,92A,1,642
at:49:394,at:49:1364,92A,1,644
at:49:395,at:49:1208,42A,1,1022
at:49:395,at:49:718,42A,1,1027
at:49:396,at:49:1812,57A,1,711
at:49:396,at:49:190,57A,1,1431
at:49:396,at:49:1985,57A,1,720
at:49:397,at:49:1041,4A,1,1107
at:49:399,at:49:1749,U3,1,6745
at:49:399,at:49:425,U3,2,6890
at:49:399,at:49:702,71,1,5970
at:49:399,at:49:702,N71,1,87
at:49:399,at:49:885,71,1,6001
at:49:399,at:49:885,D,1,2
at:49:399,at:49:885,N71,1,87
at:49:4,at:49:787,98A,1,596
at:49:40,at:49:332,73A,2,1423
at:49:40,at:49:332,N71,1,98
at:49:40,at:49:571,73A,1,1432
at:49:40,at:49:571,N71,1,86
at:49:400,at:49:1486,18,1,4653
at:49:400,at:49:300,18,2,4653
at:49:401,at:49:1185,54B,3,146
at:49:401,at:49:1220,54B,1,147
at:49:401,at:49:1960,53A,1,348
at:49:403,at:49:1048,95A,1,1493
at:49:403,at:49:1048,95B,1,121
at:49:403,at:49:1048,N23,1,28
at:49:403,at:49:1048,N24,1,32
at:49:403,at:49:896,95A,1,1479
at:49:403,at:49:896,95B,1,123
at:49:403,at:49:896,N23,1,28
at:49:404,at:49:443,35A,1,1320
at:49:404,at:49:443,N35,1,32
at:49:404,at:49:648,35A,1,1346
at:49:404,at:49:648,N35,1,32
at:49:405,at:49:438,37,1,862
at:49:405,at:49:474,38,1,1624
at:49:405,at:49:474,N38,2,46
at:49:405,at:49:786,N38,1,58
at:49:405,at:49:950,35A,1,1320
at:49:405,at:49:950,37,1,862
at:49:405,at:49:950,37A,1,870
at:49:405,at:49:950,N35,1,32
at:49:405,at:49:950,N36,1,30
at:49:405,at:49:950,N8,1,18
at:49:406,at:49:1150,56A,2,573
at:49:406,at:49:181,56A,1,549
at:49:407,at:49:1042,5A,2,392
at:49:408,at:49:1283,56A,4,223
at:49:408,at:49:1283,56B,4,310
at:49:408,at:49:1304,10,1,45
at:49:408,at:49:1304,52,1,57
at:49:408,at:49:1304,60,1,1289
at:49:408,at:49:1304,N60,1,48
at:49:408,at:49:233,10,2,45
at:49:408,at:49:233,52,2,57
at:49:408,at:49:233,60,2,1289
at:49:408,at:49:233,N60,1,48
at:49:408,at:49:45,56A,3,213
at:49:408,at:49:45,56B,3,310
at:49:408,at:49:45,58A,3,258
at:49:408,at:49:45,58B,3,258
at:49:409,at:49:612,49A,1,726
at:49:409,at:49:612,50B,1,196
at:49:41,at:49:1085,12A,1,738
at:49:41,at:49:1085,N60,1,20
at:49:41,at:49:379,12A,1,743
at:49:410,at:49:1475,54A,1,147
at:49:410,at:49:1505,53A,1,348
at:49:410,at:49:385,53A,1,354
at:49:410,at:49:385,54A,1,148
at:49:411,at:49:1205,92A,1,1044
at:49:411,at:49:1205,92B,1,386
at:49:411,at:49:1205,N90,1,14
at:49:411,at:49:1209,92A,1,1040
at:49:411,at:49:1209,92B,1,376
at:49:411,at:49:1209,N90,1,16
at:49:412,at:49:1384,53A,1,354
at:49:413,at:49:1117,64A,1,280
at:49:413,at:49:1117,N64,1,16
at:49:413,at:49:867,64A,1,279
at:49:413,at:49:867,N64,1,16
at:49:414,at:49:1270,22A,1,1948
at:49:414,at:49:477,22A,1,1929
at:49:415,at:49:157,1A,2,676
at:49:415,at:49:157,2A,2,581
at:49:416,at:49:1383,63A,2,1066
at:49:416,at:49:37,8A,1,545
at:49:417,at:49:538,74A,1,2080
at:49:418,at:49:878,44A,1,410
at:49:419,at:49:1198,N29,2,68
at:49:419,at:49:659,2,1,4016
at:49:419,at:49:659,N29,1,74
at:49:42,at:49:1257,15A,1,1204
at:49:42,at:49:484,69A,2,642
at:49:42,at:49:814,15A,1,1206
at:49:42,at:49:879,69A,1,623
at:49:420,at:49:215,37A,1,156
at:49:420,at:49:215,40A,1,1084
at:49:420,at:49:803,37A,1,154
at:49:420,at:49:803,40A,1,1090
at:49:421,at:49:1171,64A,4,104
at:49:421,at:49:1937,64A,1,175
at:49:421,at:49:679,62A,1,676
at:49:421,at:49:679,N65,1,106
at:49:421,at:49:728,62A,1,669
at:49:421,at:49:728,64A,1,280
at:49:421,at:49:728,N65,1,96
at:49:422,at:49:1180,98A,1,596
at:49:424,at:49:11,5A,1,576
at:49:425,at:49:1260,N71,1,97
at:49:425,at:49:1260,U3,1,6890
at:49:425,at:49:160,11,1,3918
at:49:425,at:49:160,71,1,6007
at:49:425,at:49:160,D,1,249
at:49:425,at:49:1757,11,2,4073
at:49:425,at:49:1757,6,2,7
at:49:425,at:49:1757,D,2,247
at:49:425,at:49:1757,N6,1,54
at:49:425,at:49:1971,76A,2,348
at:49:425,at:49:1971,76B,2,190
at:49:425,at:49:399,U3,1,6745
at:49:425,at:49:702,71,2,6001
at:49:425,at:49:702,76A,2,260
at:49:425,at:49:702,76B,2,236
at:49:425,at:49:702,D,2,2
at:49:425,at:49:702,N71,1,87
at:49:425,at:49:814,15A,2,1204
at:49:426,at:49:168,38A,2,2033
at:49:426,at:49:526,38A,1,75
at:49:426,at:49:61,38,1,1624
at:49:426,at:49:61,N38,1,48
at:49:426,at:49:963,38A,1,1958
at:49:427,at:49:1299,86A,1,531
at:49:427,at:49:1299,87A,1,152
at:49:428,at:49:1231,D,1,4359
at:49:428,at:49:1231,N36,1,27
at:49:428,at:49:309,38A,1,2033
at:49:428,at:49:468,D,1,4373
at:49:428,at:49:468,N36,1,30
at:49:428,at:49:491,38A,3,2033
at:49:429,at:49:485,94A,1,542
at:49:43,at:49:1574,72A,1,31
at:49:43,at:49:361,72A,1,459
at:49:43,at:49:377,69A,1,631
at:49:43,at:49:479,72A,1,426
at:49:43,at:49:879,69A,1,642
at:49:430,at:49:903,93A,1,530
at:49:430,at:49:903,95A,1,1482
at:49:430,at:49:903,N91,1,18
at:49:430,at:49:912,93A,1,496
at:49:430,at:49:912,N91,1,16
at:49:431,at:49:1229,30,2,1565
at:49:431,at:49:1229,31,2,2381
at:49:431,at:49:1229,N31,1,21
at:49:431,at:49:130,30A,1,822
at:49:431,at:49:130,31A,1,1112
at:49:431,at:49:1627,30A,1,140
at:49:431,at:49:1627,32A,2,1364
at:49:431,at:49:203,30,1,1565
at:49:431,at:49:203,31,1,2381
at:49:431,at:49:203,36A,2,218
at:49:431,at:49:203,36B,2,286
at:49:431,at:49:203,N31,2,24
at:49:431,at:49:483,30A,2,678
at:49:431,at:49:483,31A,1,1112
at:49:431,at:49:483,32A,2,38
at:49:431,at:49:483,36A,2,220
at:49:431,at:49:483,36B,2,284
at:49:432,at:49:1342,67A,1,230
at:49:432,at:49:1342,67B,2,192
at:49:432,at:49:1342,N67,1,25
at:49:432,at:49:971,67A,1,231
at:49:432,at:49:971,67B,1,190
at:49:432,at:49:971,N67,1,27
at:49:434,at:49:113,46,1,15
at:49:434,at:49:113,47A,2,586
at:49:434,at:49:113,49,1,162
at:49:434,at:49:113,52,1,1771
at:49:434,at:49:113,60,1,21
at:49:434,at:49:1517,46,1,15
at:49:434,at:49:1517,49,1,153
at:49:434,at:49:1517,52,1,1771
at:49:434,at:49:1517,60,1,21
at:49:435,at:49:382,69A,2,623
at:49:436,at:49:1275,57A,2,1012
at:49:436,at:49:1468,N6,2,54
at:49:436,at:49:1468,N8,2,16
at:49:436,at:49:1468,U6,2,13373
at:49:436,at:49:1725,N6,1,54
at:49:436,at:49:1986,57A,2,422
at:49:436,at:49:52,57A,1,1735
at:49:436,at:49:52,N8,1,16
at:49:436,at:49:820,U6,2,13380
at:49:436,at:49:827,18,1,4066
at:49:436,at:49:827,6,1,2166
at:49:436,at:49:833,18,1,4066
at:49:436,at:49:833,6,1,2166
at:49:437,at:49:1179,12A,1,1174
at:49:437,at:49:1468,N54,4,48
at:49:437,at:49:67,12A,3,255
at:49:437,at:49:712,12A,2,924
at:49:438,at:49:135,37,1,862
at:49:438,at:49:405,37,2,862
at:49:439,at:49:1068,D,1,4373
at:49:439,at:49:1068,N36,1,30
at:49:439,at:49:109,10A,1,1726
at:49:439,at:49:109,39A,1,663
at:49:439,at:49:301,D,1,4359
at:49:439,at:49:301,N36,1,27
at:49:439,at:49:491,10A,2,1744
at:49:439,at:49:491,39A,2,663
at:49:44,at:49:804,4A,1,1106
at:49:44,at:49:929,4A,2,1107
at:49:440,at:49:1200,9,2,1570
at:49:440,at:49:197,9,1,1570
at:49:441,at:49:281,26A,1,2374
at:49:441,at:49:281,88A,1,106
at:49:441,at:49:281,N20,1,51
at:49:442,at:49:1517,46,1,15
at:49:442,at:49:1517,49,1,162
at:49:442,at:49:1517,52,1,1771
at:49:442,at:49:1517,60,1,21
at:49:442,at:49:819,46,1,15
at:49:442,at:49:819,49,1,153
at:49:442,at:49:819,52,1,1771
at:49:442,at:49:819,60,1,21
at:49:443,at:49:404,35A,1,1346
at:49:443,at:49:404,N35,1,32
at:49:443,at:49:714,35A,1,1320
at:49:443,at:49:714,N35,1,32
at:49:444,at:49:1160,SEV BB,8,246
at:49:444,at:49:1214,BB,1,2089
at:49:444,at:49:1857,N65,1,96
at:49:444,at:49:212,16A,2,732
at:49:444,at:49:212,65A,2,16
at:49:444,at:49:212,N65,2,106
at:49:444,at:49:585,BB,3,2089
at:49:444,at:49:585,SEV BB,6,246
at:49:444,at:49:930,16A,1,760
at:49:444,at:49:930,65A,1,16
at:49:445,at:49:1317,10,1,1385
at:49:445,at:49:1317,46,1,586
at:49:445,at:49:1317,49,1,138
at:49:445,at:49:1664,48A,2,2252
at:49:445,at:49:597,10,2,1385
at:49:445,at:49:597,46,2,586
at:49:445,at:49:597,49,1,138
at:49:445,at:49:981,48A,2,2400
at:49:446,at:49:1025,71,1,37
at:49:446,at:49:1025,D,1,4219
at:49:446,at:49:1193,D,4,4211
at:49:447,at:49:1078,15A,2,1230
at:49:447,at:49:1312,15A,1,1230
at:49:447,at:49:1312,65A,1,464
at:49:447,at:49:1572,65A,1,464
at:49:448,at:49:1323,37A,1,156
at:49:448,at:49:1323,40A,1,1084
at:49:448,at:49:1509,40A,1,1090
at:49:449,at:49:275,52B,1,160
at:49:449,at:49:566,52B,1,160
at:49:45,at:49:1550,56A,2,350
at:49:45,at:49:1550,56B,2,323
at:49:45,at:49:1550,58A,2,626
at:49:45,at:49:1550,58B,2,622
at:49:45,at:49:408,56A,3,223
at:49:45,at:49:408,56B,3,310
at:49:45,at:49:520,56A,2,549
at:49:45,at:49:520,56B,2,632
at:49:45,at:49:520,58A,2,620
at:49:45,at:49:520,58B,2,620
at:49:450,at:49:1763,44B,1,416
at:49:450,at:49:241,43,2,2094
at:49:450,at:49:241,43A,2,723
at:49:450,at:49:241,44A,1,639
at:49:450,at:49:241,N43,1,94
at:49:450,at:49:505,43,2,2766
at:49:450,at:49:505,43A,4,359
at:49:450,at:49:505,44A,2,639
at:49:450,at:49:505,N43,2,94
at:49:450,at:49:784,10,2,1392
at:49:450,at:49:784,12,1,101
at:49:450,at:49:784,2,1,4486
at:49:451,at:49:1706,N61,1,18
at:49:453,at:49:818,77A,1,628
at:49:453,at:49:818,78A,1,315
at:49:454,at:49:1956,29B,1,853
at:49:454,at:49:1956,N25,1,16
at:49:454,at:49:980,29B,1,837
at:49:455,at:49:811,97A,2,1031
at:49:456,at:49:173,12,1,101
at:49:456,at:49:173,2,1,4385
at:49:456,at:49:602,12,2,101
at:49:456,at:49:602,2,3,4372
at:49:457,at:49:415,1A,1,676
at:49:457,at:49:415,2A,1,581
at:49:458,at:49:1200,49,2,3238
at:49:458,at:49:1200,9,2,1570
at:49:458,at:49:1200,E3,2,708
at:49:458,at:49:1200,N49,1,32
at:49:458,at:49:1413,49,2,3247
at:49:458,at:49:1413,9,2,1570
at:49:458,at:49:1413,E3,2,708
at:49:458,at:49:1413,N49,2,36
at:49:459,at:49:106,50A,1,656
at:49:459,at:49:106,N49,1,54
at:49:459,at:49:2004,50A,1,662
at:49:46,at:49:1001,56A,1,4
at:49:46,at:49:1001,58A,1,626
at:49:46,at:49:1001,58B,1,622
at:49:46,at:49:1284,58A,2,620
at:49:46,at:49:1655,63A,1,1030
at:49:46,at:49:240,56A,2,4
at:49:46,at:49:240,58B,2,620
at:49:460,at:49:106,50B,1,196
at:49:461,at:49:1425,71,3,6050
at:49:461,at:49:1425,N71,1,87
at:49:461,at:49:688,71,2,6081
at:49:461,at:49:688,77A,1,1469
at:49:461,at:49:688,D,1,2
at:49:461,at:49:688,N71,1,87
at:49:463,at:49:1476,76B,2,426
at:49:463,at:49:1487,76A,1,386
at:49:463,at:49:1487,76B,1,420
at:49:463,at:49:831,76A,2,396
at:49:464,at:49:1259,76A,1,386
at:49:464,at:49:1259,76B,1,420
at:49:464,at:49:146,76A,1,396
at:49:464,at:49:146,76B,1,426
at:49:465,at:49:1070,76A,1,616
at:49:465,at:49:1070,76B,1,418
at:49:465,at:49:131,76A,1,396
at:49:465,at:49:131,76B,1,426
at:49:465,at:49:1652,72A,1,114
at:49:465,at:49:256,76B,2,2
at:49:465,at:49:324,72A,1,116
at:49:466,at:49:535,73B,1,844
at:49:467,at:49:502,37,2,338
at:49:467,at:49:502,40,2,2286
at:49:468,at:49:301,D,2,4373
at:49:468,at:49:301,N36,2,30
at:49:468,at:49:428,D,1,4359
at:49:468,at:49:428,N36,1,27
at:49:469,at:49:902,71E,1,22
at:49:469,at:49:902,73A,1,604
at:49:469,at:49:902,73B,1,844
at:49:469,at:49:902,N71,1,86
at:49:469,at:49:991,73A,1,618
at:49:469,at:49:991,73B,1,844
at:49:47,at:49:234,N25,1,18
at:49:470,at:49:103,59A,2,1739
at:49:470,at:49:103,N8,1,16
at:49:470,at:49:1469,59A,1,1701
at:49:470,at:49:368,63A,2,1074
at:49:470,at:49:820,N8,2,16
at:49:470,at:49:937,63A,2,1074
at:49:471,at:49:132,30,1,1565
at:49:471,at:49:132,31,1,2381
at:49:471,at:49:132,N31,1,24
at:49:471,at:49:388,30,2,1565
at:49:471,at:49:388,31,1,2381
at:49:471,at:49:388,N31,1,21
at:49:472,at:49:1014,46,2,586
at:49:472,at:49:1014,49,1,3302
at:49:472,at:49:1014,N49,2,100
at:49:472,at:49:780,46,2,586
at:49:472,at:49:780,49,2,3311
at:49:472,at:49:780,N49,2,86
at:49:473,at:49:1278,25,2,1752
at:49:473,at:49:1278,26,2,111
at:49:473,at:49:1278,95A,1,1423
at:49:473,at:49:1278,N20,1,82
at:49:473,at:49:1278,U2,1,5196
at:49:473,at:49:1299,U2,1,5044
at:49:473,at:49:1337,92A,2,644
at:49:473,at:49:675,92A,2,642
at:49:473,at:49:675,96A,2,74
at:49:473,at:49:749,25,1,1752
at:49:473,at:49:749,26,1,111
at:49:473,at:49:749,95A,1,1482
at:49:473,at:49:749,96A,2,73
at:49:473,at:49:749,N20,1,81
at:49:474,at:49:376,10A,1,1744
at:49:474,at:49:376,35A,2,1289
at:49:474,at:49:376,38,1,1624
at:49:474,at:49:376,N35,1,34
at:49:474,at:49:376,N38,1,46
at:49:474,at:49:405,35A,2,1320
at:49:474,at:49:405,N35,2,32
at:49:474,at:49:405,N38,2,48
at:49:474,at:49:950,38,3,1624
at:49:475,at:49:884,92A,2,1044
at:49:475,at:49:884,92B,2,386
at:49:475,at:49:884,N90,1,14
at:49:475,at:49:917,92A,1,1040
at:49:475,at:49:917,92B,1,376
at:49:475,at:49:917,N90,1,16
at:49:476,at:49:1537,26A,1,2393
at:49:476,at:49:701,26A,2,2393
at:49:477,at:49:299,22A,2,1929
at:49:477,at:49:414,22A,1,1948
at:49:478,at:49:198,N61,1,16
at:49:478,at:49:647,N61,1,18
at:49:479,at:49:1162,72A,1,428
at:49:48,at:49:1015,U6,3,2470
at:49:48,at:49:1394,U6,2,10851
at:49:48,at:49:1499,U6,2,13328
at:49:48,at:49:1514,16A,3,302
at:49:48,at:49:1514,N65,3,17
at:49:48,at:49:1857,16A,1,430
at:49:48,at:49:1857,N65,1,89
at:49:48,at:49:674,16A,1,760
at:49:48,at:49:674,N65,1,96
at:49:482,at:49:259,52A,1,188
at:49:483,at:49:1660,30A,1,678
at:49:483,at:49:1660,32A,1,1291
at:49:483,at:49:431,30A,1,822
at:49:483,at:49:431,31A,1,1112
at:49:483,at:49:431,32A,2,1381
at:49:483,at:49:431,36A,1,218
at:49:483,at:49:431,36B,1,286
at:49:483,at:49:593,36A,2,220
at:49:483,at:49:593,36B,2,284
at:49:483,at:49:598,31A,2,1112
at:49:484,at:49:1263,11,2,4073
at:49:484,at:49:1263,6,2,7
at:49:484,at:49:1263,71,2,37
at:49:484,at:49:1263,D,2,249
at:49:484,at:49:1263,N6,2,54
at:49:484,at:49:382,11,1,4073
at:49:484,at:49:382,6,2,7
at:49:484,at:49:382,69A,2,642
at:49:484,at:49:382,D,2,247
at:49:484,at:49:382,N6,1,54
at:49:484,at:49:42,69A,1,623
at:49:485,at:49:1291,94A,2,548
at:49:485,at:49:1299,94A,3,542
at:49:486,at:49:1497,1,1,5392
at:49:487,at:49:1973,U2,1,2154
at:49:487,at:49:299,U2,2,1133
at:49:487,at:49:39,26,1,1634
at:49:487,at:49:39,85A,1,806
at:49:487,at:49:39,95B,1,123
at:49:487,at:49:39,97A,1,1058
at:49:487,at:49:39,N23,1,28
at:49:487,at:49:828,97A,1,1031
at:49:487,at:49:910,U2,2,3353
at:49:488,at:49:1800,43A,3,172
at:49:488,at:49:521,43A,3,172
at:49:489,at:49:1217,29A,2,946
at:49:489,at:49:1217,29B,2,832
at:49:489,at:49:1217,N30,1,32
at:49:489,at:49:1398,29A,1,946
at:49:489,at:49:1398,29B,1,832
at:49:489,at:49:1398,N30,1,32
at:49:49,at:49:1134,56A,1,4
at:49:49,at:49:1134,58B,1,622
at:49:49,at:49:1361,56A,1,563
at:49:49,at:49:1361,60A,1,407
at:49:49,at:49:257,58B,1,610
at:49:49,at:49:655,60A,2,410
at:49:49,at:49:853,56A,2,541
at:49:491,at:49:1062,U4,2,5229
at:49:491,at:49:116,38B,10,2
at:49:491,at:49:1702,38A,1,2033
at:49:491,at:49:1702,5B,1,1337
at:49:491,at:49:439,10A,3,1726
at:49:491,at:49:439,39A,3,663
at:49:491,at:49:439,N36,2,30
at:49:491,at:49:468,N36,1,27
at:49:491,at:49:891,11A,2,2037
at:49:493,at:49:254,5B,1,1337
at:49:493,at:49:897,5B,2,1321
at:49:494,at:49:1130,2,2,66
at:49:494,at:49:1130,5B,1,1311
at:49:494,at:49:1891,2,1,4435
at:49:494,at:49:1891,5B,2,1295
at:49:494,at:49:1891,N29,1,68
at:49:494,at:49:51,2,2,4541
at:49:494,at:49:51,N29,1,74
at:49:495,at:49:1277,31A,1,1076
at:49:495,at:49:1851,31A,1,1112
at:49:498,at:49:1184,1A,2,676
at:49:499,at:49:1536,79B,1,139
at:49:499,at:49:182,79A,3,55
at:49:499,at:49:182,79B,1,150
at:49:5,at:49:1388,67A,1,48
at:49:5,at:49:724,67A,1,109
at:49:5,at:49:724,67B,1,87
at:49:5,at:49:741,67A,1,71
at:49:50,at:49:334,26,2,827
at:49:50,at:49:334,27,2,2430
at:49:50,at:49:334,33A,2,184
at:49:50,at:49:334,34A,2,829
at:49:50,at:49:334,N20,1,88
at:49:50,at:49:334,N29,1,28
at:49:50,at:49:943,26,2,783
at:49:50,at:49:943,27,2,2401
at:49:50,at:49:943,N20,1,90
at:49:500,at:49:1385,12,1,2116
at:49:500,at:49:1385,2,2,4501
at:49:500,at:49:1385,N29,1,68
at:49:500,at:49:1385,O,2,66
at:49:500,at:49:1667,U6,1,13329
at:49:500,at:49:1705,U6,1,13646
at:49:500,at:49:219,5A,1,558
at:49:500,at:49:569,12,1,2105
at:49:500,at:49:569,2,1,4541
at:49:500,at:49:569,37A,2,359
at:49:500,at:49:569,N29,2,74
at:49:500,at:49:569,O,2,69
at:49:500,at:49:813,37A,1,864
at:49:500,at:49:813,5A,1,559
at:49:501,at:49:1324,12A,2,924
at:49:501,at:49:712,12A,2,920
at:49:502,at:49:26,37,1,338
at:49:502,at:49:26,40,2,2286
at:49:502,at:49:467,37,1,338
at:49:502,at:49:467,40,1,2286
at:49:503,at:49:1221,89A,1,283
at:49:503,at:49:1448,89A,1,279
at:49:504,at:49:1100,60,2,1362
at:49:504,at:49:1100,N60,1,48
at:49:504,at:49:1602,56A,1,573
at:49:504,at:49:1602,56B,1,633
at:49:504,at:49:1602,N62,1,16
at:49:504,at:49:539,56A,2,549
at:49:504,at:49:539,56B,2,643
at:49:504,at:49:539,60,2,1362
at:49:504,at:49:539,62,2,1887
at:49:504,at:49:539,N60,2,48
at:49:504,at:49:539,N62,1,23
at:49:504,at:49:710,62,1,1887
at:49:505,at:49:1682,42A,2,1022
at:49:505,at:49:450,12,2,4
at:49:505,at:49:450,2,1,187
at:49:505,at:49:450,43,2,2770
at:49:505,at:49:450,43A,2,362
at:49:505,at:49:450,44A,2,639
at:49:505,at:49:450,N43,2,94
at:49:505,at:49:508,43,2,2613
at:49:505,at:49:508,43A,3,359
at:49:505,at:49:508,N43,2,94
at:49:506,at:49:1320,U3,1,6846
at:49:506,at:49:1430,U3,1,6844
at:49:506,at:49:873,1A,1,676
at:49:506,at:49:873,2A,1,572
at:49:507,at:49:124,44,1,719
at:49:507,at:49:178,44,1,719
at:49:508,at:49:1099,10A,1,1824
at:49:508,at:49:1115,2,2,150
at:49:508,at:49:1115,43,2,3076
at:49:508,at:49:1115,9,2,60
at:49:508,at:49:1115,N43,3,84
at:49:508,at:49:262,10A,1,1807
at:49:508,at:49:505,12,1,4
at:49:508,at:49:505,2,2,187
at:49:508,at:49:505,42A,2,1027
at:49:508,at:49:505,43,2,2770
at:49:508,at:49:505,43A,1,362
at:49:508,at:49:505,N43,2,94
at:49:509,at:49:1087,46A,1,581
at:49:509,at:49:311,46B,1,534
at:49:51,at:49:1079,2,1,4541
at:49:51,at:49:1079,N29,1,74
at:49:51,at:49:494,2,1,4501
at:49:51,at:49:494,N29,1,68
at:49:51,at:49:941,5,2,1977
at:49:51,at:49:941,O,2,4
at:49:51,at:49:944,5,1,1977
at:49:51,at:49:944,O,1,1
at:49:510,at:49:127,7A,2,707
at:49:510,at:49:86,7A,2,707
at:49:511,at:49:1174,16A,1,18
at:49:511,at:49:1174,62,1,1860
at:49:511,at:49:1852,16A,1,732
at:49:511,at:49:1852,64B,1,30
at:49:511,at:49:35,62,2,1860
at:49:512,at:49:1496,79A,1,440
at:49:512,at:49:1496,79B,1,23
at:49:512,at:49:182,79A,3,391
at:49:512,at:49:182,79B,3,12
at:49:513,at:49:1063,1,2,5392
at:49:513,at:49:1063,N29,1,72
at:49:513,at:49:1071,1,1,5357
at:49:513,at:49:1071,N29,1,78
at:49:51351,at:49:51352,49B,1,97
at:49:51352,at:49:51353,49B,1,97
at:49:51353,at:49:51354,49B,1,97
at:49:51354,at:49:51355,49B,1,100
at:49:51355,at:49:51359,49B,1,100
at:49:51356,at:49:51359,49B,1,97
at:49:51359,at:49:51351,49B,1,97
at:49:51359,at:49:51356,49B,1,100
at:49:514,at:49:1021,44A,1,410
at:49:514,at:49:719,44A,1,639
at:49:515,at:49:158,44A,1,639
at:49:515,at:49:241,44A,1,639
at:49:516,at:49:1415,56A,1,551
at:49:516,at:49:1417,56A,1,577
at:49:517,at:49:1047,59A,1,1618
at:49:517,at:49:1047,N71,1,43
at:49:52,at:49:1324,57A,1,1735
at:49:52,at:49:1324,N8,1,16
at:49:52,at:49:436,57A,2,1735
at:49:52,at:49:436,N8,1,16
at:49:520,at:49:1176,10,2,1385
at:49:520,at:49:1176,52,2,56
at:49:520,at:49:1176,60,2,1169
at:49:520,at:49:1176,N60,2,18
at:49:520,at:49:1211,U4,2,5207
at:49:520,at:49:1561,51A,2,1008
at:49:520,at:49:1561,51B,3,320
at:49:520,at:49:161,U4,1,5180
at:49:520,at:49:1846,N54,2,48
at:49:520,at:49:233,10,2,1447
at:49:520,at:49:233,52,2,57
at:49:520,at:49:233,60,2,1289
at:49:520,at:49:233,N54,1,54
at:49:520,at:49:233,N60,1,48
at:49:520,at:49:45,56A,2,573
at:49:520,at:49:45,56B,2,633
at:49:520,at:49:45,58A,2,626
at:49:520,at:49:45,58B,2,622
at:49:521,at:49:1246,43A,2,607
at:49:521,at:49:488,43A,3,172
at:49:523,at:49:274,11A,1,1891
at:49:523,at:49:620,11A,1,2906
at:49:523,at:49:620,12,1,2064
at:49:524,at:49:1342,67A,1,231
at:49:524,at:49:1342,67B,1,190
at:49:524,at:49:1342,N67,1,27
at:49:524,at:49:1456,17A,1,374
at:49:524,at:49:1456,N17,1,23
at:49:524,at:49:1481,16A,1,736
at:49:524,at:49:1481,17A,1,375
at:49:524,at:49:1481,67A,1,230
at:49:524,at:49:1481,67B,1,192
at:49:524,at:49:1481,N17,1,14
at:49:524,at:49:1481,N67,1,25
at:49:524,at:49:349,16A,1,746
at:49:525,at:49:241,43,1,2094
at:49:525,at:49:241,43A,2,721
at:49:525,at:49:241,N43,1,94
at:49:525,at:49:935,43,1,2094
at:49:525,at:49:935,43A,2,723
at:49:525,at:49:935,N43,1,94
at:49:526,at:49:426,38A,2,2033
at:49:527,at:49:1063,1,1,5357
at:49:527,at:49:1063,N29,1,78
at:49:527,at:49:1063,O,1,1927
at:49:527,at:49:619,1,2,5288
at:49:527,at:49:619,N29,1,72
at:49:527,at:49:845,1,2,104
at:49:527,at:49:845,O,2,1927
at:49:528,at:49:1435,95A,1,1479
at:49:529,at:49:175,57A,1,1434
at:49:529,at:49:293,57A,1,1434
at:49:53,at:49:1403,7A,2,707
at:49:53,at:49:1571,15A,1,1230
at:49:53,at:49:1571,N62,1,23
at:49:53,at:49:264,15A,2,1230
at:49:53,at:49:264,63A,2,1074
at:49:53,at:49:264,7A,2,707
at:49:53,at:49:264,N62,2,27
at:49:530,at:49:1038,22A,2,430
at:49:530,at:49:1360,22A,1,1948
at:49:530,at:49:1360,N23,1,28
at:49:530,at:49:528,95A,1,1479
at:49:530,at:49:531,22A,1,986
at:49:530,at:49:531,95A,1,1493
at:49:530,at:49:531,95B,1,41
at:49:530,at:49:531,N23,1,28
at:49:530,at:49:531,N24,1,32
at:49:530,at:49:532,22A,1,513
at:49:530,at:49:532,95B,1,81
at:49:531,at:49:1038,22A,1,986
at:49:531,at:49:530,22A,1,1432
at:49:531,at:49:530,95A,1,1479
at:49:531,at:49:530,95B,1,82
at:49:531,at:49:530,N23,1,28
at:49:531,at:49:532,95B,2,41
at:49:531,at:49:896,95A,1,1493
at:49:531,at:49:896,95B,1,81
at:49:531,at:49:896,N23,1,28
at:49:531,at:49:896,N24,1,32
at:49:532,at:49:1807,95B,2,41
at:49:532,at:49:1946,22A,1,513
at:49:532,at:49:530,22A,1,516
at:49:532,at:49:530,95B,1,41
at:49:532,at:49:58,95B,1,80
at:49:533,at:49:1408,28A,1,388
at:49:533,at:49:561,28A,1,378
at:49:534,at:49:1438,46,1,586
at:49:534,at:49:1438,49,1,3311
at:49:534,at:49:1438,N49,1,86
at:49:534,at:49:358,46,1,586
at:49:534,at:49:358,49,1,3302
at:49:534,at:49:358,N49,1,100
at:49:535,at:49:1334,73B,1,844
at:49:535,at:49:1418,73B,1,844
at:49:537,at:49:1429,34A,1,180
at:49:538,at:49:763,74A,2,2080
at:49:539,at:49:1283,10,2,45
at:49:539,at:49:1283,52,2,57
at:49:539,at:49:1283,56A,2,549
at:49:539,at:49:1283,56B,2,632
at:49:539,at:49:1283,60,2,1289
at:49:539,at:49:1283,N60,2,48
at:49:539,at:49:1453,10,1,45
at:49:539,at:49:1453,52,1,57
at:49:539,at:49:1453,60,1,110
at:49:539,at:49:1453,62,1,1938
at:49:539,at:49:1453,N62,1,23
at:49:539,at:49:504,56A,2,573
at:49:539,at:49:504,56B,2,633
at:49:539,at:49:504,60,2,1362
at:49:539,at:49:504,62,2,1938
at:49:539,at:49:504,N60,1,48
at:49:539,at:49:504,N62,2,23
at:49:54,at:49:156,51A,1,891
at:49:54,at:49:156,51B,1,323
at:49:54,at:49:1853,51A,1,117
at:49:54,at:49:1853,51B,1,320
at:49:54,at:49:764,51A,1,1008
at:49:540,at:49:1008,37,1,862
at:49:540,at:49:252,37,2,862
at:49:542,at:49:1015,8A,3,542
at:49:542,at:49:1160,7A,4,713
at:49:542,at:49:1376,8A,1,545
at:49:542,at:49:1546,7A,1,725
at:49:543,at:49:1464,63A,1,1066
at:49:543,at:49:1464,8A,1,545
at:49:543,at:49:1801,63A,1,1030
at:49:543,at:49:1801,8A,1,542
at:49:544,at:49:1203,1A,1,676
at:49:544,at:49:1203,3A,1,660
at:49:544,at:49:157,2A,1,136
at:49:544,at:49:157,3A,1,644
at:49:545,at:49:159,57A,1,1735
at:49:545,at:49:1719,57A,1,1735
at:49:546,at:49:1076,32A,1,1267
at:49:546,at:49:24,32A,1,1364
at:49:547,at:49:1002,11A,1,2908
at:49:547,at:49:279,11A,1,2941
at:49:548,at:49:1495,26,1,817
at:49:548,at:49:1495,27,1,2506
at:49:548,at:49:1495,N20,1,90
at:49:548,at:49:699,26,1,817
at:49:548,at:49:699,27,1,2506
at:49:548,at:49:699,N20,1,88
at:49:548,at:49:968,36A,1,220
at:49:548,at:49:968,36B,1,284
at:49:549,at:49:412,53A,1,354
at:49:55,at:49:1561,51A,2,1008
at:49:55,at:49:1561,51B,1,323
at:49:55,at:49:302,46,2,15
at:49:55,at:49:302,49,2,153
at:49:55,at:49:302,52,1,1771
at:49:55,at:49:302,60,2,21
at:49:55,at:49:780,51A,2,1008
at:49:55,at:49:780,51B,2,320
at:49:55,at:49:819,46,1,15
at:49:55,at:49:819,49,1,162
at:49:55,at:49:819,52,1,1771
at:49:55,at:49:819,60,1,21
at:49:550,at:49:584,27A,1,245
at:49:550,at:49:785,N25,1,18
at:49:551,at:49:334,25,3,1197
at:49:551,at:49:334,26,3,1241
at:49:551,at:49:334,26E,3,853
at:49:551,at:49:334,27,3,1620
at:49:551,at:49:334,N20,2,80
at:49:551,at:49:369,25,2,1197
at:49:551,at:49:369,26,2,1241
at:49:551,at:49:369,26E,2,848
at:49:551,at:49:369,27,2,1620
at:49:551,at:49:369,N20,2,97
at:49:552,at:49:231,65A,1,16
at:49:552,at:49:586,65A,1,16
at:49:553,at:49:621,19A,2,273
at:49:553,at:49:7,19A,1,546
at:49:554,at:49:235,12,1,6
at:49:554,at:49:235,30,1,2
at:49:554,at:49:235,31,1,2336
at:49:554,at:49:235,5,1,19
at:49:554,at:49:848,12,2,6
at:49:554,at:49:848,30,1,2
at:49:554,at:49:848,31,1,2336
at:49:554,at:49:848,5,1,19
at:49:555,at:49:223,89A,1,283
at:49:555,at:49:924,89A,1,279
at:49:556,at:49:1200,12A,1,1194
at:49:556,at:49:1200,49,2,3247
at:49:556,at:49:1200,E3,2,708
at:49:556,at:49:1200,N49,1,36
at:49:556,at:49:606,12A,2,1189
at:49:556,at:49:606,49,2,3238
at:49:556,at:49:606,E3,2,708
at:49:556,at:49:606,N49,2,32
at:49:557,at:49:251,40A,2,1084
at:49:558,at:49:1422,10,1,1402
at:49:559,at:49:1067,93A,1,496
at:49:559,at:49:1067,N91,1,16
at:49:559,at:49:912,93A,2,520
at:49:559,at:49:912,N91,1,18
at:49:56,at:49:1088,13A,2,2821
at:49:56,at:49:1088,N71,1,48
at:49:56,at:49:1430,U3,2,6846
at:49:56,at:49:1530,U3,1,6844
at:49:56,at:49:662,13A,2,3620
at:49:56,at:49:662,14A,1,1229
at:49:56,at:49:662,N71,2,50
at:49:560,at:49:123,43B,2,55
at:49:560,at:49:123,49A,2,726
at:49:560,at:49:123,50A,2,662
at:49:560,at:49:123,50B,2,196
at:49:560,at:49:123,52A,2,188
at:49:560,at:49:123,52B,2,160
at:49:560,at:49:123,N49,2,100
at:49:560,at:49:1612,47B,2,308
at:49:560,at:49:1613,N49,2,86
at:49:560,at:49:36,53A,1,356
at:49:560,at:49:956,U4,2,5207
at:49:561,at:49:1774,28A,2,378
at:49:561,at:49:533,28A,1,388
at:49:562,at:49:1146,49A,1,728
at:49:563,at:49:798,69A,1,642
at:49:564,at:49:1743,49A,1,726
at:49:564,at:49:1743,50B,1,196
at:49:564,at:49:612,49A,1,728
at:49:565,at:49:143,17A,1,374
at:49:565,at:49:143,N17,1,23
at:49:565,at:49:1721,17A,1,375
at:49:565,at:49:1721,N17,1,21
at:49:566,at:49:449,52B,1,160
at:49:566,at:49:57,52B,1,160
at:49:567,at:49:1502,99B,1,19
at:49:568,at:49:134,26A,1,2393
at:49:568,at:49:134,N20,1,81
at:49:568,at:49:236,26A,2,2393
at:49:568,at:49:236,N20,2,82
at:49:569,at:49:1666,37A,2,870
at:49:569,at:49:1667,12,3,2099
at:49:569,at:49:1667,2,2,288
at:49:569,at:49:1667,30,2,2
at:49:569,at:49:1667,31,2,2667
at:49:569,at:49:1667,5,3,19
at:49:569,at:49:1667,N31,2,27
at:49:569,at:49:1667,O,2,69
at:49:569,at:49:244,N29,2,74
at:49:569,at:49:363,12,2,6
at:49:569,at:49:363,2,3,4711
at:49:569,at:49:363,30,3,2
at:49:569,at:49:363,31,3,2667
at:49:569,at:49:363,5,3,19
at:49:569,at:49:363,N31,2,27
at:49:569,at:49:500,12,2,2116
at:49:569,at:49:500,2,1,4501
at:49:569,at:49:500,37A,1,864
at:49:569,at:49:500,N29,1,68
at:49:569,at:49:500,O,1,66
at:49:57,at:49:1243,52B,1,160
at:49:57,at:49:566,52B,1,160
at:49:570,at:49:1908,58A,2,620
at:49:570,at:49:1908,58B,2,622
at:49:570,at:49:1908,64A,1,280
at:49:571,at:49:2006,73A,1,1432
at:49:571,at:49:2006,N71,1,86
at:49:571,at:49:40,73A,1,1423
at:49:571,at:49:40,N71,1,98
at:49:572,at:49:1674,27A,1,467
at:49:572,at:49:1674,N25,1,18
at:49:572,at:49:550,27A,2,245
at:49:572,at:49:550,N25,1,18
at:49:574,at:49:2,32A,2,1364
at:49:574,at:49:218,32A,1,1267
at:49:575,at:49:671,61B,1,82
at:49:576,at:49:59,61A,1,253
at:49:576,at:49:791,61A,1,264
at:49:577,at:49:1201,53A,2,356
at:49:577,at:49:1227,53A,1,360
at:49:578,at:49:1079,12,1,2116
at:49:578,at:49:1079,2,2,4501
at:49:578,at:49:1079,N29,1,68
at:49:578,at:49:1079,O,2,66
at:49:578,at:49:1385,12,1,2105
at:49:578,at:49:1385,2,1,4541
at:49:578,at:49:1385,N29,1,74
at:49:578,at:49:1385,O,2,69
at:49:579,at:49:1282,89A,2,286
at:49:58,at:49:1270,95B,1,80
at:49:580,at:49:1012,66A,2,1399
at:49:580,at:49:1012,67A,2,231
at:49:580,at:49:1012,N66,2,69
at:49:580,at:49:1560,16A,2,746
at:49:580,at:49:599,16A,2,736
at:49:580,at:49:599,66A,2,1399
at:49:580,at:49:599,67A,1,230
at:49:580,at:49:599,N66,2,72
at:49:581,at:49:1239,N67,3,23
at:49:581,at:49:1775,67B,3,192
at:49:581,at:49:1869,67B,2,147
at:49:582,at:49:1524,16A,1,736
at:49:582,at:49:1741,16A,1,746
at:49:584,at:49:592,27A,1,245
at:49:585,at:49:1054,SEV BB,6,246
at:49:585,at:49:444,BB,2,2089
at:49:585,at:49:918,BB,1,2357
at:49:586,at:49:552,65A,1,16
at:49:587,at:49:757,32A,1,1267
at:49:588,at:49:561,28A,1,388
at:49:589,at:49:1283,10,2,45
at:49:589,at:49:1283,52,1,57
at:49:589,at:49:1283,60,2,1289
at:49:589,at:49:1283,N60,1,48
at:49:589,at:49:1304,10,2,45
at:49:589,at:49:1304,52,2,57
at:49:589,at:49:1304,60,1,1289
at:49:589,at:49:1304,N60,1,48
at:49:59,at:49:1938,64A,1,64
at:49:59,at:49:204,61A,2,253
at:49:59,at:49:261,64A,1,65
at:49:59,at:49:576,61A,2,264
at:49:591,at:49:593,36A,2,218
at:49:591,at:49:812,36A,1,220
at:49:592,at:49:1122,27A,1,245
at:49:593,at:49:176,36B,3,284
at:49:593,at:49:483,36A,1,218
at:49:593,at:49:483,36B,1,286
at:49:593,at:49:591,36A,1,220
at:49:594,at:49:119,34A,1,829
at:49:594,at:49:1544,34A,1,319
at:49:594,at:49:68,34A,1,508
at:49:595,at:49:248,56B,1,643
at:49:595,at:49:248,N62,1,16
at:49:595,at:49:686,56B,1,633
at:49:595,at:49:686,N62,1,16
at:49:596,at:49:1004,95A,1,1493
at:49:596,at:49:1922,25,1,508
at:49:596,at:49:1922,27,1,1659
at:49:596,at:49:1922,95A,1,1479
at:49:596,at:49:1963,25,1,508
at:49:596,at:49:1963,27,2,1659
at:49:597,at:49:1489,10,1,1392
at:49:597,at:49:1489,44,1,40
at:49:597,at:49:1489,46,1,2717
at:49:597,at:49:1489,48A,1,2447
at:49:597,at:49:1489,N46,1,125
at:49:597,at:49:1691,48A,2,2400
at:49:597,at:49:1691,N46,1,63
at:49:597,at:49:445,10,2,1385
at:49:597,at:49:445,46,3,586
at:49:597,at:49:445,49,2,138
at:49:598,at:49:1541,30A,1,678
at:49:598,at:49:1541,32A,1,1291
at:49:598,at:49:1660,30A,2,682
at:49:598,at:49:1660,31A,2,1112
at:49:598,at:49:1660,32A,1,1331
at:49:599,at:49:1722,17A,1,375
at:49:599,at:49:1722,66A,1,4
at:49:599,at:49:1722,67A,1,1
at:49:599,at:49:1722,N67,1,27
at:49:599,at:49:580,16A,1,746
at:49:599,at:49:580,67A,1,230
at:49:599,at:49:697,16A,1,736
at:49:599,at:49:697,17A,1,372
at:49:599,at:49:697,66A,1,1399
at:49:599,at:49:697,67A,1,230
at:49:599,at:49:697,N66,1,72
at:49:6,at:49:769,29B,1,837
at:49:6,at:49:980,29B,1,853
at:49:6,at:49:980,N25,1,16
at:49:60,at:49:1648,97A,1,1031
at:49:60,at:49:1649,97A,1,1058
at:49:60,at:49:1925,84A,1,711
at:49:60,at:49:1925,N84,1,14
at:49:60,at:49:880,84A,2,714
at:49:60,at:49:880,N84,2,14
at:49:600,at:49:1411,70A,1,219
at:49:600,at:49:1411,N17,1,23
at:49:600,at:49:735,17A,1,374
at:49:600,at:49:970,70A,1,218
at:49:600,at:49:970,N17,1,21
at:49:601,at:49:840,44,1,737
at:49:602,at:49:1115,2,2,131
at:49:602,at:49:1115,9,2,1574
at:49:602,at:49:1374,9,2,1570
at:49:602,at:49:456,12,2,101
at:49:602,at:49:456,2,2,4385
at:49:602,at:49:669,44,2,737
at:49:602,at:49:861,12,2,101
at:49:602,at:49:861,2,1,4491
at:49:602,at:49:977,44,2,719
at:49:604,at:49:1066,13A,1,3776
at:49:604,at:49:755,1,2,4971
at:49:604,at:49:755,62,1,1035
at:49:604,at:49:755,BB,2,1449
at:49:604,at:49:755,N62,2,27
at:49:604,at:49:768,13A,1,3778
at:49:604,at:49:859,1,1,4897
at:49:604,at:49:859,62,1,1035
at:49:604,at:49:859,BB,2,1449
at:49:604,at:49:859,N62,1,23
at:49:605,at:49:1409,70A,1,218
at:49:605,at:49:685,70A,1,219
at:49:606,at:49:1035,49,2,3238
at:49:606,at:49:1035,E3,2,708
at:49:606,at:49:1035,N49,2,32
at:49:606,at:49:1035,U3,1,4056
at:49:606,at:49:12,10A,2,1716
at:49:606,at:49:1200,U3,1,4057
at:49:606,at:49:1713,12A,1,1189
at:49:606,at:49:556,12A,2,1194
at:49:606,at:49:556,49,2,3247
at:49:606,at:49:556,E3,2,708
at:49:606,at:49:556,N49,2,36
at:49:606,at:49:911,10A,1,1692
at:49:607,at:49:1141,25,2,508
at:49:607,at:49:1141,26,2,1634
at:49:607,at:49:1141,27,1,1659
at:49:607,at:49:1141,N20,2,97
at:49:607,at:49:1735,25,2,1705
at:49:607,at:49:1735,26,1,624
at:49:607,at:49:1735,27,1,85
at:49:607,at:49:1737,27A,2,465
at:49:607,at:49:21,25,2,1197
at:49:607,at:49:21,26,2,1241
at:49:607,at:49:21,26E,5,853
at:49:607,at:49:21,27,2,1620
at:49:607,at:49:21,N20,2,80
at:49:607,at:49:951,27A,3,463
at:49:608,at:49:1223,17A,1,376
at:49:608,at:49:1781,17A,1,378
at:49:609,at:49:1497,80A,1,1106
at:49:609,at:49:730,80A,1,1108
at:49:61,at:49:426,38,2,1624
at:49:61,at:49:426,N38,1,46
at:49:61,at:49:992,38,1,1624
at:49:61,at:49:992,N38,1,48
at:49:610,at:49:1720,61B,1,81
at:49:611,at:49:1147,20A,1,808
at:49:611,at:49:364,20A,1,793
at:49:612,at:49:564,49A,1,726
at:49:612,at:49:564,50B,1,196
at:49:612,at:49:978,49A,1,728
at:49:613,at:49:1171,60A,1,409
at:49:613,at:49:1171,66A,1,1383
at:49:613,at:49:1171,N66,1,72
at:49:613,at:49:174,60A,1,409
at:49:613,at:49:174,66A,2,1383
at:49:613,at:49:174,N66,2,63
at:49:614,at:49:634,38A,3,290
at:49:614,at:49:775,38A,1,290
at:49:615,at:49:1372,N8,2,22
at:49:615,at:49:1372,U6,2,13380
at:49:615,at:49:1558,46,2,489
at:49:615,at:49:1558,5,3,320
at:49:615,at:49:173,12,1,101
at:49:615,at:49:173,2,1,4372
at:49:615,at:49:19,12,3,1742
at:49:615,at:49:19,2,2,4326
at:49:615,at:49:27,N8,1,20
at:49:615,at:49:27,U6,2,13373
at:49:616,at:49:1755,7A,1,707
at:49:617,at:49:1151,28A,2,388
at:49:617,at:49:1858,28A,2,378
at:49:618,at:49:31,N25,1,16
at:49:618,at:49:641,N25,1,18
at:49:619,at:49:1198,1,2,4484
at:49:619,at:49:1198,2,3,4018
at:49:619,at:49:1198,D,2,864
at:49:619,at:49:1198,N29,2,72
at:49:619,at:49:245,1,2,846
at:49:619,at:49:245,2,2,4003
at:49:619,at:49:245,71,2,8
at:49:619,at:49:245,D,2,869
at:49:619,at:49:527,1,2,5204
at:49:619,at:49:527,N29,1,78
at:49:62,at:49:171,93A,1,496
at:49:62,at:49:1911,93A,1,530
at:49:620,at:49:1433,11A,1,2906
at:49:620,at:49:1433,12,2,2064
at:49:620,at:49:274,11A,1,1042
at:49:620,at:49:523,11A,2,1891
at:49:620,at:49:523,12,1,2075
at:49:621,at:49:1465,19A,1,273
at:49:621,at:49:1977,19A,1,273
at:49:622,at:49:1772,30A,1,818
at:49:622,at:49:1772,36A,2,220
at:49:622,at:49:1772,36B,2,284
at:49:623,at:49:1862,31A,1,1088
at:49:623,at:49:232,31A,1,1088
at:49:624,at:49:1024,93A,2,530
at:49:624,at:49:222,93A,1,496
at:49:625,at:49:1825,52A,1,188
at:49:627,at:49:1313,94A,3,542
at:49:627,at:49:1313,N20,2,80
at:49:627,at:49:1313,N25,2,18
at:49:627,at:49:1735,25,2,1705
at:49:627,at:49:1735,26,2,624
at:49:627,at:49:1735,27,2,85
at:49:627,at:49:238,25,1,1752
at:49:627,at:49:238,26,1,111
at:49:627,at:49:238,26A,2,2393
at:49:627,at:49:238,N20,1,82
at:49:627,at:49:238,N25,1,18
at:49:627,at:49:31,U1,2,4944
at:49:627,at:49:631,93A,2,648
at:49:627,at:49:633,22A,5,444
at:49:627,at:49:633,U1,2,4958
at:49:627,at:49:951,27B,2,226
at:49:627,at:49:984,27A,1,465
at:49:63,at:49:1052,47A,2,586
at:49:630,at:49:353,94A,1,548
at:49:630,at:49:927,94A,1,542
at:49:631,at:49:238,25,2,1752
at:49:631,at:49:238,26,1,111
at:49:631,at:49:238,93A,2,638
at:49:631,at:49:238,N25,2,16
at:49:631,at:49:31,N25,1,18
at:49:631,at:49:81,25,2,1752
at:49:631,at:49:81,26,1,111
at:49:631,at:49:81,93A,1,648
at:49:632,at:49:1860,N25,1,18
at:49:632,at:49:1862,31A,1,1088
at:49:632,at:49:633,31A,1,1086
at:49:632,at:49:633,N25,1,18
at:49:633,at:49:1141,25,2,508
at:49:633,at:49:1141,26,1,1634
at:49:633,at:49:1141,27,1,1659
at:49:633,at:49:1141,N20,2,80
at:49:633,at:49:1313,N20,1,96
at:49:633,at:49:1313,N25,1,20
at:49:633,at:49:1860,25A,3,2
at:49:633,at:49:1860,U1,2,4867
at:49:633,at:49:238,22A,3,438
at:49:633,at:49:627,U1,2,4944
at:49:633,at:49:632,31A,1,1088
at:49:633,at:49:632,N25,1,18
at:49:633,at:49:716,22A,2,1929
at:49:633,at:49:716,24A,2,1166
at:49:633,at:49:716,25,1,508
at:49:633,at:49:716,26,1,1634
at:49:633,at:49:716,27,1,1659
at:49:633,at:49:716,N23,2,28
at:49:633,at:49:716,N24,3,48
at:49:634,at:49:1343,38A,3,1217
at:49:634,at:49:614,38A,2,290
at:49:636,at:49:430,95A,2,1488
at:49:637,at:49:1053,60A,1,410
at:49:637,at:49:1053,N61,1,24
at:49:637,at:49:1105,60,2,1352
at:49:637,at:49:1695,60,1,1352
at:49:637,at:49:1695,N60,1,32
at:49:637,at:49:823,60A,1,407
at:49:637,at:49:823,N61,1,27
at:49:638,at:49:1472,73B,2,844
at:49:638,at:49:270,73A,1,1423
at:49:638,at:49:270,N71,1,98
at:49:638,at:49:991,71E,1,22
at:49:638,at:49:991,73B,2,844
at:49:639,at:49:1418,11,1,3889
at:49:639,at:49:1418,71,1,6363
at:49:639,at:49:1418,71E,1,20
at:49:639,at:49:1418,N71,1,88
at:49:639,at:49:87,73A,3,604
at:49:639,at:49:87,76B,1,420
at:49:639,at:49:87,79A,1,330
at:49:639,at:49:87,79B,1,127
at:49:639,at:49:902,73A,1,618
at:49:639,at:49:902,73B,1,844
at:49:639,at:49:907,73B,1,844
at:49:639,at:49:907,76B,1,426
at:49:639,at:49:907,79A,1,324
at:49:639,at:49:907,79B,1,127
at:49:640,at:49:1668,20B,2,146
at:49:640,at:49:1961,20B,3,146
at:49:641,at:49:1205,92A,2,1021
at:49:641,at:49:1205,92B,2,365
at:49:641,at:49:1205,N90,1,16
at:49:641,at:49:1731,20A,2,808
at:49:641,at:49:234,U1,1,4944
at:49:641,at:49:31,20A,5,5
at:49:641,at:49:31,U1,2,4958
at:49:641,at:49:47,N25,1,18
at:49:641,at:49:618,N25,1,16
at:49:642,at:49:290,92A,1,642
at:49:642,at:49:290,93A,2,496
at:49:642,at:49:290,N91,1,16
at:49:642,at:49:904,92A,1,644
at:49:642,at:49:904,93A,1,520
at:49:642,at:49:904,N91,1,18
at:49:643,at:49:1328,5,1,1993
at:49:644,at:49:1531,48A,1,2252
at:49:644,at:49:1531,N46,1,44
at:49:644,at:49:645,5,1,1993
at:49:644,at:49:646,5,2,1993
at:49:645,at:49:1558,5,1,1993
at:49:645,at:49:644,5,1,1993
at:49:645,at:49:705,48A,2,2246
at:49:646,at:49:1328,5,2,1993
at:49:646,at:49:1413,49,2,3223
at:49:646,at:49:1413,52,3,477
at:49:646,at:49:1413,N49,1,32
at:49:646,at:49:1533,49,1,3223
at:49:646,at:49:1533,52,2,477
at:49:646,at:49:1533,N49,1,36
at:49:646,at:49:644,5,1,1993
at:49:647,at:49:451,N61,1,18
at:49:647,at:49:478,N61,1,16
at:49:648,at:49:1336,35A,1,1346
at:49:648,at:49:1336,N35,1,32
at:49:648,at:49:404,35A,1,1320
at:49:648,at:49:404,N35,1,32
at:49:649,at:49:1163,93A,1,520
at:49:649,at:49:1163,96A,1,74
at:49:649,at:49:1163,N91,1,18
at:49:649,at:49:1330,92A,1,644
at:49:649,at:49:1330,96A,1,73
at:49:649,at:49:347,92A,1,642
at:49:649,at:49:347,93A,1,496
at:49:649,at:49:347,N91,1,16
at:49:65,at:49:370,45A,1,363
at:49:650,at:49:1364,92A,1,642
at:49:650,at:49:1634,92A,1,644
at:49:650,at:49:778,95A,1,1482
at:49:650,at:49:967,95A,1,1423
at:49:651,at:49:1023,85A,1,816
at:49:651,at:49:1279,85A,1,806
at:49:652,at:49:1579,72A,1,112
at:49:652,at:49:881,72A,1,116
at:49:653,at:49:1061,77A,1,1469
at:49:653,at:49:1104,U3,1,6844
at:49:653,at:49:1199,U3,1,6846
at:49:653,at:49:75,N75,1,16
at:49:653,at:49:765,77A,1,1464
at:49:653,at:49:765,N75,1,18
at:49:654,at:49:1449,5A,1,559
at:49:654,at:49:380,5A,1,558
at:49:655,at:49:1285,60A,1,410
at:49:655,at:49:49,60A,2,407
at:49:657,at:49:1094,1,2,846
at:49:657,at:49:1193,1,3,844
at:49:657,at:49:1193,2,3,142
at:49:657,at:49:1193,4A,1,1107
at:49:657,at:49:1305,U4,1,5207
at:49:657,at:49:1320,U1,2,4958
at:49:657,at:49:1366,U1,2,4946
at:49:657,at:49:670,N60,2,18
at:49:657,at:49:670,U4,2,5180
at:49:657,at:49:835,U2,2,5080
at:49:657,at:49:975,1,3,4053
at:49:657,at:49:975,59A,1,1602
at:49:657,at:49:975,62,1,1035
at:49:657,at:49:975,BB,2,1449
at:49:657,at:49:975,N46,1,116
at:49:657,at:49:975,N49,1,36
at:49:657,at:49:975,N62,1,23
at:49:658,at:49:798,69A,2,647
at:49:658,at:49:84,69A,2,642
at:49:659,at:49:1365,5A,1,392
at:49:659,at:49:1891,2,1,4475
at:49:659,at:49:1891,N29,1,74
at:49:659,at:49:407,5A,1,392
at:49:659,at:49:419,N29,1,68
at:49:659,at:49:838,2,2,4435
at:49:66,at:49:1504,54A,1,148
at:49:66,at:49:1504,54B,2,147
at:49:66,at:49:268,54A,1,147
at:49:66,at:49:268,54B,1,146
at:49:660,at:49:118,39A,1,663
at:49:660,at:49:1256,39B,4,54
at:49:660,at:49:367,39A,1,663
at:49:661,at:49:1417,60A,1,407
at:49:661,at:49:1417,N61,1,9
at:49:661,at:49:799,60A,2,410
at:49:661,at:49:799,N61,1,8
at:49:662,at:49:1018,57A,2,599
at:49:662,at:49:1985,57A,2,720
at:49:662,at:49:293,13A,1,3620
at:49:662,at:49:293,14A,2,1599
at:49:662,at:49:293,57A,1,1133
at:49:662,at:49:293,N71,1,50
at:49:662,at:49:737,57A,1,711
at:49:664,at:49:1017,13A,1,2608
at:49:664,at:49:1017,N71,1,32
at:49:664,at:49:920,13A,2,474
at:49:664,at:49:920,N71,2,16
at:49:664,at:49:921,48A,1,2246
at:49:664,at:49:921,N46,1,37
at:49:665,at:49:985,46A,1,581
at:49:665,at:49:997,46B,1,534
at:49:666,at:49:1095,U1,1,4946
at:49:666,at:49:1349,U1,1,4958
at:49:666,at:49:136,14A,1,1618
at:49:666,at:49:1474,14A,2,1618
at:49:668,at:49:1400,52B,1,160
at:49:669,at:49:1080,44,1,737
at:49:669,at:49:1190,10A,1,1807
at:49:669,at:49:1490,10A,1,1824
at:49:669,at:49:602,44,2,737
at:49:67,at:49:1005,N54,2,54
at:49:67,at:49:1132,18,2,137
at:49:67,at:49:1132,49,2,14
at:49:67,at:49:1132,5,1,103
at:49:67,at:49:1132,52,1,1694
at:49:67,at:49:1132,60,1,1242
at:49:67,at:49:1132,9,1,55
at:49:67,at:49:1132,E3,1,16
at:49:67,at:49:1132,N54,1,48
at:49:67,at:49:1324,12A,6,255
at:49:67,at:49:1459,57A,1,1735
at:49:67,at:49:1493,18,2,108
at:49:67,at:49:1493,46,1,15
at:49:67,at:49:1493,49,1,185
at:49:67,at:49:1493,5,2,103
at:49:67,at:49:1493,52,2,1694
at:49:67,at:49:1493,60,2,1244
at:49:67,at:49:1493,9,2,55
at:49:67,at:49:1493,E3,2,16
at:49:67,at:49:437,12A,4,254
at:49:670,at:49:1018,N60,2,18
at:49:670,at:49:1018,U4,1,5180
at:49:670,at:49:193,N60,2,20
at:49:670,at:49:657,U4,2,5207
at:49:671,at:49:1235,61B,1,82
at:49:671,at:49:1235,N64,1,16
at:49:671,at:49:575,61B,1,81
at:49:672,at:49:1246,43A,2,607
at:49:672,at:49:206,43B,2,55
at:49:672,at:49:85,43A,2,607
at:49:672,at:49:85,43B,2,55
at:49:673,at:49:1056,41A,1,487
at:49:673,at:49:1057,41A,1,492
at:49:674,at:49:1139,N65,1,96
at:49:674,at:49:1678,16A,1,760
at:49:675,at:49:1500,92A,1,642
at:49:675,at:49:1500,96A,1,74
at:49:676,at:49:220,92B,1,472
at:49:676,at:49:806,92B,1,472
at:49:677,at:49:1054,65A,2,16
at:49:679,at:49:1799,62A,1,676
at:49:679,at:49:1799,N65,1,106
at:49:679,at:49:421,62A,1,669
at:49:679,at:49:421,N65,1,96
at:49:68,at:49:594,34A,1,829
at:49:68,at:49:797,34A,1,508
at:49:680,at:49:704,48A,2,2246
at:49:681,at:49:960,16A,1,760
at:49:681,at:49:960,N65,1,96
at:49:681,at:49:986,16A,1,732
at:49:681,at:49:986,N65,1,106
at:49:682,at:49:1709,98A,1,796
at:49:682,at:49:297,26A,2,2393
at:49:682,at:49:297,88A,1,106
at:49:682,at:49:297,88B,1,343
at:49:682,at:49:297,98A,2,780
at:49:682,at:49:297,N20,2,82
at:49:682,at:49:751,26A,2,2393
at:49:682,at:49:751,88A,2,106
at:49:682,at:49:751,88B,2,351
at:49:682,at:49:751,N20,1,81
at:49:683,at:49:290,92B,2,472
at:49:683,at:49:806,92B,2,472
at:49:684,at:49:991,73A,1,1432
at:49:684,at:49:991,N71,1,86
at:49:685,at:49:1410,70A,1,219
at:49:685,at:49:605,70A,1,218
at:49:686,at:49:595,56B,1,643
at:49:686,at:49:595,N62,1,16
at:49:686,at:49:740,56B,1,633
at:49:686,at:49:740,N62,1,16
at:49:687,at:49:10,35A,1,1346
at:49:687,at:49:10,N35,1,32
at:49:687,at:49:1336,35A,1,1320
at:49:687,at:49:1336,N35,1,32
at:49:688,at:49:1091,71,1,6081
at:49:688,at:49:1091,77A,2,1469
at:49:688,at:49:1091,D,2,2
at:49:688,at:49:1091,N71,1,87
at:49:688,at:49:461,71,2,6050
at:49:688,at:49:461,N71,1,87
at:49:689,at:49:145,1,1,73
at:49:689,at:49:145,18,1,4059
at:49:689,at:49:145,62,1,407
at:49:689,at:49:755,1,2,4897
at:49:689,at:49:755,62,2,1035
at:49:689,at:49:755,BB,2,1449
at:49:689,at:49:849,1,2,5039
at:49:689,at:49:849,18,2,4076
at:49:689,at:49:849,62,2,1442
at:49:689,at:49:849,BB,2,1449
at:49:69,at:49:1335,32A,1,1263
at:49:690,at:49:37,8A,1,542
at:49:690,at:49:888,8A,1,545
at:49:692,at:49:1062,37A,2,870
at:49:692,at:49:1062,N8,2,18
at:49:692,at:49:1470,5B,1,1337
at:49:692,at:49:229,37A,1,864
at:49:692,at:49:229,N8,1,18
at:49:692,at:49:254,5B,1,1321
at:49:693,at:49:1113,99B,1,215
at:49:693,at:49:1221,99A,1,215
at:49:693,at:49:1221,99B,1,219
at:49:693,at:49:868,99A,1,219
at:49:694,at:49:174,66A,2,1359
at:49:694,at:49:174,N66,1,72
at:49:695,at:49:894,52A,1,188
at:49:696,at:49:41,12A,1,743
at:49:697,at:49:1239,17A,1,372
at:49:697,at:49:1239,66A,1,1399
at:49:697,at:49:1239,67A,2,230
at:49:697,at:49:1239,N66,1,72
at:49:697,at:49:1437,16A,1,736
at:49:697,at:49:599,16A,1,746
at:49:697,at:49:599,17A,1,375
at:49:697,at:49:599,66A,1,4
at:49:697,at:49:599,67A,1,231
at:49:697,at:49:599,N67,1,27
at:49:698,at:49:1121,46B,1,534
at:49:698,at:49:997,46A,1,581
at:49:699,at:49:1890,36B,3,286
at:49:699,at:49:548,26,2,817
at:49:699,at:49:548,27,2,2506
at:49:699,at:49:548,36A,1,220
at:49:699,at:49:548,36B,1,284
at:49:699,at:49:548,N20,2,90
at:49:699,at:49:812,36A,1,218
at:49:699,at:49:943,26,2,817
at:49:699,at:49:943,27,2,2506
at:49:699,at:49:943,N20,2,88
at:49:7,at:49:1327,19A,1,546
at:49:7,at:49:553,19A,1,273
at:49:70,at:49:1695,60,1,1352
at:49:70,at:49:855,60,1,1352
at:49:700,at:49:1098,67A,1,48
at:49:700,at:49:1098,67B,1,144
at:49:700,at:49:321,67A,1,79
at:49:700,at:49:321,67B,1,147
at:49:701,at:49:288,25,2,1752
at:49:701,at:49:288,26,1,111
at:49:701,at:49:288,26A,2,2393
at:49:701,at:49:288,96A,2,73
at:49:701,at:49:288,N20,1,81
at:49:701,at:49:387,86A,2,532
at:49:701,at:49:387,87A,2,144
at:49:701,at:49:387,95A,2,1482
at:49:701,at:49:476,26A,2,2393
at:49:701,at:49:749,25,1,1752
at:49:701,at:49:749,26,2,111
at:49:701,at:49:749,N20,1,82
at:49:702,at:49:1264,76A,1,260
at:49:702,at:49:1264,76B,1,236
at:49:702,at:49:399,71,1,6001
at:49:702,at:49:399,D,1,2
at:49:702,at:49:399,N71,1,87
at:49:702,at:49:425,71,2,5970
at:49:702,at:49:425,N71,2,87
at:49:703,at:49:788,66A,2,1383
at:49:704,at:49:1374,9,1,1570
at:49:704,at:49:179,48A,2,2246
at:49:704,at:49:197,9,2,1570
at:49:705,at:49:680,48A,1,2246
at:49:706,at:49:379,12A,2,738
at:49:706,at:49:379,N60,1,20
at:49:707,at:49:1053,60A,1,407
at:49:707,at:49:1053,N61,1,27
at:49:707,at:49:875,60A,1,410
at:49:707,at:49:875,N61,1,24
at:49:708,at:49:1230,66A,1,1395
at:49:708,at:49:1230,N66,1,69
at:49:709,at:49:1897,82A,1,294
at:49:709,at:49:1898,82A,1,294
at:49:71,at:49:633,25A,1,2
at:49:71,at:49:633,31A,2,2
at:49:710,at:49:1424,62,1,1887
at:49:710,at:49:504,62,1,1887
at:49:711,at:49:1208,42A,1,1027
at:49:711,at:49:1396,42A,1,1022
at:49:712,at:49:1132,18,1,108
at:49:712,at:49:1132,49,1,23
at:49:712,at:49:1132,5,1,103
at:49:712,at:49:1132,52,1,1694
at:49:712,at:49:1132,60,1,1242
at:49:712,at:49:1132,9,1,55
at:49:712,at:49:1132,E3,1,16
at:49:712,at:49:1132,N54,1,54
at:49:712,at:49:1306,18,1,137
at:49:712,at:49:1306,49,1,14
at:49:712,at:49:1306,5,1,103
at:49:712,at:49:1306,52,1,1694
at:49:712,at:49:1306,60,1,1242
at:49:712,at:49:1306,9,1,55
at:49:712,at:49:1306,E3,1,16
at:49:712,at:49:437,12A,1,920
at:49:712,at:49:437,N54,1,48
at:49:712,at:49:501,12A,1,924
at:49:713,at:49:1343,38A,3,1217
at:49:713,at:49:209,38A,2,1217
at:49:714,at:49:1108,35A,1,1320
at:49:714,at:49:1108,N35,1,32
at:49:714,at:49:443,35A,1,1346
at:49:714,at:49:443,N35,1,32
at:49:715,at:49:425,76A,1,616
at:49:715,at:49:425,76B,1,420
at:49:716,at:49:633,22A,2,1948
at:49:716,at:49:633,24A,2,1168
at:49:716,at:49:633,25,2,508
at:49:716,at:49:633,26,3,1634
at:49:716,at:49:633,27,3,1659
at:49:716,at:49:633,N23,1,28
at:49:716,at:49:633,N24,1,42
at:49:716,at:49:8,22A,2,1929
at:49:716,at:49:8,N23,1,28
at:49:716,at:49:8,N24,1,32
at:49:716,at:49:839,24A,1,1166
at:49:716,at:49:839,N24,1,16
at:49:716,at:49:938,25,2,508
at:49:716,at:49:938,26,1,1634
at:49:716,at:49:938,27,2,1659
at:49:717,at:49:1703,5B,2,1337
at:49:717,at:49:428,38A,1,2033
at:49:718,at:49:395,42A,1,1022
at:49:718,at:49:976,42A,1,1027
at:49:719,at:49:1187,44A,1,639
at:49:719,at:49:139,44A,1,639
at:49:72,at:49:119,36A,1,220
at:49:72,at:49:119,36B,1,284
at:49:720,at:49:1258,95A,1,1479
at:49:720,at:49:1258,97A,1,14
at:49:721,at:49:1245,68A,1,435
at:49:721,at:49:1245,68B,1,437
at:49:721,at:49:1245,N68,1,22
at:49:721,at:49:315,68A,1,434
at:49:721,at:49:315,68B,1,434
at:49:721,at:49:315,N68,1,25
at:49:722,at:49:1239,67B,3,192
at:49:722,at:49:1742,67B,1,190
at:49:722,at:49:1742,N67,1,27
at:49:723,at:49:336,35A,1,1346
at:49:723,at:49:336,N35,1,32
at:49:723,at:49:972,35A,1,1320
at:49:723,at:49:972,N35,1,32
at:49:724,at:49:321,67A,1,103
at:49:724,at:49:321,67B,1,94
at:49:725,at:49:611,20A,1,793
at:49:726,at:49:204,61A,2,264
at:49:726,at:49:350,61A,1,253
at:49:727,at:49:1287,N62,1,27
at:49:727,at:49:849,N62,1,23
at:49:728,at:49:1935,62A,1,669
at:49:728,at:49:1935,64A,2,280
at:49:728,at:49:1935,N65,2,96
at:49:728,at:49:421,62A,1,676
at:49:728,at:49:421,64A,1,279
at:49:728,at:49:421,N65,1,106
at:49:729,at:49:1803,68A,1,434
at:49:73,at:49:1272,42,1,1518
at:49:73,at:49:1272,9,1,390
at:49:730,at:49:348,80A,1,1108
at:49:730,at:49:609,80A,1,1106
at:49:732,at:49:1510,38,3,343
at:49:732,at:49:1510,40,2,1614
at:49:732,at:49:1510,41,2,1731
at:49:732,at:49:1510,41E,2,480
at:49:732,at:49:1510,N41,2,60
at:49:732,at:49:843,38,1,343
at:49:732,at:49:843,40,1,1619
at:49:732,at:49:843,41,1,1736
at:49:732,at:49:843,41E,1,480
at:49:732,at:49:843,N41,1,56
at:49:733,at:49:1894,11A,2,1994
at:49:733,at:49:1894,N81,1,27
at:49:733,at:49:974,11A,1,1967
at:49:733,at:49:974,N81,1,27
at:49:734,at:49:1193,2A,2,572
at:49:735,at:49:949,17A,3,374
at:49:736,at:49:1091,1,2,153
at:49:736,at:49:1091,O,2,1927
at:49:736,at:49:300,1,2,104
at:49:736,at:49:300,O,2,1927
at:49:737,at:49:1812,57A,1,711
at:49:737,at:49:662,57A,1,711
at:49:74,at:49:460,50B,1,196
at:49:740,at:49:686,56B,1,643
at:49:740,at:49:686,N62,1,16
at:49:741,at:49:1098,67A,1,71
at:49:741,at:49:5,67A,1,48
at:49:742,at:49:1184,43,2,3052
at:49:742,at:49:1184,44,2,719
at:49:742,at:49:1184,N43,1,86
at:49:742,at:49:747,2,1,7
at:49:742,at:49:747,43,1,3052
at:49:742,at:49:747,44,1,719
at:49:742,at:49:747,N43,1,86
at:49:743,at:49:1104,U3,1,6846
at:49:743,at:49:1198,U4,1,3668
at:49:743,at:49:1218,1,2,104
at:49:743,at:49:1218,O,2,1927
at:49:743,at:49:1305,U4,1,5180
at:49:743,at:49:1471,74A,2,1994
at:49:743,at:49:1471,N75,2,18
at:49:743,at:49:245,74A,2,1947
at:49:743,at:49:245,N75,2,16
at:49:743,at:49:245,U3,1,6844
at:49:743,at:49:845,1,1,153
at:49:743,at:49:845,O,1,1927
at:49:744,at:49:1096,54A,2,147
at:49:744,at:49:1475,54A,1,148
at:49:745,at:49:1478,79A,1,324
at:49:745,at:49:1478,79B,1,127
at:49:745,at:49:17,73A,1,612
at:49:745,at:49:17,79A,1,330
at:49:745,at:49:17,79B,1,127
at:49:746,at:49:121,93A,1,638
at:49:746,at:49:1241,93A,1,648
at:49:746,at:49:1241,N90,1,14
at:49:746,at:49:1291,N90,1,16
at:49:747,at:49:1267,2,1,7
at:49:747,at:49:1267,43,1,3052
at:49:747,at:49:1267,44,1,719
at:49:747,at:49:1267,N43,1,86
at:49:747,at:49:742,43,2,3052
at:49:747,at:49:742,44,2,719
at:49:747,at:49:742,N43,2,86
at:49:747,at:49:753,12,2,1746
at:49:747,at:49:753,5,2,1673
at:49:747,at:49:762,12,2,1742
at:49:747,at:49:762,5,1,1673
at:49:748,at:49:1859,29A,1,946
at:49:748,at:49:239,29A,1,946
at:49:748,at:49:239,N25,1,18
at:49:748,at:49:893,N25,1,16
at:49:749,at:49:473,25,2,1752
at:49:749,at:49:473,26,1,111
at:49:749,at:49:473,95A,2,1423
at:49:749,at:49:473,96A,3,74
at:49:749,at:49:473,N20,1,82
at:49:749,at:49:701,25,2,1752
at:49:749,at:49:701,26,2,111
at:49:749,at:49:701,86A,2,532
at:49:749,at:49:701,87A,2,144
at:49:749,at:49:701,95A,1,1482
at:49:749,at:49:701,96A,1,73
at:49:749,at:49:701,N20,1,81
at:49:75,at:49:653,77A,1,1464
at:49:75,at:49:653,N75,1,18
at:49:75,at:49:993,N75,1,16
at:49:750,at:49:1245,15A,2,1204
at:49:750,at:49:908,15A,1,1206
at:49:751,at:49:1046,88A,2,106
at:49:751,at:49:1046,88B,2,351
at:49:751,at:49:337,26A,1,2393
at:49:751,at:49:337,N20,1,81
at:49:751,at:49:682,26A,2,2393
at:49:751,at:49:682,88A,2,106
at:49:751,at:49:682,88B,2,343
at:49:751,at:49:682,N20,1,82
at:49:753,at:49:1267,13A,1,2608
at:49:753,at:49:1267,N71,1,32
at:49:753,at:49:1559,13A,2,2600
at:49:753,at:49:1559,N71,2,32
at:49:753,at:49:333,12,1,1746
at:49:753,at:49:333,5,1,1673
at:49:753,at:49:747,12,2,1742
at:49:753,at:49:747,5,2,1673
at:49:754,at:49:1035,10,1,1385
at:49:754,at:49:1035,46,2,586
at:49:754,at:49:1035,49,2,138
at:49:754,at:49:1317,10,1,1385
at:49:754,at:49:1317,46,1,586
at:49:754,at:49:1317,49,1,138
at:49:755,at:49:604,1,1,4897
at:49:755,at:49:604,62,2,1035
at:49:755,at:49:604,BB,1,1449
at:49:755,at:49:604,N62,1,23
at:49:755,at:49:689,1,1,4971
at:49:755,at:49:689,62,1,1035
at:49:755,at:49:689,BB,1,1449
at:49:755,at:49:849,N62,2,27
at:49:757,at:49:758,32A,1,1267
at:49:758,at:49:1873,32A,1,1267
at:49:758,at:49:769,32A,2,1415
at:49:760,at:49:1191,65A,1,464
at:49:760,at:49:1191,66A,1,1415
at:49:760,at:49:1191,N66,1,42
at:49:760,at:49:1393,11,2,5054
at:49:760,at:49:1393,65A,1,464
at:49:760,at:49:1393,N65,1,95
at:49:760,at:49:1393,O,1,2048
at:49:760,at:49:761,66A,2,1381
at:49:760,at:49:761,N66,2,75
at:49:760,at:49:86,11,2,5062
at:49:760,at:49:86,N65,1,103
at:49:760,at:49:86,N66,2,24
at:49:760,at:49:86,O,2,2048
at:49:761,at:49:1078,15A,1,1291
at:49:761,at:49:2924,66A,3,26
at:49:761,at:49:2924,N66,3,6
at:49:761,at:49:295,15A,1,1250
at:49:761,at:49:708,66A,1,1355
at:49:761,at:49:708,N66,1,69
at:49:761,at:49:760,66A,1,1421
at:49:761,at:49:760,N66,1,63
at:49:762,at:49:1288,12,2,1742
at:49:762,at:49:1288,5,2,1673
at:49:762,at:49:747,12,2,1746
at:49:762,at:49:747,5,2,1673
at:49:763,at:49:1061,74A,4,588
at:49:763,at:49:1425,74A,1,1406
at:49:764,at:49:339,51A,1,1008
at:49:764,at:49:54,51A,1,1008
at:49:765,at:49:283,77A,1,1464
at:49:765,at:49:283,N75,1,18
at:49:765,at:49:653,77A,2,1469
at:49:765,at:49:653,N75,1,16
at:49:766,at:49:297,98A,1,596
at:49:767,at:49:1455,99A,2,219
at:49:767,at:49:868,99A,1,215
at:49:768,at:49:1529,13A,2,3778
at:49:768,at:49:604,13A,1,3776
at:49:769,at:49:1859,U1,1,4852
at:49:769,at:49:1861,29B,1,837
at:49:769,at:49:1885,36B,2,308
at:49:769,at:49:587,32A,1,1267
at:49:769,at:49:6,29B,1,853
at:49:769,at:49:6,N25,1,16
at:49:77,at:49:1469,59A,1,1739
at:49:77,at:49:267,18,2,4066
at:49:77,at:49:267,6,2,2166
at:49:77,at:49:267,N6,1,54
at:49:77,at:49:269,59A,1,1701
at:49:77,at:49:379,N6,1,54
at:49:77,at:49:827,18,2,4066
at:49:77,at:49:827,6,2,2166
at:49:770,at:49:766,98A,1,596
at:49:771,at:49:1151,28A,1,378
at:49:771,at:49:1151,29A,2,946
at:49:771,at:49:1151,N25,1,18
at:49:771,at:49:1216,27A,2,459
at:49:771,at:49:1216,N25,2,18
at:49:771,at:49:271,27A,1,463
at:49:771,at:49:271,29A,1,946
at:49:772,at:49:816,97A,1,1031
at:49:773,at:49:1277,31A,2,1088
at:49:773,at:49:232,27A,1,463
at:49:773,at:49:232,31A,1,1088
at:49:774,at:49:1629,60A,1,409
at:49:774,at:49:174,60A,2,1
at:49:774,at:49:174,62A,2,676
at:49:774,at:49:174,N65,2,106
at:49:774,at:49:204,60A,1,409
at:49:774,at:49:247,62A,1,675
at:49:774,at:49:247,N65,1,96
at:49:775,at:49:614,38A,2,290
at:49:776,at:49:143,17A,1,375
at:49:776,at:49:143,N17,1,21
at:49:776,at:49:949,70A,1,218
at:49:776,at:49:970,17A,1,374
at:49:776,at:49:970,70A,1,219
at:49:776,at:49:970,N17,1,23
at:49:777,at:49:1340,46,2,2228
at:49:777,at:49:1340,N46,2,54
at:49:777,at:49:1430,N46,1,72
at:49:777,at:49:1794,46,1,2228
at:49:778,at:49:1278,25,1,1752
at:49:778,at:49:1278,26,1,111
at:49:778,at:49:1278,95A,1,1482
at:49:778,at:49:1278,N20,1,81
at:49:778,at:49:1630,25,1,1752
at:49:778,at:49:1630,26,1,111
at:49:778,at:49:1631,N20,2,82
at:49:778,at:49:650,95A,1,1423
at:49:780,at:49:166,46,1,586
at:49:780,at:49:166,49,1,3311
at:49:780,at:49:166,N49,1,86
at:49:780,at:49:472,46,2,586
at:49:780,at:49:472,49,2,3302
at:49:780,at:49:472,N49,2,100
at:49:780,at:49:55,51A,1,1008
at:49:780,at:49:55,51B,2,323
at:49:780,at:49:889,51A,1,1008
at:49:780,at:49:889,51B,1,320
at:49:781,at:49:11,5A,1,567
at:49:781,at:49:341,11A,1,2049
at:49:781,at:49:341,N29,1,68
at:49:781,at:49:363,11A,2,2037
at:49:781,at:49:363,5A,2,576
at:49:781,at:49:363,N29,2,74
at:49:782,at:49:1514,16A,1,430
at:49:782,at:49:1857,16A,1,760
at:49:783,at:49:1374,46,1,2717
at:49:783,at:49:1374,N46,1,109
at:49:783,at:49:172,46,1,2717
at:49:783,at:49:172,N46,1,116
at:49:784,at:49:1121,10,2,1392
at:49:784,at:49:1121,12,2,101
at:49:784,at:49:1121,2,2,4486
at:49:784,at:49:450,10,2,1392
at:49:784,at:49:450,12,3,101
at:49:784,at:49:450,2,2,4491
at:49:785,at:49:1050,25A,1,362
at:49:785,at:49:1050,N25,1,18
at:49:785,at:49:1386,25A,1,356
at:49:785,at:49:955,N25,2,18
at:49:786,at:49:1062,D,2,4359
at:49:786,at:49:1062,N35,1,16
at:49:786,at:49:1062,N36,1,27
at:49:786,at:49:1658,N38,2,58
at:49:786,at:49:692,N8,2,18
at:49:786,at:49:950,1,2,252
at:49:786,at:49:950,38,1,1
at:49:786,at:49:950,D,1,292
at:49:786,at:49:99,1,1,242
at:49:786,at:49:99,D,1,4657
at:49:787,at:49:226,98A,1,596
at:49:788,at:49:1228,61A,2,253
at:49:788,at:49:1228,64A,2,65
at:49:788,at:49:247,60A,2,1
at:49:788,at:49:247,62A,2,676
at:49:788,at:49:247,N65,1,106
at:49:788,at:49:789,61B,1,82
at:49:788,at:49:807,60A,2,407
at:49:788,at:49:807,N61,1,27
at:49:788,at:49:850,66A,2,1359
at:49:788,at:49:850,N66,2,72
at:49:789,at:49:788,61B,2,81
at:49:789,at:49:998,61B,2,82
at:49:79,at:49:1019,13A,2,3778
at:49:790,at:49:1228,61A,1,264
at:49:790,at:49:791,61A,1,253
at:49:791,at:49:576,61A,2,253
at:49:791,at:49:790,61A,1,264
at:49:792,at:49:188,48A,2,2252
at:49:793,at:49:1125,66A,1,1383
at:49:793,at:49:1125,N66,1,63
at:49:793,at:49:214,66A,1,1359
at:49:793,at:49:214,N66,1,72
at:49:794,at:49:1409,70A,1,219
at:49:794,at:49:1409,N17,1,23
at:49:794,at:49:1411,70A,1,218
at:49:794,at:49:1411,N17,1,21
at:49:796,at:49:1007,64A,1,65
at:49:796,at:49:261,64A,1,64
at:49:797,at:49:1544,34A,1,508
at:49:797,at:49:68,34A,1,829
at:49:798,at:49:435,69A,1,647
at:49:798,at:49:658,69A,1,642
at:49:799,at:49:661,60A,2,407
at:49:799,at:49:661,N61,1,9
at:49:799,at:49:852,60A,1,410
at:49:799,at:49:852,N61,1,8
at:49:8,at:49:1027,22A,2,1929
at:49:8,at:49:1027,N23,1,28
at:49:8,at:49:1027,N24,1,32
at:49:8,at:49:716,22A,1,1948
at:49:8,at:49:716,N23,1,28
at:49:80,at:49:309,38A,1,2033
at:49:80,at:49:925,38A,1,2033
at:49:800,at:49:1111,69A,1,631
at:49:800,at:49:332,69A,2,642
at:49:801,at:49:1139,64B,4,29
at:49:801,at:49:1139,N8,2,16
at:49:801,at:49:1319,64B,2,30
at:49:801,at:49:1319,N8,2,16
at:49:803,at:49:251,37A,3,154
at:49:803,at:49:251,40A,1,1090
at:49:803,at:49:420,37A,1,156
at:49:803,at:49:420,40A,1,1084
at:49:804,at:49:1193,4A,3,408
at:49:804,at:49:1813,4A,2,698
at:49:804,at:49:44,4A,1,1107
at:49:805,at:49:1425,71,3,6001
at:49:805,at:49:1425,D,2,2
at:49:805,at:49:1425,N71,1,87
at:49:805,at:49:885,71,1,5970
at:49:805,at:49:885,N71,1,87
at:49:806,at:49:676,92B,1,472
at:49:806,at:49:683,92B,2,472
at:49:807,at:49:707,60A,1,407
at:49:807,at:49:707,N61,1,27
at:49:808,at:49:1911,93A,1,496
at:49:808,at:49:222,93A,2,530
at:49:809,at:49:1610,92B,1,10
at:49:809,at:49:316,92B,1,462
at:49:809,at:49:990,92B,1,472
at:49:81,at:49:1316,93A,1,648
at:49:81,at:49:236,25,1,1752
at:49:81,at:49:236,26,2,111
at:49:81,at:49:631,25,1,1752
at:49:81,at:49:631,26,2,111
at:49:81,at:49:631,93A,2,638
at:49:811,at:49:1143,26A,1,2393
at:49:811,at:49:1143,N20,1,82
at:49:811,at:49:1247,26A,2,2393
at:49:811,at:49:1247,97A,2,1031
at:49:811,at:49:1247,N20,1,81
at:49:812,at:49:591,36A,1,218
at:49:812,at:49:699,36A,2,220
at:49:813,at:49:1385,5A,1,559
at:49:813,at:49:1693,37A,1,864
at:49:813,at:49:1704,37A,2,359
at:49:813,at:49:1704,5A,1,558
at:49:813,at:49:500,37A,2,359
at:49:813,at:49:569,37A,4,152
at:49:814,at:49:42,15A,2,1204
at:49:814,at:49:425,15A,1,1206
at:49:815,at:49:1260,72A,3,459
at:49:815,at:49:361,72A,1,457
at:49:816,at:49:1649,97A,1,1031
at:49:816,at:49:828,97A,1,1058
at:49:817,at:49:1549,80A,1,707
at:49:817,at:49:359,80A,1,1108
at:49:818,at:49:1867,77A,1,628
at:49:818,at:49:1867,78A,1,315
at:49:818,at:49:1867,79B,1,3
at:49:818,at:49:453,77A,1,633
at:49:818,at:49:453,78A,2,315
at:49:819,at:49:442,46,1,15
at:49:819,at:49:442,49,1,162
at:49:819,at:49:442,52,1,1771
at:49:819,at:49:442,60,1,21
at:49:819,at:49:55,46,1,15
at:49:819,at:49:55,49,1,153
at:49:819,at:49:55,52,1,1771
at:49:819,at:49:55,60,1,21
at:49:82,at:49:820,12A,4,743
at:49:820,at:49:1324,12A,1,1174
at:49:820,at:49:1324,N8,1,16
at:49:820,at:49:436,U6,1,13373
at:49:820,at:49:470,N8,1,16
at:49:820,at:49:706,12A,1,738
at:49:820,at:49:706,N60,1,20
at:49:820,at:49:827,U4,2,5207
at:49:820,at:49:863,N60,1,18
at:49:820,at:49:863,U4,1,5180
at:49:820,at:49:937,U6,1,13380
at:49:821,at:49:1199,18,1,4366
at:49:821,at:49:1199,77A,2,1352
at:49:821,at:49:1199,80A,1,1106
at:49:821,at:49:1206,80A,2,1108
at:49:821,at:49:1568,18,2,661
at:49:821,at:49:1568,77A,1,524
at:49:821,at:49:282,77A,12,843
at:49:822,at:49:1050,25A,1,198
at:49:822,at:49:155,25A,1,202
at:49:823,at:49:1105,60A,1,407
at:49:823,at:49:1105,N61,1,27
at:49:823,at:49:637,60A,1,410
at:49:823,at:49:637,N61,1,24
at:49:824,at:49:1365,2A,1,136
at:49:824,at:49:1365,5A,1,392
at:49:824,at:49:961,2A,2,136
at:49:824,at:49:961,5A,1,392
at:49:824,at:49:961,5B,2,3
at:49:825,at:49:15,76A,1,126
at:49:825,at:49:15,76B,1,184
at:49:825,at:49:16,76A,1,170
at:49:825,at:49:16,76B,1,133
at:49:827,at:49:1018,U4,2,5207
at:49:827,at:49:1725,N60,1,18
at:49:827,at:49:436,18,2,4066
at:49:827,at:49:436,6,2,2166
at:49:827,at:49:77,18,2,4066
at:49:827,at:49:77,6,2,2166
at:49:827,at:49:820,U4,2,5180
at:49:828,at:49:487,97A,3,1058
at:49:828,at:49:772,97A,1,1031
at:49:829,at:49:1018,13A,1,3624
at:49:829,at:49:1018,N71,1,48
at:49:829,at:49:1529,13A,2,3642
at:49:829,at:49:517,59A,2,1618
at:49:829,at:49:517,N71,2,43
at:49:829,at:49:830,12A,1,738
at:49:829,at:49:830,14A,1,19
at:49:829,at:49:830,59A,1,83
at:49:83,at:49:1279,24A,1,1166
at:49:83,at:49:1279,N24,1,16
at:49:83,at:49:1597,86A,1,531
at:49:83,at:49:1619,85A,1,4
at:49:83,at:49:964,24A,1,1168
at:49:83,at:49:964,N24,2,42
at:49:830,at:49:104,59A,2,1701
at:49:830,at:49:1086,12A,3,738
at:49:830,at:49:1086,14A,2,19
at:49:830,at:49:137,13A,2,20
at:49:831,at:49:141,76A,1,396
at:49:831,at:49:141,79B,1,139
at:49:831,at:49:1580,79A,1,55
at:49:831,at:49:1580,79B,2,150
at:49:831,at:49:463,76A,1,386
at:49:833,at:49:1468,18,2,4066
at:49:833,at:49:1468,6,2,2166
at:49:833,at:49:436,18,2,4066
at:49:833,at:49:436,6,2,2166
at:49:835,at:49:1430,N46,1,18
at:49:835,at:49:1430,N49,2,8
at:49:835,at:49:1430,U2,1,5080
at:49:835,at:49:396,57A,1,1431
at:49:835,at:49:657,N46,2,116
at:49:835,at:49:657,N49,2,36
at:49:835,at:49:657,U2,2,5103
at:49:838,at:49:1145,2,3,40
at:49:838,at:49:1198,2,2,4395
at:49:839,at:49:1539,24A,1,1166
at:49:839,at:49:1539,N24,1,16
at:49:839,at:49:716,24A,1,1168
at:49:839,at:49:716,N24,1,42
at:49:84,at:49:1016,69A,1,642
at:49:84,at:49:658,69A,1,647
at:49:840,at:49:1121,10,2,1392
at:49:840,at:49:1121,46A,3,581
at:49:840,at:49:1303,45A,1,363
at:49:840,at:49:1303,46A,1,581
at:49:840,at:49:1303,46B,1,534
at:49:840,at:49:1489,10,1,1392
at:49:840,at:49:1489,44,1,40
at:49:840,at:49:1489,46,1,2717
at:49:840,at:49:1489,N46,1,109
at:49:840,at:49:372,45A,2,356
at:49:840,at:49:372,46B,2,534
at:49:840,at:49:981,44,2,737
at:49:840,at:49:981,46,2,2717
at:49:841,at:49:1352,16A,1,18
at:49:841,at:49:1352,63A,1,1066
at:49:841,at:49:1679,16A,1,20
at:49:841,at:49:1679,63A,1,1030
at:49:842,at:49:1822,43B,1,55
at:49:842,at:49:85,43B,1,55
at:49:843,at:49:101,38,2,343
at:49:843,at:49:101,40,2,1619
at:49:843,at:49:101,41,2,1736
at:49:843,at:49:101,41E,2,480
at:49:843,at:49:101,N41,1,56
at:49:843,at:49:732,38,1,343
at:49:843,at:49:732,40,1,1614
at:49:843,at:49:732,41,1,1731
at:49:843,at:49:732,41E,1,480
at:49:843,at:49:732,N41,1,60
at:49:844,at:49:267,18,2,21
at:49:844,at:49:267,6,2,23
at:49:844,at:49:267,62,2,1747
at:49:844,at:49:267,BB,3,1449
at:49:844,at:49:368,18,1,21
at:49:844,at:49:368,6,1,23
at:49:844,at:49:368,62,1,1747
at:49:844,at:49:368,BB,2,1449
at:49:845,at:49:527,1,2,153
at:49:845,at:49:527,O,2,1927
at:49:845,at:49:743,1,1,104
at:49:845,at:49:743,O,2,1927
at:49:846,at:49:339,51A,1,1008
at:49:846,at:49:983,51A,1,1008
at:49:847,at:49:1207,95A,1,1482
at:49:848,at:49:100,33A,4,184
at:49:848,at:49:334,12,2,6
at:49:848,at:49:334,30,3,2
at:49:848,at:49:334,31,3,2336
at:49:848,at:49:334,5,3,19
at:49:848,at:49:334,N29,2,46
at:49:848,at:49:334,N31,2,30
at:49:848,at:49:363,N29,4,68
at:49:848,at:49:363,N31,4,27
at:49:848,at:49:366,34A,1,827
at:49:848,at:49:50,33A,1,184
at:49:848,at:49:50,N29,2,28
at:49:848,at:49:554,12,1,6
at:49:848,at:49:554,30,2,2
at:49:848,at:49:554,31,1,2336
at:49:848,at:49:554,5,1,19
at:49:849,at:49:1060,1,2,5039
at:49:849,at:49:1060,18,2,21
at:49:849,at:49:1060,6,2,2189
at:49:849,at:49:1060,62,2,305
at:49:849,at:49:1286,14A,2,1618
at:49:849,at:49:1598,N6,2,27
at:49:849,at:49:2500,18,5,7
at:49:849,at:49:267,18,2,4087
at:49:849,at:49:267,6,2,2189
at:49:849,at:49:267,62,2,1747
at:49:849,at:49:267,BB,2,1449
at:49:849,at:49:267,N6,3,54
at:49:849,at:49:296,14A,1,1618
at:49:849,at:49:689,1,1,4970
at:49:849,at:49:689,18,2,4059
at:49:849,at:49:689,62,1,1442
at:49:849,at:49:689,BB,1,1449
at:49:849,at:49:727,N62,1,27
at:49:849,at:49:755,N62,3,23
at:49:85,at:49:672,43A,2,607
at:49:85,at:49:672,43B,2,55
at:49:85,at:49:842,43B,1,55
at:49:85,at:49:936,43A,1,607
at:49:850,at:49:793,66A,1,1359
at:49:850,at:49:793,N66,1,72
at:49:852,at:49:1127,60A,1,410
at:49:852,at:49:1127,N60,1,32
at:49:852,at:49:1127,N61,1,8
at:49:852,at:49:799,60A,1,407
at:49:852,at:49:799,N61,1,9
at:49:853,at:49:343,56A,1,541
at:49:853,at:49:49,56A,1,567
at:49:854,at:49:1417,56A,1,551
at:49:854,at:49:1417,60A,1,410
at:49:854,at:49:1417,N61,1,8
at:49:854,at:49:1936,N60,3,32
at:49:854,at:49:343,56A,2,567
at:49:854,at:49:343,60,1,1362
at:49:854,at:49:343,N60,1,48
at:49:854,at:49:655,60A,3,407
at:49:854,at:49:855,60,1,1362
at:49:855,at:49:70,60,2,1352
at:49:855,at:49:854,60,1,1362
at:49:856,at:49:621,19A,1,273
at:49:858,at:49:1344,15A,1,1206
at:49:858,at:49:908,15A,1,1204
at:49:859,at:49:604,1,1,4971
at:49:859,at:49:604,62,1,1035
at:49:859,at:49:604,BB,2,1449
at:49:859,at:49:604,N62,1,27
at:49:859,at:49:996,1,1,4897
at:49:859,at:49:996,62,2,1035
at:49:859,at:49:996,BB,2,1449
at:49:859,at:49:996,N62,1,23
at:49:86,at:49:1058,11,1,5062
at:49:86,at:49:1058,N65,1,103
at:49:86,at:49:1058,N66,3,27
at:49:86,at:49:1058,O,1,2048
at:49:86,at:49:510,7A,2,707
at:49:86,at:49:616,7A,1,707
at:49:86,at:49:760,11,2,5054
at:49:86,at:49:760,N65,2,95
at:49:86,at:49:760,N66,2,75
at:49:86,at:49:760,O,2,2048
at:49:860,at:49:260,32A,1,78
at:49:861,at:49:1490,12,1,101
at:49:861,at:49:1490,2,2,4491
at:49:861,at:49:602,12,2,101
at:49:861,at:49:602,2,2,4636
at:49:861,at:49:602,9,2,1574
at:49:862,at:49:1809,95A,1,1479
at:49:862,at:49:1809,97A,1,14
at:49:862,at:49:1964,95A,2,340
at:49:862,at:49:910,95A,1,1153
at:49:863,at:49:1112,63A,2,1066
at:49:863,at:49:1126,7A,2,713
at:49:863,at:49:1126,9A,1,579
at:49:863,at:49:1211,N60,2,18
at:49:863,at:49:1211,U4,1,5180
at:49:863,at:49:142,10A,2,1716
at:49:863,at:49:820,N60,1,20
at:49:863,at:49:820,U4,1,5207
at:49:863,at:49:937,10A,2,1692
at:49:863,at:49:937,63A,2,1074
at:49:865,at:49:1015,59A,3,680
at:49:865,at:49:1015,62,1,1860
at:49:865,at:49:1015,9A,1,294
at:49:865,at:49:1015,BB,1,2089
at:49:865,at:49:1015,N8,1,16
at:49:865,at:49:103,18,2,21
at:49:865,at:49:103,59A,1,1701
at:49:865,at:49:103,6,2,23
at:49:865,at:49:103,62,2,1747
at:49:865,at:49:103,BB,2,2089
at:49:865,at:49:1262,59A,2,1059
at:49:865,at:49:1262,9A,1,285
at:49:865,at:49:368,N8,2,16
at:49:865,at:49:895,62,1,113
at:49:867,at:49:413,64A,1,280
at:49:867,at:49:413,N64,1,16
at:49:867,at:49:923,64A,1,279
at:49:867,at:49:923,N64,1,16
at:49:868,at:49:693,99A,1,215
at:49:868,at:49:767,99A,1,219
at:49:869,at:49:1034,94A,1,548
at:49:869,at:49:353,94A,1,542
at:49:87,at:49:1478,73A,1,604
at:49:87,at:49:1478,76B,1,420
at:49:87,at:49:1478,79A,1,330
at:49:87,at:49:1478,79B,1,127
at:49:87,at:49:639,73A,3,612
at:49:87,at:49:639,76B,1,426
at:49:87,at:49:639,79A,1,324
at:49:87,at:49:639,79B,1,127
at:49:870,at:49:1266,49A,1,726
at:49:870,at:49:1266,50B,1,196
at:49:872,at:49:1513,34A,1,499
at:49:872,at:49:1544,34A,1,489
at:49:873,at:49:20,2A,1,572
at:49:873,at:49:457,1A,2,676
at:49:874,at:49:1510,37,2,338
at:49:874,at:49:1510,40,2,642
at:49:874,at:49:1510,41,3,663
at:49:874,at:49:1510,42,2,1518
at:49:874,at:49:1510,N8,2,20
at:49:874,at:49:1510,U6,2,13326
at:49:874,at:49:1920,37,1,338
at:49:874,at:49:1920,40,1,637
at:49:874,at:49:1920,41,1,658
at:49:874,at:49:1920,42,1,1518
at:49:874,at:49:27,N8,2,22
at:49:874,at:49:27,U6,2,13376
at:49:875,at:49:788,60A,2,410
at:49:875,at:49:788,N61,1,24
at:49:877,at:49:1013,12A,1,1189
at:49:878,at:49:1423,44A,1,410
at:49:879,at:49:42,69A,2,642
at:49:879,at:49:43,69A,1,631
at:49:88,at:49:320,79A,1,440
at:49:88,at:49:320,79B,1,162
at:49:880,at:49:317,84A,1,714
at:49:880,at:49:317,N84,1,14
at:49:880,at:49:60,84A,2,703
at:49:880,at:49:60,N84,2,14
at:49:881,at:49:1784,72A,3,116
at:49:881,at:49:652,72A,1,112
at:49:883,at:49:41,12A,1,738
at:49:883,at:49:41,N60,1,20
at:49:884,at:49:1204,92A,1,1044
at:49:884,at:49:1204,92B,1,386
at:49:884,at:49:1204,N90,1,14
at:49:885,at:49:399,71,1,5970
at:49:885,at:49:399,N71,1,87
at:49:885,at:49:805,71,1,6001
at:49:885,at:49:805,D,2,2
at:49:885,at:49:805,N71,1,87
at:49:886,at:49:79,13A,1,3778
at:49:887,at:49:1562,49A,1,726
at:49:887,at:49:1562,50B,1,196
at:49:887,at:49:25,49A,1,728
at:49:888,at:49:1149,58A,1,258
at:49:888,at:49:1149,58B,1,258
at:49:888,at:49:1332,58A,1,366
at:49:888,at:49:1332,58B,1,364
at:49:888,at:49:1550,56A,2,336
at:49:888,at:49:1550,56B,2,322
at:49:888,at:49:1550,58A,2,362
at:49:888,at:49:1550,58B,2,362
at:49:888,at:49:303,56A,1,350
at:49:888,at:49:303,56B,1,323
at:49:888,at:49:303,8A,1,545
at:49:888,at:49:690,8A,1,542
at:49:888,at:49:953,58A,1,260
at:49:888,at:49:953,58B,1,258
at:49:889,at:49:187,51A,1,1008
at:49:889,at:49:187,51B,1,320
at:49:889,at:49:780,51A,2,1008
at:49:889,at:49:780,51B,2,323
at:49:89,at:49:1247,92A,1,644
at:49:89,at:49:1247,N91,1,18
at:49:89,at:49:1631,93A,1,530
at:49:89,at:49:1631,97A,2,1043
at:49:89,at:49:1631,98A,1,796
at:49:89,at:49:1631,N20,1,81
at:49:89,at:49:1788,92A,1,642
at:49:89,at:49:1788,N91,1,16
at:49:890,at:49:1021,44A,1,410
at:49:891,at:49:1351,11A,1,2037
at:49:891,at:49:1351,5B,1,1337
at:49:893,at:49:1861,29B,2,853
at:49:893,at:49:1861,N25,2,16
at:49:893,at:49:1970,29B,1,837
at:49:894,at:49:482,52A,1,188
at:49:895,at:49:865,62,1,113
at:49:896,at:49:403,95A,1,1493
at:49:896,at:49:403,95B,1,121
at:49:896,at:49:403,N23,1,28
at:49:896,at:49:403,N24,1,32
at:49:896,at:49:531,95A,1,1479
at:49:896,at:49:531,95B,1,123
at:49:896,at:49:531,N23,1,28
at:49:897,at:49:1351,5B,1,1321
at:49:897,at:49:383,11A,1,2049
at:49:898,at:49:1171,60A,2,409
at:49:898,at:49:1171,64A,2,280
at:49:898,at:49:1171,66A,1,1383
at:49:898,at:49:1171,N66,1,63
at:49:898,at:49:1499,60A,2,409
at:49:898,at:49:1499,64A,2,279
at:49:898,at:49:1499,66A,2,1383
at:49:898,at:49:1499,N66,1,72
at:49:899,at:49:1040,2,2,66
at:49:899,at:49:1040,5,3,1965
at:49:899,at:49:1040,O,2,1927
at:49:9,at:49:1378,24A,2,870
at:49:9,at:49:1378,89A,2,4
at:49:9,at:49:1378,N24,2,16
at:49:9,at:49:1752,24A,1,882
at:49:9,at:49:1752,89A,1,3
at:49:9,at:49:1752,N24,1,14
at:49:90,at:49:403,N23,1,28
at:49:900,at:49:98,88B,1,351
at:49:901,at:49:1024,N91,1,18
at:49:902,at:49:469,73A,1,618
at:49:902,at:49:469,73B,1,844
at:49:902,at:49:639,71E,1,22
at:49:902,at:49:639,73A,1,604
at:49:902,at:49:639,73B,1,844
at:49:902,at:49:639,N71,1,86
at:49:903,at:49:171,93A,1,530
at:49:903,at:49:171,N91,1,18
at:49:903,at:49:430,93A,1,496
at:49:903,at:49:430,N91,1,16
at:49:903,at:49:847,95A,1,1482
at:49:904,at:49:347,92A,1,644
at:49:904,at:49:347,93A,1,520
at:49:904,at:49:347,N91,1,18
at:49:904,at:49:642,92A,1,642
at:49:904,at:49:642,93A,1,496
at:49:904,at:49:642,N91,1,16
at:49:905,at:49:1016,71,2,37
at:49:905,at:49:1016,D,1,4219
at:49:905,at:49:1346,D,3,4211
at:49:906,at:49:1114,56A,1,4
at:49:906,at:49:1114,58B,1,620
at:49:906,at:49:240,56A,1,4
at:49:906,at:49:240,58B,1,622
at:49:907,at:49:18,76B,4,426
at:49:907,at:49:466,73B,1,844
at:49:907,at:49:639,76B,2,420
at:49:907,at:49:639,79A,1,330
at:49:907,at:49:639,79B,1,127
at:49:908,at:49:750,15A,1,1204
at:49:908,at:49:858,15A,1,1206
at:49:909,at:49:1035,10,2,1385
at:49:909,at:49:1084,10,2,1385
at:49:910,at:49:1930,84A,2,714
at:49:910,at:49:1930,N84,1,14
at:49:910,at:49:1964,25,2,508
at:49:910,at:49:1964,27,2,1659
at:49:910,at:49:1964,95A,1,344
at:49:910,at:49:1966,89A,1,279
at:49:910,at:49:1966,99A,1,219
at:49:910,at:49:1966,99B,1,215
at:49:910,at:49:487,U2,2,3287
at:49:910,at:49:862,95A,1,1135
at:49:910,at:49:942,U2,2,3353
at:49:911,at:49:1158,10A,3,1692
at:49:911,at:49:606,10A,2,1716
at:49:912,at:49:430,93A,1,530
at:49:912,at:49:430,N91,1,18
at:49:912,at:49:559,93A,2,496
at:49:912,at:49:559,N91,1,16
at:49:913,at:49:1514,16A,1,760
at:49:913,at:49:930,16A,1,732
at:49:914,at:49:1058,6,3,2168
at:49:914,at:49:1058,N6,2,54
at:49:914,at:49:1598,1,2,157
at:49:914,at:49:1598,18,1,11
at:49:914,at:49:1598,6,2,2189
at:49:914,at:49:1598,N6,1,27
at:49:914,at:49:2500,1,1,222
at:49:914,at:49:2500,18,1,21
at:49:914,at:49:2500,6,1,21
at:49:914,at:49:307,N6,1,27
at:49:916,at:49:1040,N25,2,16
at:49:916,at:49:1040,U1,1,4958
at:49:916,at:49:1198,N25,1,18
at:49:916,at:49:1198,U1,1,4944
at:49:916,at:49:1745,5A,1,392
at:49:917,at:49:221,92A,1,1040
at:49:917,at:49:221,92B,1,376
at:49:917,at:49:221,N90,1,16
at:49:917,at:49:475,92A,1,1044
at:49:917,at:49:475,92B,1,386
at:49:917,at:49:475,N90,1,14
at:49:918,at:49:585,BB,2,2369
at:49:919,at:49:282,79A,1,440
at:49:919,at:49:282,79B,1,162
at:49:92,at:49:174,60A,2,409
at:49:92,at:49:204,60A,2,409
at:49:920,at:49:1088,13A,1,2817
at:49:920,at:49:1088,N71,1,50
at:49:920,at:49:1152,13A,2,235
at:49:920,at:49:1152,48A,2,2232
at:49:920,at:49:1152,N46,2,44
at:49:920,at:49:664,13A,2,2843
at:49:920,at:49:664,48A,1,20
at:49:920,at:49:664,N71,2,48
at:49:921,at:49:1532,48A,1,2246
at:49:921,at:49:1532,N46,1,37
at:49:923,at:49:1730,64A,1,279
at:49:923,at:49:1730,N64,1,16
at:49:923,at:49:867,64A,1,280
at:49:923,at:49:867,N64,2,16
at:49:924,at:49:1378,24A,1,882
at:49:924,at:49:1378,89A,1,3
at:49:924,at:49:1378,N24,1,14
at:49:924,at:49:1380,89A,1,283
at:49:924,at:49:22,89A,1,283
at:49:925,at:49:168,38A,1,2033
at:49:925,at:49:80,38A,1,2033
at:49:927,at:49:1234,94A,1,542
at:49:927,at:49:630,94A,1,548
at:49:928,at:49:33,15A,2,1246
at:49:928,at:49:331,15A,1,1250
at:49:929,at:49:1091,1,2,104
at:49:929,at:49:1091,O,2,1927
at:49:929,at:49:1218,1,1,153
at:49:929,at:49:1218,O,1,1927
at:49:929,at:49:1548,4A,1,1107
at:49:929,at:49:44,4A,1,1106
at:49:93,at:49:570,58A,2,620
at:49:93,at:49:570,58B,2,622
at:49:93,at:49:694,66A,1,1359
at:49:93,at:49:694,N66,2,72
at:49:93,at:49:94,60A,2,1
at:49:93,at:49:94,66A,2,1383
at:49:93,at:49:94,N66,2,63
at:49:930,at:49:1195,65A,2,16
at:49:930,at:49:444,16A,1,732
at:49:930,at:49:444,65A,1,16
at:49:930,at:49:913,16A,1,760
at:49:931,at:49:10,35A,1,1320
at:49:931,at:49:10,43B,1,55
at:49:931,at:49:10,N35,1,32
at:49:931,at:49:206,35A,1,1346
at:49:931,at:49:206,43B,1,55
at:49:931,at:49:206,N35,1,32
at:49:932,at:49:1057,41A,1,487
at:49:932,at:49:933,41A,1,492
at:49:933,at:49:932,41A,1,487
at:49:933,at:49:934,41A,1,492
at:49:934,at:49:933,41A,1,487
at:49:935,at:49:1806,43A,1,607
at:49:935,at:49:525,43,2,2094
at:49:935,at:49:525,43A,2,721
at:49:935,at:49:525,N43,1,94
at:49:936,at:49:392,43A,1,607
at:49:936,at:49:85,43A,1,607
at:49:937,at:49:1015,U6,2,13380
at:49:937,at:49:470,63A,2,1074
at:49:937,at:49:820,U6,2,13373
at:49:937,at:49:863,10A,2,1716
at:49:937,at:49:863,63A,2,1066
at:49:938,at:49:1786,25,1,508
at:49:938,at:49:1786,26,2,1634
at:49:938,at:49:1786,27,2,1659
at:49:938,at:49:716,25,1,508
at:49:938,at:49:716,26,1,1634
at:49:938,at:49:716,27,1,1659
at:49:939,at:49:1455,99A,1,215
at:49:939,at:49:1534,99B,1,219
at:49:939,at:49:255,99A,1,219
at:49:939,at:49:255,99B,1,215
at:49:94,at:49:1000,56A,1,537
at:49:94,at:49:1128,58B,2,610
at:49:94,at:49:1128,60A,1,410
at:49:94,at:49:1128,66A,1,1383
at:49:94,at:49:1128,N66,1,63
at:49:94,at:49:1629,60A,2,403
at:49:94,at:49:93,58A,1,620
at:49:94,at:49:93,58B,1,622
at:49:94,at:49:93,66A,1,1359
at:49:94,at:49:93,N66,1,72
at:49:940,at:49:695,52A,1,188
at:49:941,at:49:1918,5,1,12
at:49:941,at:49:1918,O,1,1930
at:49:941,at:49:51,5,2,1977
at:49:941,at:49:51,O,1,1
at:49:941,at:49:899,5,1,1965
at:49:941,at:49:899,O,2,1927
at:49:942,at:49:1046,88A,1,106
at:49:942,at:49:1046,88B,1,343
at:49:942,at:49:1587,84A,1,714
at:49:942,at:49:1587,N84,1,14
at:49:942,at:49:1929,84A,2,711
at:49:942,at:49:1929,N84,1,14
at:49:942,at:49:910,U2,2,3287
at:49:943,at:49:50,26,3,827
at:49:943,at:49:50,27,3,2430
at:49:943,at:49:50,N20,1,88
at:49:943,at:49:699,26,2,783
at:49:943,at:49:699,27,1,2401
at:49:943,at:49:699,N20,1,90
at:49:944,at:49:1077,5,2,1977
at:49:944,at:49:1077,O,2,1
at:49:944,at:49:51,5,1,1977
at:49:944,at:49:51,O,1,4
at:49:947,at:43:5133,61B,2,82
at:49:947,at:49:1235,61B,2,81
at:49:948,at:49:116,D,2,4359
at:49:948,at:49:1231,D,1,4373
at:49:948,at:49:1231,N36,1,30
at:49:948,at:49:491,38B,12,2
at:49:949,at:49:1481,U1,2,2592
at:49:949,at:49:177,68B,2,437
at:49:949,at:49:177,N68,2,22
at:49:949,at:49:1934,17A,1,374
at:49:949,at:49:1934,70A,1,218
at:49:949,at:49:776,70A,1,219
at:49:949,at:49:970,17A,3,375
at:49:95,at:49:1107,N60,1,32
at:49:950,at:49:1062,35A,2,1300
at:49:950,at:49:1062,37A,2,864
at:49:950,at:49:1062,U6,2,12740
at:49:950,at:49:1462,35A,1,1289
at:49:950,at:49:1462,37A,1,154
at:49:950,at:49:1462,N35,1,34
at:49:950,at:49:1510,N8,2,20
at:49:950,at:49:1510,U6,2,12425
at:49:950,at:49:1570,1,1,252
at:49:950,at:49:1570,37,2,369
at:49:950,at:49:1570,38,2,417
at:49:950,at:49:1570,D,2,292
at:49:950,at:49:202,37,1,493
at:49:950,at:49:202,38,1,1208
at:49:950,at:49:405,37,2,862
at:49:950,at:49:405,38,2,1624
at:49:950,at:49:405,N38,1,46
at:49:950,at:49:786,1,1,242
at:49:950,at:49:786,38,2,1
at:49:950,at:49:786,D,2,284
at:49:950,at:49:786,N35,1,16
at:49:950,at:49:786,N36,1,27
at:49:950,at:49:786,N8,2,18
at:49:951,at:49:1942,27B,3,226
at:49:951,at:49:627,27A,3,463
at:49:951,at:49:627,27B,2,226
at:49:952,at:49:1150,56A,1,549
at:49:952,at:49:242,56A,1,573
at:49:953,at:49:1332,58A,3,260
at:49:953,at:49:1332,58B,3,258
at:49:953,at:49:1909,56A,2,350
at:49:953,at:49:1909,56B,2,323
at:49:953,at:49:888,56A,1,336
at:49:953,at:49:888,56B,1,322
at:49:953,at:49:888,58A,1,258
at:49:953,at:49:888,58B,1,258
at:49:953,at:49:888,8A,1,542
at:49:954,at:49:1543,92B,1,472
at:49:954,at:49:316,92B,1,472
at:49:955,at:49:572,27A,2,239
at:49:955,at:49:572,N25,1,18
at:49:956,at:49:1044,53A,2,714
at:49:956,at:49:1044,54A,2,147
at:49:956,at:49:1044,54B,2,146
at:49:956,at:49:1404,U4,2,5207
at:49:956,at:49:1729,47A,1,586
at:49:956,at:49:1729,N54,1,48
at:49:956,at:49:560,U4,2,5180
at:49:957,at:49:1259,76A,1,396
at:49:957,at:49:1259,76B,1,426
at:49:957,at:49:131,76A,1,386
at:49:957,at:49:131,76B,1,420
at:49:958,at:49:1247,26A,1,2393
at:49:958,at:49:1247,N84,1,14
at:49:958,at:49:1631,93A,1,496
at:49:958,at:49:1631,98A,1,780
at:49:958,at:49:1646,97A,1,12
at:49:958,at:49:299,26A,2,2393
at:49:958,at:49:299,93A,2,530
at:49:958,at:49:299,97A,1,1031
at:49:958,at:49:299,98A,2,796
at:49:958,at:49:317,N84,1,14
at:49:958,at:49:89,97A,2,12
at:49:959,at:49:1252,38,1,1624
at:49:959,at:49:1252,N38,1,46
at:49:959,at:49:1253,38,1,1624
at:49:959,at:49:1253,39A,2,663
at:49:959,at:49:1253,N38,1,48
at:49:959,at:49:362,39A,1,663
at:49:96,at:49:1114,56A,1,4
at:49:96,at:49:1114,58B,1,622
at:49:96,at:49:1114,62,1,1860
at:49:96,at:49:1114,N62,1,23
at:49:96,at:49:1284,58A,1,626
at:49:96,at:49:1332,58A,2,362
at:49:96,at:49:1332,58B,2,362
at:49:96,at:49:1453,62,1,1860
at:49:96,at:49:1453,N62,1,24
at:49:96,at:49:1909,58A,2,258
at:49:96,at:49:1909,58B,2,258
at:49:960,at:49:212,16A,2,760
at:49:960,at:49:212,N65,2,96
at:49:961,at:49:1182,N31,3,27
at:49:961,at:49:1431,2A,1,136
at:49:961,at:49:1431,5A,1,392
at:49:961,at:49:1431,5B,1,1311
at:49:961,at:49:380,31,1,2571
at:49:961,at:49:380,5A,2,392
at:49:961,at:49:380,5B,2,1295
at:49:961,at:49:380,N31,2,27
at:49:961,at:49:962,2,2,33
at:49:961,at:49:962,31,2,2571
at:49:962,at:49:1182,2,2,33
at:49:962,at:49:1182,31,2,2571
at:49:962,at:49:961,31,2,2571
at:49:963,at:49:312,38A,1,1958
at:49:963,at:49:526,38A,1,1958
at:49:964,at:49:1739,24A,1,1168
at:49:964,at:49:1739,N24,1,42
at:49:964,at:49:83,24A,1,1166
at:49:964,at:49:83,N24,1,16
at:49:965,at:49:1048,25,1,508
at:49:965,at:49:1048,26,2,1634
at:49:965,at:49:1048,27,2,1659
at:49:965,at:49:966,25,1,508
at:49:965,at:49:966,26,1,1634
at:49:965,at:49:966,27,1,1659
at:49:966,at:49:1595,25,1,508
at:49:966,at:49:1595,26,1,1634
at:49:966,at:49:1595,27,1,1659
at:49:966,at:49:965,25,1,508
at:49:966,at:49:965,26,1,1634
at:49:966,at:49:965,27,1,1659
at:49:967,at:49:1551,95A,1,1423
at:49:967,at:49:650,95A,1,1482
at:49:968,at:49:72,36A,2,220
at:49:968,at:49:72,36B,1,284
at:49:970,at:49:600,17A,1,374
at:49:970,at:49:600,70A,1,219
at:49:970,at:49:600,N17,1,23
at:49:970,at:49:776,17A,1,375
at:49:970,at:49:776,70A,1,218
at:49:970,at:49:776,N17,1,21
at:49:971,at:49:1239,17A,1,375
at:49:971,at:49:1239,66A,1,1395
at:49:971,at:49:1239,67A,2,231
at:49:971,at:49:1239,67B,2,190
at:49:971,at:49:1239,N66,1,69
at:49:971,at:49:1239,N67,1,27
at:49:971,at:49:1479,17A,2,372
at:49:971,at:49:1479,66A,2,1399
at:49:971,at:49:1479,N66,2,72
at:49:971,at:49:432,67A,1,230
at:49:971,at:49:432,67B,1,192
at:49:971,at:49:432,N67,1,25
at:49:972,at:49:376,35A,2,1320
at:49:972,at:49:376,N35,2,32
at:49:973,at:49:1043,46A,1,581
at:49:974,at:49:274,11A,1,1967
at:49:974,at:49:274,N81,1,27
at:49:974,at:49:733,11A,1,1994
at:49:974,at:49:733,N81,1,27
at:49:975,at:49:1094,1,2,4125
at:49:975,at:49:1094,62,3,1035
at:49:975,at:49:1094,BB,2,1449
at:49:975,at:49:1193,2,2,3876
at:49:975,at:49:1193,71,2,4254
at:49:975,at:49:1193,D,3,3246
at:49:975,at:49:1193,N71,3,87
at:49:975,at:49:1193,N75,3,18
at:49:975,at:49:1430,N49,4,24
at:49:975,at:49:190,1,1,4353
at:49:975,at:49:190,2,1,3861
at:49:975,at:49:190,71,1,4256
at:49:975,at:49:190,D,2,3245
at:49:975,at:49:190,N25,2,18
at:49:975,at:49:190,N38,2,16
at:49:975,at:49:190,N60,2,16
at:49:975,at:49:190,N66,2,27
at:49:975,at:49:193,59A,2,1602
at:49:975,at:49:193,N62,1,27
at:49:975,at:49:193,N66,2,27
at:49:975,at:49:193,N71,2,48
at:49:975,at:49:196,1,2,357
at:49:975,at:49:1983,3A,2,138
at:49:975,at:49:20,2A,2,581
at:49:975,at:49:246,N46,4,91
at:49:975,at:49:657,N60,1,18
at:49:975,at:49:835,N46,2,18
at:49:975,at:49:835,N49,2,8
at:49:976,at:49:217,42A,1,1027
at:49:976,at:49:718,42A,1,1022
at:49:977,at:49:124,44,1,719
at:49:977,at:49:602,44,2,719
at:49:978,at:49:1101,49A,1,728
at:49:98,at:49:1710,88B,1,351
at:49:980,at:49:454,29B,1,853
at:49:980,at:49:454,N25,1,16
at:49:980,at:49:6,29B,1,837
at:49:981,at:49:1080,44,1,737
at:49:981,at:49:1190,46,2,2717
at:49:981,at:49:1190,N46,2,116
at:49:981,at:49:1317,U3,1,6455
at:49:981,at:49:1489,48A,2,2400
at:49:981,at:49:445,48A,1,2447
at:49:981,at:49:840,45A,1,356
at:49:981,at:49:840,46,2,2717
at:49:981,at:49:840,46A,1,581
at:49:981,at:49:840,46B,1,534
at:49:981,at:49:840,N46,1,109
at:49:983,at:49:1055,46B,1,534
at:49:983,at:49:1318,46A,1,581
at:49:983,at:49:846,51A,1,1008
at:49:984,at:49:1141,27A,1,465
at:49:985,at:49:1043,44B,1,416
at:49:985,at:49:665,46B,1,534
at:49:985,at:49:973,46A,1,581
at:49:986,at:49:1371,11,1,4075
at:49:986,at:49:1560,16A,1,736
at:49:986,at:49:681,16A,1,760
at:49:986,at:49:681,N65,1,96
at:49:986,at:49:987,N65,1,98
at:49:987,at:49:1371,11,1,4069
at:49:987,at:49:365,11,2,4075
at:49:987,at:49:365,N65,1,98
at:49:987,at:49:986,N65,2,96
at:49:988,at:49:27,43,2,3076
at:49:988,at:49:27,N43,1,84
at:49:988,at:49:276,2,2,7
at:49:988,at:49:276,43,2,3076
at:49:988,at:49:276,N43,1,86
at:49:989,at:49:886,13A,1,3778
at:49:99,at:49:34,1,1,242
at:49:99,at:49:34,12,2,313
at:49:99,at:49:34,31,2,18
at:49:99,at:49:34,5,2,315
at:49:99,at:49:34,D,1,3674
at:49:99,at:49:786,1,1,252
at:49:99,at:49:786,D,2,4651
at:49:990,at:49:1610,92B,1,5
at:49:990,at:49:342,92B,2,472
at:49:990,at:49:809,92B,2,467
at:49:991,at:49:469,71E,1,22
at:49:991,at:49:469,73A,1,604
at:49:991,at:49:469,73B,1,844
at:49:991,at:49:469,N71,1,86
at:49:991,at:49:638,73A,1,1423
at:49:991,at:49:638,73B,1,844
at:49:992,at:49:1252,38,1,1624
at:49:992,at:49:1252,N38,1,48
at:49:992,at:49:61,38,1,1624
at:49:992,at:49:61,N38,1,46
at:49:993,at:49:1104,N75,1,16
at:49:993,at:49:75,N75,1,18
at:49:994,at:49:1072,2,3,2436
at:49:994,at:49:1184,1,3,150
at:49:994,at:49:1184,71,3,146
at:49:994,at:49:1184,D,2,184
at:49:994,at:49:192,1,1,3088
at:49:994,at:49:192,2,1,33
at:49:994,at:49:192,71,1,2921
at:49:994,at:49:192,D,1,1706
at:49:994,at:49:246,1,2,3293
at:49:994,at:49:246,2,2,35
at:49:994,at:49:246,71,1,3065
at:49:994,at:49:246,D,2,1888
at:49:995,at:49:1217,29A,1,946
at:49:995,at:49:1217,29B,1,832
at:49:995,at:49:1217,N30,1,32
at:49:995,at:49:334,29A,2,946
at:49:995,at:49:334,29B,1,832
at:49:995,at:49:334,N30,2,32
at:49:996,at:49:1094,1,2,4897
at:49:996,at:49:1094,62,2,1035
at:49:996,at:49:1094,BB,2,1449
at:49:996,at:49:1094,N62,1,23
at:49:996,at:49:859,1,1,4971
at:49:996,at:49:859,62,2,1035
at:49:996,at:49:859,BB,1,1449
at:49:996,at:49:859,N62,1,27
at:49:997,at:49:665,46A,1,581
at:49:997,at:49:698,46B,1,534
at:49:998,at:49:610,61B,1,82
at:49:998,at:49:789,61B,1,81
at:49:999,at:49:622,36A,1,220
at:49:999,at:49:622,36B,1,284
